# This file is brought to you by Roblox Corporation
# Generated by Roblox Studio

mtllib Hair3.mtl

g Handle1

v -14.8791 1.12703 -27.3004 
v -14.8754 1.08535 -27.3495 
v -14.8546 1.13251 -27.3241 
v -14.9468 0.912727 -27.6771 
v -14.9159 1.07592 -27.5252 
v -14.9754 1.02318 -27.4187 
v -14.9132 0.94824 -27.8929 
v -14.9306 0.845684 -28.0587 
v -14.8838 0.949346 -28.0543 
v -14.8838 0.949346 -28.0543 
v -14.9306 0.845684 -28.0587 
v -14.9134 0.95543 -28.2036 
v -14.9072 1.1113 -28.5566 
v -14.9479 0.912734 -28.3784 
v -14.965 0.975015 -28.558 
v -15.2397 1.2995 -26.9576 
v -15.1962 1.22231 -27.0281 
v -15.1937 1.27811 -27.0076 
v -14.8612 1.20859 -27.294 
v -14.8791 1.12703 -27.3004 
v -14.8546 1.13251 -27.3241 
v -14.8858 1.22228 -27.2572 
v -14.8979 1.1888 -27.4821 
v -14.9754 1.02318 -27.4187 
v -14.9159 1.07592 -27.5252 
v -14.8979 1.1888 -27.4821 
v -14.9984 1.19711 -27.2861 
v -14.9754 1.02318 -27.4187 
v -14.8858 1.22228 -27.2572 
v -14.8612 1.20859 -27.294 
v -14.8533 1.30819 -27.2882 
v -15.0643 1.67903 -27.164 
v -15.0795 1.8004 -27.0865 
v -15.0886 1.67727 -27.1276 
v -15.1097 1.79636 -27.0521 
v -15.054 1.61016 -27.2221 
v -15.0886 1.67727 -27.1276 
v -14.965 0.975015 -28.558 
v -14.9823 1.08632 -28.7081 
v -14.9072 1.1113 -28.5566 
v -14.9823 1.08632 -28.7081 
v -14.8897 1.24177 -28.5817 
v -14.9945 1.24084 -28.7928 
v -14.8897 1.24177 -28.5817 
v -14.8757 1.38546 -28.5795 
v -15.0795 1.8004 -28.996 
v -15.0643 1.67903 -28.9185 
v -15.0886 1.67727 -28.9549 
v -15.1097 1.79636 -29.0304 
v -15.054 1.61016 -28.8604 
v -15.0886 1.67727 -28.9549 
v -14.8784 1.326 -27.2486 
v -14.8349 1.42248 -27.304 
v -14.8487 1.48686 -27.2752 
v -14.8533 1.30819 -27.2882 
v -14.8784 1.326 -27.2486 
v -14.8858 1.22228 -27.2572 
v -14.8274 1.19706 -28.058 
v -14.9132 0.94824 -27.8929 
v -14.8838 0.949346 -28.0543 
v -15.1962 1.22231 -27.0281 
v -15.1158 1.19666 -27.1501 
v -15.1304 1.28921 -27.1081 
v -15.1937 1.27811 -27.0076 
v -14.8186 1.28453 -28.0584 
v -14.9088 1.16727 -27.7361 
v -14.8274 1.19706 -28.058 
v -14.8737 1.30932 -27.7127 
v -14.8274 1.19706 -28.058 
v -14.9088 1.16727 -27.7361 
v -14.9132 0.94824 -27.8929 
v -14.92 1.15788 -28.3372 
v -14.8186 1.28453 -28.0584 
v -14.8274 1.19706 -28.058 
v -14.8788 1.32863 -28.3428 
v -14.859 1.4128 -28.3144 
v -14.8186 1.28453 -28.0584 
v -14.7993 1.36781 -28.0549 
v -14.8274 1.19706 -28.058 
v -14.8838 0.949346 -28.0543 
v -14.9134 0.95543 -28.2036 
v -14.92 1.15788 -28.3372 
v -15.1677 1.21443 -28.9922 
v -15.2069 1.27575 -29.0757 
v -15.1339 1.2751 -28.9515 
v -15.1339 1.2751 -28.9515 
v -15.1056 1.21152 -28.891 
v -15.1677 1.21443 -28.9922 
v -14.8757 1.38546 -28.5795 
v -14.8788 1.32863 -28.3428 
v -14.9019 1.26734 -28.3804 
v -14.8757 1.38546 -28.5795 
v -14.859 1.4128 -28.3144 
v -14.8618 1.54638 -28.5411 
v -14.8566 1.41325 -27.741 
v -14.7722 1.5479 -28.044 
v -14.8429 1.56601 -27.7791 
v -14.7993 1.36781 -28.0549 
v -14.8566 1.41325 -27.741 
v -14.8186 1.28453 -28.0584 
v -14.8737 1.30932 -27.7127 
v -14.8012 1.65761 -27.3806 
v -14.8131 1.80151 -27.3733 
v -14.8257 1.66785 -27.3324 
v -14.8365 1.8004 -27.3264 
v -14.8487 1.48686 -27.2752 
v -14.8257 1.66785 -27.3324 
v -14.8349 1.42248 -27.304 
v -15.2934 3.83692 -27.7635 
v -15.4055 3.94553 -27.7927 
v -15.3365 3.86654 -27.7134 
v -15.3566 3.92355 -27.8283 
v -15.4273 3.96779 -27.8892 
v -15.4055 3.94553 -27.7927 
v -15.4741 3.98478 -27.8625 
v -14.8979 1.1888 -27.4821 
v -14.912 1.12251 -27.6451 
v -14.891 1.25762 -27.6812 
v -14.9159 1.07592 -27.5252 
v -14.9468 0.912727 -27.6771 
v -14.912 1.12251 -27.6451 
v -14.8774 1.38599 -27.473 
v -14.8566 1.41325 -27.741 
v -14.8564 1.56945 -27.5206 
v -14.8737 1.30932 -27.7127 
v -14.8774 1.38599 -27.473 
v -14.891 1.25762 -27.6812 
v -14.8979 1.1888 -27.4821 
v -15.7166 4.06962 -27.739 
v -15.6926 4.08505 -27.8453 
v -15.745 4.0927 -27.8313 
v -15.6625 4.06163 -27.7548 
v -15.7166 4.06962 -28.3435 
v -15.6926 4.08505 -28.2372 
v -15.6625 4.06163 -28.3277 
v -15.745 4.0927 -28.2512 
v -14.912 1.12251 -27.6451 
v -14.8979 1.1888 -27.4821 
v -14.9159 1.07592 -27.5252 
v -15.2763 1.73773 -29.0074 
v -15.086 1.68457 -28.8531 
v -15.2083 1.55237 -28.9106 
v -15.132 1.82831 -28.9219 
v -14.8618 1.54638 -28.5411 
v -14.8405 1.56521 -28.2763 
v -14.859 1.4128 -28.3144 
v -15.745 4.0927 -28.2512 
v -15.7165 4.08264 -28.1576 
v -15.6926 4.08505 -28.2372 
v -15.7656 4.09562 -28.1681 
v -15.745 4.0927 -27.8313 
v -15.7165 4.08264 -27.9249 
v -15.7656 4.09562 -27.9144 
v -15.6926 4.08505 -27.8453 
v -15.2083 1.55237 -28.9106 
v -15.086 1.68457 -28.8531 
v -15.0711 1.56069 -28.8135 
v -15.359 3.93743 -28.0407 
v -15.2874 3.83064 -27.874 
v -15.2514 3.84216 -28.0446 
v -15.3812 3.9055 -27.9122 
v -15.0134 1.39089 -27.2506 
v -14.8774 1.38599 -27.473 
v -14.8564 1.56945 -27.5206 
v -14.9984 1.19711 -27.2861 
v -14.8774 1.38599 -27.473 
v -14.8979 1.1888 -27.4821 
v -15.3812 3.9055 -27.9122 
v -15.4009 3.86679 -27.7271 
v -15.2874 3.83064 -27.874 
v -15.4698 3.95381 -27.8042 
v -15.3833 3.90159 -28.1531 
v -15.4698 3.95381 -28.2472 
v -15.4827 3.95773 -28.1045 
v -15.5474 3.99403 -28.1414 
v -16.4837 1.04488 -28.7508 
v -16.4893 1.03767 -28.8298 
v -16.4702 1.02005 -28.8348 
v -16.5023 1.06103 -28.8864 
v -16.4702 1.02005 -28.8348 
v -16.4791 1.04161 -28.9055 
v -16.4837 1.04488 -27.3802 
v -16.4702 1.02005 -27.2963 
v -16.4893 1.03767 -27.3012 
v -16.4702 1.02005 -27.2963 
v -16.5023 1.06103 -27.2446 
v -16.4791 1.04161 -27.2255 
v -14.9072 1.1113 -28.5566 
v -14.9131 1.13859 -28.4166 
v -14.9479 0.912734 -28.3784 
v -15.6878 4.01747 -27.6489 
v -15.6533 3.94471 -27.5539 
v -15.5977 3.93795 -27.5842 
v -15.6321 4.00915 -27.6663 
v -15.6625 4.06163 -27.7548 
v -15.6878 4.01747 -27.6489 
v -15.7166 4.06962 -27.739 
v -15.0297 1.26724 -27.2691 
v -15.0682 1.45419 -27.2003 
v -15.0857 1.34678 -27.1571 
v -14.9842 1.43247 -27.3656 
v -15.1304 1.28921 -27.1081 
v -15.0297 1.26724 -27.2691 
v -15.1158 1.19666 -27.1501 
v -14.8564 1.56945 -27.5206 
v -14.8566 1.41325 -27.741 
v -14.8429 1.56601 -27.7791 
v -15.6878 4.01747 -28.4336 
v -15.5977 3.93795 -28.4983 
v -15.6533 3.94471 -28.5286 
v -15.6321 4.00915 -28.4162 
v -15.6878 4.01747 -28.4336 
v -15.6625 4.06163 -28.3277 
v -15.7166 4.06962 -28.3435 
v -15.5643 3.98058 -27.9958 
v -15.5474 3.99403 -27.8965 
v -15.4934 3.95569 -27.9606 
v -15.595 3.99956 -27.9705 
v -15.4698 3.95381 -27.8042 
v -15.5474 3.99403 -27.8965 
v -15.3812 3.9055 -27.9122 
v -15.7355 3.99414 -27.726 
v -15.6047 3.92951 -27.7087 
v -15.6258 3.97959 -27.8424 
v -15.7497 4.02129 -27.8213 
v -15.6258 3.97959 -27.8424 
v -15.7595 4.03118 -27.9173 
v -15.6319 3.99292 -27.924 
v -14.9131 1.13859 -28.4166 
v -14.9072 1.1113 -28.5566 
v -14.8897 1.24177 -28.5817 
v -15.4273 3.96779 -27.8892 
v -15.5029 3.99056 -27.9543 
v -15.4741 3.98478 -27.8625 
v -15.5473 4.00222 -27.9369 
v -15.6254 3.99698 -28.038 
v -15.5029 3.99056 -27.9543 
v -14.8131 1.80151 -27.3733 
v -14.8503 1.94756 -27.3357 
v -14.8365 1.8004 -27.3264 
v -14.8739 1.94552 -27.2925 
v -15.2384 3.71626 -27.6864 
v -15.3365 3.86654 -27.7134 
v -15.2728 3.74748 -27.6271 
v -15.2934 3.83692 -27.7635 
v -15.7539 4.02091 -28.1999 
v -15.7599 4.02661 -28.0973 
v -15.631 3.98608 -28.0911 
v -15.6258 3.97959 -28.1958 
v -15.741 4.00032 -28.3146 
v -15.7539 4.02091 -28.1999 
v -15.6258 3.97959 -28.1958 
v -15.6047 3.92951 -28.346 
v -16.4791 1.04161 -28.9055 
v -16.513 1.10996 -28.9421 
v -16.4932 1.09499 -28.969 
v -16.5023 1.06103 -28.8864 
v -15.4827 3.95773 -28.1045 
v -15.5474 3.99403 -28.1414 
v -15.559 3.98162 -28.0695 
v -15.595 3.99956 -28.084 
v -15.3833 3.90159 -28.1531 
v -15.359 3.93743 -28.0407 
v -15.2514 3.84216 -28.0446 
v -15.2972 3.81465 -28.1973 
v -16.4791 1.04161 -27.2255 
v -16.513 1.10996 -27.1889 
v -16.5023 1.06103 -27.2446 
v -16.4932 1.09499 -27.162 
v -16.0164 4.08302 -27.8396 
v -15.9685 4.08725 -27.9195 
v -16.0145 4.0863 -27.9182 
v -15.9703 4.08645 -27.8339 
v -15.0701 1.55917 -27.2072 
v -15.2359 1.61031 -27.1065 
v -15.2061 1.52823 -27.1341 
v -15.094 1.68339 -27.1793 
v -14.8757 1.38546 -28.5795 
v -14.9019 1.26734 -28.3804 
v -14.8897 1.24177 -28.5817 
v -14.9131 1.13859 -28.4166 
v -15.0173 1.6764 -27.2943 
v -15.0701 1.55917 -27.2072 
v -14.9847 1.59003 -27.3445 
v -15.094 1.68339 -27.1793 
v -15.0701 1.55917 -27.2072 
v -14.9842 1.43247 -27.3656 
v -15.0682 1.45419 -27.2003 
v -15.4639 3.98226 -28.0375 
v -15.3812 3.9055 -27.9122 
v -15.359 3.93743 -28.0407 
v -15.4934 3.95569 -27.9606 
v -15.7355 3.99414 -27.726 
v -15.7174 3.9321 -27.6127 
v -15.6047 3.92951 -27.7087 
v -15.5758 3.84448 -27.5934 
v -15.7595 4.03118 -27.9173 
v -15.6363 3.98203 -28.0437 
v -15.769 4.00789 -28.0415 
v -15.6319 3.99292 -27.924 
v -15.7218 3.9321 -28.4501 
v -15.741 4.00032 -28.3146 
v -15.6047 3.92951 -28.346 
v -15.5758 3.84448 -28.4651 
v -16.0164 4.08302 -27.8396 
v -16.0176 4.06239 -27.7644 
v -15.9703 4.08645 -27.8339 
v -15.9719 4.06687 -27.7614 
v -15.9736 4.04207 -27.7108 
v -16.0195 4.02733 -27.6953 
v -16.0491 4.02379 -27.8135 
v -15.9484 4.03587 -27.8858 
v -16.041 4.04144 -27.9181 
v -15.9424 4.03003 -27.8098 
v -15.4639 3.98226 -28.0375 
v -15.3833 3.90159 -28.1531 
v -15.4827 3.95773 -28.1045 
v -15.359 3.93743 -28.0407 
v -15.1336 1.82701 -27.1336 
v -15.3429 1.90279 -27.0231 
v -15.2782 1.73787 -27.0481 
v -15.1891 1.9925 -27.1066 
v -15.2782 1.73787 -27.0481 
v -15.094 1.68339 -27.1793 
v -15.2359 1.61031 -27.1065 
v -15.6205 2.16516 -26.9321 
v -15.6243 2.12736 -26.951 
v -15.6059 2.05531 -26.9995 
v -14.8564 1.56945 -27.5206 
v -15.0173 1.6764 -27.2943 
v -15.0102 1.60934 -27.2944 
v -14.863 1.73111 -27.5146 
v -15.769 4.00789 -28.0415 
v -15.6363 3.98203 -28.0437 
v -15.7599 4.02661 -28.0973 
v -15.631 3.98608 -28.0911 
v -14.8405 1.56521 -28.2763 
v -14.7929 1.74042 -28.0492 
v -14.7722 1.5479 -28.044 
v -14.8548 1.7714 -28.29 
v -14.7993 1.36781 -28.0549 
v -14.8405 1.56521 -28.2763 
v -14.859 1.4128 -28.3144 
v -15.2972 3.81465 -28.1973 
v -15.4009 3.86679 -28.3284 
v -15.3833 3.90159 -28.1531 
v -15.4698 3.95381 -28.2472 
v -15.2376 3.66518 -28.2338 
v -15.4009 3.86679 -28.3284 
v -15.3347 3.71441 -28.4075 
v -15.9484 4.03587 -27.8858 
v -15.9424 4.03003 -27.8098 
v -15.8934 4.01471 -27.8826 
v -15.8858 4.00223 -27.8066 
v -15.9424 4.03003 -27.8098 
v -15.8716 3.97281 -27.7294 
v -15.9344 3.98923 -27.6977 
v -14.863 1.73111 -27.5146 
v -15.0359 1.81785 -27.2718 
v -15.0173 1.6764 -27.2943 
v -14.8967 1.88397 -27.4845 
v -14.8757 1.38546 -28.5795 
v -14.9945 1.24084 -28.7928 
v -14.9996 1.5275 -28.7823 
v -14.8618 1.54638 -28.5411 
v -15.16 3.68024 -28.0467 
v -15.2874 3.83064 -27.874 
v -15.2093 3.66472 -27.839 
v -15.2514 3.84216 -28.0446 
v -15.9484 4.03587 -27.8858 
v -15.955 4.02494 -27.9694 
v -16.041 4.04144 -27.9181 
v -15.6533 3.94471 -27.5539 
v -15.6085 3.83021 -27.4501 
v -15.5493 3.8181 -27.4895 
v -15.5977 3.93795 -27.5842 
v -15.5485 3.64609 -27.3528 
v -15.5493 3.8181 -27.4895 
v -15.4934 3.63663 -27.3985 
v -15.4698 3.95381 -27.8042 
v -15.6258 3.97959 -27.8424 
v -15.6047 3.92951 -27.7087 
v -15.5474 3.99403 -27.8965 
v -15.6085 3.83021 -28.6324 
v -15.6533 3.94471 -28.5286 
v -15.5493 3.8181 -28.593 
v -15.5977 3.93795 -28.4983 
v -15.5493 3.8181 -28.593 
v -15.5485 3.64609 -28.7297 
v -15.4934 3.63663 -28.684 
v -15.9484 4.03587 -27.8858 
v -15.8998 4.00737 -27.9592 
v -15.955 4.02494 -27.9694 
v -15.8934 4.01471 -27.8826 
v -14.8705 1.72765 -28.5409 
v -15.0311 1.82127 -28.7837 
v -14.9037 1.87946 -28.571 
v -15.008 1.67989 -28.7612 
v -14.8705 1.72765 -28.5409 
v -15.0028 1.6124 -28.7611 
v -14.8618 1.54638 -28.5411 
v -15.0939 1.33233 -28.8637 
v -15.1056 1.21152 -28.891 
v -15.1339 1.2751 -28.9515 
v -15.0528 1.26263 -28.8084 
v -15.132 1.82831 -28.9219 
v -15.0911 2.01575 -28.8052 
v -15.0311 1.82127 -28.7837 
v -15.1935 1.99141 -28.9489 
v -15.086 1.68457 -28.8531 
v -15.132 1.82831 -28.9219 
v -15.008 1.67989 -28.7612 
v -15.008 1.67989 -28.7612 
v -15.0711 1.56069 -28.8135 
v -14.9904 1.59158 -28.7087 
v -14.9902 1.43487 -28.6899 
v -15.0711 1.56069 -28.8135 
v -15.0671 1.43065 -28.8205 
v -14.9902 1.43487 -28.6899 
v -15.0528 1.26263 -28.8084 
v -15.0671 1.43065 -28.8205 
v -15.0939 1.33233 -28.8637 
v -15.4698 3.95381 -28.2472 
v -15.6047 3.92951 -28.346 
v -15.6258 3.97959 -28.1958 
v -15.5474 3.99403 -28.1414 
v -15.7497 4.02129 -27.8213 
v -15.8934 4.01471 -27.8826 
v -15.8858 4.00223 -27.8066 
v -15.7595 4.03118 -27.9173 
v -15.6363 3.98203 -28.0437 
v -15.595 3.99956 -27.9705 
v -15.5643 3.98058 -27.9958 
v -15.5643 3.98058 -27.9958 
v -15.4934 3.95569 -27.9606 
v -15.541 3.99351 -28.0363 
v -15.4639 3.98226 -28.0375 
v -15.4934 3.95569 -27.9606 
v -16.0145 4.0863 -27.9182 
v -15.98 4.06891 -27.9758 
v -16.0175 4.0697 -27.9716 
v -15.9685 4.08725 -27.9195 
v -16.0346 3.97975 -27.7219 
v -15.9424 4.03003 -27.8098 
v -16.0491 4.02379 -27.8135 
v -15.9344 3.98923 -27.6977 
v -15.4009 3.86679 -27.7271 
v -15.6047 3.92951 -27.7087 
v -15.5758 3.84448 -27.5934 
v -15.4698 3.95381 -27.8042 
v -15.5264 3.70384 -27.5026 
v -15.4009 3.86679 -27.7271 
v -15.3347 3.71441 -27.648 
v -16.041 4.04144 -28.2129 
v -16.0491 4.02379 -28.3175 
v -16.1569 4.01544 -28.1917 
v -16.1334 3.99921 -28.1142 
v -15.5758 3.84448 -27.5934 
v -15.7174 3.9321 -27.6127 
v -15.685 3.80557 -27.4874 
v -15.5264 3.70384 -27.5026 
v -15.955 4.02494 -27.9694 
v -15.9573 4.00346 -28.0449 
v -16.0258 4.01681 -28.0128 
v -16.041 4.04144 -27.9181 
v -15.4827 3.95773 -28.1045 
v -15.541 3.99351 -28.0363 
v -15.4639 3.98226 -28.0375 
v -15.0102 1.60934 -27.2944 
v -15.0134 1.39089 -27.2506 
v -14.8564 1.56945 -27.5206 
v -15.6258 3.97959 -27.8424 
v -15.5474 3.99403 -27.8965 
v -15.6319 3.99292 -27.924 
v -15.595 3.99956 -27.9705 
v -16.0491 4.02379 -28.3175 
v -16.0346 3.97975 -28.4109 
v -16.1778 3.99605 -28.2954 
v -16.1569 4.01544 -28.1917 
v -16.041 4.04144 -27.9181 
v -16.1564 4.0141 -27.9393 
v -16.0491 4.02379 -27.8135 
v -16.1331 3.99463 -28.0154 
v -15.9736 4.04207 -27.7108 
v -16.0195 4.02733 -27.6953 
v -15.9789 3.99993 -27.6556 
v -15.2376 3.66518 -28.2338 
v -15.2972 3.81465 -28.1973 
v -15.16 3.68024 -28.0467 
v -15.2514 3.84216 -28.0446 
v -15.8716 3.97281 -27.7294 
v -15.7497 4.02129 -27.8213 
v -15.8858 4.00223 -27.8066 
v -15.7355 3.99414 -27.726 
v -15.0359 1.81785 -27.2718 
v -15.088 2.01256 -27.2503 
v -15.1336 1.82701 -27.1336 
v -15.1891 1.9925 -27.1066 
v -15.094 1.68339 -27.1793 
v -15.1336 1.82701 -27.1336 
v -15.0173 1.6764 -27.2943 
v -15.685 3.80587 -28.5819 
v -15.5758 3.84448 -28.4651 
v -15.5264 3.70384 -28.5543 
v -15.7218 3.9321 -28.4501 
v -16.0491 4.02379 -27.8135 
v -16.1771 3.99605 -27.8356 
v -16.0346 3.97975 -27.7219 
v -16.1564 4.0141 -27.9393 
v -16.041 4.04144 -28.2129 
v -15.9501 4.05262 -28.3059 
v -16.0491 4.02379 -28.3175 
v -15.9543 4.07332 -28.2065 
v -14.7722 1.5479 -28.044 
v -14.7929 1.74042 -28.0492 
v -14.8429 1.56601 -27.7791 
v -14.8575 1.77325 -27.7654 
v -15.9573 4.00346 -28.0449 
v -15.955 4.02494 -27.9694 
v -15.9043 3.98254 -28.0511 
v -15.8998 4.00737 -27.9592 
v -15.1687 2.09744 -27.0226 
v -15.2181 2.23261 -27.0587 
v -15.2001 2.09222 -26.9866 
v -15.2572 2.21581 -27.0114 
v -15.2001 2.09222 -26.9866 
v -15.116 1.94552 -27.0338 
v -15.142 1.93834 -26.9995 
v -15.1097 1.79636 -27.0521 
v -15.116 1.94552 -27.0338 
v -15.0795 1.8004 -27.0865 
v -15.4009 3.86679 -28.3284 
v -15.5758 3.84448 -28.4651 
v -15.6047 3.92951 -28.346 
v -15.4698 3.95381 -28.2472 
v -15.4009 3.86679 -28.3284 
v -15.5264 3.70384 -28.5543 
v -15.3347 3.71441 -28.4075 
v -16.0346 3.97975 -28.4109 
v -16.0491 4.02379 -28.3175 
v -15.9461 4.00852 -28.398 
v -15.9501 4.05262 -28.3059 
v -15.541 3.99351 -28.0363 
v -15.4827 3.95773 -28.1045 
v -15.559 3.98162 -28.0695 
v -15.7837 4.02695 -28.0413 
v -15.7436 4.05947 -28.0933 
v -15.7783 4.07103 -28.0963 
v -15.7436 4.05947 -28.0933 
v -15.7656 4.09562 -28.1681 
v -15.7165 4.08264 -28.1576 
v -15.7595 4.03118 -27.9173 
v -15.8998 4.00737 -27.9592 
v -15.8934 4.01471 -27.8826 
v -15.2181 2.23261 -29.0238 
v -15.1689 2.09744 -29.0599 
v -15.2005 2.09222 -29.0959 
v -15.2574 2.21581 -29.0711 
v -15.1162 1.94552 -29.0487 
v -15.2005 2.09222 -29.0959 
v -15.1424 1.93834 -29.083 
v -15.1097 1.79636 -29.0304 
v -15.1162 1.94552 -29.0487 
v -15.0795 1.8004 -28.996 
v -15.2093 3.66472 -27.839 
v -15.4009 3.86679 -27.7271 
v -15.3347 3.71441 -27.648 
v -15.2874 3.83064 -27.874 
v -15.2768 3.51076 -27.5804 
v -15.2093 3.66472 -27.839 
v -15.157 3.43217 -27.8062 
v -15.7837 4.02695 -28.0413 
v -15.7783 4.07103 -27.9862 
v -15.7436 4.05947 -27.9892 
v -15.7656 4.09562 -27.9144 
v -15.7436 4.05947 -27.9892 
v -15.7165 4.08264 -27.9249 
v -15.2728 3.74748 -27.6271 
v -15.2183 3.58927 -27.5467 
v -15.1921 3.56587 -27.6121 
v -15.2384 3.71626 -27.6864 
v -15.1805 3.39322 -27.4975 
v -15.1921 3.56587 -27.6121 
v -15.1574 3.38159 -27.5647 
v -15.1805 3.39322 -27.4975 
v -15.1355 3.16668 -27.5425 
v -15.1561 3.12186 -27.4777 
v -14.8739 1.94552 -27.2925 
v -14.9004 2.0944 -27.3311 
v -14.9302 2.09744 -27.2838 
v -14.8503 1.94756 -27.3357 
v -15.8496 3.89499 -27.6184 
v -15.9344 3.98923 -27.6977 
v -15.9256 3.91835 -27.5974 
v -15.8716 3.97281 -27.7294 
v -15.9214 3.81211 -27.5077 
v -15.8496 3.89499 -27.6184 
v -15.8219 3.76576 -27.5064 
v -15.9043 3.98254 -28.0511 
v -15.8998 4.00737 -27.9592 
v -15.769 4.00789 -28.0415 
v -15.7595 4.03118 -27.9173 
v -15.132 1.82831 -28.9219 
v -15.2763 1.73773 -29.0074 
v -15.3463 1.90334 -29.0324 
v -15.1935 1.99141 -28.9489 
v -14.8967 1.88397 -27.4845 
v -15.088 2.01256 -27.2503 
v -15.0359 1.81785 -27.2718 
v -14.946 2.04415 -27.4738 
v -14.8705 1.72765 -28.5409 
v -14.8928 1.91659 -28.318 
v -14.8548 1.7714 -28.29 
v -14.9037 1.87946 -28.571 
v -14.8405 1.56521 -28.2763 
v -14.8705 1.72765 -28.5409 
v -14.8618 1.54638 -28.5411 
v -15.094 3.43784 -28.0505 
v -15.2093 3.66472 -27.839 
v -15.157 3.43217 -27.8062 
v -15.16 3.68024 -28.0467 
v -15.9878 3.94094 -27.5967 
v -16.0195 4.02733 -27.6953 
v -16.0432 3.90529 -27.5649 
v -15.9789 3.99993 -27.6556 
v -15.4427 3.41485 -27.3433 
v -15.4934 3.63663 -27.3985 
v -15.4952 3.41797 -27.2966 
v -15.5485 3.64609 -27.3528 
v -14.8932 1.91977 -27.7384 
v -14.863 1.73111 -27.5146 
v -14.8575 1.77325 -27.7654 
v -14.8967 1.88397 -27.4845 
v -14.863 1.73111 -27.5146 
v -14.8429 1.56601 -27.7791 
v -14.8564 1.56945 -27.5206 
v -15.0028 1.6124 -28.7611 
v -14.8618 1.54638 -28.5411 
v -14.9996 1.5275 -28.7823 
v -15.6258 3.97959 -28.1958 
v -15.631 3.98608 -28.0911 
v -15.5474 3.99403 -28.1414 
v -15.595 3.99956 -28.084 
v -15.6363 3.98203 -28.0437 
v -15.541 3.99351 -28.0363 
v -15.559 3.98162 -28.0695 
v -15.4952 3.41797 -28.7859 
v -15.5485 3.64609 -28.7297 
v -15.4934 3.63663 -28.684 
v -15.4427 3.41485 -28.7392 
v -15.6363 3.98203 -28.0437 
v -15.5643 3.98058 -27.9958 
v -15.541 3.99351 -28.0363 
v -15.8832 3.97281 -28.3271 
v -15.891 4.00653 -28.1973 
v -15.7539 4.02091 -28.1999 
v -15.741 4.00032 -28.3146 
v -15.7539 4.02091 -28.1999 
v -15.8942 4.00315 -28.1209 
v -15.7599 4.02661 -28.0973 
v -15.8704 3.89499 -28.46 
v -15.8832 3.97281 -28.3271 
v -15.7218 3.9321 -28.4501 
v -15.685 3.80587 -28.5819 
v -15.8704 3.89499 -28.46 
v -15.8459 3.76678 -28.5737 
v -15.9043 3.98254 -28.0511 
v -15.769 4.00789 -28.0415 
v -15.8942 4.00315 -28.1209 
v -15.7599 4.02661 -28.0973 
v -15.4666 3.50447 -27.436 
v -15.3347 3.71441 -27.648 
v -15.5264 3.70384 -27.5026 
v -15.2768 3.51076 -27.5804 
v -15.6363 3.98203 -28.0437 
v -15.559 3.98162 -28.0695 
v -15.595 3.99956 -28.084 
v -16.2264 3.96553 -27.9329 
v -16.314 3.91806 -27.9215 
v -16.23 3.95627 -27.8705 
v -14.9037 1.87946 -28.571 
v -15.0911 2.01575 -28.8052 
v -14.9531 2.04364 -28.5816 
v -15.0311 1.82127 -28.7837 
v -16.0258 4.02105 -28.1294 
v -16.041 4.04144 -28.2129 
v -16.1334 3.99921 -28.1142 
v -16.122 3.96134 -28.0565 
v -15.0992 2.54561 -27.5 
v -15.0064 2.27482 -27.3183 
v -14.9605 2.24502 -27.3653 
v -15.1283 2.56067 -27.4502 
v -15.1597 2.73979 -27.488 
v -15.0992 2.54561 -27.5 
v -15.1367 2.73454 -27.5388 
v -15.1328 2.94934 -27.5376 
v -15.1597 2.73979 -27.488 
v -15.1561 3.12186 -27.4777 
v -16.0346 3.97975 -28.4109 
v -16.0073 3.8938 -28.5175 
v -16.1763 3.93977 -28.3938 
v -16.1778 3.99605 -28.2954 
v -15.1355 3.16668 -27.5425 
v -15.1561 3.12186 -27.4777 
v -15.1328 2.94934 -27.5376 
v -15.9878 3.94094 -27.5967 
v -16.0432 3.90529 -27.5649 
v -16.0007 3.86526 -27.5337 
v -16.0346 3.97975 -28.4109 
v -15.9424 3.94369 -28.4882 
v -16.0073 3.8938 -28.5175 
v -15.9316 3.8549 -28.5761 
v -15.9461 4.00852 -28.398 
v -15.9424 3.94369 -28.4882 
v -15.1302 3.19333 -27.7742 
v -15.157 3.43217 -27.8062 
v -15.2371 3.27987 -27.5521 
v -15.2768 3.51076 -27.5804 
v -16.23 3.95627 -27.8705 
v -16.314 3.91806 -27.9215 
v -16.3271 3.89448 -27.8475 
v -16.2311 3.93027 -27.8122 
v -15.4666 3.50447 -28.6194 
v -15.3347 3.71441 -28.4075 
v -15.2768 3.51076 -28.4751 
v -15.5264 3.70384 -28.5543 
v -16.503 1.16777 -28.9977 
v -16.4932 1.09499 -28.969 
v -16.5218 1.17322 -28.9648 
v -16.513 1.10996 -28.9421 
v -15.094 3.43784 -28.0505 
v -15.2376 3.66518 -28.2338 
v -15.16 3.68024 -28.0467 
v -15.1891 3.47629 -28.2645 
v -15.094 3.43784 -28.0505 
v -15.1517 3.2658 -28.2864 
v -15.0703 3.18716 -28.0484 
v -16.0346 3.97975 -27.7219 
v -16.1755 3.93977 -27.7372 
v -16.0073 3.8938 -27.6228 
v -16.1771 3.99605 -27.8356 
v -15.6427 3.63211 -28.6649 
v -15.685 3.80587 -28.5819 
v -15.5264 3.70384 -28.5543 
v -15.4666 3.50447 -28.6194 
v -15.3347 3.71441 -28.4075 
v -15.1891 3.47629 -28.2645 
v -15.2768 3.51076 -28.4751 
v -15.2376 3.66518 -28.2338 
v -15.1891 3.47629 -28.2645 
v -15.2373 3.27893 -28.4936 
v -15.1517 3.2658 -28.2864 
v -15.1202 3.03131 -28.2966 
v -15.2373 3.27893 -28.4936 
v -15.2137 3.0169 -28.4986 
v -16.307 3.91459 -27.9861 
v -16.314 3.91806 -27.9215 
v -16.2264 3.96553 -27.9329 
v -16.2182 3.96292 -27.9811 
v -15.9543 4.07332 -28.2065 
v -15.9515 4.0542 -28.1031 
v -15.8942 4.00315 -28.1209 
v -15.891 4.00653 -28.1973 
v -15.9316 3.8549 -28.5761 
v -15.9424 3.94369 -28.4882 
v -15.8704 3.89499 -28.46 
v -15.8459 3.76678 -28.5737 
v -15.8704 3.89499 -28.46 
v -15.9461 4.00852 -28.398 
v -16.1569 4.01544 -28.1917 
v -16.2116 3.98555 -28.1762 
v -16.1334 3.99921 -28.1142 
v -16.1569 4.01544 -28.1917 
v -16.2286 3.96088 -28.2793 
v -16.1778 3.99605 -28.2954 
v -16.5218 1.17322 -27.1663 
v -16.4932 1.09499 -27.162 
v -16.503 1.16777 -27.1333 
v -16.513 1.10996 -27.1889 
v -15.9461 4.00852 -28.398 
v -15.8832 3.97281 -28.3271 
v -15.8704 3.89499 -28.46 
v -15.9501 4.05262 -28.3059 
v -16.0699 3.7582 -27.4552 
v -16.0007 3.86526 -27.5337 
v -16.0432 3.90529 -27.5649 
v -16.0156 3.77465 -27.4665 
v -15.4083 3.12286 -27.3164 
v -15.4427 3.41485 -27.3433 
v -15.461 3.16003 -27.275 
v -15.4952 3.41797 -27.2966 
v -16.2991 3.88157 -28.0608 
v -16.2126 3.92452 -28.056 
v -16.3059 3.90988 -28.1005 
v -16.2011 3.9659 -28.0986 
v -16.2116 3.98555 -28.1762 
v -16.3059 3.90988 -28.1005 
v -16.3184 3.92933 -28.1647 
v -16.2116 3.98555 -28.1762 
v -16.3283 3.91428 -28.2458 
v -16.2286 3.96088 -28.2793 
v -16.0258 4.02105 -28.1294 
v -15.9543 4.07332 -28.2065 
v -16.041 4.04144 -28.2129 
v -15.9515 4.0542 -28.1031 
v -16.122 3.96134 -28.0565 
v -16.0258 4.01681 -28.0128 
v -16.0182 3.98511 -28.058 
v -16.1331 3.99463 -28.0154 
v -16.0258 4.01681 -28.0128 
v -16.041 4.04144 -27.9181 
v -15.891 4.00653 -28.1973 
v -15.8832 3.97281 -28.3271 
v -15.9501 4.05262 -28.3059 
v -15.9543 4.07332 -28.2065 
v -15.0703 3.18716 -28.0484 
v -15.157 3.43217 -27.8062 
v -15.1302 3.19333 -27.7742 
v -15.094 3.43784 -28.0505 
v -15.1211 2.9493 -27.7841 
v -15.0703 3.18716 -28.0484 
v -15.065 2.78801 -28.0489 
v -15.6363 3.98203 -28.0437 
v -15.6319 3.99292 -27.924 
v -15.595 3.99956 -27.9705 
v -15.1792 1.4502 -28.9226 
v -15.2083 1.55237 -28.9106 
v -15.0711 1.56069 -28.8135 
v -15.0671 1.43065 -28.8205 
v -15.461 3.16003 -28.8075 
v -15.4952 3.41797 -28.7859 
v -15.4427 3.41485 -28.7392 
v -15.4083 3.12286 -28.7661 
v -15.1211 2.9493 -27.7841 
v -15.1302 3.19333 -27.7742 
v -15.2066 3.01997 -27.5652 
v -15.2371 3.27987 -27.5521 
v -16.0182 3.98511 -28.058 
v -16.0258 4.02105 -28.1294 
v -16.122 3.96134 -28.0565 
v -16.2311 3.93027 -27.8122 
v -16.3271 3.89448 -27.8475 
v -16.3358 3.85612 -27.7875 
v -16.2375 3.88773 -27.7502 
v -15.1152 2.80243 -28.2765 
v -15.1202 3.03131 -28.2966 
v -15.065 2.78801 -28.0489 
v -15.0703 3.18716 -28.0484 
v -15.1517 3.2658 -28.2864 
v -15.065 2.78801 -28.0489 
v -15.1182 2.7351 -27.7954 
v -15.1211 2.9493 -27.7841 
v -15.1818 2.76394 -27.5893 
v -15.2066 3.01997 -27.5652 
v -15.065 2.78801 -28.0489 
v -15.1211 2.9493 -27.7841 
v -15.1182 2.7351 -27.7954 
v -15.0264 2.52338 -28.0517 
v -15.0934 2.59567 -28.2735 
v -15.065 2.78801 -28.0489 
v -15.1152 2.80243 -28.2765 
v -15.0264 2.52338 -28.0517 
v -15.1182 2.7351 -27.7954 
v -15.098 2.56809 -27.7978 
v -15.065 2.78801 -28.0489 
v -16.3153 4.1769 -27.9663 
v -16.2655 4.19754 -27.911 
v -16.2933 4.20707 -27.9746 
v -16.2905 4.16969 -27.9067 
v -16.2631 4.14923 -27.8419 
v -16.2655 4.19754 -27.911 
v -16.2364 4.17397 -27.8424 
v -14.9302 2.09744 -27.2838 
v -14.9605 2.24502 -27.3653 
v -15.0064 2.27482 -27.3183 
v -14.9004 2.0944 -27.3311 
v -15.098 2.56809 -27.7978 
v -15.1182 2.7351 -27.7954 
v -15.1386 2.59243 -27.5808 
v -15.1818 2.76394 -27.5893 
v -16.1564 4.0141 -27.9393 
v -16.2182 3.96292 -27.9811 
v -16.2264 3.96553 -27.9329 
v -16.1771 3.99605 -27.8356 
v -16.3023 3.89997 -28.0345 
v -16.2182 3.96292 -27.9811 
v -16.2143 3.94586 -28.0273 
v -16.307 3.91459 -27.9861 
v -16.2116 3.98555 -28.1762 
v -16.2011 3.9659 -28.0986 
v -16.1334 3.99921 -28.1142 
v -16.122 3.96134 -28.0565 
v -15.8496 3.89499 -27.6184 
v -15.7355 3.99414 -27.726 
v -15.8716 3.97281 -27.7294 
v -15.7174 3.9321 -27.6127 
v -15.685 3.80557 -27.4874 
v -15.8219 3.76576 -27.5064 
v -15.0934 2.59567 -28.2735 
v -15.1543 2.5757 -28.4702 
v -15.1927 2.74536 -28.4634 
v -15.1152 2.80243 -28.2765 
v -15.1152 2.80243 -28.2765 
v -15.1927 2.74536 -28.4634 
v -15.2137 3.0169 -28.4986 
v -15.1202 3.03131 -28.2966 
v -15.685 3.80557 -27.4874 
v -15.6427 3.63067 -27.3998 
v -15.5264 3.70384 -27.5026 
v -15.4666 3.50447 -27.436 
v -15.5917 3.40952 -27.3217 
v -15.4289 3.26186 -27.3971 
v -15.6427 3.63067 -27.3998 
v -15.5555 3.15409 -27.2947 
v -15.4289 3.26186 -27.3971 
v -15.3992 2.97422 -27.4005 
v -16.0699 3.7582 -27.4552 
v -16.0923 3.54998 -27.3344 
v -16.0497 3.54957 -27.3207 
v -16.0156 3.77465 -27.4665 
v -15.9214 3.81211 -27.5077 
v -15.9105 3.6753 -27.4286 
v -15.8219 3.76576 -27.5064 
v -15.795 3.58781 -27.4225 
v -15.5917 3.40966 -28.734 
v -15.6427 3.63211 -28.6649 
v -15.4666 3.50447 -28.6194 
v -15.4293 3.26356 -28.6583 
v -16.0145 4.0863 -27.9182 
v -16.0485 4.05209 -27.9594 
v -16.0528 4.06106 -27.914 
v -16.0175 4.0697 -27.9716 
v -16.0527 4.05819 -27.8674 
v -16.0145 4.0863 -27.9182 
v -16.0164 4.08302 -27.8396 
v -15.9043 3.98254 -28.0511 
v -15.9515 4.0542 -28.1031 
v -15.9573 4.00346 -28.0449 
v -15.8942 4.00315 -28.1209 
v -15.0682 1.45419 -27.2003 
v -15.2061 1.52823 -27.1341 
v -15.1935 1.45683 -27.1329 
v -15.0701 1.55917 -27.2072 
v -15.0682 1.45419 -27.2003 
v -15.1807 1.39614 -27.1154 
v -15.0857 1.34678 -27.1571 
v -14.971 2.10831 -28.3158 
v -15.0264 2.52338 -28.0517 
v -14.9303 2.15994 -28.05 
v -15.0934 2.59567 -28.2735 
v -16.0938 3.28509 -27.1861 
v -16.1261 3.36031 -27.2242 
v -16.1412 3.33715 -27.2127 
v -14.9303 2.15994 -28.05 
v -15.098 2.56809 -27.7978 
v -14.974 2.11927 -27.7415 
v -15.0264 2.52338 -28.0517 
v -16.2286 3.96088 -28.2793 
v -16.338 3.86543 -28.3231 
v -16.3283 3.91428 -28.2458 
v -16.241 3.90038 -28.3632 
v -16.2476 3.8167 -28.4372 
v -16.338 3.86543 -28.3231 
v -16.3448 3.78728 -28.3989 
v -15.3918 2.76466 -27.3395 
v -15.4083 3.12286 -27.3164 
v -15.435 2.76777 -27.3076 
v -15.461 3.16003 -27.275 
v -15.9316 3.8549 -28.5761 
v -15.9852 3.76297 -28.628 
v -16.0073 3.8938 -28.5175 
v -15.914 3.71117 -28.6698 
v -14.8291 1.92606 -28.0507 
v -14.9331 2.0217 -27.7291 
v -14.8932 1.91977 -27.7384 
v -14.9303 2.15994 -28.05 
v -14.8575 1.77325 -27.7654 
v -14.8291 1.92606 -28.0507 
v -14.7929 1.74042 -28.0492 
v -15.9573 4.00346 -28.0449 
v -16.0182 3.98511 -28.058 
v -16.0258 4.01681 -28.0128 
v -15.4225 2.65712 -27.2884 
v -15.3918 2.76466 -27.3395 
v -15.435 2.76777 -27.3076 
v -15.3771 2.65211 -27.3186 
v -15.6914 2.21618 -26.9339 
v -15.6205 2.16516 -26.9321 
v -15.6697 2.23356 -26.9233 
v -15.6243 2.12736 -26.951 
v -15.4289 3.26186 -27.3971 
v -15.2768 3.51076 -27.5804 
v -15.4666 3.50447 -27.436 
v -15.2371 3.27987 -27.5521 
v -15.4289 3.26186 -27.3971 
v -15.2066 3.01997 -27.5652 
v -15.3992 2.97422 -27.4005 
v -14.946 2.04415 -27.4738 
v -15.1279 2.11021 -27.2516 
v -15.088 2.01256 -27.2503 
v -15.0126 2.20371 -27.4886 
v -16.3369 4.17438 -28.0171 
v -16.2933 4.20707 -27.9746 
v -16.3187 4.20468 -28.0305 
v -16.3153 4.1769 -27.9663 
v -14.9303 2.15994 -28.05 
v -14.8291 1.92606 -28.0507 
v -14.9331 2.0177 -28.3264 
v -14.8928 1.91659 -28.318 
v -14.8291 1.92606 -28.0507 
v -14.8548 1.7714 -28.29 
v -14.7929 1.74042 -28.0492 
v -15.4349 2.76777 -28.7749 
v -15.461 3.16003 -28.8075 
v -15.4083 3.12286 -28.7661 
v -15.3917 2.76466 -28.743 
v -15.6363 3.98203 -28.0437 
v -15.595 3.99956 -28.084 
v -15.631 3.98608 -28.0911 
v -15.0671 1.43065 -28.8205 
v -15.1758 1.37866 -28.9444 
v -15.1792 1.4502 -28.9226 
v -15.0939 1.33233 -28.8637 
v -15.1339 1.2751 -28.9515 
v -15.1758 1.37866 -28.9444 
v -15.8818 3.30062 -27.259 
v -15.795 3.58781 -27.4225 
v -15.9105 3.6753 -27.4286 
v -15.7696 3.38762 -27.3444 
v -16.4549 3.71763 -28.0629 
v -16.463 3.7438 -28.0881 
v -16.4674 3.74131 -28.0881 
v -16.4697 3.75558 -28.1144 
v -16.4674 3.74131 -28.0881 
v -16.4768 3.75187 -28.1128 
v -16.4697 3.75558 -28.1144 
v -16.4835 3.74762 -28.139 
v -16.4745 3.75231 -28.1427 
v -15.4222 2.65712 -28.7941 
v -15.3917 2.76466 -28.743 
v -15.3768 2.65211 -28.7639 
v -15.4349 2.76777 -28.7749 
v -16.1603 3.85148 -28.4905 
v -15.9852 3.76297 -28.628 
v -16.1428 3.72269 -28.5886 
v -16.0073 3.8938 -28.5175 
v -16.1603 3.85148 -28.4905 
v -16.1763 3.93977 -28.3938 
v -14.974 2.11927 -27.7415 
v -15.098 2.56809 -27.7978 
v -15.0126 2.20371 -27.4886 
v -15.1386 2.59243 -27.5808 
v -15.8922 3.51909 -28.7521 
v -15.7622 3.37662 -28.7287 
v -15.874 3.36745 -28.802 
v -15.8922 3.51909 -28.7521 
v -15.8073 3.59102 -28.6597 
v -15.914 3.71117 -28.6698 
v -15.8459 3.76678 -28.5737 
v -15.9316 3.8549 -28.5761 
v -15.8073 3.59102 -28.6597 
v -16.6 1.4497 -28.7427 
v -16.5983 1.46473 -28.8037 
v -16.5811 1.43346 -28.8234 
v -16.5723 1.39539 -28.739 
v -14.9531 2.04364 -28.5816 
v -15.0911 2.01575 -28.8052 
v -15.1344 2.11039 -28.8152 
v -15.0199 2.20208 -28.5668 
v -16.0527 4.05819 -27.8674 
v -16.0529 4.04967 -27.8202 
v -16.0164 4.08302 -27.8396 
v -16.5723 1.39539 -27.392 
v -16.5811 1.43346 -27.3076 
v -16.6 1.4497 -27.3883 
v -16.5983 1.46473 -27.3274 
v -15.1818 2.76394 -27.5893 
v -15.3992 2.97422 -27.4005 
v -15.3513 2.71479 -27.4379 
v -15.2066 3.01997 -27.5652 
v -16.1778 3.99605 -28.2954 
v -16.241 3.90038 -28.3632 
v -16.2286 3.96088 -28.2793 
v -16.1763 3.93977 -28.3938 
v -16.0176 4.06239 -27.7644 
v -16.0529 4.04967 -27.8202 
v -16.0534 4.03578 -27.7758 
v -16.0164 4.08302 -27.8396 
v -16.0552 4.01518 -27.733 
v -16.0176 4.06239 -27.7644 
v -16.0195 4.02733 -27.6953 
v -15.526 2.88797 -27.3158 
v -15.4766 2.58308 -27.3178 
v -15.3513 2.71479 -27.4379 
v -15.3355 2.57396 -27.4382 
v -16.2126 3.92452 -28.056 
v -16.1331 3.99463 -28.0154 
v -16.122 3.96134 -28.0565 
v -16.2143 3.94586 -28.0273 
v -16.1331 3.99463 -28.0154 
v -16.2182 3.96292 -27.9811 
v -16.1564 4.0141 -27.9393 
v -15.1807 2.23484 -27.2844 
v -15.2581 2.15909 -27.1278 
v -15.1279 2.11021 -27.2516 
v -15.1891 1.9925 -27.1066 
v -15.1279 2.11021 -27.2516 
v -15.088 2.01256 -27.2503 
v -16.0051 4.0307 -28.0257 
v -16.04 3.97344 -28.0707 
v -16.0263 4.03165 -28.0213 
v -16.0175 4.0697 -27.9716 
v -16.0051 4.0307 -28.0257 
v -15.98 4.06891 -27.9758 
v -16.4523 3.75023 -28.0283 
v -16.4639 3.74696 -27.9833 
v -16.4281 3.77875 -27.9797 
v -16.4156 3.77462 -28.0301 
v -16.4724 3.72679 -27.9364 
v -16.4281 3.77875 -27.9797 
v -16.4396 3.75108 -27.9109 
v -16.2334 4.11196 -27.7747 
v -16.2364 4.17397 -27.8424 
v -16.2631 4.14923 -27.8419 
v -16.207 4.13415 -27.7714 
v -16.2334 4.11196 -27.7747 
v -16.1772 4.07812 -27.698 
v -16.2012 4.0577 -27.705 
v -15.6697 2.23356 -26.9233 
v -15.7537 2.28661 -26.9409 
v -15.6914 2.21618 -26.9339 
v -15.7329 2.30672 -26.9342 
v -16.3625 3.86423 -28.1778 
v -16.4297 3.79147 -28.228 
v -16.4188 3.81197 -28.1521 
v -16.3739 3.8369 -28.2574 
v -15.1878 2.22021 -28.8023 
v -15.1344 2.11039 -28.8152 
v -15.2674 2.15635 -28.9277 
v -15.1344 2.11039 -28.8152 
v -15.1935 1.99141 -28.9489 
v -15.0911 2.01575 -28.8052 
v -16.4283 3.79126 -27.903 
v -16.3607 3.86424 -27.9533 
v -16.4173 3.81204 -27.979 
v -16.371 3.83691 -27.8736 
v -14.9531 2.04364 -28.5816 
v -14.971 2.10831 -28.3158 
v -14.9331 2.0177 -28.3264 
v -15.0199 2.20208 -28.5668 
v -15.1543 2.5757 -28.4702 
v -14.971 2.10831 -28.3158 
v -15.0934 2.59567 -28.2735 
v -14.9037 1.87946 -28.571 
v -14.9331 2.0177 -28.3264 
v -14.8928 1.91659 -28.318 
v -14.9531 2.04364 -28.5816 
v -16.1771 3.99605 -27.8356 
v -16.2264 3.96553 -27.9329 
v -16.23 3.95627 -27.8705 
v -16.2311 3.93027 -27.8122 
v -16.0073 3.8938 -27.6228 
v -15.9344 3.98923 -27.6977 
v -16.0346 3.97975 -27.7219 
v -15.9256 3.91835 -27.5974 
v -15.9214 3.81211 -27.5077 
v -16.0073 3.8938 -27.6228 
v -15.9852 3.76259 -27.5182 
v -16.0195 4.02733 -27.6953 
v -16.0744 3.92887 -27.6267 
v -16.0432 3.90529 -27.5649 
v -16.062 3.9802 -27.684 
v -14.9331 2.0217 -27.7291 
v -14.8967 1.88397 -27.4845 
v -14.8932 1.91977 -27.7384 
v -14.946 2.04415 -27.4738 
v -15.5572 3.1721 -28.7608 
v -15.5917 3.40966 -28.734 
v -15.4293 3.26356 -28.6583 
v -15.4077 2.99367 -28.6549 
v -16.4745 3.75231 -28.1427 
v -16.4877 3.72935 -28.1653 
v -16.4835 3.74762 -28.139 
v -16.4778 3.7349 -28.1717 
v -16.3555 4.1625 -28.0593 
v -16.3187 4.20468 -28.0305 
v -16.3417 4.19001 -28.0788 
v -16.3369 4.17438 -28.0171 
v -15.5555 3.15409 -27.2947 
v -15.526 2.88797 -27.3158 
v -15.3992 2.97422 -27.4005 
v -15.3513 2.71479 -27.4379 
v -15.4666 3.50447 -28.6194 
v -15.2768 3.51076 -28.4751 
v -15.4293 3.26356 -28.6583 
v -15.2373 3.27893 -28.4936 
v -15.4293 3.26356 -28.6583 
v -15.2137 3.0169 -28.4986 
v -15.4077 2.99367 -28.6549 
v -15.3749 2.75582 -28.6242 
v -15.2137 3.0169 -28.4986 
v -15.1927 2.74536 -28.4634 
v -15.914 3.71117 -28.6698 
v -15.9648 3.60897 -28.7175 
v -15.9852 3.76297 -28.628 
v -15.8922 3.51909 -28.7521 
v -15.9338 3.44578 -28.7788 
v -15.874 3.36745 -28.802 
v -15.9648 3.60897 -28.7175 
v -16.0744 3.92887 -27.6267 
v -16.0919 3.86105 -27.5624 
v -16.0432 3.90529 -27.5649 
v -15.3174 2.56389 -28.6503 
v -15.3749 2.75582 -28.6242 
v -15.1927 2.74536 -28.4634 
v -15.1543 2.5757 -28.4702 
v -16.1641 3.41275 -27.2893 
v -16.1701 3.36582 -27.2431 
v -16.1446 3.39325 -27.2518 
v -16.2004 3.38085 -27.2834 
v -16.1261 3.36031 -27.2242 
v -16.1701 3.36582 -27.2431 
v -16.1412 3.33715 -27.2127 
v -16.0923 3.54998 -27.3344 
v -16.1046 3.43697 -27.2791 
v -16.0671 3.44152 -27.2626 
v -16.0497 3.54957 -27.3207 
v -16.513 1.24311 -29.0077 
v -16.503 1.16777 -28.9977 
v -16.531 1.2387 -28.9685 
v -16.5218 1.17322 -28.9648 
v -16.3059 3.90988 -28.1005 
v -16.3625 3.86423 -28.1778 
v -16.3551 3.8642 -28.1204 
v -16.3545 3.8642 -28.0106 
v -16.307 3.91459 -27.9861 
v -16.3023 3.89997 -28.0345 
v -16.0699 3.7582 -27.4552 
v -16.0432 3.90529 -27.5649 
v -16.0919 3.86105 -27.5624 
v -16.107 3.77335 -27.4969 
v -16.1755 3.93977 -27.7372 
v -16.1771 3.99605 -27.8356 
v -16.2311 3.93027 -27.8122 
v -16.2375 3.88773 -27.7502 
v -16.3434 3.79403 -27.7188 
v -16.2375 3.88773 -27.7502 
v -16.3358 3.85612 -27.7875 
v -16.2479 3.82472 -27.68 
v -16.2576 3.69774 -27.59 
v -16.3434 3.79403 -27.7188 
v -16.3444 3.69795 -27.6491 
v -16.4452 3.74645 -28.0998 
v -16.4394 3.72856 -28.066 
v -16.4124 3.77198 -28.0991 
v -16.4082 3.75503 -28.0648 
v -16.4452 3.74645 -28.0998 
v -16.4197 3.7768 -28.1307 
v -16.4507 3.75237 -28.1239 
v -16.4197 3.7768 -28.1307 
v -16.4603 3.74733 -28.1632 
v -16.4304 3.77302 -28.1791 
v -16.531 1.2387 -27.1626 
v -16.503 1.16777 -27.1333 
v -16.513 1.24311 -27.1233 
v -16.5218 1.17322 -27.1663 
v -15.1807 2.23484 -27.2844 
v -15.1279 2.11021 -27.2516 
v -15.0126 2.20371 -27.4886 
v -15.1386 2.59243 -27.5808 
v -15.1807 2.23484 -27.2844 
v -15.3355 2.57396 -27.4382 
v -15.1386 2.59243 -27.5808 
v -15.3513 2.71479 -27.4379 
v -15.1818 2.76394 -27.5893 
v -16.4173 3.81204 -27.979 
v -16.3545 3.8642 -28.0106 
v -16.4031 3.80298 -28.0253 
v -16.3607 3.86424 -27.9533 
v -16.2991 3.88157 -28.0608 
v -16.2143 3.94586 -28.0273 
v -16.2126 3.92452 -28.056 
v -16.3023 3.89997 -28.0345 
v -16.307 3.91459 -27.9861 
v -16.3607 3.86424 -27.9533 
v -16.314 3.91806 -27.9215 
v -16.3545 3.8642 -28.0106 
v -16.5428 0.818031 -28.7151 
v -16.531 0.802599 -28.7641 
v -16.5394 0.807197 -28.7181 
v -16.0552 4.01518 -27.733 
v -16.062 3.9802 -27.684 
v -16.0195 4.02733 -27.6953 
v -16.3551 3.8642 -28.1204 
v -16.4188 3.81197 -28.1521 
v -16.4039 3.80272 -28.1058 
v -16.3625 3.86423 -28.1778 
v -16.4677 3.72724 -28.1946 
v -16.4304 3.77302 -28.1791 
v -16.4387 3.75153 -28.2201 
v -16.4603 3.74733 -28.1632 
v -16.5428 0.818031 -27.4159 
v -16.5394 0.807197 -27.4129 
v -16.531 0.802599 -27.367 
v -15.8818 3.30062 -27.259 
v -15.7564 3.26336 -27.3121 
v -15.7696 3.38762 -27.3444 
v -15.8701 3.16213 -27.2467 
v -15.7564 3.26336 -27.3121 
v -15.7414 3.12515 -27.3035 
v -16.2479 3.82472 -27.68 
v -16.1755 3.93977 -27.7372 
v -16.2375 3.88773 -27.7502 
v -16.1598 3.85148 -27.6417 
v -16.1428 3.72269 -27.545 
v -16.2479 3.82472 -27.68 
v -16.2576 3.69774 -27.59 
v -15.4878 2.60968 -28.7377 
v -15.5334 2.76468 -28.7386 
v -15.3749 2.75582 -28.6242 
v -15.3174 2.56389 -28.6503 
v -15.5572 3.1721 -28.7608 
v -15.4077 2.99367 -28.6549 
v -15.554 2.93283 -28.7396 
v -15.3749 2.75582 -28.6242 
v -15.5334 2.76468 -28.7386 
v -15.554 2.93283 -28.7396 
v -14.9303 2.15994 -28.05 
v -14.974 2.11927 -27.7415 
v -14.9331 2.0217 -27.7291 
v -16.5849 1.87001 -28.557 
v -16.5823 1.8545 -28.5049 
v -16.5937 1.87579 -28.5384 
v -16.122 3.96134 -28.0565 
v -16.2011 3.9659 -28.0986 
v -16.2126 3.92452 -28.056 
v -14.971 2.10831 -28.3158 
v -14.9303 2.15994 -28.05 
v -14.9331 2.0177 -28.3264 
v -15.8497 3.16641 -28.8772 
v -15.874 3.36745 -28.802 
v -15.7622 3.37662 -28.7287 
v -15.7486 3.14823 -28.7515 
v -15.9852 3.76259 -27.5182 
v -16.1598 3.85148 -27.6417 
v -16.1428 3.72269 -27.545 
v -16.0073 3.8938 -27.6228 
v -16.1755 3.93977 -27.7372 
v -16.1598 3.85148 -27.6417 
v -15.9648 3.60754 -27.4238 
v -15.9852 3.76259 -27.5182 
v -16.1215 3.56571 -27.4549 
v -16.1215 3.56571 -27.4549 
v -15.9518 3.44516 -27.3541 
v -16.0908 3.4076 -27.3892 
v -16.0182 3.98511 -28.058 
v -15.9515 4.0542 -28.1031 
v -16.0258 4.02105 -28.1294 
v -15.9573 4.00346 -28.0449 
v -14.946 2.04415 -27.4738 
v -14.9331 2.0217 -27.7291 
v -14.974 2.11927 -27.7415 
v -15.0126 2.20371 -27.4886 
v -15.2572 2.21581 -27.0114 
v -15.2671 2.35022 -27.1211 
v -15.3085 2.34149 -27.0766 
v -15.2181 2.23261 -27.0587 
v -15.1878 2.22021 -28.8023 
v -15.0199 2.20208 -28.5668 
v -15.1344 2.11039 -28.8152 
v -15.3174 2.56389 -28.6503 
v -15.0199 2.20208 -28.5668 
v -15.1543 2.5757 -28.4702 
v -16.2004 3.38085 -27.2834 
v -16.1641 3.41275 -27.2893 
v -16.2076 3.45143 -27.3798 
v -16.3712 4.14191 -28.093 
v -16.3417 4.19001 -28.0788 
v -16.3619 4.16349 -28.118 
v -16.3555 4.1625 -28.0593 
v -16.1428 3.72269 -28.5886 
v -15.9648 3.60897 -28.7175 
v -16.1215 3.56571 -28.6764 
v -15.9852 3.76297 -28.628 
v -15.1807 1.39614 -27.1154 
v -15.1304 1.28921 -27.1081 
v -15.0857 1.34678 -27.1571 
v -15.2574 2.21581 -29.0711 
v -15.2669 2.35022 -28.9614 
v -15.2181 2.23261 -29.0238 
v -15.3085 2.34149 -29.0059 
v -15.7634 2.60946 -27.2467 
v -15.7152 2.93282 -27.3187 
v -15.8383 2.98589 -27.2668 
v -15.6436 2.58741 -27.276 
v -16.1046 3.43697 -27.2791 
v -16.109 3.34578 -27.2419 
v -16.0754 3.35457 -27.2256 
v -16.0671 3.44152 -27.2626 
v -16.5261 1.61188 -28.3978 
v -16.5434 1.59227 -28.3371 
v -16.5494 1.63008 -28.3727 
v -16.5249 1.56737 -28.3556 
v -16.5961 1.8716 -28.4996 
v -16.5937 1.87579 -28.5384 
v -16.5823 1.8545 -28.5049 
v -16.5757 1.47628 -28.8476 
v -16.5811 1.43346 -28.8234 
v -16.5983 1.46473 -28.8037 
v -16.5863 1.49265 -28.8327 
v -16.5644 1.53612 -28.8608 
v -16.5757 1.47628 -28.8476 
v -16.4344 3.74564 -28.2962 
v -16.3739 3.8369 -28.2574 
v -16.386 3.78339 -28.3279 
v -16.4297 3.79147 -28.228 
v -16.3855 3.7283 -28.3855 
v -16.4344 3.74564 -28.2962 
v -16.4311 3.68291 -28.3562 
v -15.8459 3.76678 -28.5737 
v -15.6427 3.63211 -28.6649 
v -15.8073 3.59102 -28.6597 
v -15.685 3.80587 -28.5819 
v -15.6106 2.07867 -27.1944 
v -15.5591 2.06075 -27.2028 
v -15.5922 2.12695 -27.1196 
v -16.4352 3.74522 -27.8348 
v -16.371 3.83691 -27.8736 
v -16.4283 3.79126 -27.903 
v -16.3834 3.78339 -27.8032 
v -16.3845 3.7283 -27.7455 
v -16.429 3.68271 -27.7748 
v -16.3448 3.78728 -28.3989 
v -16.2416 3.66203 -28.5362 
v -16.3415 3.6744 -28.4717 
v -16.2476 3.8167 -28.4372 
v -16.314 3.91806 -27.9215 
v -16.371 3.83691 -27.8736 
v -16.3271 3.89448 -27.8475 
v -16.3607 3.86424 -27.9533 
v -16.1988 3.08431 -28.9231 
v -16.1694 3.04235 -28.9578 
v -16.1866 3.03884 -28.9504 
v -16.1753 3.09318 -28.9339 
v -16.2759 3.41604 -28.6554 
v -16.209 3.50648 -28.6354 
v -16.1959 3.45415 -28.679 
v -16.3108 3.49706 -28.591 
v -15.874 3.36745 -28.802 
v -15.9383 3.24851 -28.8263 
v -15.9338 3.44578 -28.7788 
v -15.8497 3.16641 -28.8772 
v -16.2991 3.88157 -28.0608 
v -16.3487 3.83467 -28.0655 
v -16.3502 3.84767 -28.0413 
v -16.3023 3.89997 -28.0345 
v -16.1807 3.4234 -28.7207 
v -16.2425 3.36556 -28.717 
v -16.2759 3.41604 -28.6554 
v -16.1959 3.45415 -28.679 
v -16.323 3.51329 -27.5238 
v -16.3059 3.4584 -27.4749 
v -16.2342 3.51202 -27.4591 
v -16.2726 3.41652 -27.4127 
v -16.2342 3.51202 -27.4591 
v -16.5811 1.43346 -27.3076 
v -16.5757 1.47628 -27.2834 
v -16.5983 1.46473 -27.3274 
v -16.5863 1.49265 -27.2983 
v -16.5757 1.47628 -27.2834 
v -16.5644 1.53612 -27.2702 
v -16.1925 3.08431 -27.2079 
v -16.1867 3.03884 -27.1806 
v -16.1599 3.04235 -27.1733 
v -16.1664 3.10199 -27.1972 
v -16.4523 3.75023 -28.0283 
v -16.4156 3.77462 -28.0301 
v -16.4394 3.72856 -28.066 
v -16.4082 3.75503 -28.0648 
v -16.3023 3.89997 -28.0345 
v -16.3502 3.84767 -28.0413 
v -16.3545 3.8642 -28.0106 
v -15.8701 3.16213 -27.2467 
v -15.8383 2.98589 -27.2668 
v -15.7414 3.12515 -27.3035 
v -15.7152 2.93282 -27.3187 
v -16.3108 3.49706 -28.591 
v -16.2416 3.66203 -28.5362 
v -16.209 3.50648 -28.6354 
v -16.3415 3.6744 -28.4717 
v -16.2416 3.66203 -28.5362 
v -16.3108 3.49706 -28.591 
v -16.2726 3.41652 -27.4127 
v -16.2004 3.38085 -27.2834 
v -16.2076 3.45143 -27.3798 
v -16.2076 3.45143 -27.3798 
v -16.2342 3.51202 -27.4591 
v -16.1867 3.03884 -27.1806 
v -16.1841 2.97713 -27.1793 
v -16.163 2.97754 -27.1703 
v -16.1599 3.04235 -27.1733 
v -16.4031 3.80298 -28.0253 
v -16.3545 3.8642 -28.0106 
v -16.3502 3.84767 -28.0413 
v -16.3444 3.69795 -27.6491 
v -16.323 3.51329 -27.5238 
v -16.2576 3.69774 -27.59 
v -16.5961 1.8716 -28.4996 
v -16.5895 1.8587 -28.4471 
v -16.6075 1.88519 -28.4406 
v -16.5823 1.8545 -28.5049 
v -16.5036 1.08078 -27.3818 
v -16.5026 1.19116 -27.2867 
v -16.5191 1.21115 -27.333 
v -16.5201 1.08501 -27.4294 
v -16.507 0.987501 -27.4493 
v -16.5036 1.08078 -27.3818 
v -16.5201 1.08501 -27.4294 
v -16.5228 0.991715 -27.4869 
v -15.2674 2.15635 -28.9277 
v -15.4303 2.09059 -29.0133 
v -15.3584 2.30261 -28.8679 
v -15.5352 2.26201 -28.946 
v -15.1935 1.99141 -28.9489 
v -15.4303 2.09059 -29.0133 
v -15.3463 1.90334 -29.0324 
v -16.323 3.51329 -27.5238 
v -16.2342 3.51202 -27.4591 
v -16.2576 3.69774 -27.59 
v -16.4039 3.80272 -28.1058 
v -16.3514 3.84673 -28.088 
v -16.3551 3.8642 -28.1204 
v -16.4745 3.69713 -28.2224 
v -16.4387 3.75153 -28.2201 
v -16.447 3.7193 -28.2548 
v -16.4677 3.72724 -28.1946 
v -15.6436 2.58741 -27.276 
v -15.6182 2.48955 -27.2441 
v -15.4766 2.58308 -27.3178 
v -15.526 2.88797 -27.3158 
v -15.6436 2.58741 -27.276 
v -15.7152 2.93282 -27.3187 
v -15.4074 2.56766 -27.2499 
v -15.3771 2.65211 -27.3186 
v -15.4225 2.65712 -27.2884 
v -15.3597 2.56067 -27.2783 
v -15.2671 2.35022 -27.1211 
v -15.3085 2.34149 -27.0766 
v -16.2476 3.8167 -28.4372 
v -16.1763 3.93977 -28.3938 
v -16.1603 3.85148 -28.4905 
v -16.241 3.90038 -28.3632 
v -16.1428 3.72269 -28.5886 
v -16.2476 3.8167 -28.4372 
v -16.2416 3.66203 -28.5362 
v -15.6427 3.63067 -27.3998 
v -15.8219 3.76576 -27.5064 
v -15.795 3.58781 -27.4225 
v -15.685 3.80557 -27.4874 
v -15.2069 1.27575 -29.0757 
v -15.1778 1.32784 -28.9902 
v -15.1339 1.2751 -28.9515 
v -16.1215 3.56571 -28.6764 
v -15.9338 3.44578 -28.7788 
v -16.0941 3.4076 -28.7419 
v -15.9648 3.60897 -28.7175 
v -16.4778 3.7349 -28.1717 
v -16.4906 3.70015 -28.1899 
v -16.4877 3.72935 -28.1653 
v -16.4799 3.70601 -28.1993 
v -16.6 1.4497 -27.3883 
v -16.5708 1.41356 -27.4649 
v -16.5723 1.39539 -27.392 
v -16.6049 1.48264 -27.4504 
v -15.407 2.56766 -28.8326 
v -15.3768 2.65211 -28.7639 
v -15.3592 2.56067 -28.8042 
v -15.4222 2.65712 -28.7941 
v -15.2669 2.35022 -28.9614 
v -15.407 2.56766 -28.8326 
v -15.3085 2.34149 -29.0059 
v -15.7329 2.30672 -26.9342 
v -15.8182 2.35882 -26.9763 
v -15.7537 2.28661 -26.9409 
v -15.7985 2.3786 -26.9723 
v -15.4218 2.08821 -27.0422 
v -15.2581 2.15909 -27.1278 
v -15.3453 2.28784 -27.1876 
v -15.5214 2.23392 -27.1095 
v -15.585 2.39806 -27.1996 
v -15.3453 2.28784 -27.1876 
v -15.4218 2.08821 -27.0422 
v -15.1891 1.9925 -27.1066 
v -15.3429 1.90279 -27.0231 
v -16.3739 3.8369 -28.2574 
v -16.3283 3.91428 -28.2458 
v -16.338 3.86543 -28.3231 
v -16.6 1.4497 -28.7427 
v -16.5708 1.41356 -28.6661 
v -16.6049 1.48264 -28.6806 
v -16.5723 1.39539 -28.739 
v -16.371 3.83691 -27.8736 
v -16.3358 3.85612 -27.7875 
v -16.3271 3.89448 -27.8475 
v -16.4744 3.69637 -27.9086 
v -16.4396 3.75108 -27.9109 
v -16.4724 3.72679 -27.9364 
v -16.4502 3.71853 -27.8763 
v -15.8073 3.59102 -28.6597 
v -15.5917 3.40966 -28.734 
v -15.7622 3.37662 -28.7287 
v -15.6427 3.63211 -28.6649 
v -16.338 3.86543 -28.3231 
v -16.386 3.78339 -28.3279 
v -16.3739 3.8369 -28.2574 
v -16.3448 3.78728 -28.3989 
v -16.071 3.28577 -27.2076 
v -16.109 3.34578 -27.2419 
v -16.1037 3.27657 -27.2231 
v -16.0754 3.35457 -27.2256 
v -16.3949 3.99168 -28.2295 
v -16.37 4.03 -28.1992 
v -16.3793 4.02254 -28.2441 
v -16.3862 3.99767 -28.192 
v -16.2679 3.19807 -28.7556 
v -16.2982 3.23901 -28.7005 
v -16.2315 3.24786 -28.7447 
v -16.5974 1.7039 -28.535 
v -16.6042 1.79371 -28.5561 
v -16.5914 1.78491 -28.5722 
v -16.6087 1.7058 -28.5192 
v -16.134 3.95043 -27.5732 
v -16.2012 4.0577 -27.705 
v -16.1518 3.93362 -27.5843 
v -16.1772 4.07812 -27.698 
v -15.7099 2.50132 -27.2094 
v -15.6436 2.58741 -27.276 
v -15.7634 2.60946 -27.2467 
v -15.6182 2.48955 -27.2441 
v -16.3184 3.92933 -28.1647 
v -16.3283 3.91428 -28.2458 
v -16.3625 3.86423 -28.1778 
v -16.3739 3.8369 -28.2574 
v -15.5917 3.40952 -27.3217 
v -15.795 3.58781 -27.4225 
v -15.7696 3.38762 -27.3444 
v -15.6427 3.63067 -27.3998 
v -15.7564 3.26336 -27.3121 
v -15.5917 3.40952 -27.3217 
v -16.3551 3.8642 -28.1204 
v -16.3514 3.84673 -28.088 
v -16.3059 3.90988 -28.1005 
v -16.2764 3.19807 -27.3754 
v -16.2384 3.24786 -27.3863 
v -16.3083 3.23901 -27.4305 
v -15.3453 2.28784 -27.1876 
v -15.2581 2.15909 -27.1278 
v -15.1807 2.23484 -27.2844 
v -15.3355 2.57396 -27.4382 
v -15.3453 2.28784 -27.1876 
v -15.4766 2.58308 -27.3178 
v -15.3584 2.30261 -28.8679 
v -15.1878 2.22021 -28.8023 
v -15.2674 2.15635 -28.9277 
v -15.3174 2.56389 -28.6503 
v -15.3584 2.30261 -28.8679 
v -15.4878 2.60968 -28.7377 
v -16.2991 3.88157 -28.0608 
v -16.3514 3.84673 -28.088 
v -16.3487 3.83467 -28.0655 
v -16.3059 3.90988 -28.1005 
v -16.5515 1.93952 -27.4582 
v -16.5794 1.89175 -27.5085 
v -16.5638 1.87974 -27.4905 
v -16.5691 1.95086 -27.4785 
v -16.5836 1.78491 -27.5561 
v -16.5972 1.79371 -27.5722 
v -16.043 4.02368 -28.01 
v -16.0263 4.03165 -28.0213 
v -16.04 3.97344 -28.0707 
v -16.043 4.02368 -28.01 
v -16.0175 4.0697 -27.9716 
v -16.0485 4.05209 -27.9594 
v -16.0941 3.4076 -28.7419 
v -15.9383 3.24851 -28.8263 
v -16.0925 3.24455 -28.7766 
v -15.9338 3.44578 -28.7788 
v -16.5472 1.93952 -28.6729 
v -16.5816 1.89175 -28.6225 
v -16.5651 1.95086 -28.6526 
v -16.566 1.87974 -28.6405 
v -16.5914 1.78491 -28.5722 
v -16.6042 1.79371 -28.5561 
v -16.1975 3.1753 -27.291 
v -16.2384 3.24786 -27.3863 
v -16.2764 3.19807 -27.3754 
v -16.2319 3.14828 -27.2957 
v -16.2576 3.69774 -27.59 
v -16.3241 3.49612 -27.548 
v -16.1215 3.56571 -27.4549 
v -16.1428 3.72269 -27.545 
v -16.371 3.83691 -27.8736 
v -16.3834 3.78339 -27.8032 
v -16.3358 3.85612 -27.7875 
v -16.3434 3.79403 -27.7188 
v -16.2304 3.14828 -28.8354 
v -16.1753 3.09318 -28.9339 
v -16.1988 3.08431 -28.9231 
v -16.2038 3.1753 -28.8401 
v -15.9852 3.76259 -27.5182 
v -15.9648 3.60754 -27.4238 
v -15.9105 3.6753 -27.4286 
v -15.9214 3.81211 -27.5077 
v -15.9518 3.44516 -27.3541 
v -15.9105 3.6753 -27.4286 
v -15.8818 3.30062 -27.259 
v -15.1896 1.32949 -27.0598 
v -15.1304 1.28921 -27.1081 
v -15.1807 1.39614 -27.1154 
v -15.5684 2.01121 -27.3093 
v -15.5591 2.06075 -27.2028 
v -15.6106 2.07867 -27.1944 
v -15.5675 2.01117 -27.309 
v -16.5341 1.57312 -28.2954 
v -16.5249 1.56737 -28.3556 
v -16.5263 1.53877 -28.3047 
v -16.5434 1.59227 -28.3371 
v -16.1985 3.34645 -28.8211 
v -16.1807 3.4234 -28.7207 
v -16.1576 3.39508 -28.8033 
v -16.2425 3.36556 -28.717 
v -16.5296 1.6739 -28.4338 
v -16.5494 1.63008 -28.3727 
v -16.5515 1.68772 -28.3974 
v -16.5261 1.61188 -28.3978 
v -16.1664 3.10199 -27.1972 
v -16.2319 3.14828 -27.2957 
v -16.1925 3.08431 -27.2079 
v -16.1975 3.1753 -27.291 
v -15.6906 2.5673 -28.7734 
v -15.743 2.73714 -28.7532 
v -15.5334 2.76468 -28.7386 
v -15.4878 2.60968 -28.7377 
v -16.5895 1.8587 -28.4471 
v -16.5962 1.88345 -28.3864 
v -16.6075 1.88519 -28.4406 
v -16.2304 3.14828 -28.8354 
v -16.2679 3.19807 -28.7556 
v -16.2038 3.1753 -28.8401 
v -16.2315 3.24786 -28.7447 
v -16.3083 3.23901 -27.4305 
v -16.2384 3.24786 -27.3863 
v -16.298 3.37212 -27.4889 
v -16.3831 4.11377 -28.117 
v -16.3619 4.16349 -28.118 
v -16.3791 4.12743 -28.1457 
v -16.3712 4.14191 -28.093 
v -16.5988 1.7039 -27.596 
v -16.5836 1.78491 -27.5561 
v -16.5972 1.79371 -27.5722 
v -16.6112 1.7058 -27.6119 
v -15.1339 1.2751 -28.9515 
v -15.1778 1.32784 -28.9902 
v -15.1758 1.37866 -28.9444 
v -15.7414 3.12515 -27.3035 
v -15.7152 2.93282 -27.3187 
v -15.5555 3.15409 -27.2947 
v -15.5555 3.15409 -27.2947 
v -15.7564 3.26336 -27.3121 
v -15.5917 3.40952 -27.3217 
v -16.3658 4.10257 -27.8819 
v -16.3391 4.10853 -27.8197 
v -16.3587 4.12101 -27.8834 
v -16.3458 4.09372 -27.821 
v -16.5178 1.28309 -27.2999 
v -16.5026 1.19116 -27.2867 
v -16.4904 1.27383 -27.2459 
v -16.5191 1.21115 -27.333 
v -16.3607 4.02073 -28.1543 
v -16.3862 3.99767 -28.192 
v -16.3776 3.98692 -28.1545 
v -16.37 4.03 -28.1992 
v -16.4744 3.72414 -28.1174 
v -16.4962 3.69656 -28.1414 
v -16.4896 3.69931 -28.1157 
v -16.4859 3.72249 -28.1499 
v -16.4628 3.7126 -28.0903 
v -16.4896 3.69931 -28.1157 
v -16.4803 3.69352 -28.0916 
v -16.4744 3.72414 -28.1174 
v -16.5708 1.41356 -27.4649 
v -16.6049 1.48264 -27.4504 
v -16.5779 1.46446 -27.529 
v -16.3487 3.83467 -28.0655 
v -16.3864 3.77691 -28.0655 
v -16.4031 3.80298 -28.0253 
v -16.3502 3.84767 -28.0413 
v -16.209 3.50648 -28.6354 
v -16.2416 3.66203 -28.5362 
v -16.1215 3.56571 -28.6764 
v -16.1428 3.72269 -28.5886 
v -16.5708 1.41356 -28.6661 
v -16.5779 1.46446 -28.6021 
v -16.6049 1.48264 -28.6806 
v -16.2982 3.23901 -28.7005 
v -16.2989 3.37212 -28.6421 
v -16.2315 3.24786 -28.7447 
v -16.3506 3.33489 -28.6073 
v -16.2989 3.37212 -28.6421 
v -15.743 2.73714 -28.7532 
v -15.7532 2.92955 -28.7597 
v -15.554 2.93283 -28.7396 
v -15.5334 2.76468 -28.7386 
v -15.7486 3.14823 -28.7515 
v -15.554 2.93283 -28.7396 
v -15.5572 3.1721 -28.7608 
v -15.7486 3.14823 -28.7515 
v -15.7622 3.37662 -28.7287 
v -15.5572 3.1721 -28.7608 
v -15.5917 3.40966 -28.734 
v -16.386 3.78339 -28.3279 
v -16.3448 3.78728 -28.3989 
v -16.3855 3.7283 -28.3855 
v -16.3415 3.6744 -28.4717 
v -16.3705 3.63949 -28.4509 
v -16.3855 3.7283 -28.3855 
v -15.5214 2.23392 -27.1095 
v -15.585 2.39806 -27.1996 
v -15.634 2.39059 -27.1713 
v -15.6182 2.48955 -27.2441 
v -15.634 2.39059 -27.1713 
v -15.7099 2.50132 -27.2094 
v -16.3826 4.09781 -27.9363 
v -16.3587 4.12101 -27.8834 
v -16.3766 4.119 -27.9436 
v -16.3658 4.10257 -27.8819 
v -15.8762 2.97844 -28.87 
v -15.7486 3.14823 -28.7515 
v -15.7532 2.92955 -28.7597 
v -15.8497 3.16641 -28.8772 
v -15.8107 2.75639 -28.7073 
v -15.8762 2.97844 -28.87 
v -15.9415 2.78214 -28.7957 
v -16.1701 3.36582 -27.2431 
v -16.1633 3.31676 -27.2255 
v -16.1412 3.33715 -27.2127 
v -16.1899 3.33018 -27.2543 
v -16.429 3.68271 -27.7748 
v -16.4201 3.60274 -27.7124 
v -16.3714 3.63949 -27.6801 
v -16.3845 3.7283 -27.7455 
v -16.3584 3.33489 -27.5253 
v -16.3083 3.23901 -27.4305 
v -16.298 3.37212 -27.4889 
v -16.5395 0.820411 -27.4524 
v -16.5428 0.818031 -27.4159 
v -16.542 0.832857 -27.4436 
v -16.5394 0.807197 -27.4129 
v -16.4311 3.68291 -28.3562 
v -16.3705 3.63949 -28.4509 
v -16.4193 3.60274 -28.4186 
v -16.3855 3.7283 -28.3855 
v -16.3322 3.46519 -28.5771 
v -16.3705 3.63949 -28.4509 
v -16.3815 3.41782 -28.547 
v -16.0938 3.28509 -27.1861 
v -16.1412 3.33715 -27.2127 
v -16.1633 3.31676 -27.2255 
v -15.585 2.39806 -27.1996 
v -15.4766 2.58308 -27.3178 
v -15.6182 2.48955 -27.2441 
v -15.3453 2.28784 -27.1876 
v -16.004 4.1187 -28.1987 
v -16.0108 4.11371 -28.275 
v -16.0324 4.08361 -28.2664 
v -16.0265 4.08784 -28.1983 
v -16.4787 3.6579 -28.2477 
v -16.447 3.7193 -28.2548 
v -16.4538 3.67702 -28.2844 
v -16.4745 3.69713 -28.2224 
v -16.5428 0.818031 -28.7151 
v -16.5395 0.820411 -28.6786 
v -16.542 0.832857 -28.6874 
v -16.5394 0.807197 -28.7181 
v -16.066 3.21367 -27.206 
v -16.1037 3.27657 -27.2231 
v -16.0987 3.18965 -27.2231 
v -16.071 3.28577 -27.2076 
v -16.5819 1.94349 -28.637 
v -16.5893 1.89815 -28.6012 
v -16.5897 1.90726 -28.5997 
v -16.5849 1.87001 -28.557 
v -16.5897 1.90726 -28.5997 
v -16.5937 1.87579 -28.5384 
v -16.314 4.08464 -27.7552 
v -16.3458 4.09372 -27.821 
v -16.32 4.07227 -27.7579 
v -16.3391 4.10853 -27.8197 
v -16.3514 3.84673 -28.088 
v -16.4039 3.80272 -28.1058 
v -16.3487 3.83467 -28.0655 
v -16.3864 3.77691 -28.0655 
v -16.0908 3.4076 -27.3892 
v -16.3241 3.49612 -27.548 
v -16.2923 3.35389 -27.4903 
v -16.1215 3.56571 -27.4549 
v -15.526 2.88797 -27.3158 
v -15.5555 3.15409 -27.2947 
v -15.7152 2.93282 -27.3187 
v -16.3625 3.86423 -28.1778 
v -16.3059 3.90988 -28.1005 
v -16.3184 3.92933 -28.1647 
v -16.1701 2.97754 -28.9607 
v -16.1852 2.93417 -28.9296 
v -16.1841 2.97713 -28.9517 
v -16.1785 2.93155 -28.9333 
v -16.1894 2.89162 -28.8733 
v -16.1852 2.93417 -28.9296 
v -16.1866 3.03884 -28.9504 
v -16.1701 2.97754 -28.9607 
v -16.1694 3.04235 -28.9578 
v -16.48 3.65686 -27.8834 
v -16.4502 3.71853 -27.8763 
v -16.4744 3.69637 -27.9086 
v -16.4586 3.67601 -27.8466 
v -16.5359 2.00305 -27.4376 
v -16.5691 1.95086 -27.4785 
v -16.5515 1.93952 -27.4582 
v -16.5553 2.01377 -27.4601 
v -15.9715 3.02507 -28.8437 
v -15.9383 3.24851 -28.8263 
v -15.8497 3.16641 -28.8772 
v -15.8762 2.97844 -28.87 
v -15.9415 2.78214 -28.7957 
v -15.9715 3.02507 -28.8437 
v -16.0633 2.81523 -28.8089 
v -16.5436 0.819253 -27.5527 
v -16.5388 0.793002 -27.4723 
v -16.5458 0.832114 -27.5385 
v -16.0986 3.06378 -27.3509 
v -15.9579 3.0939 -27.3127 
v -16.0742 3.15417 -27.3597 
v -16.0033 2.91796 -27.312 
v -16.4799 3.70601 -28.1993 
v -16.492 3.66016 -28.2131 
v -16.4906 3.70015 -28.1899 
v -16.4803 3.66604 -28.2253 
v -16.3401 3.46519 -27.5539 
v -16.4201 3.60274 -27.7124 
v -16.3863 3.41782 -27.5841 
v -16.3714 3.63949 -27.6801 
v -16.1226 3.89734 -27.5339 
v -16.1518 3.93362 -27.5843 
v -16.1389 3.88375 -27.545 
v -16.134 3.95043 -27.5732 
v -16.0373 4.05169 -28.3467 
v -16.0108 4.11371 -28.275 
v -16.0171 4.07778 -28.3617 
v -16.0324 4.08361 -28.2664 
v -16.4709 3.69647 -27.9776 
v -16.4847 3.67486 -27.9462 
v -16.474 3.69831 -27.9406 
v -16.4794 3.67701 -27.9765 
v -16.5591 1.9197 -28.7675 
v -16.502 1.91548 -28.8865 
v -16.5356 1.79101 -28.8102 
v -16.3815 3.41782 -28.547 
v -16.2989 3.37212 -28.6421 
v -16.3506 3.33489 -28.6073 
v -16.3322 3.46519 -28.5771 
v -16.0033 2.91796 -27.312 
v -15.8383 2.98589 -27.2668 
v -15.9579 3.0939 -27.3127 
v -15.7634 2.60946 -27.2467 
v -16.0033 2.91796 -27.312 
v -15.956 2.6047 -27.2951 
v -15.8754 2.4537 -27.2515 
v -15.7634 2.60946 -27.2467 
v -15.7099 2.50132 -27.2094 
v -16.5337 1.30687 -28.9592 
v -16.5134 1.32396 -29 
v -16.513 1.24311 -29.0077 
v -16.531 1.2387 -28.9685 
v -16.4622 3.66478 -27.9457 
v -16.4395 3.71461 -27.8822 
v -16.4285 3.7378 -27.938 
v -15.9434 3.24851 -27.3047 
v -16.0908 3.4076 -27.3892 
v -16.0686 3.24455 -27.3545 
v -15.9518 3.44516 -27.3541 
v -16.0742 3.15417 -27.3597 
v -15.9434 3.24851 -27.3047 
v -15.9579 3.0939 -27.3127 
v -16.1144 3.38295 -28.9296 
v -16.1614 3.32471 -28.8938 
v -16.1623 3.36298 -28.8837 
v -16.121 3.39665 -28.9187 
v -15.9971 4.10719 -28.1387 
v -16.0265 4.08784 -28.1983 
v -16.0203 4.07808 -28.1455 
v -16.004 4.1187 -28.1987 
v -16.5227 1.14291 -28.6956 
v -16.5495 1.16967 -28.597 
v -16.5492 1.33835 -28.6749 
v -16.5038 1.25838 -28.7779 
v -16.6112 1.91167 -28.3919 
v -16.6075 1.88519 -28.4406 
v -16.5962 1.88345 -28.3864 
v -16.5015 3.68451 -28.1656 
v -16.4859 3.72249 -28.1499 
v -16.4939 3.70673 -28.1828 
v -16.4962 3.69656 -28.1414 
v -16.5947 1.63395 -28.5339 
v -16.6087 1.7058 -28.5192 
v -16.5974 1.7039 -28.535 
v -16.6045 1.63049 -28.5198 
v -16.474 3.69831 -27.9406 
v -16.4877 3.66372 -27.9177 
v -16.4788 3.68771 -27.9032 
v -16.4847 3.67486 -27.9462 
v -16.5591 1.9197 -28.7675 
v -16.5356 1.79101 -28.8102 
v -16.589 1.76511 -28.6742 
v -16.2694 3.64307 -27.5936 
v -16.1758 3.27911 -27.4521 
v -16.0576 3.25682 -27.3877 
v -16.5591 1.9197 -27.3635 
v -16.5356 1.79101 -27.3208 
v -16.502 1.91548 -27.2445 
v -16.5337 1.30687 -27.1718 
v -16.513 1.24311 -27.1233 
v -16.5134 1.32396 -27.131 
v -16.531 1.2387 -27.1626 
v -16.298 3.37212 -27.4889 
v -16.3863 3.41782 -27.5841 
v -16.3584 3.33489 -27.5253 
v -16.3401 3.46519 -27.5539 
v -16.1166 3.85125 -27.5108 
v -16.1389 3.88375 -27.545 
v -16.1319 3.84107 -27.5208 
v -16.1226 3.89734 -27.5339 
v -15.5352 2.26201 -28.946 
v -15.6906 2.5673 -28.7734 
v -15.4878 2.60968 -28.7377 
v -15.3584 2.30261 -28.8679 
v -16.066 3.21367 -27.206 
v -16.0987 3.18965 -27.2231 
v -16.0597 3.12709 -27.2194 
v -16.4078 3.95755 -28.2864 
v -16.3793 4.02254 -28.2441 
v -16.3944 3.98174 -28.3084 
v -16.3949 3.99168 -28.2295 
v -16.4054 3.91437 -28.3667 
v -16.4078 3.95755 -28.2864 
v -16.4174 3.89666 -28.3428 
v -16.4054 3.91437 -28.3667 
v -16.4193 3.81023 -28.3951 
v -16.4095 3.82365 -28.429 
v -16.5019 1.08078 -28.7362 
v -16.5058 1.21115 -28.798 
v -16.4955 1.19116 -28.8443 
v -16.5134 1.08501 -28.6886 
v -16.5591 1.9197 -27.3635 
v -16.589 1.76511 -27.4568 
v -16.5356 1.79101 -27.3208 
v -16.1576 3.39508 -28.8033 
v -16.1395 3.39359 -28.8595 
v -16.1985 3.34645 -28.8211 
v -16.1623 3.36298 -28.8837 
v -16.4893 1.03767 -27.3012 
v -16.4979 1.0669 -27.2891 
v -16.4837 1.04488 -27.3802 
v -16.2864 4.04928 -27.6894 
v -16.32 4.07227 -27.7579 
v -16.2922 4.03825 -27.6934 
v -16.314 4.08464 -27.7552 
v -16.4285 3.7378 -27.938 
v -16.4204 3.74106 -28.0003 
v -16.4501 3.67373 -27.99 
v -16.4622 3.66478 -27.9457 
v -16.1886 2.54795 -28.7328 
v -16.0633 2.81523 -28.8089 
v -16.018 2.63923 -28.7269 
v -16.1339 2.50326 -28.6787 
v -16.4893 1.03767 -28.8298 
v -16.4837 1.04488 -28.7508 
v -16.4979 1.0669 -28.8419 
v -16.5866 1.82641 -28.4198 
v -16.5828 1.83622 -28.4568 
v -16.5797 1.82444 -28.4594 
v -16.5838 1.81247 -28.4196 
v -16.5739 1.85236 -28.4929 
v -16.5797 1.82444 -28.4594 
v -16.5019 1.08078 -28.7362 
v -16.507 0.987501 -28.6818 
v -16.5134 1.08501 -28.6886 
v -16.5228 0.977251 -28.6363 
v -15.7665 2.26964 -26.9615 
v -15.7057 2.20539 -26.9576 
v -15.6914 2.21618 -26.9339 
v -15.7537 2.28661 -26.9409 
v -15.6587 2.15063 -26.9676 
v -15.6914 2.21618 -26.9339 
v -15.6243 2.12736 -26.951 
v -16.5953 2.0007 -28.5652 
v -16.5692 2.00488 -28.6047 
v -16.5917 1.97946 -28.5705 
v -16.5751 2.01652 -28.5957 
v -16.5563 2.04579 -28.6238 
v -16.5692 2.00488 -28.6047 
v -15.5214 2.23392 -27.1095 
v -15.634 2.39059 -27.1713 
v -15.736 2.3416 -27.2069 
v -15.7099 2.50132 -27.2094 
v -15.736 2.3416 -27.2069 
v -15.8754 2.4537 -27.2515 
v -16.0633 2.81523 -28.8089 
v -15.9415 2.78214 -28.7957 
v -16.018 2.63923 -28.7269 
v -16.2004 3.38085 -27.2834 
v -16.1899 3.33018 -27.2543 
v -16.1701 3.36582 -27.2431 
v -16.2179 3.33626 -27.293 
v -15.1937 1.27811 -27.0076 
v -15.1896 1.32949 -27.0598 
v -15.2397 1.2995 -26.9576 
v -16.3322 3.46519 -28.5771 
v -16.3705 3.63949 -28.4509 
v -16.3108 3.49706 -28.591 
v -16.3415 3.6744 -28.4717 
v -16.2759 3.41604 -28.6554 
v -16.3108 3.49706 -28.591 
v -16.2989 3.37212 -28.6421 
v -16.5288 2.24674 -27.6213 
v -16.5438 2.23671 -27.6613 
v -16.5374 2.22399 -27.6589 
v -16.6172 1.97096 -28.5275 
v -16.6352 1.97707 -28.48 
v -16.6175 1.99748 -28.5286 
v -16.6322 2.00845 -28.4902 
v -16.6175 1.99748 -28.5286 
v -16.5917 1.97946 -28.5705 
v -16.5953 2.0007 -28.5652 
v -16.5509 1.53939 -28.4431 
v -16.5415 1.59658 -28.5573 
v -16.535 1.50052 -28.4973 
v -16.5618 1.65666 -28.5048 
v -16.532 1.43264 -28.4258 
v -16.5509 1.53939 -28.4431 
v -16.5385 1.46152 -28.3559 
v -16.3961 4.07885 -27.9813 
v -16.3766 4.119 -27.9436 
v -16.3938 4.09896 -27.996 
v -16.3826 4.09781 -27.9363 
v -16.5485 0.819253 -28.5783 
v -16.5484 0.832114 -28.6024 
v -16.5402 0.793002 -28.6587 
v -16.3845 3.7283 -27.7455 
v -16.3434 3.79403 -27.7188 
v -16.3834 3.78339 -27.8032 
v -16.3444 3.69795 -27.6491 
v -16.3845 3.7283 -27.7455 
v -16.3714 3.63949 -27.6801 
v -16.0908 3.4076 -27.3892 
v -16.2639 3.25821 -27.4681 
v -16.0686 3.24455 -27.3545 
v -15.9715 3.02507 -28.8437 
v -16.0925 3.24455 -28.7766 
v -15.9383 3.24851 -28.8263 
v -16.1144 3.06378 -28.7661 
v -15.9715 3.02507 -28.8437 
v -16.1688 2.86717 -28.7143 
v -16.0633 2.81523 -28.8089 
v -16.0686 3.24455 -27.3545 
v -16.2639 3.25821 -27.4681 
v -16.2362 3.16347 -27.4404 
v -16.5625 1.77299 -28.5427 
v -16.5352 1.7165 -28.6116 
v -16.5618 1.65666 -28.5048 
v -16.5356 1.79101 -28.8102 
v -16.5689 1.66453 -28.7283 
v -16.589 1.76511 -28.6742 
v -16.5976 1.69732 -28.6441 
v -16.1132 3.7989 -27.4957 
v -16.1319 3.84107 -27.5208 
v -16.1261 3.79172 -27.5033 
v -16.1166 3.85125 -27.5108 
v -16.1132 3.7989 -27.4957 
v -16.1109 3.66164 -27.4656 
v -16.1046 3.43697 -27.2791 
v -16.0923 3.54998 -27.3344 
v -16.1282 3.42431 -27.3107 
v -16.123 3.53875 -27.3657 
v -16.1282 3.42431 -27.3107 
v -16.1283 3.33342 -27.2727 
v -16.109 3.34578 -27.2419 
v -16.0699 3.7582 -27.4552 
v -16.123 3.53875 -27.3657 
v -16.107 3.77335 -27.4969 
v -16.1283 3.33342 -27.2727 
v -16.1037 3.27657 -27.2231 
v -16.1217 3.26825 -27.2533 
v -16.1175 3.20853 -27.2524 
v -16.1037 3.27657 -27.2231 
v -16.0987 3.18965 -27.2231 
v -15.1937 1.27811 -27.0076 
v -15.1304 1.28921 -27.1081 
v -15.1896 1.32949 -27.0598 
v -16.0394 3.99159 -28.4388 
v -16.0171 4.07778 -28.3617 
v -16.0207 4.01288 -28.4559 
v -16.0373 4.05169 -28.3467 
v -16.0132 3.92503 -28.5482 
v -16.0394 3.99159 -28.4388 
v -16.0318 3.90823 -28.5316 
v -16.0132 3.92503 -28.5482 
v -16.0144 3.80386 -28.6191 
v -15.9888 3.77811 -28.663 
v -16.1886 2.54795 -28.7328 
v -16.1339 2.50326 -28.6787 
v -16.3257 2.30504 -28.6489 
v -16.3257 2.30504 -28.6489 
v -16.1339 2.50326 -28.6787 
v -16.0616 2.48475 -28.6313 
v -15.7537 2.28661 -26.9409 
v -15.8288 2.33878 -26.9929 
v -15.7665 2.26964 -26.9615 
v -15.8182 2.35882 -26.9763 
v -16.1623 3.36298 -28.8837 
v -16.1145 3.41412 -28.8941 
v -16.121 3.39665 -28.9187 
v -16.1395 3.39359 -28.8595 
v -16.2639 3.25821 -27.4681 
v -16.0908 3.4076 -27.3892 
v -16.2923 3.35389 -27.4903 
v -16.5056 3.6632 -28.1881 
v -16.4939 3.70673 -28.1828 
v -16.4976 3.6794 -28.2115 
v -16.5015 3.68451 -28.1656 
v -16.5315 1.76947 -28.4564 
v -16.5515 1.68772 -28.3974 
v -16.5519 1.77676 -28.4136 
v -16.5296 1.6739 -28.4338 
v -16.5356 1.79101 -27.3208 
v -16.589 1.76511 -27.4568 
v -16.5689 1.66453 -27.4028 
v -16.5976 1.69732 -27.4869 
v -15.9415 2.78214 -28.7957 
v -15.917 2.60725 -28.6556 
v -16.018 2.63923 -28.7269 
v -15.8107 2.75639 -28.7073 
v -16.4349 3.32834 -28.4222 
v -16.4248 3.26936 -28.4625 
v -16.4596 3.30719 -28.3992 
v -16.4486 3.24556 -28.443 
v -16.5023 1.06103 -27.2446 
v -16.5057 1.0859 -27.2636 
v -16.4979 1.0669 -27.2891 
v -16.4893 1.03767 -27.3012 
v -16.602 1.63833 -27.5974 
v -16.5988 1.7039 -27.596 
v -16.6112 1.7058 -27.6119 
v -16.6127 1.63487 -27.6115 
v -15.8564 2.30522 -27.1629 
v -15.7815 2.24029 -27.1386 
v -15.7585 2.28551 -27.0665 
v -15.8449 2.36553 -27.0915 
v -15.7585 2.28551 -27.0665 
v -15.7044 2.17408 -27.1372 
v -15.6641 2.20557 -27.0716 
v -15.7044 2.17408 -27.1372 
v -15.5922 2.12695 -27.1196 
v -15.6106 2.07867 -27.1944 
v -15.917 2.60725 -28.6556 
v -16.0616 2.48475 -28.6313 
v -16.018 2.63923 -28.7269 
v -16.1339 2.50326 -28.6787 
v -16.5023 1.06103 -28.8864 
v -16.4893 1.03767 -28.8298 
v -16.4979 1.0669 -28.8419 
v -16.5057 1.0859 -28.8674 
v -16.4661 3.6841 -28.0086 
v -16.4794 3.67701 -27.9765 
v -16.4709 3.69647 -27.9776 
v -16.472 3.66993 -28.0043 
v -16.4041 3.17729 -27.5726 
v -16.4284 3.18975 -27.6371 
v -16.4232 3.15065 -27.5838 
v -16.4073 3.21569 -27.621 
v -16.4336 3.18975 -28.494 
v -16.4486 3.24556 -28.443 
v -16.4188 3.21569 -28.5101 
v -16.4248 3.26936 -28.4625 
v -16.4073 3.21569 -27.621 
v -16.4376 3.24556 -27.688 
v -16.4284 3.18975 -27.6371 
v -16.4154 3.26936 -27.6685 
v -16.4387 3.66805 -28.0273 
v -16.4002 3.6973 -28.0655 
v -16.4286 3.64663 -28.0655 
v -16.4071 3.72102 -28.0405 
v -16.5618 1.65666 -28.5048 
v -16.5352 1.7165 -28.6116 
v -16.5415 1.59658 -28.5573 
v -16.2565 3.99798 -27.621 
v -16.2922 4.03825 -27.6934 
v -16.2625 3.98805 -27.6269 
v -16.2864 4.04928 -27.6894 
v -16.5838 1.81247 -28.4196 
v -16.5894 1.8308 -28.3815 
v -16.5866 1.82641 -28.4198 
v -16.5875 1.81591 -28.3766 
v -16.5101 1.63263 -27.818 
v -16.5095 1.66754 -27.8577 
v -16.5038 1.65901 -27.8655 
v -16.4387 3.66805 -28.0273 
v -16.4204 3.74106 -28.0003 
v -16.4071 3.72102 -28.0405 
v -16.5472 1.33835 -27.4562 
v -16.5303 1.12644 -27.4354 
v -16.5133 1.27435 -27.3584 
v -16.5468 1.15319 -27.534 
v -16.5477 1.83021 -27.5575 
v -16.5221 1.73255 -27.5 
v -16.5164 1.84954 -27.4479 
v -16.5498 1.73757 -27.5865 
v -16.4495 3.65007 -28.0519 
v -16.4535 3.69078 -28.0685 
v -16.4684 3.67952 -28.0701 
v -16.4535 3.69078 -28.0685 
v -16.4803 3.69352 -28.0916 
v -16.4628 3.7126 -28.0903 
v -15.6059 2.05531 -26.9995 
v -15.6243 2.12736 -26.951 
v -15.6587 2.15063 -26.9676 
v -16.0033 2.91796 -27.312 
v -16.1382 2.965 -27.3651 
v -16.0259 2.87318 -27.3125 
v -16.0986 3.06378 -27.3509 
v -16.1382 2.965 -27.3651 
v -16.0651 2.81523 -27.3237 
v -16.1886 2.86084 -27.4137 
v -16.1646 2.60902 -27.3982 
v -16.0651 2.81523 -27.3237 
v -16.2006 3.03563 -27.2019 
v -16.1925 3.08431 -27.2079 
v -16.2176 3.07598 -27.2392 
v -16.1867 3.03884 -27.1806 
v -16.4926 3.64108 -27.8886 
v -16.4788 3.68771 -27.9032 
v -16.4877 3.66372 -27.9177 
v -16.4836 3.662 -27.8667 
v -16.4926 3.64108 -27.8886 
v -16.4856 3.61507 -27.8323 
v -16.4951 3.59839 -27.8584 
v -16.4874 2.09003 -28.6944 
v -16.5245 2.00305 -28.6934 
v -16.5137 2.09597 -28.6676 
v -16.5444 2.01377 -28.671 
v -16.5245 2.00305 -28.6934 
v -16.5651 1.95086 -28.6526 
v -16.5472 1.93952 -28.6729 
v -16.4146 3.09513 -28.4818 
v -16.4337 3.12919 -28.4302 
v -16.4066 3.10603 -28.4852 
v -16.4224 3.1437 -28.4376 
v -16.4204 3.74106 -28.0003 
v -16.4387 3.66805 -28.0273 
v -16.4501 3.67373 -27.99 
v -16.0742 3.15417 -27.3597 
v -16.0686 3.24455 -27.3545 
v -16.2362 3.16347 -27.4404 
v -16.2278 3.07859 -27.4395 
v -16.0986 3.06378 -27.3509 
v -16.0742 3.15417 -27.3597 
v -16.2278 3.07859 -27.4395 
v -16.2261 2.99732 -27.4481 
v -15.9902 4.08486 -28.0961 
v -16.0203 4.07808 -28.1455 
v -16.0142 4.06004 -28.1105 
v -15.9971 4.10719 -28.1387 
v -16.4208 3.15065 -28.5472 
v -16.3974 3.15346 -28.608 
v -16.4135 3.12853 -28.603 
v -16.406 3.17729 -28.5584 
v -16.4154 3.26936 -27.6685 
v -16.4475 3.30719 -27.7318 
v -16.4376 3.24556 -27.688 
v -16.4246 3.32834 -27.7089 
v -16.5617 2.28051 -28.4888 
v -16.5645 2.2693 -28.4485 
v -16.5668 2.28641 -28.473 
v -16.5692 2.2821 -28.4421 
v -16.5668 2.28641 -28.473 
v -16.0969 2.93215 -27.2975 
v -16.081 2.79262 -27.3056 
v -16.0506 2.8505 -27.2784 
v -16.0573 2.93454 -27.2703 
v -16.5275 1.5716 -28.7123 
v -16.4124 1.75502 -28.8466 
v -16.4323 1.55931 -28.8599 
v -16.5275 1.5716 -28.7123 
v -16.4717 1.38805 -28.8278 
v -16.5492 1.33835 -28.6749 
v -16.4821 3.61005 -28.2711 
v -16.4538 3.67702 -28.2844 
v -16.4589 3.62711 -28.3093 
v -16.4787 3.6579 -28.2477 
v -16.4564 3.51433 -28.3517 
v -16.4821 3.61005 -28.2711 
v -16.4791 3.49963 -28.3164 
v -16.4422 3.39708 -28.3915 
v -16.4349 3.32834 -28.4222 
v -16.467 3.37086 -28.3643 
v -16.4596 3.30719 -28.3992 
v -16.4805 1.27383 -28.8852 
v -16.4955 1.19116 -28.8443 
v -16.5006 1.28309 -28.8311 
v -16.5058 1.21115 -28.798 
v -16.1626 2.9303 -27.4273 
v -16.0576 3.25682 -27.3877 
v -16.1758 3.27911 -27.4521 
v -16.007 2.89772 -27.3334 
v -16.4542 3.66528 -28.1854 
v -16.4324 3.7381 -28.193 
v -16.4388 3.71539 -28.2489 
v -16.4208 3.15065 -28.5472 
v -16.4336 3.18975 -28.494 
v -16.406 3.17729 -28.5584 
v -16.4188 3.21569 -28.5101 
v -16.4232 3.15065 -27.5838 
v -16.4057 3.15346 -27.523 
v -16.4041 3.17729 -27.5726 
v -16.4222 3.12853 -27.5281 
v -16.5084 3.63345 -28.2078 
v -16.4976 3.6794 -28.2115 
v -16.4972 3.64453 -28.2332 
v -16.5056 3.6632 -28.1881 
v -16.4669 2.01107 -27.1108 
v -16.4904 1.95471 -27.18 
v -16.4802 1.93219 -27.1409 
v -16.4784 2.02371 -27.1517 
v -16.4904 1.95471 -27.18 
v -16.5087 1.78079 -27.2205 
v -16.5231 1.79872 -27.2617 
v -16.5294 1.73905 -27.2733 
v -16.5087 1.78079 -27.2205 
v -16.5133 1.73003 -27.2306 
v -16.4755 3.14951 -28.2144 
v -16.4681 3.16058 -28.1863 
v -16.4737 3.15221 -28.2148 
v -16.4708 3.1584 -28.1849 
v -16.5254 1.53671 -28.2537 
v -16.531 1.58082 -28.2303 
v -16.5298 1.56952 -28.2606 
v -16.5208 1.56319 -28.2127 
v -16.4042 3.07694 -28.5357 
v -16.4146 3.09513 -28.4818 
v -16.3984 3.08496 -28.5368 
v -16.4066 3.10603 -28.4852 
v -16.5134 1.85876 -28.6559 
v -16.5625 1.77299 -28.5427 
v -16.558 1.93124 -28.5526 
v -16.5352 1.7165 -28.6116 
v -16.4002 3.6973 -28.0655 
v -16.4361 3.66735 -28.1037 
v -16.4286 3.64663 -28.0655 
v -16.4102 3.72017 -28.0905 
v -16.4324 3.7381 -28.193 
v -16.4456 3.67361 -28.1411 
v -16.4222 3.74073 -28.1308 
v -16.4542 3.66528 -28.1854 
v -16.1925 3.08431 -27.2079 
v -16.2319 3.14828 -27.2957 
v -16.2176 3.07598 -27.2392 
v -16.2387 3.10313 -27.2914 
v -16.5263 1.53877 -28.3047 
v -16.5298 1.56952 -28.2606 
v -16.5341 1.57312 -28.2954 
v -16.5254 1.53671 -28.2537 
v -16.489 3.60885 -27.8599 
v -16.4574 3.51418 -27.7793 
v -16.4641 3.62603 -27.8218 
v -16.4812 3.4991 -27.8147 
v -16.4586 3.67601 -27.8466 
v -16.489 3.60885 -27.8599 
v -16.48 3.65686 -27.8834 
v -16.2584 3.02016 -28.8196 
v -16.2273 3.03964 -28.8604 
v -16.2357 2.96992 -28.856 
v -16.4671 3.60286 -27.8642 
v -16.4395 3.71461 -27.8822 
v -16.4622 3.66478 -27.9457 
v -16.4436 3.67822 -27.8328 
v -16.2627 3.02016 -27.3114 
v -16.2515 3.09078 -27.3144 
v -16.2883 3.05898 -27.3598 
v -16.2298 3.03964 -27.2706 
v -16.2627 3.02016 -27.3114 
v -16.2376 2.96992 -27.275 
v -16.2298 3.03964 -27.2706 
v -16.4803 3.66604 -28.2253 
v -16.4913 3.60946 -28.2349 
v -16.492 3.66016 -28.2131 
v -16.4783 3.61528 -28.2498 
v -16.4735 3.55483 -28.2725 
v -16.4913 3.60946 -28.2349 
v -16.4877 3.54903 -28.2548 
v -16.2063 2.89487 -28.8975 
v -16.2222 2.85783 -28.8729 
v -16.226 2.90161 -28.875 
v -16.2081 2.85202 -28.8907 
v -16.2304 3.14828 -28.8354 
v -16.1988 3.08431 -28.9231 
v -16.2182 3.07598 -28.8918 
v -16.2417 3.10313 -28.8396 
v -16.5492 1.33835 -28.6749 
v -16.4717 1.38805 -28.8278 
v -16.5038 1.25838 -28.7779 
v -16.5562 2.3047 -28.52 
v -16.5617 2.28051 -28.4888 
v -16.5668 2.28641 -28.473 
v -16.121 3.39665 -28.9187 
v -16.1004 3.41971 -28.9434 
v -16.1144 3.38295 -28.9296 
v -16.1037 3.43329 -28.9336 
v -16.4939 3.65518 -28.1055 
v -16.4867 3.6817 -28.1003 
v -16.49 3.67393 -28.1193 
v -16.4905 3.66014 -28.0925 
v -16.0154 2.60526 -27.2264 
v -15.8833 2.43181 -27.041 
v -15.9841 2.5981 -27.1982 
v -15.8658 2.44968 -27.038 
v -15.8833 2.43181 -27.041 
v -15.7985 2.3786 -26.9723 
v -15.8182 2.35882 -26.9763 
v -16.2584 3.02016 -28.8196 
v -16.2464 3.09078 -28.8166 
v -16.2273 3.03964 -28.8604 
v -16.2807 3.05898 -28.7712 
v -16.2883 3.05898 -27.3598 
v -16.2515 3.09078 -27.3144 
v -16.2833 3.1397 -27.3762 
v -16.238 3.14853 -28.6539 
v -16.1884 3.1295 -28.7216 
v -16.255 3.0538 -28.646 
v -16.2038 3.03315 -28.7209 
v -16.2501 3.32469 -28.6255 
v -16.1884 3.1295 -28.7216 
v -16.2013 3.35389 -28.6427 
v -16.2442 3.57111 -28.561 
v -16.2501 3.32469 -28.6255 
v -16.2038 3.03315 -28.7209 
v -16.283 2.91761 -28.6308 
v -16.2333 2.90235 -28.714 
v -16.5976 1.69732 -28.6441 
v -16.5689 1.66453 -28.7283 
v -16.6052 1.64402 -28.6348 
v -16.21 2.94096 -28.8961 
v -16.226 2.90161 -28.875 
v -16.2357 2.96992 -28.856 
v -16.2063 2.89487 -28.8975 
v -16.5275 1.5716 -27.4188 
v -16.439 1.55931 -27.2711 
v -16.4118 1.75502 -27.2844 
v -16.5275 1.5716 -27.4188 
v -16.4717 1.38805 -27.3032 
v -16.5472 1.33835 -27.4562 
v -16.0987 3.18965 -27.2231 
v -16.0969 2.93215 -27.2975 
v -16.0597 3.12709 -27.2194 
v -16.0573 2.93454 -27.2703 
v -16.2807 3.05898 -28.7712 
v -16.2744 3.1397 -28.7548 
v -16.2464 3.09078 -28.8166 
v -16.4427 3.1965 -28.3949 
v -16.4224 3.1437 -28.4376 
v -16.4576 3.17898 -28.3805 
v -16.4337 3.12919 -28.4302 
v -16.5976 1.69732 -27.4869 
v -16.6052 1.64402 -27.4962 
v -16.5689 1.66453 -27.4028 
v -16.2807 3.05898 -28.7712 
v -16.3114 3.18471 -28.6819 
v -16.2744 3.1397 -28.7548 
v -16.3887 3.17237 -28.5585 
v -16.2064 2.89487 -27.2335 
v -16.2224 2.85783 -27.2581 
v -16.2081 2.85202 -27.2403 
v -16.2265 2.90161 -27.256 
v -16.2104 2.94096 -27.235 
v -16.2265 2.90161 -27.256 
v -16.2064 2.89487 -27.2335 
v -16.2376 2.96992 -27.275 
v -16.2387 3.10313 -27.2914 
v -16.2319 3.14828 -27.2957 
v -16.2833 3.1397 -27.3762 
v -16.081 2.79262 -27.3056 
v -16.039 2.76757 -27.2724 
v -16.0506 2.8505 -27.2784 
v -16.2089 3.29243 -28.828 
v -16.1985 3.34645 -28.8211 
v -16.1614 3.32471 -28.8938 
v -16.1623 3.36298 -28.8837 
v -16.5947 1.63395 -28.5339 
v -16.5919 1.57808 -28.5478 
v -16.6045 1.63049 -28.5198 
v -16.6006 1.5718 -28.5356 
v -16.4585 3.37085 -27.7667 
v -16.4475 3.30719 -27.7318 
v -16.4246 3.32834 -27.7089 
v -16.435 3.3887 -27.7395 
v -16.5875 1.81591 -28.3766 
v -16.5921 1.85073 -28.341 
v -16.5894 1.8308 -28.3815 
v -16.5912 1.83637 -28.3318 
v -16.2417 3.10313 -28.8396 
v -16.2744 3.1397 -28.7548 
v -16.2304 3.14828 -28.8354 
v -16.1841 2.97713 -27.1793 
v -16.1852 2.93417 -27.2014 
v -16.1721 2.93155 -27.1977 
v -16.163 2.97754 -27.1703 
v -16.1895 2.89162 -27.2577 
v -16.1721 2.93155 -27.1977 
v -16.558 1.93124 -28.5526 
v -16.499 1.99323 -28.6639 
v -16.5134 1.85876 -28.6559 
v -16.4669 2.01107 -29.0202 
v -16.4904 1.95471 -28.9511 
v -16.4784 2.02371 -28.9793 
v -16.4802 1.93219 -28.9902 
v -16.5196 1.78079 -28.9105 
v -16.4904 1.95471 -28.9511 
v -16.5327 1.79872 -28.8694 
v -16.5196 1.78079 -28.9105 
v -16.5549 1.73905 -28.8577 
v -16.5377 1.73003 -28.9005 
v -16.1562 2.77072 -27.4276 
v -16.007 2.89772 -27.3334 
v -16.1626 2.9303 -27.4273 
v -16.0031 2.79036 -27.3279 
v -16.1562 2.77072 -27.4276 
v -15.9989 2.71024 -27.3237 
v -16.131 2.66529 -27.4187 
v -16.4361 3.66735 -28.1037 
v -16.4102 3.72017 -28.0905 
v -16.4222 3.74073 -28.1308 
v -16.3887 3.17237 -28.5585 
v -16.3422 3.23036 -28.6196 
v -16.3114 3.18471 -28.6819 
v -16.4972 3.64453 -28.2332 
v -16.5096 3.60047 -28.2216 
v -16.5084 3.63345 -28.2078 
v -16.4962 3.60839 -28.2468 
v -16.498 3.57113 -28.2547 
v -16.5096 3.60047 -28.2216 
v -16.5116 3.5656 -28.2296 
v -16.4589 3.20454 -28.1523 
v -16.463 3.17862 -28.1653 
v -16.4647 3.20184 -28.1467 
v -16.467 3.17587 -28.1622 
v -16.463 3.17862 -28.1653 
v -16.4708 3.1584 -28.1849 
v -16.4681 3.16058 -28.1863 
v -16.5498 1.73757 -27.5865 
v -16.545 1.64932 -27.5737 
v -16.5221 1.73255 -27.5 
v -16.4607 3.63274 -28.0524 
v -16.4664 3.65756 -28.0294 
v -16.4621 3.66499 -28.0339 
v -16.472 3.66993 -28.0043 
v -16.4621 3.66499 -28.0339 
v -16.4661 3.6841 -28.0086 
v -16.0154 2.60526 -27.2264 
v -15.9841 2.5981 -27.1982 
v -16.0193 2.68155 -27.2475 
v -16.5239 1.94657 -27.4759 
v -16.4943 2.03165 -27.4735 
v -16.5314 2.05269 -27.5157 
v -16.5084 1.9485 -27.4533 
v -16.5341 1.78058 -27.4821 
v -16.5239 1.94657 -27.4759 
v -16.2002 3.03563 -28.9292 
v -16.2182 3.07598 -28.8918 
v -16.1988 3.08431 -28.9231 
v -16.1866 3.03884 -28.9504 
v -16.209 3.50648 -28.6354 
v -16.0941 3.4076 -28.7419 
v -16.1944 3.35389 -28.63 
v -16.1215 3.56571 -28.6764 
v -16.2206 3.90562 -27.5463 
v -16.2625 3.98805 -27.6269 
v -16.2265 3.89797 -27.5528 
v -16.2565 3.99798 -27.621 
v -16.4671 3.60286 -27.8642 
v -16.442 3.63018 -27.7868 
v -16.4436 3.67822 -27.8328 
v -16.4789 3.68228 -28.0797 
v -16.4905 3.66014 -28.0925 
v -16.4839 3.6601 -28.0799 
v -16.4867 3.6817 -28.1003 
v -16.6045 1.63049 -28.5198 
v -16.6008 1.56551 -28.5209 
v -16.6049 1.62809 -28.5026 
v -16.6006 1.5718 -28.5356 
v -16.2442 3.57111 -28.561 
v -16.1349 3.24844 -28.7387 
v -16.1987 3.2423 -28.6696 
v -16.2133 3.10668 -28.6792 
v -16.1349 3.24844 -28.7387 
v -16.1268 3.10323 -28.77 
v -16.4337 3.54255 -28.4078 
v -16.4193 3.60274 -28.4186 
v -16.3969 3.34806 -28.5243 
v -16.2833 3.1397 -27.3762 
v -16.2764 3.19807 -27.3754 
v -16.3083 3.23901 -27.4305 
v -16.1809 3.76858 -27.4649 
v -16.2265 3.89797 -27.5528 
v -16.186 3.76348 -27.4701 
v -16.2206 3.90562 -27.5463 
v -16.1809 3.76858 -27.4649 
v -16.14 3.58574 -27.3777 
v -16.4222 3.74073 -28.1308 
v -16.4456 3.67361 -28.1411 
v -16.4361 3.66735 -28.1037 
v -16.456 3.25625 -28.3602 
v -16.4427 3.1965 -28.3949 
v -16.4731 3.2402 -28.3388 
v -16.4576 3.17898 -28.3805 
v -16.3887 3.17237 -28.5585 
v -16.3716 3.28231 -28.5699 
v -16.3422 3.23036 -28.6196 
v -16.2357 2.96992 -28.856 
v -16.2166 2.98887 -28.8846 
v -16.21 2.94096 -28.8961 
v -16.0442 2.68861 -27.2747 
v -16.039 2.76757 -27.2724 
v -16.081 2.79262 -27.3056 
v -16.0193 2.68155 -27.2475 
v -16.2911 2.73037 -27.4593 
v -16.2426 2.71883 -27.4076 
v -16.2441 3.03495 -27.4359 
v -16.2744 3.1397 -28.7548 
v -16.2982 3.23901 -28.7005 
v -16.2679 3.19807 -28.7556 
v -16.3866 2.53936 -28.5788 
v -16.4238 2.45084 -28.5451 
v -16.4041 2.54944 -28.5572 
v -16.4011 2.44441 -28.5714 
v -16.5692 2.2821 -28.4421 
v -16.5626 2.26925 -28.4025 
v -16.5681 2.28428 -28.4061 
v -16.5645 2.2693 -28.4485 
v -16.4784 2.02371 -28.9793 
v -16.4579 2.0805 -29.0258 
v -16.4669 2.01107 -29.0202 
v -16.4698 2.08115 -28.9864 
v -16.2357 2.96992 -28.856 
v -16.2273 3.03964 -28.8604 
v -16.2166 2.98887 -28.8846 
v -16.5785 1.61499 -27.4089 
v -16.6081 1.54992 -27.4843 
v -16.5832 1.56265 -27.4056 
v -16.6052 1.64402 -27.4962 
v -16.3272 2.61373 -27.4675 
v -16.2426 2.71883 -27.4076 
v -16.2911 2.73037 -27.4593 
v -16.2637 2.60567 -27.3953 
v -16.2376 2.96992 -27.275 
v -16.2178 2.98887 -27.2465 
v -16.2298 3.03964 -27.2706 
v -16.2104 2.94096 -27.235 
v -16.2883 3.05898 -27.3598 
v -16.3205 3.18471 -27.4491 
v -16.3919 3.17237 -27.5725 
v -16.2833 3.1397 -27.3762 
v -16.2764 3.19807 -27.3754 
v -16.2833 3.1397 -27.3762 
v -16.2319 3.14828 -27.2957 
v -16.2989 3.37212 -28.6421 
v -16.2425 3.36556 -28.717 
v -16.2585 3.28691 -28.6901 
v -16.2759 3.41604 -28.6554 
v -16.4564 3.51433 -28.3517 
v -16.4422 3.39708 -28.3915 
v -16.4791 3.49963 -28.3164 
v -16.467 3.37086 -28.3643 
v -16.5967 1.88633 -28.2981 
v -16.5912 1.83637 -28.3318 
v -16.5972 1.8737 -28.2851 
v -16.5921 1.85073 -28.341 
v -16.5488 0.7948 -28.5646 
v -16.5485 0.819253 -28.5783 
v -16.5402 0.793002 -28.6587 
v -16.3791 4.12743 -28.1457 
v -16.3893 4.07731 -28.1315 
v -16.3831 4.11377 -28.117 
v -16.3893 4.0828 -28.161 
v -16.4604 3.60417 -28.2668 
v -16.4388 3.71539 -28.2489 
v -16.4403 3.67916 -28.2982 
v -16.4542 3.66528 -28.1854 
v -16.4617 3.32383 -28.333 
v -16.456 3.25625 -28.3602 
v -16.4789 3.3127 -28.3078 
v -16.4731 3.2402 -28.3388 
v -16.4784 2.02371 -27.1517 
v -16.4579 2.0805 -27.1052 
v -16.4698 2.08115 -27.1447 
v -16.4669 2.01107 -27.1108 
v -16.5296 1.35912 -27.2697 
v -16.5655 1.57852 -27.3488 
v -16.5231 1.53349 -27.4557 
v -16.5364 1.37503 -27.2062 
v -16.3919 3.17237 -27.5725 
v -16.3205 3.18471 -27.4491 
v -16.3491 3.23036 -27.5114 
v -16.4951 3.64473 -28.1185 
v -16.49 3.67393 -28.1193 
v -16.4915 3.66006 -28.1366 
v -16.4939 3.65518 -28.1055 
v -16.5897 1.90726 -28.5997 
v -16.5909 1.90099 -28.5517 
v -16.5923 1.91889 -28.5936 
v -16.5937 1.87579 -28.5384 
v -16.5819 1.94349 -28.637 
v -16.5897 1.90726 -28.5997 
v -16.5451 2.23379 -27.6951 
v -16.5415 2.24689 -27.7409 
v -16.5356 2.22483 -27.7256 
v -16.5313 2.23696 -27.7553 
v -16.5392 2.21871 -27.6929 
v -16.5438 2.23671 -27.6613 
v -16.5374 2.22399 -27.6589 
v -16.5385 1.46152 -28.3559 
v -16.532 1.43264 -28.4258 
v -16.5344 1.40114 -28.3431 
v -16.5296 1.35912 -28.8613 
v -16.5231 1.53349 -28.6754 
v -16.5655 1.57852 -28.7822 
v -16.5364 1.37503 -28.9248 
v -16.5841 1.61499 -28.7221 
v -16.6081 1.54992 -28.6467 
v -16.6052 1.64402 -28.6348 
v -16.5888 1.56265 -28.7254 
v -16.5133 1.73003 -27.2306 
v -16.5367 1.68849 -27.2715 
v -16.5195 1.68828 -27.2292 
v -16.5294 1.73905 -27.2733 
v -16.2623 3.08029 -27.4978 
v -16.2282 3.0782 -27.4733 
v -16.2609 3.30239 -27.539 
v -16.2772 2.9368 -27.5311 
v -16.2282 3.0782 -27.4733 
v -16.2346 2.92427 -27.4874 
v -16.3919 3.17237 -27.5725 
v -16.3491 3.23036 -27.5114 
v -16.3715 3.28231 -27.5611 
v -16.5436 0.819253 -27.5527 
v -16.5466 0.86087 -27.5513 
v -16.5462 0.871365 -27.5982 
v -16.5458 0.832114 -27.5385 
v -16.3158 2.62569 -28.6717 
v -16.1528 3.00642 -28.7548 
v -16.2663 2.61416 -28.7377 
v -16.5149 1.76911 -28.6733 
v -16.4734 1.53634 -28.8323 
v -16.5043 1.51969 -28.792 
v -16.4946 1.35476 -28.8352 
v -16.4734 1.53634 -28.8323 
v -16.4657 1.35792 -28.8931 
v -16.4946 1.35476 -28.8352 
v -16.4805 1.27383 -28.8852 
v -16.5006 1.28309 -28.8311 
v -16.498 3.57113 -28.2547 
v -16.5019 3.53104 -28.2582 
v -16.5116 3.5656 -28.2296 
v -16.5137 3.52878 -28.2331 
v -15.8818 3.30062 -27.259 
v -15.9518 3.44516 -27.3541 
v -15.9434 3.24851 -27.3047 
v -16.0633 2.81523 -28.8089 
v -16.2599 2.66328 -28.6329 
v -16.1688 2.86717 -28.7143 
v -16.1886 2.54795 -28.7328 
v -16.5541 1.03249 -27.5986 
v -16.5471 0.923669 -27.6144 
v -16.5536 1.0092 -27.5284 
v -16.4737 3.15221 -28.2148 
v -16.4777 3.14921 -28.2415 
v -16.4755 3.14951 -28.2144 
v -16.4766 3.15186 -28.2414 
v -16.442 3.63018 -27.7868 
v -16.4333 3.54255 -27.7233 
v -16.4201 3.60274 -27.7124 
v -16.429 3.68271 -27.7748 
v -16.392 3.34806 -27.6067 
v -16.4201 3.60274 -27.7124 
v -16.4337 3.54255 -28.4078 
v -16.4403 3.63083 -28.3442 
v -16.4193 3.60274 -28.4186 
v -16.4311 3.68291 -28.3562 
v -16.4584 3.23975 -28.1123 
v -16.4665 3.21543 -28.1213 
v -16.4595 3.23789 -28.1073 
v -16.4656 3.21735 -28.1241 
v -16.4665 3.21543 -28.1213 
v -16.4754 3.19632 -28.1414 
v -16.2133 3.10668 -28.6792 
v -16.1268 3.10323 -28.77 
v -16.2127 2.96731 -28.6863 
v -16.1473 2.95598 -28.7708 
v -16.4188 3.2638 -28.4844 
v -16.3716 3.28231 -28.5699 
v -16.3887 3.17237 -28.5585 
v -16.5227 1.14291 -28.6956 
v -16.5412 1.06945 -28.6443 
v -16.5495 1.16967 -28.597 
v -16.5415 1.09453 -28.5535 
v -16.5095 2.17443 -27.4837 
v -16.5326 2.09597 -27.4634 
v -16.5071 2.09003 -27.4366 
v -16.4797 2.17473 -27.4557 
v -16.5553 2.01377 -27.4601 
v -16.5071 2.09003 -27.4366 
v -16.5359 2.00305 -27.4376 
v -16.5023 1.06103 -27.2446 
v -16.5102 1.12255 -27.2324 
v -16.5057 1.0859 -27.2636 
v -16.513 1.10996 -27.1889 
v -16.3714 3.63949 -27.6801 
v -16.3401 3.46519 -27.5539 
v -16.323 3.51329 -27.5238 
v -16.3444 3.69795 -27.6491 
v -16.1037 3.43329 -28.9336 
v -16.0896 3.49403 -28.9418 
v -16.1004 3.41971 -28.9434 
v -15.8701 3.16213 -27.2467 
v -15.8818 3.30062 -27.259 
v -15.9434 3.24851 -27.3047 
v -16.2333 2.90235 -28.714 
v -16.3214 2.82311 -28.6304 
v -16.283 2.91761 -28.6308 
v -16.2801 2.80711 -28.7076 
v -16.5364 1.37503 -28.9248 
v -16.5134 1.32396 -29 
v -16.5337 1.30687 -28.9592 
v -16.5139 1.40481 -28.9671 
v -16.5023 1.06103 -28.8864 
v -16.5102 1.12255 -28.8986 
v -16.513 1.10996 -28.9421 
v -16.5057 1.0859 -28.8674 
v -16.093 2.57463 -27.3918 
v -15.9932 2.64432 -27.3065 
v -16.131 2.66529 -27.4187 
v -15.9989 2.71024 -27.3237 
v -16.2637 2.60567 -27.3953 
v -16.3663 2.49735 -27.4663 
v -16.2976 2.49244 -27.3827 
v -16.3272 2.61373 -27.4675 
v -16.429 3.68271 -27.7748 
v -16.4436 3.67822 -27.8328 
v -16.442 3.63018 -27.7868 
v -16.4352 3.74522 -27.8348 
v -16.2679 3.19807 -28.7556 
v -16.2304 3.14828 -28.8354 
v -16.2744 3.1397 -28.7548 
v -16.3214 2.82311 -28.6304 
v -16.2801 2.80711 -28.7076 
v -16.3589 2.73476 -28.6511 
v -16.4735 3.55483 -28.2725 
v -16.4671 3.48426 -28.2934 
v -16.4877 3.54903 -28.2548 
v -16.4825 3.47881 -28.2724 
v -16.4634 3.4027 -28.3122 
v -16.4799 3.39622 -28.2879 
v -16.4671 3.48426 -28.2934 
v -16.4617 3.32383 -28.333 
v -16.4799 3.39622 -28.2879 
v -16.4789 3.3127 -28.3078 
v -16.5513 1.84119 -28.6724 
v -16.5259 1.97993 -28.6546 
v -16.4862 1.88591 -28.7554 
v -16.3628 3.37156 -28.6555 
v -16.3683 3.47874 -28.6136 
v -16.3486 3.39671 -28.6868 
v -16.3834 3.46234 -28.579 
v -16.5195 1.91793 -27.4771 
v -16.4026 2.1316 -27.4064 
v -16.5026 2.09229 -27.539 
v -16.4035 1.95239 -27.3388 
v -16.5195 1.91793 -27.4771 
v -16.4118 1.75502 -27.2844 
v -16.5275 1.5716 -27.4188 
v -16.6087 1.7058 -28.5192 
v -16.6047 1.80467 -28.5361 
v -16.6042 1.79371 -28.5561 
v -16.6095 1.70947 -28.4999 
v -16.6087 1.7058 -28.5192 
v -16.6049 1.62809 -28.5026 
v -16.6045 1.63049 -28.5198 
v -16.5364 1.37503 -27.2062 
v -16.5337 1.30687 -27.1718 
v -16.5134 1.32396 -27.131 
v -16.5139 1.40481 -27.164 
v -16.322 2.70209 -27.519 
v -16.3889 2.54944 -27.5738 
v -16.3718 2.53936 -27.5522 
v -16.3343 2.71221 -27.536 
v -16.322 2.70209 -27.519 
v -16.2424 3.04497 -27.4386 
v -15.8182 2.35882 -26.9763 
v -15.8913 2.41205 -27.0539 
v -15.8288 2.33878 -26.9929 
v -15.8833 2.43181 -27.041 
v -16.544 1.63758 -27.6833 
v -16.5448 1.59676 -27.6603 
v -16.5513 1.68086 -27.6247 
v -16.545 1.64932 -27.5737 
v -16.5498 1.73757 -27.5865 
v -16.5513 1.68086 -27.6247 
v -16.2663 2.61416 -28.7377 
v -16.3641 2.4971 -28.6706 
v -16.3158 2.62569 -28.6717 
v -16.3085 2.4925 -28.7489 
v -16.4111 3.2638 -27.6466 
v -16.3919 3.17237 -27.5725 
v -16.3715 3.28231 -27.5611 
v -16.2871 2.85845 -28.5629 
v -16.2356 3.16971 -28.5769 
v -16.2309 3.01772 -28.5957 
v -16.2645 2.90092 -28.5954 
v -16.5451 2.23379 -27.6951 
v -16.5356 2.22483 -27.7256 
v -16.5392 2.21871 -27.6929 
v -15.9579 3.0939 -27.3127 
v -15.8701 3.16213 -27.2467 
v -15.9434 3.24851 -27.3047 
v -15.8383 2.98589 -27.2668 
v -16.3718 2.53936 -27.5522 
v -16.4265 2.45084 -27.5859 
v -16.4041 2.44441 -27.5596 
v -16.3889 2.54944 -27.5738 
v -16.4055 4.04546 -28.0191 
v -16.3938 4.09896 -27.996 
v -16.4064 4.06112 -28.0391 
v -16.3961 4.07885 -27.9813 
v -16.2744 3.1397 -28.7548 
v -16.3114 3.18471 -28.6819 
v -16.2982 3.23901 -28.7005 
v -16.543 0.831451 -28.5076 
v -16.5485 0.819253 -28.5783 
v -16.5488 0.7948 -28.5646 
v -16.5509 0.871365 -28.5328 
v -16.5471 0.923669 -27.6144 
v -16.5477 0.903784 -27.5575 
v -16.5536 1.0092 -27.5284 
v -16.4524 3.23187 -27.7204 
v -16.4656 3.25897 -27.7591 
v -16.4594 3.21943 -27.734 
v -16.4562 3.27102 -27.7417 
v -16.5898 2.06526 -28.7736 
v -16.591 2.05453 -28.7718 
v -16.5958 2.08771 -28.7189 
v -16.579 2.07663 -28.8287 
v -16.591 2.05453 -28.7718 
v -16.5787 2.06115 -28.8375 
v -16.579 2.07663 -28.8287 
v -16.5635 2.10636 -28.8926 
v -16.561 2.12346 -28.8817 
v -16.0442 2.68861 -27.2747 
v -16.0154 2.60526 -27.2264 
v -16.0193 2.68155 -27.2475 
v -16.5164 1.84954 -27.4479 
v -16.5443 1.90307 -27.56 
v -16.5477 1.83021 -27.5575 
v -16.3114 3.18471 -28.6819 
v -16.3422 3.23036 -28.6196 
v -16.2982 3.23901 -28.7005 
v -15.9872 4.05008 -28.0613 
v -16.0142 4.06004 -28.1105 
v -16.0096 4.03221 -28.0802 
v -15.9902 4.08486 -28.0961 
v -16.6052 1.64402 -27.4962 
v -16.5785 1.61499 -27.4089 
v -16.5689 1.66453 -27.4028 
v -16.3969 3.34806 -28.5243 
v -16.4193 3.60274 -28.4186 
v -16.3815 3.41782 -28.547 
v -16.3969 3.34806 -28.5243 
v -16.3506 3.33489 -28.6073 
v -16.3716 3.28231 -28.5699 
v -16.3815 3.41782 -28.547 
v -16.1646 2.60902 -27.3982 
v -16.3569 2.45696 -27.5885 
v -16.3498 2.28251 -27.4821 
v -16.2853 2.66328 -27.4981 
v -16.1886 2.86084 -27.4137 
v -16.1646 2.60902 -27.3982 
v -16.5107 2.08823 -28.421 
v -16.5287 1.90027 -28.4561 
v -16.5482 1.90347 -28.4206 
v -16.5519 1.77676 -28.4136 
v -16.5287 1.90027 -28.4561 
v -16.5315 1.76947 -28.4564 
v -16.5972 1.8737 -28.2851 
v -16.6012 1.92754 -28.2449 
v -16.5989 1.93632 -28.2625 
v -16.5967 1.88633 -28.2981 
v -16.5513 1.84119 -27.4586 
v -16.492 1.74141 -27.3303 
v -16.5032 1.88591 -27.3757 
v -16.5582 1.70576 -27.4321 
v -16.5655 1.57852 -27.3488 
v -16.492 1.74141 -27.3303 
v -16.5443 1.90307 -27.56 
v -16.5164 1.84954 -27.4479 
v -16.5078 1.98199 -27.4484 
v -16.3573 2.66355 -28.612 
v -16.4041 2.54944 -28.5572 
v -16.3601 2.67367 -28.595 
v -16.3866 2.53936 -28.5788 
v -16.4812 3.4991 -27.8147 
v -16.435 3.3887 -27.7395 
v -16.4574 3.51418 -27.7793 
v -16.4585 3.37085 -27.7667 
v -16.5036 1.76911 -27.4577 
v -16.5056 1.51969 -27.339 
v -16.4742 1.53634 -27.2987 
v -16.5129 1.35476 -27.2958 
v -16.4742 1.53634 -27.2987 
v -16.4765 1.35792 -27.2379 
v -16.5129 1.35476 -27.2958 
v -16.4904 1.27383 -27.2459 
v -16.5178 1.28309 -27.2999 
v -16.2081 2.85202 -28.8907 
v -16.2187 2.81725 -28.859 
v -16.2222 2.85783 -28.8729 
v -16.2105 2.80917 -28.8694 
v -16.4951 3.59839 -27.8584 
v -16.4853 3.54516 -27.8075 
v -16.4856 3.61507 -27.8323 
v -16.4935 3.53461 -27.8359 
v -16.4762 3.14746 -28.214 
v -16.4708 3.1584 -28.1849 
v -16.4755 3.14951 -28.2144 
v -16.4718 3.15534 -28.1833 
v -15.9514 3.47714 -28.81 
v -15.9191 3.4178 -28.8589 
v -15.9354 3.40795 -28.8374 
v -15.9312 3.49036 -28.8292 
v -15.9514 3.47714 -28.81 
v -15.9888 3.77811 -28.663 
v -16.0144 3.80386 -28.6191 
v -16.4423 3.15362 -27.6606 
v -16.4291 3.14727 -27.612 
v -16.4406 3.16232 -27.6573 
v -16.4306 3.14213 -27.612 
v -16.425 3.14561 -27.5557 
v -16.4291 3.14727 -27.612 
v -16.5888 1.56265 -28.7254 
v -16.6049 1.48264 -28.6806 
v -16.6081 1.54992 -28.6467 
v -16.5919 1.51287 -28.7511 
v -16.3716 3.28231 -28.5699 
v -16.3506 3.33489 -28.6073 
v -16.2982 3.23901 -28.7005 
v -16.4485 3.19165 -27.6927 
v -16.4594 3.21943 -27.734 
v -16.4518 3.18049 -27.7014 
v -16.4524 3.23187 -27.7204 
v -16.1977 3.04497 -28.6752 
v -16.2791 2.82941 -28.653 
v -16.2857 2.83612 -28.6421 
v -16.2791 2.82941 -28.653 
v -16.3601 2.67367 -28.595 
v -16.3573 2.66355 -28.612 
v -16.4718 3.15534 -28.1833 
v -16.467 3.17587 -28.1622 
v -16.4708 3.1584 -28.1849 
v -16.4683 3.17216 -28.1581 
v -16.5513 1.84119 -28.6724 
v -16.492 1.74141 -28.8008 
v -16.5582 1.70576 -28.6989 
v -16.4862 1.88591 -28.7554 
v -16.492 1.74141 -28.8008 
v -16.5655 1.57852 -28.7822 
v -16.5395 0.820411 -27.4524 
v -16.5399 0.85601 -27.4715 
v -16.5379 0.846684 -27.4922 
v -16.542 0.832857 -27.4436 
v -16.3969 3.34806 -28.5243 
v -16.4188 3.2638 -28.4844 
v -16.4367 3.35282 -28.4234 
v -16.3716 3.28231 -28.5699 
v -16.3205 3.18471 -27.4491 
v -16.3083 3.23901 -27.4305 
v -16.3491 3.23036 -27.5114 
v -16.4755 3.14951 -28.2144 
v -16.4781 3.14807 -28.2416 
v -16.4762 3.14746 -28.214 
v -16.4777 3.14921 -28.2415 
v -16.4769 3.15752 -28.2628 
v -16.4781 3.14807 -28.2416 
v -16.4771 3.15702 -28.2632 
v -16.4769 3.15752 -28.2628 
v -16.4733 3.17441 -28.2784 
v -16.5395 0.820411 -28.6786 
v -16.5379 0.846684 -28.6388 
v -16.5399 0.85601 -28.6595 
v -16.542 0.832857 -28.6874 
v -16.5414 2.19616 -28.9095 
v -16.5422 2.17644 -28.9254 
v -16.561 2.12346 -28.8817 
v -16.5904 2.08212 -28.2414 
v -16.6167 2.01487 -28.3128 
v -16.6062 1.9954 -28.2733 
v -16.6033 2.10801 -28.2916 
v -16.6043 1.92906 -28.3239 
v -16.6167 2.01487 -28.3128 
v -16.6146 1.9518 -28.3519 
v -16.6112 1.91167 -28.3919 
v -16.6043 1.92906 -28.3239 
v -16.5962 1.88345 -28.3864 
v -16.2081 2.85202 -27.2403 
v -16.2187 2.81725 -27.272 
v -16.2105 2.80917 -27.2616 
v -16.2224 2.85783 -27.2581 
v -16.3491 3.23036 -27.5114 
v -16.3083 3.23901 -27.4305 
v -16.3715 3.28231 -27.5611 
v -16.3085 2.4925 -28.7489 
v -16.4024 2.3685 -28.6802 
v -16.3641 2.4971 -28.6706 
v -16.3477 2.37084 -28.7684 
v -16.5095 1.66754 -27.8577 
v -16.5092 1.72745 -27.8863 
v -16.5038 1.65901 -27.8655 
v -16.3589 2.73476 -28.6511 
v -16.2801 2.80711 -28.7076 
v -16.3344 2.70861 -28.7273 
v -16.4195 2.58621 -28.7236 
v -16.3344 2.70861 -28.7273 
v -16.3827 2.60573 -28.7666 
v -16.3589 2.73476 -28.6511 
v -16.5514 0.923669 -28.5167 
v -16.5489 0.995054 -28.6026 
v -16.5491 0.914453 -28.5735 
v -16.3627 2.45696 -28.5425 
v -16.1886 2.54795 -28.7328 
v -16.3257 2.30504 -28.6489 
v -16.2599 2.66328 -28.6329 
v -16.4006 3.14332 -28.6607 
v -16.4135 3.12853 -28.603 
v -16.3974 3.15346 -28.608 
v -16.4136 3.12303 -28.6608 
v -16.4006 3.14332 -28.6607 
v -16.4196 3.13179 -28.7098 
v -16.4092 3.14623 -28.7064 
v -16.0953 2.73942 -27.3286 
v -16.0498 2.65066 -27.2825 
v -16.0442 2.68861 -27.2747 
v -16.081 2.79262 -27.3056 
v -16.3834 3.46234 -28.579 
v -16.3853 3.60153 -28.5435 
v -16.3683 3.47874 -28.6136 
v -16.3958 3.58327 -28.5073 
v -16.4766 3.15186 -28.2414 
v -16.4769 3.15752 -28.2628 
v -16.4777 3.14921 -28.2415 
v -16.4762 3.15999 -28.2626 
v -16.4769 3.15752 -28.2628 
v -16.4733 3.17441 -28.2784 
v -16.4724 3.20813 -28.3099 
v -16.4738 3.175 -28.3419 
v -16.4752 3.19966 -28.2999 
v -16.4758 3.1666 -28.3371 
v -16.606 1.57808 -27.5833 
v -16.602 1.63833 -27.5974 
v -16.6127 1.63487 -27.6115 
v -16.6154 1.5718 -27.5954 
v -16.2735 3.23453 -27.4617 
v -16.2314 3.24429 -27.4015 
v -16.34 3.54786 -27.6066 
v -16.2489 3.10831 -27.4427 
v -16.2314 3.24429 -27.4015 
v -16.2035 3.10498 -27.3612 
v -16.4367 3.35282 -28.4234 
v -16.4337 3.54255 -28.4078 
v -16.3969 3.34806 -28.5243 
v -16.4403 3.67916 -28.2982 
v -16.4311 3.68291 -28.3562 
v -16.4403 3.63083 -28.3442 
v -16.4344 3.74564 -28.2962 
v -16.5047 1.91793 -28.6539 
v -16.4776 2.09229 -28.5921 
v -16.3732 2.1316 -28.721 
v -16.3919 1.95239 -28.7922 
v -16.4124 1.75502 -28.8466 
v -16.5047 1.91793 -28.6539 
v -16.5275 1.5716 -28.7123 
v -16.5477 0.903784 -27.5575 
v -16.5462 0.871365 -27.5982 
v -16.5466 0.86087 -27.5513 
v -16.5471 0.923669 -27.6144 
v -16.5226 1.22388 -27.2072 
v -16.5218 1.17322 -27.1663 
v -16.531 1.2387 -27.1626 
v -16.5163 1.17234 -27.2103 
v -16.2743 3.20277 -27.4749 
v -16.3143 3.02679 -27.5196 
v -16.2837 3.07419 -27.4644 
v -16.3127 3.40188 -27.5628 
v -16.4725 1.95872 -27.1748 
v -16.4906 1.89502 -27.2228 
v -16.4887 1.88379 -27.2018 
v -16.475 1.96401 -27.1969 
v -16.4906 1.89502 -27.2228 
v -16.5116 1.74697 -27.2782 
v -16.5172 1.75613 -27.2987 
v -16.5251 1.71235 -27.3076 
v -16.5116 1.74697 -27.2782 
v -16.5184 1.70782 -27.2882 
v -16.305 2.79301 -27.5803 
v -16.2346 2.92427 -27.4874 
v -16.2772 2.9368 -27.5311 
v -16.2543 2.77581 -27.5369 
v -16.4121 3.14332 -27.4703 
v -16.4057 3.15346 -27.523 
v -16.4222 3.12853 -27.5281 
v -16.4256 3.12303 -27.4703 
v -16.4321 3.13179 -27.4213 
v -16.4121 3.14332 -27.4703 
v -16.4216 3.14623 -27.4247 
v -16.4812 2.40638 -28.3645 
v -16.4088 2.4444 -28.4706 
v -16.4499 2.34764 -28.4208 
v -16.4604 3.60417 -28.2668 
v -16.4403 3.67916 -28.2982 
v -16.4403 3.63083 -28.3442 
v -16.4403 3.63083 -28.3442 
v -16.4515 3.49896 -28.3496 
v -16.4337 3.54255 -28.4078 
v -16.4367 3.35282 -28.4234 
v -16.4515 3.49896 -28.3496 
v -16.4011 2.44441 -28.5714 
v -16.438 2.36674 -28.5601 
v -16.4238 2.45084 -28.5451 
v -16.4107 2.36605 -28.5888 
v -16.4307 2.27647 -28.6275 
v -16.438 2.36674 -28.5601 
v -16.4612 2.27391 -28.5997 
v -16.4477 2.14723 -29.0138 
v -16.4698 2.08115 -28.9864 
v -16.4591 2.13793 -28.9776 
v -16.4579 2.0805 -29.0258 
v -16.5226 1.22388 -28.9239 
v -16.531 1.2387 -28.9685 
v -16.5218 1.17322 -28.9648 
v -16.5163 1.17234 -28.9207 
v -16.1944 3.35389 -28.63 
v -16.0925 3.24455 -28.7766 
v -16.176 3.23322 -28.6525 
v -16.0941 3.4076 -28.7419 
v -16.0078 3.99232 -28.0464 
v -15.9903 4.00647 -28.031 
v -16.0096 4.03221 -28.0802 
v -15.9872 4.05008 -28.0613 
v -15.995 4.00037 -28.0334 
v -15.9905 4.00321 -28.0288 
v -15.9903 4.00647 -28.031 
v -16.5167 0.926058 -27.4665 
v -16.507 0.987501 -27.4493 
v -16.5228 0.991715 -27.4869 
v -16.5315 0.928553 -27.5016 
v -16.5365 0.89301 -27.4945 
v -16.5167 0.926058 -27.4665 
v -16.5212 0.890541 -27.4642 
v -16.2543 2.77581 -27.5369 
v -16.3438 2.65487 -27.6358 
v -16.3182 2.6338 -27.5895 
v -16.305 2.79301 -27.5803 
v -16.5116 2.29269 -28.912 
v -16.4907 2.33121 -28.9346 
v -16.5163 2.25915 -28.9387 
v -16.3291 3.97491 -28.098 
v -16.3776 3.98692 -28.1545 
v -16.3477 3.95459 -28.1155 
v -16.3607 4.02073 -28.1543 
v -16.3288 3.35415 -28.7538 
v -16.3372 3.3167 -28.7331 
v -16.3486 3.39671 -28.6868 
v -16.3628 3.37156 -28.6555 
v -16.307 3.31885 -28.8152 
v -16.3372 3.3167 -28.7331 
v -16.3133 3.28329 -28.8031 
v -16.2842 3.25408 -28.9071 
v -16.307 3.31885 -28.8152 
v -16.28 3.28707 -28.9186 
v -16.3422 3.23036 -28.6196 
v -16.3716 3.28231 -28.5699 
v -16.2982 3.23901 -28.7005 
v -16.4551 2.17473 -28.6753 
v -16.4874 2.09003 -28.6944 
v -16.4858 2.17443 -28.6473 
v -16.5137 2.09597 -28.6676 
v -16.5163 2.25915 -28.9387 
v -16.5414 2.19616 -28.9095 
v -16.5116 2.29269 -28.912 
v -16.5422 2.17644 -28.9254 
v -16.5491 0.914453 -28.5735 
v -16.5509 0.871365 -28.5328 
v -16.5514 0.923669 -28.5167 
v -16.5485 0.870718 -28.5798 
v -16.4406 3.16232 -27.6573 
v -16.4518 3.18049 -27.7014 
v -16.4423 3.15362 -27.6606 
v -16.4485 3.19165 -27.6927 
v -16.4698 2.08115 -27.1447 
v -16.4477 2.14723 -27.1172 
v -16.4591 2.13793 -27.1534 
v -16.4579 2.0805 -27.1052 
v -16.3968 2.3685 -27.4508 
v -16.2976 2.49244 -27.3827 
v -16.3663 2.49735 -27.4663 
v -16.3479 2.37084 -27.3627 
v -16.5239 1.94657 -27.4759 
v -16.5269 2.00818 -27.5354 
v -16.5298 1.94328 -27.5063 
v -16.5314 2.05269 -27.5157 
v -16.5341 1.78058 -27.4821 
v -16.5239 1.94657 -27.4759 
v -16.5485 0.819253 -28.5783 
v -16.5485 0.870718 -28.5798 
v -16.5484 0.832114 -28.6024 
v -16.5509 0.871365 -28.5328 
v -16.4777 3.15347 -28.38 
v -16.4754 3.16325 -28.3612 
v -16.4765 3.15891 -28.3805 
v -16.477 3.15633 -28.3585 
v -16.4777 3.15347 -28.38 
v -16.4817 3.16031 -28.4286 
v -16.4758 3.1666 -28.3371 
v -16.4754 3.16325 -28.3612 
v -16.4738 3.175 -28.3419 
v -16.5961 1.8716 -28.4996 
v -16.598 1.90749 -28.4677 
v -16.5914 1.89611 -28.5092 
v -16.6075 1.88519 -28.4406 
v -16.5513 1.84119 -27.4586 
v -16.5032 1.88591 -27.3757 
v -16.5262 1.97993 -27.4765 
v -16.507 0.987501 -28.6818 
v -16.5167 0.926058 -28.6645 
v -16.5228 0.977251 -28.6363 
v -16.5315 0.928553 -28.6294 
v -16.5472 1.33835 -27.4562 
v -16.5133 1.27435 -27.3584 
v -16.4717 1.38805 -27.3032 
v -16.4719 3.25553 -28.2836 
v -16.4724 3.20813 -28.3099 
v -16.4752 3.24813 -28.2695 
v -16.4752 3.19966 -28.2999 
v -16.3012 2.72357 -28.5687 
v -16.2483 2.74786 -28.6399 
v -16.2951 2.65172 -28.591 
v -16.4088 2.4444 -28.4706 
v -16.4812 2.40638 -28.3645 
v -16.2951 2.65172 -28.591 
v -16.2726 3.41652 -27.4127 
v -16.2179 3.33626 -27.293 
v -16.2004 3.38085 -27.2834 
v -16.2728 3.34934 -27.4297 
v -16.4944 3.62854 -28.1313 
v -16.4915 3.66006 -28.1366 
v -16.4912 3.6406 -28.1524 
v -16.4951 3.64473 -28.1185 
v -16.264 3.26521 -28.9598 
v -16.2842 3.25408 -28.9071 
v -16.28 3.28707 -28.9186 
v -16.2681 3.23789 -28.9434 
v -16.2187 2.81725 -28.859 
v -16.2105 2.80917 -28.8694 
v -16.2182 2.7728 -28.8372 
v -16.2089 3.29243 -28.828 
v -16.2425 3.36556 -28.717 
v -16.1985 3.34645 -28.8211 
v -16.2585 3.28691 -28.6901 
v -16.5691 1.95086 -27.4785 
v -16.581 1.90548 -27.5319 
v -16.5794 1.89175 -27.5085 
v -16.5714 1.9628 -27.5053 
v -16.5972 1.79371 -27.5722 
v -16.581 1.90548 -27.5319 
v -16.5987 1.80467 -27.5922 
v -16.6112 1.7058 -27.6119 
v -16.5972 1.79371 -27.5722 
v -16.5987 1.80467 -27.5922 
v -16.6131 1.70947 -27.6311 
v -16.6141 1.63246 -27.6286 
v -16.6112 1.7058 -27.6119 
v -16.6127 1.63487 -27.6115 
v -16.6154 1.5718 -27.5954 
v -16.6141 1.63246 -27.6286 
v -16.6162 1.56551 -27.6101 
v -16.6156 1.52058 -27.5823 
v -16.6154 1.5718 -27.5954 
v -16.6152 1.53048 -27.5702 
v -16.6156 1.52058 -27.5823 
v -16.6189 1.50364 -27.5412 
v -16.6195 1.4912 -27.5493 
v -16.6283 1.47468 -27.5026 
v -16.6189 1.50364 -27.5412 
v -16.627 1.48743 -27.4993 
v -16.4111 3.2638 -27.6466 
v -16.392 3.34806 -27.6067 
v -16.4275 3.35282 -27.7076 
v -16.3715 3.28231 -27.5611 
v -16.5251 1.71235 -27.3076 
v -16.534 1.67424 -27.3069 
v -16.5184 1.70782 -27.2882 
v -16.527 1.67321 -27.2898 
v -16.5779 1.46446 -27.529 
v -16.6081 1.54992 -27.4843 
v -16.5708 1.52359 -27.5636 
v -16.6049 1.48264 -27.4504 
v -16.4287 2.26612 -28.5302 
v -16.3627 2.45696 -28.5425 
v -16.3257 2.30504 -28.6489 
v -16.4647 3.20184 -28.1467 
v -16.4683 3.17216 -28.1581 
v -16.4663 3.1986 -28.1391 
v -16.467 3.17587 -28.1622 
v -16.5655 1.57852 -28.7822 
v -16.5139 1.40481 -28.9671 
v -16.5364 1.37503 -28.9248 
v -16.492 1.74141 -28.8008 
v -16.6326 2.09889 -28.3296 
v -16.6369 2.07082 -28.4124 
v -16.6477 2.03657 -28.3723 
v -16.6239 2.12064 -28.3884 
v -16.6369 2.07082 -28.4124 
v -16.6444 1.99818 -28.4283 
v -16.6389 2.03347 -28.4506 
v -16.6322 2.00845 -28.4902 
v -16.6444 1.99818 -28.4283 
v -16.6352 1.97707 -28.48 
v -16.531 1.2387 -27.1626 
v -16.5261 1.26914 -27.2178 
v -16.5226 1.22388 -27.2072 
v -16.5337 1.30687 -27.1718 
v -16.5364 1.37503 -27.2062 
v -16.5261 1.26914 -27.2178 
v -16.5296 1.35912 -27.2697 
v -16.5163 1.17234 -27.2103 
v -16.513 1.10996 -27.1889 
v -16.5218 1.17322 -27.1663 
v -16.5102 1.12255 -27.2324 
v -16.3143 3.02679 -27.5196 
v -16.3002 2.95871 -27.4752 
v -16.2837 3.07419 -27.4644 
v -16.4395 3.71461 -27.8822 
v -16.4352 3.74522 -27.8348 
v -16.4283 3.79126 -27.903 
v -16.4285 3.7378 -27.938 
v -16.4436 3.67822 -27.8328 
v -16.4395 3.71461 -27.8822 
v -16.5582 1.70576 -28.6989 
v -16.5507 1.82944 -28.5848 
v -16.5513 1.84119 -28.6724 
v -16.5399 1.66373 -28.5813 
v -16.5231 1.53349 -28.6754 
v -16.5582 1.70576 -28.6989 
v -16.5655 1.57852 -28.7822 
v -16.5218 1.17322 -28.9648 
v -16.513 1.10996 -28.9421 
v -16.5163 1.17234 -28.9207 
v -16.5102 1.12255 -28.8986 
v -16.4707 2.14949 -28.7693 
v -16.4133 2.15571 -28.8796 
v -16.5133 2.05264 -28.7917 
v -16.4669 2.03467 -28.906 
v -16.5133 2.05264 -28.7917 
v -16.502 1.91548 -28.8865 
v -16.5591 1.9197 -28.7675 
v -16.2833 3.1397 -27.3762 
v -16.3083 3.23901 -27.4305 
v -16.3205 3.18471 -27.4491 
v -16.3715 3.28231 -27.5611 
v -16.3584 3.33489 -27.5253 
v -16.531 1.2387 -28.9685 
v -16.5261 1.26914 -28.9132 
v -16.5337 1.30687 -28.9592 
v -16.5226 1.22388 -28.9239 
v -16.5261 1.26914 -28.9132 
v -16.5364 1.37503 -28.9248 
v -16.5296 1.35912 -28.8613 
v -16.6049 1.48264 -28.6806 
v -16.5919 1.51287 -28.7511 
v -16.6 1.4497 -28.7427 
v -16.5147 2.25151 -27.6399 
v -16.5314 2.05269 -27.5157 
v -16.5079 2.2275 -27.5684 
v -16.4943 2.03165 -27.4735 
v -16.4275 3.35282 -27.7076 
v -16.4333 3.54255 -27.7233 
v -16.4519 3.49888 -27.7814 
v -16.442 3.63018 -27.7868 
v -16.4519 3.49888 -27.7814 
v -16.4671 3.60286 -27.8642 
v -16.5681 2.28428 -28.4061 
v -16.5557 2.28647 -28.359 
v -16.5611 2.31057 -28.3568 
v -16.5626 2.26925 -28.4025 
v -16.5779 1.46446 -28.6021 
v -16.5708 1.52359 -28.5675 
v -16.6081 1.54992 -28.6467 
v -16.6049 1.48264 -28.6806 
v -16.5133 2.05264 -27.3393 
v -16.4252 2.15571 -27.2515 
v -16.4709 2.14949 -27.3618 
v -16.4669 2.03467 -27.225 
v -16.5133 2.05264 -27.3393 
v -16.502 1.91548 -27.2445 
v -16.5591 1.9197 -27.3635 
v -16.2187 2.81725 -27.272 
v -16.2182 2.7728 -27.2938 
v -16.2105 2.80917 -27.2616 
v -16.5436 0.819253 -27.5527 
v -16.5405 0.831451 -27.6234 
v -16.5464 0.7948 -27.5664 
v -16.5462 0.871365 -27.5982 
v -16.2483 2.74786 -28.6399 
v -16.3012 2.72357 -28.5687 
v -16.23 2.90289 -28.6323 
v -16.2167 2.8438 -28.6799 
v -16.6049 1.48264 -27.4504 
v -16.6 1.4497 -27.3883 
v -16.5919 1.51287 -27.38 
v -16.0447 2.49609 -27.3449 
v -15.9835 2.58457 -27.2739 
v -16.093 2.57463 -27.3918 
v -15.9932 2.64432 -27.3065 
v -16.081 2.79262 -27.3056 
v -16.1191 2.8396 -27.352 
v -16.0953 2.73942 -27.3286 
v -16.5655 1.57852 -27.3488 
v -16.5364 1.37503 -27.2062 
v -16.5139 1.40481 -27.164 
v -16.492 1.74141 -27.3303 
v -16.5462 0.871365 -27.5982 
v -16.5345 0.887585 -27.662 
v -16.5405 0.831451 -27.6234 
v -16.5471 0.923669 -27.6144 
v -16.4699 3.6716 -28.0633 
v -16.4839 3.6601 -28.0799 
v -16.4762 3.65573 -28.0693 
v -16.4789 3.68228 -28.0797 
v -16.4388 3.71539 -28.2489 
v -16.4297 3.79147 -28.228 
v -16.4344 3.74564 -28.2962 
v -16.4324 3.7381 -28.193 
v -16.4403 3.67916 -28.2982 
v -16.4388 3.71539 -28.2489 
v -16.1912 2.97771 -28.9365 
v -16.2002 3.03563 -28.9292 
v -16.1866 3.03884 -28.9504 
v -16.1841 2.97713 -28.9517 
v -16.1852 2.93417 -28.9296 
v -16.1912 2.97771 -28.9365 
v -16.1882 2.93868 -28.9235 
v -16.1894 2.89162 -28.8733 
v -16.1852 2.93417 -28.9296 
v -16.4642 3.66437 -28.0002 
v -16.4691 3.64368 -27.9804 
v -16.4677 3.66692 -27.9755 
v -16.4666 3.64564 -27.9974 
v -16.4691 3.64368 -27.9804 
v -16.4713 3.65779 -27.9488 
v -16.4717 3.63417 -27.9621 
v -16.495 1.38273 -28.9813 
v -16.497 1.53778 -28.8685 
v -16.5023 1.55573 -28.9073 
v -16.493 1.40257 -29.0084 
v -15.9255 2.36813 -27.2091 
v -15.8564 2.30522 -27.1629 
v -15.8449 2.36553 -27.0915 
v -15.9167 2.44709 -27.1438 
v -16.493 1.40257 -27.1226 
v -16.5023 1.56507 -27.2289 
v -16.495 1.38273 -27.1498 
v -16.497 1.54711 -27.2677 
v -16.5355 0.898408 -28.4645 
v -16.5509 0.871365 -28.5328 
v -16.543 0.831451 -28.5076 
v -16.5514 0.923669 -28.5167 
v -16.449 2.49965 -28.7818 
v -16.3827 2.60573 -28.7666 
v -16.4175 2.52284 -28.8144 
v -16.4195 2.58621 -28.7236 
v -16.4459 2.45795 -28.8695 
v -16.449 2.49965 -28.7818 
v -16.4769 2.38773 -28.8747 
v -16.6075 1.88519 -28.4406 
v -16.6022 1.93507 -28.4243 
v -16.598 1.90749 -28.4677 
v -16.5043 1.51969 -28.792 
v -16.4875 1.32605 -28.7756 
v -16.5149 1.76911 -28.6733 
v -16.4875 1.32605 -28.7756 
v -16.5043 1.51969 -28.792 
v -16.4946 1.35476 -28.8352 
v -16.6049 1.48264 -27.4504 
v -16.5832 1.56265 -27.4056 
v -16.6081 1.54992 -27.4843 
v -16.5919 1.51287 -27.38 
v -16.3958 3.58327 -28.5073 
v -16.4095 3.82365 -28.429 
v -16.3853 3.60153 -28.5435 
v -16.4193 3.81023 -28.3951 
v -16.561 2.12346 -28.8817 
v -16.5422 2.17644 -28.9254 
v -16.5635 2.10636 -28.8926 
v -16.6033 2.10801 -28.2916 
v -16.5509 2.17385 -28.3604 
v -16.576 2.09594 -28.3489 
v -16.6112 1.91167 -28.3919 
v -16.6022 1.93507 -28.4243 
v -16.6075 1.88519 -28.4406 
v -16.4204 3.74106 -28.0003 
v -16.4173 3.81204 -27.979 
v -16.4031 3.80298 -28.0253 
v -16.1913 2.97771 -27.1945 
v -16.1867 3.03884 -27.1806 
v -16.2006 3.03563 -27.2019 
v -16.1841 2.97713 -27.1793 
v -16.1913 2.97771 -27.1945 
v -16.1852 2.93417 -27.2014 
v -16.1882 2.93868 -27.2076 
v -16.1895 2.89162 -27.2577 
v -16.1852 2.93417 -27.2014 
v -16.4563 3.2376 -28.1473 
v -16.4589 3.20454 -28.1523 
v -16.4642 3.23596 -28.1389 
v -16.4647 3.20184 -28.1467 
v -16.3315 2.75996 -28.5126 
v -16.2871 2.85845 -28.5629 
v -16.3151 2.74322 -28.5508 
v -16.5416 2.29105 -28.318 
v -16.4499 2.34764 -28.4208 
v -16.5071 2.25882 -28.3853 
v -16.4812 2.40638 -28.3645 
v -16.5262 1.97993 -27.4765 
v -16.4915 2.09597 -27.4947 
v -16.5306 1.9862 -27.4876 
v -16.5507 1.82944 -27.529 
v -16.5262 1.97993 -27.4765 
v -16.5513 1.84119 -27.4586 
v -16.5507 1.82944 -27.529 
v -16.5582 1.70576 -27.4321 
v -16.5399 1.66373 -27.5498 
v -16.5231 1.53349 -27.4557 
v -16.5582 1.70576 -27.4321 
v -16.5655 1.57852 -27.3488 
v -16.5224 1.45948 -28.2353 
v -16.528 1.40738 -28.2657 
v -16.5128 1.44721 -28.2057 
v -16.4674 2.09682 -28.65 
v -16.4862 1.88591 -28.7554 
v -16.5259 1.97993 -28.6546 
v -16.4222 3.74073 -28.1308 
v -16.4039 3.80272 -28.1058 
v -16.4188 3.81197 -28.1521 
v -16.4041 2.44441 -27.5596 
v -16.4539 2.36674 -27.5709 
v -16.4265 2.36605 -27.5422 
v -16.4265 2.45084 -27.5859 
v -16.4539 2.36674 -27.5709 
v -16.4797 2.17473 -27.4557 
v -16.5095 2.17443 -27.4837 
v -16.5553 2.01377 -27.4601 
v -16.5714 1.9628 -27.5053 
v -16.5691 1.95086 -27.4785 
v -16.5585 2.02405 -27.4901 
v -16.4707 3.29822 -27.7769 
v -16.4681 3.35026 -27.7714 
v -16.475 3.34338 -27.7947 
v -16.4613 3.30769 -27.7559 
v -16.4681 3.35026 -27.7714 
v -16.4836 3.42961 -27.8137 
v -16.4792 3.43622 -27.7877 
v -16.4707 3.29822 -27.7769 
v -16.4562 3.27102 -27.7417 
v -16.4656 3.25897 -27.7591 
v -16.4736 3.30263 -28.2675 
v -16.4719 3.25553 -28.2836 
v -16.4764 3.2969 -28.2494 
v -16.4752 3.24813 -28.2695 
v -16.4275 3.35282 -27.7076 
v -16.392 3.34806 -27.6067 
v -16.4333 3.54255 -27.7233 
v -16.5208 1.56319 -28.2127 
v -16.5298 1.60591 -28.2122 
v -16.531 1.58082 -28.2303 
v -16.5201 1.60416 -28.1997 
v -16.5243 1.63773 -28.2097 
v -16.5298 1.60591 -28.2122 
v -16.475 3.63835 -27.9217 
v -16.4717 3.63417 -27.9621 
v -16.4747 3.61639 -27.9408 
v -16.4713 3.65779 -27.9488 
v -16.1473 2.95598 -28.7708 
v -16.2185 2.7096 -28.7264 
v -16.2437 2.74778 -28.6339 
v -16.2127 2.96731 -28.6863 
v -16.5312 2.15613 -28.4929 
v -16.448 2.19099 -28.6027 
v -16.5547 2.05934 -28.5246 
v -16.4728 2.09307 -28.644 
v -16.499 1.99323 -28.6639 
v -16.5547 2.05934 -28.5246 
v -16.558 1.93124 -28.5526 
v -16.23 2.90289 -28.6323 
v -16.1895 2.96737 -28.686 
v -16.2167 2.8438 -28.6799 
v -16.5753 2.20317 -28.2978 
v -16.5509 2.17385 -28.3604 
v -16.6033 2.10801 -28.2916 
v -16.4324 3.7381 -28.193 
v -16.4188 3.81197 -28.1521 
v -16.4297 3.79147 -28.228 
v -16.4222 3.74073 -28.1308 
v -16.2657 2.98289 -28.7007 
v -16.3136 2.87122 -28.6632 
v -16.2787 2.98932 -28.653 
v -16.3015 2.87265 -28.7071 
v -16.3864 3.77691 -28.0655 
v -16.4071 3.72102 -28.0405 
v -16.4031 3.80298 -28.0253 
v -16.4002 3.6973 -28.0655 
v -16.5303 1.12644 -27.4354 
v -16.5468 1.15319 -27.534 
v -16.5536 1.0092 -27.5284 
v -16.5541 1.03249 -27.5986 
v -16.3643 2.68813 -28.4646 
v -16.3315 2.75996 -28.5126 
v -16.3454 2.67825 -28.51 
v -16.3151 2.74322 -28.5508 
v -16.6012 1.92754 -28.2449 
v -16.5919 2.00007 -28.2429 
v -16.5989 1.93632 -28.2625 
v -16.596 1.99712 -28.2206 
v -16.4929 1.33685 -29.0141 
v -16.495 1.38273 -28.9813 
v -16.493 1.40257 -29.0084 
v -16.4933 1.34985 -29.041 
v -16.2788 2.75904 -28.7012 
v -16.2844 2.76536 -28.6844 
v -16.1528 3.00642 -28.7548 
v -16.2788 2.75904 -28.7012 
v -16.3445 2.63126 -28.6608 
v -16.3382 2.62933 -28.6879 
v -16.5415 2.24689 -27.7409 
v -16.5341 2.26924 -27.7776 
v -16.5313 2.23696 -27.7553 
v -16.4039 3.80272 -28.1058 
v -16.4222 3.74073 -28.1308 
v -16.4102 3.72017 -28.0905 
v -16.4307 2.27647 -28.6275 
v -16.4551 2.17473 -28.6753 
v -16.4612 2.27391 -28.5997 
v -16.4858 2.17443 -28.6473 
v -16.5651 1.95086 -28.6526 
v -16.5826 1.90548 -28.5991 
v -16.5672 1.9628 -28.6257 
v -16.5816 1.89175 -28.6225 
v -16.6042 1.79371 -28.5561 
v -16.5826 1.90548 -28.5991 
v -16.6047 1.80467 -28.5361 
v -16.4933 1.34985 -27.09 
v -16.493 1.40257 -27.1226 
v -16.4929 1.33685 -27.1169 
v -16.495 1.38273 -27.1498 
v -16.4039 3.80272 -28.1058 
v -16.4102 3.72017 -28.0905 
v -16.3864 3.77691 -28.0655 
v -16.4002 3.6973 -28.0655 
v -16.392 3.34806 -27.6067 
v -16.3715 3.28231 -27.5611 
v -16.3584 3.33489 -27.5253 
v -16.3863 3.41782 -27.5841 
v -16.1382 2.965 -27.3651 
v -16.0986 3.06378 -27.3509 
v -16.2261 2.99732 -27.4481 
v -16.2387 2.90185 -27.4679 
v -16.1382 2.965 -27.3651 
v -16.1886 2.86084 -27.4137 
v -16.2387 2.90185 -27.4679 
v -16.2853 2.66328 -27.4981 
v -16.263 2.69484 -27.6065 
v -16.5071 2.25882 -28.3853 
v -16.5753 2.20317 -28.2978 
v -16.5416 2.29105 -28.318 
v -16.5509 2.17385 -28.3604 
v -16.4915 2.09597 -27.4947 
v -16.5262 1.97993 -27.4765 
v -16.5032 1.88591 -27.3757 
v -16.2567 2.86195 -27.4751 
v -16.1966 2.95945 -27.3601 
v -16.2475 2.97233 -27.4542 
v -16.2106 2.83666 -27.38 
v -16.4925 3.60536 -28.1455 
v -16.4912 3.6406 -28.1524 
v -16.4899 3.61449 -28.1677 
v -16.4944 3.62854 -28.1313 
v -16.4786 3.60962 -27.8942 
v -16.4747 3.61639 -27.9408 
v -16.4778 3.59084 -27.9174 
v -16.475 3.63835 -27.9217 
v -16.5374 1.87751 -28.4323 
v -16.5389 1.95746 -28.4191 
v -16.558 1.93124 -28.5526 
v -16.5817 1.60725 -28.5467 
v -16.6081 1.54992 -28.6467 
v -16.5708 1.52359 -28.5675 
v -16.6052 1.64402 -28.6348 
v -16.2035 3.10498 -27.3612 
v -16.2489 3.10831 -27.4427 
v -16.2475 2.97233 -27.4542 
v -16.1966 2.95945 -27.3601 
v -16.4935 3.53461 -27.8359 
v -16.4792 3.43622 -27.7877 
v -16.4853 3.54516 -27.8075 
v -16.4836 3.42961 -27.8137 
v -16.3994 3.08075 -28.5909 
v -16.4042 3.07694 -28.5357 
v -16.3984 3.08496 -28.5368 
v -16.4038 3.07466 -28.5913 
v -16.3994 3.08075 -28.5909 
v -16.41 3.08647 -28.6379 
v -16.4066 3.09074 -28.6366 
v -16.41 3.08647 -28.6379 
v -16.4205 3.11187 -28.6728 
v -16.4381 2.24958 -28.7166 
v -16.4024 2.3685 -28.6802 
v -16.3477 2.37084 -28.7684 
v -16.3774 2.261 -28.823 
v -16.544 1.63758 -27.6833 
v -16.5245 1.61614 -27.7466 
v -16.525 1.5821 -27.7447 
v -16.5448 1.59676 -27.6603 
v -16.5491 1.00623 -28.5266 
v -16.5489 0.995054 -28.6026 
v -16.5514 0.923669 -28.5167 
v -16.5278 1.33407 -27.5951 
v -16.5472 1.33835 -27.4562 
v -16.5318 1.44258 -27.5934 
v -16.2884 3.2003 -27.5997 
v -16.2963 3.07327 -27.5988 
v -16.259 3.20159 -27.5405 
v -16.2733 3.06791 -27.5364 
v -16.259 3.20159 -27.5405 
v -16.2691 3.35593 -27.5882 
v -16.5224 1.45948 -28.2353 
v -16.5385 1.46152 -28.3559 
v -16.528 1.40738 -28.2657 
v -16.5344 1.40114 -28.3431 
v -16.2877 2.75904 -27.446 
v -16.2441 3.03495 -27.4359 
v -16.2935 2.76536 -27.4627 
v -16.3387 2.63126 -27.4702 
v -16.2877 2.75904 -27.446 
v -16.3325 2.62933 -27.4431 
v -16.4549 3.71763 -28.0629 
v -16.4674 3.74131 -28.0881 
v -16.4682 3.73657 -28.0904 
v -16.4674 3.74131 -28.0881 
v -16.4777 3.74309 -28.1127 
v -16.4768 3.75187 -28.1128 
v -16.4835 3.74762 -28.139 
v -16.4777 3.74309 -28.1127 
v -16.4835 3.73674 -28.1342 
v -16.4031 3.80298 -28.0253 
v -16.4071 3.72102 -28.0405 
v -16.4204 3.74106 -28.0003 
v -16.6006 1.5718 -28.5356 
v -16.6003 1.52058 -28.5487 
v -16.6008 1.56551 -28.5209 
v -16.6003 1.53048 -28.5608 
v -16.6003 1.52058 -28.5487 
v -16.6038 1.50364 -28.5898 
v -16.6043 1.4912 -28.5817 
v -16.6038 1.50364 -28.5898 
v -16.6127 1.47468 -28.6284 
v -16.6115 1.48743 -28.6317 
v -16.6167 2.01487 -28.3128 
v -16.576 2.09594 -28.3489 
v -16.5867 2.03131 -28.3553 
v -16.6033 2.10801 -28.2916 
v -16.5939 1.97776 -28.3811 
v -16.6167 2.01487 -28.3128 
v -16.6146 1.9518 -28.3519 
v -16.5939 1.97776 -28.3811 
v -16.6112 1.91167 -28.3919 
v -16.6022 1.93507 -28.4243 
v -16.4379 2.26612 -27.6008 
v -16.3498 2.28251 -27.4821 
v -16.3569 2.45696 -27.5885 
v -16.5556 2.15716 -28.9461 
v -16.5637 2.12274 -28.9091 
v -16.5616 2.13683 -28.9008 
v -16.5541 2.16807 -28.9316 
v -16.5685 2.11798 -28.8671 
v -16.5616 2.13683 -28.9008 
v -16.5937 1.87579 -28.5384 
v -16.5914 1.89611 -28.5092 
v -16.5909 1.90099 -28.5517 
v -16.5056 1.51969 -27.339 
v -16.5036 1.76911 -27.4577 
v -16.5092 1.35205 -27.3554 
v -16.4572 3.65243 -28.0216 
v -16.4666 3.64564 -27.9974 
v -16.4642 3.66437 -28.0002 
v -16.4603 3.64018 -28.0157 
v -16.3643 2.68813 -28.4646 
v -16.3454 2.67825 -28.51 
v -16.3916 2.61231 -28.4593 
v -16.3916 2.61231 -28.4593 
v -16.446 2.56589 -28.3704 
v -16.4441 2.54726 -28.399 
v -16.4173 3.81204 -27.979 
v -16.4285 3.7378 -27.938 
v -16.4283 3.79126 -27.903 
v -16.4204 3.74106 -28.0003 
v -16.3015 2.87265 -28.7071 
v -16.3591 2.7581 -28.6937 
v -16.3136 2.87122 -28.6632 
v -16.349 2.76603 -28.7298 
v -16.5101 1.63263 -27.818 
v -16.5038 1.65901 -27.8655 
v -16.5097 1.6068 -27.8171 
v -16.392 3.34806 -27.6067 
v -16.3863 3.41782 -27.5841 
v -16.4201 3.60274 -27.7124 
v -16.4541 3.26543 -28.1075 
v -16.4549 3.30184 -28.1043 
v -16.454 3.29996 -28.1135 
v -16.4551 3.26501 -28.1001 
v -16.4541 3.26543 -28.1075 
v -16.4595 3.23789 -28.1073 
v -16.4584 3.23975 -28.1123 
v -16.4907 1.89502 -28.9082 
v -16.4725 1.95872 -28.9562 
v -16.4889 1.88379 -28.9292 
v -16.475 1.96401 -28.9341 
v -16.533 1.74697 -28.8528 
v -16.4907 1.89502 -28.9082 
v -16.5362 1.75613 -28.8323 
v -16.533 1.74697 -28.8528 
v -16.5559 1.71235 -28.8234 
v -16.5511 1.70782 -28.8428 
v -16.6052 1.64402 -28.6348 
v -16.5689 1.66453 -28.7283 
v -16.5841 1.61499 -28.7221 
v -16.5314 2.05269 -27.5157 
v -16.5235 2.17818 -27.6593 
v -16.5269 2.00818 -27.5354 
v -16.5147 2.25151 -27.6399 
v -16.4912 2.35574 -28.2642 
v -16.4623 2.43363 -28.2979 
v -16.4617 2.43304 -28.2992 
v -16.4932 2.32018 -28.2749 
v -16.5326 2.09597 -27.4634 
v -16.5585 2.02405 -27.4901 
v -16.5553 2.01377 -27.4601 
v -16.5419 2.09682 -27.499 
v -16.2384 3.12243 -28.7055 
v -16.2498 3.13237 -28.6656 
v -16.2259 3.30364 -28.6991 
v -16.2384 3.12243 -28.7055 
v -16.2787 2.98932 -28.653 
v -16.2657 2.98289 -28.7007 
v -16.2871 2.85845 -28.5629 
v -16.2645 2.90092 -28.5954 
v -16.2928 2.81036 -28.5804 
v -16.2788 2.95703 -27.5536 
v -16.3196 2.89332 -27.6367 
v -16.2914 2.86666 -27.581 
v -16.3046 2.97274 -27.6113 
v -16.5224 2.27064 -28.2381 
v -16.4912 2.35574 -28.2642 
v -16.4932 2.32018 -28.2749 
v -16.5377 1.73003 -28.9005 
v -16.5762 1.68849 -28.8596 
v -16.5549 1.73905 -28.8577 
v -16.5548 1.68828 -28.9018 
v -16.5879 1.50718 -28.8081 
v -16.5983 1.46473 -28.8037 
v -16.5947 1.50319 -28.7823 
v -16.3182 2.6338 -27.5895 
v -16.379 2.54561 -27.6722 
v -16.3588 2.52601 -27.6223 
v -16.3438 2.65487 -27.6358 
v -16.379 2.54561 -27.6722 
v -16.4065 2.45074 -27.6342 
v -16.4536 2.39952 -27.6855 
v -15.8833 2.43181 -27.041 
v -16.0066 2.56857 -27.2191 
v -15.8913 2.41205 -27.0539 
v -16.0154 2.60526 -27.2264 
v -16.3297 2.92773 -27.3246 
v -16.3468 2.95208 -27.3609 
v -16.3318 2.9199 -27.3386 
v -16.3449 2.96499 -27.3473 
v -16.4769 2.38773 -28.8747 
v -16.4459 2.45795 -28.8695 
v -16.4661 2.39406 -28.9118 
v -16.2501 3.32469 -28.6255 
v -16.2721 3.33904 -28.5595 
v -16.2442 3.57111 -28.561 
v -16.2501 3.32469 -28.6255 
v -16.2727 3.16213 -28.5797 
v -16.238 3.14853 -28.6539 
v -16.279 3.06664 -28.5634 
v -16.2727 3.16213 -28.5797 
v -16.255 3.0538 -28.646 
v -16.283 2.91761 -28.6308 
v -16.279 3.06664 -28.5634 
v -16.2988 2.91465 -28.5473 
v -16.5879 1.50718 -27.3229 
v -16.5947 1.50319 -27.3487 
v -16.5983 1.46473 -27.3274 
v -16.2659 2.75177 -27.496 
v -16.2106 2.83666 -27.38 
v -16.2567 2.86195 -27.4751 
v -16.238 2.71407 -27.3999 
v -16.5116 3.5656 -28.2296 
v -16.5137 3.52878 -28.2331 
v -16.5052 3.55777 -28.1996 
v -16.5065 3.52575 -28.2043 
v -16.5562 2.3047 -28.52 
v -16.5668 2.28641 -28.473 
v -16.5625 2.29673 -28.4837 
v -16.4335 2.21457 -28.9841 
v -16.4591 2.13793 -28.9776 
v -16.446 2.19714 -28.9524 
v -16.4477 2.14723 -29.0138 
v -16.3002 2.95871 -27.4752 
v -16.3313 2.87598 -27.5565 
v -16.3163 2.85667 -27.5059 
v -16.3143 3.02679 -27.5196 
v -16.3313 2.87598 -27.5565 
v -16.3486 2.76096 -27.5532 
v -16.3647 2.73676 -27.6243 
v -16.3817 2.67053 -27.6162 
v -16.3486 2.76096 -27.5532 
v -16.4227 2.58722 -27.6909 
v -16.3817 2.67053 -27.6162 
v -16.453 2.53676 -27.7717 
v -16.0498 2.65066 -27.2825 
v -16.0154 2.60526 -27.2264 
v -16.0442 2.68861 -27.2747 
v -16.4859 3.71819 -28.156 
v -16.4835 3.73674 -28.1342 
v -16.4877 3.72935 -28.1653 
v -16.4835 3.74762 -28.139 
v -16.4288 3.26163 -28.4354 
v -16.4094 3.18717 -28.507 
v -16.4115 3.1763 -28.4933 
v -16.4094 3.18717 -28.507 
v -16.3936 3.10765 -28.5542 
v -16.3908 3.12638 -28.5716 
v -16.3936 3.10765 -28.5542 
v -16.3805 3.07903 -28.6333 
v -16.383 3.05582 -28.6179 
v -16.3805 3.07903 -28.6333 
v -16.3542 2.98515 -28.7333 
v -16.3524 3.00267 -28.7461 
v -16.3542 2.98515 -28.7333 
v -16.3389 2.96499 -28.7837 
v -16.3407 2.95208 -28.7701 
v -16.3389 2.96499 -28.7837 
v -16.3257 2.92774 -28.8064 
v -16.3407 2.95208 -28.7701 
v -16.3276 2.9199 -28.7924 
v -16.3941 2.35427 -28.5763 
v -16.4887 2.27231 -28.4617 
v -16.4517 2.34841 -28.4615 
v -16.4203 2.26731 -28.5848 
v -16.4608 2.02549 -28.9577 
v -16.475 1.96401 -28.9341 
v -16.4639 2.02458 -28.9366 
v -16.4725 1.95872 -28.9562 
v -16.5096 3.60047 -28.2216 
v -16.5116 3.5656 -28.2296 
v -16.5031 3.58921 -28.1916 
v -16.5052 3.55777 -28.1996 
v -16.5019 3.53104 -28.2582 
v -16.5001 3.48475 -28.252 
v -16.5137 3.52878 -28.2331 
v -16.5107 3.48693 -28.2283 
v -16.5116 2.29269 -28.912 
v -16.4769 2.38773 -28.8747 
v -16.4907 2.33121 -28.9346 
v -16.4661 2.39406 -28.9118 
v -16.5744 2.07852 -28.2389 
v -16.596 1.99712 -28.2206 
v -16.5806 2.08178 -28.2125 
v -16.5919 2.00007 -28.2429 
v -16.4591 2.13793 -27.1534 
v -16.4335 2.21457 -27.1469 
v -16.446 2.19714 -27.1786 
v -16.4477 2.14723 -27.1172 
v -16.4639 2.02458 -27.1945 
v -16.475 1.96401 -27.1969 
v -16.4608 2.02549 -27.1733 
v -16.4725 1.95872 -27.1748 
v -16.3401 3.46519 -27.5539 
v -16.298 3.37212 -27.4889 
v -16.3059 3.4584 -27.4749 
v -16.323 3.51329 -27.5238 
v -16.4642 3.23596 -28.1389 
v -16.4684 3.27982 -28.1279 
v -16.4662 3.27747 -28.1427 
v -16.4662 3.23479 -28.1273 
v -16.4642 3.23596 -28.1389 
v -16.4663 3.1986 -28.1391 
v -16.4647 3.20184 -28.1467 
v -16.5444 2.01377 -28.671 
v -16.5672 1.9628 -28.6257 
v -16.5475 2.02405 -28.6409 
v -16.5651 1.95086 -28.6526 
v -16.2914 2.86666 -27.581 
v -16.3302 2.81774 -27.6723 
v -16.3146 2.78399 -27.6252 
v -16.3196 2.89332 -27.6367 
v -16.4923 3.57924 -28.2339 
v -16.4952 3.53636 -28.2503 
v -16.4899 3.5684 -28.2126 
v -16.4912 3.52822 -28.2256 
v -16.4175 3.26163 -27.6957 
v -16.4089 3.17708 -27.6377 
v -16.4077 3.18795 -27.624 
v -16.4001 3.10765 -27.5768 
v -16.4077 3.18795 -27.624 
v -16.3978 3.12638 -27.5594 
v -16.4001 3.10765 -27.5768 
v -16.3929 3.07903 -27.4977 
v -16.3953 3.05582 -27.5132 
v -16.3631 2.98515 -27.3978 
v -16.3929 3.07903 -27.4977 
v -16.3613 3.00267 -27.3849 
v -16.3631 2.98515 -27.3978 
v -16.3449 2.96499 -27.3473 
v -16.3468 2.95208 -27.3609 
v -16.5961 1.8716 -28.4996 
v -16.5914 1.89611 -28.5092 
v -16.5937 1.87579 -28.5384 
v -16.5341 2.26924 -27.7776 
v -16.5265 2.25488 -27.7819 
v -16.5313 2.23696 -27.7553 
v -16.5211 2.2791 -27.8054 
v -16.528 2.29791 -27.7983 
v -16.3136 2.50682 -28.6606 
v -16.4214 2.40775 -28.4796 
v -16.3301 2.5626 -28.5587 
v -16.3941 2.35427 -28.5763 
v -16.4517 2.34841 -28.4615 
v -16.4214 2.40775 -28.4796 
v -16.5983 1.46473 -28.8037 
v -16.5879 1.50718 -28.8081 
v -16.5863 1.49265 -28.8327 
v -16.5304 0.833387 -27.4268 
v -16.5394 0.807197 -27.4129 
v -16.5395 0.820411 -27.4524 
v -16.5321 0.821512 -27.4074 
v -16.531 0.802599 -27.367 
v -16.5394 0.807197 -27.4129 
v -16.5073 1.67301 -27.8438 
v -16.5092 1.72745 -27.8863 
v -16.5095 1.66754 -27.8577 
v -16.3046 2.97274 -27.6113 
v -16.2733 3.06791 -27.5364 
v -16.2963 3.07327 -27.5988 
v -16.2788 2.95703 -27.5536 
v -16.5245 1.61614 -27.7466 
v -16.5101 1.63263 -27.818 
v -16.5097 1.6068 -27.8171 
v -16.525 1.5821 -27.7447 
v -16.4238 2.45084 -28.5451 
v -16.4076 2.55618 -28.5291 
v -16.4041 2.54944 -28.5572 
v -16.4303 2.45168 -28.5107 
v -16.4238 2.45084 -28.5451 
v -16.4478 2.35804 -28.5227 
v -16.438 2.36674 -28.5601 
v -16.5681 2.28428 -28.4061 
v -16.5597 2.31785 -28.3806 
v -16.5643 2.30004 -28.4104 
v -16.5611 2.31057 -28.3568 
v -16.5304 0.833387 -28.7042 
v -16.5394 0.807197 -28.7181 
v -16.5321 0.821512 -28.7236 
v -16.5395 0.820411 -28.6786 
v -16.531 0.802599 -28.7641 
v -16.5394 0.807197 -28.7181 
v -16.0969 2.93215 -27.2975 
v -16.1191 2.8396 -27.352 
v -16.081 2.79262 -27.3056 
v -16.1201 2.94636 -27.3458 
v -16.4603 3.64018 -28.0157 
v -16.449 3.63303 -28.0404 
v -16.452 3.6265 -28.0354 
v -16.4572 3.65243 -28.0216 
v -16.438 3.60421 -28.0631 
v -16.449 3.63303 -28.0404 
v -16.5983 1.46473 -27.3274 
v -16.5863 1.49265 -27.2983 
v -16.5879 1.50718 -27.3229 
v -16.5341 2.26924 -27.7776 
v -16.5211 2.2791 -27.8054 
v -16.5265 2.25488 -27.7819 
v -16.2219 2.77996 -28.8303 
v -16.2187 2.81725 -28.859 
v -16.2182 2.7728 -28.8372 
v -16.4783 3.34734 -28.2618 
v -16.4736 3.30263 -28.2675 
v -16.4795 3.34482 -28.2397 
v -16.4764 3.2969 -28.2494 
v -16.4934 1.60895 -27.3001 
v -16.497 1.54711 -27.2677 
v -16.5063 1.62288 -27.2567 
v -16.5023 1.56507 -27.2289 
v -16.4377 2.26999 -27.5494 
v -16.4753 2.27723 -27.6699 
v -16.5221 2.15915 -27.6382 
v -16.4673 2.19353 -27.5291 
v -16.5221 2.15915 -27.6382 
v -16.5078 1.98199 -27.4484 
v -16.5443 1.90307 -27.56 
v -16.5464 0.7948 -27.5664 
v -16.5388 0.793002 -27.4723 
v -16.5436 0.819253 -27.5527 
v -16.5557 2.28647 -28.359 
v -16.545 2.32119 -28.3214 
v -16.5611 2.31057 -28.3568 
v -16.4932 2.32018 -28.2749 
v -16.5448 2.16996 -28.2493 
v -16.5224 2.27064 -28.2381 
v -16.5535 2.17845 -28.2201 
v -16.5448 2.16996 -28.2493 
v -16.5806 2.08178 -28.2125 
v -16.5744 2.07852 -28.2389 
v -16.5292 2.30028 -27.777 
v -16.5341 2.26924 -27.7776 
v -16.5329 2.28089 -27.7602 
v -16.5364 2.26546 -27.7399 
v -16.5741 1.60725 -27.5844 
v -16.6081 1.54992 -27.4843 
v -16.6052 1.64402 -27.4962 
v -16.5708 1.52359 -27.5636 
v -16.3146 2.78399 -27.6252 
v -16.3491 2.74362 -27.7187 
v -16.3425 2.70859 -27.6818 
v -16.3302 2.81774 -27.6723 
v -16.4899 3.5684 -28.2126 
v -16.4886 3.60121 -28.1946 
v -16.4923 3.57924 -28.2339 
v -16.4909 3.61516 -28.2122 
v -16.4024 2.64764 -28.7436 
v -16.349 2.76603 -28.7298 
v -16.3944 2.66036 -28.7694 
v -16.3591 2.7581 -28.6937 
v -16.2185 2.7096 -28.7264 
v -16.3301 2.5626 -28.5587 
v -16.2437 2.74778 -28.6339 
v -16.3136 2.50682 -28.6606 
v -16.5419 2.09682 -27.499 
v -16.5095 2.17443 -27.4837 
v -16.523 2.16367 -27.5203 
v -16.5326 2.09597 -27.4634 
v -16.4792 3.57275 -27.8716 
v -16.4778 3.59084 -27.9174 
v -16.4771 3.55869 -27.8976 
v -16.4786 3.60962 -27.8942 
v -16.5 2.36017 -28.9887 
v -16.5276 2.28606 -28.9728 
v -16.5024 2.35575 -28.9665 
v -16.5272 2.28402 -28.9943 
v -16.5441 2.21232 -28.9759 
v -16.5276 2.28606 -28.9728 
v -16.5433 2.21943 -28.9573 
v -16.5441 2.21232 -28.9759 
v -16.5541 2.16807 -28.9316 
v -16.5556 2.15716 -28.9461 
v -16.5692 2.2821 -28.4421 
v -16.5643 2.30004 -28.4104 
v -16.5651 2.29385 -28.4472 
v -16.5681 2.28428 -28.4061 
v -16.551 2.34804 -28.3557 
v -16.5611 2.31057 -28.3568 
v -16.5509 2.34712 -28.3283 
v -16.4887 2.27231 -28.4617 
v -16.4203 2.26731 -28.5848 
v -16.5312 2.15613 -28.4929 
v -16.448 2.19099 -28.6027 
v -16.5947 1.50319 -28.7823 
v -16.6 1.4497 -28.7427 
v -16.5919 1.51287 -28.7511 
v -16.5983 1.46473 -28.8037 
v -16.3968 2.3685 -27.4508 
v -16.4316 2.24958 -27.4144 
v -16.3479 2.37084 -27.3627 
v -16.3867 2.261 -27.3081 
v -16.6 1.4497 -27.3883 
v -16.5947 1.50319 -27.3487 
v -16.5919 1.51287 -27.38 
v -16.5983 1.46473 -27.3274 
v -16.2219 2.77996 -27.3008 
v -16.2182 2.7728 -27.2938 
v -16.2187 2.81725 -27.272 
v -16.2906 2.78112 -28.7839 
v -16.2985 2.81922 -28.7953 
v -16.2956 2.81668 -28.8039 
v -16.2935 2.78482 -28.7781 
v -16.2906 2.78112 -28.7839 
v -16.2919 2.76197 -28.7565 
v -16.3318 2.9199 -27.3386 
v -16.3186 2.88762 -27.3282 
v -16.3161 2.89075 -27.315 
v -16.3297 2.92773 -27.3246 
v -16.2871 2.85845 -28.5629 
v -16.2928 2.81036 -28.5804 
v -16.3151 2.74322 -28.5508 
v -16.5611 2.31057 -28.3568 
v -16.551 2.34804 -28.3557 
v -16.5597 2.31785 -28.3806 
v -16.528 2.29791 -27.7983 
v -16.5341 2.26924 -27.7776 
v -16.5292 2.30028 -27.777 
v -16.5334 1.33407 -28.5359 
v -16.531 1.44258 -28.5376 
v -16.5492 1.33835 -28.6749 
v -16.4607 3.63274 -28.0524 
v -16.4677 3.64855 -28.0242 
v -16.4664 3.65756 -28.0294 
v -16.472 3.66993 -28.0043 
v -16.4677 3.64855 -28.0242 
v -16.4722 3.65403 -27.9996 
v -16.4952 3.53636 -28.2503 
v -16.4968 3.48944 -28.261 
v -16.4912 3.52822 -28.2256 
v -16.4914 3.48416 -28.234 
v -16.5509 2.34712 -28.3283 
v -16.5408 2.38303 -28.3112 
v -16.5384 2.39022 -28.3357 
v -16.551 2.34804 -28.3557 
v -16.1626 2.9303 -27.4273 
v -16.1758 3.27911 -27.4521 
v -16.2438 3.28962 -27.582 
v -16.2423 2.90355 -27.5896 
v -16.2912 2.78112 -27.3472 
v -16.2965 2.81668 -27.3271 
v -16.2996 2.81922 -27.3357 
v -16.2942 2.78482 -27.3529 
v -16.2927 2.75362 -27.3869 
v -16.2912 2.78112 -27.3472 
v -16.4225 2.57702 -28.8286 
v -16.4383 2.51085 -28.9026 
v -16.4451 2.4947 -28.885 
v -16.4298 2.56077 -28.8102 
v -16.4091 3.99796 -28.0498 
v -16.4064 4.06112 -28.0391 
v -16.4119 4.0071 -28.0718 
v -16.4055 4.04546 -28.0191 
v -16.4776 2.09229 -28.5921 
v -16.4287 2.26612 -28.5302 
v -16.3257 2.30504 -28.6489 
v -16.3732 2.1316 -28.721 
v -16.0447 2.49609 -27.3449 
v -15.9255 2.36813 -27.2091 
v -15.9167 2.44709 -27.1438 
v -15.9835 2.58457 -27.2739 
v -16.3257 2.92774 -28.8064 
v -16.3136 2.89075 -28.816 
v -16.3276 2.9199 -28.7924 
v -16.3158 2.88762 -28.8028 
v -16.5063 1.63016 -28.8744 
v -16.497 1.53778 -28.8685 
v -16.4934 1.61623 -28.831 
v -16.5023 1.55573 -28.9073 
v -16.3935 2.45435 -28.7205 
v -16.3851 2.51175 -28.6846 
v -16.3755 2.52427 -28.7176 
v -16.3829 2.4752 -28.7522 
v -16.4707 2.14949 -28.7693 
v -16.4381 2.24958 -28.7166 
v -16.3774 2.261 -28.823 
v -16.4133 2.15571 -28.8796 
v -16.3029 2.73523 -27.4757 
v -16.3503 2.62716 -27.4945 
v -16.3493 2.62531 -27.4807 
v -16.3044 2.73841 -27.4845 
v -16.2441 3.03495 -27.4359 
v -16.3029 2.73523 -27.4757 
v -16.2089 3.00017 -28.7114 
v -16.2347 2.90789 -28.6988 
v -16.2187 2.99927 -28.6638 
v -16.2456 2.91666 -28.6518 
v -16.5374 1.87751 -28.4323 
v -16.5625 1.77299 -28.5427 
v -16.5371 1.75743 -28.4382 
v -16.558 1.93124 -28.5526 
v -16.3504 2.60638 -28.6365 
v -16.2797 2.73523 -28.6792 
v -16.3494 2.60454 -28.6503 
v -16.2812 2.73841 -28.6704 
v -16.1528 3.00642 -28.7548 
v -16.2797 2.73523 -28.6792 
v -16.238 2.71407 -27.3999 
v -16.3355 2.567 -27.57 
v -16.3171 2.51131 -27.4681 
v -16.2659 2.75177 -27.496 
v -16.3355 2.567 -27.57 
v -16.3985 2.36594 -27.5414 
v -16.4064 2.4125 -27.6498 
v -16.5366 1.57523 -27.5975 
v -16.5275 1.5716 -27.4188 
v -16.5111 1.71215 -27.6275 
v -16.5318 1.44258 -27.5934 
v -16.5275 1.5716 -27.4188 
v -16.5472 1.33835 -27.4562 
v -16.5302 1.01896 -27.6754 
v -16.5471 0.923669 -27.6144 
v -16.5541 1.03249 -27.5986 
v -16.4875 3.54292 -28.1872 
v -16.4871 3.49854 -28.1893 
v -16.4844 3.53864 -28.1684 
v -16.4837 3.49831 -28.1725 
v -16.4041 2.54944 -28.5572 
v -16.3612 2.68068 -28.5729 
v -16.3601 2.67367 -28.595 
v -16.4076 2.55618 -28.5291 
v -16.5264 1.86707 -27.6694 
v -16.5221 2.15915 -27.6382 
v -16.504 2.1179 -27.7641 
v -16.5443 1.90307 -27.56 
v -16.4996 3.61845 -28.1794 
v -16.5084 3.63345 -28.2078 
v -16.5096 3.60047 -28.2216 
v -16.5031 3.58921 -28.1916 
v -16.4899 3.61449 -28.1677 
v -16.4878 3.57488 -28.1583 
v -16.4925 3.60536 -28.1455 
v -16.4871 3.58186 -28.1795 
v -16.4875 3.54292 -28.1872 
v -16.4878 3.57488 -28.1583 
v -16.4844 3.53864 -28.1684 
v -16.5692 2.2821 -28.4421 
v -16.5651 2.29385 -28.4472 
v -16.5668 2.28641 -28.473 
v -16.4298 2.56077 -28.8102 
v -16.4024 2.64764 -28.7436 
v -16.3944 2.66036 -28.7694 
v -16.4225 2.57702 -28.8286 
v -16.3382 2.62933 -28.6879 
v -16.3683 2.56615 -28.6687 
v -16.3445 2.63126 -28.6608 
v -16.3606 2.5712 -28.6996 
v -16.5224 1.45948 -28.2353 
v -16.5128 1.44721 -28.2057 
v -16.5033 1.50517 -28.1795 
v -16.5167 0.926058 -28.6645 
v -16.5365 0.89301 -28.6365 
v -16.5315 0.928553 -28.6294 
v -16.5212 0.890541 -28.6668 
v -16.5092 1.35205 -27.3554 
v -16.5129 1.35476 -27.2958 
v -16.5056 1.51969 -27.339 
v -16.3425 2.70859 -27.6818 
v -16.4098 2.59456 -27.8272 
v -16.4161 2.57794 -27.8041 
v -16.3491 2.74362 -27.7187 
v -16.4495 3.65007 -28.0519 
v -16.4684 3.67952 -28.0701 
v -16.4758 3.66267 -28.078 
v -16.4684 3.67952 -28.0701 
v -16.4829 3.66683 -28.0992 
v -16.4803 3.69352 -28.0916 
v -16.4896 3.69931 -28.1157 
v -16.4829 3.66683 -28.0992 
v -16.4876 3.66722 -28.1183 
v -16.5137 2.09597 -28.6676 
v -16.5475 2.02405 -28.6409 
v -16.5231 2.09682 -28.6321 
v -16.5444 2.01377 -28.671 
v -16.2965 2.81668 -27.3271 
v -16.305 2.85369 -27.3161 
v -16.3079 2.8541 -27.3273 
v -16.2996 2.81922 -27.3357 
v -16.528 2.29791 -27.7983 
v -16.5232 2.32637 -27.7888 
v -16.521 2.33074 -27.8116 
v -16.5292 2.30028 -27.777 
v -16.5232 2.32637 -27.7888 
v -16.5139 2.36122 -27.7955 
v -16.3035 2.85369 -28.8149 
v -16.2956 2.81668 -28.8039 
v -16.3061 2.8541 -28.8038 
v -16.2985 2.81922 -28.7953 
v -16.5509 2.34712 -28.3283 
v -16.5611 2.31057 -28.3568 
v -16.545 2.32119 -28.3214 
v -16.2694 3.64307 -27.5936 
v -16.2438 3.28962 -27.582 
v -16.1758 3.27911 -27.4521 
v -16.5451 1.63813 -27.2995 
v -16.527 1.67321 -27.2898 
v -16.534 1.67424 -27.3069 
v -16.5377 1.64065 -27.2853 
v -16.5477 1.83021 -27.5575 
v -16.5443 1.90307 -27.56 
v -16.5264 1.86707 -27.6694 
v -16.2255 2.74333 -28.7916 
v -16.2219 2.77996 -28.8303 
v -16.2182 2.7728 -28.8372 
v -16.5495 1.16967 -28.597 
v -16.5415 1.09453 -28.5535 
v -16.5314 1.19657 -28.5065 
v -16.5277 1.10177 -28.4721 
v -16.305 2.85369 -27.3161 
v -16.3161 2.89075 -27.315 
v -16.3186 2.88762 -27.3282 
v -16.3079 2.8541 -27.3273 
v -16.483 2.49044 -28.353 
v -16.446 2.56589 -28.3704 
v -16.4441 2.54726 -28.399 
v -16.4759 2.50436 -28.3263 
v -16.5668 2.28641 -28.473 
v -16.5651 2.29385 -28.4472 
v -16.5625 2.29673 -28.4837 
v -16.5817 1.60725 -28.5467 
v -16.5843 1.694 -28.548 
v -16.6052 1.64402 -28.6348 
v -16.5976 1.69732 -28.6441 
v -16.6052 1.64402 -28.6348 
v -16.2423 2.90355 -27.5896 
v -16.1562 2.77072 -27.4276 
v -16.1626 2.9303 -27.4273 
v -16.2292 2.75447 -27.5916 
v -16.1175 3.20853 -27.2524 
v -16.1144 3.13662 -27.2695 
v -16.0987 3.18965 -27.2231 
v -16.3387 2.63126 -27.4702 
v -16.3627 2.56615 -27.4624 
v -16.3325 2.62933 -27.4431 
v -16.355 2.5712 -27.4314 
v -16.5412 1.06945 -28.6443 
v -16.5489 0.995054 -28.6026 
v -16.5415 1.09453 -28.5535 
v -16.5491 1.00623 -28.5266 
v -16.5111 1.71215 -27.6275 
v -16.5195 1.91793 -27.4771 
v -16.486 1.87162 -27.6785 
v -16.5275 1.5716 -27.4188 
v -16.2726 3.41652 -27.4127 
v -16.298 3.37212 -27.4889 
v -16.2728 3.34934 -27.4297 
v -16.3059 3.4584 -27.4749 
v -16.4612 2.27391 -28.5997 
v -16.5 2.16367 -28.6107 
v -16.4742 2.2593 -28.5635 
v -16.4858 2.17443 -28.6473 
v -16.4554 2.16465 -27.8318 
v -16.4748 2.11254 -27.7823 
v -16.4607 2.17259 -27.8005 
v -16.4706 2.10074 -27.8131 
v -16.4774 1.91919 -27.7255 
v -16.4748 2.11254 -27.7823 
v -16.4803 1.92987 -27.6938 
v -16.3136 2.89075 -28.816 
v -16.3035 2.85369 -28.8149 
v -16.3158 2.88762 -28.8028 
v -16.3061 2.8541 -28.8038 
v -16.2424 3.04497 -27.4386 
v -16.3354 2.71921 -27.5581 
v -16.3343 2.71221 -27.536 
v -16.392 2.55618 -27.6019 
v -16.3343 2.71221 -27.536 
v -16.3889 2.54944 -27.5738 
v -16.4265 2.45084 -27.5859 
v -16.392 2.55618 -27.6019 
v -16.4328 2.45168 -27.6203 
v -16.4637 2.35804 -27.6083 
v -16.4265 2.45084 -27.5859 
v -16.4539 2.36674 -27.5709 
v -16.3929 4.03002 -28.164 
v -16.3918 3.97105 -28.15 
v -16.3911 4.03201 -28.136 
v -16.3896 3.97816 -28.1267 
v -16.3911 4.03201 -28.136 
v -16.3893 4.0828 -28.161 
v -16.3893 4.07731 -28.1315 
v -16.3887 3.17237 -28.5585 
v -16.4118 3.16891 -28.4496 
v -16.4188 3.2638 -28.4844 
v -16.446 2.19714 -28.9524 
v -16.4283 2.274 -28.8935 
v -16.4171 2.29669 -28.9215 
v -16.4335 2.21457 -28.9841 
v -16.5492 1.64355 -27.258 
v -16.5195 1.68828 -27.2292 
v -16.5367 1.68849 -27.2715 
v -16.5292 1.65566 -27.2199 
v -16.2255 2.74333 -27.3394 
v -16.2182 2.7728 -27.2938 
v -16.2219 2.77996 -27.3008 
v -16.5345 0.887585 -27.662 
v -16.5471 0.923669 -27.6144 
v -16.5302 1.01896 -27.6754 
v -16.438 2.36674 -28.5601 
v -16.4742 2.2593 -28.5635 
v -16.4478 2.35804 -28.5227 
v -16.4612 2.27391 -28.5997 
v -16.4503 2.0897 -28.9447 
v -16.4639 2.02458 -28.9366 
v -16.4522 2.08467 -28.9249 
v -16.4608 2.02549 -28.9577 
v -16.5408 2.38303 -28.3112 
v -16.5186 2.43712 -28.3333 
v -16.5384 2.39022 -28.3357 
v -16.5113 2.45985 -28.3085 
v -16.3606 2.5712 -28.6996 
v -16.3851 2.51175 -28.6846 
v -16.3683 2.56615 -28.6687 
v -16.3755 2.52427 -28.7176 
v -16.523 2.16367 -27.5203 
v -16.4539 2.36674 -27.5709 
v -16.4637 2.35804 -27.6083 
v -16.5095 2.17443 -27.4837 
v -16.4335 2.21457 -27.1469 
v -16.4171 2.29669 -27.2096 
v -16.446 2.19714 -27.1786 
v -16.4283 2.274 -27.2375 
v -16.526 1.57523 -28.5336 
v -16.5093 1.71215 -28.5035 
v -16.5275 1.5716 -28.7123 
v -16.5275 1.5716 -28.7123 
v -16.531 1.44258 -28.5376 
v -16.5492 1.33835 -28.6749 
v -16.5137 3.52878 -28.2331 
v -16.5107 3.48693 -28.2283 
v -16.5065 3.52575 -28.2043 
v -16.5034 3.48987 -28.2022 
v -16.1977 3.04497 -28.6752 
v -16.2857 2.83612 -28.6421 
v -16.2856 2.83987 -28.6281 
v -16.3601 2.67367 -28.595 
v -16.2856 2.83987 -28.6281 
v -16.3612 2.68068 -28.5729 
v -16.4886 3.60121 -28.1946 
v -16.4867 3.62644 -28.1715 
v -16.4909 3.61516 -28.2122 
v -16.4902 3.64348 -28.1849 
v -16.453 2.53676 -27.7717 
v -16.4941 2.42914 -27.8183 
v -16.4839 2.45423 -27.784 
v -16.4579 2.51509 -27.7491 
v -16.4227 2.58722 -27.6909 
v -16.5015 2.40378 -27.7966 
v -16.4839 2.45423 -27.784 
v -16.521 2.33074 -27.8116 
v -16.5139 2.36122 -27.7955 
v -16.5103 2.36984 -27.8211 
v -16.0154 2.60526 -27.2264 
v -16.0498 2.65066 -27.2825 
v -16.0066 2.56857 -27.2191 
v -16.4522 2.08467 -27.2061 
v -16.4639 2.02458 -27.1945 
v -16.4503 2.0897 -27.1863 
v -16.4608 2.02549 -27.1733 
v -16.4607 3.63274 -28.0524 
v -16.4637 3.65108 -28.0551 
v -16.4676 3.64437 -28.0594 
v -16.4637 3.65108 -28.0551 
v -16.4762 3.65573 -28.0693 
v -16.4699 3.6716 -28.0633 
v -16.5015 2.40378 -27.7966 
v -16.5103 2.36984 -27.8211 
v -16.5139 2.36122 -27.7955 
v -16.4941 2.42914 -27.8183 
v -15.9354 3.40795 -28.8374 
v -15.9088 3.351 -28.8712 
v -15.921 3.34679 -28.8512 
v -15.9191 3.4178 -28.8589 
v -16.5364 2.26546 -27.7399 
v -16.5341 2.26924 -27.7776 
v -16.5415 2.24689 -27.7409 
v -16.4872 3.68912 -28.177 
v -16.4859 3.71819 -28.156 
v -16.4906 3.70015 -28.1899 
v -16.4877 3.72935 -28.1653 
v -16.5477 1.83021 -27.5575 
v -16.5253 1.7943 -27.6577 
v -16.5498 1.73757 -27.5865 
v -16.5264 1.86707 -27.6694 
v -16.4858 2.17443 -28.6473 
v -16.5231 2.09682 -28.6321 
v -16.5 2.16367 -28.6107 
v -16.5137 2.09597 -28.6676 
v -16.4968 3.48944 -28.261 
v -16.4938 3.44125 -28.2659 
v -16.4914 3.48416 -28.234 
v -16.4894 3.43919 -28.2387 
v -16.3862 2.4934 -28.6674 
v -16.3982 2.41385 -28.6845 
v -16.3888 2.48802 -28.6499 
v -16.3955 2.42381 -28.7016 
v -16.2292 2.75447 -27.5916 
v -16.131 2.66529 -27.4187 
v -16.1562 2.77072 -27.4276 
v -16.1908 2.62262 -27.5679 
v -16.3795 2.51175 -27.4465 
v -16.355 2.5712 -27.4314 
v -16.3627 2.56615 -27.4624 
v -16.37 2.52427 -27.4134 
v -16.5495 1.16967 -28.597 
v -16.5334 1.33407 -28.5359 
v -16.5492 1.33835 -28.6749 
v -16.5314 1.19657 -28.5065 
v -16.3829 2.4752 -28.7522 
v -16.4171 2.29669 -28.9215 
v -16.4283 2.274 -28.8935 
v -16.3935 2.45435 -28.7205 
v -16.4171 2.29669 -27.2096 
v -16.3838 2.4752 -27.3788 
v -16.4283 2.274 -27.2375 
v -16.3945 2.45435 -27.4105 
v -16.3965 2.42381 -27.4294 
v -16.3871 2.4934 -27.4637 
v -16.3993 2.41385 -27.4465 
v -16.3897 2.48802 -27.4812 
v -16.4668 2.44656 -27.8721 
v -16.4908 2.37647 -27.8691 
v -16.471 2.44376 -27.8539 
v -16.4863 2.37771 -27.8509 
v -16.1908 2.62262 -27.5679 
v -16.093 2.57463 -27.3918 
v -16.131 2.66529 -27.4187 
v -16.1246 2.50592 -27.5187 
v -16.0389 2.41182 -27.4454 
v -16.093 2.57463 -27.3918 
v -16.0447 2.49609 -27.3449 
v -16.5101 1.63263 -27.818 
v -16.5066 1.6461 -27.7984 
v -16.5073 1.67301 -27.8438 
v -16.4662 3.27747 -28.1427 
v -16.4734 3.33259 -28.1417 
v -16.4717 3.32646 -28.1589 
v -16.4684 3.27982 -28.1279 
v -16.5451 2.23379 -27.6951 
v -16.5378 2.24653 -27.6629 
v -16.5397 2.24753 -27.6905 
v -16.4277 3.2584 -28.3902 
v -16.4188 3.2638 -28.4844 
v -16.4118 3.16891 -28.4496 
v -16.4367 3.35282 -28.4234 
v -16.5015 3.68451 -28.1656 
v -16.4953 3.65807 -28.1497 
v -16.4926 3.66531 -28.1354 
v -16.4962 3.69656 -28.1414 
v -16.0969 2.93215 -27.2975 
v -16.0987 3.18965 -27.2231 
v -16.1144 3.13662 -27.2695 
v -16.1201 2.94636 -27.3458 
v -16.5741 1.60725 -27.5844 
v -16.6052 1.64402 -27.4962 
v -16.5782 1.694 -27.583 
v -16.5976 1.69732 -27.4869 
v -16.6052 1.64402 -27.4962 
v -16.5498 1.73757 -27.5865 
v -16.5253 1.7943 -27.6577 
v -16.5206 1.72527 -27.6669 
v -16.5101 1.63263 -27.818 
v -16.5073 1.67301 -27.8438 
v -16.5095 1.66754 -27.8577 
v -16.4962 3.69656 -28.1414 
v -16.4876 3.66722 -28.1183 
v -16.4896 3.69931 -28.1157 
v -16.4926 3.66531 -28.1354 
v -16.4563 3.2376 -28.1473 
v -16.4662 3.27747 -28.1427 
v -16.4564 3.27693 -28.1537 
v -16.4642 3.23596 -28.1389 
v -16.5107 2.31702 -27.8539 
v -16.4863 2.37771 -27.8509 
v -16.4908 2.37647 -27.8691 
v -16.5055 2.32214 -27.8372 
v -16.4635 3.68324 -27.9654 
v -16.4639 3.74696 -27.9833 
v -16.4587 3.69687 -27.9991 
v -16.4724 3.72679 -27.9364 
v -16.4639 3.74696 -27.9833 
v -16.454 3.699 -28.019 
v -16.4523 3.75023 -28.0283 
v -16.4635 3.68324 -27.9654 
v -16.4744 3.69637 -27.9086 
v -16.4651 3.65911 -27.9451 
v -16.5904 2.08212 -28.2414 
v -16.5651 2.18846 -28.2293 
v -16.6033 2.10801 -28.2916 
v -16.5259 1.97993 -28.6546 
v -16.5513 1.84119 -28.6724 
v -16.5267 1.9751 -28.6214 
v -16.5507 1.82944 -28.5848 
v -16.2988 2.91465 -28.5473 
v -16.3214 2.82311 -28.6304 
v -16.3256 2.7889 -28.5619 
v -16.283 2.91761 -28.6308 
v -16.5369 2.25427 -27.7166 
v -16.5364 2.26546 -27.7399 
v -16.5415 2.24689 -27.7409 
v -16.5451 2.23379 -27.6951 
v -16.4774 1.91919 -27.7255 
v -16.4793 1.8655 -27.7128 
v -16.4803 1.92987 -27.6938 
v -16.4832 1.86875 -27.681 
v -16.4793 1.8655 -27.7128 
v -16.4901 1.81004 -27.6841 
v -16.4843 1.81388 -27.7131 
v -16.48 3.65686 -27.8834 
v -16.4651 3.65911 -27.9451 
v -16.4671 3.6257 -27.9238 
v -16.4744 3.69637 -27.9086 
v -16.4768 2.30828 -27.6053 
v -16.4536 2.39952 -27.6855 
v -16.5147 2.25151 -27.6399 
v -16.4453 2.38085 -27.6283 
v -16.5026 2.09229 -27.539 
v -16.3498 2.28251 -27.4821 
v -16.4379 2.26612 -27.6008 
v -16.4026 2.1316 -27.4064 
v -16.5278 1.33407 -27.5951 
v -16.5468 1.15319 -27.534 
v -16.5472 1.33835 -27.4562 
v -16.5303 1.1801 -27.6246 
v -16.4871 3.49854 -28.1893 
v -16.4808 3.45028 -28.1797 
v -16.4837 3.49831 -28.1725 
v -16.4786 3.45344 -28.1653 
v -16.454 3.29996 -28.1135 
v -16.4595 3.34828 -28.1202 
v -16.4591 3.34438 -28.1308 
v -16.4549 3.30184 -28.1043 
v -16.4699 2.4275 -28.9374 
v -16.4451 2.4947 -28.885 
v -16.4383 2.51085 -28.9026 
v -16.4649 2.43843 -28.9582 
v -16.5079 1.68812 -28.8585 
v -16.4934 1.61623 -28.831 
v -16.4944 1.68148 -28.8115 
v -16.5063 1.63016 -28.8744 
v -16.3838 2.4752 -27.3788 
v -16.37 2.52427 -27.4134 
v -16.3945 2.45435 -27.4105 
v -16.3795 2.51175 -27.4465 
v -16.3503 2.62716 -27.4945 
v -16.3706 2.55062 -27.494 
v -16.3493 2.62531 -27.4807 
v -16.3689 2.552 -27.4779 
v -16.4996 3.61845 -28.1794 
v -16.4965 3.64309 -28.1644 
v -16.5084 3.63345 -28.2078 
v -16.5056 3.6632 -28.1881 
v -16.5983 2.18213 -28.3093 
v -16.5976 2.18757 -28.3792 
v -16.6239 2.12064 -28.3884 
v -16.6326 2.09889 -28.3296 
v -16.5644 1.53612 -28.8608 
v -16.5863 1.49265 -28.8327 
v -16.5879 1.50718 -28.8081 
v -16.4064 2.4125 -27.6498 
v -16.4169 2.33218 -27.5583 
v -16.3985 2.36594 -27.5414 
v -16.4407 2.34486 -27.6671 
v -16.4753 2.27723 -27.6699 
v -16.4169 2.33218 -27.5583 
v -16.4377 2.26999 -27.5494 
v -16.436 3.58916 -28.1306 
v -16.4317 3.5844 -28.1015 
v -16.4361 3.66735 -28.1037 
v -16.6185 1.47648 -28.6614 
v -16.6115 1.48743 -28.6317 
v -16.6169 1.4876 -28.6604 
v -16.6127 1.47468 -28.6284 
v -16.6185 1.47648 -28.6614 
v -16.6149 1.49816 -28.6972 
v -16.4938 3.44125 -28.2659 
v -16.4783 3.34734 -28.2618 
v -16.4894 3.43919 -28.2387 
v -16.4795 3.34482 -28.2397 
v -16.2112 3.11173 -28.6404 
v -16.2036 3.27253 -28.6144 
v -16.2133 3.10668 -28.6792 
v -16.1895 2.96737 -28.686 
v -16.2112 3.11173 -28.6404 
v -16.23 2.90289 -28.6323 
v -16.4944 1.68148 -27.3196 
v -16.4934 1.60895 -27.3001 
v -16.5079 1.68812 -27.2725 
v -16.5063 1.62288 -27.2567 
v -16.4709 2.14949 -27.3618 
v -16.3867 2.261 -27.3081 
v -16.4316 2.24958 -27.4144 
v -16.4252 2.15571 -27.2515 
v -16.44 3.58873 -28.0004 
v -16.4387 3.66805 -28.0273 
v -16.4337 3.58352 -28.0295 
v -16.4337 3.58352 -28.0295 
v -16.4387 3.66805 -28.0273 
v -16.4286 3.64663 -28.0655 
v -16.4244 3.56451 -28.0655 
v -16.3919 3.17237 -27.5725 
v -16.4111 3.2638 -27.6466 
v -16.4026 3.16891 -27.6815 
v -16.4394 3.72856 -28.066 
v -16.4465 3.69337 -28.0418 
v -16.4523 3.75023 -28.0283 
v -16.4332 3.67479 -28.0654 
v -16.4465 3.69337 -28.0418 
v -16.454 3.699 -28.019 
v -16.4546 2.47502 -28.454 
v -16.5066 2.37191 -28.4094 
v -16.4458 2.50755 -28.3879 
v -16.5021 2.39508 -28.3364 
v -16.5351 1.6525 -28.4244 
v -16.5371 1.75743 -28.4382 
v -16.5618 1.65666 -28.5048 
v -15.9255 2.36813 -27.2091 
v -16.0447 2.49609 -27.3449 
v -15.889 2.32081 -27.2885 
v -16.0389 2.41182 -27.4454 
v -16.5723 1.81246 -27.552 
v -16.5976 1.69732 -27.4869 
v -16.589 1.76511 -27.4568 
v -16.5782 1.694 -27.583 
v -16.5147 2.25151 -27.6399 
v -16.5079 2.2275 -27.5684 
v -16.4768 2.30828 -27.6053 
v -16.4361 3.66735 -28.1037 
v -16.4317 3.5844 -28.1015 
v -16.4286 3.64663 -28.0655 
v -16.4244 3.56451 -28.0655 
v -16.4794 3.67701 -27.9765 
v -16.472 3.66993 -28.0043 
v -16.4722 3.65403 -27.9996 
v -16.4775 3.65467 -27.9752 
v -16.4847 3.67486 -27.9462 
v -16.4794 3.67701 -27.9765 
v -16.4775 3.65467 -27.9752 
v -16.4815 3.64798 -27.9514 
v -16.6048 1.5539 -28.9019 
v -16.6067 1.57505 -28.8717 
v -16.596 1.56863 -28.9072 
v -16.5981 1.5859 -28.8805 
v -16.5976 1.69732 -28.6441 
v -16.5723 1.81246 -28.579 
v -16.589 1.76511 -28.6742 
v -16.5843 1.694 -28.548 
v -16.5092 1.35205 -27.3554 
v -16.5178 1.28309 -27.2999 
v -16.5129 1.35476 -27.2958 
v -16.5131 1.2751 -27.3584 
v -16.5644 1.53612 -27.2702 
v -16.5879 1.50718 -27.3229 
v -16.5863 1.49265 -27.2983 
v -16.5264 2.26842 -27.8264 
v -16.5055 2.32214 -27.8372 
v -16.5107 2.31702 -27.8539 
v -16.5206 2.27731 -27.813 
v -16.4394 3.72856 -28.066 
v -16.4423 3.69765 -28.0984 
v -16.4332 3.67479 -28.0654 
v -16.4452 3.74645 -28.0998 
v -16.4452 3.74645 -28.0998 
v -16.4494 3.70379 -28.1237 
v -16.4507 3.75237 -28.1239 
v -16.4603 3.74733 -28.1632 
v -16.4494 3.70379 -28.1237 
v -16.4543 3.69848 -28.1473 
v -16.4677 3.72724 -28.1946 
v -16.4576 3.68345 -28.1656 
v -16.4543 3.69848 -28.1473 
v -16.4603 3.74733 -28.1632 
v -16.2347 2.90789 -28.6988 
v -16.3025 2.8082 -28.6619 
v -16.2456 2.91666 -28.6518 
v -16.2824 2.82631 -28.6147 
v -16.4458 2.50755 -28.3879 
v -16.3879 2.61942 -28.464 
v -16.4546 2.47502 -28.454 
v -16.4008 2.58504 -28.5207 
v -16.483 2.49044 -28.353 
v -16.5113 2.45985 -28.3085 
v -16.4759 2.50436 -28.3263 
v -16.5186 2.43712 -28.3333 
v -16.3268 3.90716 -28.0908 
v -16.3189 3.86274 -28.0768 
v -16.3003 3.8662 -28.0555 
v -16.3073 3.91845 -28.0712 
v -16.4536 2.39952 -27.6855 
v -16.4453 2.38085 -27.6283 
v -16.4065 2.45074 -27.6342 
v -16.1977 3.19551 -28.648 
v -16.1974 3.09673 -28.6986 
v -16.2055 3.08868 -28.6581 
v -16.2089 3.00017 -28.7114 
v -16.2055 3.08868 -28.6581 
v -16.2187 2.99927 -28.6638 
v -16.5297 2.37323 -28.2906 
v -16.5509 2.34712 -28.3283 
v -16.545 2.32119 -28.3214 
v -16.5408 2.38303 -28.3112 
v -16.3494 2.60454 -28.6503 
v -16.3699 2.55062 -28.637 
v -16.3504 2.60638 -28.6365 
v -16.3681 2.552 -28.6531 
v -16.6037 1.60484 -28.8473 
v -16.5857 1.64065 -28.8457 
v -16.596 1.61145 -28.8587 
v -16.5924 1.63813 -28.8316 
v -16.5981 1.5859 -28.8805 
v -16.6037 1.60484 -28.8473 
v -16.6067 1.57505 -28.8717 
v -16.627 1.48743 -27.4993 
v -16.6346 1.47648 -27.4697 
v -16.6329 1.4876 -27.4706 
v -16.6283 1.47468 -27.5026 
v -16.6346 1.47648 -27.4697 
v -16.6318 1.49816 -27.4339 
v -16.2807 3.05898 -28.7712 
v -16.3291 3.05203 -28.6165 
v -16.3887 3.17237 -28.5585 
v -16.293 3.02558 -28.6974 
v -16.5131 1.2751 -27.3584 
v -16.5191 1.21115 -27.333 
v -16.5178 1.28309 -27.2999 
v -16.5123 1.22181 -27.3843 
v -16.267 3.00152 -28.7535 
v -16.293 3.02558 -28.6974 
v -16.2807 3.05898 -28.7712 
v -16.5355 0.898408 -28.4645 
v -16.5305 1.01896 -28.4556 
v -16.5514 0.923669 -28.5167 
v -16.5066 2.37191 -28.4094 
v -16.5564 2.27398 -28.3853 
v -16.5021 2.39508 -28.3364 
v -16.5548 2.28353 -28.311 
v -16.5625 1.77299 -28.5427 
v -16.5618 1.65666 -28.5048 
v -16.5371 1.75743 -28.4382 
v -16.5753 2.20317 -28.2978 
v -16.6033 2.10801 -28.2916 
v -16.5651 2.18846 -28.2293 
v -16.6073 1.6038 -28.9007 
v -16.5701 1.65566 -28.9112 
v -16.5779 1.62974 -28.928 
v -16.5969 1.64355 -28.873 
v -16.577 1.6064 -28.9541 
v -16.6073 1.6038 -28.9007 
v -16.6033 1.57203 -28.9419 
v -16.5131 2.31185 -27.8232 
v -16.5211 2.2791 -27.8054 
v -16.528 2.29791 -27.7983 
v -16.521 2.33074 -27.8116 
v -16.2705 3.08113 -27.5493 
v -16.2623 3.08029 -27.4978 
v -16.2609 3.30239 -27.539 
v -16.2705 3.08113 -27.5493 
v -16.2772 2.9368 -27.5311 
v -16.2802 2.94694 -27.572 
v -16.5548 2.28353 -28.311 
v -16.5564 2.27398 -28.3853 
v -16.5976 2.18757 -28.3792 
v -16.5983 2.18213 -28.3093 
v -16.3681 2.552 -28.6531 
v -16.3888 2.48802 -28.6499 
v -16.3699 2.55062 -28.637 
v -16.3862 2.4934 -28.6674 
v -16.2736 3.00152 -27.3775 
v -16.2883 3.05898 -27.3598 
v -16.3004 3.02558 -27.4337 
v -16.4692 3.58294 -27.9022 
v -16.489 3.60885 -27.8599 
v -16.4671 3.6257 -27.9238 
v -16.48 3.65686 -27.8834 
v -16.4906 3.70015 -28.1899 
v -16.492 3.66016 -28.2131 
v -16.4872 3.68912 -28.177 
v -16.4871 3.64938 -28.1969 
v -16.4771 3.55869 -27.8976 
v -16.4717 3.51955 -27.8827 
v -16.4762 3.52841 -27.8561 
v -16.4792 3.57275 -27.8716 
v -16.3438 2.7256 -28.4449 
v -16.3643 2.68813 -28.4646 
v -16.3829 2.65881 -28.3987 
v -15.7044 2.17408 -27.1372 
v -15.6492 2.10516 -27.235 
v -15.6106 2.07867 -27.1944 
v -15.7332 2.18865 -27.2212 
v -15.6492 2.10516 -27.235 
v -15.5684 2.01121 -27.3093 
v -15.569 2.01171 -27.3098 
v -16.3897 2.48802 -27.4812 
v -16.3689 2.552 -27.4779 
v -16.3706 2.55062 -27.494 
v -16.3871 2.4934 -27.4637 
v -16.426 3.3478 -28.3447 
v -16.4367 3.35282 -28.4234 
v -16.4277 3.2584 -28.3902 
v -16.176 3.23322 -28.6525 
v -16.0925 3.24455 -28.7766 
v -16.1144 3.06378 -28.7661 
v -16.167 3.09372 -28.635 
v -16.1144 3.06378 -28.7661 
v -16.1733 2.90185 -28.5953 
v -16.1688 2.86717 -28.7143 
v -16.2599 2.66328 -28.6329 
v -16.1733 2.90185 -28.5953 
v -16.2297 2.69484 -28.523 
v -16.1037 3.43329 -28.9336 
v -16.121 3.39665 -28.9187 
v -16.1012 3.43225 -28.9149 
v -16.1145 3.41412 -28.8941 
v -16.1012 3.43225 -28.9149 
v -16.0896 3.49403 -28.9418 
v -16.5375 2.23168 -27.7866 
v -16.5206 2.27731 -27.813 
v -16.5264 2.26842 -27.8264 
v -16.5311 2.24326 -27.7785 
v -16.5451 2.23379 -27.6951 
v -16.5397 2.24753 -27.6905 
v -16.5369 2.25427 -27.7166 
v -16.4241 2.23547 -27.2707 
v -16.3965 2.42381 -27.4294 
v -16.4233 2.22411 -27.2865 
v -16.3993 2.41385 -27.4465 
v -16.4111 3.2638 -27.6466 
v -16.4143 3.2584 -27.7408 
v -16.4026 3.16891 -27.6815 
v -16.4275 3.35282 -27.7076 
v -16.5056 3.6632 -28.1881 
v -16.4965 3.64309 -28.1644 
v -16.4953 3.65807 -28.1497 
v -16.5015 3.68451 -28.1656 
v -16.4591 3.34438 -28.1308 
v -16.4786 3.45344 -28.1653 
v -16.4808 3.45028 -28.1797 
v -16.4595 3.34828 -28.1202 
v -16.332 3.05203 -27.5145 
v -16.2883 3.05898 -27.3598 
v -16.3919 3.17237 -27.5725 
v -16.3004 3.02558 -27.4337 
v -16.3955 2.42381 -28.7016 
v -16.4241 2.23547 -28.8604 
v -16.4233 2.22411 -28.8445 
v -16.3982 2.41385 -28.6845 
v -16.3729 2.49015 -27.5592 
v -16.3968 2.3685 -27.4508 
v -16.3663 2.49735 -27.4663 
v -16.4167 2.33171 -27.5582 
v -16.3968 2.3685 -27.4508 
v -16.4377 2.26996 -27.5495 
v -16.4717 3.32646 -28.1589 
v -16.4953 3.44567 -28.1906 
v -16.4985 3.43849 -28.2134 
v -16.4734 3.33259 -28.1417 
v -16.4649 2.43843 -28.9582 
v -16.5024 2.35575 -28.9665 
v -16.4699 2.4275 -28.9374 
v -16.5 2.36017 -28.9887 
v -16.4657 1.87162 -28.4526 
v -16.5047 1.91793 -28.6539 
v -16.5093 1.71215 -28.5035 
v -16.5275 1.5716 -28.7123 
v -16.4626 3.24834 -27.7799 
v -16.4707 3.29822 -27.7769 
v -16.4667 3.29027 -27.8009 
v -16.4656 3.25897 -27.7591 
v -16.4637 2.25619 -28.3403 
v -16.4887 2.27231 -28.4617 
v -16.5149 2.11693 -28.3717 
v -16.5312 2.15613 -28.4929 
v -16.5547 2.05934 -28.5246 
v -16.5149 2.11693 -28.3717 
v -16.5376 2.02071 -28.3998 
v -16.5547 2.05934 -28.5246 
v -16.5389 1.95746 -28.4191 
v -16.558 1.93124 -28.5526 
v -16.5591 1.9197 -27.3635 
v -16.5437 1.95775 -27.4881 
v -16.589 1.76511 -27.4568 
v -16.5723 1.81246 -27.552 
v -16.44 3.58873 -28.0004 
v -16.4501 3.67373 -27.99 
v -16.4387 3.66805 -28.0273 
v -16.4161 2.57794 -27.8041 
v -16.4396 2.52022 -27.859 
v -16.4468 2.51198 -27.8392 
v -16.4098 2.59456 -27.8272 
v -16.2113 3.15379 -28.9714 
v -16.2051 3.14534 -28.9878 
v -16.2001 3.10026 -28.9389 
v -16.2051 3.14534 -28.9878 
v -16.2258 3.19121 -28.9768 
v -16.2197 3.19295 -29.0031 
v -16.2258 3.19121 -28.9768 
v -16.2414 3.23469 -28.9885 
v -16.244 3.21795 -28.9653 
v -16.2681 3.23789 -28.9434 
v -16.2414 3.23469 -28.9885 
v -16.264 3.26521 -28.9598 
v -16.4985 3.43849 -28.2134 
v -16.5034 3.48987 -28.2022 
v -16.5107 3.48693 -28.2283 
v -16.4953 3.44567 -28.1906 
v -16.4929 1.33685 -27.1169 
v -16.4964 1.29087 -27.1007 
v -16.4933 1.34985 -27.09 
v -16.4972 1.29466 -27.0746 
v -16.4964 1.29087 -27.1007 
v -16.5032 1.23929 -27.0772 
v -16.5014 1.24253 -27.1001 
v -15.7815 2.24029 -27.1386 
v -15.7332 2.18865 -27.2212 
v -15.7044 2.17408 -27.1372 
v -16.4877 3.66372 -27.9177 
v -16.4815 3.64798 -27.9514 
v -16.4812 3.63604 -27.9321 
v -16.4847 3.67486 -27.9462 
v -16.4933 1.34985 -29.041 
v -16.4964 1.29087 -29.0304 
v -16.4929 1.33685 -29.0141 
v -16.4972 1.29466 -29.0564 
v -16.5032 1.23929 -29.0538 
v -16.4964 1.29087 -29.0304 
v -16.5014 1.24253 -29.0309 
v -16.436 3.58916 -28.1306 
v -16.4361 3.66735 -28.1037 
v -16.4456 3.67361 -28.1411 
v -16.5548 1.68828 -28.9018 
v -16.5969 1.64355 -28.873 
v -16.5762 1.68849 -28.8596 
v -16.5701 1.65566 -28.9112 
v -16.5511 1.70782 -28.8428 
v -16.5746 1.67424 -28.8241 
v -16.5559 1.71235 -28.8234 
v -16.5687 1.67321 -28.8412 
v -16.4522 2.08467 -27.2061 
v -16.4404 2.15484 -27.2132 
v -16.44 2.14622 -27.2307 
v -16.4503 2.0897 -27.1863 
v -16.3291 3.05203 -28.6165 
v -16.3702 3.09756 -28.5265 
v -16.3887 3.17237 -28.5585 
v -16.486 1.87162 -27.6785 
v -16.5026 2.09229 -27.539 
v -16.4539 2.04326 -27.7218 
v -16.5195 1.91793 -27.4771 
v -16.4951 3.59839 -27.8584 
v -16.4836 3.61647 -27.9112 
v -16.486 3.57856 -27.8858 
v -16.4926 3.64108 -27.8886 
v -16.5544 2.33362 -28.2291 
v -16.5235 2.3861 -28.2141 
v -16.5197 2.3855 -28.2332 
v -16.5483 2.33774 -28.2452 
v -16.4404 2.15484 -28.9179 
v -16.4522 2.08467 -28.9249 
v -16.44 2.14622 -28.9003 
v -16.4503 2.0897 -28.9447 
v -16.5919 1.57808 -28.5478 
v -16.5917 1.53912 -28.5712 
v -16.6006 1.5718 -28.5356 
v -16.6003 1.53048 -28.5608 
v -16.5917 1.53912 -28.5712 
v -16.6038 1.50364 -28.5898 
v -16.5955 1.51368 -28.5976 
v -16.5806 2.28337 -28.2612 
v -16.5544 2.33362 -28.2291 
v -16.5483 2.33774 -28.2452 
v -16.573 2.29049 -28.2738 
v -16.492 3.66016 -28.2131 
v -16.4913 3.60946 -28.2349 
v -16.4871 3.64938 -28.1969 
v -16.4851 3.59923 -28.2155 
v -16.4425 3.57695 -28.0344 
v -16.4503 3.60938 -28.0375 
v -16.4549 3.60327 -28.047 
v -16.4503 3.60938 -28.0375 
v -16.4623 3.62849 -28.0615 
v -16.4591 3.64061 -28.0484 
v -16.4377 2.26996 -27.5495 
v -16.4673 2.19353 -27.5291 
v -16.4316 2.24958 -27.4144 
v -16.3968 2.3685 -27.4508 
v -16.4501 3.67373 -27.99 
v -16.4435 3.58685 -27.982 
v -16.4622 3.66478 -27.9457 
v -16.44 3.58873 -28.0004 
v -16.4926 3.64108 -27.8886 
v -16.4812 3.63604 -27.9321 
v -16.4836 3.61647 -27.9112 
v -16.4877 3.66372 -27.9177 
v -16.486 3.57856 -27.8858 
v -16.4935 3.53461 -27.8359 
v -16.4951 3.59839 -27.8584 
v -16.4842 3.52285 -27.8652 
v -16.4477 2.48254 -28.2588 
v -16.4864 2.43357 -28.2377 
v -16.4461 2.49308 -28.2371 
v -16.4873 2.43951 -28.2169 
v -16.4864 2.43357 -28.2377 
v -16.5235 2.3861 -28.2141 
v -16.5197 2.3855 -28.2332 
v -16.4867 3.62644 -28.1715 
v -16.4842 3.64383 -28.1455 
v -16.4902 3.64348 -28.1849 
v -16.4893 3.66326 -28.1539 
v -16.5305 1.01896 -28.4556 
v -16.5491 1.00623 -28.5266 
v -16.5514 0.923669 -28.5167 
v -16.4558 3.20859 -27.7502 
v -16.4656 3.25897 -27.7591 
v -16.4626 3.24834 -27.7799 
v -16.4594 3.21943 -27.734 
v -16.4396 2.52022 -27.859 
v -16.4668 2.44656 -27.8721 
v -16.4468 2.51198 -27.8392 
v -16.471 2.44376 -27.8539 
v -16.4385 3.5877 -28.149 
v -16.4456 3.67361 -28.1411 
v -16.4542 3.66528 -28.1854 
v -16.436 3.58916 -28.1306 
v -16.4825 3.47881 -28.2724 
v -16.4799 3.39622 -28.2879 
v -16.4738 3.47136 -28.2467 
v -16.4694 3.38959 -28.2593 
v -16.5591 1.9197 -28.7675 
v -16.589 1.76511 -28.6742 
v -16.5407 1.95775 -28.643 
v -16.5723 1.81246 -28.579 
v -16.3746 3.83933 -28.0651 
v -16.3829 3.91516 -28.1017 
v -16.3852 3.90689 -28.1184 
v -16.3896 3.97816 -28.1267 
v -16.3852 3.90689 -28.1184 
v -16.3918 3.97105 -28.15 
v -16.3702 3.09756 -28.5265 
v -16.4118 3.16891 -28.4496 
v -16.3887 3.17237 -28.5585 
v -16.4745 3.69713 -28.2224 
v -16.4586 3.65967 -28.186 
v -16.4576 3.68345 -28.1656 
v -16.4677 3.72724 -28.1946 
v -16.5395 0.820411 -27.4524 
v -16.5272 0.85357 -27.4463 
v -16.5304 0.833387 -27.4268 
v -16.5379 0.846684 -27.4922 
v -16.4673 2.19353 -27.5291 
v -16.4709 2.14949 -27.3618 
v -16.4316 2.24958 -27.4144 
v -16.4912 2.09599 -27.4947 
v -16.2627 3.02016 -27.3114 
v -16.2736 3.00152 -27.3775 
v -16.2523 2.97755 -27.3398 
v -16.2883 3.05898 -27.3598 
v -16.5408 1.49197 -27.6218 
v -16.5392 1.62723 -27.5881 
v -16.5305 1.61536 -27.6374 
v -16.5582 1.49361 -27.5583 
v -16.5392 1.62723 -27.5881 
v -16.486 1.87162 -27.6785 
v -16.6063 1.53912 -27.5598 
v -16.6154 1.5718 -27.5954 
v -16.6152 1.53048 -27.5702 
v -16.606 1.57808 -27.5833 
v -16.6189 1.50364 -27.5412 
v -16.6063 1.53912 -27.5598 
v -16.6103 1.51368 -27.5334 
v -16.5272 0.85357 -28.6847 
v -16.5395 0.820411 -28.6786 
v -16.5304 0.833387 -28.7042 
v -16.5379 0.846684 -28.6388 
v -16.3477 3.95459 -28.1155 
v -16.3268 3.90716 -28.0908 
v -16.3073 3.91845 -28.0712 
v -16.3291 3.97491 -28.098 
v -16.4158 3.34781 -27.7864 
v -16.4143 3.2584 -27.7408 
v -16.4275 3.35282 -27.7076 
v -15.889 2.32081 -27.2885 
v -15.7332 2.18865 -27.2212 
v -15.8564 2.30522 -27.1629 
v -15.7815 2.24029 -27.1386 
v -16.4461 2.49308 -28.2371 
v -16.407 2.54238 -28.2665 
v -16.4477 2.48254 -28.2588 
v -16.4159 2.52839 -28.289 
v -16.5218 2.30572 -28.2423 
v -16.5753 2.20317 -28.2978 
v -16.5651 2.18846 -28.2293 
v -16.5416 2.29105 -28.318 
v -16.5541 1.60484 -27.2837 
v -16.5377 1.64065 -27.2853 
v -16.5451 1.63813 -27.2995 
v -16.5459 1.61145 -27.2724 
v -16.5541 1.60484 -27.2837 
v -16.5502 1.5859 -27.2505 
v -16.5597 1.57505 -27.2593 
v -16.2802 2.94694 -27.572 
v -16.305 2.79301 -27.5803 
v -16.2772 2.9368 -27.5311 
v -16.2976 2.80471 -27.6212 
v -16.4385 3.5877 -28.149 
v -16.4542 3.66528 -28.1854 
v -16.4408 3.57887 -28.1674 
v -16.5311 2.24326 -27.7785 
v -16.5403 2.21313 -27.7357 
v -16.534 2.22365 -27.7338 
v -16.5375 2.23168 -27.7866 
v -16.5309 2.22055 -27.6764 
v -16.5403 2.21313 -27.7357 
v -16.446 2.56589 -28.3704 
v -16.3829 2.65881 -28.3987 
v -16.3643 2.68813 -28.4646 
v -16.4291 2.58372 -28.342 
v -16.5288 2.24674 -27.6213 
v -16.5378 2.24653 -27.6629 
v -16.5438 2.23671 -27.6613 
v -16.3309 2.72745 -28.5516 
v -16.2824 2.82631 -28.6147 
v -16.3488 2.69995 -28.6012 
v -16.3025 2.8082 -28.6619 
v -16.3488 2.69995 -28.6012 
v -16.4008 2.58504 -28.5207 
v -16.3879 2.61942 -28.464 
v -16.3265 2.61467 -27.5432 
v -16.3663 2.49735 -27.4663 
v -16.3272 2.61373 -27.4675 
v -16.3729 2.49015 -27.5592 
v -16.267 3.00152 -28.7535 
v -16.2584 3.02016 -28.8196 
v -16.2481 2.97755 -28.7912 
v -16.2807 3.05898 -28.7712 
v -16.4733 3.42356 -27.8392 
v -16.475 3.34338 -27.7947 
v -16.4836 3.42961 -27.8137 
v -16.4681 3.33786 -27.8192 
v -16.4667 3.29027 -27.8009 
v -16.475 3.34338 -27.7947 
v -16.4707 3.29822 -27.7769 
v -16.4913 3.60946 -28.2349 
v -16.4877 3.54903 -28.2548 
v -16.4851 3.59923 -28.2155 
v -16.4803 3.53989 -28.2322 
v -15.9255 2.36813 -27.2091 
v -15.889 2.32081 -27.2885 
v -15.8564 2.30522 -27.1629 
v -16.3878 3.79415 -28.0549 
v -16.4036 3.87419 -28.0693 
v -16.4042 3.8725 -28.0813 
v -16.4097 3.94144 -28.0671 
v -16.4042 3.8725 -28.0813 
v -16.4127 3.94366 -28.0864 
v -16.4097 3.94144 -28.0671 
v -16.4119 4.0071 -28.0718 
v -16.4091 3.99796 -28.0498 
v -16.4435 3.58685 -27.982 
v -16.4465 3.57831 -27.9637 
v -16.4622 3.66478 -27.9457 
v -16.2686 2.91729 -28.5305 
v -16.2871 2.85845 -28.5629 
v -16.2891 2.83951 -28.5107 
v -16.3438 2.7256 -28.4449 
v -16.3315 2.75996 -28.5126 
v -16.3643 2.68813 -28.4646 
v -16.3089 2.78519 -28.4829 
v -16.4408 3.57887 -28.1674 
v -16.4604 3.60417 -28.2668 
v -16.4413 3.55834 -28.1943 
v -16.4542 3.66528 -28.1854 
v -16.332 3.05203 -27.5145 
v -16.3919 3.17237 -27.5725 
v -16.3701 3.09756 -27.6046 
v -16.4812 2.40638 -28.3645 
v -16.5416 2.29105 -28.318 
v -16.4714 2.42078 -28.2845 
v -16.5218 2.30572 -28.2423 
v -16.4423 3.15362 -27.6606 
v -16.4293 3.13723 -27.613 
v -16.4306 3.14213 -27.612 
v -16.439 3.14627 -27.6652 
v -16.4293 3.13723 -27.613 
v -16.425 3.14561 -27.5557 
v -16.4877 3.54903 -28.2548 
v -16.4825 3.47881 -28.2724 
v -16.4803 3.53989 -28.2322 
v -16.4738 3.47136 -28.2467 
v -16.4759 2.50436 -28.3263 
v -16.4291 2.58372 -28.342 
v -16.446 2.56589 -28.3704 
v -16.4697 2.50814 -28.298 
v -16.5408 1.49197 -28.5092 
v -16.5582 1.49361 -28.5727 
v -16.5517 1.39353 -28.5059 
v -16.5644 1.38035 -28.5567 
v -16.5644 1.28284 -28.5087 
v -16.5517 1.39353 -28.5059 
v -16.5512 1.30337 -28.4715 
v -16.2891 2.83951 -28.5107 
v -16.2871 2.85845 -28.5629 
v -16.3089 2.78519 -28.4829 
v -16.4473 3.5574 -27.9367 
v -16.4671 3.60286 -27.8642 
v -16.4465 3.57831 -27.9637 
v -16.4622 3.66478 -27.9457 
v -16.5379 0.846684 -27.4922 
v -16.5365 0.89301 -27.4945 
v -16.5322 0.889711 -27.518 
v -16.5399 0.85601 -27.4715 
v -16.5315 0.928553 -27.5016 
v -16.5322 0.889711 -27.518 
v -16.5216 0.94139 -27.5306 
v -16.5147 2.25151 -27.6399 
v -16.4892 2.2694 -27.7099 
v -16.5235 2.17818 -27.6593 
v -15.921 3.34679 -28.8512 
v -15.8988 3.28295 -28.8673 
v -15.9071 3.28407 -28.8537 
v -15.9088 3.351 -28.8712 
v -15.9056 3.21992 -28.8451 
v -15.8988 3.28295 -28.8673 
v -16.3214 2.82311 -28.6304 
v -16.3589 2.73476 -28.6511 
v -16.3256 2.7889 -28.5619 
v -16.5532 1.39353 -27.6251 
v -16.5582 1.49361 -27.5583 
v -16.5408 1.49197 -27.6218 
v -16.5662 1.38035 -27.5743 
v -16.5532 1.39353 -27.6251 
v -16.5668 1.28284 -27.6223 
v -16.5534 1.30337 -27.6596 
v -16.4799 3.39622 -28.2879 
v -16.4789 3.3127 -28.3078 
v -16.4694 3.38959 -28.2593 
v -16.4674 3.30399 -28.2785 
v -16.4789 3.3127 -28.3078 
v -16.4627 3.22874 -28.3122 
v -16.4731 3.2402 -28.3388 
v -16.4053 2.52827 -28.3529 
v -16.4812 2.40638 -28.3645 
v -16.4714 2.42078 -28.2845 
v -16.4013 3.06783 -28.5338 
v -16.4146 3.09513 -28.4818 
v -16.4042 3.07694 -28.5357 
v -16.4106 3.08382 -28.4753 
v -16.5379 0.846684 -28.6388 
v -16.5322 0.889711 -28.613 
v -16.5365 0.89301 -28.6365 
v -16.5399 0.85601 -28.6595 
v -16.5315 0.928553 -28.6294 
v -16.5322 0.889711 -28.613 
v -16.5216 0.94139 -28.6004 
v -16.4591 3.64061 -28.0484 
v -16.4706 3.64507 -28.0786 
v -16.4623 3.62849 -28.0615 
v -16.4707 3.66367 -28.0679 
v -16.4333 2.04326 -28.4093 
v -16.4776 2.09229 -28.5921 
v -16.4657 1.87162 -28.4526 
v -16.5047 1.91793 -28.6539 
v -16.4764 3.2969 -28.2494 
v -16.4694 3.24197 -28.2563 
v -16.4684 3.29303 -28.2326 
v -16.4752 3.24813 -28.2695 
v -16.2838 2.73899 -27.5237 
v -16.3272 2.61373 -27.4675 
v -16.2911 2.73037 -27.4593 
v -16.3265 2.61467 -27.5432 
v -16.4159 2.52839 -28.289 
v -16.373 2.58573 -28.3017 
v -16.3867 2.56869 -28.3242 
v -16.407 2.54238 -28.2665 
v -16.4717 3.51955 -27.8827 
v -16.4625 3.47254 -27.8726 
v -16.4701 3.47693 -27.8477 
v -16.4762 3.52841 -27.8561 
v -16.5061 2.43722 -28.2802 
v -16.5408 2.38303 -28.3112 
v -16.5297 2.37323 -28.2906 
v -16.5113 2.45985 -28.3085 
v -16.448 2.19099 -28.6027 
v -16.4707 2.14949 -28.7693 
v -16.4728 2.09305 -28.644 
v -16.4381 2.24958 -28.7166 
v -16.4404 2.15484 -27.2132 
v -16.4241 2.23547 -27.2707 
v -16.44 2.14622 -27.2307 
v -16.4233 2.22411 -27.2865 
v -16.4842 3.52285 -27.8652 
v -16.4836 3.42961 -27.8137 
v -16.4935 3.53461 -27.8359 
v -16.4733 3.42356 -27.8392 
v -16.4795 3.34482 -28.2397 
v -16.4684 3.29303 -28.2326 
v -16.4683 3.34475 -28.2201 
v -16.4764 3.2969 -28.2494 
v -16.4758 3.14836 -28.3798 
v -16.477 3.15633 -28.3585 
v -16.4777 3.15347 -28.38 
v -16.4743 3.14987 -28.3563 
v -16.4758 3.14836 -28.3798 
v -16.4817 3.16031 -28.4286 
v -16.44 2.14622 -28.9003 
v -16.4233 2.22411 -28.8445 
v -16.4241 2.23547 -28.8604 
v -16.4404 2.15484 -28.9179 
v -16.5913 1.56126 -28.937 
v -16.6048 1.5539 -28.9019 
v -16.596 1.56863 -28.9072 
v -16.5999 1.54388 -28.9364 
v -16.4564 3.27693 -28.1537 
v -16.4717 3.32646 -28.1589 
v -16.4605 3.32323 -28.1726 
v -16.4662 3.27747 -28.1427 
v -16.4474 3.17128 -27.7115 
v -16.4594 3.21943 -27.734 
v -16.4558 3.20859 -27.7502 
v -16.4518 3.18049 -27.7014 
v -16.4597 3.62664 -28.2072 
v -16.4586 3.65967 -28.186 
v -16.4787 3.6579 -28.2477 
v -16.4745 3.69713 -28.2224 
v -16.3701 3.09756 -27.6046 
v -16.3919 3.17237 -27.5725 
v -16.4026 3.16891 -27.6815 
v -16.4894 3.43919 -28.2387 
v -16.4683 3.34475 -28.2201 
v -16.4712 3.43916 -28.2177 
v -16.4795 3.34482 -28.2397 
v -16.2538 2.87333 -27.5752 
v -16.2659 2.75177 -27.496 
v -16.2567 2.86195 -27.4751 
v -16.2648 2.77168 -27.6005 
v -16.4367 3.35282 -28.4234 
v -16.43 3.42091 -28.3045 
v -16.4515 3.49896 -28.3496 
v -16.426 3.3478 -28.3447 
v -16.4618 3.58414 -28.2289 
v -16.4597 3.62664 -28.2072 
v -16.4821 3.61005 -28.2711 
v -16.4787 3.6579 -28.2477 
v -16.5687 1.67321 -28.8412 
v -16.5924 1.63813 -28.8316 
v -16.5746 1.67424 -28.8241 
v -16.5857 1.64065 -28.8457 
v -16.5058 1.21115 -28.798 
v -16.4971 1.26479 -28.7708 
v -16.5006 1.28309 -28.8311 
v -16.5001 1.22181 -28.7495 
v -16.2627 3.02016 -27.3114 
v -16.2523 2.97755 -27.3398 
v -16.2376 2.96992 -27.275 
v -16.5408 1.49197 -28.5092 
v -16.5305 1.61536 -28.4936 
v -16.5392 1.62723 -28.543 
v -16.5582 1.49361 -28.5727 
v -16.4657 1.87162 -28.4526 
v -16.5392 1.62723 -28.543 
v -16.373 2.58573 -28.3017 
v -16.3193 2.65906 -28.385 
v -16.3867 2.56869 -28.3242 
v -16.3337 2.64184 -28.4101 
v -16.2483 2.97515 -27.5499 
v -16.2567 2.86195 -27.4751 
v -16.2475 2.97233 -27.4542 
v -16.2538 2.87333 -27.5752 
v -16.5277 1.10177 -28.4721 
v -16.5415 1.09453 -28.5535 
v -16.5491 1.00623 -28.5266 
v -16.5305 1.01896 -28.4556 
v -16.2068 3.09175 -28.5548 
v -16.2204 2.95829 -28.5602 
v -16.221 2.96398 -28.5256 
v -16.2072 3.08953 -28.5778 
v -16.2052 3.23857 -28.5778 
v -16.2068 3.09175 -28.5548 
v -16.2204 2.95829 -28.5602 
v -16.2374 2.86104 -28.5007 
v -16.2432 2.85032 -28.5379 
v -16.2776 2.76458 -28.4978 
v -16.2374 2.86104 -28.5007 
v -16.266 2.7779 -28.4645 
v -16.4707 3.66367 -28.0679 
v -16.4769 3.65337 -28.0991 
v -16.4706 3.64507 -28.0786 
v -16.4804 3.67453 -28.0948 
v -16.4867 3.67397 -28.1239 
v -16.4769 3.65337 -28.0991 
v -16.4815 3.65292 -28.1213 
v -16.4893 3.66326 -28.1539 
v -16.4815 3.65292 -28.1213 
v -16.4867 3.67397 -28.1239 
v -16.4842 3.64383 -28.1455 
v -16.4752 3.24813 -28.2695 
v -16.4706 3.19205 -28.2907 
v -16.4694 3.24197 -28.2563 
v -16.4752 3.19966 -28.2999 
v -16.4706 3.19205 -28.2907 
v -16.4758 3.1666 -28.3371 
v -16.4724 3.15879 -28.3329 
v -16.4758 3.1666 -28.3371 
v -16.4743 3.14987 -28.3563 
v -16.477 3.15633 -28.3585 
v -16.4053 2.52827 -28.3529 
v -16.3012 2.72357 -28.5687 
v -16.4812 2.40638 -28.3645 
v -16.2978 2.715 -28.4936 
v -16.2648 2.77168 -27.6005 
v -16.3355 2.567 -27.57 
v -16.2659 2.75177 -27.496 
v -16.3086 2.59857 -27.6767 
v -16.5303 1.1801 -27.6246 
v -16.5541 1.03249 -27.5986 
v -16.5468 1.15319 -27.534 
v -16.4106 3.08382 -28.4753 
v -16.4337 3.12919 -28.4302 
v -16.4146 3.09513 -28.4818 
v -16.4285 3.11632 -28.417 
v -16.4042 3.07694 -28.5357 
v -16.4016 3.06764 -28.5922 
v -16.4013 3.06783 -28.5338 
v -16.4038 3.07466 -28.5913 
v -16.41 3.08647 -28.6379 
v -16.4016 3.06764 -28.5922 
v -16.4087 3.08176 -28.6405 
v -16.41 3.08647 -28.6379 
v -16.4205 3.11187 -28.6728 
v -16.3729 2.66707 -28.6113 
v -16.3256 2.7889 -28.5619 
v -16.3589 2.73476 -28.6511 
v -16.4164 2.55791 -28.6828 
v -16.449 2.49965 -28.7818 
v -16.4455 2.47246 -28.7496 
v -16.4195 2.58621 -28.7236 
v -16.4593 2.40831 -28.8076 
v -16.449 2.49965 -28.7818 
v -16.4769 2.38773 -28.8747 
v -16.521 2.33074 -27.8116 
v -16.5023 2.35291 -27.8344 
v -16.5131 2.31185 -27.8232 
v -16.5023 2.35291 -27.8344 
v -16.5103 2.36984 -27.8211 
v -16.4884 2.40318 -27.8393 
v -16.4941 2.42914 -27.8183 
v -16.2976 2.80471 -27.6212 
v -16.3438 2.65487 -27.6358 
v -16.305 2.79301 -27.5803 
v -16.3283 2.6685 -27.6843 
v -16.4874 3.43329 -28.234 
v -16.5107 3.48693 -28.2283 
v -16.5001 3.48475 -28.252 
v -16.4985 3.43849 -28.2134 
v -16.5133 2.05264 -27.3393 
v -16.5437 1.95775 -27.4881 
v -16.5591 1.9197 -27.3635 
v -16.4912 2.09599 -27.4947 
v -16.2198 2.78471 -27.3073 
v -16.2187 2.81725 -27.272 
v -16.2197 2.8219 -27.2878 
v -16.2978 2.715 -28.4936 
v -16.2532 2.80188 -28.5348 
v -16.3012 2.72357 -28.5687 
v -16.5438 2.23671 -27.6613 
v -16.5378 2.24653 -27.6629 
v -16.5451 2.23379 -27.6951 
v -16.2197 2.78471 -28.8237 
v -16.2196 2.8219 -28.8432 
v -16.2187 2.81725 -28.859 
v -16.5509 1.53939 -28.4431 
v -16.5351 1.6525 -28.4244 
v -16.5618 1.65666 -28.5048 
v -16.5287 1.5777 -28.3913 
v -16.5509 1.53939 -28.4431 
v -16.5185 1.5301 -28.3556 
v -16.5385 1.46152 -28.3559 
v -16.3158 2.62569 -28.6717 
v -16.3641 2.4971 -28.6706 
v -16.3084 2.63432 -28.6073 
v -16.3633 2.49035 -28.5829 
v -16.3641 2.4971 -28.6706 
v -16.4024 2.3685 -28.6802 
v -16.3941 2.35427 -28.5763 
v -16.4203 2.26731 -28.5848 
v -16.4024 2.3685 -28.6802 
v -16.2584 3.02016 -28.8196 
v -16.2357 2.96992 -28.856 
v -16.2481 2.97755 -28.7912 
v -16.4395 3.22355 -28.412 
v -16.4596 3.30719 -28.3992 
v -16.4486 3.24556 -28.443 
v -16.4499 3.28795 -28.3646 
v -16.4749 2.35742 -28.848 
v -16.4593 2.40831 -28.8076 
v -16.4769 2.38773 -28.8747 
v -16.4349 3.48092 -28.2649 
v -16.4515 3.49896 -28.3496 
v -16.43 3.42091 -28.3045 
v -16.2372 2.95108 -27.3156 
v -16.2376 2.96992 -27.275 
v -16.2523 2.97755 -27.3398 
v -16.2273 2.92114 -27.2972 
v -16.4791 3.49963 -28.3164 
v -16.467 3.37086 -28.3643 
v -16.461 3.48325 -28.2738 
v -16.4554 3.35475 -28.3261 
v -16.467 3.37086 -28.3643 
v -16.4499 3.28795 -28.3646 
v -16.4596 3.30719 -28.3992 
v -16.3158 2.62569 -28.6717 
v -16.3084 2.63432 -28.6073 
v -16.1528 3.00642 -28.7548 
v -16.4461 3.33283 -27.8405 
v -16.4321 3.29356 -27.8605 
v -16.4378 3.29556 -27.8386 
v -16.4384 3.33348 -27.8616 
v -16.3729 2.66707 -28.6113 
v -16.4195 2.58621 -28.7236 
v -16.4164 2.55791 -28.6828 
v -16.3589 2.73476 -28.6511 
v -16.4203 2.26731 -28.5848 
v -16.4381 2.24958 -28.7166 
v -16.448 2.19099 -28.6027 
v -16.4024 2.3685 -28.6802 
v -16.3647 2.73676 -27.6243 
v -16.3265 2.80099 -27.6391 
v -16.3572 2.7119 -27.688 
v -16.2911 2.73037 -27.4593 
v -16.2441 3.03495 -27.4359 
v -16.2838 2.73899 -27.5237 
v -16.4413 3.55834 -28.1943 
v -16.4604 3.60417 -28.2668 
v -16.4392 3.52625 -28.2273 
v -16.3089 2.78519 -28.4829 
v -16.2871 2.85845 -28.5629 
v -16.3315 2.75996 -28.5126 
v -16.3337 2.64184 -28.4101 
v -16.2935 2.71035 -28.4255 
v -16.3077 2.69565 -28.4548 
v -16.3193 2.65906 -28.385 
v -16.4903 1.8067 -27.3161 
v -16.507 1.74294 -27.2767 
v -16.505 1.80424 -27.2692 
v -16.4927 1.74555 -27.3249 
v -16.507 1.74294 -27.2767 
v -16.4944 1.68148 -27.3196 
v -16.5079 1.68812 -27.2725 
v -16.4604 3.60417 -28.2668 
v -16.4349 3.48092 -28.2649 
v -16.4392 3.52625 -28.2273 
v -16.4515 3.49896 -28.3496 
v -16.4424 3.15423 -27.3843 
v -16.4321 3.13179 -27.4213 
v -16.4269 3.11632 -27.4141 
v -16.4399 3.14619 -27.3754 
v -16.4557 3.19113 -27.3584 
v -16.4424 3.15423 -27.3843 
v -16.4701 3.47693 -27.8477 
v -16.4625 3.47254 -27.8726 
v -16.4623 3.42417 -27.8438 
v -16.4528 3.4227 -27.8662 
v -16.4384 3.33348 -27.8616 
v -16.4623 3.42417 -27.8438 
v -16.4461 3.33283 -27.8405 
v -16.2127 2.96731 -28.6863 
v -16.2437 2.74778 -28.6339 
v -16.2064 2.97219 -28.5806 
v -16.2402 2.76803 -28.5293 
v -16.2437 2.74778 -28.6339 
v -16.3301 2.5626 -28.5587 
v -16.2402 2.76803 -28.5293 
v -16.2983 2.59417 -28.4519 
v -16.2346 2.95108 -28.8155 
v -16.2481 2.97755 -28.7912 
v -16.2357 2.96992 -28.856 
v -16.2258 2.92114 -28.8338 
v -16.2357 2.96992 -28.856 
v -16.3077 2.69565 -28.4548 
v -16.266 2.7779 -28.4645 
v -16.2776 2.76458 -28.4978 
v -16.2935 2.71035 -28.4255 
v -16.4821 3.61005 -28.2711 
v -16.4791 3.49963 -28.3164 
v -16.4618 3.58414 -28.2289 
v -16.461 3.48325 -28.2738 
v -16.4236 3.16448 -28.468 
v -16.4486 3.24556 -28.443 
v -16.4336 3.18975 -28.494 
v -16.4395 3.22355 -28.412 
v -16.5958 2.08771 -28.7189 
v -16.5789 2.07972 -28.7734 
v -16.5898 2.06526 -28.7736 
v -16.5673 2.09311 -28.8192 
v -16.5898 2.06526 -28.7736 
v -16.579 2.07663 -28.8287 
v -16.3283 2.6685 -27.6843 
v -16.379 2.54561 -27.6722 
v -16.3438 2.65487 -27.6358 
v -16.3674 2.55396 -27.7259 
v -16.4069 2.4572 -27.7435 
v -16.379 2.54561 -27.6722 
v -16.4536 2.39952 -27.6855 
v -16.4069 2.4572 -27.7435 
v -16.4505 2.36222 -27.738 
v -16.4536 2.39952 -27.6855 
v -16.4892 2.2694 -27.7099 
v -16.4536 2.39952 -27.6855 
v -16.5147 2.25151 -27.6399 
v -16.4473 3.5574 -27.9367 
v -16.4443 3.52512 -27.9037 
v -16.4671 3.60286 -27.8642 
v -16.3143 3.02679 -27.5196 
v -16.2959 3.07245 -27.5756 
v -16.296 2.97562 -27.5806 
v -16.3143 3.02679 -27.5196 
v -16.3015 3.18561 -27.5822 
v -16.3127 3.40188 -27.5628 
v -16.3313 2.87598 -27.5565 
v -16.296 2.97562 -27.5806 
v -16.3069 2.88897 -27.6033 
v -16.3265 2.80099 -27.6391 
v -16.3647 2.73676 -27.6243 
v -16.3992 2.62122 -27.7498 
v -16.3572 2.7119 -27.688 
v -16.453 2.53676 -27.7717 
v -16.453 2.53676 -27.7717 
v -16.438 2.53765 -27.8002 
v -16.468 2.46473 -27.8304 
v -16.453 2.53676 -27.7717 
v -16.4941 2.42914 -27.8183 
v -16.5302 1.01896 -27.6754 
v -16.5541 1.03249 -27.5986 
v -16.5303 1.1801 -27.6246 
v -16.4311 2.23302 -27.84 
v -16.4607 2.17259 -27.8005 
v -16.4388 2.23416 -27.8088 
v -16.4554 2.16465 -27.8318 
v -16.4692 3.58294 -27.9022 
v -16.4812 3.4991 -27.8147 
v -16.489 3.60885 -27.8599 
v -16.4637 3.48244 -27.8573 
v -16.4903 1.8067 -28.8149 
v -16.5058 1.80424 -28.8619 
v -16.507 1.74294 -28.8543 
v -16.4927 1.74555 -28.8062 
v -16.507 1.74294 -28.8543 
v -16.4944 1.68148 -28.8115 
v -16.5079 1.68812 -28.8585 
v -16.4094 3.12281 -28.5299 
v -16.4336 3.18975 -28.494 
v -16.4208 3.15065 -28.5472 
v -16.4236 3.16448 -28.468 
v -16.499 1.75805 -27.701 
v -16.4843 1.81388 -27.7131 
v -16.491 1.76743 -27.7246 
v -16.4901 1.81004 -27.6841 
v -16.4027 3.10132 -28.5959 
v -16.4208 3.15065 -28.5472 
v -16.4135 3.12853 -28.603 
v -16.4094 3.12281 -28.5299 
v -16.4268 3.22355 -27.7191 
v -16.4475 3.30719 -27.7318 
v -16.4361 3.28795 -27.7665 
v -16.4376 3.24556 -27.688 
v -16.4222 3.12853 -27.5281 
v -16.4178 3.10065 -27.4687 
v -16.4256 3.12303 -27.4703 
v -16.4124 3.10132 -27.5351 
v -16.4321 3.13179 -27.4213 
v -16.4178 3.10065 -27.4687 
v -16.4269 3.11632 -27.4141 
v -16.4238 3.25329 -27.8496 
v -16.4378 3.29556 -27.8386 
v -16.4321 3.29356 -27.8605 
v -16.4296 3.25989 -27.828 
v -16.4175 3.16448 -27.663 
v -16.4376 3.24556 -27.688 
v -16.4268 3.22355 -27.7191 
v -16.4284 3.18975 -27.6371 
v -16.4941 1.56357 -28.1906 
v -16.5078 1.51402 -28.2041 
v -16.5033 1.50517 -28.1795 
v -16.5224 1.45948 -28.2353 
v -16.5078 1.51402 -28.2041 
v -16.5095 1.49232 -28.24 
v -16.2108 3.04202 -28.589 
v -16.23 2.90289 -28.6323 
v -16.2277 2.88366 -28.5572 
v -16.4912 2.09599 -27.4947 
v -16.5133 2.05264 -27.3393 
v -16.4709 2.14949 -27.3618 
v -16.4671 3.60286 -27.8642 
v -16.4371 3.4801 -27.8661 
v -16.4519 3.49888 -27.7814 
v -16.4443 3.52512 -27.9037 
v -16.4275 3.35282 -27.7076 
v -16.4519 3.49888 -27.7814 
v -16.4265 3.42091 -27.8266 
v -16.4158 3.34781 -27.7864 
v -16.439 3.14627 -27.6652 
v -16.4518 3.18049 -27.7014 
v -16.4474 3.17128 -27.7115 
v -16.4423 3.15362 -27.6606 
v -16.4123 3.12281 -27.6011 
v -16.4284 3.18975 -27.6371 
v -16.4175 3.16448 -27.663 
v -16.4232 3.15065 -27.5838 
v -16.4052 3.10065 -28.6623 
v -16.4135 3.12853 -28.603 
v -16.4136 3.12303 -28.6608 
v -16.4027 3.10132 -28.5959 
v -16.4196 3.13179 -28.7098 
v -16.4052 3.10065 -28.6623 
v -16.4142 3.11632 -28.7169 
v -16.4232 3.15065 -27.5838 
v -16.4124 3.10132 -27.5351 
v -16.4222 3.12853 -27.5281 
v -16.4123 3.12281 -27.6011 
v -16.4875 1.32605 -28.7756 
v -16.5006 1.28309 -28.8311 
v -16.4971 1.26479 -28.7708 
v -16.4946 1.35476 -28.8352 
v -16.5609 1.6038 -27.2304 
v -16.5292 1.65566 -27.2199 
v -16.5492 1.64355 -27.258 
v -16.5371 1.62974 -27.203 
v -16.5419 1.6064 -27.177 
v -16.5609 1.6038 -27.2304 
v -16.5671 1.57203 -27.1891 
v -16.6068 2.24381 -28.308 
v -16.5806 2.28337 -28.2612 
v -16.573 2.29049 -28.2738 
v -16.5981 2.25006 -28.3158 
v -16.6293 2.21766 -28.3696 
v -16.6068 2.24381 -28.308 
v -16.2735 3.23453 -27.4617 
v -16.34 3.54786 -27.6066 
v -16.2725 3.22443 -27.5396 
v -16.2525 3.10508 -27.5247 
v -16.2735 3.23453 -27.4617 
v -16.2489 3.10831 -27.4427 
v -16.2525 3.10508 -27.5247 
v -16.2475 2.97233 -27.4542 
v -16.2483 2.97515 -27.5499 
v -16.4731 3.2402 -28.3388 
v -16.4499 3.16579 -28.3596 
v -16.4627 3.22874 -28.3122 
v -16.4576 3.17898 -28.3805 
v -16.4285 3.11632 -28.417 
v -16.4576 3.17898 -28.3805 
v -16.4337 3.12919 -28.4302 
v -16.4499 3.16579 -28.3596 
v -16.5916 1.56159 -28.9923 
v -16.6033 1.57203 -28.9419 
v -16.5723 1.59469 -28.9886 
v -16.577 1.6064 -28.9541 
v -16.4371 3.4801 -27.8661 
v -16.4265 3.42091 -27.8266 
v -16.4519 3.49888 -27.7814 
v -16.5113 2.45985 -28.3085 
v -16.4697 2.50814 -28.298 
v -16.4759 2.50436 -28.3263 
v -16.5061 2.43722 -28.2802 
v -16.4753 2.27723 -27.6699 
v -16.4493 2.26198 -27.7912 
v -16.504 2.1179 -27.7641 
v -16.5221 2.15915 -27.6382 
v -16.4753 2.27723 -27.6699 
v -16.4077 2.34751 -27.7845 
v -16.4407 2.34486 -27.6671 
v -16.4637 3.48244 -27.8573 
v -16.4585 3.37085 -27.7667 
v -16.4812 3.4991 -27.8147 
v -16.4461 3.35474 -27.805 
v -16.4361 3.28795 -27.7665 
v -16.4585 3.37085 -27.7667 
v -16.4475 3.30719 -27.7318 
v -16.4307 3.15423 -28.7467 
v -16.4142 3.11632 -28.7169 
v -16.4196 3.13179 -28.7098 
v -16.4284 3.14619 -28.7556 
v -16.4307 3.15423 -28.7467 
v -16.4453 3.19113 -28.7726 
v -16.4912 3.52822 -28.2256 
v -16.4914 3.48416 -28.234 
v -16.4747 3.52156 -28.2062 
v -16.4728 3.4807 -28.2136 
v -16.4914 3.48416 -28.234 
v -16.4712 3.43916 -28.2177 
v -16.4894 3.43919 -28.2387 
v -16.263 2.69484 -27.6065 
v -16.3569 2.45696 -27.5885 
v -16.2853 2.66328 -27.4981 
v -16.3284 2.47316 -27.7179 
v -16.23 2.90289 -28.6323 
v -16.3012 2.72357 -28.5687 
v -16.2532 2.80188 -28.5348 
v -16.2277 2.88366 -28.5572 
v -16.2112 3.11173 -28.6404 
v -16.2108 3.04202 -28.589 
v -16.2036 3.27253 -28.6144 
v -16.3268 2.47316 -28.4131 
v -16.3627 2.45696 -28.5425 
v -16.4287 2.26612 -28.5302 
v -16.4008 2.24213 -28.3826 
v -16.4333 2.04326 -28.4093 
v -16.4287 2.26612 -28.5302 
v -16.4776 2.09229 -28.5921 
v -16.5557 2.12817 -28.8622 
v -16.537 2.18664 -28.8844 
v -16.561 2.12346 -28.8817 
v -16.3086 2.59857 -27.6767 
v -16.4064 2.4125 -27.6498 
v -16.3355 2.567 -27.57 
v -16.3668 2.43303 -27.7634 
v -16.4605 3.32323 -28.1726 
v -16.4985 3.43849 -28.2134 
v -16.4874 3.43329 -28.234 
v -16.4717 3.32646 -28.1589 
v -16.4216 3.14623 -27.4247 
v -16.4424 3.15423 -27.3843 
v -16.4345 3.16268 -27.389 
v -16.4321 3.13179 -27.4213 
v -16.4424 3.15423 -27.3843 
v -16.4557 3.19113 -27.3584 
v -16.2205 2.85562 -27.2795 
v -16.2187 2.81725 -27.272 
v -16.2224 2.85783 -27.2581 
v -16.2197 2.8219 -27.2878 
v -16.5014 1.24253 -27.1001 
v -16.5114 1.18681 -27.0945 
v -16.5032 1.23929 -27.0772 
v -16.5086 1.19362 -27.1133 
v -16.3962 2.3276 -27.8226 
v -16.4388 2.23416 -27.8088 
v -16.4067 2.32212 -27.7934 
v -16.4311 2.23302 -27.84 
v -16.4134 3.21391 -27.8284 
v -16.4296 3.25989 -27.828 
v -16.4238 3.25329 -27.8496 
v -16.4214 3.22426 -27.8078 
v -16.5032 1.23929 -29.0538 
v -16.5114 1.18681 -29.0365 
v -16.5014 1.24253 -29.0309 
v -16.5086 1.19362 -29.0177 
v -16.2187 2.81725 -28.859 
v -16.2202 2.85562 -28.8515 
v -16.2222 2.85783 -28.8729 
v -16.2196 2.8219 -28.8432 
v -16.4941 2.42914 -27.8183 
v -16.468 2.46473 -27.8304 
v -16.4884 2.40318 -27.8393 
v -16.3284 2.47316 -27.7179 
v -16.4379 2.26612 -27.6008 
v -16.3569 2.45696 -27.5885 
v -16.4032 2.24213 -27.7484 
v -16.4539 2.04326 -27.7218 
v -16.4379 2.26612 -27.6008 
v -16.5026 2.09229 -27.539 
v -16.1987 3.2423 -28.6696 
v -16.2003 3.23323 -28.601 
v -16.2442 3.57111 -28.561 
v -16.2003 3.23323 -28.601 
v -16.2133 3.10668 -28.6792 
v -16.2008 3.10362 -28.6062 
v -16.4899 3.5684 -28.2126 
v -16.4912 3.52822 -28.2256 
v -16.4759 3.5589 -28.1953 
v -16.4747 3.52156 -28.2062 
v -16.563 1.2037 -27.6848 
v -16.5668 1.28284 -27.6223 
v -16.5534 1.30337 -27.6596 
v -16.5479 1.22069 -27.7131 
v -16.2108 3.04202 -28.589 
v -16.2112 3.11173 -28.6404 
v -16.23 2.90289 -28.6323 
v -16.5272 0.85357 -27.4463 
v -16.5379 0.846684 -27.4922 
v -16.5212 0.890541 -27.4642 
v -16.5322 0.889711 -27.518 
v -16.5133 2.05264 -28.7917 
v -16.5407 1.95775 -28.643 
v -16.4728 2.09305 -28.644 
v -16.5591 1.9197 -28.7675 
v -16.5212 0.890541 -28.6668 
v -16.5379 0.846684 -28.6388 
v -16.5272 0.85357 -28.6847 
v -16.5322 0.889711 -28.613 
v -16.546 1.22069 -28.4179 
v -16.5512 1.30337 -28.4715 
v -16.561 1.2037 -28.4463 
v -16.5644 1.28284 -28.5087 
v -16.2996 2.81922 -27.3357 
v -16.2931 2.78912 -27.3589 
v -16.2942 2.78482 -27.3529 
v -16.2976 2.82275 -27.3442 
v -16.2931 2.78912 -27.3589 
v -16.2927 2.75362 -27.3869 
v -16.3301 2.5626 -28.5587 
v -16.4214 2.40775 -28.4796 
v -16.2983 2.59417 -28.4519 
v -16.3791 2.42734 -28.3656 
v -16.4214 2.40775 -28.4796 
v -16.4517 2.34841 -28.4615 
v -16.4517 2.34841 -28.4615 
v -16.4637 2.25619 -28.3403 
v -16.3791 2.42734 -28.3656 
v -16.4887 2.27231 -28.4617 
v -16.2599 2.66328 -28.6329 
v -16.3627 2.45696 -28.5425 
v -16.2297 2.69484 -28.523 
v -16.3268 2.47316 -28.4131 
v -16.2133 3.10668 -28.6792 
v -16.2127 2.96731 -28.6863 
v -16.2008 3.10362 -28.6062 
v -16.2064 2.97219 -28.5806 
v -16.3668 2.43303 -27.7634 
v -16.4407 2.34486 -27.6671 
v -16.4064 2.4125 -27.6498 
v -16.4077 2.34751 -27.7845 
v -16.5029 1.70775 -27.8355 
v -16.5159 1.72263 -27.8657 
v -16.512 1.69882 -27.8383 
v -16.5106 1.72734 -27.8617 
v -16.522 1.76141 -27.8837 
v -16.5159 1.72263 -27.8657 
v -16.4092 3.14623 -28.7064 
v -16.4307 3.15423 -28.7467 
v -16.4196 3.13179 -28.7098 
v -16.4228 3.16268 -28.742 
v -16.4307 3.15423 -28.7467 
v -16.4453 3.19113 -28.7726 
v -16.2509 3.02809 -28.553 
v -16.2871 2.85845 -28.5629 
v -16.2686 2.91729 -28.5305 
v -16.2356 3.16971 -28.5769 
v -16.5259 1.97993 -28.6546 
v -16.5267 1.9751 -28.6214 
v -16.4674 2.09682 -28.65 
v -16.3349 2.45242 -27.7622 
v -16.4067 2.32212 -27.7934 
v -16.3464 2.44385 -27.7349 
v -16.3962 2.3276 -27.8226 
v -16.2897 2.60333 -27.6598 
v -16.3349 2.45242 -27.7622 
v -16.4728 2.09305 -28.644 
v -16.4707 2.14949 -28.7693 
v -16.5133 2.05264 -28.7917 
v -16.2255 2.74333 -27.3394 
v -16.2219 2.77996 -27.3008 
v -16.2198 2.78471 -27.3073 
v -16.5178 1.1442 -27.1178 
v -16.5086 1.19362 -27.1133 
v -16.5147 1.15278 -27.1321 
v -16.5114 1.18681 -27.0945 
v -16.5123 1.22181 -27.3843 
v -16.5201 1.08501 -27.4294 
v -16.5191 1.21115 -27.333 
v -16.4962 1.10918 -27.4791 
v -16.2985 2.81922 -28.7953 
v -16.2923 2.78912 -28.7721 
v -16.2963 2.82275 -28.7868 
v -16.2935 2.78482 -28.7781 
v -16.2923 2.78912 -28.7721 
v -16.2919 2.76197 -28.7565 
v -16.3631 2.98515 -27.3978 
v -16.3953 3.05582 -27.5132 
v -16.3535 2.97157 -27.4118 
v -16.3829 3.03681 -27.5293 
v -16.5178 1.1442 -29.0132 
v -16.5086 1.19362 -29.0177 
v -16.5114 1.18681 -29.0365 
v -16.5147 1.15278 -28.999 
v -16.2265 2.90161 -27.256 
v -16.2273 2.92114 -27.2972 
v -16.2223 2.88933 -27.2857 
v -16.2376 2.96992 -27.275 
v -16.2255 2.74333 -28.7916 
v -16.2197 2.78471 -28.8237 
v -16.2219 2.77996 -28.8303 
v -16.2223 2.88933 -27.2857 
v -16.2224 2.85783 -27.2581 
v -16.2265 2.90161 -27.256 
v -16.2205 2.85562 -27.2795 
v -16.402 3.1697 -27.7397 
v -16.3796 3.15223 -27.689 
v -16.3869 3.16478 -27.6873 
v -16.3893 3.15407 -27.7492 
v -16.3796 3.15223 -27.689 
v -16.3712 3.17367 -27.6182 
v -16.4769 2.38773 -28.8747 
v -16.5116 2.29269 -28.912 
v -16.4927 2.3141 -28.8734 
v -16.4749 2.35742 -28.848 
v -16.2216 2.88933 -28.8454 
v -16.2222 2.85783 -28.8729 
v -16.2202 2.85562 -28.8515 
v -16.226 2.90161 -28.875 
v -16.2258 2.92114 -28.8338 
v -16.226 2.90161 -28.875 
v -16.2216 2.88933 -28.8454 
v -16.2357 2.96992 -28.856 
v -16.4886 3.60121 -28.1946 
v -16.4899 3.5684 -28.2126 
v -16.4755 3.58895 -28.1805 
v -16.4759 3.5589 -28.1953 
v -16.3447 2.97157 -28.7192 
v -16.383 3.05582 -28.6179 
v -16.3542 2.98515 -28.7333 
v -16.3708 3.03681 -28.6017 
v -16.505 1.80424 -27.2692 
v -16.4879 1.97597 -27.2327 
v -16.4848 1.92157 -27.2694 
v -16.4848 1.92157 -27.2694 
v -16.4872 1.86515 -27.2969 
v -16.4903 1.8067 -27.3161 
v -16.5134 2.25823 -28.8859 
v -16.4927 2.3141 -28.8734 
v -16.5116 2.29269 -28.912 
v -16.5189 1.12088 -27.1557 
v -16.5202 1.09742 -27.1845 
v -16.5221 1.08957 -27.1801 
v -16.5217 1.11165 -27.1467 
v -16.5222 1.08024 -27.2128 
v -16.5221 1.08957 -27.1801 
v -16.5054 1.72008 -27.7271 
v -16.491 1.76743 -27.7246 
v -16.4954 1.73383 -27.7432 
v -16.499 1.75805 -27.701 
v -16.5189 1.12088 -28.9753 
v -16.5221 1.08957 -28.9509 
v -16.5202 1.09742 -28.9465 
v -16.5217 1.11165 -28.9843 
v -16.5222 1.08024 -28.9182 
v -16.5221 1.08957 -28.9509 
v -16.2198 2.78471 -27.3073 
v -16.2219 2.77996 -27.3008 
v -16.2187 2.81725 -27.272 
v -16.401 3.17645 -27.7961 
v -16.4214 3.22426 -27.8078 
v -16.4134 3.21391 -27.8284 
v -16.4133 3.19021 -27.7787 
v -16.339 2.94293 -27.3753 
v -16.3631 2.98515 -27.3978 
v -16.3535 2.97157 -27.4118 
v -16.3468 2.95208 -27.3609 
v -16.5597 1.57505 -27.2593 
v -16.5639 1.5539 -27.2291 
v -16.5533 1.56863 -27.2238 
v -16.5502 1.5859 -27.2505 
v -16.5557 2.12817 -28.8622 
v -16.579 2.07663 -28.8287 
v -16.5673 2.09311 -28.8192 
v -16.561 2.12346 -28.8817 
v -16.5217 1.11165 -27.1467 
v -16.5147 1.15278 -27.1321 
v -16.5189 1.12088 -27.1557 
v -16.5178 1.1442 -27.1178 
v -16.5095 1.49232 -28.24 
v -16.5036 1.48916 -28.2816 
v -16.5224 1.45948 -28.2353 
v -16.2197 2.78471 -28.8237 
v -16.2187 2.81725 -28.859 
v -16.2219 2.77996 -28.8303 
v -16.5134 2.25823 -28.8859 
v -16.5414 2.19616 -28.9095 
v -16.537 2.18664 -28.8844 
v -16.5116 2.29269 -28.912 
v -16.5217 1.11165 -28.9843 
v -16.5147 1.15278 -28.999 
v -16.5178 1.1442 -29.0132 
v -16.5189 1.12088 -28.9753 
v -16.5212 0.890541 -28.6668 
v -16.5399 0.85601 -28.6595 
v -16.5365 0.89301 -28.6365 
v -16.5272 0.85357 -28.6847 
v -16.6087 0.980255 -27.6946 
v -16.5968 1.01907 -27.7088 
v -16.5987 1.01133 -27.7226 
v -16.6059 0.990618 -27.6858 
v -16.6087 0.980255 -27.6946 
v -16.6133 0.965234 -27.6553 
v -16.4175 3.26163 -27.6957 
v -16.4012 3.16764 -27.6505 
v -16.4089 3.17708 -27.6377 
v -16.4012 3.16764 -27.6505 
v -16.4001 3.10765 -27.5768 
v -16.389 3.09194 -27.5938 
v -16.3829 3.03681 -27.5293 
v -16.4001 3.10765 -27.5768 
v -16.3953 3.05582 -27.5132 
v -16.4848 1.92157 -28.8616 
v -16.5058 1.80424 -28.8619 
v -16.4872 1.86515 -28.8341 
v -16.4903 1.8067 -28.8149 
v -16.4879 1.97597 -28.8983 
v -16.4288 3.26163 -28.4354 
v -16.4115 3.1763 -28.4933 
v -16.4042 3.16687 -28.4805 
v -16.3936 3.10765 -28.5542 
v -16.4042 3.16687 -28.4805 
v -16.3827 3.09194 -28.5372 
v -16.3936 3.10765 -28.5542 
v -16.3708 3.03681 -28.6017 
v -16.383 3.05582 -28.6179 
v -16.5212 0.890541 -27.4642 
v -16.5322 0.889711 -27.518 
v -16.5167 0.926058 -27.4665 
v -16.5216 0.94139 -27.5306 
v -16.3327 2.94293 -28.7557 
v -16.3542 2.98515 -28.7333 
v -16.3407 2.95208 -28.7701 
v -16.3447 2.97157 -28.7192 
v -16.5212 0.890541 -28.6668 
v -16.5167 0.926058 -28.6645 
v -16.5322 0.889711 -28.613 
v -16.5216 0.94139 -28.6004 
v -16.4133 2.15571 -28.8796 
v -16.4728 2.09305 -28.644 
v -16.4669 2.03467 -28.906 
v -16.5399 0.85601 -27.4715 
v -16.5212 0.890541 -27.4642 
v -16.5365 0.89301 -27.4945 
v -16.5272 0.85357 -27.4463 
v -16.5987 1.01133 -27.7226 
v -16.5855 1.05559 -27.7226 
v -16.5857 1.05143 -27.7408 
v -16.5968 1.01907 -27.7088 
v -16.5414 2.19616 -28.9095 
v -16.561 2.12346 -28.8817 
v -16.537 2.18664 -28.8844 
v -16.5513 1.68086 -27.6247 
v -16.5498 1.73757 -27.5865 
v -16.5206 1.72527 -27.6669 
v -16.6097 0.980255 -28.4365 
v -16.5972 1.01907 -28.4222 
v -16.6066 0.990618 -28.4452 
v -16.5992 1.01133 -28.4085 
v -16.6144 0.965234 -28.4757 
v -16.6097 0.980255 -28.4365 
v -16.5134 1.08501 -28.6886 
v -16.5001 1.22181 -28.7495 
v -16.5058 1.21115 -28.798 
v -16.4949 1.10918 -28.6519 
v -16.4026 2.1316 -27.4064 
v -16.4539 2.04326 -27.7218 
v -16.3498 2.28251 -27.4821 
v -16.4032 2.24213 -27.7484 
v -16.574 1.09726 -27.7265 
v -16.5857 1.05143 -27.7408 
v -16.5855 1.05559 -27.7226 
v -16.57 1.09712 -27.75 
v -16.5101 1.01188 -28.6043 
v -16.5228 0.977251 -28.6363 
v -16.5216 0.94139 -28.6004 
v -16.5315 0.928553 -28.6294 
v -16.3256 2.91546 -27.3528 
v -16.3468 2.95208 -27.3609 
v -16.339 2.94293 -27.3753 
v -16.3318 2.9199 -27.3386 
v -16.5992 1.01133 -28.4085 
v -16.5853 1.05559 -28.4084 
v -16.5972 1.01907 -28.4222 
v -16.5856 1.05143 -28.3902 
v -16.0896 3.49403 -28.9418 
v -16.1012 3.43225 -28.9149 
v -16.1004 3.41971 -28.9434 
v -16.3079 2.8541 -27.3273 
v -16.2976 2.82275 -27.3442 
v -16.2996 2.81922 -27.3357 
v -16.3046 2.85615 -27.3381 
v -16.5479 1.22069 -27.7131 
v -16.5647 1.14374 -27.7186 
v -16.563 1.2037 -27.6848 
v -16.5526 1.15094 -27.7468 
v -16.57 1.09712 -27.75 
v -16.5647 1.14374 -27.7186 
v -16.574 1.09726 -27.7265 
v -16.5732 1.09726 -28.4045 
v -16.5856 1.05143 -28.3902 
v -16.5694 1.09712 -28.381 
v -16.5853 1.05559 -28.4084 
v -16.5536 1.0092 -27.5284 
v -16.5303 1.1801 -27.6246 
v -16.5303 1.12644 -27.4354 
v -16.3407 2.95208 -28.7701 
v -16.3212 2.91546 -28.7782 
v -16.3327 2.94293 -28.7557 
v -16.3276 2.9199 -28.7924 
v -16.3498 2.28251 -27.4821 
v -16.4032 2.24213 -27.7484 
v -16.3284 2.47316 -27.7179 
v -16.4133 3.19021 -27.7787 
v -16.3893 3.15407 -27.7492 
v -16.402 3.1697 -27.7397 
v -16.401 3.17645 -27.7961 
v -16.3061 2.8541 -28.8038 
v -16.2963 2.82275 -28.7868 
v -16.3026 2.85615 -28.7929 
v -16.2985 2.81922 -28.7953 
v -16.5062 1.50203 -28.3195 
v -16.5185 1.5301 -28.3556 
v -16.5385 1.46152 -28.3559 
v -16.5101 1.01188 -27.5268 
v -16.507 0.987501 -27.4493 
v -16.5216 0.94139 -27.5306 
v -16.5167 0.926058 -27.4665 
v -16.5513 1.15094 -28.3842 
v -16.546 1.22069 -28.4179 
v -16.5634 1.14374 -28.4124 
v -16.561 1.2037 -28.4463 
v -16.5634 1.14374 -28.4124 
v -16.5694 1.09712 -28.381 
v -16.5732 1.09726 -28.4045 
v -16.5216 0.94139 -28.6004 
v -16.5167 0.926058 -28.6645 
v -16.507 0.987501 -28.6818 
v -16.5101 1.01188 -28.6043 
v -16.5723 1.59469 -28.9886 
v -16.5662 1.60057 -29.0329 
v -16.5916 1.56159 -28.9923 
v -16.5777 1.57831 -29.0463 
v -16.4755 3.58895 -28.1805 
v -16.4733 3.61207 -28.1618 
v -16.4886 3.60121 -28.1946 
v -16.4867 3.62644 -28.1715 
v -16.3257 2.30504 -28.6489 
v -16.4333 2.04326 -28.4093 
v -16.3732 2.1316 -28.721 
v -16.4008 2.24213 -28.3826 
v -16.5777 1.57831 -29.0463 
v -16.5595 1.62297 -29.0694 
v -16.5641 1.61557 -29.0829 
v -16.5662 1.60057 -29.0329 
v -16.552 1.66482 -29.0933 
v -16.5595 1.62297 -29.0694 
v -16.3257 2.30504 -28.6489 
v -16.3268 2.47316 -28.4131 
v -16.4008 2.24213 -28.3826 
v -16.3139 2.88708 -27.3412 
v -16.3318 2.9199 -27.3386 
v -16.3256 2.91546 -27.3528 
v -16.3186 2.88762 -27.3282 
v -16.5305 1.01896 -28.4556 
v -16.5489 0.995054 -28.6026 
v -16.5277 1.10177 -28.4721 
v -16.5412 1.06945 -28.6443 
v -16.507 0.987501 -28.6818 
v -16.4949 1.10918 -28.6519 
v -16.5101 1.01188 -28.6043 
v -16.5019 1.08078 -28.7362 
v -16.4425 3.57695 -28.0344 
v -16.4549 3.60327 -28.047 
v -16.4506 3.59825 -28.0543 
v -16.4549 3.60327 -28.047 
v -16.4563 3.61792 -28.0724 
v -16.4623 3.62849 -28.0615 
v -16.4706 3.64507 -28.0786 
v -16.4563 3.61792 -28.0724 
v -16.4603 3.62947 -28.0894 
v -16.3186 2.88762 -27.3282 
v -16.3046 2.85615 -27.3381 
v -16.3079 2.8541 -27.3273 
v -16.3139 2.88708 -27.3412 
v -16.3774 2.261 -28.823 
v -16.4203 2.26731 -28.5848 
v -16.448 2.19099 -28.6027 
v -16.3477 2.37084 -28.7684 
v -16.3941 2.35427 -28.5763 
v -16.4728 2.09305 -28.644 
v -16.3774 2.261 -28.823 
v -16.4133 2.15571 -28.8796 
v -16.4252 2.15571 -27.2515 
v -16.4669 2.03467 -27.225 
v -16.4912 2.09599 -27.4947 
v -16.3867 2.261 -27.3081 
v -16.4377 2.26996 -27.5495 
v -16.3479 2.37084 -27.3627 
v -16.4167 2.33171 -27.5582 
v -16.4673 2.19353 -27.5291 
v -16.4912 2.09599 -27.4947 
v -16.3867 2.261 -27.3081 
v -16.4252 2.15571 -27.2515 
v -16.5101 1.01188 -27.5268 
v -16.5216 0.94139 -27.5306 
v -16.5228 0.991715 -27.4869 
v -16.5315 0.928553 -27.5016 
v -16.5228 0.991715 -27.4869 
v -16.4962 1.10918 -27.4791 
v -16.5201 1.08501 -27.4294 
v -16.3919 1.95239 -28.7922 
v -16.5093 1.71215 -28.5035 
v -16.4124 1.75502 -28.8466 
v -16.4657 1.87162 -28.4526 
v -16.3276 2.9199 -28.7924 
v -16.3108 2.88708 -28.7899 
v -16.3212 2.91546 -28.7782 
v -16.3158 2.88762 -28.8028 
v -16.5101 1.01188 -27.5268 
v -16.4962 1.10918 -27.4791 
v -16.507 0.987501 -27.4493 
v -16.5036 1.08078 -27.3818 
v -15.9167 2.44709 -27.1438 
v -15.8449 2.36553 -27.0915 
v -15.889 2.32081 -27.2885 
v -16.3732 2.1316 -28.721 
v -16.4657 1.87162 -28.4526 
v -16.3919 1.95239 -28.7922 
v -16.4333 2.04326 -28.4093 
v -16.3268 2.47316 -28.4131 
v -16.1886 2.54795 -28.7328 
v -16.2297 2.69484 -28.523 
v -16.3257 2.30504 -28.6489 
v -16.3158 2.88762 -28.8028 
v -16.3026 2.85615 -28.7929 
v -16.3108 2.88708 -28.7899 
v -16.3061 2.8541 -28.8038 
v -16.5913 1.56126 -28.937 
v -16.5862 1.56155 -28.9658 
v -16.5999 1.54388 -28.9364 
v -16.5932 1.55173 -28.97 
v -16.584 1.56788 -28.9958 
v -16.5862 1.56155 -28.9658 
v -16.4805 1.27383 -28.8852 
v -16.4875 1.32605 -28.7756 
v -16.4971 1.26479 -28.7708 
v -16.4657 1.35792 -28.8931 
v -16.5134 1.08501 -28.6886 
v -16.5228 0.977251 -28.6363 
v -16.5101 1.01188 -28.6043 
v -16.4949 1.10918 -28.6519 
v -16.544 1.63758 -27.6833 
v -16.5513 1.68086 -27.6247 
v -16.5102 1.67206 -27.7006 
v -16.5206 1.72527 -27.6669 
v -16.5536 1.0092 -27.5284 
v -16.5302 1.01896 -27.6754 
v -16.5303 1.1801 -27.6246 
v -16.1246 2.50592 -27.5187 
v -15.9932 2.64432 -27.3065 
v -15.9835 2.58457 -27.2739 
v -16.0389 2.41182 -27.4454 
v -15.9835 2.58457 -27.2739 
v -15.889 2.32081 -27.2885 
v -15.9167 2.44709 -27.1438 
v -16.5101 1.63263 -27.818 
v -16.5245 1.61614 -27.7466 
v -16.5066 1.6461 -27.7984 
v -16.5061 1.64419 -27.7462 
v -16.509 1.69724 -27.762 
v -16.4954 1.73383 -27.7432 
v -16.4979 1.71244 -27.7694 
v -16.5054 1.72008 -27.7271 
v -16.5356 1.79101 -28.8102 
v -16.502 1.91548 -28.8865 
v -16.5407 1.95775 -28.643 
v -16.4669 2.03467 -28.906 
v -16.5407 1.95775 -28.643 
v -16.4728 2.09305 -28.644 
v -16.5437 1.95775 -27.4881 
v -16.4669 2.03467 -27.225 
v -16.502 1.91548 -27.2445 
v -16.4912 2.09599 -27.4947 
v -16.5552 1.56126 -27.194 
v -16.5639 1.5539 -27.2291 
v -16.5665 1.54388 -27.1947 
v -16.5533 1.56863 -27.2238 
v -16.5277 1.10177 -28.4721 
v -16.5412 1.06945 -28.6443 
v -16.5314 1.19657 -28.5065 
v -16.5227 1.14291 -28.6956 
v -16.5468 1.59469 -27.1424 
v -16.5419 1.6064 -27.177 
v -16.5671 1.57203 -27.1891 
v -16.5689 1.56159 -27.1388 
v -16.5491 0.914453 -28.5735 
v -16.5305 1.01896 -28.4556 
v -16.5355 0.898408 -28.4645 
v -16.5489 0.995054 -28.6026 
v -16.5779 1.46446 -27.529 
v -16.5832 1.56265 -27.4056 
v -16.5919 1.51287 -27.38 
v -16.5708 1.52359 -27.5636 
v -16.4035 1.95239 -27.3388 
v -16.486 1.87162 -27.6785 
v -16.4026 2.1316 -27.4064 
v -16.4539 2.04326 -27.7218 
v -16.3941 2.35427 -28.5763 
v -16.3085 2.4925 -28.7489 
v -16.3633 2.49035 -28.5829 
v -16.3477 2.37084 -28.7684 
v -16.439 1.55931 -27.2711 
v -16.5366 1.57523 -27.5975 
v -16.4118 1.75502 -27.2844 
v -16.5111 1.71215 -27.6275 
v -16.2297 2.69484 -28.523 
v -16.0633 2.81523 -28.8089 
v -16.1733 2.90185 -28.5953 
v -16.1886 2.54795 -28.7328 
v -16.4167 2.33171 -27.5582 
v -16.3729 2.49015 -27.5592 
v -16.3479 2.37084 -27.3627 
v -16.2976 2.49244 -27.3827 
v -16.4118 1.75502 -27.2844 
v -16.5111 1.71215 -27.6275 
v -16.4035 1.95239 -27.3388 
v -16.486 1.87162 -27.6785 
v -16.5139 1.40481 -27.164 
v -16.5231 1.53349 -27.4557 
v -16.492 1.74141 -27.3303 
v -16.5296 1.35912 -27.2697 
v -16.5139 1.40481 -28.9671 
v -16.5231 1.53349 -28.6754 
v -16.5296 1.35912 -28.8613 
v -16.492 1.74141 -28.8008 
v -15.7585 2.28551 -27.0665 
v -15.889 2.32081 -27.2885 
v -15.8449 2.36553 -27.0915 
v -15.7332 2.18865 -27.2212 
v -16.4955 1.19116 -28.8443 
v -16.4971 1.26479 -28.7708 
v -16.5001 1.22181 -28.7495 
v -16.4805 1.27383 -28.8852 
v -16.3633 2.49035 -28.5829 
v -16.2663 2.61416 -28.7377 
v -16.3084 2.63432 -28.6073 
v -16.3085 2.4925 -28.7489 
v -16.4733 3.61207 -28.1618 
v -16.4698 3.62847 -28.1404 
v -16.4867 3.62644 -28.1715 
v -16.4842 3.64383 -28.1455 
v -16.2426 2.71883 -27.4076 
v -16.2838 2.73899 -27.5237 
v -16.2441 3.03495 -27.4359 
v -16.5491 0.914453 -28.5735 
v -16.543 0.831451 -28.5076 
v -16.5485 0.870718 -28.5798 
v -16.5355 0.898408 -28.4645 
v -16.2663 2.61416 -28.7377 
v -16.1528 3.00642 -28.7548 
v -16.3084 2.63432 -28.6073 
v -16.5477 0.903784 -27.5575 
v -16.5345 0.887585 -27.662 
v -16.5302 1.01896 -27.6754 
v -16.5536 1.0092 -27.5284 
v -16.5001 1.22181 -28.7495 
v -16.4949 1.10918 -28.6519 
v -16.5019 1.08078 -28.7362 
v -16.4955 1.19116 -28.8443 
v -16.5888 1.56265 -28.7254 
v -16.5779 1.46446 -28.6021 
v -16.5919 1.51287 -28.7511 
v -16.5708 1.52359 -28.5675 
v -16.3729 2.49015 -27.5592 
v -16.2637 2.60567 -27.3953 
v -16.2976 2.49244 -27.3827 
v -16.3265 2.61467 -27.5432 
v -16.1908 2.62262 -27.5679 
v -15.9989 2.71024 -27.3237 
v -15.9932 2.64432 -27.3065 
v -16.1246 2.50592 -27.5187 
v -16.4323 1.55931 -28.8599 
v -16.4124 1.75502 -28.8466 
v -16.526 1.57523 -28.5336 
v -16.5093 1.71215 -28.5035 
v -16.5278 1.33407 -27.5951 
v -16.5303 1.12644 -27.4354 
v -16.5303 1.1801 -27.6246 
v -16.5133 1.27435 -27.3584 
v -16.5671 1.57831 -27.0847 
v -16.553 1.62297 -27.0616 
v -16.5522 1.60057 -27.0981 
v -16.5594 1.61557 -27.0481 
v -16.5491 1.66482 -27.0377 
v -16.553 1.62297 -27.0616 
v -16.3265 2.61467 -27.5432 
v -16.2426 2.71883 -27.4076 
v -16.2637 2.60567 -27.3953 
v -16.2838 2.73899 -27.5237 
v -16.5485 0.870718 -28.5798 
v -16.5488 0.7948 -28.5646 
v -16.5484 0.832114 -28.6024 
v -16.543 0.831451 -28.5076 
v -16.4706 3.64507 -28.0786 
v -16.4769 3.65337 -28.0991 
v -16.4603 3.62947 -28.0894 
v -16.4638 3.63663 -28.104 
v -16.5405 0.831451 -27.6234 
v -16.5477 0.903784 -27.5575 
v -16.5466 0.86087 -27.5513 
v -16.5345 0.887585 -27.662 
v -16.5464 0.7948 -27.5664 
v -16.5466 0.86087 -27.5513 
v -16.5458 0.832114 -27.5385 
v -16.5405 0.831451 -27.6234 
v -16.6115 1.48743 -28.6317 
v -16.5955 1.51368 -28.5976 
v -16.6036 1.49758 -28.6358 
v -16.6038 1.50364 -28.5898 
v -16.263 2.69484 -27.6065 
v -16.2387 2.90185 -27.4679 
v -16.1646 2.60902 -27.3982 
v -16.0651 2.81523 -27.3237 
v -16.1646 2.60902 -27.3982 
v -16.3284 2.47316 -27.7179 
v -16.3498 2.28251 -27.4821 
v -16.2387 2.90185 -27.4679 
v -16.0259 2.87318 -27.3125 
v -16.2261 2.99732 -27.4481 
v -16.531 1.44258 -28.5376 
v -16.4717 1.38805 -28.8278 
v -16.4323 1.55931 -28.8599 
v -16.526 1.57523 -28.5336 
v -16.6103 1.51368 -27.5334 
v -16.627 1.48743 -27.4993 
v -16.6189 1.49758 -27.4952 
v -16.6189 1.50364 -27.5412 
v -15.9989 2.71024 -27.3237 
v -16.1908 2.62262 -27.5679 
v -16.2292 2.75447 -27.5916 
v -16.0031 2.79036 -27.3279 
v -16.5334 1.33407 -28.5359 
v -16.5038 1.25838 -28.7779 
v -16.4717 1.38805 -28.8278 
v -16.531 1.44258 -28.5376 
v -16.5334 1.33407 -28.5359 
v -16.5227 1.14291 -28.6956 
v -16.5314 1.19657 -28.5065 
v -16.5306 1.9862 -27.4876 
v -16.4915 2.09597 -27.4947 
v -16.5032 1.88591 -27.3757 
v -16.5366 1.57523 -27.5975 
v -16.439 1.55931 -27.2711 
v -16.5318 1.44258 -27.5934 
v -16.4717 1.38805 -27.3032 
v -16.5133 1.27435 -27.3584 
v -16.5318 1.44258 -27.5934 
v -16.5278 1.33407 -27.5951 
v -16.5267 1.9751 -28.6214 
v -16.4862 1.88591 -28.7554 
v -16.4674 2.09682 -28.65 
v -16.5356 1.79101 -28.8102 
v -16.5407 1.95775 -28.643 
v -16.5723 1.81246 -28.579 
v -16.2438 3.28962 -27.582 
v -16.2694 3.64307 -27.5936 
v -16.0576 3.25682 -27.3877 
v -16.007 2.89772 -27.3334 
v -16.2423 2.90355 -27.5896 
v -16.0576 3.25682 -27.3877 
v -16.2438 3.28962 -27.582 
v -16.0031 2.79036 -27.3279 
v -16.2423 2.90355 -27.5896 
v -16.2292 2.75447 -27.5916 
v -16.1733 2.90185 -28.5953 
v -16.0633 2.81523 -28.8089 
v -15.9715 3.02507 -28.8437 
v -16.167 3.09372 -28.635 
v -16.5689 1.66453 -28.7283 
v -16.5723 1.81246 -28.579 
v -16.5843 1.694 -28.548 
v -16.5356 1.79101 -28.8102 
v -16.5356 1.79101 -27.3208 
v -16.5437 1.95775 -27.4881 
v -16.502 1.91548 -27.2445 
v -16.4904 1.27383 -27.2459 
v -16.5092 1.35205 -27.3554 
v -16.4765 1.35792 -27.2379 
v -16.5131 1.2751 -27.3584 
v -16.5689 1.66453 -27.4028 
v -16.5782 1.694 -27.583 
v -16.5723 1.81246 -27.552 
v -16.5356 1.79101 -27.3208 
v -16.4979 1.71244 -27.7694 
v -16.4989 1.70296 -27.8036 
v -16.5101 1.69022 -27.8029 
v -16.509 1.69724 -27.762 
v -16.1144 3.38295 -28.9296 
v -16.1012 3.43225 -28.9149 
v -16.1145 3.41412 -28.8941 
v -16.1004 3.41971 -28.9434 
v -16.512 1.69882 -27.8383 
v -16.4989 1.70296 -27.8036 
v -16.5029 1.70775 -27.8355 
v -16.5101 1.69022 -27.8029 
v -16.4742 1.53634 -27.2987 
v -16.4765 1.35792 -27.2379 
v -16.5092 1.35205 -27.3554 
v -16.5356 1.79101 -27.3208 
v -16.5723 1.81246 -27.552 
v -16.5437 1.95775 -27.4881 
v -16.5782 1.694 -27.583 
v -16.5785 1.61499 -27.4089 
v -16.5741 1.60725 -27.5844 
v -16.5689 1.66453 -27.4028 
v -16.5785 1.61499 -27.4089 
v -16.5708 1.52359 -27.5636 
v -16.5832 1.56265 -27.4056 
v -16.5841 1.61499 -28.7221 
v -16.5843 1.694 -28.548 
v -16.5817 1.60725 -28.5467 
v -16.5689 1.66453 -28.7283 
v -16.5708 1.52359 -28.5675 
v -16.5841 1.61499 -28.7221 
v -16.5888 1.56265 -28.7254 
v -16.5689 1.56159 -27.1388 
v -16.5522 1.60057 -27.0981 
v -16.5468 1.59469 -27.1424 
v -16.5671 1.57831 -27.0847 
v -16.4842 3.64383 -28.1455 
v -16.4672 3.63669 -28.1208 
v -16.4815 3.65292 -28.1213 
v -16.4698 3.62847 -28.1404 
v -15.7585 2.28551 -27.0665 
v -15.6641 2.20557 -27.0716 
v -15.7332 2.18865 -27.2212 
v -16.5134 1.32396 -27.131 
v -16.5296 1.35912 -27.2697 
v -16.5139 1.40481 -27.164 
v -16.5261 1.26914 -27.2178 
v -16.5134 1.32396 -29 
v -16.5296 1.35912 -28.8613 
v -16.5261 1.26914 -28.9132 
v -16.5139 1.40481 -28.9671 
v -16.4815 3.65292 -28.1213 
v -16.4638 3.63663 -28.104 
v -16.4769 3.65337 -28.0991 
v -16.4672 3.63669 -28.1208 
v -16.4734 1.53634 -28.8323 
v -16.4875 1.32605 -28.7756 
v -16.4657 1.35792 -28.8931 
v -16.5092 1.35205 -27.3554 
v -16.5036 1.76911 -27.4577 
v -16.4742 1.53634 -27.2987 
v -15.6641 2.20557 -27.0716 
v -15.6492 2.10516 -27.235 
v -15.7332 2.18865 -27.2212 
v -15.5922 2.12695 -27.1196 
v -16.5245 1.61614 -27.7466 
v -16.544 1.63758 -27.6833 
v -16.5061 1.64419 -27.7462 
v -16.5102 1.67206 -27.7006 
v -16.4962 1.10918 -27.4791 
v -16.5123 1.22181 -27.3843 
v -16.5036 1.08078 -27.3818 
v -16.5026 1.19116 -27.2867 
v -16.1785 2.93155 -28.9333 
v -16.1912 2.97771 -28.9365 
v -16.1882 2.93868 -28.9235 
v -16.1701 2.97754 -28.9607 
v -16.1894 2.89162 -28.8733 
v -16.1785 2.93155 -28.9333 
v -16.5131 1.2751 -27.3584 
v -16.5026 1.19116 -27.2867 
v -16.5123 1.22181 -27.3843 
v -16.4904 1.27383 -27.2459 
v -16.5032 1.88591 -27.3757 
v -16.5507 1.82944 -27.529 
v -16.5306 1.9862 -27.4876 
v -16.4862 1.88591 -28.7554 
v -16.5267 1.9751 -28.6214 
v -16.5507 1.82944 -28.5848 
v -16.492 1.74141 -28.8008 
v -16.5399 1.66373 -28.5813 
v -16.5231 1.53349 -28.6754 
v -16.492 1.74141 -28.8008 
v -16.5507 1.82944 -28.5848 
v -16.4862 1.88591 -28.7554 
v -16.513 1.24311 -27.1233 
v -16.5261 1.26914 -27.2178 
v -16.5134 1.32396 -27.131 
v -16.5226 1.22388 -27.2072 
v -16.513 1.24311 -29.0077 
v -16.5261 1.26914 -28.9132 
v -16.5226 1.22388 -28.9239 
v -16.5134 1.32396 -29 
v -16.4875 1.32605 -28.7756 
v -16.4734 1.53634 -28.8323 
v -16.5149 1.76911 -28.6733 
v -16.5385 1.46152 -28.3559 
v -16.5224 1.45948 -28.2353 
v -16.5036 1.48916 -28.2816 
v -16.5062 1.50203 -28.3195 
v -16.5552 1.56126 -27.194 
v -16.5665 1.54388 -27.1947 
v -16.5569 1.56155 -27.1652 
v -16.5661 1.55173 -27.161 
v -16.5617 1.56788 -27.1352 
v -16.5569 1.56155 -27.1652 
v -16.5388 0.793002 -27.4723 
v -16.5464 0.7948 -27.5664 
v -16.5458 0.832114 -27.5385 
v -15.5922 2.12695 -27.1196 
v -15.5591 2.06075 -27.2028 
v -15.6492 2.10516 -27.235 
v -15.6492 2.10516 -27.235 
v -15.5675 2.01117 -27.309 
v -15.569 2.01171 -27.3098 
v -15.5591 2.06075 -27.2028 
v -16.492 1.74141 -27.3303 
v -16.5231 1.53349 -27.4557 
v -16.5399 1.66373 -27.5498 
v -16.492 1.74141 -27.3303 
v -16.5507 1.82944 -27.529 
v -16.5032 1.88591 -27.3757 
v -16.5272 0.85357 -28.6847 
v -16.542 0.832857 -28.6874 
v -16.5399 0.85601 -28.6595 
v -16.5304 0.833387 -28.7042 
v -16.3714 3.63949 -27.6801 
v -16.3401 3.46519 -27.5539 
v -16.392 3.34806 -27.6067 
v -16.3401 3.46519 -27.5539 
v -16.298 3.37212 -27.4889 
v -16.392 3.34806 -27.6067 
v -16.3715 3.28231 -27.5611 
v -16.542 0.832857 -27.4436 
v -16.5272 0.85357 -27.4463 
v -16.5399 0.85601 -27.4715 
v -16.5304 0.833387 -27.4268 
v -15.9383 3.24851 -28.8263 
v -16.1944 3.35389 -28.63 
v -16.176 3.23322 -28.6525 
v -15.9338 3.44578 -28.7788 
v -16.167 3.09372 -28.635 
v -15.9383 3.24851 -28.8263 
v -15.9715 3.02507 -28.8437 
v -16.6169 1.4876 -28.6604 
v -16.6036 1.49758 -28.6358 
v -16.6095 1.49648 -28.6604 
v -16.6115 1.48743 -28.6317 
v -16.6169 1.4876 -28.6604 
v -16.6149 1.49816 -28.6972 
v -16.6189 1.49758 -27.4952 
v -16.6329 1.4876 -27.4706 
v -16.6254 1.49648 -27.4706 
v -16.627 1.48743 -27.4993 
v -16.6329 1.4876 -27.4706 
v -16.6318 1.49816 -27.4339 
v -16.5757 1.47628 -27.2834 
v -16.5879 1.50718 -27.3229 
v -16.5644 1.53612 -27.2702 
v -16.4222 3.74073 -28.1308 
v -16.3487 3.83467 -28.0655 
v -16.4102 3.72017 -28.0905 
v -16.4002 3.6973 -28.0655 
v -16.3514 3.84673 -28.088 
v -16.5757 1.47628 -28.8476 
v -16.5644 1.53612 -28.8608 
v -16.5879 1.50718 -28.8081 
v -16.1576 3.39508 -28.8033 
v -16.2585 3.28691 -28.6901 
v -16.2089 3.29243 -28.828 
v -16.1807 3.4234 -28.7207 
v -16.5919 1.51287 -28.7511 
v -16.5708 1.41356 -28.6661 
v -16.5723 1.39539 -28.739 
v -16.2278 3.07859 -27.4395 
v -16.0033 2.91796 -27.312 
v -16.2261 2.99732 -27.4481 
v -16.0259 2.87318 -27.3125 
v -16.5919 1.51287 -27.38 
v -16.5723 1.39539 -27.392 
v -16.5708 1.41356 -27.4649 
v -16.4204 3.74106 -28.0003 
v -16.3487 3.83467 -28.0655 
v -16.3502 3.84767 -28.0413 
v -16.4071 3.72102 -28.0405 
v -16.4002 3.6973 -28.0655 
v -16.2076 3.45143 -27.3798 
v -16.2179 3.33626 -27.293 
v -16.2728 3.34934 -27.4297 
v -16.2342 3.51202 -27.4591 
v -16.2728 3.34934 -27.4297 
v -16.298 3.37212 -27.4889 
v -16.3705 3.63949 -28.4509 
v -16.3969 3.34806 -28.5243 
v -16.3322 3.46519 -28.5771 
v -16.3969 3.34806 -28.5243 
v -16.2989 3.37212 -28.6421 
v -16.3716 3.28231 -28.5699 
v -16.5402 0.793002 -28.6587 
v -16.5484 0.832114 -28.6024 
v -16.5488 0.7948 -28.5646 
v -16.1395 3.39359 -28.8595 
v -16.1144 3.38295 -28.9296 
v -16.1145 3.41412 -28.8941 
v -16.1614 3.32471 -28.8938 
v -16.1395 3.39359 -28.8595 
v -16.2089 3.29243 -28.828 
v -16.1576 3.39508 -28.8033 
v -16.2728 3.34934 -27.4297 
v -16.2342 3.51202 -27.4591 
v -16.2076 3.45143 -27.3798 
v -16.3714 3.63949 -27.6801 
v -16.392 3.34806 -27.6067 
v -16.4333 3.54255 -27.7233 
v -16.5947 1.50319 -28.7823 
v -16.5723 1.39539 -28.739 
v -16.5811 1.43346 -28.8234 
v -16.5919 1.51287 -28.7511 
v -16.5947 1.50319 -27.3487 
v -16.5811 1.43346 -27.3076 
v -16.5723 1.39539 -27.392 
v -16.5919 1.51287 -27.38 
v -16.5919 1.51287 -28.7511 
v -16.5779 1.46446 -28.6021 
v -16.5708 1.41356 -28.6661 
v -16.2315 3.24786 -28.7447 
v -16.2744 3.1397 -28.7548 
v -16.2038 3.1753 -28.8401 
v -16.3401 3.46519 -27.5539 
v -16.2342 3.51202 -27.4591 
v -16.298 3.37212 -27.4889 
v -16.5919 1.51287 -27.38 
v -16.5708 1.41356 -27.4649 
v -16.5779 1.46446 -27.529 
v -16.2315 3.24786 -28.7447 
v -16.3114 3.18471 -28.6819 
v -16.2744 3.1397 -28.7548 
v -16.3422 3.23036 -28.6196 
v -16.2989 3.37212 -28.6421 
v -16.3716 3.28231 -28.5699 
v -16.298 3.37212 -27.4889 
v -16.2384 3.24786 -27.3863 
v -16.3491 3.23036 -27.5114 
v -16.3715 3.28231 -27.5611 
v -16.3205 3.18471 -27.4491 
v -16.2833 3.1397 -27.3762 
v -16.2639 3.25821 -27.4681 
v -15.9434 3.24851 -27.3047 
v -16.2362 3.16347 -27.4404 
v -15.9579 3.0939 -27.3127 
v -16.2038 3.1753 -28.8401 
v -16.2744 3.1397 -28.7548 
v -16.2417 3.10313 -28.8396 
v -15.5214 2.23392 -27.1095 
v -15.736 2.3416 -27.2069 
v -15.585 2.39806 -27.1996 
v -15.736 2.3416 -27.2069 
v -15.6182 2.48955 -27.2441 
v -15.8754 2.4537 -27.2515 
v -16.2362 3.16347 -27.4404 
v -15.9579 3.0939 -27.3127 
v -16.2278 3.07859 -27.4395 
v -16.0033 2.91796 -27.312 
v -15.9338 3.44578 -28.7788 
v -16.209 3.50648 -28.6354 
v -16.1944 3.35389 -28.63 
v -15.9648 3.60897 -28.7175 
v -16.3705 3.63949 -28.4509 
v -16.4337 3.54255 -28.4078 
v -16.3969 3.34806 -28.5243 
v -16.3845 3.7283 -27.7455 
v -16.3714 3.63949 -27.6801 
v -16.442 3.63018 -27.7868 
v -16.4333 3.54255 -27.7233 
v -16.1913 2.97771 -27.1945 
v -16.163 2.97754 -27.1703 
v -16.1882 2.93868 -27.2076 
v -16.1721 2.93155 -27.1977 
v -16.1882 2.93868 -27.2076 
v -16.1895 2.89162 -27.2577 
v -16.2006 3.03563 -27.2019 
v -16.163 2.97754 -27.1703 
v -16.1599 3.04235 -27.1733 
v -16.0616 2.48475 -28.6313 
v -16.1886 2.54795 -28.7328 
v -16.3257 2.30504 -28.6489 
v -15.917 2.60725 -28.6556 
v -16.1886 2.54795 -28.7328 
v -16.0633 2.81523 -28.8089 
v -15.8107 2.75639 -28.7073 
v -16.0633 2.81523 -28.8089 
v -15.917 2.60725 -28.6556 
v -16.3855 3.7283 -28.3855 
v -16.4403 3.63083 -28.3442 
v -16.3705 3.63949 -28.4509 
v -16.4337 3.54255 -28.4078 
v -16.5811 1.43346 -27.3076 
v -16.5947 1.50319 -27.3487 
v -16.5879 1.50718 -27.3229 
v -16.5879 1.50718 -27.3229 
v -16.5757 1.47628 -27.2834 
v -16.5811 1.43346 -27.3076 
v -16.3502 3.84767 -28.0413 
v -16.3545 3.8642 -28.0106 
v -16.4204 3.74106 -28.0003 
v -16.5811 1.43346 -28.8234 
v -16.5879 1.50718 -28.8081 
v -16.5947 1.50319 -28.7823 
v -16.3514 3.84673 -28.088 
v -16.4222 3.74073 -28.1308 
v -16.3551 3.8642 -28.1204 
v -16.1701 2.97754 -28.9607 
v -16.2002 3.03563 -28.9292 
v -16.1912 2.97771 -28.9365 
v -16.1694 3.04235 -28.9578 
v -16.2384 3.24786 -27.3863 
v -16.1975 3.1753 -27.291 
v -16.2833 3.1397 -27.3762 
v -16.1975 3.1753 -27.291 
v -16.2387 3.10313 -27.2914 
v -16.2833 3.1397 -27.3762 
v -16.5879 1.50718 -28.8081 
v -16.5811 1.43346 -28.8234 
v -16.5757 1.47628 -28.8476 
v -16.2387 3.10313 -27.2914 
v -16.1664 3.10199 -27.1972 
v -16.2176 3.07598 -27.2392 
v -16.1975 3.1753 -27.291 
v -16.1753 3.09318 -28.9339 
v -16.2417 3.10313 -28.8396 
v -16.2182 3.07598 -28.8918 
v -16.2038 3.1753 -28.8401 
v -16.386 3.78339 -28.3279 
v -16.4403 3.67916 -28.2982 
v -16.3855 3.7283 -28.3855 
v -16.4403 3.63083 -28.3442 
v -16.4388 3.71539 -28.2489 
v -16.503 1.16777 -27.1333 
v -16.5226 1.22388 -27.2072 
v -16.513 1.24311 -27.1233 
v -16.5163 1.17234 -27.2103 
v -15.5352 2.26201 -28.946 
v -15.3174 2.56389 -28.6503 
v -15.6906 2.5673 -28.7734 
v -15.1878 2.22021 -28.8023 
v -16.503 1.16777 -28.9977 
v -16.5226 1.22388 -28.9239 
v -16.5163 1.17234 -28.9207 
v -16.513 1.24311 -29.0077 
v -16.1753 3.09318 -28.9339 
v -16.2002 3.03563 -28.9292 
v -16.1694 3.04235 -28.9578 
v -16.2182 3.07598 -28.8918 
v -16.3834 3.78339 -27.8032 
v -16.4436 3.67822 -27.8328 
v -16.4395 3.71461 -27.8822 
v -16.3845 3.7283 -27.7455 
v -16.442 3.63018 -27.7868 
v -15.8754 2.4537 -27.2515 
v -15.6436 2.58741 -27.276 
v -15.6182 2.48955 -27.2441 
v -15.956 2.6047 -27.2951 
v -16.3401 3.46519 -27.5539 
v -16.2576 3.69774 -27.59 
v -16.2342 3.51202 -27.4591 
v -16.3241 3.49612 -27.548 
v -15.9518 3.44516 -27.3541 
v -16.2923 3.35389 -27.4903 
v -15.9648 3.60754 -27.4238 
v -15.9518 3.44516 -27.3541 
v -16.2639 3.25821 -27.4681 
v -15.9434 3.24851 -27.3047 
v -16.3625 3.86423 -28.1778 
v -16.3551 3.8642 -28.1204 
v -16.4222 3.74073 -28.1308 
v -16.3607 3.86424 -27.9533 
v -16.4204 3.74106 -28.0003 
v -16.3545 3.8642 -28.0106 
v -16.1807 3.4234 -28.7207 
v -16.2989 3.37212 -28.6421 
v -16.2585 3.28691 -28.6901 
v -16.1959 3.45415 -28.679 
v -16.3845 3.7283 -27.7455 
v -16.2576 3.69774 -27.59 
v -16.3714 3.63949 -27.6801 
v -16.3401 3.46519 -27.5539 
v -16.2176 3.07598 -27.2392 
v -16.1599 3.04235 -27.1733 
v -16.2006 3.03563 -27.2019 
v -16.1664 3.10199 -27.1972 
v -16.3607 3.86424 -27.9533 
v -16.4285 3.7378 -27.938 
v -16.4204 3.74106 -28.0003 
v -16.371 3.83691 -27.8736 
v -16.4324 3.7381 -28.193 
v -16.3625 3.86423 -28.1778 
v -16.4222 3.74073 -28.1308 
v -16.3739 3.8369 -28.2574 
v -16.3739 3.8369 -28.2574 
v -16.4388 3.71539 -28.2489 
v -16.386 3.78339 -28.3279 
v -16.4324 3.7381 -28.193 
v -15.9715 3.02507 -28.8437 
v -15.7486 3.14823 -28.7515 
v -15.9383 3.24851 -28.8263 
v -15.7532 2.92955 -28.7597 
v -15.9715 3.02507 -28.8437 
v -15.8107 2.75639 -28.7073 
v -16.0633 2.81523 -28.8089 
v -16.371 3.83691 -27.8736 
v -16.4395 3.71461 -27.8822 
v -16.4285 3.7378 -27.938 
v -16.3834 3.78339 -27.8032 
v -15.585 2.39806 -27.1996 
v -15.3355 2.57396 -27.4382 
v -15.5214 2.23392 -27.1095 
v -15.1807 2.23484 -27.2844 
v -15.6182 2.48955 -27.2441 
v -15.6436 2.58741 -27.276 
v -16.2076 3.45143 -27.3798 
v -16.1641 3.41275 -27.2893 
v -16.2179 3.33626 -27.293 
v -15.9579 3.0939 -27.3127 
v -15.7152 2.93282 -27.3187 
v -16.0033 2.91796 -27.312 
v -15.7414 3.12515 -27.3035 
v -15.7152 2.93282 -27.3187 
v -15.956 2.6047 -27.2951 
v -15.6436 2.58741 -27.276 
v -16.5163 1.17234 -27.2103 
v -16.4932 1.09499 -27.162 
v -16.5102 1.12255 -27.2324 
v -16.503 1.16777 -27.1333 
v -16.4932 1.09499 -28.969 
v -16.5163 1.17234 -28.9207 
v -16.5102 1.12255 -28.8986 
v -16.503 1.16777 -28.9977 
v -15.5214 2.23392 -27.1095 
v -15.1807 2.23484 -27.2844 
v -15.4218 2.08821 -27.0422 
v -15.1279 2.11021 -27.2516 
v -16.2179 3.33626 -27.293 
v -16.1446 3.39325 -27.2518 
v -16.1899 3.33018 -27.2543 
v -16.1641 3.41275 -27.2893 
v -16.1959 3.45415 -28.679 
v -16.3322 3.46519 -28.5771 
v -16.2989 3.37212 -28.6421 
v -16.209 3.50648 -28.6354 
v -15.4303 2.09059 -29.0133 
v -15.1878 2.22021 -28.8023 
v -15.5352 2.26201 -28.946 
v -15.1344 2.11039 -28.8152 
v -15.7532 2.92955 -28.7597 
v -15.4077 2.99367 -28.6549 
v -15.7486 3.14823 -28.7515 
v -15.3749 2.75582 -28.6242 
v -16.209 3.50648 -28.6354 
v -16.2416 3.66203 -28.5362 
v -16.3322 3.46519 -28.5771 
v -16.3855 3.7283 -28.3855 
v -16.3705 3.63949 -28.4509 
v -16.2416 3.66203 -28.5362 
v -16.3322 3.46519 -28.5771 
v -15.9648 3.60754 -27.4238 
v -16.3241 3.49612 -27.548 
v -16.2576 3.69774 -27.59 
v -15.9852 3.76259 -27.5182 
v -15.9434 3.24851 -27.3047 
v -15.7696 3.38762 -27.3444 
v -15.7564 3.26336 -27.3121 
v -15.9518 3.44516 -27.3541 
v -15.7414 3.12515 -27.3035 
v -15.9434 3.24851 -27.3047 
v -15.9579 3.0939 -27.3127 
v -15.7414 3.12515 -27.3035 
v -15.3992 2.97422 -27.4005 
v -15.7152 2.93282 -27.3187 
v -15.3513 2.71479 -27.4379 
v -15.7486 3.14823 -28.7515 
v -15.4293 3.26356 -28.6583 
v -15.7622 3.37662 -28.7287 
v -15.4077 2.99367 -28.6549 
v -15.743 2.73714 -28.7532 
v -15.3749 2.75582 -28.6242 
v -15.7532 2.92955 -28.7597 
v -15.6906 2.5673 -28.7734 
v -15.3174 2.56389 -28.6503 
v -15.9648 3.60897 -28.7175 
v -16.2416 3.66203 -28.5362 
v -16.209 3.50648 -28.6354 
v -15.9852 3.76297 -28.628 
v -16.3845 3.7283 -27.7455 
v -16.2479 3.82472 -27.68 
v -16.2576 3.69774 -27.59 
v -16.3834 3.78339 -27.8032 
v -16.3855 3.7283 -28.3855 
v -16.2476 3.8167 -28.4372 
v -16.386 3.78339 -28.3279 
v -16.2416 3.66203 -28.5362 
v -16.0938 3.28509 -27.1861 
v -16.1633 3.31676 -27.2255 
v -16.1261 3.36031 -27.2242 
v -16.1899 3.33018 -27.2543 
v -16.1261 3.36031 -27.2242 
v -16.1446 3.39325 -27.2518 
v -16.2416 3.66203 -28.5362 
v -15.9852 3.76297 -28.628 
v -16.2476 3.8167 -28.4372 
v -16.0073 3.8938 -28.5175 
v -15.795 3.58781 -27.4225 
v -15.4666 3.50447 -27.436 
v -15.7696 3.38762 -27.3444 
v -15.4289 3.26186 -27.3971 
v -15.7696 3.38762 -27.3444 
v -15.7564 3.26336 -27.3121 
v -15.7414 3.12515 -27.3035 
v -15.3992 2.97422 -27.4005 
v -15.7152 2.93282 -27.3187 
v -15.3513 2.71479 -27.4379 
v -15.6436 2.58741 -27.276 
v -15.3355 2.57396 -27.4382 
v -16.5304 0.833387 -28.7042 
v -16.5428 0.818031 -28.7151 
v -16.542 0.832857 -28.6874 
v -16.5321 0.821512 -28.7236 
v -15.7622 3.37662 -28.7287 
v -15.4666 3.50447 -28.6194 
v -15.8073 3.59102 -28.6597 
v -15.4293 3.26356 -28.6583 
v -16.5428 0.818031 -27.4159 
v -16.5304 0.833387 -27.4268 
v -16.542 0.832857 -27.4436 
v -16.5321 0.821512 -27.4074 
v -15.9383 3.24851 -28.8263 
v -15.7486 3.14823 -28.7515 
v -15.7622 3.37662 -28.7287 
v -15.9338 3.44578 -28.7788 
v -15.9648 3.60897 -28.7175 
v -14.974 2.11927 -27.7415 
v -15.3355 2.57396 -27.4382 
v -15.098 2.56809 -27.7978 
v -15.1807 2.23484 -27.2844 
v -14.974 2.11927 -27.7415 
v -15.1279 2.11021 -27.2516 
v -14.9331 2.0217 -27.7291 
v -15.088 2.01256 -27.2503 
v -14.971 2.10831 -28.3158 
v -15.1878 2.22021 -28.8023 
v -15.1344 2.11039 -28.8152 
v -14.9331 2.0177 -28.3264 
v -15.0911 2.01575 -28.8052 
v -14.971 2.10831 -28.3158 
v -15.3174 2.56389 -28.6503 
v -15.0934 2.59567 -28.2735 
v -16.2126 3.92452 -28.056 
v -16.3502 3.84767 -28.0413 
v -16.3487 3.83467 -28.0655 
v -16.2143 3.94586 -28.0273 
v -16.3545 3.8642 -28.0106 
v -16.241 3.90038 -28.3632 
v -16.386 3.78339 -28.3279 
v -16.2476 3.8167 -28.4372 
v -16.3739 3.8369 -28.2574 
v -15.9648 3.60754 -27.4238 
v -15.795 3.58781 -27.4225 
v -15.9518 3.44516 -27.3541 
v -15.7696 3.38762 -27.3444 
v -16.2375 3.88773 -27.7502 
v -16.3834 3.78339 -27.8032 
v -16.371 3.83691 -27.8736 
v -16.2479 3.82472 -27.68 
v -16.2116 3.98555 -28.1762 
v -16.2011 3.9659 -28.0986 
v -16.3625 3.86423 -28.1778 
v -16.4791 1.04161 -27.2255 
v -16.5102 1.12255 -27.2324 
v -16.4932 1.09499 -27.162 
v -16.5057 1.0859 -27.2636 
v -16.531 0.802599 -28.7641 
v -16.5428 0.818031 -28.7151 
v -16.5321 0.821512 -28.7236 
v -16.371 3.83691 -27.8736 
v -16.2311 3.93027 -27.8122 
v -16.2375 3.88773 -27.7502 
v -16.4791 1.04161 -28.9055 
v -16.5102 1.12255 -28.8986 
v -16.5057 1.0859 -28.8674 
v -16.4932 1.09499 -28.969 
v -16.2011 3.9659 -28.0986 
v -16.3551 3.8642 -28.1204 
v -16.3625 3.86423 -28.1778 
v -16.3514 3.84673 -28.088 
v -16.2126 3.92452 -28.056 
v -16.3487 3.83467 -28.0655 
v -15.8073 3.59102 -28.6597 
v -15.5264 3.70384 -28.5543 
v -15.8459 3.76678 -28.5737 
v -15.4666 3.50447 -28.6194 
v -16.531 0.802599 -27.367 
v -16.5321 0.821512 -27.4074 
v -16.5428 0.818031 -27.4159 
v -15.4077 2.99367 -28.6549 
v -15.1152 2.80243 -28.2765 
v -15.1202 3.03131 -28.2966 
v -15.3749 2.75582 -28.6242 
v -16.241 3.90038 -28.3632 
v -16.2286 3.96088 -28.2793 
v -16.3739 3.8369 -28.2574 
v -15.9852 3.76259 -27.5182 
v -15.8219 3.76576 -27.5064 
v -15.9648 3.60754 -27.4238 
v -15.795 3.58781 -27.4225 
v -15.1158 1.19666 -27.1501 
v -15.1896 1.32949 -27.0598 
v -15.1807 1.39614 -27.1154 
v -16.0346 3.97975 -27.7219 
v -16.2479 3.82472 -27.68 
v -16.2375 3.88773 -27.7502 
v -16.2311 3.93027 -27.8122 
v -16.0073 3.8938 -27.6228 
v -16.2479 3.82472 -27.68 
v -15.9852 3.76259 -27.5182 
v -16.2576 3.69774 -27.59 
v -15.3174 2.56389 -28.6503 
v -15.0934 2.59567 -28.2735 
v -15.3749 2.75582 -28.6242 
v -15.1152 2.80243 -28.2765 
v -15.0934 2.59567 -28.2735 
v -14.971 2.10831 -28.3158 
v -15.098 2.56809 -27.7978 
v -14.974 2.11927 -27.7415 
v -14.971 2.10831 -28.3158 
v -14.9331 2.0217 -27.7291 
v -14.9331 2.0177 -28.3264 
v -14.9331 2.0217 -27.7291 
v -14.8932 1.91977 -27.7384 
v -14.8928 1.91659 -28.318 
v -14.8575 1.77325 -27.7654 
v -14.8548 1.7714 -28.29 
v -15.4293 3.26356 -28.6583 
v -15.1202 3.03131 -28.2966 
v -15.1517 3.2658 -28.2864 
v -15.4077 2.99367 -28.6549 
v -16.2143 3.94586 -28.0273 
v -16.2182 3.96292 -27.9811 
v -16.3545 3.8642 -28.0106 
v -16.23 3.95627 -27.8705 
v -16.371 3.83691 -27.8736 
v -16.3607 3.86424 -27.9533 
v -16.2311 3.93027 -27.8122 
v -16.0182 3.98511 -28.058 
v -16.2126 3.92452 -28.056 
v -16.2011 3.9659 -28.0986 
v -16.0258 4.02105 -28.1294 
v -15.4289 3.26186 -27.3971 
v -15.1302 3.19333 -27.7742 
v -15.3992 2.97422 -27.4005 
v -15.1211 2.9493 -27.7841 
v -15.8496 3.89499 -27.6184 
v -15.5758 3.84448 -27.5934 
v -15.8219 3.76576 -27.5064 
v -15.5264 3.70384 -27.5026 
v -15.4666 3.50447 -27.436 
v -15.795 3.58781 -27.4225 
v -15.8219 3.76576 -27.5064 
v -15.3992 2.97422 -27.4005 
v -15.1211 2.9493 -27.7841 
v -15.3513 2.71479 -27.4379 
v -15.1182 2.7351 -27.7954 
v -15.098 2.56809 -27.7978 
v -15.3513 2.71479 -27.4379 
v -15.3355 2.57396 -27.4382 
v -16.3739 3.8369 -28.2574 
v -16.2286 3.96088 -28.2793 
v -16.3625 3.86423 -28.1778 
v -16.2116 3.98555 -28.1762 
v -15.0911 2.01575 -28.8052 
v -14.8928 1.91659 -28.318 
v -14.9331 2.0177 -28.3264 
v -15.0311 1.82127 -28.7837 
v -15.8459 3.76678 -28.5737 
v -16.0073 3.8938 -28.5175 
v -15.9852 3.76297 -28.628 
v -15.8073 3.59102 -28.6597 
v -15.8073 3.59102 -28.6597 
v -15.9648 3.60897 -28.7175 
v -15.7622 3.37662 -28.7287 
v -16.3607 3.86424 -27.9533 
v -16.2264 3.96553 -27.9329 
v -16.23 3.95627 -27.8705 
v -16.2182 3.96292 -27.9811 
v -16.3607 3.86424 -27.9533 
v -16.3545 3.8642 -28.0106 
v -16.2264 3.96553 -27.9329 
v -15.1056 1.21152 -28.891 
v -15.1758 1.37866 -28.9444 
v -15.1778 1.32784 -28.9902 
v -15.1677 1.21443 -28.9922 
v -15.4666 3.50447 -28.6194 
v -15.1517 3.2658 -28.2864 
v -15.1891 3.47629 -28.2645 
v -15.4293 3.26356 -28.6583 
v -15.1211 2.9493 -27.7841 
v -15.1202 3.03131 -28.2966 
v -15.1152 2.80243 -28.2765 
v -15.1182 2.7351 -27.7954 
v -15.1182 2.7351 -27.7954 
v -15.1152 2.80243 -28.2765 
v -15.0934 2.59567 -28.2735 
v -15.098 2.56809 -27.7978 
v -15.0297 1.26724 -27.2691 
v -15.1935 1.45683 -27.1329 
v -14.9842 1.43247 -27.3656 
v -15.1807 1.39614 -27.1154 
v -14.8932 1.91977 -27.7384 
v -15.088 2.01256 -27.2503 
v -14.9331 2.0217 -27.7291 
v -15.0359 1.81785 -27.2718 
v -15.1302 3.19333 -27.7742 
v -15.1517 3.2658 -28.2864 
v -15.1202 3.03131 -28.2966 
v -15.1211 2.9493 -27.7841 
v -16.0073 3.8938 -27.6228 
v -15.8496 3.89499 -27.6184 
v -15.9852 3.76259 -27.5182 
v -15.8219 3.76576 -27.5064 
v -16.4979 1.0669 -28.8419 
v -16.4837 1.04488 -28.7508 
v -16.4702 1.02005 -28.8348 
v -16.4979 1.0669 -27.2891 
v -16.4702 1.02005 -27.2963 
v -16.4837 1.04488 -27.3802 
v -15.3463 1.90334 -29.0324 
v -15.1344 2.11039 -28.8152 
v -15.4303 2.09059 -29.0133 
v -15.0911 2.01575 -28.8052 
v -15.3463 1.90334 -29.0324 
v -15.0311 1.82127 -28.7837 
v -15.2763 1.73773 -29.0074 
v -15.157 3.43217 -27.8062 
v -15.1891 3.47629 -28.2645 
v -15.1517 3.2658 -28.2864 
v -15.1302 3.19333 -27.7742 
v -15.157 3.43217 -27.8062 
v -15.5264 3.70384 -27.5026 
v -15.2093 3.66472 -27.839 
v -15.4666 3.50447 -27.436 
v -15.157 3.43217 -27.8062 
v -15.4289 3.26186 -27.3971 
v -15.1302 3.19333 -27.7742 
v -14.9902 1.43487 -28.6899 
v -15.1792 1.4502 -28.9226 
v -15.0528 1.26263 -28.8084 
v -15.1758 1.37866 -28.9444 
v -15.8459 3.76678 -28.5737 
v -15.5758 3.84448 -28.4651 
v -15.8704 3.89499 -28.46 
v -15.5264 3.70384 -28.5543 
v -16.5057 1.0859 -27.2636 
v -16.4791 1.04161 -27.2255 
v -16.4979 1.0669 -27.2891 
v -16.4702 1.02005 -27.2963 
v -16.4979 1.0669 -28.8419 
v -16.4791 1.04161 -28.9055 
v -16.5057 1.0859 -28.8674 
v -16.4702 1.02005 -28.8348 
v -15.5264 3.70384 -28.5543 
v -15.1891 3.47629 -28.2645 
v -15.2376 3.66518 -28.2338 
v -15.4666 3.50447 -28.6194 
v -16.23 3.95627 -27.8705 
v -16.0491 4.02379 -27.8135 
v -16.2311 3.93027 -27.8122 
v -16.0346 3.97975 -27.7219 
v -15.1056 1.21152 -28.891 
v -15.0528 1.26263 -28.8084 
v -15.1758 1.37866 -28.9444 
v -15.3429 1.90279 -27.0231 
v -15.1279 2.11021 -27.2516 
v -15.088 2.01256 -27.2503 
v -15.4218 2.08821 -27.0422 
v -15.0359 1.81785 -27.2718 
v -15.3429 1.90279 -27.0231 
v -15.2782 1.73787 -27.0481 
v -15.1677 1.21443 -28.9922 
v -15.1778 1.32784 -28.9902 
v -15.2069 1.27575 -29.0757 
v -16.2116 3.98555 -28.1762 
v -16.0258 4.02105 -28.1294 
v -16.2011 3.9659 -28.0986 
v -16.041 4.04144 -28.2129 
v -16.2286 3.96088 -28.2793 
v -16.2116 3.98555 -28.1762 
v -16.0491 4.02379 -28.3175 
v -16.2286 3.96088 -28.2793 
v -16.241 3.90038 -28.3632 
v -16.0346 3.97975 -28.4109 
v -16.241 3.90038 -28.3632 
v -16.0073 3.8938 -28.5175 
v -16.2476 3.8167 -28.4372 
v -16.2126 3.92452 -28.056 
v -16.0258 4.01681 -28.0128 
v -16.2143 3.94586 -28.0273 
v -16.0182 3.98511 -28.058 
v -16.0258 4.01681 -28.0128 
v -16.2182 3.96292 -27.9811 
v -16.041 4.04144 -27.9181 
v -16.2264 3.96553 -27.9329 
v -16.041 4.04144 -27.9181 
v -16.23 3.95627 -27.8705 
v -16.0491 4.02379 -27.8135 
v -15.0297 1.26724 -27.2691 
v -15.1158 1.19666 -27.1501 
v -15.1807 1.39614 -27.1154 
v -15.0311 1.82127 -28.7837 
v -14.8548 1.7714 -28.29 
v -14.8928 1.91659 -28.318 
v -15.008 1.67989 -28.7612 
v -15.2376 3.66518 -28.2338 
v -15.2093 3.66472 -27.839 
v -15.2972 3.81465 -28.1973 
v -15.2874 3.83064 -27.874 
v -15.2093 3.66472 -27.839 
v -15.1891 3.47629 -28.2645 
v -15.157 3.43217 -27.8062 
v -15.5758 3.84448 -28.4651 
v -15.2376 3.66518 -28.2338 
v -15.2972 3.81465 -28.1973 
v -15.5264 3.70384 -28.5543 
v -16.0258 4.02105 -28.1294 
v -15.8942 4.00315 -28.1209 
v -16.0182 3.98511 -28.058 
v -15.9043 3.98254 -28.0511 
v -16.0073 3.8938 -28.5175 
v -15.8704 3.89499 -28.46 
v -16.0346 3.97975 -28.4109 
v -15.8459 3.76678 -28.5737 
v -15.1896 1.32949 -27.0598 
v -15.1158 1.19666 -27.1501 
v -15.1962 1.22231 -27.0281 
v -14.8575 1.77325 -27.7654 
v -15.0359 1.81785 -27.2718 
v -14.8932 1.91977 -27.7384 
v -15.0173 1.6764 -27.2943 
v -15.1896 1.32949 -27.0598 
v -15.1962 1.22231 -27.0281 
v -15.2397 1.2995 -26.9576 
v -15.9043 3.98254 -28.0511 
v -16.0258 4.01681 -28.0128 
v -16.0182 3.98511 -28.058 
v -15.8998 4.00737 -27.9592 
v -16.0073 3.8938 -27.6228 
v -15.8716 3.97281 -27.7294 
v -15.8496 3.89499 -27.6184 
v -16.0346 3.97975 -27.7219 
v -15.2083 1.55237 -28.9106 
v -14.9902 1.43487 -28.6899 
v -14.9904 1.59158 -28.7087 
v -15.1792 1.4502 -28.9226 
v -15.2093 3.66472 -27.839 
v -15.5758 3.84448 -27.5934 
v -15.2874 3.83064 -27.874 
v -15.5264 3.70384 -27.5026 
v -15.8716 3.97281 -27.7294 
v -15.6047 3.92951 -27.7087 
v -15.8496 3.89499 -27.6184 
v -15.5758 3.84448 -27.5934 
v -15.8704 3.89499 -28.46 
v -15.6047 3.92951 -28.346 
v -15.8832 3.97281 -28.3271 
v -15.5758 3.84448 -28.4651 
v -14.92 1.15788 -28.3372 
v -14.9132 0.94824 -27.8929 
v -14.9088 1.16727 -27.7361 
v -15.008 1.67989 -28.7612 
v -14.8405 1.56521 -28.2763 
v -14.8548 1.7714 -28.29 
v -15.0028 1.6124 -28.7611 
v -14.8429 1.56601 -27.7791 
v -15.0173 1.6764 -27.2943 
v -14.8575 1.77325 -27.7654 
v -15.0102 1.60934 -27.2944 
v -15.9043 3.98254 -28.0511 
v -15.6363 3.98203 -28.0437 
v -15.8998 4.00737 -27.9592 
v -15.6319 3.99292 -27.924 
v -15.0102 1.60934 -27.2944 
v -14.8429 1.56601 -27.7791 
v -14.8566 1.41325 -27.741 
v -15.0134 1.39089 -27.2506 
v -14.9132 0.94824 -27.8929 
v -14.92 1.15788 -28.3372 
v -14.9134 0.95543 -28.2036 
v -14.9306 0.845684 -28.0587 
v -14.9132 0.94824 -27.8929 
v -14.9996 1.5275 -28.7823 
v -14.859 1.4128 -28.3144 
v -15.0028 1.6124 -28.7611 
v -14.8405 1.56521 -28.2763 
v -16.0258 4.02105 -28.1294 
v -15.891 4.00653 -28.1973 
v -15.8942 4.00315 -28.1209 
v -16.041 4.04144 -28.2129 
v -16.0346 3.97975 -27.7219 
v -15.8858 4.00223 -27.8066 
v -15.8716 3.97281 -27.7294 
v -16.0491 4.02379 -27.8135 
v -16.041 4.04144 -28.2129 
v -15.8832 3.97281 -28.3271 
v -15.891 4.00653 -28.1973 
v -16.0491 4.02379 -28.3175 
v -16.0346 3.97975 -28.4109 
v -15.8832 3.97281 -28.3271 
v -15.8704 3.89499 -28.46 
v -15.8942 4.00315 -28.1209 
v -15.6363 3.98203 -28.0437 
v -15.9043 3.98254 -28.0511 
v -15.631 3.98608 -28.0911 
v -15.6258 3.97959 -28.1958 
v -15.891 4.00653 -28.1973 
v -15.8832 3.97281 -28.3271 
v -15.6258 3.97959 -28.1958 
v -15.6047 3.92951 -28.346 
v -14.9945 1.24084 -28.7928 
v -14.8788 1.32863 -28.3428 
v -14.9996 1.5275 -28.7823 
v -14.859 1.4128 -28.3144 
v -14.9945 1.24084 -28.7928 
v -14.9131 1.13859 -28.4166 
v -14.9019 1.26734 -28.3804 
v -15.2972 3.81465 -28.1973 
v -15.6047 3.92951 -28.346 
v -15.5758 3.84448 -28.4651 
v -15.3833 3.90159 -28.1531 
v -15.8858 4.00223 -27.8066 
v -15.6258 3.97959 -27.8424 
v -15.8716 3.97281 -27.7294 
v -15.6047 3.92951 -27.7087 
v -16.041 4.04144 -27.9181 
v -15.8934 4.01471 -27.8826 
v -16.0491 4.02379 -27.8135 
v -15.8858 4.00223 -27.8066 
v -15.8998 4.00737 -27.9592 
v -16.0258 4.01681 -28.0128 
v -15.6258 3.97959 -27.8424 
v -15.8934 4.01471 -27.8826 
v -15.6319 3.99292 -27.924 
v -15.8998 4.00737 -27.9592 
v -15.8858 4.00223 -27.8066 
v -15.0134 1.39089 -27.2506 
v -14.8737 1.30932 -27.7127 
v -14.891 1.25762 -27.6812 
v -14.9984 1.19711 -27.2861 
v -15.2874 3.83064 -27.874 
v -15.6047 3.92951 -27.7087 
v -15.3812 3.9055 -27.9122 
v -15.5758 3.84448 -27.5934 
v -14.8575 1.77325 -27.7654 
v -14.8429 1.56601 -27.7791 
v -14.8405 1.56521 -28.2763 
v -14.8566 1.41325 -27.741 
v -14.859 1.4128 -28.3144 
v -14.859 1.4128 -28.3144 
v -14.8737 1.30932 -27.7127 
v -14.8788 1.32863 -28.3428 
v -15.008 1.67989 -28.7612 
v -15.2763 1.73773 -29.0074 
v -15.2083 1.55237 -28.9106 
v -15.0311 1.82127 -28.7837 
v -15.6363 3.98203 -28.0437 
v -15.631 3.98608 -28.0911 
v -15.559 3.98162 -28.0695 
v -15.6258 3.97959 -28.1958 
v -15.559 3.98162 -28.0695 
v -15.4827 3.95773 -28.1045 
v -15.6258 3.97959 -28.1958 
v -15.3833 3.90159 -28.1531 
v -15.6047 3.92951 -28.346 
v -15.2782 1.73787 -27.0481 
v -15.0173 1.6764 -27.2943 
v -15.2359 1.61031 -27.1065 
v -15.0359 1.81785 -27.2718 
v -15.0173 1.6764 -27.2943 
v -15.2061 1.52823 -27.1341 
v -14.9847 1.59003 -27.3445 
v -14.9842 1.43247 -27.3656 
v -15.2061 1.52823 -27.1341 
v -15.1935 1.45683 -27.1329 
v -15.6363 3.98203 -28.0437 
v -15.5643 3.98058 -27.9958 
v -15.6319 3.99292 -27.924 
v -15.4934 3.95569 -27.9606 
v -15.6319 3.99292 -27.924 
v -15.6258 3.97959 -27.8424 
v -15.3812 3.9055 -27.9122 
v -15.6258 3.97959 -27.8424 
v -15.4934 3.95569 -27.9606 
v -15.6047 3.92951 -27.7087 
v -14.9984 1.19711 -27.2861 
v -14.891 1.25762 -27.6812 
v -14.912 1.12251 -27.6451 
v -14.9754 1.02318 -27.4187 
v -14.8737 1.30932 -27.7127 
v -15.0134 1.39089 -27.2506 
v -14.8566 1.41325 -27.741 
v -15.6363 3.98203 -28.0437 
v -15.559 3.98162 -28.0695 
v -15.5643 3.98058 -27.9958 
v -15.4934 3.95569 -27.9606 
v -15.4827 3.95773 -28.1045 
v -15.4827 3.95773 -28.1045 
v -15.3812 3.9055 -27.9122 
v -15.3833 3.90159 -28.1531 
v -15.2874 3.83064 -27.874 
v -15.3812 3.9055 -27.9122 
v -15.2972 3.81465 -28.1973 
v -14.9131 1.13859 -28.4166 
v -14.9945 1.24084 -28.7928 
v -14.9823 1.08632 -28.7081 
v -14.9479 0.912734 -28.3784 
v -14.965 0.975015 -28.558 
v -14.9131 1.13859 -28.4166 
v -14.9823 1.08632 -28.7081 
v -14.965 0.975015 -28.558 
v -15.2083 1.55237 -28.9106 
v -14.9904 1.59158 -28.7087 
v -15.008 1.67989 -28.7612 
v -14.92 1.15788 -28.3372 
v -14.9088 1.16727 -27.7361 
v -14.8788 1.32863 -28.3428 
v -14.8737 1.30932 -27.7127 
v -14.912 1.12251 -27.6451 
v -14.9468 0.912727 -27.6771 
v -14.9754 1.02318 -27.4187 
v -14.9945 1.24084 -28.7928 
v -14.9019 1.26734 -28.3804 
v -14.8788 1.32863 -28.3428 

vn 0.716535 -0.354331 0.598425 
vn 0.637795 -0.566929 0.527559 
vn 0.700787 -0.401575 0.590551 
vn 0.866142 -0.417323 0.275591 
vn 0.88189 -0.354331 0.314961 
vn 0.874016 -0.307087 0.370079 
vn 0.952756 -0.244094 0.19685 
vn 0.897638 -0.409449 0.15748 
vn 0.937008 -0.314961 0.165354 
vn 0.929134 -0.291339 -0.228346 
vn 0.897638 -0.393701 -0.19685 
vn 0.944882 -0.23622 -0.244094 
vn 0.889764 -0.283465 -0.362205 
vn 0.897638 -0.377953 -0.220472 
vn 0.889764 -0.370079 -0.267717 
vn 0.637795 -0.291339 0.716535 
vn 0.787402 -0.188976 0.582677 
vn 0.716535 -0.244094 0.653543 
vn 0.771654 -0.173228 0.614173 
vn 0.716535 -0.354331 0.598425 
vn 0.700787 -0.401575 0.590551 
vn 0.795276 -0.133858 0.590551 
vn 0.874016 -0.165354 0.448819 
vn 0.874016 -0.307087 0.370079 
vn 0.88189 -0.354331 0.314961 
vn 0.874016 -0.165354 0.448819 
vn 0.866142 -0.125984 0.480315 
vn 0.874016 -0.307087 0.370079 
vn 0.795276 -0.133858 0.590551 
vn 0.771654 -0.173228 0.614173 
vn 0.826772 -0.0866142 0.559055 
vn 0.787402 -0.291339 0.535433 
vn 0.779528 -0.173228 0.598425 
vn 0.779528 -0.267717 0.566929 
vn 0.779528 -0.125984 0.614173 
vn 0.795276 -0.314961 0.519685 
vn 0.779528 -0.267717 0.566929 
vn 0.889764 -0.370079 -0.267717 
vn 0.88189 -0.23622 -0.409449 
vn 0.889764 -0.283465 -0.362205 
vn 0.88189 -0.23622 -0.409449 
vn 0.889764 -0.133858 -0.433071 
vn 0.88189 -0.0787402 -0.464567 
vn 0.889764 -0.133858 -0.433071 
vn 0.874016 0 -0.488189 
vn 0.779528 -0.173228 -0.598425 
vn 0.787402 -0.291339 -0.535433 
vn 0.779528 -0.267717 -0.566929 
vn 0.779528 -0.125984 -0.614173 
vn 0.795276 -0.314961 -0.519685 
vn 0.779528 -0.267717 -0.566929 
vn 0.826772 -0.0787402 0.551181 
vn 0.850394 -0.0393701 0.519685 
vn 0.889764 0 0.456693 
vn 0.826772 -0.0866142 0.559055 
vn 0.826772 -0.0787402 0.551181 
vn 0.795276 -0.133858 0.590551 
vn 0.96063 -0.19685 0.19685 
vn 0.952756 -0.244094 0.19685 
vn 0.937008 -0.314961 0.165354 
vn 0.787402 -0.188976 0.582677 
vn 0.826772 -0.149606 0.543307 
vn 0.826772 -0.149606 0.543307 
vn 0.716535 -0.244094 0.653543 
vn 0.968504 -0.181102 0.188976 
vn 0.96063 -0.19685 0.204724 
vn 0.96063 -0.19685 0.19685 
vn 0.968504 -0.181102 0.188976 
vn 0.96063 -0.19685 0.19685 
vn 0.96063 -0.19685 0.204724 
vn 0.952756 -0.244094 0.19685 
vn 0.944882 -0.188976 -0.259843 
vn 0.952756 -0.181102 -0.251969 
vn 0.944882 -0.188976 -0.259843 
vn 0.952756 -0.181102 -0.251969 
vn 0.96063 -0.141732 -0.251969 
vn 0.952756 -0.181102 -0.251969 
vn 0.96063 -0.133858 -0.251969 
vn 0.944882 -0.188976 -0.259843 
vn 0.929134 -0.291339 -0.228346 
vn 0.944882 -0.23622 -0.244094 
vn 0.944882 -0.188976 -0.259843 
vn 0.850394 -0.133858 -0.511811 
vn 0.850394 -0.141732 -0.503937 
vn 0.858268 -0.0708661 -0.511811 
vn 0.858268 -0.0708661 -0.511811 
vn 0.866142 -0.015748 -0.503937 
vn 0.850394 -0.133858 -0.511811 
vn 0.992126 -0.133858 -0.00787402 
vn 0.976378 -0.204724 -0.0551181 
vn 0.976378 -0.204724 0.00787402 
vn 0.992126 -0.133858 -0.00787402 
vn 0.992126 -0.110236 -0.0629921 
vn 1 -0.0393701 -0.0629921 
vn 0.968504 -0.133858 0.204724 
vn 0.976378 -0.015748 0.228346 
vn 0.976378 -0.00787402 0.228346 
vn 0.968504 -0.133858 0.204724 
vn 0.968504 -0.133858 0.204724 
vn 0.968504 -0.181102 0.188976 
vn 0.968504 -0.181102 0.188976 
vn 0.897638 0.0314961 0.440945 
vn 0.889764 0.0787402 0.456693 
vn 0.897638 0.0314961 0.440945 
vn 0.889764 0.0866142 0.456693 
vn 0.889764 0 0.456693 
vn 0.897638 0.0314961 0.440945 
vn 0.850394 -0.0393701 0.519685 
vn 0.732283 0.637795 0.251969 
vn 0.527559 0.834646 0.165354 
vn 0.708661 0.653543 0.251969 
vn 0.566929 0.80315 0.19685 
vn 0.377953 0.92126 0.0551181 
vn 0.527559 0.834646 0.165354 
vn 0.346457 0.937008 0.023622 
vn 0.992126 -0.149606 0 
vn 0.984252 -0.15748 -0.023622 
vn 0.992126 -0.149606 0.015748 
vn 0.984252 -0.149606 -0.023622 
vn 0.984252 -0.15748 -0.0314961 
vn 0.984252 -0.15748 -0.023622 
vn 0.992126 -0.125984 0.0472441 
vn 0.992126 -0.102362 0.0629921 
vn 1 -0.0314961 0.0551181 
vn 0.992126 -0.125984 0.0472441 
vn 0.992126 -0.125984 0.0472441 
vn 0.992126 -0.149606 0.015748 
vn 0.992126 -0.149606 0 
vn 0.228346 0.929134 0.299213 
vn 0.188976 0.976378 0.0708661 
vn 0.188976 0.976378 0.0629921 
vn 0.228346 0.92126 0.314961 
vn 0.228346 0.929134 -0.299213 
vn 0.188976 0.976378 -0.0708661 
vn 0.228346 0.92126 -0.314961 
vn 0.188976 0.976378 -0.0629921 
vn 0.984252 -0.15748 -0.023622 
vn 0.992126 -0.149606 0 
vn 0.984252 -0.149606 -0.023622 
vn 0.535433 -0.0708661 -0.84252 
vn 0.582677 -0.188976 -0.787402 
vn 0.606299 -0.0472441 -0.795276 
vn 0.527559 -0.0708661 -0.84252 
vn 1 -0.0393701 -0.0629921 
vn 1 -0.015748 -0.0787402 
vn 0.992126 -0.110236 -0.0629921 
vn 0.188976 0.976378 -0.0629921 
vn 0.19685 0.96063 0.204724 
vn 0.188976 0.976378 -0.0708661 
vn 0.19685 0.96063 0.212598 
vn 0.188976 0.976378 0.0629921 
vn 0.19685 0.96063 -0.204724 
vn 0.19685 0.96063 -0.212598 
vn 0.188976 0.976378 0.0708661 
vn 0.606299 -0.0472441 -0.795276 
vn 0.582677 -0.188976 -0.787402 
vn 0.606299 -0.00787402 -0.795276 
vn 0.472441 0.834646 0.283465 
vn 0.755906 0.606299 0.228346 
vn 0.755906 0.614173 0.228346 
vn 0.496063 0.826772 0.275591 
vn 0.858268 0.00787402 0.519685 
vn 0.858268 -0.00787402 0.511811 
vn 0.834646 0.0472441 0.551181 
vn 0.866142 -0.125984 0.480315 
vn 0.858268 -0.00787402 0.511811 
vn 0.874016 -0.165354 0.448819 
vn 0.559055 0.818898 0.11811 
vn 0.692913 0.645669 0.322835 
vn 0.708661 0.614173 0.346457 
vn 0.543307 0.834646 0.0787402 
vn 0.598425 0.787402 -0.125984 
vn 0.574803 0.811024 -0.0944882 
vn 0.464567 0.88189 0.0787402 
vn 0.425197 0.897638 0.133858 
vn -0.653543 -0.748031 0.11811 
vn -0.685039 -0.732283 -0.00787402 
vn -0.685039 -0.732283 -0.023622 
vn -0.740157 -0.637795 -0.220472 
vn -0.685039 -0.732283 -0.023622 
vn -0.740157 -0.629921 -0.228346 
vn -0.653543 -0.748031 -0.11811 
vn -0.685039 -0.732283 0.023622 
vn -0.685039 -0.732283 0.00787402 
vn -0.685039 -0.732283 0.023622 
vn -0.740157 -0.637795 0.220472 
vn -0.740157 -0.629921 0.228346 
vn 0.992126 -0.125984 0.0629921 
vn 0.992126 -0.125984 0.0708661 
vn 0.984252 -0.141732 0.0708661 
vn 0.291339 0.834646 0.464567 
vn 0.401575 0.732283 0.551181 
vn 0.401575 0.732283 0.551181 
vn 0.299213 0.826772 0.472441 
vn 0.228346 0.92126 0.314961 
vn 0.291339 0.834646 0.464567 
vn 0.228346 0.929134 0.299213 
vn 0.874016 -0.0472441 0.480315 
vn 0.88189 0 0.464567 
vn 0.866142 -0.0629921 0.496063 
vn 0.88189 0 0.464567 
vn 0.826772 -0.149606 0.543307 
vn 0.874016 -0.0472441 0.480315 
vn 0.826772 -0.149606 0.543307 
vn 1 -0.0314961 0.0551181 
vn 0.992126 -0.102362 0.0629921 
vn 1 -0.00787402 0.0472441 
vn 0.291339 0.834646 -0.464567 
vn 0.401575 0.732283 -0.551181 
vn 0.401575 0.732283 -0.551181 
vn 0.299213 0.826772 -0.472441 
vn 0.291339 0.834646 -0.464567 
vn 0.228346 0.92126 -0.314961 
vn 0.228346 0.929134 -0.299213 
vn 0.346457 0.897638 -0.259843 
vn 0.440945 0.889764 -0.11811 
vn 0.440945 0.889764 -0.110236 
vn 0.338583 0.897638 -0.267717 
vn 0.543307 0.834646 0.0787402 
vn 0.440945 0.889764 -0.11811 
vn 0.559055 0.818898 0.11811 
vn 0.385827 0.866142 0.314961 
vn 0.385827 0.84252 0.370079 
vn 0.346457 0.92126 0.173228 
vn 0.346457 0.92126 0.165354 
vn 0.346457 0.92126 0.173228 
vn 0.275591 0.96063 -0.0314961 
vn 0.275591 0.96063 -0.023622 
vn 0.992126 -0.125984 0.0708661 
vn 0.992126 -0.125984 0.0629921 
vn 0.992126 -0.110236 0.0708661 
vn 0.377953 0.92126 0.0551181 
vn 0.251969 0.96063 -0.0787402 
vn 0.346457 0.937008 0.023622 
vn 0.220472 0.968504 -0.125984 
vn 0.181102 0.968504 -0.188976 
vn 0.251969 0.96063 -0.0787402 
vn 0.889764 0.0787402 0.456693 
vn 0.858268 0.181102 0.472441 
vn 0.889764 0.0866142 0.456693 
vn 0.850394 0.204724 0.480315 
vn 0.84252 0.480315 0.251969 
vn 0.708661 0.653543 0.251969 
vn 0.834646 0.496063 0.251969 
vn 0.732283 0.637795 0.251969 
vn 0.330709 0.937008 -0.11811 
vn 0.275591 0.96063 0.102362 
vn 0.275591 0.96063 0.102362 
vn 0.338583 0.929134 -0.125984 
vn 0.377953 0.88189 -0.275591 
vn 0.330709 0.937008 -0.11811 
vn 0.338583 0.929134 -0.125984 
vn 0.385827 0.858268 -0.346457 
vn -0.740157 -0.629921 -0.228346 
vn -0.818898 -0.425197 -0.385827 
vn -0.818898 -0.425197 -0.385827 
vn -0.740157 -0.637795 -0.220472 
vn 0.464567 0.88189 0.0787402 
vn 0.425197 0.897638 0.133858 
vn 0.330709 0.889764 0.307087 
vn 0.267717 0.866142 0.417323 
vn 0.503937 0.787402 -0.354331 
vn 0.472441 0.80315 -0.354331 
vn 0.724409 0.590551 -0.346457 
vn 0.740157 0.574803 -0.354331 
vn -0.740157 -0.629921 0.228346 
vn -0.818898 -0.425197 0.385827 
vn -0.740157 -0.637795 0.220472 
vn -0.818898 -0.425197 0.385827 
vn -0.0787402 0.984252 0.133858 
vn -0.0393701 0.992126 -0.133858 
vn -0.0393701 0.992126 -0.141732 
vn -0.0787402 0.984252 0.149606 
vn 0.480315 -0.015748 0.874016 
vn 0.519685 -0.125984 0.84252 
vn 0.480315 -0.015748 0.874016 
vn 0.519685 -0.133858 0.84252 
vn 0.992126 -0.133858 -0.00787402 
vn 0.976378 -0.204724 0.00787402 
vn 0.992126 -0.110236 0.0708661 
vn 0.992126 -0.125984 0.0708661 
vn 0.834646 0.0314961 0.551181 
vn 0.858268 0 0.511811 
vn 0.858268 0 0.511811 
vn 0.826772 0.0314961 0.559055 
vn 0.858268 0 0.511811 
vn 0.88189 0 0.464567 
vn 0.88189 0 0.464567 
vn 0.244094 0.905512 0.346457 
vn 0.496063 0.826772 0.275591 
vn 0.472441 0.834646 0.283465 
vn 0.23622 0.905512 0.354331 
vn 0.385827 0.866142 0.314961 
vn 0.401575 0.76378 0.511811 
vn 0.385827 0.84252 0.370079 
vn 0.401575 0.700787 0.590551 
vn 0.275591 0.96063 -0.0314961 
vn 0.228346 0.96063 -0.149606 
vn 0.228346 0.96063 -0.149606 
vn 0.275591 0.96063 -0.023622 
vn 0.409449 0.771654 -0.488189 
vn 0.377953 0.88189 -0.275591 
vn 0.385827 0.858268 -0.346457 
vn 0.425197 0.708661 -0.566929 
vn -0.0787402 0.984252 0.133858 
vn -0.11811 0.929134 0.354331 
vn -0.0787402 0.984252 0.149606 
vn -0.11811 0.929134 0.354331 
vn -0.102362 0.858268 0.496063 
vn -0.0944882 0.818898 0.566929 
vn -0.0708661 0.96063 0.259843 
vn 0.023622 1 0.0314961 
vn 0.0314961 1 -0.0551181 
vn -0.0787402 0.96063 0.275591 
vn 0.244094 0.897638 -0.377953 
vn 0.503937 0.787402 -0.354331 
vn 0.244094 0.889764 -0.377953 
vn 0.472441 0.80315 -0.354331 
vn 0.511811 -0.0551181 0.858268 
vn 0.425197 0.133858 0.897638 
vn 0.511811 -0.0629921 0.858268 
vn 0.409449 0.15748 0.897638 
vn 0.511811 -0.0629921 0.858268 
vn 0.519685 -0.133858 0.84252 
vn 0.519685 -0.125984 0.84252 
vn -0.220472 -0.362205 0.905512 
vn 0.259843 -0.440945 0.858268 
vn 0.393701 -0.440945 0.80315 
vn 0.834646 0.0472441 0.551181 
vn 0.818898 0.0393701 0.566929 
vn 0.826772 0.0629921 0.559055 
vn 0.818898 0.0393701 0.566929 
vn 0.23622 0.944882 0.244094 
vn 0.23622 0.944882 0.244094 
vn 0.275591 0.96063 0.102362 
vn 0.275591 0.96063 0.102362 
vn 0.968504 -0.00787402 -0.259843 
vn 0.96063 0.125984 -0.244094 
vn 0.968504 -0.015748 -0.259843 
vn 0.96063 0.141732 -0.244094 
vn 0.96063 -0.133858 -0.251969 
vn 0.968504 -0.00787402 -0.259843 
vn 0.96063 -0.141732 -0.251969 
vn 0.748031 0.582677 -0.307087 
vn 0.732283 0.622047 -0.291339 
vn 0.598425 0.787402 -0.125984 
vn 0.574803 0.811024 -0.0944882 
vn 0.850394 0.393701 -0.362205 
vn 0.732283 0.622047 -0.291339 
vn 0.84252 0.401575 -0.362205 
vn 0.370079 0.929134 -0.0393701 
vn 0.393701 0.905512 0.165354 
vn 0.377953 0.929134 -0.023622 
vn 0.393701 0.897638 0.19685 
vn 0.393701 0.905512 0.165354 
vn 0.401575 0.834646 0.377953 
vn 0.401575 0.826772 0.401575 
vn 0.818898 0.0393701 0.566929 
vn 0.818898 0.110236 0.566929 
vn 0.818898 0.0393701 0.566929 
vn 0.818898 0.110236 0.566929 
vn 0.874016 0 -0.488189 
vn 0.88189 -0.0787402 -0.464567 
vn 0.858268 0.0866142 -0.503937 
vn 0.858268 0.0551181 -0.511811 
vn 0.905512 0.354331 0.23622 
vn 0.755906 0.606299 0.228346 
vn 0.905512 0.346457 0.23622 
vn 0.755906 0.614173 0.228346 
vn 0.023622 1 0.0314961 
vn 0.0708661 0.976378 -0.220472 
vn 0.0314961 1 -0.0551181 
vn 0.401575 0.732283 0.551181 
vn 0.519685 0.598425 0.614173 
vn 0.519685 0.590551 0.614173 
vn 0.401575 0.732283 0.551181 
vn 0.606299 0.425197 0.669291 
vn 0.519685 0.590551 0.614173 
vn 0.614173 0.409449 0.677165 
vn 0.181102 0.874016 0.456693 
vn 0.0314961 0.96063 0.275591 
vn 0.212598 0.850394 0.480315 
vn 0.00787402 0.968504 0.244094 
vn 0.519685 0.598425 -0.614173 
vn 0.401575 0.732283 -0.551181 
vn 0.519685 0.590551 -0.614173 
vn 0.401575 0.732283 -0.551181 
vn 0.519685 0.590551 -0.614173 
vn 0.606299 0.425197 -0.669291 
vn 0.614173 0.409449 -0.677165 
vn 0.370079 0.929134 -0.0393701 
vn 0.338583 0.92126 -0.188976 
vn 0.338583 0.92126 -0.204724 
vn 0.377953 0.929134 -0.023622 
vn 0.84252 0.0551181 -0.535433 
vn 0.834646 0.133858 -0.535433 
vn 0.834646 0.133858 -0.535433 
vn 0.84252 0.0551181 -0.535433 
vn 0.84252 0.0551181 -0.535433 
vn 0.850394 0.0944882 -0.519685 
vn 0.858268 0.0551181 -0.511811 
vn 0.858268 0.0314961 -0.511811 
vn 0.866142 -0.015748 -0.503937 
vn 0.858268 -0.0708661 -0.511811 
vn 0.858268 0.0314961 -0.511811 
vn 0.795276 0.125984 -0.598425 
vn 0.755906 0.259843 -0.598425 
vn 0.795276 0.0787402 -0.606299 
vn 0.748031 0.275591 -0.606299 
vn 0.787402 -0.0551181 -0.614173 
vn 0.795276 0.125984 -0.598425 
vn 0.787402 -0.0944882 -0.614173 
vn 0.787402 -0.0944882 -0.614173 
vn 0.811024 -0.0708661 -0.582677 
vn 0.811024 -0.0708661 -0.582677 
vn 0.834646 0.00787402 -0.543307 
vn 0.811024 -0.0708661 -0.582677 
vn 0.84252 0.015748 -0.543307 
vn 0.834646 0.00787402 -0.543307 
vn 0.858268 0.0314961 -0.511811 
vn 0.84252 0.015748 -0.543307 
vn 0.858268 0.0314961 -0.511811 
vn 0.173228 0.889764 -0.433071 
vn 0.212598 0.858268 -0.464567 
vn -0.023622 0.968504 -0.251969 
vn -0.0551181 0.976378 -0.228346 
vn -0.11811 0.968504 0.23622 
vn -0.125984 0.992126 0.0393701 
vn -0.11811 0.968504 0.23622 
vn -0.125984 0.992126 -0.0314961 
vn 0.259843 0.897638 -0.362205 
vn 0.338583 0.897638 -0.267717 
vn 0.346457 0.897638 -0.259843 
vn 0.00787402 0.952756 0.307087 
vn 0.23622 0.905512 0.354331 
vn 0.0393701 0.944882 0.322835 
vn 0.244094 0.905512 0.346457 
vn 0.23622 0.905512 0.354331 
vn -0.0393701 0.992126 -0.141732 
vn -0.0393701 0.897638 -0.433071 
vn -0.0472441 0.889764 -0.448819 
vn -0.0393701 0.992126 -0.133858 
vn -0.19685 0.850394 0.496063 
vn -0.0787402 0.96063 0.275591 
vn -0.0708661 0.96063 0.259843 
vn -0.228346 0.811024 0.535433 
vn 0.377953 0.685039 0.622047 
vn 0.212598 0.850394 0.480315 
vn 0.393701 0.661417 0.629921 
vn 0.181102 0.874016 0.456693 
vn 0.503937 0.488189 0.708661 
vn 0.377953 0.685039 0.622047 
vn 0.503937 0.488189 0.708661 
vn -0.204724 0.976378 0.0472441 
vn -0.251969 0.913386 -0.307087 
vn -0.204724 0.976378 0.0472441 
vn -0.125984 0.905512 0.409449 
vn 0.401575 0.700787 0.590551 
vn 0.401575 0.76378 0.511811 
vn 0.409449 0.590551 0.700787 
vn 0.417323 0.503937 0.755906 
vn 0.0708661 0.976378 -0.220472 
vn -0.015748 0.913386 -0.409449 
vn 0 0.929134 -0.362205 
vn 0.0314961 1 -0.0551181 
vn 0.244094 0.889764 -0.377953 
vn 0.0472441 0.937008 -0.354331 
vn 0.244094 0.897638 -0.377953 
vn 0.826772 0.0629921 0.559055 
vn 0.858268 0.00787402 0.519685 
vn 0.834646 0.0472441 0.551181 
vn 0.0314961 0.96063 0.275591 
vn 0.00787402 0.968504 0.244094 
vn -0.110236 0.992126 0.0866142 
vn -0.188976 0.984252 0.00787402 
vn -0.251969 0.913386 -0.307087 
vn -0.275591 0.779528 -0.559055 
vn -0.259843 0.913386 -0.307087 
vn -0.204724 0.976378 0.0472441 
vn -0.220472 0.976378 -0.0629921 
vn -0.212598 0.976378 -0.0787402 
vn -0.259843 0.913386 0.307087 
vn -0.173228 0.88189 -0.440945 
vn -0.102362 0.858268 0.496063 
vn -0.0944882 0.818898 0.566929 
vn -0.102362 0.748031 0.661417 
vn 0.866142 0.346457 -0.362205 
vn 0.740157 0.574803 -0.354331 
vn 0.866142 0.354331 -0.362205 
vn 0.724409 0.590551 -0.346457 
vn -0.15748 0.889764 0.433071 
vn -0.11811 0.968504 0.23622 
vn -0.11811 0.968504 0.23622 
vn -0.165354 0.88189 0.448819 
vn 0.818898 0.0866142 0.566929 
vn 0.771654 0.251969 0.582677 
vn 0.811024 0.11811 0.574803 
vn 0.76378 0.267717 0.582677 
vn 0.826772 0.0314961 0.559055 
vn 0.811024 0.11811 0.574803 
vn 0.834646 0.0314961 0.551181 
vn 0.448819 0.590551 -0.677165 
vn 0.425197 0.708661 -0.566929 
vn 0.456693 0.503937 -0.732283 
vn 0.409449 0.771654 -0.488189 
vn -0.259843 0.913386 0.307087 
vn -0.259843 0.92126 0.299213 
vn -0.275591 0.76378 0.582677 
vn -0.212598 0.976378 -0.0787402 
vn -0.346457 0.937008 0.00787402 
vn -0.259843 0.92126 -0.291339 
vn -0.251969 0.913386 -0.322835 
vn -0.354331 0.929134 0.0393701 
vn 0.976378 -0.015748 0.228346 
vn 0.968504 0.133858 0.220472 
vn 0.976378 -0.00787402 0.228346 
vn 0.968504 0.149606 0.212598 
vn 0.330709 0.905512 -0.259843 
vn 0.338583 0.92126 -0.204724 
vn 0.330709 0.905512 -0.259843 
vn 0.338583 0.92126 -0.188976 
vn 0.692913 0.314961 0.645669 
vn 0.582677 0.496063 0.637795 
vn 0.685039 0.322835 0.645669 
vn 0.598425 0.472441 0.645669 
vn 0.685039 0.322835 0.645669 
vn 0.76378 0.0708661 0.637795 
vn 0.76378 0.102362 0.637795 
vn 0.779528 -0.125984 0.614173 
vn 0.76378 0.0708661 0.637795 
vn 0.779528 -0.173228 0.598425 
vn 0.377953 0.692913 -0.614173 
vn 0.401575 0.669291 -0.629921 
vn 0.212598 0.858268 -0.464567 
vn 0.173228 0.889764 -0.433071 
vn 0.377953 0.692913 -0.614173 
vn 0.511811 0.488189 -0.708661 
vn 0.511811 0.488189 -0.708661 
vn -0.204724 0.818898 -0.535433 
vn -0.251969 0.913386 -0.322835 
vn -0.19685 0.84252 -0.496063 
vn -0.259843 0.92126 -0.291339 
vn 0.0472441 0.937008 -0.354331 
vn 0.244094 0.889764 -0.377953 
vn 0.00787402 0.937008 -0.338583 
vn 0.19685 0.755906 0.622047 
vn 0.204724 0.850394 0.488189 
vn 0.204724 0.84252 0.496063 
vn 0.204724 0.850394 0.488189 
vn 0.19685 0.96063 0.212598 
vn 0.19685 0.96063 0.204724 
vn -0.125984 0.992126 -0.0314961 
vn -0.133858 0.976378 -0.15748 
vn -0.125984 0.992126 0.0393701 
vn 0.582677 0.496063 -0.645669 
vn 0.692913 0.314961 -0.653543 
vn 0.685039 0.322835 -0.653543 
vn 0.598425 0.472441 -0.645669 
vn 0.76378 0.0708661 -0.637795 
vn 0.685039 0.322835 -0.653543 
vn 0.755906 0.102362 -0.645669 
vn 0.779528 -0.125984 -0.614173 
vn 0.76378 0.0708661 -0.637795 
vn 0.779528 -0.173228 -0.598425 
vn 0.818898 0.393701 0.417323 
vn 0.692913 0.645669 0.322835 
vn 0.811024 0.409449 0.417323 
vn 0.708661 0.614173 0.346457 
vn 0.88189 0.251969 0.401575 
vn 0.818898 0.393701 0.417323 
vn 0.889764 0.23622 0.401575 
vn 0.19685 0.755906 -0.622047 
vn 0.204724 0.84252 -0.496063 
vn 0.204724 0.850394 -0.488189 
vn 0.19685 0.96063 -0.212598 
vn 0.204724 0.850394 -0.488189 
vn 0.19685 0.96063 -0.204724 
vn 0.834646 0.496063 0.251969 
vn 0.905512 0.338583 0.259843 
vn 0.905512 0.330709 0.267717 
vn 0.84252 0.480315 0.251969 
vn 0.929134 0.188976 0.307087 
vn 0.905512 0.330709 0.267717 
vn 0.929134 0.181102 0.307087 
vn 0.929134 0.188976 0.307087 
vn 0.937008 0.0866142 0.330709 
vn 0.944882 0.0472441 0.330709 
vn 0.850394 0.204724 0.480315 
vn 0.80315 0.338583 0.480315 
vn 0.80315 0.354331 0.480315 
vn 0.858268 0.181102 0.472441 
vn 0.370079 0.708661 0.606299 
vn 0.401575 0.826772 0.401575 
vn 0.370079 0.716535 0.590551 
vn 0.401575 0.834646 0.377953 
vn 0.307087 0.582677 0.755906 
vn 0.370079 0.708661 0.606299 
vn 0.291339 0.527559 0.795276 
vn -0.133858 0.968504 -0.204724 
vn -0.133858 0.976378 -0.15748 
vn -0.133858 0.968504 -0.204724 
vn -0.125984 0.992126 -0.0314961 
vn 0.527559 -0.0708661 -0.84252 
vn 0.535433 -0.0708661 -0.84252 
vn 0.417323 0.149606 -0.897638 
vn 0.409449 0.165354 -0.897638 
vn 0.818898 0.110236 0.566929 
vn 0.795276 0.275591 0.543307 
vn 0.818898 0.110236 0.566929 
vn 0.795276 0.267717 0.551181 
vn 0.984252 0.133858 -0.0787402 
vn 0.96063 0.267717 -0.0787402 
vn 0.984252 0.141732 -0.0787402 
vn 0.96063 0.267717 -0.0787402 
vn 1 -0.015748 -0.0787402 
vn 0.984252 0.133858 -0.0787402 
vn 1 -0.0393701 -0.0629921 
vn 0.952756 0.181102 0.23622 
vn 0.905512 0.346457 0.23622 
vn 0.952756 0.181102 0.23622 
vn 0.905512 0.354331 0.23622 
vn -0.0787402 0.708661 0.700787 
vn -0.0944882 0.818898 0.566929 
vn -0.015748 0.653543 0.755906 
vn -0.102362 0.748031 0.661417 
vn 0.653543 0.228346 0.716535 
vn 0.614173 0.409449 0.677165 
vn 0.653543 0.23622 0.716535 
vn 0.606299 0.425197 0.669291 
vn 0.96063 0.267717 0.0472441 
vn 0.992126 0.133858 0.0472441 
vn 0.992126 0.141732 0.0472441 
vn 0.96063 0.267717 0.0472441 
vn 0.992126 0.133858 0.0472441 
vn 1 -0.00787402 0.0472441 
vn 1 -0.0314961 0.0551181 
vn 0.850394 0.0944882 -0.519685 
vn 0.858268 0.0551181 -0.511811 
vn 0.858268 0.0866142 -0.503937 
vn -0.023622 0.968504 -0.251969 
vn -0.259843 0.96063 -0.0472441 
vn -0.0551181 0.976378 -0.228346 
vn -0.228346 0.968504 -0.0787402 
vn -0.0944882 0.952756 -0.291339 
vn 0.0472441 0.937008 -0.354331 
vn 0.00787402 0.937008 -0.338583 
vn 0.653543 0.23622 -0.716535 
vn 0.606299 0.425197 -0.669291 
vn 0.614173 0.409449 -0.677165 
vn 0.653543 0.228346 -0.716535 
vn -0.133858 0.96063 0.228346 
vn 0.00787402 0.952756 0.307087 
vn 0.0393701 0.944882 0.322835 
vn -0.149606 0.92126 -0.370079 
vn -0.133858 0.984252 -0.11811 
vn -0.133858 0.984252 -0.125984 
vn -0.149606 0.92126 -0.354331 
vn -0.133858 0.984252 -0.125984 
vn -0.173228 0.976378 0.11811 
vn -0.173228 0.976378 0.125984 
vn -0.15748 0.76378 -0.622047 
vn -0.149606 0.92126 -0.370079 
vn -0.15748 0.771654 -0.614173 
vn -0.149606 0.535433 -0.826772 
vn -0.15748 0.76378 -0.622047 
vn -0.149606 0.543307 -0.826772 
vn -0.204724 0.944882 0.267717 
vn -0.204724 0.944882 0.267717 
vn -0.173228 0.976378 0.11811 
vn -0.173228 0.976378 0.125984 
vn 0.574803 0.307087 0.76378 
vn 0.503937 0.488189 0.708661 
vn 0.503937 0.488189 0.708661 
vn 0.574803 0.307087 0.76378 
vn 0.188976 0.818898 0.543307 
vn 0.330709 0.889764 0.307087 
vn 0.267717 0.866142 0.417323 
vn -0.472441 0.88189 -0.015748 
vn -0.480315 0.874016 0.0787402 
vn -0.472441 0.858268 0.204724 
vn 0.834646 0.133858 -0.535433 
vn 0.80315 0.283465 -0.519685 
vn 0.80315 0.275591 -0.527559 
vn 0.834646 0.133858 -0.535433 
vn -0.15748 0.913386 0.377953 
vn -0.204724 0.976378 0.0472441 
vn -0.125984 0.905512 0.409449 
vn -0.125984 0.84252 0.519685 
vn 0.834646 0.393701 0.385827 
vn 0.779528 0.480315 0.409449 
vn 0.779528 0.456693 0.433071 
vn 0.84252 0.377953 0.393701 
vn 0.905512 0.110236 0.417323 
vn 0.834646 0.393701 0.385827 
vn 0.905512 0.11811 0.409449 
vn 0.913386 -0.015748 0.401575 
vn 0.905512 0.110236 0.417323 
vn 0.944882 0.0472441 0.330709 
vn -0.275591 0.779528 -0.559055 
vn -0.307087 0.629921 -0.716535 
vn -0.291339 0.76378 -0.574803 
vn -0.259843 0.913386 -0.307087 
vn 0.937008 0.0866142 0.330709 
vn 0.944882 0.0472441 0.330709 
vn 0.913386 -0.015748 0.401575 
vn -0.0787402 0.708661 0.700787 
vn -0.015748 0.653543 0.755906 
vn -0.00787402 0.606299 0.795276 
vn -0.204724 0.818898 -0.535433 
vn -0.220472 0.724409 -0.653543 
vn -0.228346 0.669291 -0.708661 
vn -0.204724 0.598425 -0.771654 
vn -0.19685 0.84252 -0.496063 
vn -0.220472 0.724409 -0.653543 
vn 0.913386 0.102362 0.385827 
vn 0.889764 0.23622 0.401575 
vn 0.913386 0.133858 0.385827 
vn 0.88189 0.251969 0.401575 
vn -0.472441 0.858268 0.204724 
vn -0.480315 0.874016 0.0787402 
vn -0.456693 0.811024 0.362205 
vn -0.456693 0.811024 0.370079 
vn 0.582677 0.299213 -0.755906 
vn 0.511811 0.488189 -0.708661 
vn 0.582677 0.299213 -0.755906 
vn 0.511811 0.488189 -0.708661 
vn -0.866142 -0.220472 -0.448819 
vn -0.818898 -0.425197 -0.385827 
vn -0.866142 -0.220472 -0.448819 
vn -0.818898 -0.425197 -0.385827 
vn 0.92126 0.19685 -0.346457 
vn 0.866142 0.346457 -0.362205 
vn 0.866142 0.354331 -0.362205 
vn 0.913386 0.204724 -0.354331 
vn 0.92126 0.19685 -0.346457 
vn 0.952756 0.102362 -0.291339 
vn 0.96063 0.0944882 -0.267717 
vn -0.275591 0.76378 0.582677 
vn -0.283465 0.76378 0.582677 
vn -0.267717 0.622047 0.732283 
vn -0.259843 0.92126 0.299213 
vn 0.480315 0.393701 -0.779528 
vn 0.448819 0.590551 -0.677165 
vn 0.456693 0.503937 -0.732283 
vn 0.503937 0.330709 -0.795276 
vn 0.84252 0.401575 -0.362205 
vn 0.897638 0.251969 -0.354331 
vn 0.897638 0.259843 -0.354331 
vn 0.850394 0.393701 -0.362205 
vn 0.897638 0.251969 -0.354331 
vn 0.913386 0.15748 -0.377953 
vn 0.913386 0.149606 -0.377953 
vn 0.913386 0.0551181 -0.401575 
vn 0.913386 0.15748 -0.377953 
vn 0.913386 0.0629921 -0.401575 
vn -0.456693 0.866142 -0.220472 
vn -0.480315 0.874016 0.0787402 
vn -0.472441 0.88189 -0.015748 
vn -0.456693 0.866142 -0.212598 
vn 0.724409 0.692913 -0.023622 
vn 0.645669 0.716535 0.267717 
vn 0.645669 0.716535 0.259843 
vn 0.724409 0.692913 -0.015748 
vn 0.598425 0.559055 -0.566929 
vn 0.614173 0.622047 -0.480315 
vn 0.637795 0.622047 -0.464567 
vn 0.574803 0.511811 -0.637795 
vn 0.637795 0.622047 -0.464567 
vn 0.685039 0.645669 -0.330709 
vn -0.480315 0.874016 0.110236 
vn -0.464567 0.874016 0.11811 
vn -0.330709 0.850394 0.417323 
vn -0.480315 0.874016 0.110236 
vn -0.582677 0.771654 -0.251969 
vn -0.582677 0.771654 -0.244094 
vn -0.866142 -0.220472 0.448819 
vn -0.818898 -0.425197 0.385827 
vn -0.866142 -0.220472 0.448819 
vn -0.818898 -0.425197 0.385827 
vn 0.685039 0.645669 -0.330709 
vn 0.716535 0.653543 -0.23622 
vn 0.637795 0.622047 -0.464567 
vn 0.724409 0.661417 -0.181102 
vn -0.0787402 0.559055 0.826772 
vn -0.00787402 0.606299 0.795276 
vn -0.015748 0.653543 0.755906 
vn -0.0472441 0.574803 0.818898 
vn 0.622047 0.0314961 0.779528 
vn 0.653543 0.228346 0.716535 
vn 0.645669 0.0944882 0.755906 
vn 0.653543 0.23622 0.716535 
vn -0.385827 0.716535 0.582677 
vn -0.385827 0.716535 0.582677 
vn -0.417323 0.787402 0.448819 
vn -0.425197 0.80315 0.425197 
vn -0.456693 0.88189 0.102362 
vn -0.417323 0.787402 0.448819 
vn -0.464567 0.88189 0.0944882 
vn -0.456693 0.88189 0.102362 
vn -0.480315 0.826772 -0.283465 
vn -0.480315 0.826772 -0.283465 
vn -0.417323 0.834646 0.346457 
vn -0.354331 0.929134 0.0393701 
vn -0.346457 0.937008 0.00787402 
vn -0.425197 0.818898 0.377953 
vn -0.165354 0.771654 -0.614173 
vn -0.181102 0.874016 -0.456693 
vn -0.165354 0.771654 -0.614173 
vn -0.173228 0.88189 -0.440945 
vn -0.181102 0.874016 -0.456693 
vn -0.220472 0.976378 -0.0629921 
vn 0.724409 0.692913 -0.015748 
vn 0.716535 0.653543 -0.23622 
vn 0.724409 0.661417 -0.181102 
vn 0.724409 0.692913 -0.023622 
vn 0.976378 0.0629921 0.220472 
vn 0.952756 0.181102 0.23622 
vn 0.976378 0.0708661 0.220472 
vn 0.952756 0.181102 0.23622 
vn 0.976378 0.015748 0.204724 
vn 0.976378 0.0629921 0.220472 
vn 0.976378 0.0629921 0.220472 
vn -0.267717 0.96063 -0.0787402 
vn -0.110236 0.992126 0.0866142 
vn -0.188976 0.984252 0.00787402 
vn 0.661417 0.15748 -0.732283 
vn 0.606299 -0.0472441 -0.795276 
vn 0.606299 -0.00787402 -0.795276 
vn 0.661417 0.15748 -0.732283 
vn 0.645669 0.0944882 -0.755906 
vn 0.653543 0.23622 -0.716535 
vn 0.653543 0.228346 -0.716535 
vn 0.622047 0.0314961 -0.779528 
vn 0.937008 0.0393701 0.346457 
vn 0.913386 0.102362 0.385827 
vn 0.929134 0.0472441 0.362205 
vn 0.913386 0.133858 0.385827 
vn -0.188976 0.866142 0.456693 
vn -0.15748 0.913386 0.377953 
vn -0.125984 0.84252 0.519685 
vn -0.456693 0.811024 0.370079 
vn -0.456693 0.811024 0.362205 
vn -0.440945 0.732283 0.511811 
vn -0.440945 0.732283 0.511811 
vn 0.976378 0.0551181 -0.220472 
vn 0.968504 0.0472441 -0.228346 
vn 0.968504 0.0787402 -0.228346 
vn 0.96063 0.0944882 -0.267717 
vn 0.952756 0.102362 -0.291339 
vn 0.968504 0.0787402 -0.228346 
vn 0.96063 0.11811 0.259843 
vn 0.937008 0.0393701 0.346457 
vn 0.952756 0.0944882 0.275591 
vn 0.929134 0.0472441 0.362205 
vn 0.976378 0.0629921 0.220472 
vn 0.976378 0.015748 0.204724 
vn 0.968504 0.0708661 0.220472 
vn 0.952756 0.204724 -0.212598 
vn 0.96063 0.173228 -0.220472 
vn 0.968504 0.0787402 -0.228346 
vn 0.976378 0.0551181 -0.220472 
vn 0.952756 0.212598 0.212598 
vn 0.968504 0.0708661 0.220472 
vn 0.96063 0.188976 0.220472 
vn 0.976378 0.0629921 0.220472 
vn -0.708661 0.614173 0.338583 
vn -0.645669 0.637795 0.425197 
vn -0.708661 0.614173 0.338583 
vn -0.645669 0.637795 0.425197 
vn -0.582677 0.622047 0.519685 
vn -0.645669 0.637795 0.425197 
vn -0.582677 0.622047 0.519685 
vn 0.80315 0.354331 0.480315 
vn 0.779528 0.456693 0.433071 
vn 0.779528 0.480315 0.409449 
vn 0.80315 0.338583 0.480315 
vn 0.96063 0.244094 0.149606 
vn 0.96063 0.11811 0.259843 
vn 0.96063 0.244094 0.149606 
vn 0.952756 0.0944882 0.275591 
vn -0.527559 0.834646 -0.15748 
vn -0.496063 0.826772 -0.275591 
vn -0.590551 0.811024 -0.0314961 
vn -0.637795 0.732283 0.220472 
vn -0.385827 0.795276 -0.464567 
vn -0.456693 0.866142 -0.212598 
vn -0.393701 0.811024 -0.433071 
vn -0.456693 0.866142 -0.220472 
vn -0.464567 0.874016 0.11811 
vn -0.322835 0.811024 0.488189 
vn -0.330709 0.850394 0.417323 
vn -0.267717 0.76378 0.590551 
vn -0.220472 0.732283 0.645669 
vn -0.165354 0.88189 0.448819 
vn -0.15748 0.889764 0.433071 
vn -0.220472 0.724409 0.645669 
vn -0.244094 0.511811 0.826772 
vn -0.244094 0.511811 0.826772 
vn 0.937008 0.228346 -0.275591 
vn 0.937008 0.23622 -0.267717 
vn 0.92126 0.0866142 -0.377953 
vn 0.92126 0.0708661 -0.385827 
vn 0.92126 0.0708661 -0.385827 
vn 0.92126 0.0866142 -0.377953 
vn 0.913386 0.0629921 -0.401575 
vn 0.913386 0.0551181 -0.401575 
vn 0.409449 0.590551 0.700787 
vn 0.448819 0.401575 0.795276 
vn 0.417323 0.503937 0.755906 
vn 0.488189 0.338583 0.80315 
vn 0.527559 0.251969 0.811024 
vn 0.559055 0.15748 0.818898 
vn 0.448819 0.401575 0.795276 
vn 0.566929 0.0787402 0.818898 
vn 0.559055 0.15748 0.818898 
vn 0.566929 0.015748 0.826772 
vn -0.0787402 0.559055 0.826772 
vn -0.220472 0.503937 0.834646 
vn -0.228346 0.503937 0.834646 
vn -0.0472441 0.574803 0.818898 
vn 0.307087 0.582677 0.755906 
vn 0.275591 0.448819 0.850394 
vn 0.291339 0.527559 0.795276 
vn 0.291339 0.417323 0.858268 
vn 0.535433 0.23622 -0.811024 
vn 0.480315 0.393701 -0.779528 
vn 0.503937 0.330709 -0.795276 
vn 0.566929 0.149606 -0.811024 
vn -0.559055 0.818898 -0.0944882 
vn -0.566929 0.76378 -0.314961 
vn -0.559055 0.826772 -0.0866142 
vn -0.566929 0.755906 -0.330709 
vn -0.590551 0.80315 0.0708661 
vn -0.559055 0.818898 -0.0944882 
vn -0.598425 0.787402 0.125984 
vn 0.551181 0.692913 0.456693 
vn 0.645669 0.716535 0.267717 
vn 0.551181 0.692913 0.456693 
vn 0.645669 0.716535 0.259843 
vn 0.472441 0.173228 0.866142 
vn 0.480315 -0.015748 0.874016 
vn 0.472441 0.173228 0.866142 
vn 0.480315 -0.015748 0.874016 
vn 0.472441 0.173228 0.866142 
vn 0.543307 0.314961 0.779528 
vn 0.488189 0.291339 0.818898 
vn 0.92126 0.338583 -0.204724 
vn 0.952756 0.204724 -0.212598 
vn 0.929134 0.314961 -0.204724 
vn 0.96063 0.173228 -0.220472 
vn -0.00787402 0.448819 0.889764 
vn -0.19685 0.519685 0.834646 
vn -0.110236 0.488189 0.866142 
vn 0.929134 0.322835 0.188976 
vn 0.96063 0.188976 0.220472 
vn 0.92126 0.346457 0.188976 
vn 0.952756 0.212598 0.212598 
vn -0.480315 0.826772 -0.283465 
vn -0.472441 0.692913 -0.543307 
vn -0.480315 0.826772 -0.283465 
vn -0.472441 0.692913 -0.543307 
vn -0.448819 0.551181 -0.700787 
vn -0.472441 0.692913 -0.543307 
vn -0.448819 0.551181 -0.700787 
vn 0.590551 0.102362 0.80315 
vn 0.622047 0.0314961 0.779528 
vn 0.590551 0.0866142 0.80315 
vn 0.645669 0.0944882 0.755906 
vn -0.204724 0.598425 -0.771654 
vn -0.165354 0.543307 -0.826772 
vn -0.228346 0.669291 -0.708661 
vn -0.0787402 0.472441 -0.88189 
vn 0.937008 0.283465 0.188976 
vn 0.905512 0.385827 0.181102 
vn 0.937008 0.299213 0.188976 
vn 0.929134 0.322835 0.188976 
vn 0.968504 0.149606 0.212598 
vn 0.937008 0.283465 0.188976 
vn 0.968504 0.133858 0.220472 
vn -0.015748 0.913386 -0.409449 
vn -0.11811 0.80315 -0.582677 
vn 0 0.929134 -0.362205 
vn 0.551181 0.314961 0.771654 
vn 0.590551 0.102362 0.80315 
vn 0.590551 0.0866142 0.80315 
vn 0.551181 0.322835 0.771654 
vn -0.275591 -0.23622 0.929134 
vn -0.220472 -0.362205 0.905512 
vn -0.275591 -0.23622 0.929134 
vn 0.259843 -0.440945 0.858268 
vn 0.614173 0.125984 0.779528 
vn 0.574803 0.307087 0.76378 
vn 0.574803 0.307087 0.76378 
vn 0.614173 0.125984 0.779528 
vn 0.614173 0.125984 0.779528 
vn 0.645669 0.023622 0.76378 
vn 0.645669 0.023622 0.76378 
vn 0.795276 0.267717 0.551181 
vn 0.755906 0.393701 0.527559 
vn 0.795276 0.275591 0.543307 
vn 0.700787 0.417323 0.574803 
vn -0.771654 0.582677 0.251969 
vn -0.708661 0.614173 0.338583 
vn -0.771654 0.582677 0.251969 
vn -0.708661 0.614173 0.338583 
vn 0.929134 0.314961 -0.204724 
vn 0.929134 0.283465 -0.220472 
vn 0.897638 0.385827 -0.212598 
vn 0.929134 0.299213 -0.220472 
vn 0.929134 0.283465 -0.220472 
vn 0.96063 0.141732 -0.244094 
vn 0.96063 0.125984 -0.244094 
vn 0.590551 0.0866142 -0.80315 
vn 0.645669 0.0944882 -0.755906 
vn 0.622047 0.0314961 -0.779528 
vn 0.590551 0.102362 -0.80315 
vn -0.354331 0.937008 0.0393701 
vn -0.228346 0.968504 -0.0787402 
vn -0.259843 0.96063 -0.0472441 
vn 0.661417 0.15748 -0.732283 
vn 0.748031 0.259843 -0.606299 
vn 0.661417 0.15748 -0.732283 
vn 0.724409 0.23622 -0.645669 
vn 0.787402 0.346457 -0.511811 
vn 0.748031 0.259843 -0.606299 
vn 0.393701 0.244094 0.88189 
vn 0.291339 0.417323 0.858268 
vn 0.275591 0.448819 0.850394 
vn 0.346457 0.362205 0.866142 
vn -0.330709 0.598425 0.732283 
vn -0.354331 0.716535 0.598425 
vn -0.354331 0.716535 0.606299 
vn -0.433071 0.874016 0.220472 
vn -0.354331 0.716535 0.606299 
vn -0.433071 0.874016 0.228346 
vn -0.433071 0.874016 0.220472 
vn -0.543307 0.818898 -0.204724 
vn -0.543307 0.811024 -0.212598 
vn 0.551181 0.314961 -0.771654 
vn 0.590551 0.102362 -0.80315 
vn 0.551181 0.322835 -0.771654 
vn 0.590551 0.0866142 -0.80315 
vn -0.307087 0.622047 -0.716535 
vn -0.322835 0.496063 -0.80315 
vn -0.322835 0.503937 -0.80315 
vn -0.307087 0.629921 -0.716535 
vn -0.307087 0.622047 -0.716535 
vn -0.291339 0.76378 -0.574803 
vn 0.937008 0.346457 0.0472441 
vn 0.96063 0.244094 0.149606 
vn 0.937008 0.338583 0.0551181 
vn 0.96063 0.244094 0.149606 
vn 0.519685 0.362205 -0.779528 
vn 0.590551 0.283465 -0.755906 
vn 0.598425 0.267717 -0.755906 
vn 0.519685 0.362205 -0.779528 
vn 0.527559 0.393701 -0.748031 
vn 0.551181 0.456693 -0.700787 
vn 0.574803 0.511811 -0.637795 
vn 0.598425 0.559055 -0.566929 
vn 0.527559 0.393701 -0.748031 
vn -0.897638 -0.440945 0.015748 
vn -0.897638 -0.314961 -0.299213 
vn -0.897638 -0.322835 -0.291339 
vn -0.897638 -0.433071 0.023622 
vn 0.80315 0.275591 -0.527559 
vn 0.80315 0.283465 -0.519685 
vn 0.771654 0.385827 -0.503937 
vn 0.748031 0.409449 -0.527559 
vn -0.590551 0.80315 0.0708661 
vn -0.614173 0.76378 0.188976 
vn -0.598425 0.787402 0.125984 
vn -0.897638 -0.433071 -0.023622 
vn -0.897638 -0.322835 0.291339 
vn -0.897638 -0.440945 -0.015748 
vn -0.897638 -0.314961 0.299213 
vn 0.629921 0.0629921 0.771654 
vn 0.645669 0.023622 0.76378 
vn 0.629921 0.0708661 0.771654 
vn 0.645669 0.023622 0.76378 
vn -0.582677 0.771654 -0.244094 
vn -0.606299 0.614173 -0.503937 
vn -0.582677 0.771654 -0.251969 
vn -0.606299 0.622047 -0.503937 
vn -0.614173 0.740157 0.275591 
vn -0.614173 0.76378 0.188976 
vn -0.614173 0.740157 0.275591 
vn -0.598425 0.787402 0.125984 
vn -0.622047 0.692913 0.354331 
vn -0.614173 0.740157 0.275591 
vn -0.606299 0.685039 0.401575 
vn 0.582677 0.015748 0.811024 
vn 0.622047 0.299213 0.724409 
vn 0.622047 0.0708661 0.779528 
vn 0.614173 0.338583 0.716535 
vn -0.314961 0.716535 -0.622047 
vn -0.393701 0.787402 -0.480315 
vn -0.314961 0.716535 -0.622047 
vn -0.377953 0.771654 -0.511811 
vn -0.393701 0.787402 -0.480315 
vn -0.496063 0.826772 -0.275591 
vn -0.527559 0.834646 -0.15748 
vn 0.606299 0.527559 0.590551 
vn 0.653543 0.480315 0.582677 
vn 0.716535 0.385827 0.582677 
vn 0.76378 0.267717 0.582677 
vn 0.716535 0.385827 0.582677 
vn 0.771654 0.251969 0.582677 
vn -0.0944882 0.748031 -0.661417 
vn -0.125984 0.661417 -0.740157 
vn -0.0944882 0.732283 -0.669291 
vn -0.0472441 0.889764 -0.448819 
vn -0.0944882 0.748031 -0.661417 
vn -0.0393701 0.897638 -0.433071 
vn -0.574803 0.748031 -0.338583 
vn -0.653543 0.755906 0.0393701 
vn -0.637795 0.76378 -0.00787402 
vn -0.566929 0.740157 -0.362205 
vn -0.732283 0.629921 0.267717 
vn -0.637795 0.76378 -0.00787402 
vn -0.732283 0.622047 0.275591 
vn -0.566929 0.559055 0.606299 
vn -0.582677 0.622047 0.519685 
vn -0.582677 0.622047 0.519685 
vn -0.566929 0.559055 0.606299 
vn -0.566929 0.559055 0.606299 
vn -0.606299 0.464567 0.653543 
vn -0.606299 0.456693 0.653543 
vn -0.275591 -0.23622 0.929134 
vn -0.330709 0.00787402 0.944882 
vn -0.275591 -0.23622 0.929134 
vn -0.330709 0 0.944882 
vn -0.692913 0.716535 0.0314961 
vn -0.700787 0.677165 -0.23622 
vn -0.692913 0.716535 0.0551181 
vn -0.700787 0.677165 -0.23622 
vn 0.574803 0.488189 -0.653543 
vn 0.692913 0.362205 -0.622047 
vn 0.629921 0.456693 -0.629921 
vn 0.692913 0.362205 -0.622047 
vn 0.748031 0.275591 -0.606299 
vn 0.755906 0.259843 -0.598425 
vn -0.692913 0.685039 0.244094 
vn -0.692913 0.724409 -0.015748 
vn -0.692913 0.724409 -0.0472441 
vn -0.692913 0.685039 0.244094 
vn 0.937008 0.354331 -0.0472441 
vn 0.929134 0.362205 -0.0944882 
vn 0.937008 0.346457 -0.0472441 
vn 0.929134 0.346457 -0.11811 
vn 0.937008 0.23622 -0.267717 
vn 0.929134 0.362205 -0.0944882 
vn 0.937008 0.228346 -0.275591 
vn 0.96063 0.267717 -0.0787402 
vn 0.937008 0.346457 -0.0472441 
vn 0.96063 0.267717 -0.0787402 
vn 0.937008 0.354331 -0.0472441 
vn -0.637795 0.732283 0.220472 
vn -0.590551 0.811024 -0.0314961 
vn -0.661417 0.732283 0.165354 
vn -0.653543 0.661417 0.362205 
vn -0.370079 0.645669 0.669291 
vn -0.228346 0.811024 0.535433 
vn -0.19685 0.850394 0.496063 
vn -0.385827 0.629921 0.677165 
vn -0.448819 0.496063 0.740157 
vn -0.370079 0.645669 0.669291 
vn -0.448819 0.464567 0.76378 
vn -0.606299 0.685039 0.401575 
vn -0.559055 0.653543 0.511811 
vn -0.543307 0.629921 0.559055 
vn -0.582677 0.661417 0.472441 
vn 0.937008 0.354331 0.023622 
vn 0.96063 0.267717 0.0472441 
vn 0.96063 0.267717 0.0472441 
vn 0.937008 0.354331 0.023622 
vn 0.566929 0.0629921 -0.826772 
vn 0.535433 0.23622 -0.811024 
vn 0.566929 0.149606 -0.811024 
vn 0.535433 -0.015748 -0.850394 
vn -0.543307 0.811024 -0.212598 
vn -0.637795 0.622047 -0.448819 
vn -0.543307 0.818898 -0.204724 
vn -0.645669 0.614173 -0.456693 
vn -0.834646 0.527559 0.15748 
vn -0.771654 0.582677 0.251969 
vn -0.834646 0.527559 0.15748 
vn -0.771654 0.582677 0.251969 
vn 0.566929 0.0787402 0.818898 
vn 0.582677 0.015748 0.811024 
vn 0.566929 0.015748 0.826772 
vn 0.622047 0.0708661 0.779528 
vn 0.582677 0.299213 -0.755906 
vn 0.582677 0.299213 -0.755906 
vn 0.622047 0.125984 -0.771654 
vn 0.622047 0.125984 -0.771654 
vn 0.622047 0.125984 -0.771654 
vn 0.637795 0.015748 -0.771654 
vn 0.637795 0.015748 -0.771654 
vn 0.669291 0.0866142 -0.740157 
vn 0.637795 0.015748 -0.771654 
vn 0.669291 0.125984 -0.732283 
vn -0.0787402 0.472441 -0.88189 
vn -0.0314961 0.425197 -0.905512 
vn -0.165354 0.543307 -0.826772 
vn 0.00787402 0.354331 -0.937008 
vn -0.023622 0.322835 -0.944882 
vn -0.133858 0.291339 -0.944882 
vn -0.0314961 0.425197 -0.905512 
vn -0.559055 0.653543 0.511811 
vn -0.511811 0.598425 0.622047 
vn -0.543307 0.629921 0.559055 
vn 0.700787 0.354331 -0.622047 
vn 0.669291 0.0866142 -0.740157 
vn 0.669291 0.125984 -0.732283 
vn 0.700787 0.354331 -0.622047 
vn -0.496063 0.661417 0.559055 
vn -0.377953 0.598425 0.708661 
vn -0.401575 0.606299 0.685039 
vn -0.511811 0.653543 0.559055 
vn -0.19685 0.519685 0.834646 
vn -0.377953 0.598425 0.708661 
vn -0.110236 0.488189 0.866142 
vn -0.220472 0.503937 0.834646 
vn -0.393701 0.417323 0.818898 
vn -0.385827 0.417323 0.818898 
vn -0.228346 0.503937 0.834646 
vn -0.897638 -0.0629921 -0.440945 
vn -0.866142 -0.220472 -0.448819 
vn -0.897638 -0.0708661 -0.440945 
vn -0.866142 -0.220472 -0.448819 
vn -0.724409 0.590551 0.354331 
vn -0.818898 0.566929 0.0629921 
vn -0.708661 0.669291 0.228346 
vn -0.669291 0.685039 -0.275591 
vn -0.685039 0.708661 -0.165354 
vn -0.622047 0.685039 -0.377953 
vn -0.606299 0.472441 0.645669 
vn -0.543307 0.629921 0.559055 
vn -0.511811 0.598425 0.622047 
vn -0.551181 0.527559 0.653543 
vn -0.590551 0.645669 0.480315 
vn -0.637795 0.732283 0.220472 
vn -0.653543 0.661417 0.362205 
vn -0.574803 0.637795 0.511811 
vn -0.456693 0.614173 0.637795 
vn -0.440945 0.732283 0.511811 
vn -0.440945 0.732283 0.511811 
vn -0.456693 0.614173 0.637795 
vn -0.496063 0.480315 0.724409 
vn -0.456693 0.614173 0.637795 
vn -0.480315 0.496063 0.724409 
vn -0.574803 0.732283 0.362205 
vn -0.574803 0.692913 0.440945 
vn -0.574803 0.732283 0.362205 
vn -0.574803 0.692913 0.440945 
vn -0.574803 0.732283 0.362205 
vn -0.598425 0.779528 0.173228 
vn -0.598425 0.779528 0.173228 
vn -0.598425 0.779528 0.173228 
vn -0.677165 0.732283 -0.0787402 
vn -0.677165 0.732283 -0.0866142 
vn -0.897638 -0.0708661 0.440945 
vn -0.866142 -0.220472 0.448819 
vn -0.897638 -0.0629921 0.440945 
vn -0.866142 -0.220472 0.448819 
vn 0.669291 0.448819 0.590551 
vn 0.755906 0.393701 0.527559 
vn 0.700787 0.417323 0.574803 
vn 0.622047 0.307087 0.716535 
vn 0.669291 0.448819 0.590551 
vn 0.622047 0.299213 0.724409 
vn 0.622047 0.307087 0.716535 
vn 0.629921 0.0708661 0.771654 
vn 0.629921 0.0629921 0.771654 
vn -0.692913 0.724409 -0.0472441 
vn -0.677165 0.677165 -0.291339 
vn -0.692913 0.622047 -0.370079 
vn -0.692913 0.724409 -0.015748 
vn -0.338583 0.748031 -0.566929 
vn -0.393701 0.811024 -0.433071 
vn -0.338583 0.748031 -0.566929 
vn -0.385827 0.795276 -0.464567 
vn -0.685039 0.708661 -0.165354 
vn -0.748031 0.661417 -0.023622 
vn -0.76378 0.645669 0.00787402 
vn -0.669291 0.685039 -0.275591 
vn -0.968504 -0.23622 0.023622 
vn -0.952756 -0.259843 -0.149606 
vn -0.968504 -0.251969 -0.0629921 
vn -0.622047 0.692913 0.354331 
vn -0.582677 0.661417 0.472441 
vn -0.606299 0.685039 0.401575 
vn -0.677165 0.677165 0.291339 
vn -0.692913 0.716535 0.0551181 
vn -0.685039 0.622047 0.377953 
vn -0.692913 0.716535 0.0314961 
vn -0.755906 0.590551 -0.283465 
vn -0.677165 0.732283 -0.0866142 
vn -0.755906 0.590551 -0.283465 
vn -0.677165 0.732283 -0.0787402 
vn -0.968504 -0.23622 -0.023622 
vn -0.968504 -0.251969 0.0629921 
vn -0.952756 -0.259843 0.149606 
vn 0.393701 0.244094 0.88189 
vn 0.433071 0.173228 0.88189 
vn 0.346457 0.362205 0.866142 
vn 0.409449 0.0551181 0.913386 
vn 0.433071 0.173228 0.88189 
vn 0.401575 0.023622 0.913386 
vn -0.480315 0.574803 0.661417 
vn -0.590551 0.645669 0.480315 
vn -0.574803 0.637795 0.511811 
vn -0.480315 0.566929 0.669291 
vn -0.448819 0.433071 0.779528 
vn -0.480315 0.574803 0.661417 
vn -0.448819 0.433071 0.779528 
vn 0.527559 0.330709 -0.779528 
vn 0.566929 0.133858 -0.811024 
vn 0.543307 0.125984 -0.826772 
vn 0.519685 0.401575 -0.755906 
vn 0.566929 0.0629921 -0.826772 
vn 0.535433 -0.015748 -0.850394 
vn 0.535433 -0.023622 -0.84252 
vn 0.543307 0.125984 -0.826772 
vn 0.566929 0.133858 -0.811024 
vn 0.535433 -0.023622 -0.84252 
vn 0.929134 0.322835 0.188976 
vn 0.92126 0.346457 0.188976 
vn 0.905512 0.385827 0.181102 
vn -0.889764 -0.417323 -0.173228 
vn -0.795276 -0.598425 -0.0866142 
vn -0.811024 -0.566929 -0.15748 
vn -0.267717 0.76378 0.590551 
vn -0.322835 0.811024 0.488189 
vn -0.291339 0.724409 0.622047 
vn 0.92126 0.338583 -0.204724 
vn 0.929134 0.314961 -0.204724 
vn 0.897638 0.385827 -0.212598 
vn 0.700787 0.0866142 -0.708661 
vn 0.598425 0.267717 -0.755906 
vn 0.590551 0.283465 -0.755906 
vn 0.700787 0.0787402 -0.708661 
vn -0.267717 0.511811 0.811024 
vn -0.267717 0.622047 0.732283 
vn -0.267717 0.511811 0.811024 
vn -0.267717 0.622047 0.732283 
vn -0.283465 0.76378 0.582677 
vn -0.267717 0.622047 0.732283 
vn -0.283465 0.401575 0.874016 
vn -0.267717 0.511811 0.811024 
vn -0.283465 0.401575 0.874016 
vn -0.283465 0.401575 0.874016 
vn -0.307087 0.267717 0.913386 
vn -0.307087 0.259843 0.913386 
vn -0.433071 0.748031 0.503937 
vn -0.425197 0.818898 0.377953 
vn -0.417323 0.834646 0.346457 
vn -0.433071 0.748031 0.503937 
vn 0.937008 0.354331 0.023622 
vn 0.937008 0.354331 0.023622 
vn 0.937008 0.346457 0.0472441 
vn 0.937008 0.338583 0.0551181 
vn 0.598425 0.472441 0.645669 
vn 0.503937 0.614173 0.606299 
vn 0.511811 0.598425 0.614173 
vn 0.582677 0.496063 0.637795 
vn 0.724409 0.440945 -0.527559 
vn 0.748031 0.409449 -0.527559 
vn 0.771654 0.385827 -0.503937 
vn 0.700787 0.354331 -0.622047 
vn 0.748031 0.409449 -0.527559 
vn 0.700787 0.354331 -0.622047 
vn -0.511811 0.653543 0.559055 
vn -0.496063 0.661417 0.559055 
vn -0.582677 0.598425 0.551181 
vn -0.889764 0.448819 0.0708661 
vn -0.834646 0.527559 0.15748 
vn -0.889764 0.448819 0.0629921 
vn -0.834646 0.527559 0.15748 
vn -0.322835 0.503937 -0.80315 
vn -0.314961 0.370079 -0.874016 
vn -0.314961 0.370079 -0.874016 
vn -0.322835 0.496063 -0.80315 
vn 0.543307 0.314961 0.779528 
vn 0.645669 0.370079 0.669291 
vn 0.488189 0.291339 0.818898 
vn 0.598425 0.472441 -0.645669 
vn 0.503937 0.614173 -0.614173 
vn 0.582677 0.496063 -0.645669 
vn 0.511811 0.598425 -0.614173 
vn 0.346457 0.244094 0.905512 
vn 0.370079 0.0944882 0.929134 
vn 0.377953 0.0314961 0.92126 
vn 0.338583 0.314961 0.889764 
vn -0.393701 0.417323 0.818898 
vn -0.456693 0.283465 0.84252 
vn -0.456693 0.291339 0.84252 
vn -0.385827 0.417323 0.818898 
vn -0.834646 -0.354331 -0.425197 
vn -0.88189 -0.401575 -0.244094 
vn -0.834646 -0.346457 -0.425197 
vn -0.889764 -0.393701 -0.244094 
vn -0.80315 -0.590551 -0.0708661 
vn -0.811024 -0.566929 -0.15748 
vn -0.795276 -0.598425 -0.0866142 
vn -0.84252 -0.0866142 -0.527559 
vn -0.897638 -0.322835 -0.291339 
vn -0.897638 -0.314961 -0.299213 
vn -0.834646 -0.0629921 -0.543307 
vn -0.80315 0.023622 -0.598425 
vn -0.84252 -0.0866142 -0.527559 
vn -0.724409 0.543307 -0.425197 
vn -0.700787 0.677165 -0.23622 
vn -0.724409 0.551181 -0.425197 
vn -0.700787 0.677165 -0.23622 
vn -0.724409 0.417323 -0.551181 
vn -0.724409 0.543307 -0.425197 
vn -0.724409 0.401575 -0.559055 
vn -0.149606 0.543307 -0.826772 
vn -0.11811 0.346457 -0.929134 
vn -0.11811 0.346457 -0.929134 
vn -0.149606 0.535433 -0.826772 
vn -0.259843 -0.80315 0.535433 
vn -0.220472 -0.850394 0.472441 
vn -0.354331 -0.740157 0.574803 
vn -0.708661 0.551181 0.433071 
vn -0.692913 0.685039 0.244094 
vn -0.692913 0.685039 0.244094 
vn -0.708661 0.559055 0.433071 
vn -0.724409 0.425197 0.543307 
vn -0.724409 0.409449 0.559055 
vn -0.448819 0.551181 -0.700787 
vn -0.433071 0.456693 -0.779528 
vn -0.440945 0.464567 -0.771654 
vn -0.448819 0.551181 -0.700787 
vn -0.76378 0.645669 0.00787402 
vn -0.818898 0.551181 0.173228 
vn -0.811024 0.566929 0.141732 
vn -0.748031 0.661417 -0.023622 
vn -0.535433 0.456693 -0.708661 
vn -0.472441 0.188976 -0.858268 
vn -0.472441 0.188976 -0.858268 
vn -0.519685 0.433071 -0.732283 
vn -0.456693 0.511811 -0.732283 
vn -0.409449 0.464567 -0.787402 
vn -0.464567 0.519685 -0.716535 
vn -0.409449 0.456693 -0.787402 
vn -0.133858 0.291339 -0.944882 
vn -0.220472 0.220472 -0.952756 
vn -0.023622 0.322835 -0.944882 
vn -0.299213 0.125984 -0.944882 
vn -0.606299 0.645669 -0.464567 
vn -0.606299 0.645669 -0.464567 
vn -0.614173 0.645669 -0.448819 
vn -0.622047 0.685039 -0.377953 
vn -0.574803 0.614173 -0.543307 
vn -0.574803 0.614173 -0.543307 
vn -0.456693 0.511811 -0.732283 
vn -0.464567 0.519685 -0.716535 
vn -0.519685 0.456693 0.724409 
vn -0.527559 0.503937 0.685039 
vn -0.543307 0.496063 0.677165 
vn -0.574803 0.566929 0.590551 
vn -0.543307 0.496063 0.677165 
vn -0.897638 -0.322835 0.291339 
vn -0.84252 -0.0866142 0.527559 
vn -0.897638 -0.314961 0.299213 
vn -0.834646 -0.0629921 0.543307 
vn -0.84252 -0.0866142 0.527559 
vn -0.80315 0.023622 0.598425 
vn -0.496063 0.456693 0.740157 
vn -0.385827 0.19685 0.905512 
vn -0.385827 0.204724 0.897638 
vn -0.503937 0.456693 0.732283 
vn -0.574803 0.748031 -0.338583 
vn -0.566929 0.740157 -0.362205 
vn -0.511811 0.677165 -0.527559 
vn -0.511811 0.677165 -0.527559 
vn -0.622047 0.685039 -0.377953 
vn -0.614173 0.645669 -0.448819 
vn -0.669291 0.685039 -0.275591 
vn 0.409449 0.0551181 0.913386 
vn 0.377953 0.0314961 0.92126 
vn 0.401575 0.023622 0.913386 
vn 0.370079 0.0944882 0.929134 
vn -0.409449 0.456693 -0.787402 
vn -0.433071 0.456693 -0.779528 
vn -0.409449 0.464567 -0.787402 
vn -0.440945 0.464567 -0.771654 
vn -0.433071 0.456693 -0.779528 
vn -0.409449 0.456693 -0.787402 
vn -0.574803 0.566929 0.590551 
vn -0.511811 0.653543 0.559055 
vn -0.582677 0.598425 0.551181 
vn -0.582677 0.598425 0.551181 
vn -0.543307 0.496063 0.677165 
vn -0.385827 0.19685 0.905512 
vn -0.338583 -0.212598 0.913386 
vn -0.338583 -0.165354 0.929134 
vn -0.385827 0.204724 0.897638 
vn -0.692913 0.622047 -0.370079 
vn -0.677165 0.677165 -0.291339 
vn -0.669291 0.574803 -0.472441 
vn -0.480315 0.496063 0.724409 
vn -0.519685 0.456693 0.724409 
vn -0.496063 0.480315 0.724409 
vn -0.80315 -0.590551 -0.0708661 
vn -0.811024 -0.582677 0.023622 
vn -0.826772 -0.559055 0.0944882 
vn -0.795276 -0.598425 -0.0866142 
vn -0.937008 -0.204724 0.291339 
vn -0.929134 -0.149606 0.330709 
vn -0.937008 -0.15748 0.322835 
vn -0.929134 -0.19685 0.314961 
vn -0.929134 -0.102362 0.354331 
vn -0.937008 -0.204724 0.291339 
vn -0.929134 -0.19685 0.314961 
vn -0.929134 -0.0551181 0.370079 
vn 0.307087 0.377953 -0.874016 
vn 0.307087 0.377953 -0.874016 
vn 0.204724 0.488189 -0.850394 
vn 0.19685 0.488189 -0.850394 
vn 0.409449 0.165354 -0.897638 
vn 0.307087 0.377953 -0.874016 
vn 0.417323 0.149606 -0.897638 
vn -0.519685 0.456693 0.724409 
vn -0.543307 0.496063 0.677165 
vn -0.496063 0.480315 0.724409 
vn -0.685039 0.622047 0.377953 
vn -0.677165 0.566929 0.472441 
vn -0.677165 0.677165 0.291339 
vn -0.811024 0.456693 -0.370079 
vn -0.755906 0.590551 -0.283465 
vn -0.811024 0.456693 -0.370079 
vn -0.755906 0.590551 -0.283465 
vn 0.173228 0.204724 0.96063 
vn 0.188976 0.425197 0.889764 
vn 0.15748 0.283465 0.944882 
vn 0.0629921 0.023622 1 
vn 0.173228 0.204724 0.96063 
vn 0.023622 -0.023622 1 
vn 0.503937 0.535433 0.677165 
vn 0.551181 0.322835 0.771654 
vn 0.551181 0.314961 0.771654 
vn 0.503937 0.543307 0.669291 
vn 0.503937 0.614173 0.606299 
vn 0.511811 0.598425 0.614173 
vn -0.598425 0.488189 -0.637795 
vn -0.606299 0.622047 -0.503937 
vn -0.598425 0.480315 -0.637795 
vn -0.606299 0.614173 -0.503937 
vn -0.598425 0.385827 -0.708661 
vn -0.598425 0.488189 -0.637795 
vn -0.598425 0.377953 -0.708661 
vn -0.212598 0.346457 0.913386 
vn -0.244094 0.511811 0.826772 
vn -0.212598 0.346457 0.913386 
vn -0.244094 0.511811 0.826772 
vn 0.818898 0.330709 -0.480315 
vn 0.818898 0.346457 -0.456693 
vn 0.787402 0.346457 -0.511811 
vn -0.314961 0.370079 -0.874016 
vn -0.291339 0.259843 -0.92126 
vn -0.291339 0.259843 -0.92126 
vn -0.314961 0.370079 -0.874016 
vn -0.645669 0.614173 -0.456693 
vn -0.716535 0.440945 -0.543307 
vn -0.637795 0.622047 -0.448819 
vn -0.716535 0.440945 -0.543307 
vn -0.897638 -0.440945 -0.015748 
vn -0.897638 -0.417323 -0.173228 
vn -0.897638 -0.433071 -0.023622 
vn -0.92126 -0.322835 -0.23622 
vn 0.503937 0.535433 -0.677165 
vn 0.551181 0.322835 -0.771654 
vn 0.496063 0.551181 -0.669291 
vn 0.551181 0.314961 -0.771654 
vn 0.503937 0.614173 -0.614173 
vn 0.503937 0.535433 -0.677165 
vn 0.511811 0.598425 -0.614173 
vn -0.330709 0 0.944882 
vn -0.425197 0.228346 0.874016 
vn -0.330709 0.00787402 0.944882 
vn -0.425197 0.220472 0.88189 
vn 0.283465 0.393701 0.874016 
vn 0.283465 0.393701 0.874016 
vn 0.19685 0.511811 0.834646 
vn 0.204724 0.527559 0.826772 
vn 0.173228 0.480315 0.858268 
vn 0.19685 0.511811 0.834646 
vn 0.283465 0.393701 0.874016 
vn 0.409449 0.15748 0.897638 
vn 0.425197 0.133858 0.897638 
vn -0.826772 0.519685 -0.204724 
vn -0.84252 0.535433 -0.0944882 
vn -0.811024 0.503937 -0.299213 
vn -0.897638 -0.440945 0.015748 
vn -0.897638 -0.417323 0.173228 
vn -0.913386 -0.322835 0.23622 
vn -0.897638 -0.433071 0.023622 
vn -0.818898 0.551181 0.173228 
vn -0.826772 0.496063 0.259843 
vn -0.811024 0.566929 0.141732 
vn -0.826772 0.448819 0.354331 
vn -0.732283 0.622047 0.275591 
vn -0.732283 0.629921 0.267717 
vn -0.826772 0.448819 0.354331 
vn -0.11811 0.346457 -0.929134 
vn -0.0708661 0.188976 -0.976378 
vn -0.0708661 0.188976 -0.976378 
vn -0.11811 0.346457 -0.929134 
vn -0.811024 0.503937 -0.299213 
vn -0.787402 0.464567 -0.401575 
vn -0.826772 0.519685 -0.204724 
vn -0.771654 0.433071 -0.472441 
vn -0.456693 0.0944882 0.88189 
vn -0.456693 0.283465 0.84252 
vn -0.456693 0.0787402 0.889764 
vn -0.456693 0.291339 0.84252 
vn -0.889764 0.456693 0.023622 
vn -0.858268 0.472441 0.19685 
vn -0.889764 0.456693 0.023622 
vn -0.858268 0.464567 0.212598 
vn -0.566929 0.535433 -0.629921 
vn -0.566929 0.377953 -0.732283 
vn -0.559055 0.472441 -0.677165 
vn -0.818898 -0.11811 -0.566929 
vn -0.811024 -0.188976 -0.551181 
vn -0.811024 -0.188976 -0.551181 
vn -0.818898 -0.110236 -0.566929 
vn -0.669291 0.362205 0.645669 
vn -0.606299 0.456693 0.653543 
vn -0.669291 0.362205 0.645669 
vn -0.606299 0.464567 0.653543 
vn 0.338583 0.448819 0.826772 
vn 0.338583 0.314961 0.889764 
vn 0.346457 0.244094 0.905512 
vn 0.346457 0.472441 0.811024 
vn -0.84252 0.519685 0.165354 
vn -0.84252 0.535433 -0.0944882 
vn -0.818898 0.566929 0.0629921 
vn -0.826772 0.519685 -0.204724 
vn -0.133858 0.220472 0.968504 
vn -0.212598 0.346457 0.913386 
vn -0.173228 0.275591 0.944882 
vn -0.212598 0.346457 0.913386 
vn -0.0708661 0.133858 0.992126 
vn -0.133858 0.220472 0.968504 
vn -0.708661 0.669291 0.228346 
vn -0.669291 0.590551 0.456693 
vn -0.724409 0.590551 0.354331 
vn -0.519685 0.543307 0.661417 
vn -0.519685 0.488189 0.692913 
vn -0.543307 0.417323 0.732283 
vn 0.551181 0.566929 0.614173 
vn 0.653543 0.480315 0.582677 
vn 0.606299 0.527559 0.590551 
vn 0.614173 0.338583 0.716535 
vn 0.551181 0.566929 0.614173 
vn 0.622047 0.299213 0.724409 
vn 0.511811 0.527559 -0.677165 
vn 0.574803 0.488189 -0.653543 
vn 0.629921 0.456693 -0.629921 
vn 0.519685 0.401575 -0.755906 
vn 0.511811 0.527559 -0.677165 
vn 0.527559 0.330709 -0.779528 
vn -0.645669 0.590551 0.480315 
vn -0.669291 0.590551 0.456693 
vn -0.645669 0.590551 0.480315 
vn -0.724409 0.590551 0.354331 
vn -0.779528 -0.0866142 0.622047 
vn -0.795276 -0.188976 0.574803 
vn -0.795276 -0.188976 0.574803 
vn -0.779528 -0.0944882 0.622047 
vn -0.795276 -0.181102 0.574803 
vn -0.795276 -0.181102 0.574803 
vn -0.598425 0.645669 -0.472441 
vn -0.606299 0.637795 -0.472441 
vn -0.629921 0.582677 -0.511811 
vn -0.598425 0.645669 -0.472441 
vn -0.566929 0.755906 -0.330709 
vn -0.566929 0.76378 -0.314961 
vn -0.291339 0.259843 -0.92126 
vn -0.338583 0.141732 -0.929134 
vn -0.338583 0.141732 -0.929134 
vn -0.291339 0.259843 -0.92126 
vn -0.755906 -0.023622 -0.653543 
vn -0.795276 -0.141732 -0.590551 
vn -0.76378 -0.0314961 -0.645669 
vn -0.795276 -0.141732 -0.590551 
vn -0.811024 -0.188976 -0.551181 
vn -0.811024 -0.188976 -0.551181 
vn -0.543307 0.543307 0.637795 
vn -0.519685 0.488189 0.692913 
vn -0.519685 0.543307 0.661417 
vn -0.543307 0.543307 0.637795 
vn -0.448819 0.433071 0.779528 
vn -0.472441 0.291339 0.834646 
vn -0.472441 0.299213 0.826772 
vn -0.448819 0.433071 0.779528 
vn -0.818898 0.551181 0.173228 
vn -0.834646 0.448819 0.322835 
vn -0.826772 0.496063 0.259843 
vn -0.84252 0.401575 0.370079 
vn -0.582677 0.535433 -0.606299 
vn -0.519685 0.433071 -0.732283 
vn -0.535433 0.456693 -0.708661 
vn -0.582677 0.535433 -0.606299 
vn -0.448819 0.464567 0.76378 
vn -0.417323 0.370079 0.834646 
vn -0.440945 0.401575 0.80315 
vn -0.448819 0.496063 0.740157 
vn -0.440945 0.322835 0.834646 
vn -0.440945 0.401575 0.80315 
vn -0.622047 0.125984 0.771654 
vn 0.732283 0.425197 0.535433 
vn 0.645669 0.370079 0.669291 
vn 0.543307 0.314961 0.779528 
vn -0.23622 -0.874016 0.425197 
vn -0.220472 -0.850394 0.472441 
vn -0.259843 -0.80315 0.535433 
vn -0.23622 -0.874016 0.425197 
vn -0.96063 -0.275591 -0.0314961 
vn -0.889764 -0.393701 -0.244094 
vn -0.96063 -0.275591 -0.0314961 
vn -0.88189 -0.401575 -0.244094 
vn -0.669291 0.677165 -0.314961 
vn -0.574803 0.614173 -0.543307 
vn -0.661417 0.677165 -0.322835 
vn -0.574803 0.614173 -0.543307 
vn -0.866142 -0.188976 -0.456693 
vn -0.834646 -0.346457 -0.425197 
vn -0.866142 -0.188976 -0.456693 
vn -0.834646 -0.354331 -0.425197 
vn -0.503937 0.456693 0.732283 
vn -0.543307 0.543307 0.637795 
vn -0.496063 0.456693 0.740157 
vn -0.543307 0.543307 0.637795 
vn 0.125984 0.283465 -0.952756 
vn 0.0944882 0.0393701 -0.992126 
vn 0.0944882 0.0393701 -0.992126 
vn 0.133858 0.314961 -0.944882 
vn -0.811024 -0.582677 0.023622 
vn -0.889764 -0.425197 0.173228 
vn -0.826772 -0.559055 0.0944882 
vn -0.582677 0.535433 -0.606299 
vn -0.566929 0.535433 -0.629921 
vn -0.582677 0.535433 -0.606299 
vn -0.559055 0.472441 -0.677165 
vn -0.543307 0.417323 0.732283 
vn -0.519685 0.488189 0.692913 
vn -0.622047 0.307087 0.716535 
vn -0.952756 0.299213 0.015748 
vn -0.889764 0.448819 0.0629921 
vn -0.952756 0.299213 0.015748 
vn -0.889764 0.448819 0.0708661 
vn -0.795276 -0.0708661 0.606299 
vn -0.795276 -0.181102 0.574803 
vn -0.795276 -0.181102 0.574803 
vn -0.795276 -0.0551181 0.606299 
vn 0.787402 0.346457 -0.511811 
vn 0.818898 0.346457 -0.456693 
vn 0.748031 0.259843 -0.606299 
vn -0.0393701 0 1 
vn 0.023622 -0.023622 1 
vn -0.0393701 0 1 
vn -0.0393701 0 1 
vn -0.0708661 0.133858 0.992126 
vn -0.133858 0.220472 0.968504 
vn -0.889764 0.354331 0.291339 
vn -0.850394 0.346457 0.393701 
vn -0.889764 0.354331 0.291339 
vn -0.850394 0.346457 0.393701 
vn -0.897638 -0.023622 0.433071 
vn -0.929134 -0.149606 0.330709 
vn -0.897638 -0.00787402 0.440945 
vn -0.937008 -0.15748 0.322835 
vn -0.80315 0.377953 0.464567 
vn -0.858268 0.464567 0.212598 
vn -0.787402 0.346457 0.511811 
vn -0.858268 0.472441 0.19685 
vn -0.787402 0.503937 0.354331 
vn -0.897638 0.417323 0.133858 
vn -0.787402 0.503937 0.346457 
vn -0.897638 0.425197 0.133858 
vn -0.629921 0.519685 0.566929 
vn -0.787402 0.503937 0.346457 
vn -0.629921 0.519685 0.574803 
vn -0.787402 0.503937 0.354331 
vn -0.897638 -0.417323 -0.173228 
vn -0.92126 -0.322835 -0.23622 
vn -0.92126 -0.23622 -0.299213 
vn -0.685039 0.519685 -0.511811 
vn -0.685039 0.519685 -0.511811 
vn -0.692913 0.622047 -0.370079 
vn -0.669291 0.574803 -0.472441 
vn -0.629921 0.181102 -0.755906 
vn -0.598425 0.377953 -0.708661 
vn -0.622047 0.220472 -0.755906 
vn -0.598425 0.385827 -0.708661 
vn -0.897638 -0.417323 0.173228 
vn -0.92126 -0.23622 0.299213 
vn -0.913386 -0.322835 0.23622 
vn -0.566929 0.377953 -0.732283 
vn -0.653543 0.283465 -0.700787 
vn -0.559055 0.472441 -0.677165 
vn -0.669291 0.275591 -0.692913 
vn -0.653543 0.283465 -0.700787 
vn 0.0944882 0.0393701 -0.992126 
vn 0.0551181 -0.023622 -1 
vn 0.0551181 -0.023622 -1 
vn 0.0944882 0.0393701 -0.992126 
vn -0.00787402 0.0314961 -1 
vn 0.0551181 -0.023622 -1 
vn -0.015748 0.0393701 -1 
vn -0.00787402 0.0314961 -1 
vn -0.0708661 0.188976 -0.976378 
vn -0.015748 0.0393701 -1 
vn -0.0708661 0.188976 -0.976378 
vn -0.787402 0.464567 -0.401575 
vn -0.771654 0.433071 -0.472441 
vn -0.748031 0.377953 -0.535433 
vn -0.76378 0.299213 -0.574803 
vn -0.76378 0.275591 -0.582677 
vn -0.748031 0.377953 -0.535433 
vn 0.354331 0.551181 0.755906 
vn 0.354331 0.535433 0.76378 
vn 0.362205 0.527559 0.771654 
vn 0.346457 0.472441 0.811024 
vn 0.362205 0.527559 0.771654 
vn 0.338583 0.448819 0.826772 
vn -0.92126 0.322835 0.220472 
vn -0.889764 0.354331 0.291339 
vn -0.92126 0.314961 0.220472 
vn -0.889764 0.354331 0.291339 
vn 0.629921 -0.212598 -0.748031 
vn 0.700787 0.0787402 -0.708661 
vn 0.590551 -0.275591 -0.755906 
vn 0.700787 0.0866142 -0.708661 
vn 0.433071 -0.480315 -0.76378 
vn 0.629921 -0.212598 -0.748031 
vn 0.433071 -0.480315 -0.76378 
vn -0.708661 0.181102 0.685039 
vn -0.606299 0.110236 0.787402 
vn -0.566929 0.0708661 0.818898 
vn -0.724409 0.188976 0.669291 
vn -0.724409 0.409449 0.559055 
vn -0.708661 0.338583 0.614173 
vn -0.708661 0.346457 0.614173 
vn -0.724409 0.425197 0.543307 
vn -0.645669 0.291339 0.708661 
vn -0.543307 0.417323 0.732283 
vn -0.622047 0.307087 0.716535 
vn -0.984252 -0.133858 -0.102362 
vn -0.968504 -0.23622 -0.023622 
vn -0.984252 -0.149606 -0.102362 
vn -0.968504 -0.251969 0.0629921 
vn -0.724409 0.401575 -0.559055 
vn -0.700787 0.338583 -0.629921 
vn -0.700787 0.330709 -0.637795 
vn -0.724409 0.417323 -0.551181 
vn -0.677165 0.291339 -0.677165 
vn -0.700787 0.338583 -0.629921 
vn -0.677165 0.283465 -0.677165 
vn -0.496063 -0.00787402 0.866142 
vn -0.566929 0.0708661 0.818898 
vn -0.606299 0.110236 0.787402 
vn 0.173228 0.480315 0.858268 
vn 0.15748 0.283465 0.944882 
vn 0.188976 0.425197 0.889764 
vn 0.19685 0.511811 0.834646 
vn -0.80315 0.582677 0.11811 
vn -0.818898 0.566929 -0.0629921 
vn -0.818898 0.566929 -0.0629921 
vn -0.80315 0.582677 0.11811 
vn -0.850394 0.330709 -0.409449 
vn -0.811024 0.456693 -0.370079 
vn -0.850394 0.330709 -0.409449 
vn -0.811024 0.456693 -0.370079 
vn -0.968504 -0.23622 0.023622 
vn -0.984252 -0.133858 0.102362 
vn -0.984252 -0.149606 0.102362 
vn -0.968504 -0.251969 -0.0629921 
vn -0.409449 -0.0629921 0.905512 
vn -0.456693 0.0787402 0.889764 
vn -0.417323 -0.133858 0.897638 
vn -0.456693 0.0944882 0.88189 
vn -0.976378 -0.00787402 -0.212598 
vn -0.952756 -0.23622 -0.19685 
vn -0.968504 -0.125984 -0.204724 
vn -0.889764 -0.417323 -0.173228 
vn -0.968504 -0.125984 -0.204724 
vn -0.811024 -0.566929 -0.15748 
vn -0.826772 0.299213 0.472441 
vn -0.850394 0.346457 0.393701 
vn -0.826772 0.299213 0.472441 
vn -0.850394 0.346457 0.393701 
vn -0.677165 0.566929 0.472441 
vn -0.685039 0.622047 0.377953 
vn -0.677165 0.511811 0.527559 
vn -0.677165 0.511811 0.527559 
vn -0.480315 0.173228 0.858268 
vn -0.472441 0.291339 0.834646 
vn -0.472441 0.165354 0.866142 
vn -0.472441 0.299213 0.826772 
vn 0.0629921 0.023622 1 
vn -0.0393701 0 1 
vn 0.023622 -0.023622 1 
vn -0.818898 0.566929 0.0629921 
vn -0.724409 0.590551 0.354331 
vn -0.84252 0.519685 0.165354 
vn -0.496063 -0.149606 -0.858268 
vn -0.543307 -0.527559 -0.653543 
vn -0.503937 -0.19685 -0.84252 
vn -0.535433 -0.496063 -0.677165 
vn -0.551181 -0.645669 -0.527559 
vn -0.543307 -0.527559 -0.653543 
vn -0.472441 0.188976 -0.858268 
vn -0.496063 -0.149606 -0.858268 
vn -0.472441 0.188976 -0.858268 
vn -0.866142 0.346457 0.362205 
vn -0.826772 0.448819 0.354331 
vn -0.826772 0.448819 0.354331 
vn -0.866142 0.346457 0.362205 
vn -0.732283 0.0944882 0.677165 
vn -0.779528 -0.0944882 0.622047 
vn -0.779528 -0.0866142 0.622047 
vn -0.724409 0.102362 0.677165 
vn -0.251969 -0.0551181 -0.968504 
vn -0.220472 0.220472 -0.952756 
vn -0.299213 0.125984 -0.944882 
vn -0.228346 -0.0866142 -0.968504 
vn -0.0787402 -0.314961 -0.944882 
vn -0.251969 -0.0551181 -0.968504 
vn -0.015748 -0.330709 -0.944882 
vn -0.992126 -0.110236 -0.023622 
vn -0.984252 -0.173228 0 
vn -0.992126 -0.11811 -0.015748 
vn -0.299213 0.0944882 0.944882 
vn -0.322835 0.0551181 0.944882 
vn -0.338583 0.0314961 0.937008 
vn -0.330709 0.0708661 0.944882 
vn -0.716535 0.440945 -0.543307 
vn -0.755906 0.307087 -0.574803 
vn -0.716535 0.440945 -0.543307 
vn -0.755906 0.307087 -0.582677 
vn -0.677165 0.291339 0.677165 
vn -0.708661 0.338583 0.614173 
vn -0.677165 0.283465 0.685039 
vn -0.708661 0.346457 0.614173 
vn -0.685039 0.299213 0.661417 
vn -0.669291 0.362205 0.645669 
vn -0.685039 0.291339 0.669291 
vn -0.669291 0.362205 0.645669 
vn -0.826772 0.511811 -0.228346 
vn -0.818898 0.566929 -0.0629921 
vn -0.826772 0.511811 -0.228346 
vn -0.818898 0.566929 -0.0629921 
vn -0.905512 0.377953 -0.19685 
vn -0.913386 0.393701 -0.0472441 
vn -0.913386 0.393701 -0.0472441 
vn -0.905512 0.377953 -0.204724 
vn -0.905512 0.0629921 -0.409449 
vn -0.897638 0.125984 -0.425197 
vn -0.92126 -0.023622 -0.385827 
vn -0.677165 0.283465 -0.677165 
vn -0.653543 0.283465 -0.700787 
vn -0.669291 0.275591 -0.692913 
vn -0.677165 0.291339 -0.677165 
vn -0.267717 0.0314961 0.96063 
vn -0.330709 -0.015748 0.944882 
vn -0.464567 -0.0393701 0.88189 
vn -0.259843 0.0944882 0.96063 
vn -0.267717 0.0314961 0.96063 
vn -0.259843 0.0629921 0.96063 
vn -0.275591 0.125984 0.952756 
vn -0.259843 0.0944882 0.96063 
vn -0.283465 0.102362 0.952756 
vn -0.913386 0.0866142 -0.401575 
vn -0.913386 0.0944882 -0.401575 
vn -0.897638 -0.0629921 -0.440945 
vn -0.897638 -0.0708661 -0.440945 
vn -0.937008 0.354331 0 
vn -0.944882 0.322835 0.0787402 
vn -0.905512 0.409449 -0.0708661 
vn -0.354331 0.0866142 0.929134 
vn -0.307087 0.259843 0.913386 
vn -0.354331 0.0866142 0.929134 
vn -0.307087 0.267717 0.913386 
vn -0.338583 0.0314961 0.937008 
vn -0.354331 0.0866142 0.929134 
vn -0.322835 0.0551181 0.944882 
vn -0.76378 0.149606 -0.629921 
vn -0.811024 0.173228 -0.559055 
vn -0.787402 0.173228 -0.598425 
vn -0.771654 0.149606 -0.622047 
vn -0.779528 0.551181 0.299213 
vn -0.80315 0.582677 0.11811 
vn -0.779528 0.551181 0.299213 
vn -0.80315 0.582677 0.11811 
vn -0.968504 -0.0708661 -0.23622 
vn -0.976378 -0.0551181 -0.204724 
vn -0.913386 -0.00787402 -0.401575 
vn -0.929134 -0.0314961 -0.362205 
vn -0.913386 -0.377953 0.173228 
vn -0.826772 -0.559055 0.0944882 
vn -0.889764 -0.425197 0.173228 
vn -0.944882 0.322835 -0.0393701 
vn -0.897638 0.425197 0.133858 
vn -0.944882 0.322835 -0.0393701 
vn -0.897638 0.417323 0.133858 
vn -0.826772 0.023622 -0.566929 
vn -0.818898 -0.110236 -0.566929 
vn -0.818898 -0.11811 -0.566929 
vn -0.826772 0.0314961 -0.566929 
vn -0.913386 0.393701 -0.0472441 
vn -0.937008 0.338583 0.0472441 
vn -0.937008 0.338583 0.0551181 
vn -0.913386 0.393701 -0.0472441 
vn -0.905512 0.0629921 -0.409449 
vn -0.92126 -0.023622 -0.385827 
vn -0.937008 -0.015748 -0.354331 
vn -0.433071 0.228346 0.874016 
vn -0.456693 0.15748 0.874016 
vn -0.472441 0.102362 0.874016 
vn -0.905512 0.0629921 0.409449 
vn -0.92126 -0.023622 0.385827 
vn -0.897638 0.125984 0.425197 
vn -0.913386 0.0866142 0.401575 
vn -0.897638 -0.0629921 0.440945 
vn -0.913386 0.0944882 0.401575 
vn -0.897638 -0.0708661 0.440945 
vn -0.622047 0.307087 0.716535 
vn -0.677165 0.283465 0.685039 
vn -0.645669 0.291339 0.708661 
vn -0.677165 0.291339 0.677165 
vn -0.637795 0.23622 0.732283 
vn -0.685039 0.291339 0.669291 
vn -0.629921 0.228346 0.740157 
vn -0.685039 0.299213 0.661417 
vn 0.19685 0.488189 -0.850394 
vn 0.125984 0.283465 -0.952756 
vn 0.133858 0.314961 -0.944882 
vn 0.204724 0.488189 -0.850394 
vn -0.409449 -0.0629921 0.905512 
vn -0.417323 -0.133858 0.897638 
vn -0.480315 -0.220472 0.850394 
vn -0.913386 0.385827 -0.133858 
vn -0.889764 0.456693 0.023622 
vn -0.913386 0.385827 -0.133858 
vn -0.889764 0.456693 0.023622 
vn -0.937008 0.267717 -0.228346 
vn -0.913386 0.385827 -0.133858 
vn -0.937008 0.259843 -0.228346 
vn -0.937008 0.267717 -0.228346 
vn -0.96063 0.11811 -0.259843 
vn -0.96063 0.102362 -0.259843 
vn -0.968504 -0.110236 -0.228346 
vn -0.968504 -0.0708661 -0.23622 
vn -0.968504 -0.0551181 -0.251969 
vn -0.96063 -0.0944882 -0.259843 
vn -0.905512 0.0629921 0.409449 
vn -0.937008 -0.015748 0.354331 
vn -0.92126 -0.023622 0.385827 
vn -0.661417 0.677165 -0.322835 
vn -0.716535 0.669291 -0.212598 
vn -0.669291 0.677165 -0.314961 
vn -0.716535 0.669291 -0.220472 
vn -0.968504 -0.244094 -0.102362 
vn -0.968504 -0.23622 -0.11811 
vn -0.96063 -0.251969 -0.0944882 
vn -0.826772 0.244094 0.511811 
vn -0.826772 0.299213 0.472441 
vn -0.826772 0.244094 0.511811 
vn -0.826772 0.299213 0.472441 
vn -0.905512 0.409449 -0.0708661 
vn -0.88189 0.385827 -0.275591 
vn -0.897638 0.377953 -0.212598 
vn -0.937008 0.354331 0 
vn 0.307087 -0.448819 -0.84252 
vn -0.015748 -0.330709 -0.944882 
vn 0.19685 -0.425197 -0.88189 
vn 0.322835 -0.456693 -0.826772 
vn -0.968504 -0.244094 0.102362 
vn -0.96063 -0.251969 0.0866142 
vn -0.968504 -0.23622 0.11811 
vn -0.976378 -0.188976 -0.110236 
vn -0.952756 -0.188976 -0.23622 
vn -0.952756 -0.19685 -0.220472 
vn -0.976378 -0.188976 -0.110236 
vn -0.937008 -0.181102 -0.307087 
vn -0.952756 -0.19685 -0.220472 
vn -0.968504 -0.110236 -0.228346 
vn -0.952756 -0.0314961 -0.307087 
vn -0.96063 -0.0944882 -0.259843 
vn -0.944882 0.0314961 -0.330709 
vn -0.629921 -0.377953 0.677165 
vn -0.590551 -0.535433 0.606299 
vn -0.590551 -0.535433 0.606299 
vn -0.629921 -0.377953 0.677165 
vn -0.606299 -0.574803 0.551181 
vn -0.590551 -0.535433 0.606299 
vn -0.622047 -0.551181 0.559055 
vn -0.84252 -0.015748 -0.535433 
vn -0.834646 0 -0.551181 
vn -0.84252 -0.015748 -0.535433 
vn -0.834646 0 -0.551181 
vn -0.834646 0.00787402 -0.551181 
vn -0.834646 0 -0.551181 
vn -0.370079 0.0944882 0.92126 
vn -0.338583 0.0866142 0.937008 
vn -0.322835 0.0787402 0.944882 
vn -0.283465 0.102362 0.952756 
vn -0.322835 0.0787402 0.944882 
vn -0.275591 0.125984 0.952756 
vn -0.015748 -0.330709 -0.944882 
vn -0.0787402 -0.314961 -0.944882 
vn 0.19685 -0.425197 -0.88189 
vn -0.834646 0.125984 0.535433 
vn -0.724409 0.188976 0.669291 
vn -0.708661 0.181102 0.685039 
vn -0.850394 0.102362 0.519685 
vn 0.740157 0.448819 0.503937 
vn 0.732283 0.425197 0.535433 
vn 0.748031 0.448819 0.496063 
vn -0.748031 0.220472 -0.629921 
vn -0.76378 0.275591 -0.582677 
vn -0.748031 0.23622 -0.614173 
vn -0.76378 0.299213 -0.574803 
vn -0.76378 0.133858 -0.629921 
vn -0.748031 0.23622 -0.614173 
vn -0.771654 0.110236 -0.622047 
vn -0.850394 -0.346457 0.401575 
vn -0.897638 -0.377953 0.23622 
vn -0.897638 -0.370079 0.244094 
vn -0.897638 -0.023622 -0.433071 
vn -0.96063 0.00787402 -0.267717 
vn -0.897638 -0.023622 -0.433071 
vn -0.96063 0.00787402 -0.267717 
vn -0.897638 -0.023622 -0.433071 
vn -0.84252 -0.015748 -0.535433 
vn -0.84252 -0.015748 -0.535433 
vn -0.976378 -0.181102 -0.11811 
vn -0.968504 -0.133858 -0.212598 
vn -0.976378 -0.181102 -0.125984 
vn -0.96063 -0.11811 -0.244094 
vn -0.984252 -0.15748 -0.0708661 
vn -0.976378 -0.181102 -0.11811 
vn -1 -0.0866142 -0.00787402 
vn -0.96063 0.220472 0.15748 
vn -0.92126 0.314961 0.220472 
vn -0.96063 0.220472 0.149606 
vn -0.92126 0.322835 0.220472 
vn -1 -0.0393701 -0.0472441 
vn -1 -0.0629921 -0.0551181 
vn -0.992126 -0.11811 -0.0629921 
vn -0.850394 0.322835 0.417323 
vn -0.84252 0.401575 0.370079 
vn -0.834646 0.448819 0.322835 
vn -0.889764 0.212598 0.417323 
vn -0.850394 0.322835 0.417323 
vn -0.897638 0.15748 0.409449 
vn -0.480315 0.173228 0.858268 
vn -0.480315 0.0944882 0.874016 
vn -0.480315 0.0629921 0.874016 
vn -0.472441 0.0472441 -0.88189 
vn -0.338583 0.141732 -0.929134 
vn -0.338583 0.141732 -0.929134 
vn -0.480315 0.0472441 -0.874016 
vn -0.472441 0.0472441 -0.88189 
vn -0.637795 0.0551181 -0.76378 
vn -0.629921 0.0551181 -0.771654 
vn -0.480315 0.0629921 0.874016 
vn -0.480315 0.0944882 0.874016 
vn -0.472441 0.0314961 0.88189 
vn -0.937008 -0.0314961 -0.354331 
vn -0.944882 -0.0472441 -0.330709 
vn -0.96063 -0.11811 -0.244094 
vn -0.92126 -0.023622 -0.385827 
vn -0.937008 0.0944882 -0.338583 
vn -0.937008 -0.015748 -0.354331 
vn -0.937008 0.0314961 -0.346457 
vn -0.590551 0.181102 0.787402 
vn -0.629921 0.228346 0.740157 
vn -0.582677 0.181102 0.795276 
vn -0.637795 0.23622 0.732283 
vn -0.590551 0.181102 0.787402 
vn -0.574803 0.165354 0.80315 
vn -0.811024 0.275591 0.519685 
vn -0.716535 0.370079 0.590551 
vn -0.811024 0.275591 0.519685 
vn -0.716535 0.370079 0.590551 
vn -0.811024 0.275591 0.519685 
vn -0.858268 0.141732 0.496063 
vn -0.858268 0.149606 0.496063 
vn -0.606299 0.472441 0.645669 
vn -0.716535 0.370079 0.590551 
vn -0.551181 0.527559 0.653543 
vn -0.858268 0.141732 0.496063 
vn -0.858268 0.00787402 0.511811 
vn -0.858268 0.00787402 0.511811 
vn -0.858268 -0.0866142 0.496063 
vn -0.858268 0.00787402 0.511811 
vn -0.874016 -0.110236 0.480315 
vn 0.740157 0.448819 0.503937 
vn 0.645669 0.370079 0.669291 
vn 0.732283 0.425197 0.535433 
vn -0.818898 0.440945 -0.370079 
vn -0.826772 0.511811 -0.228346 
vn -0.818898 0.440945 -0.370079 
vn -0.826772 0.511811 -0.228346 
vn -0.771654 0.377953 -0.511811 
vn -0.818898 0.440945 -0.370079 
vn -0.771654 0.377953 -0.511811 
vn -0.771654 0.377953 -0.511811 
vn -0.740157 0.322835 -0.590551 
vn -0.771654 0.220472 -0.598425 
vn 0.307087 -0.448819 -0.84252 
vn 0.322835 -0.456693 -0.826772 
vn 0.377953 -0.488189 -0.787402 
vn 0.385827 -0.488189 -0.779528 
vn 0.370079 -0.519685 -0.771654 
vn 0.362205 -0.543307 -0.76378 
vn -0.629921 -0.377953 0.677165 
vn -0.716535 -0.19685 0.669291 
vn -0.629921 -0.377953 0.677165 
vn -0.716535 -0.19685 0.669291 
vn -0.716535 0.669291 -0.220472 
vn -0.80315 0.582677 -0.110236 
vn -0.80315 0.582677 -0.110236 
vn -0.716535 0.669291 -0.212598 
vn -0.480315 0.0944882 0.874016 
vn -0.480315 0.173228 0.858268 
vn -0.472441 0.165354 0.866142 
vn -0.952756 0.23622 -0.181102 
vn -0.944882 0.322835 -0.0393701 
vn -0.952756 0.23622 -0.188976 
vn -0.944882 0.322835 -0.0393701 
vn -0.889764 -0.0472441 -0.448819 
vn -0.866142 -0.188976 -0.456693 
vn -0.889764 -0.0472441 -0.448819 
vn -0.866142 -0.188976 -0.456693 
vn -0.92126 -0.023622 0.385827 
vn -0.937008 -0.015748 0.354331 
vn -0.937008 0.0551181 0.346457 
vn -0.937008 0.0314961 0.346457 
vn 0.433071 -0.480315 -0.76378 
vn 0.370079 -0.551181 -0.748031 
vn 0.362205 -0.551181 -0.748031 
vn 0.433071 -0.480315 -0.76378 
vn -0.779528 0.23622 -0.582677 
vn -0.795276 0.283465 -0.543307 
vn -0.771654 0.23622 -0.582677 
vn -0.795276 0.283465 -0.535433 
vn -0.984252 -0.173228 -0.0944882 
vn -0.984252 -0.173228 -0.0866142 
vn -0.968504 -0.23622 -0.11811 
vn -0.968504 -0.244094 -0.102362 
vn -0.80315 0.0944882 0.582677 
vn -0.795276 -0.0708661 0.606299 
vn -0.795276 -0.0551181 0.606299 
vn -0.811024 0.110236 0.582677 
vn -0.708661 -0.464567 0.535433 
vn -0.582677 -0.582677 0.566929 
vn -0.590551 -0.574803 0.566929 
vn -0.708661 -0.456693 0.527559 
vn -0.590551 -0.574803 0.566929 
vn -0.456693 -0.677165 0.582677 
vn -0.464567 -0.669291 0.582677 
vn -0.456693 -0.677165 0.582677 
vn -0.354331 -0.740157 0.574803 
vn -0.259843 -0.80315 0.535433 
vn 0.370079 -0.551181 -0.748031 
vn 0.362205 -0.543307 -0.76378 
vn 0.362205 -0.551181 -0.748031 
vn 0.370079 -0.519685 -0.771654 
vn -0.984252 -0.173228 0.0944882 
vn -0.968504 -0.244094 0.102362 
vn -0.968504 -0.23622 0.11811 
vn -0.984252 -0.173228 0.0866142 
vn -0.897638 0.314961 -0.322835 
vn -0.905512 0.377953 -0.204724 
vn -0.905512 0.377953 -0.19685 
vn -0.897638 0.307087 -0.322835 
vn -0.826772 0.464567 0.314961 
vn -0.811024 0.377953 0.448819 
vn -0.826772 0.472441 0.299213 
vn -0.811024 0.377953 0.456693 
vn -0.84252 0.275591 -0.456693 
vn -0.795276 0.283465 -0.535433 
vn -0.84252 0.275591 -0.456693 
vn -0.795276 0.283465 -0.543307 
vn -0.811024 0.377953 0.456693 
vn -0.795276 0.299213 0.527559 
vn -0.811024 0.377953 0.448819 
vn -0.795276 0.299213 0.535433 
vn -0.826772 0.370079 -0.425197 
vn -0.779528 0.393701 -0.488189 
vn -0.779528 0.393701 -0.488189 
vn -0.795276 0.377953 -0.472441 
vn -0.96063 -0.11811 -0.244094 
vn -0.944882 -0.0472441 -0.330709 
vn -0.968504 -0.133858 -0.212598 
vn -0.818898 0.181102 0.543307 
vn -0.826772 0.244094 0.511811 
vn -0.818898 0.181102 0.551181 
vn -0.826772 0.244094 0.511811 
vn -0.976378 -0.188976 -0.110236 
vn -0.992126 -0.141732 -0.0393701 
vn -0.976378 -0.188976 -0.110236 
vn -0.992126 -0.141732 -0.0393701 
vn -0.984252 -0.0393701 -0.173228 
vn -0.889764 -0.259843 -0.370079 
vn -0.913386 -0.244094 -0.338583 
vn -0.826772 0.370079 -0.425197 
vn -0.88189 0.385827 -0.275591 
vn -0.795276 0.377953 -0.472441 
vn -0.937008 0.023622 0.354331 
vn -0.984252 -0.015748 0.181102 
vn -0.952756 0.0393701 0.314961 
vn -0.984252 0 0.165354 
vn -0.96063 -0.023622 0.283465 
vn -0.952756 -0.0551181 0.299213 
vn -0.96063 0.00787402 0.275591 
vn -0.968504 -0.0393701 0.259843 
vn -0.338583 0.322835 0.88189 
vn -0.464567 0.440945 0.771654 
vn -0.448819 0.425197 0.787402 
vn -0.464567 0.440945 0.771654 
vn -0.629921 0.519685 0.574803 
vn -0.629921 0.519685 0.566929 
vn -0.629921 -0.535433 0.559055 
vn -0.622047 -0.551181 0.559055 
vn -0.606299 -0.574803 0.551181 
vn -0.330709 0.0708661 0.944882 
vn -0.433071 0.023622 0.897638 
vn -0.448819 0.015748 0.897638 
vn -0.299213 0.0944882 0.944882 
vn -0.433071 0.023622 0.897638 
vn -0.551181 -0.015748 0.834646 
vn -0.574803 -0.015748 0.818898 
vn -0.685039 0.0629921 0.724409 
vn -0.551181 -0.015748 0.834646 
vn -0.834646 0.102362 0.535433 
vn -0.811024 0.212598 0.543307 
vn -0.818898 0.228346 0.527559 
vn -0.84252 0.0629921 0.527559 
vn -0.952756 0.251969 0.149606 
vn -0.937008 0.338583 0.0551181 
vn -0.937008 0.338583 0.0472441 
vn -0.952756 0.251969 0.149606 
vn -0.952756 0.251969 0.149606 
vn -0.96063 0.141732 0.23622 
vn -0.96063 0.141732 0.244094 
vn -0.637795 0.338583 -0.692913 
vn -0.700787 0.165354 -0.692913 
vn -0.637795 0.330709 -0.692913 
vn -0.700787 0.165354 -0.692913 
vn -0.700787 0.165354 -0.692913 
vn -0.76378 -0.0314961 -0.645669 
vn -0.755906 -0.023622 -0.653543 
vn -0.787402 0.433071 -0.433071 
vn -0.771654 0.283465 -0.566929 
vn -0.787402 0.433071 -0.433071 
vn -0.771654 0.283465 -0.574803 
vn -0.88189 0.385827 -0.275591 
vn -0.826772 0.370079 -0.425197 
vn -0.897638 0.377953 -0.212598 
vn -0.480315 0.0551181 0.874016 
vn -0.480315 0.0629921 0.874016 
vn -0.472441 0.0314961 0.88189 
vn -0.519685 -0.023622 0.850394 
vn -0.574803 0.149606 0.80315 
vn -0.480315 0.0551181 0.874016 
vn -0.519685 -0.023622 0.850394 
vn -0.653543 -0.00787402 0.755906 
vn -0.755906 0.472441 0.448819 
vn -0.779528 0.551181 0.299213 
vn -0.755906 0.472441 0.448819 
vn -0.779528 0.551181 0.299213 
vn -0.866142 0.346457 -0.370079 
vn -0.858268 0.480315 -0.188976 
vn -0.858268 0.480315 -0.181102 
vn -0.866142 0.338583 -0.370079 
vn -0.795276 0.299213 0.535433 
vn -0.787402 0.220472 0.574803 
vn -0.795276 0.299213 0.527559 
vn -0.787402 0.220472 0.574803 
vn -0.952756 -0.181102 -0.244094 
vn -0.944882 -0.322835 -0.0629921 
vn -0.937008 -0.299213 -0.181102 
vn -0.944882 -0.330709 -0.015748 
vn -0.937008 -0.299213 -0.181102 
vn -0.527559 -0.173228 0.834646 
vn -0.622047 -0.0393701 0.779528 
vn -0.566929 -0.0944882 0.818898 
vn -0.527559 -0.181102 0.834646 
vn -0.850394 0.102362 -0.519685 
vn -0.826772 0.165354 -0.543307 
vn -0.850394 0.0866142 -0.519685 
vn -0.850394 0.102362 -0.519685 
vn -0.874016 0.0472441 -0.480315 
vn -0.913386 -0.00787402 -0.401575 
vn -0.866142 0.220472 -0.448819 
vn -0.850394 0.330709 -0.409449 
vn -0.866142 0.220472 -0.448819 
vn -0.850394 0.330709 -0.409449 
vn -0.850394 0.133858 -0.511811 
vn -0.866142 0.220472 -0.448819 
vn -0.850394 0.133858 -0.511811 
vn -0.811024 0.149606 -0.566929 
vn -0.779528 0.23622 -0.582677 
vn -0.80315 0.165354 -0.574803 
vn -0.771654 0.23622 -0.582677 
vn -0.937008 0.0472441 -0.354331 
vn -0.968504 -0.0551181 -0.251969 
vn -0.937008 0.0393701 -0.338583 
vn -0.968504 -0.0708661 -0.23622 
vn -0.511811 0.0314961 0.858268 
vn -0.472441 0.102362 0.874016 
vn -0.456693 0.15748 0.874016 
vn -0.519685 0.015748 0.858268 
vn -0.96063 0.259843 0.015748 
vn -0.952756 0.299213 0.0708661 
vn -0.968504 0.23622 -0.0629921 
vn -0.866142 0.346457 -0.370079 
vn -0.84252 0.275591 -0.456693 
vn -0.866142 0.338583 -0.370079 
vn -0.84252 0.275591 -0.456693 
vn -0.826772 0.472441 0.299213 
vn -0.834646 0.535433 0.11811 
vn -0.826772 0.464567 0.314961 
vn -0.834646 0.535433 0.110236 
vn -0.929134 0.181102 -0.322835 
vn -0.952756 0.23622 -0.188976 
vn -0.929134 0.181102 -0.322835 
vn -0.952756 0.23622 -0.181102 
vn -0.952756 0.0787402 0.291339 
vn -0.952756 0.0393701 0.291339 
vn -0.952756 0.0393701 0.291339 
vn -0.952756 0.0787402 0.291339 
vn -0.952756 0.0393701 0.291339 
vn -0.944882 0.023622 0.330709 
vn -0.944882 0.023622 0.322835 
vn -0.929134 0.0866142 0.362205 
vn -0.944882 0.023622 0.330709 
vn -0.929134 0.0866142 0.362205 
vn -0.818898 0.566929 0.00787402 
vn -0.732283 0.645669 -0.220472 
vn -0.818898 0.582677 0.00787402 
vn -0.732283 0.645669 -0.212598 
vn -0.976378 -0.188976 0.102362 
vn -0.937008 -0.19685 0.299213 
vn -0.976378 -0.188976 0.102362 
vn -0.937008 -0.19685 0.291339 
vn -0.811024 0.551181 -0.181102 
vn -0.787402 0.433071 -0.433071 
vn -0.811024 0.551181 -0.188976 
vn -0.787402 0.433071 -0.433071 
vn -0.913386 0.0314961 -0.409449 
vn -0.937008 -0.0314961 -0.354331 
vn -0.897638 0.102362 -0.425197 
vn -0.944882 -0.0472441 -0.330709 
vn -0.80315 0.362205 0.472441 
vn -0.858268 0.330709 0.401575 
vn -0.80315 0.362205 0.472441 
vn -0.834646 0.338583 0.440945 
vn -0.952756 0.299213 0.0708661 
vn -0.937008 0.291339 0.19685 
vn -0.92126 0.307087 0.251969 
vn -0.96063 0.259843 0.015748 
vn -0.811024 0.212598 0.543307 
vn -0.834646 0.181102 0.519685 
vn -0.818898 0.228346 0.527559 
vn -0.834646 0.212598 0.511811 
vn -0.96063 -0.275591 -0.0314961 
vn -0.976378 -0.188976 0.102362 
vn -0.96063 -0.275591 -0.0314961 
vn -0.976378 -0.188976 0.102362 
vn -0.866142 0.228346 0.448819 
vn -0.834646 0.102362 0.543307 
vn -0.866142 0.228346 0.440945 
vn -0.834646 0.102362 0.543307 
vn -0.866142 0.346457 0.362205 
vn -0.866142 0.228346 0.448819 
vn -0.866142 0.346457 0.362205 
vn -0.826772 0.125984 -0.551181 
vn -0.826772 0.102362 -0.551181 
vn -0.826772 0.0393701 -0.559055 
vn -0.96063 0.181102 0.204724 
vn -0.944882 0.322835 0.0787402 
vn -0.937008 0.354331 0 
vn -0.96063 0.23622 0.173228 
vn -0.80315 0.11811 0.582677 
vn -0.811024 0.15748 0.559055 
vn -0.826772 0.149606 0.543307 
vn -0.811024 0.0944882 0.582677 
vn -0.80315 0.11811 0.582677 
vn -0.818898 0.0314961 0.574803 
vn -0.811024 0.0944882 0.582677 
vn -0.755906 0.307087 -0.582677 
vn -0.779528 0.204724 -0.590551 
vn -0.755906 0.307087 -0.574803 
vn -0.779528 0.204724 -0.590551 
vn -0.795276 0.125984 -0.590551 
vn -0.779528 0.204724 -0.590551 
vn -0.795276 0.125984 -0.590551 
vn -0.787402 -0.0393701 -0.614173 
vn -0.795276 -0.149606 -0.582677 
vn -0.795276 -0.023622 -0.606299 
vn -0.795276 -0.15748 -0.582677 
vn -0.858268 0.220472 -0.464567 
vn -0.850394 0.133858 -0.503937 
vn -0.850394 0.19685 -0.496063 
vn -0.850394 0.244094 -0.472441 
vn -0.913386 -0.00787402 -0.401575 
vn -0.874016 0.0472441 -0.480315 
vn -0.929134 -0.0314961 -0.362205 
vn -0.96063 -0.125984 -0.259843 
vn -0.952756 -0.181102 -0.244094 
vn -0.937008 -0.299213 -0.181102 
vn -0.771654 0.149606 -0.622047 
vn -0.834646 0.133858 -0.543307 
vn -0.76378 0.149606 -0.629921 
vn -0.850394 0.133858 -0.503937 
vn -0.976378 0.212598 0.0314961 
vn -0.937008 0.244094 0.23622 
vn -0.976378 0.204724 0.023622 
vn -0.937008 0.244094 0.251969 
vn -0.629921 0.212598 0.748031 
vn -0.511811 0.338583 0.787402 
vn -0.574803 0.322835 0.748031 
vn -0.511811 0.338583 0.787402 
vn -0.511811 0.338583 0.787402 
vn -0.425197 0.220472 0.88189 
vn -0.425197 0.228346 0.874016 
vn -0.826772 0.125984 -0.551181 
vn -0.834646 0.165354 -0.527559 
vn -0.826772 0.102362 -0.551181 
vn -0.834646 0.165354 -0.519685 
vn -0.826772 0.149606 0.543307 
vn -0.811024 0.15748 0.559055 
vn -0.850394 0.141732 0.511811 
vn -0.724409 0.133858 -0.677165 
vn -0.748031 0.125984 -0.653543 
vn -0.811024 0.11811 -0.574803 
vn -0.811024 0.11811 -0.574803 
vn -0.582677 0.188976 -0.787402 
vn -0.748031 0.125984 -0.653543 
vn -0.535433 0.204724 -0.818898 
vn -0.448819 0.23622 -0.866142 
vn -0.582677 0.188976 -0.787402 
vn -0.811024 0.11811 -0.574803 
vn -0.811024 0.23622 -0.535433 
vn -0.811024 0.228346 -0.535433 
vn -0.937008 0.0314961 -0.346457 
vn -0.937008 0.0944882 -0.338583 
vn -0.944882 0.102362 -0.299213 
vn -0.811024 0.015748 -0.582677 
vn -0.795276 -0.023622 -0.606299 
vn -0.826772 0.0393701 -0.559055 
vn -0.787402 -0.0393701 -0.614173 
vn -0.850394 0.0944882 0.511811 
vn -0.858268 0.0944882 0.496063 
vn -0.818898 0.141732 0.559055 
vn -0.850394 0.0944882 0.511811 
vn -0.889764 0.0629921 0.456693 
vn -0.937008 0.023622 0.354331 
vn -0.417323 -0.133858 0.897638 
vn -0.527559 -0.173228 0.834646 
vn -0.480315 -0.220472 0.850394 
vn -0.527559 -0.181102 0.834646 
vn -0.834646 0.165354 -0.519685 
vn -0.84252 0.165354 -0.519685 
vn -0.834646 0.165354 -0.527559 
vn -0.787402 0.188976 -0.582677 
vn -0.771654 0.283465 -0.574803 
vn -0.787402 0.188976 -0.582677 
vn -0.771654 0.283465 -0.566929 
vn -0.937008 0.0314961 0.346457 
vn -0.944882 0.0866142 0.322835 
vn -0.937008 0.0551181 0.346457 
vn -0.834646 0.165354 -0.519685 
vn -0.84252 0.15748 -0.519685 
vn -0.84252 0.165354 -0.519685 
vn -0.850394 0.110236 -0.511811 
vn -0.787402 -0.0472441 0.622047 
vn -0.795276 -0.15748 0.590551 
vn -0.795276 -0.165354 0.582677 
vn -0.787402 -0.0314961 0.614173 
vn -0.80315 0.00787402 0.590551 
vn -0.787402 -0.0314961 0.614173 
vn -0.787402 -0.0472441 0.622047 
vn -0.818898 0.0314961 0.574803 
vn -0.834646 0.212598 0.511811 
vn -0.834646 0.181102 0.519685 
vn -0.850394 0.0944882 0.519685 
vn -0.622047 -0.0393701 0.779528 
vn -0.653543 0.00787402 0.755906 
vn -0.566929 -0.0944882 0.818898 
vn -0.897638 0.149606 -0.417323 
vn -0.889764 0.15748 -0.425197 
vn -0.811024 0.173228 -0.559055 
vn -0.787402 0.173228 -0.598425 
vn -0.826772 0.023622 -0.566929 
vn -0.84252 0.181102 -0.511811 
vn -0.826772 0.0314961 -0.566929 
vn -0.84252 0.188976 -0.511811 
vn -0.80315 0.11811 0.590551 
vn -0.787402 0.220472 0.574803 
vn -0.787402 0.220472 0.574803 
vn -0.80315 0.11811 0.590551 
vn -0.992126 -0.141732 -0.0393701 
vn -0.992126 -0.0866142 -0.0393701 
vn -0.992126 -0.141732 -0.0393701 
vn -0.992126 -0.0866142 -0.0393701 
vn -0.850394 0.244094 -0.472441 
vn -0.874016 0.110236 -0.480315 
vn -0.858268 0.220472 -0.464567 
vn -0.338583 -0.212598 0.913386 
vn -0.338583 -0.606299 0.724409 
vn -0.338583 -0.574803 0.748031 
vn -0.338583 -0.165354 0.929134 
vn -0.314961 -0.748031 0.590551 
vn -0.338583 -0.574803 0.748031 
vn -0.897638 0.102362 -0.425197 
vn -0.88189 0.15748 -0.440945 
vn -0.913386 0.0314961 -0.409449 
vn -0.952756 0.0787402 -0.291339 
vn -0.952756 0.0708661 -0.299213 
vn -0.952756 0.0787402 -0.291339 
vn -0.952756 0.0708661 -0.299213 
vn -0.92126 0.165354 -0.362205 
vn -0.952756 0.0708661 -0.299213 
vn -0.92126 0.165354 -0.362205 
vn -0.92126 0.165354 -0.362205 
vn -0.858268 0.307087 -0.409449 
vn -0.858268 0.299213 -0.409449 
vn -0.543307 -0.015748 0.834646 
vn -0.519685 0.015748 0.858268 
vn -0.511811 0.0314961 0.858268 
vn -0.543307 -0.015748 0.834646 
vn -0.543307 -0.015748 0.834646 
vn -0.590551 0.00787402 0.80315 
vn -0.590551 0.00787402 0.80315 
vn -0.858268 0.330709 0.401575 
vn -0.834646 0.338583 0.440945 
vn -0.92126 0.307087 0.251969 
vn -0.850394 0.110236 -0.511811 
vn -0.834646 0.110236 -0.535433 
vn -0.84252 0.15748 -0.519685 
vn -0.929134 0.181102 -0.322835 
vn -0.897638 0.149606 -0.409449 
vn -0.929134 0.181102 -0.322835 
vn -0.897638 0.149606 -0.409449 
vn -0.889764 0.125984 -0.440945 
vn -0.897638 0.149606 -0.409449 
vn -0.889764 0.125984 -0.440945 
vn -0.732283 0.267717 -0.622047 
vn -0.716535 0.503937 -0.480315 
vn -0.732283 0.291339 -0.614173 
vn -0.716535 0.519685 -0.464567 
vn -0.716535 0.503937 -0.480315 
vn -0.732283 0.645669 -0.212598 
vn -0.732283 0.645669 -0.220472 
vn -0.968504 -0.0393701 0.259843 
vn -0.992126 -0.0472441 0.125984 
vn -0.952756 -0.0551181 0.299213 
vn -0.866142 0.220472 -0.448819 
vn -0.88189 0.251969 -0.401575 
vn -0.88189 0.259843 -0.393701 
vn -0.897638 0.307087 -0.322835 
vn -0.88189 0.259843 -0.393701 
vn -0.897638 0.314961 -0.322835 
vn -0.629921 0.212598 0.748031 
vn -0.574803 0.322835 0.748031 
vn -0.685039 0.11811 0.716535 
vn -0.779528 0.133858 0.614173 
vn -0.771654 0.23622 0.590551 
vn -0.826772 0.244094 0.503937 
vn -0.771654 0.141732 0.614173 
vn -0.826772 0.0314961 0.559055 
vn -0.779528 0.133858 0.614173 
vn -0.858268 0.0314961 -0.511811 
vn -0.850394 0.19685 -0.496063 
vn -0.850394 0.133858 -0.503937 
vn -0.866142 0.00787402 -0.503937 
vn -0.629921 0.181102 -0.755906 
vn -0.724409 0.0629921 -0.685039 
vn -0.740157 0.0629921 -0.669291 
vn -0.622047 0.220472 -0.755906 
vn -0.80315 0.133858 0.582677 
vn -0.818898 0.181102 0.551181 
vn -0.80315 0.133858 0.582677 
vn -0.818898 0.181102 0.543307 
vn -0.96063 0.181102 0.204724 
vn -0.96063 0.125984 0.251969 
vn -0.96063 0.23622 0.173228 
vn -0.858268 0.204724 0.472441 
vn -0.937008 0.244094 0.251969 
vn -0.850394 0.19685 0.488189 
vn -0.937008 0.244094 0.23622 
vn -1 -0.0551181 -0.0314961 
vn -1 -0.0314961 -0.023622 
vn -1 -0.0551181 -0.0314961 
vn -1 -0.0314961 -0.023622 
vn -0.732283 0.11811 -0.669291 
vn -0.732283 0.11811 -0.677165 
vn -0.732283 0.11811 -0.669291 
vn -0.740157 0.0944882 -0.669291 
vn -0.732283 0.11811 -0.677165 
vn -0.740157 0.0944882 -0.669291 
vn -0.889764 0.125984 -0.433071 
vn -0.929134 0.125984 -0.354331 
vn -0.88189 0.0393701 -0.464567 
vn -0.850394 0.0944882 0.519685 
vn -0.834646 0.0944882 0.543307 
vn -0.88189 0.0393701 0.464567 
vn -0.779528 0.125984 0.614173 
vn -0.80315 0.133858 0.582677 
vn -0.779528 0.125984 0.614173 
vn -0.80315 0.133858 0.582677 
vn -0.779528 0.125984 0.614173 
vn -0.771654 0.125984 0.622047 
vn -0.92126 0.307087 0.251969 
vn -0.937008 0.291339 0.19685 
vn -0.858268 0.330709 0.401575 
vn -0.818898 0.15748 -0.543307 
vn -0.787402 0.188976 -0.582677 
vn -0.818898 0.15748 -0.551181 
vn -0.787402 0.188976 -0.582677 
vn -0.850394 0.110236 -0.511811 
vn -0.874016 0.0629921 -0.480315 
vn -0.834646 0.110236 -0.535433 
vn -0.826772 0.0393701 -0.559055 
vn -0.84252 0.0472441 -0.535433 
vn -0.811024 0.015748 -0.582677 
vn -0.677165 0.0551181 0.732283 
vn -0.653543 0.00787402 0.755906 
vn -0.622047 -0.0393701 0.779528 
vn -0.685039 0.11811 0.716535 
vn -0.716535 0.125984 0.685039 
vn -0.716535 0.133858 0.685039 
vn -0.724409 0.0551181 0.692913 
vn -0.874016 0.110236 -0.480315 
vn -0.874016 0.0393701 -0.488189 
vn -0.858268 0.0866142 -0.511811 
vn -0.80315 0.0866142 -0.590551 
vn -0.732283 0.149606 -0.661417 
vn -0.811024 0.0866142 -0.582677 
vn -0.732283 0.15748 -0.661417 
vn -0.944882 -0.330709 -0.015748 
vn -0.944882 -0.299213 0.15748 
vn -0.944882 -0.299213 0.149606 
vn -0.944882 -0.322835 -0.0629921 
vn -0.952756 0.0787402 -0.291339 
vn -0.944882 0.149606 -0.283465 
vn -0.952756 0.0787402 -0.291339 
vn -0.944882 0.149606 -0.283465 
vn -0.826772 0.0393701 -0.559055 
vn -0.826772 0.102362 -0.551181 
vn -0.84252 0.0472441 -0.535433 
vn -0.944882 0.110236 0.314961 
vn -0.96063 0.110236 0.259843 
vn -0.96063 0.11811 0.251969 
vn -0.944882 0.0866142 0.322835 
vn -0.716535 0.23622 0.653543 
vn -0.716535 0.133858 0.685039 
vn -0.716535 0.125984 0.685039 
vn -0.716535 0.228346 0.653543 
vn -0.818898 0.0314961 0.574803 
vn -0.834646 0.0393701 0.551181 
vn -0.811024 0.0944882 0.582677 
vn -0.80315 0.00787402 0.590551 
vn -0.826772 0.149606 0.543307 
vn -0.858268 0.133858 0.496063 
vn -0.874016 0.125984 0.464567 
vn -0.850394 0.141732 0.511811 
vn -0.834646 0.0944882 0.543307 
vn -0.850394 0.0944882 0.519685 
vn -0.834646 0.181102 0.519685 
vn -0.771654 0.110236 -0.622047 
vn -0.866142 0.0944882 -0.488189 
vn -0.874016 0.0944882 -0.480315 
vn -0.76378 0.133858 -0.629921 
vn -0.850394 0.133858 -0.511811 
vn -0.811024 0.149606 -0.566929 
vn -0.850394 0.133858 -0.511811 
vn -0.80315 0.165354 -0.574803 
vn -1 -0.0314961 -0.0787402 
vn -0.992126 -0.0866142 -0.0393701 
vn -1 -0.0314961 -0.0787402 
vn -0.992126 -0.0866142 -0.0393701 
vn -1 -0.0551181 0.015748 
vn -1 -0.0551181 0 
vn -0.992126 -0.0393701 -0.0866142 
vn -0.952756 0.299213 0.015748 
vn -0.992126 0.125984 0.015748 
vn -0.952756 0.299213 0.015748 
vn -0.992126 0.125984 0.015748 
vn -0.976378 0.15748 -0.165354 
vn -0.968504 0.23622 -0.0629921 
vn -0.968504 0.19685 -0.133858 
vn -0.96063 0.259843 0.015748 
vn -0.834646 0.133858 -0.527559 
vn -0.818898 0.15748 -0.543307 
vn -0.834646 0.133858 -0.527559 
vn -0.818898 0.15748 -0.551181 
vn -0.952756 0.0787402 0.291339 
vn -0.944882 0.149606 0.283465 
vn -0.944882 0.149606 0.283465 
vn -0.952756 0.0787402 0.291339 
vn -0.968504 -0.173228 -0.15748 
vn -0.96063 -0.204724 -0.19685 
vn -0.96063 -0.188976 -0.19685 
vn -0.984252 -0.141732 -0.133858 
vn -0.874016 0.125984 0.464567 
vn -0.858268 0.133858 0.496063 
vn -0.858268 0.11811 0.496063 
vn -0.992126 0.125984 -0.0866142 
vn -0.976378 0.204724 0.023622 
vn -0.992126 0.11811 -0.0866142 
vn -0.976378 0.212598 0.0314961 
vn -0.992126 -0.0314961 -0.141732 
vn -1 0.0314961 -0.015748 
vn -0.992126 -0.0393701 -0.149606 
vn -0.992126 0.102362 -0.015748 
vn -0.96063 -0.0708661 -0.267717 
vn -0.992126 -0.0314961 -0.141732 
vn -0.92126 -0.393701 -0.0708661 
vn -0.88189 -0.377953 -0.275591 
vn -0.897638 -0.393701 -0.220472 
vn -0.874016 -0.354331 -0.330709 
vn -0.92126 -0.393701 -0.0314961 
vn -0.897638 -0.377953 0.23622 
vn -0.897638 -0.370079 0.244094 
vn -1 -0.0866142 -0.00787402 
vn -0.984252 -0.15748 -0.0708661 
vn -1 -0.0314961 0.0472441 
vn -0.968504 -0.173228 0.15748 
vn -0.96063 -0.188976 0.19685 
vn -0.96063 -0.204724 0.19685 
vn -0.984252 -0.141732 0.133858 
vn -0.952756 0.149606 -0.267717 
vn -0.976378 0.0866142 -0.220472 
vn -0.944882 0.102362 -0.299213 
vn -0.976378 0.0866142 -0.212598 
vn -0.929134 0.0866142 0.362205 
vn -0.897638 0.244094 0.362205 
vn -0.897638 0.251969 0.362205 
vn -0.929134 0.0866142 0.362205 
vn -0.622047 0.0393701 0.779528 
vn -0.629921 0.0314961 0.771654 
vn -0.574803 0.149606 0.80315 
vn -0.685039 -0.102362 0.724409 
vn -0.629921 0.0314961 0.771654 
vn -0.685039 -0.0944882 0.724409 
vn -0.874016 0.125984 0.464567 
vn -0.858268 0.11811 0.496063 
vn -0.905512 0.0944882 0.417323 
vn -0.992126 -0.110236 -0.023622 
vn -1 -0.0551181 -0.0314961 
vn -1 -0.0393701 -0.023622 
vn -0.992126 -0.11811 -0.015748 
vn -0.76378 0.251969 -0.598425 
vn -0.771654 0.19685 -0.606299 
vn -0.76378 0.244094 -0.598425 
vn -0.818898 0.220472 -0.535433 
vn -0.84252 0.15748 -0.519685 
vn -0.834646 0.165354 -0.519685 
vn -0.88189 0.102362 -0.456693 
vn -0.84252 0.15748 -0.519685 
vn -0.889764 0.102362 -0.448819 
vn -0.88189 0.102362 -0.456693 
vn -0.937008 0.0472441 -0.354331 
vn -0.937008 0.0393701 -0.338583 
vn -0.889764 0.125984 -0.440945 
vn -0.905512 0.015748 -0.433071 
vn -0.889764 0.125984 -0.440945 
vn -0.905512 0 -0.425197 
vn -0.622047 0.125984 0.771654 
vn -0.440945 0.322835 0.834646 
vn -0.629921 0.0629921 0.771654 
vn -0.629921 0.0551181 -0.771654 
vn -0.732283 0.11811 -0.669291 
vn -0.637795 0.0551181 -0.76378 
vn -0.740157 0.133858 -0.661417 
vn -1 -0.00787402 0.0472441 
vn -1 -0.0472441 -0.023622 
vn -1 0 0.0551181 
vn -0.818898 0.582677 0.00787402 
vn -0.905512 0.409449 0.0866142 
vn -0.818898 0.566929 0.00787402 
vn -0.913386 0.401575 0.0866142 
vn -0.944882 0.149606 0.299213 
vn -0.889764 0.11811 0.440945 
vn -0.92126 0.133858 0.354331 
vn -0.952756 0.149606 0.259843 
vn -0.937008 -0.023622 0.354331 
vn -0.92126 0.133858 0.354331 
vn -0.889764 0.125984 -0.433071 
vn -0.952756 0.125984 -0.267717 
vn -0.929134 0.125984 -0.354331 
vn -0.968504 0.11811 -0.204724 
vn -0.96063 0.259843 -0.102362 
vn -0.92126 0.385827 -0.0393701 
vn -0.96063 0.267717 -0.102362 
vn -0.92126 0.385827 -0.0472441 
vn -0.92126 0.385827 -0.0393701 
vn -0.905512 0.433071 -0.00787402 
vn -0.740157 0.0944882 -0.669291 
vn -0.740157 0.0944882 -0.669291 
vn -0.818898 0.0866142 -0.566929 
vn -0.811024 0.0787402 -0.574803 
vn -0.897638 0.0551181 -0.433071 
vn -0.874016 0.0629921 -0.480315 
vn -0.850394 0.110236 -0.511811 
vn -0.968504 -0.0708661 -0.23622 
vn -0.992126 0.023622 -0.0866142 
vn -0.976378 -0.0551181 -0.204724 
vn -1 0.0393701 -0.0708661 
vn -0.629921 0.409449 0.653543 
vn -0.661417 0.291339 0.692913 
vn -0.661417 0.291339 0.692913 
vn -0.629921 0.409449 0.653543 
vn -0.724409 0.102362 0.677165 
vn -0.661417 0.291339 0.692913 
vn -0.732283 0.0944882 0.677165 
vn -0.984252 -0.173228 -0.0944882 
vn -0.992126 -0.102362 -0.0787402 
vn -0.984252 -0.173228 -0.0866142 
vn -0.992126 -0.102362 -0.0866142 
vn -0.897638 0.15748 0.409449 
vn -0.92126 0.023622 0.393701 
vn -0.913386 0.0629921 0.393701 
vn -0.889764 0.212598 0.417323 
vn -0.850394 0.133858 -0.503937 
vn -0.866142 0.133858 -0.480315 
vn -0.834646 0.133858 -0.543307 
vn -0.574803 -0.0551181 0.818898 
vn -0.622047 0.125984 0.771654 
vn -0.629921 0.0629921 0.771654 
vn -0.811024 0.228346 -0.535433 
vn -0.771654 0.385827 -0.503937 
vn -0.811024 0.23622 -0.535433 
vn -0.771654 0.401575 -0.488189 
vn -0.874016 0.212598 -0.433071 
vn -0.913386 0.0944882 -0.401575 
vn -0.913386 0.0866142 -0.401575 
vn -0.874016 0.212598 -0.440945 
vn -0.984252 -0.173228 0.0944882 
vn -0.992126 -0.102362 0.0787402 
vn -0.992126 -0.102362 0.0866142 
vn -0.984252 -0.173228 0.0866142 
vn -0.677165 0.0629921 0.732283 
vn -0.677165 0.0629921 0.732283 
vn -0.590551 0.00787402 0.80315 
vn -0.590551 0.00787402 0.80315 
vn -0.716535 0.228346 0.653543 
vn -0.755906 0.299213 0.582677 
vn -0.748031 0.299213 0.590551 
vn -0.716535 0.23622 0.653543 
vn -0.952756 0.149606 0.259843 
vn -0.976378 0.149606 0.173228 
vn -0.944882 0.149606 0.299213 
vn -0.992126 0.133858 0.0314961 
vn -0.858268 0.0866142 -0.511811 
vn -0.858268 0.220472 -0.464567 
vn -0.874016 0.110236 -0.480315 
vn -0.771654 0.385827 -0.503937 
vn -0.771654 0.401575 -0.488189 
vn -0.755906 0.488189 -0.440945 
vn -0.795276 0.125984 -0.590551 
vn -0.818898 0.0866142 -0.574803 
vn -0.795276 0.125984 -0.590551 
vn -0.818898 0.0866142 -0.574803 
vn -0.834646 0.102362 -0.543307 
vn -0.834646 0.102362 -0.543307 
vn -0.818898 0.0866142 -0.574803 
vn -0.834646 0.133858 -0.527559 
vn -0.834646 0.102362 -0.543307 
vn -0.834646 0.133858 -0.527559 
vn -0.834646 0.188976 -0.519685 
vn -0.732283 0.330709 -0.598425 
vn -0.811024 0.220472 -0.543307 
vn -0.937008 0.0787402 -0.346457 
vn -0.937008 0.0787402 -0.338583 
vn -0.937008 0.0708661 -0.346457 
vn -0.944882 0.0787402 -0.330709 
vn -0.80315 0.19685 0.566929 
vn -0.779528 0.362205 0.511811 
vn -0.779528 0.354331 0.519685 
vn -0.80315 0.19685 0.566929 
vn -0.80315 0.19685 0.566929 
vn -0.818898 0.141732 0.559055 
vn -0.850394 0.0944882 0.511811 
vn -1 -0.00787402 -0.0393701 
vn -0.992126 0.0866142 -0.0866142 
vn -0.992126 0.0866142 -0.0787402 
vn -1 -0.00787402 -0.0393701 
vn -1 -0.00787402 -0.0393701 
vn -1 -0.0551181 -0.0314961 
vn -1 -0.0551181 -0.0314961 
vn -0.874016 0.212598 0.433071 
vn -0.913386 0.0866142 0.401575 
vn -0.913386 0.0944882 0.401575 
vn -0.874016 0.212598 0.440945 
vn -0.779528 0.0787402 0.622047 
vn -0.748031 0.149606 0.653543 
vn -0.740157 0.149606 0.653543 
vn -0.779528 0.0708661 0.622047 
vn -0.779528 0.0787402 0.622047 
vn -0.795276 0.0393701 0.606299 
vn -0.716535 -0.19685 0.669291 
vn -0.80315 -0.0944882 0.590551 
vn -0.716535 -0.19685 0.669291 
vn -0.80315 -0.0866142 0.590551 
vn -0.992126 -0.0708661 -0.125984 
vn -0.992126 -0.0708661 -0.110236 
vn -1 -0.0629921 0.0393701 
vn -0.992126 -0.0472441 0.125984 
vn -0.968504 -0.0393701 0.259843 
vn -1 -0.0629921 0.0393701 
vn -0.76378 0.244094 -0.598425 
vn -0.771654 0.299213 -0.551181 
vn -0.76378 0.251969 -0.598425 
vn -0.771654 0.299213 -0.559055 
vn -0.92126 0.0708661 0.377953 
vn -0.874016 0.125984 0.464567 
vn -0.905512 0.0944882 0.417323 
vn -0.897638 0.204724 -0.393701 
vn -0.740157 0.125984 -0.661417 
vn -0.740157 0.125984 -0.661417 
vn -0.771654 0.141732 -0.614173 
vn -0.92126 -0.393701 -0.0708661 
vn -0.897638 -0.393701 -0.220472 
vn -0.92126 -0.393701 -0.0314961 
vn -0.464567 -0.0393701 0.88189 
vn -0.574803 -0.0551181 0.818898 
vn -0.629921 0.0629921 0.771654 
vn -0.330709 -0.015748 0.944882 
vn -0.740157 0.149606 0.653543 
vn -0.700787 0.267717 0.661417 
vn -0.700787 0.267717 0.661417 
vn -0.748031 0.149606 0.653543 
vn -0.992126 0.0944882 0.11811 
vn -0.96063 0.220472 0.149606 
vn -0.992126 0.0866142 0.11811 
vn -0.96063 0.220472 0.15748 
vn -0.874016 0.110236 -0.480315 
vn -0.88189 0.0472441 -0.472441 
vn -0.874016 0.0393701 -0.488189 
vn -0.984252 -0.0629921 0.15748 
vn -1 -0.0551181 0 
vn -1 -0.0551181 0.015748 
vn -0.976378 -0.0629921 0.188976 
vn -1 -0.0472441 -0.023622 
vn -1 -0.0393701 -0.023622 
vn -1 0 0.0551181 
vn -0.929134 0.110236 0.362205 
vn -0.913386 0.0866142 0.401575 
vn -0.929134 0.110236 0.354331 
vn -0.913386 0.0787402 0.401575 
vn -0.984252 0.0866142 -0.15748 
vn -0.984252 0.0866142 -0.15748 
vn -0.984252 0.0866142 -0.141732 
vn -0.976378 0.125984 -0.165354 
vn -0.984252 0.0866142 -0.15748 
vn -0.976378 0.125984 -0.165354 
vn -0.976378 0.125984 -0.165354 
vn -0.968504 0.188976 -0.149606 
vn -0.968504 0.19685 -0.149606 
vn -0.677165 0.0551181 0.732283 
vn -0.629921 0.212598 0.748031 
vn -0.685039 0.11811 0.716535 
vn -0.96063 0.00787402 0.275591 
vn -0.952756 0.11811 0.275591 
vn -0.96063 -0.023622 0.283465 
vn -0.88189 0.0472441 -0.472441 
vn -0.874016 -0.015748 -0.480315 
vn -0.874016 0.0393701 -0.488189 
vn -0.755906 0.417323 0.503937 
vn -0.755906 0.472441 0.448819 
vn -0.755906 0.417323 0.503937 
vn -0.755906 0.472441 0.448819 
vn -0.944882 0.0866142 0.322835 
vn -0.944882 0.110236 0.314961 
vn -0.937008 0.0551181 0.346457 
vn -0.88189 0.0393701 -0.464567 
vn -0.929134 0.125984 -0.354331 
vn -0.905512 0.0629921 -0.417323 
vn -0.88189 0.0393701 -0.464567 
vn -0.874016 0.00787402 -0.488189 
vn -0.874016 0 -0.488189 
vn -0.905512 0.0629921 -0.417323 
vn -0.685039 0.0629921 0.724409 
vn -0.76378 0.188976 0.614173 
vn -0.771654 0.338583 0.535433 
vn -0.708661 0.0787402 0.700787 
vn -0.574803 -0.015748 0.818898 
vn -0.685039 0.0629921 0.724409 
vn -0.858268 0.173228 -0.488189 
vn -0.88189 0.0866142 -0.472441 
vn -0.874016 0.0944882 -0.472441 
vn -0.889764 -0.0472441 -0.448819 
vn -0.88189 0.0866142 -0.472441 
vn -0.889764 -0.0472441 -0.448819 
vn -1 -0.0314961 -0.0787402 
vn -0.992126 0.0708661 -0.102362 
vn -0.992126 0.0708661 -0.102362 
vn -1 -0.0314961 -0.0787402 
vn -0.874016 0.149606 0.456693 
vn -0.858268 0.212598 0.472441 
vn -0.874016 0.181102 0.456693 
vn -0.858268 0.220472 0.464567 
vn -0.834646 0.283465 0.472441 
vn -0.858268 0.212598 0.472441 
vn -0.952756 0.11811 0.275591 
vn -0.96063 0.00787402 0.275591 
vn -0.944882 0.165354 0.275591 
vn -0.858268 0.181102 -0.480315 
vn -0.811024 0.0866142 -0.582677 
vn -0.858268 0.204724 -0.480315 
vn -0.80315 0.0866142 -0.590551 
vn -0.834646 0.102362 0.543307 
vn -0.80315 0.11811 0.590551 
vn -0.834646 0.102362 0.543307 
vn -0.80315 0.11811 0.590551 
vn -0.811024 0.259843 0.527559 
vn -0.818898 0.220472 0.527559 
vn -0.818898 0.220472 0.527559 
vn -0.850394 0.125984 0.519685 
vn -0.818898 0.220472 0.527559 
vn -0.850394 0.125984 0.511811 
vn -0.850394 0.125984 0.519685 
vn -0.897638 -0.00787402 0.440945 
vn -0.897638 -0.023622 0.433071 
vn -0.795276 -0.15748 -0.582677 
vn -0.834646 -0.23622 -0.496063 
vn -0.795276 -0.149606 -0.582677 
vn -0.826772 -0.23622 -0.503937 
vn -0.96063 0.141732 0.244094 
vn -0.968504 0.0314961 0.251969 
vn -0.96063 0.141732 0.23622 
vn -0.968504 0.023622 0.251969 
vn -0.937008 0.330709 0.0629921 
vn -0.952756 0.307087 -0.00787402 
vn -0.937008 0.330709 0.0629921 
vn -0.952756 0.307087 -0.00787402 
vn -0.771654 0.149606 -0.614173 
vn -0.795276 0.0314961 -0.606299 
vn -0.795276 0.0314961 -0.606299 
vn -0.771654 0.149606 -0.614173 
vn -0.771654 0.149606 -0.614173 
vn -0.771654 0.220472 -0.598425 
vn -0.740157 0.322835 -0.590551 
vn -0.952756 0.110236 0.275591 
vn -0.96063 0.212598 0.181102 
vn -0.952756 0.110236 0.275591 
vn -0.96063 0.220472 0.173228 
vn -0.96063 0.275591 0.0787402 
vn -0.96063 0.212598 0.181102 
vn -0.976378 0.0866142 -0.212598 
vn -0.984252 0.0944882 -0.165354 
vn -0.976378 0.0866142 -0.220472 
vn -0.992126 0.102362 -0.102362 
vn -0.874016 0 -0.488189 
vn -0.874016 0.00787402 -0.488189 
vn -0.874016 0.0393701 -0.488189 
vn -0.952756 0.0944882 0.299213 
vn -0.929134 0.110236 0.354331 
vn -0.952756 0.0944882 0.299213 
vn -0.929134 0.110236 0.362205 
vn -0.76378 0.228346 -0.606299 
vn -0.811024 0.251969 -0.519685 
vn -0.811024 0.251969 -0.535433 
vn -0.811024 0.251969 -0.519685 
vn -0.858268 0.204724 -0.480315 
vn -0.858268 0.181102 -0.480315 
vn -0.952756 0.307087 -0.00787402 
vn -0.968504 0.228346 -0.102362 
vn -0.952756 0.307087 -0.00787402 
vn -0.968504 0.228346 -0.102362 
vn -0.834646 0.188976 -0.519685 
vn -0.84252 0.23622 -0.488189 
vn -0.84252 0.251969 -0.480315 
vn -0.811024 0.220472 -0.543307 
vn -0.84252 0.23622 -0.488189 
vn -0.834646 0.283465 -0.472441 
vn -0.984252 -0.133858 -0.102362 
vn -0.992126 -0.0314961 -0.125984 
vn -0.992126 -0.00787402 -0.133858 
vn -0.984252 -0.149606 -0.102362 
vn -0.913386 0.0393701 -0.409449 
vn -0.897638 0.0551181 -0.433071 
vn -0.929134 0.0393701 -0.370079 
vn -0.874016 0.0629921 -0.480315 
vn -0.889764 0.0393701 0.456693 
vn -0.88189 0.0393701 0.464567 
vn -0.889764 0.0472441 0.448819 
vn -0.937008 0.330709 0.0629921 
vn -0.937008 0.330709 0.0787402 
vn -0.937008 0.330709 0.0629921 
vn -0.937008 0.330709 0.0866142 
vn -0.944882 0.314961 0.102362 
vn -0.937008 0.330709 0.0787402 
vn -0.944882 0.314961 0.102362 
vn -0.944882 0.314961 0.102362 
vn -0.944882 0.307087 0.11811 
vn -0.984252 -0.133858 0.102362 
vn -0.992126 -0.00787402 0.133858 
vn -0.992126 -0.0314961 0.125984 
vn -0.984252 -0.149606 0.102362 
vn -0.944882 0.244094 -0.212598 
vn -0.96063 0.220472 -0.188976 
vn -0.968504 0.19685 -0.149606 
vn -0.944882 0.11811 0.307087 
vn -0.968504 -0.0472441 0.244094 
vn -0.968504 -0.0393701 0.244094 
vn -0.944882 0.15748 0.283465 
vn -0.952756 -0.244094 0.188976 
vn -0.968504 -0.0472441 0.244094 
vn -0.952756 -0.251969 0.188976 
vn -0.913386 -0.377953 0.173228 
vn -0.952756 -0.244094 0.188976 
vn -0.889764 -0.425197 0.173228 
vn -0.795276 -0.165354 0.582677 
vn -0.834646 -0.23622 0.496063 
vn -0.826772 -0.244094 0.503937 
vn -0.795276 -0.15748 0.590551 
vn -0.889764 0.0472441 0.448819 
vn -0.88189 0.0393701 0.464567 
vn -0.913386 -0.0314961 0.401575 
vn -0.771654 0.299213 -0.559055 
vn -0.795276 0.354331 -0.488189 
vn -0.771654 0.299213 -0.551181 
vn -0.795276 0.362205 -0.488189 
vn -0.889764 -0.259843 -0.370079 
vn -0.88189 -0.19685 -0.425197 
vn -0.913386 -0.244094 -0.338583 
vn -0.755906 0.488189 -0.440945 
vn -0.771654 0.401575 -0.488189 
vn -0.755906 0.503937 -0.417323 
vn -0.755906 0.519685 -0.401575 
vn -0.755906 0.503937 -0.417323 
vn -0.755906 0.519685 -0.401575 
vn -0.755906 0.488189 -0.440945 
vn -1 0 -0.0314961 
vn -1 0.0551181 -0.023622 
vn -1 -0.00787402 -0.0393701 
vn -0.771654 0.188976 -0.614173 
vn -0.740157 0.133858 -0.661417 
vn -0.771654 0.283465 -0.574803 
vn -0.732283 0.11811 -0.669291 
vn -0.84252 0.543307 0.0629921 
vn -0.858268 0.480315 -0.181102 
vn -0.858268 0.480315 -0.188976 
vn -0.84252 0.543307 0.0708661 
vn -0.84252 0.543307 0.0629921 
vn -0.80315 0.488189 0.346457 
vn -0.80315 0.496063 0.330709 
vn -0.76378 -0.0551181 0.645669 
vn -0.826772 -0.015748 0.566929 
vn -0.779528 -0.0393701 0.629921 
vn -0.80315 -0.0629921 0.590551 
vn -0.944882 0.0787402 -0.330709 
vn -0.952756 0.0472441 -0.291339 
vn -0.937008 0.0787402 -0.338583 
vn -0.96063 0.0472441 -0.283465 
vn -0.913386 0.401575 0.0866142 
vn -0.944882 0.307087 0.0866142 
vn -0.905512 0.409449 0.0866142 
vn -0.952756 0.283465 0.0787402 
vn -0.944882 0.307087 0.0866142 
vn -0.96063 0.259843 0.0629921 
vn -0.976378 0.133858 -0.149606 
vn -0.976378 0.188976 -0.0944882 
vn -0.976378 0.133858 -0.149606 
vn -0.976378 0.188976 -0.0866142 
vn -0.818898 0.228346 0.519685 
vn -0.80315 0.0944882 0.582677 
vn -0.811024 0.110236 0.582677 
vn -0.826772 0.23622 0.511811 
vn -0.834646 0.023622 0.551181 
vn -0.84252 0 0.543307 
vn -0.818898 0.0866142 0.559055 
vn -0.866142 -0.0472441 0.503937 
vn -0.84252 0 0.543307 
vn -0.866142 -0.0472441 0.496063 
vn -0.929134 0.0393701 -0.370079 
vn -0.96063 0.0629921 -0.259843 
vn -0.913386 0.0393701 -0.409449 
vn -0.984252 0.102362 -0.11811 
vn -0.968504 0.11811 -0.204724 
vn -0.952756 0.125984 -0.267717 
vn -0.992126 0.102362 -0.0393701 
vn -0.80315 0.244094 -0.543307 
vn -0.771654 0.354331 -0.527559 
vn -0.771654 0.354331 -0.527559 
vn -0.80315 0.244094 -0.543307 
vn -0.826772 0.165354 -0.543307 
vn -0.80315 0.244094 -0.543307 
vn -0.850394 0.102362 -0.519685 
vn -1 -0.0393701 -0.023622 
vn -1 -0.0393701 -0.023622 
vn -1 -0.0551181 -0.0314961 
vn -1 -0.0472441 -0.023622 
vn -0.984252 -0.102362 -0.133858 
vn -0.984252 -0.110236 -0.125984 
vn -0.984252 -0.0944882 -0.133858 
vn -0.984252 -0.102362 -0.11811 
vn -0.866142 0.0708661 0.496063 
vn -0.905512 0.0708661 0.417323 
vn -0.874016 0.0787402 0.472441 
vn -0.866142 0.0708661 0.496063 
vn -0.976378 0.165354 0.149606 
vn -0.976378 0.110236 0.181102 
vn -0.976378 0.110236 0.188976 
vn -0.976378 0.165354 0.149606 
vn -0.976378 0.110236 0.181102 
vn -0.96063 0.0787402 0.267717 
vn -0.96063 0.0787402 0.267717 
vn -0.929134 0.149606 0.346457 
vn -0.96063 0.0787402 0.267717 
vn -0.92126 0.15748 0.346457 
vn -0.732283 -0.0472441 0.677165 
vn -0.685039 -0.0944882 0.724409 
vn -0.685039 -0.102362 0.724409 
vn -0.724409 -0.0551181 0.685039 
vn -0.826772 0.551181 -0.0944882 
vn -0.834646 0.535433 0.11811 
vn -0.834646 0.535433 0.110236 
vn -0.826772 0.551181 -0.102362 
vn -0.795276 0.496063 -0.346457 
vn -0.826772 0.551181 -0.0944882 
vn -0.795276 0.503937 -0.330709 
vn -0.811024 0.149606 -0.559055 
vn -0.834646 0.11811 -0.543307 
vn -0.811024 0.15748 -0.566929 
vn -0.976378 0.15748 -0.165354 
vn -0.968504 0.19685 -0.133858 
vn -0.968504 0.125984 -0.212598 
vn -0.968504 0.125984 -0.212598 
vn -0.968504 0.0629921 -0.244094 
vn -0.96063 0.0629921 -0.259843 
vn -0.929134 0.0393701 -0.370079 
vn -0.968504 0.0629921 -0.244094 
vn -0.732283 0.15748 -0.661417 
vn -0.677165 0.330709 -0.661417 
vn -0.732283 0.149606 -0.661417 
vn -0.669291 0.338583 -0.661417 
vn -0.622047 0.440945 -0.645669 
vn -0.677165 0.330709 -0.661417 
vn -0.622047 0.440945 -0.645669 
vn -0.937008 0.251969 -0.23622 
vn -0.944882 0.149606 -0.283465 
vn -0.937008 0.244094 -0.244094 
vn -0.944882 0.149606 -0.283465 
vn -0.984252 -0.102362 0.133858 
vn -0.984252 -0.0944882 0.133858 
vn -0.984252 -0.110236 0.125984 
vn -0.984252 -0.102362 0.11811 
vn -0.740157 0.0629921 -0.669291 
vn -0.84252 0.0314961 -0.543307 
vn -0.84252 0.0314961 -0.535433 
vn -0.724409 0.0629921 -0.685039 
vn -0.76378 0.401575 0.511811 
vn -0.76378 0.401575 0.503937 
vn -0.755906 0.417323 0.503937 
vn -0.755906 0.417323 0.503937 
vn -0.76378 0.401575 0.511811 
vn -0.76378 0.401575 0.503937 
vn -0.76378 0.401575 0.503937 
vn -0.905512 0.102362 0.409449 
vn -0.929134 -0.102362 0.354331 
vn -0.929134 -0.0551181 0.370079 
vn -0.905512 0.102362 0.409449 
vn -0.866142 0.244094 0.433071 
vn -0.905512 0.102362 0.409449 
vn -0.858268 0.275591 0.440945 
vn -0.724409 -0.0551181 0.685039 
vn -0.818898 0.0866142 0.566929 
vn -0.811024 0.0866142 0.574803 
vn -0.732283 -0.0472441 0.677165 
vn -0.913386 0.338583 -0.23622 
vn -0.897638 0.393701 -0.188976 
vn -0.929134 0.283465 -0.228346 
vn -0.716535 0.149606 0.685039 
vn -0.787402 0.346457 0.511811 
vn -0.716535 0.15748 0.677165 
vn -0.80315 0.377953 0.464567 
vn -0.937008 0.0472441 -0.338583 
vn -0.937008 0.0472441 -0.338583 
vn -0.937008 0.0708661 -0.346457 
vn -0.937008 0.0787402 -0.346457 
vn -0.952756 0.0472441 -0.307087 
vn -0.937008 0.0472441 -0.338583 
vn -0.952756 0.0472441 -0.307087 
vn -0.944882 0.00787402 -0.322835 
vn -0.952756 0.0472441 -0.307087 
vn -0.944882 0.00787402 -0.322835 
vn -0.874016 -0.015748 -0.480315 
vn -0.874016 0 -0.488189 
vn -0.874016 0.0393701 -0.488189 
vn -0.614173 0.425197 -0.661417 
vn -0.637795 0.338583 -0.692913 
vn -0.614173 0.425197 -0.661417 
vn -0.637795 0.330709 -0.692913 
vn -0.929134 0.283465 -0.228346 
vn -0.944882 0.244094 -0.212598 
vn -0.913386 0.338583 -0.23622 
vn -0.96063 0.220472 -0.188976 
vn -1 -0.00787402 -0.0393701 
vn -1 0 -0.0393701 
vn -1 0 -0.0314961 
vn -1 0 -0.0393701 
vn -0.952756 0.110236 0.275591 
vn -0.952756 0.0944882 0.299213 
vn -0.952756 0.110236 0.275591 
vn -0.952756 0.0944882 0.299213 
vn -0.944882 0.149606 0.283465 
vn -0.937008 0.251969 0.23622 
vn -0.937008 0.244094 0.244094 
vn -0.944882 0.149606 0.283465 
vn -0.811024 0.370079 0.456693 
vn -0.748031 0.299213 0.590551 
vn -0.755906 0.299213 0.582677 
vn -0.811024 0.377953 0.456693 
vn -0.992126 0.023622 0.11811 
vn -1 0.00787402 0.023622 
vn -0.992126 0.015748 0.102362 
vn -1 0.0314961 0 
vn -0.984252 0.0551181 0.181102 
vn -0.992126 0.023622 0.11811 
vn -1 -0.0393701 -0.0472441 
vn -1 0 -0.0393701 
vn -1 -0.0629921 -0.0551181 
vn -1 0 -0.0393701 
vn -0.976378 0.228346 0.0551181 
vn -0.976378 0.212598 -0.023622 
vn -0.976378 0.220472 0.0551181 
vn -0.976378 0.212598 -0.023622 
vn -0.976378 0.228346 0.0551181 
vn -0.968504 0.228346 0.110236 
vn -0.976378 0.188976 -0.0866142 
vn -0.976378 0.212598 -0.023622 
vn -0.976378 0.188976 -0.0944882 
vn -0.976378 0.149606 -0.141732 
vn -0.968504 0.141732 -0.204724 
vn -0.984252 0.141732 -0.102362 
vn -0.968504 0.15748 -0.188976 
vn -0.874016 0.149606 0.456693 
vn -0.874016 0.181102 0.456693 
vn -0.834646 0.291339 0.464567 
vn -0.952756 -0.0314961 -0.307087 
vn -0.913386 0.125984 -0.385827 
vn -0.944882 0.0314961 -0.330709 
vn -0.913386 0.125984 -0.385827 
vn -0.937008 0.023622 0.354331 
vn -0.952756 0.0393701 0.314961 
vn -0.889764 0.0629921 0.456693 
vn -0.984252 0.0708661 -0.173228 
vn -0.976378 0.133858 -0.149606 
vn -0.984252 0.0708661 -0.173228 
vn -0.976378 0.133858 -0.149606 
vn -0.826772 0.11811 -0.543307 
vn -0.84252 0.11811 -0.527559 
vn -0.826772 0.125984 -0.551181 
vn -0.834646 0.11811 -0.543307 
vn -0.811024 0.149606 -0.559055 
vn -0.826772 0.125984 -0.551181 
vn -0.913386 -0.0472441 0.401575 
vn -0.850394 0.102362 0.519685 
vn -0.834646 0.125984 0.535433 
vn -0.913386 -0.0393701 0.409449 
vn -0.992126 0.0472441 -0.125984 
vn -0.992126 0.11811 -0.0866142 
vn -0.992126 0.0393701 -0.125984 
vn -0.992126 0.125984 -0.0866142 
vn -0.889764 -0.165354 -0.417323 
vn -0.944882 0.00787402 -0.322835 
vn -0.944882 0.00787402 -0.322835 
vn -0.889764 -0.165354 -0.417323 
vn -0.834646 -0.23622 -0.496063 
vn -0.826772 -0.23622 -0.503937 
vn -0.92126 -0.19685 -0.322835 
vn -0.897638 0.149606 -0.417323 
vn -0.866142 0.0944882 -0.488189 
vn -0.889764 0.15748 -0.425197 
vn -0.874016 0.0944882 -0.480315 
vn -0.976378 0.133858 0.141732 
vn -0.984252 0.102362 0.125984 
vn -0.984252 0.102362 0.125984 
vn -0.976378 0.133858 0.149606 
vn -0.984252 0.102362 0.125984 
vn -0.984252 0.102362 0.125984 
vn -0.984252 0.102362 0.125984 
vn -0.992126 0.0629921 0.110236 
vn -0.984252 0.102362 0.125984 
vn -0.984252 0.102362 0.125984 
vn -0.992126 0.0629921 0.110236 
vn -1 0.0314961 0.0708661 
vn -0.992126 0.0629921 0.110236 
vn -1 0.0314961 0.0708661 
vn -1 0.0314961 0.0472441 
vn -1 0.0314961 0.0708661 
vn -1 0.0314961 0.0472441 
vn -1 0.0472441 0 
vn -1 0.0314961 0.0472441 
vn -1 0.0551181 0 
vn -1 0.0472441 0 
vn -0.992126 0.110236 -0.0866142 
vn -0.992126 0.110236 -0.0866142 
vn -0.976378 0.141732 -0.165354 
vn -0.992126 0.110236 -0.0866142 
vn -0.976378 0.141732 -0.165354 
vn -0.92126 0.0708661 0.377953 
vn -0.929134 0.023622 0.362205 
vn -0.937008 0.00787402 0.338583 
vn -0.905512 0.0944882 0.417323 
vn -0.929134 0.149606 0.346457 
vn -0.88189 0.275591 0.377953 
vn -0.92126 0.15748 0.346457 
vn -0.88189 0.275591 0.377953 
vn -0.92126 -0.23622 -0.299213 
vn -0.929134 -0.110236 -0.346457 
vn -0.929134 -0.110236 -0.346457 
vn -0.92126 -0.322835 -0.23622 
vn -0.76378 0.338583 -0.543307 
vn -0.771654 0.188976 -0.614173 
vn -0.771654 0.283465 -0.574803 
vn -0.984252 0.110236 -0.15748 
vn -0.968504 0.228346 -0.102362 
vn -0.984252 0.110236 -0.15748 
vn -0.968504 0.228346 -0.102362 
vn -0.834646 0.283465 -0.472441 
vn -0.874016 0.212598 -0.440945 
vn -0.874016 0.212598 -0.433071 
vn -0.84252 0.23622 -0.488189 
vn -0.944882 0.322835 -0.015748 
vn -0.976378 0.204724 -0.0787402 
vn -0.976378 0.19685 -0.0787402 
vn -0.944882 0.322835 -0.015748 
vn -0.976378 0.204724 -0.0787402 
vn -0.984252 0.0787402 -0.149606 
vn -0.984252 0.0866142 -0.149606 
vn -0.96063 0.00787402 -0.267717 
vn -0.984252 0.0787402 -0.149606 
vn -0.96063 0.00787402 -0.267717 
vn -0.984252 -0.0944882 -0.133858 
vn -0.992126 -0.0787402 -0.110236 
vn -0.984252 -0.102362 -0.133858 
vn -0.992126 -0.0866142 -0.102362 
vn -0.984252 -0.141732 -0.133858 
vn -0.992126 -0.0787402 -0.110236 
vn -0.968504 -0.173228 -0.15748 
vn -0.984252 -0.102362 -0.11811 
vn -0.992126 -0.102362 -0.0866142 
vn -0.984252 -0.110236 -0.125984 
vn -0.992126 -0.102362 -0.0787402 
vn -0.905512 0.0708661 0.417323 
vn -0.937008 0.0472441 0.346457 
vn -0.874016 0.0787402 0.472441 
vn -0.992126 0.125984 -0.0393701 
vn -0.992126 0.133858 0.0314961 
vn -0.992126 0.102362 -0.0944882 
vn -0.992126 0.102362 -0.102362 
vn -0.976378 0.149606 0.173228 
vn -0.992126 0.125984 -0.0393701 
vn -0.984252 -0.0944882 0.141732 
vn -1 0.0629921 0.0629921 
vn -0.992126 0.0787402 0.0551181 
vn -0.984252 -0.0944882 0.141732 
vn -0.96063 -0.188976 0.19685 
vn -0.984252 -0.0944882 0.141732 
vn -0.96063 -0.204724 0.19685 
vn -0.984252 -0.110236 0.125984 
vn -0.992126 -0.102362 0.0866142 
vn -0.984252 -0.102362 0.11811 
vn -0.992126 -0.102362 0.0787402 
vn -0.795276 0.456693 -0.393701 
vn -0.795276 0.456693 -0.393701 
vn -0.850394 0.330709 -0.409449 
vn -0.850394 0.330709 -0.409449 
vn -0.850394 0.330709 -0.409449 
vn -0.897638 0.125984 -0.425197 
vn -0.905512 0.0629921 -0.409449 
vn -0.850394 0.0944882 0.519685 
vn -0.88189 0.0393701 0.464567 
vn -0.889764 0.0393701 0.456693 
vn -0.913386 -0.0314961 0.401575 
vn -0.92126 -0.0472441 0.393701 
vn -0.984252 -0.0944882 0.133858 
vn -0.992126 -0.0787402 0.110236 
vn -0.992126 -0.0866142 0.102362 
vn -0.984252 -0.102362 0.133858 
vn -0.992126 -0.0787402 0.110236 
vn -0.984252 -0.141732 0.133858 
vn -0.968504 -0.173228 0.15748 
vn -0.984252 0.0944882 -0.165354 
vn -0.992126 0.102362 -0.102362 
vn -0.992126 0.110236 -0.0629921 
vn -0.874016 0.393701 0.291339 
vn -0.826772 0.244094 0.503937 
vn -0.874016 0.307087 0.377953 
vn -0.771654 0.23622 0.590551 
vn -0.937008 0.00787402 0.338583 
vn -0.952756 0.0393701 0.291339 
vn -0.96063 0.0393701 0.283465 
vn -0.96063 0.125984 0.251969 
vn -0.96063 0.0393701 0.283465 
vn -0.96063 0.181102 0.204724 
vn -0.944882 -0.299213 0.149606 
vn -0.913386 -0.244094 0.314961 
vn -0.889764 -0.212598 0.401575 
vn -0.944882 -0.299213 0.15748 
vn -0.92126 -0.23622 0.299213 
vn -0.937008 -0.125984 0.322835 
vn -0.937008 -0.125984 0.322835 
vn -0.913386 -0.322835 0.23622 
vn -0.866142 0.314961 0.393701 
vn -0.834646 0.440945 0.338583 
vn -0.834646 0.440945 0.330709 
vn -0.866142 0.307087 0.393701 
vn -0.866142 0.314961 0.393701 
vn -0.897638 0.125984 0.425197 
vn -0.905512 0.0629921 0.409449 
vn -0.834646 -0.23622 0.496063 
vn -0.92126 -0.19685 0.322835 
vn -0.826772 -0.244094 0.503937 
vn -1 0.023622 0.015748 
vn -0.992126 -0.0314961 -0.110236 
vn -1 0.015748 0.00787402 
vn -0.992126 -0.0393701 -0.141732 
vn -0.84252 0.11811 -0.527559 
vn -0.826772 0.11811 -0.543307 
vn -0.88189 0.11811 -0.464567 
vn -0.858268 0.141732 -0.496063 
vn -0.976378 0.133858 0.181102 
vn -0.992126 0.110236 0.0629921 
vn -0.984252 0.125984 0.110236 
vn -0.795276 0.00787402 0.606299 
vn -0.795276 0.00787402 0.606299 
vn -0.677165 0.0629921 0.732283 
vn -0.677165 0.0629921 0.732283 
vn -0.80315 -0.0629921 0.590551 
vn -0.850394 -0.0787402 0.519685 
vn -0.76378 -0.0551181 0.645669 
vn -0.834646 0.283465 0.472441 
vn -0.874016 0.212598 0.433071 
vn -0.874016 0.212598 0.440945 
vn -0.858268 0.212598 0.472441 
vn -0.992126 -0.0393701 -0.141732 
vn -0.976378 -0.0314961 -0.220472 
vn -0.992126 -0.0314961 -0.110236 
vn -0.968504 -0.015748 -0.244094 
vn -0.787402 0.102362 0.614173 
vn -0.850394 0.19685 0.488189 
vn -0.779528 0.0866142 0.622047 
vn -0.858268 0.204724 0.472441 
vn -0.992126 0.102362 0.00787402 
vn -0.992126 0.110236 0.0708661 
vn -0.992126 0.102362 -0.0393701 
vn -0.992126 0.110236 0.0944882 
vn -0.984252 0.102362 -0.11811 
vn -0.992126 0.102362 0.00787402 
vn -0.889764 -0.11811 -0.440945 
vn -0.858268 0.0314961 -0.511811 
vn -0.866142 0.00787402 -0.503937 
vn -0.889764 -0.110236 -0.448819 
vn -0.92126 -0.220472 -0.330709 
vn -0.889764 -0.11811 -0.440945 
vn -0.92126 -0.220472 -0.322835 
vn -0.929134 -0.259843 -0.259843 
vn -0.92126 -0.220472 -0.330709 
vn -0.968504 0.0866142 -0.23622 
vn -0.992126 0.0866142 -0.125984 
vn -0.992126 0.0866142 -0.125984 
vn -0.968504 0.0866142 -0.244094 
vn -0.992126 0.0866142 -0.125984 
vn -0.992126 0.0708661 -0.0944882 
vn -0.992126 0.0708661 -0.0944882 
vn -1 -0.023622 -0.00787402 
vn -0.992126 -0.0708661 0.110236 
vn -0.992126 -0.0708661 0.102362 
vn -1 -0.023622 0 
vn -0.818898 -0.244094 0.527559 
vn -0.708661 -0.464567 0.535433 
vn -0.708661 -0.456693 0.527559 
vn -0.818898 -0.220472 0.527559 
vn -1 -0.023622 0 
vn -0.992126 -0.0708661 -0.0944882 
vn -1 -0.023622 0.00787402 
vn -0.992126 -0.0708661 -0.110236 
vn -0.96063 -0.023622 0.267717 
vn -0.976378 -0.0629921 0.188976 
vn -0.984252 -0.0629921 0.15748 
vn -0.96063 -0.00787402 0.267717 
vn -0.80315 0.503937 -0.314961 
vn -0.755906 0.519685 -0.401575 
vn -0.795276 0.511811 -0.330709 
vn -0.755906 0.519685 -0.401575 
vn -0.84252 0.472441 -0.251969 
vn -0.80315 0.503937 -0.314961 
vn -0.88189 0.417323 -0.19685 
vn -0.968504 0.15748 -0.188976 
vn -0.96063 0.212598 -0.19685 
vn -0.968504 0.141732 -0.204724 
vn -0.992126 -0.0787402 0.0787402 
vn -0.992126 0.0472441 0.110236 
vn -0.992126 -0.0787402 0.0787402 
vn -0.992126 0.0472441 0.110236 
vn -0.992126 -0.0787402 0.0787402 
vn -0.992126 0 0.102362 
vn -0.976378 0.133858 0.181102 
vn -0.96063 0.11811 0.251969 
vn -0.96063 0.110236 0.259843 
vn -0.984252 0.125984 0.110236 
vn -0.96063 0.0472441 -0.283465 
vn -0.96063 0.102362 -0.259843 
vn -0.952756 0.0472441 -0.291339 
vn -0.96063 0.11811 -0.259843 
vn -0.968504 0.19685 -0.149606 
vn -0.96063 0.220472 -0.188976 
vn -0.968504 0.188976 -0.149606 
vn -0.858268 0.212598 -0.464567 
vn -0.850394 0.228346 -0.472441 
vn -0.858268 0.212598 -0.472441 
vn -0.952756 0.23622 -0.19685 
vn -0.96063 0.212598 -0.19685 
vn -0.968504 0.15748 -0.188976 
vn -0.96063 0.102362 -0.267717 
vn -0.976378 0.102362 -0.204724 
vn -0.92126 0.133858 -0.362205 
vn -0.889764 -0.11811 0.448819 
vn -0.84252 0.0629921 0.527559 
vn -0.834646 0.102362 0.535433 
vn -0.88189 -0.110236 0.456693 
vn -0.889764 -0.11811 0.448819 
vn -0.913386 -0.220472 0.330709 
vn -0.913386 -0.220472 0.330709 
vn -0.929134 -0.259843 0.267717 
vn -0.913386 -0.220472 0.330709 
vn -0.732283 0.015748 -0.677165 
vn -0.732283 0.267717 -0.622047 
vn -0.732283 0.0393701 -0.677165 
vn -0.732283 0.291339 -0.614173 
vn -0.889764 0.149606 -0.433071 
vn -0.897638 0.204724 -0.393701 
vn -0.897638 0.15748 -0.417323 
vn -0.811024 0.23622 -0.535433 
vn -0.811024 0.15748 -0.566929 
vn -0.811024 0.228346 -0.543307 
vn -0.811024 0.149606 -0.559055 
vn -0.96063 0.212598 0.19685 
vn -0.811024 0.322835 0.496063 
vn -0.913386 0.259843 0.314961 
vn -1 0.0472441 -0.0472441 
vn -0.96063 0.212598 0.19685 
vn -1 0.0708661 -0.0314961 
vn -1 0.0472441 -0.0472441 
vn -0.984252 -0.0944882 -0.149606 
vn -0.984252 -0.102362 -0.149606 
vn -0.96063 -0.188976 -0.19685 
vn -0.984252 -0.0944882 -0.149606 
vn -0.96063 -0.204724 -0.19685 
vn -0.968504 -0.023622 0.244094 
vn -0.992126 -0.015748 0.141732 
vn -0.952756 -0.015748 0.299213 
vn -0.692913 0.370079 -0.622047 
vn -0.811024 0.220472 -0.543307 
vn -0.732283 0.330709 -0.598425 
vn -0.952756 0.125984 0.267717 
vn -0.913386 0.141732 0.385827 
vn -0.968504 0.125984 0.212598 
vn -0.700787 0.267717 0.661417 
vn -0.653543 0.401575 0.645669 
vn -0.653543 0.401575 0.645669 
vn -0.700787 0.267717 0.661417 
vn -0.653543 0.401575 0.645669 
vn -0.629921 0.409449 0.653543 
vn -0.629921 0.409449 0.653543 
vn -0.96063 0.204724 0.188976 
vn -0.976378 0.133858 0.149606 
vn -0.976378 0.133858 0.141732 
vn -0.952756 0.220472 0.19685 
vn -0.92126 0.0314961 0.377953 
vn -0.952756 -0.023622 0.291339 
vn -0.952756 -0.023622 0.291339 
vn -0.92126 0.0314961 0.377953 
vn -0.952756 -0.023622 0.291339 
vn -0.968504 -0.0472441 0.23622 
vn -0.968504 -0.0472441 0.23622 
vn -0.92126 0.0314961 0.377953 
vn -0.913386 0.0787402 0.401575 
vn -0.913386 0.0866142 0.401575 
vn -0.992126 -0.015748 -0.141732 
vn -0.984252 0.0708661 -0.173228 
vn -0.992126 -0.015748 -0.141732 
vn -0.984252 0.0708661 -0.173228 
vn -0.937008 0.00787402 0.338583 
vn -0.929134 0.023622 0.362205 
vn -0.952756 0.0393701 0.291339 
vn -0.937008 -0.19685 0.291339 
vn -0.84252 -0.0708661 0.535433 
vn -0.937008 -0.19685 0.299213 
vn -0.84252 -0.0629921 0.535433 
vn -0.779528 0.0866142 0.622047 
vn -0.84252 -0.0708661 0.535433 
vn -0.992126 0.0551181 -0.0787402 
vn -0.992126 0.0708661 -0.0944882 
vn -0.992126 0.0551181 -0.0787402 
vn -0.992126 0.0708661 -0.0944882 
vn -0.811024 0.0787402 -0.574803 
vn -0.889764 0.19685 -0.401575 
vn -0.889764 0.19685 -0.409449 
vn -0.818898 0.0866142 -0.566929 
vn -0.795276 0.385827 -0.464567 
vn -0.795276 0.393701 -0.464567 
vn -0.84252 0.283465 -0.456693 
vn -0.834646 0.299213 -0.456693 
vn -0.88189 0.15748 -0.440945 
vn -0.84252 0.283465 -0.456693 
vn -0.897638 0.102362 -0.425197 
vn -0.88189 0.11811 -0.464567 
vn -0.913386 0.0314961 -0.409449 
vn -0.858268 0.141732 -0.496063 
vn -0.850394 0.23622 -0.472441 
vn -0.850394 0.228346 -0.472441 
vn -0.858268 0.212598 -0.464567 
vn -0.992126 0.110236 0.0944882 
vn -0.968504 0.125984 0.212598 
vn -0.992126 0.110236 0.0708661 
vn -0.952756 0.125984 0.267717 
vn -0.929134 0.23622 -0.283465 
vn -0.905512 0.362205 -0.23622 
vn -0.929134 0.23622 -0.283465 
vn -0.905512 0.362205 -0.23622 
vn -0.889764 0.141732 -0.425197 
vn -0.905512 0.133858 -0.409449 
vn -0.92126 0.133858 -0.362205 
vn -0.889764 0.141732 -0.425197 
vn -0.984252 -0.015748 0.181102 
vn -0.984252 0 0.165354 
vn -1 0 0.0551181 
vn -1 -0.00787402 0.0472441 
vn -0.88189 0.244094 -0.409449 
vn -0.889764 0.149606 -0.433071 
vn -0.889764 0.188976 -0.425197 
vn -0.897638 0.15748 -0.417323 
vn -0.992126 0.0708661 -0.102362 
vn -0.976378 0.165354 -0.15748 
vn -0.992126 0.0708661 -0.102362 
vn -0.968504 0.173228 -0.165354 
vn -1 0.0314961 0.00787402 
vn -1 -0.023622 -0.00787402 
vn -1 -0.023622 0 
vn -1 0.0314961 0.00787402 
vn -0.866142 0.354331 -0.354331 
vn -0.866142 0.346457 -0.354331 
vn -0.850394 0.346457 -0.409449 
vn -0.866142 0.354331 -0.354331 
vn -0.897638 0.362205 -0.251969 
vn -0.897638 0.362205 -0.251969 
vn -0.88189 -0.377953 -0.275591 
vn -0.850394 -0.283465 -0.440945 
vn -0.874016 -0.354331 -0.330709 
vn -0.913386 0.141732 0.385827 
vn -0.952756 0.125984 0.267717 
vn -0.88189 0.149606 0.440945 
vn -0.622047 0.440945 -0.645669 
vn -0.614173 0.425197 -0.661417 
vn -0.622047 0.440945 -0.645669 
vn -0.614173 0.425197 -0.661417 
vn -0.96063 0.220472 -0.173228 
vn -0.976378 0.165354 -0.133858 
vn -0.96063 0.228346 -0.173228 
vn -0.976378 0.165354 -0.133858 
vn -0.992126 0.0866142 -0.0787402 
vn -0.976378 0.165354 -0.133858 
vn -0.992126 0.0866142 -0.0866142 
vn -1 0.0314961 -0.00787402 
vn -1 -0.023622 0 
vn -1 0.0314961 -0.00787402 
vn -1 -0.023622 0.00787402 
vn -0.913386 0.141732 0.385827 
vn -0.88189 0.149606 0.440945 
vn -0.866142 0.149606 0.480315 
vn -0.866142 0.149606 0.480315 
vn -0.937008 -0.023622 0.354331 
vn -0.913386 -0.0314961 0.401575 
vn -0.92126 -0.0472441 0.393701 
vn -0.96063 -0.015748 0.291339 
vn -0.677165 0.0787402 0.732283 
vn -0.574803 0.149606 0.80315 
vn -0.653543 -0.00787402 0.755906 
vn -0.858268 0.0629921 0.503937 
vn -0.677165 0.0787402 0.732283 
vn -0.866142 0.0708661 0.503937 
vn -0.858268 0.0629921 0.503937 
vn -0.96063 0.259843 0.0629921 
vn -0.96063 0.275591 0.0314961 
vn -0.811024 0.228346 -0.543307 
vn -0.850394 0.23622 -0.472441 
vn -0.811024 0.23622 -0.535433 
vn -0.850394 0.228346 -0.472441 
vn -0.811024 0.322835 0.480315 
vn -0.834646 0.291339 0.464567 
vn -0.874016 0.181102 0.456693 
vn -0.905512 0.0393701 0.417323 
vn -0.88189 -0.015748 0.464567 
vn -0.88189 -0.015748 0.464567 
vn -0.905512 0.0472441 0.417323 
vn -0.992126 -0.0314961 -0.11811 
vn -0.992126 0.0393701 -0.125984 
vn -0.992126 -0.0314961 -0.11811 
vn -0.992126 0.0472441 -0.125984 
vn -1 0.015748 -0.0629921 
vn -0.992126 0.0551181 -0.0787402 
vn -1 0.00787402 -0.0551181 
vn -0.992126 0.0551181 -0.0787402 
vn -0.984252 -0.00787402 0.181102 
vn -0.992126 -0.023622 0.141732 
vn -0.984252 -0.00787402 0.165354 
vn -0.952756 -0.0708661 0.283465 
vn -0.937008 -0.125984 0.322835 
vn -0.937008 -0.125984 0.322835 
vn -0.968504 0.015748 0.23622 
vn -0.866142 -0.0472441 0.496063 
vn -0.866142 -0.0472441 0.503937 
vn -0.88189 -0.015748 0.464567 
vn -0.88189 -0.015748 0.464567 
vn -0.968504 0.023622 0.251969 
vn -0.968504 -0.0472441 0.23622 
vn -0.968504 0.0314961 0.251969 
vn -0.968504 -0.0472441 0.23622 
vn -0.811024 0.582677 0.102362 
vn -0.811024 0.551181 -0.181102 
vn -0.811024 0.551181 -0.188976 
vn -0.811024 0.582677 0.110236 
vn -0.811024 0.582677 0.102362 
vn -0.771654 0.503937 0.393701 
vn -0.771654 0.503937 0.385827 
vn -0.771654 0.503937 0.393701 
vn -0.724409 0.433071 0.535433 
vn -0.795276 0.440945 -0.417323 
vn -0.795276 0.354331 -0.488189 
vn -0.795276 0.362205 -0.488189 
vn -0.795276 0.440945 -0.417323 
vn -0.992126 -0.0708661 -0.125984 
vn -0.976378 -0.0314961 -0.220472 
vn -0.976378 -0.0393701 -0.228346 
vn -0.992126 -0.0708661 -0.110236 
vn -1 0.0551181 -0.015748 
vn -1 0.0551181 -0.023622 
vn -1 0 -0.0314961 
vn -0.992126 0.015748 -0.141732 
vn -0.992126 0.0314961 -0.0944882 
vn -1 0.015748 -0.0472441 
vn -0.905512 0.0787402 0.417323 
vn -0.92126 0.0472441 0.385827 
vn -0.905512 0.0787402 0.417323 
vn -0.92126 0.0472441 0.385827 
vn -0.905512 0.0787402 0.417323 
vn -0.889764 0.0787402 0.440945 
vn -0.968504 -0.023622 0.244094 
vn -1 -0.0866142 -0.00787402 
vn -0.992126 -0.015748 0.141732 
vn -1 -0.0314961 0.0472441 
vn -0.913386 0.228346 0.330709 
vn -0.92126 0.133858 0.370079 
vn -0.913386 0.212598 0.338583 
vn -0.905512 0.338583 0.251969 
vn -0.913386 0.228346 0.330709 
vn -0.905512 0.338583 0.251969 
vn -0.913386 -0.0393701 0.409449 
vn -0.913386 0.00787402 0.401575 
vn -0.913386 0.00787402 0.401575 
vn -0.913386 0.00787402 0.401575 
vn -0.944882 0.0787402 0.307087 
vn -0.944882 0.0787402 0.307087 
vn -0.984252 0.0551181 0.181102 
vn -0.944882 0.0787402 0.307087 
vn -0.984252 0.0551181 0.181102 
vn -0.92126 0.133858 -0.362205 
vn -0.905512 0.133858 -0.409449 
vn -0.96063 0.102362 -0.267717 
vn -1 -0.0314961 -0.023622 
vn -1 0.0314961 0.023622 
vn -1 -0.0314961 -0.023622 
vn -1 0.0314961 0.023622 
vn -1 0.0314961 0.023622 
vn -0.992126 0.102362 0.0944882 
vn -0.992126 0.0944882 0.0944882 
vn -0.992126 0.102362 0.0944882 
vn -0.976378 0.125984 0.15748 
vn -0.976378 0.125984 0.15748 
vn -0.850394 0.244094 -0.456693 
vn -0.858268 0.212598 -0.472441 
vn -0.850394 0.244094 -0.464567 
vn -0.858268 0.212598 -0.464567 
vn -0.897638 0.283465 -0.346457 
vn -0.850394 0.244094 -0.456693 
vn -0.897638 0.283465 -0.330709 
vn -0.897638 0.283465 -0.346457 
vn -0.952756 0.23622 -0.19685 
vn -0.96063 0.212598 -0.19685 
vn -0.771654 0.401575 0.496063 
vn -0.771654 0.338583 0.535433 
vn -0.76378 0.188976 0.614173 
vn -0.984252 0.188976 -0.0393701 
vn -0.976378 0.188976 -0.0629921 
vn -0.976378 0.188976 -0.0629921 
vn -0.984252 0.188976 -0.0393701 
vn -0.976378 0.19685 -0.0866142 
vn -0.976378 0.188976 -0.0629921 
vn -0.992126 0.102362 -0.015748 
vn -0.984252 0.141732 -0.102362 
vn -1 0.0314961 -0.015748 
vn -1 0.023622 0.015748 
vn -1 0.015748 0.023622 
vn -1 0.0472441 -0.0629921 
vn -0.92126 0.0629921 -0.385827 
vn -0.968504 0.0866142 -0.244094 
vn -0.968504 0.0866142 -0.23622 
vn -0.92126 0.0629921 -0.385827 
vn -0.88189 0.244094 -0.409449 
vn -0.889764 0.188976 -0.425197 
vn -0.874016 0.314961 -0.377953 
vn -0.874016 0.314961 -0.377953 
vn -0.889764 0.370079 -0.251969 
vn -0.889764 0.362205 -0.267717 
vn -0.976378 0.102362 -0.204724 
vn -0.992126 0.102362 -0.102362 
vn -0.992126 0.102362 -0.0944882 
vn -0.96063 0.102362 -0.267717 
vn -0.905512 0.362205 -0.23622 
vn -0.889764 0.425197 -0.15748 
vn -0.905512 0.362205 -0.23622 
vn -0.889764 0.425197 -0.15748 
vn -0.984252 -0.0393701 -0.173228 
vn -0.913386 -0.244094 -0.338583 
vn -0.984252 -0.00787402 -0.188976 
vn -0.937008 -0.023622 0.354331 
vn -0.96063 -0.015748 0.291339 
vn -0.92126 0.133858 0.354331 
vn -0.992126 0.0866142 -0.125984 
vn -0.992126 -0.0629921 -0.0708661 
vn -0.992126 -0.0629921 -0.0708661 
vn -0.992126 0.0866142 -0.125984 
vn -0.992126 0.0866142 -0.125984 
vn -0.96063 0.267717 -0.102362 
vn -0.96063 0.259843 -0.102362 
vn -0.968504 0.173228 -0.181102 
vn -0.976378 0.165354 -0.149606 
vn -0.968504 0.181102 -0.188976 
vn -0.976378 0.165354 -0.149606 
vn -0.929134 0.267717 -0.251969 
vn -0.968504 0.173228 -0.181102 
vn -0.929134 0.267717 -0.251969 
vn -0.929134 0.267717 -0.251969 
vn -0.874016 0.377953 -0.307087 
vn -0.874016 0.377953 -0.307087 
vn -0.944882 0.102362 -0.299213 
vn -0.937008 0.0944882 -0.338583 
vn -0.952756 0.149606 -0.267717 
vn -1 0.0314961 0 
vn -0.992126 0.0787402 -0.0866142 
vn -1 0.00787402 0.023622 
vn -0.96063 0.188976 -0.220472 
vn -0.897638 0.173228 -0.401575 
vn -0.905512 0.165354 -0.393701 
vn -0.905512 0.165354 -0.393701 
vn -0.88189 0.188976 -0.425197 
vn -0.929134 0.291339 0.228346 
vn -0.952756 0.220472 0.19685 
vn -0.96063 0.204724 0.188976 
vn -0.929134 0.299213 0.23622 
vn -0.944882 0.125984 -0.291339 
vn -0.944882 0.11811 -0.291339 
vn -0.952756 0.0787402 -0.291339 
vn -0.944882 0.125984 -0.291339 
vn -0.929134 0.23622 -0.283465 
vn -0.929134 0.23622 -0.283465 
vn -0.897638 0.204724 -0.393701 
vn -0.771654 0.141732 -0.614173 
vn -0.944882 0.212598 -0.267717 
vn -0.913386 0.00787402 0.409449 
vn -0.913386 0.00787402 0.409449 
vn -0.913386 0.00787402 0.409449 
vn -0.913386 0.00787402 0.409449 
vn -0.897638 0.23622 -0.377953 
vn -0.897638 0.173228 -0.401575 
vn -0.88189 0.188976 -0.425197 
vn -0.858268 0.299213 -0.409449 
vn -0.811024 0.425197 -0.409449 
vn -0.858268 0.307087 -0.409449 
vn -0.811024 0.417323 -0.409449 
vn -0.944882 0.23622 -0.220472 
vn -0.984252 0.165354 -0.0944882 
vn -0.984252 0.149606 -0.0629921 
vn -0.811024 0.0866142 0.574803 
vn -0.850394 0.275591 0.448819 
vn -0.850394 0.275591 0.448819 
vn -0.818898 0.0866142 0.566929 
vn -0.850394 0.275591 0.448819 
vn -0.818898 0.425197 0.385827 
vn -0.84252 0.448819 0.299213 
vn -0.80315 -0.0866142 0.590551 
vn -0.850394 -0.0708661 0.519685 
vn -0.80315 -0.0944882 0.590551 
vn -0.874016 -0.102362 0.472441 
vn -0.929134 -0.244094 0.283465 
vn -0.937008 -0.173228 0.291339 
vn -0.929134 -0.244094 0.283465 
vn -0.937008 -0.173228 0.291339 
vn -0.88189 0.417323 -0.19685 
vn -0.84252 0.472441 -0.251969 
vn -0.897638 0.409449 -0.181102 
vn -0.929134 0.0551181 -0.362205 
vn -0.929134 0.0708661 -0.354331 
vn -0.937008 0.110236 -0.338583 
vn -0.929134 0.0551181 -0.362205 
vn -0.929134 0.0472441 -0.370079 
vn -0.929134 0.0472441 -0.370079 
vn -0.952756 0.102362 -0.299213 
vn -0.929134 0.0472441 -0.370079 
vn -0.952756 0.102362 -0.299213 
vn -0.968504 0.204724 -0.15748 
vn -0.952756 0.102362 -0.299213 
vn -0.968504 0.212598 -0.141732 
vn -0.944882 0.23622 0.220472 
vn -0.984252 0.149606 0.0629921 
vn -0.984252 0.165354 0.0944882 
vn -0.92126 0.15748 0.354331 
vn -0.905512 0.0472441 0.417323 
vn -0.905512 0.0393701 0.417323 
vn -0.92126 0.15748 0.354331 
vn -0.976378 0.015748 0.220472 
vn -0.968504 -0.015748 0.244094 
vn -0.976378 0.015748 0.220472 
vn -0.968504 -0.015748 0.244094 
vn -0.952756 0.283465 -0.102362 
vn -0.937008 0.338583 -0.0472441 
vn -0.952756 0.299213 -0.0866142 
vn -0.937008 0.307087 -0.181102 
vn -0.937008 0.244094 -0.244094 
vn -0.937008 0.307087 -0.188976 
vn -0.937008 0.251969 -0.23622 
vn -0.937008 0.0472441 0.346457 
vn -0.952756 0.0944882 0.283465 
vn -0.952756 0.0944882 0.283465 
vn -0.905512 0.0708661 0.417323 
vn -0.952756 0.0944882 0.283465 
vn -0.96063 0.173228 0.212598 
vn -0.952756 0.23622 0.165354 
vn -0.944882 0.275591 0.173228 
vn -0.96063 0.173228 0.212598 
vn -0.937008 0.283465 0.181102 
vn -0.944882 0.275591 0.173228 
vn -0.937008 0.338583 0.110236 
vn -0.826772 -0.015748 0.566929 
vn -0.874016 -0.102362 0.472441 
vn -0.779528 -0.0393701 0.629921 
vn -0.984252 -0.0314961 0.149606 
vn -0.984252 0.0551181 0.181102 
vn -0.992126 -0.023622 0.149606 
vn -0.984252 0.0551181 0.181102 
vn -0.976378 -0.0629921 -0.19685 
vn -0.976378 -0.0629921 -0.204724 
vn -0.976378 -0.0629921 -0.204724 
vn -0.976378 -0.0629921 -0.204724 
vn -0.984252 -0.0314961 -0.188976 
vn -0.984252 -0.0314961 -0.188976 
vn -0.984252 -0.0314961 -0.188976 
vn -0.984252 -0.023622 -0.188976 
vn -0.984252 -0.023622 -0.188976 
vn -0.984252 -0.023622 -0.188976 
vn -0.968504 -0.0708661 -0.23622 
vn -0.968504 -0.0708661 -0.23622 
vn -0.968504 -0.0708661 -0.23622 
vn -0.952756 -0.141732 -0.259843 
vn -0.952756 -0.141732 -0.259843 
vn -0.952756 -0.141732 -0.259843 
vn -0.944882 -0.220472 -0.251969 
vn -0.952756 -0.141732 -0.259843 
vn -0.944882 -0.220472 -0.251969 
vn -0.858268 0.322835 -0.401575 
vn -0.811024 0.377953 -0.448819 
vn -0.84252 0.330709 -0.425197 
vn -0.811024 0.377953 -0.448819 
vn -0.976378 0.181102 -0.11811 
vn -0.976378 0.165354 -0.149606 
vn -0.976378 0.181102 -0.11811 
vn -0.976378 0.165354 -0.149606 
vn -0.976378 -0.00787402 0.228346 
vn -0.976378 0.015748 0.220472 
vn -0.976378 -0.00787402 0.228346 
vn -0.976378 0.015748 0.220472 
vn -0.905512 0.015748 -0.433071 
vn -0.889764 -0.212598 -0.393701 
vn -0.905512 0 -0.425197 
vn -0.889764 -0.220472 -0.393701 
vn -0.913386 0.338583 -0.23622 
vn -0.88189 0.417323 -0.19685 
vn -0.897638 0.393701 -0.188976 
vn -0.897638 0.409449 -0.181102 
vn -0.944882 0.228346 -0.251969 
vn -0.968504 0.173228 -0.165354 
vn -0.937008 0.228346 -0.251969 
vn -0.976378 0.165354 -0.15748 
vn -0.937008 0.244094 0.244094 
vn -0.937008 0.307087 0.181102 
vn -0.937008 0.307087 0.188976 
vn -0.937008 0.251969 0.23622 
vn -0.976378 0.181102 0.11811 
vn -0.976378 0.165354 0.149606 
vn -0.976378 0.181102 0.11811 
vn -0.976378 0.165354 0.149606 
vn -0.92126 0.023622 0.393701 
vn -0.92126 -0.102362 0.385827 
vn -0.92126 -0.0866142 0.385827 
vn -0.913386 0.0629921 0.393701 
vn -0.984252 0 -0.165354 
vn -0.992126 -0.0944882 -0.11811 
vn -0.992126 -0.0944882 -0.11811 
vn -0.984252 0 -0.165354 
vn -0.984252 0 -0.165354 
vn -0.984252 0.110236 -0.15748 
vn -0.984252 0.110236 -0.15748 
vn -0.929134 0.299213 -0.204724 
vn -0.96063 0.228346 -0.173228 
vn -0.929134 0.307087 -0.212598 
vn -0.96063 0.220472 -0.173228 
vn -0.913386 0.00787402 0.409449 
vn -0.937008 0.0393701 0.354331 
vn -0.937008 0.0393701 0.354331 
vn -0.913386 0.00787402 0.409449 
vn -0.992126 -0.00787402 0.11811 
vn -0.984252 -0.00787402 0.15748 
vn -0.992126 -0.00787402 0.125984 
vn -0.984252 -0.00787402 0.15748 
vn -0.992126 -0.023622 0.110236 
vn -0.992126 -0.023622 0.11811 
vn -0.992126 -0.023622 0.11811 
vn -0.992126 0.00787402 0.11811 
vn -0.992126 -0.023622 0.11811 
vn -0.992126 0.00787402 0.11811 
vn -0.992126 0.00787402 0.11811 
vn -0.984252 -0.015748 0.165354 
vn -0.984252 -0.015748 0.165354 
vn -0.96063 -0.0944882 0.259843 
vn -0.984252 -0.015748 0.165354 
vn -0.96063 -0.0944882 0.259843 
vn -0.96063 -0.0944882 0.259843 
vn -0.937008 -0.173228 0.291339 
vn -0.937008 -0.173228 0.291339 
vn -0.976378 0.149606 -0.141732 
vn -0.984252 0.141732 -0.102362 
vn -0.992126 0.102362 -0.015748 
vn -0.850394 -0.283465 -0.440945 
vn -0.850394 -0.322835 -0.425197 
vn -0.874016 -0.354331 -0.330709 
vn -0.858268 -0.141732 -0.496063 
vn -0.850394 -0.0944882 -0.511811 
vn -0.889764 0.299213 -0.346457 
vn -0.866142 0.307087 -0.385827 
vn -0.889764 0.299213 -0.346457 
vn -0.858268 0.322835 -0.401575 
vn -0.84252 0.330709 -0.425197 
vn -0.866142 0.307087 -0.385827 
vn -0.984252 0.165354 -0.0944882 
vn -0.944882 0.23622 -0.220472 
vn -0.937008 0.267717 -0.220472 
vn 0.92126 -0.362205 -0.149606 
vn 0.905512 -0.385827 -0.165354 
vn 0.929134 -0.338583 -0.165354 
vn 0.905512 -0.385827 -0.173228 
vn 0.905512 -0.377953 -0.204724 
vn 0.905512 -0.385827 -0.165354 
vn -0.992126 0.110236 0.110236 
vn -0.992126 0.0629921 0.125984 
vn -0.992126 0.0944882 0.11811 
vn -0.913386 0.00787402 0.409449 
vn -0.92126 0.0472441 0.385827 
vn -0.92126 0.0472441 0.385827 
vn -0.913386 0.00787402 0.409449 
vn -0.976378 -0.0314961 -0.220472 
vn -0.984252 -0.0393701 -0.173228 
vn -0.984252 -0.00787402 -0.188976 
vn -0.976378 -0.0393701 -0.228346 
vn -0.96063 0.188976 -0.188976 
vn -0.96063 0.228346 -0.173228 
vn -0.96063 0.23622 -0.173228 
vn -0.96063 0.188976 -0.188976 
vn -0.96063 0.188976 -0.188976 
vn -0.944882 0.259843 -0.188976 
vn -0.944882 0.259843 -0.188976 
vn -0.968504 0.251969 0 
vn -0.968504 0.244094 0.015748 
vn -0.968504 0.251969 0.00787402 
vn -0.968504 0.251969 0.015748 
vn 0.92126 -0.362205 0.149606 
vn 0.905512 -0.385827 0.165354 
vn 0.905512 -0.385827 0.165354 
vn 0.929134 -0.338583 0.165354 
vn 0.905512 -0.377953 0.204724 
vn 0.905512 -0.385827 0.165354 
vn -0.88189 -0.110236 0.464567 
vn -0.850394 -0.0787402 0.519685 
vn -0.80315 -0.0629921 0.590551 
vn -0.88189 -0.110236 0.456693 
vn -0.92126 0.0629921 -0.385827 
vn -0.889764 0.0472441 -0.448819 
vn -0.889764 0.0472441 -0.448819 
vn -0.92126 0.0629921 -0.385827 
vn -0.88189 0.0393701 -0.472441 
vn -0.889764 0.0472441 -0.448819 
vn -0.984252 0.165354 0.0944882 
vn -0.937008 0.267717 0.220472 
vn -0.944882 0.23622 0.220472 
vn -0.850394 -0.283465 -0.440945 
vn -0.858268 -0.141732 -0.496063 
vn -0.850394 -0.322835 -0.425197 
vn -0.929134 -0.188976 -0.307087 
vn -0.834646 -0.23622 -0.496063 
vn -0.92126 -0.19685 -0.322835 
vn -0.992126 -0.102362 -0.023622 
vn -0.992126 -0.015748 -0.141732 
vn -0.992126 -0.102362 -0.0314961 
vn -0.992126 -0.015748 -0.141732 
vn -0.968504 -0.0866142 -0.220472 
vn -0.992126 -0.0708661 -0.110236 
vn -0.968504 -0.0866142 -0.220472 
vn -0.992126 -0.0708661 -0.0944882 
vn -0.866142 0.401575 0.283465 
vn -0.874016 0.401575 0.283465 
vn -0.905512 0.314961 0.283465 
vn -0.897638 0.322835 0.291339 
vn -0.905512 0.314961 0.283465 
vn -0.944882 0.165354 0.275591 
vn -0.952756 0.11811 0.275591 
vn -1 0.015748 0.00787402 
vn -0.992126 0.0708661 0.0787402 
vn -1 0.023622 0.015748 
vn -0.913386 -0.244094 0.314961 
vn -0.88189 -0.0944882 0.464567 
vn -0.889764 -0.212598 0.401575 
vn -0.88189 0.188976 -0.425197 
vn -0.913386 0.244094 -0.330709 
vn -0.897638 0.23622 -0.377953 
vn -0.913386 0.244094 -0.338583 
vn -0.913386 0.244094 -0.330709 
vn -0.937008 0.228346 -0.251969 
vn -0.944882 0.228346 -0.251969 
vn -0.984252 0.165354 -0.0629921 
vn -0.984252 0.173228 -0.0472441 
vn -0.984252 0.15748 -0.0393701 
vn -0.96063 0.275591 0 
vn -0.937008 -0.0551181 -0.338583 
vn -0.929134 -0.110236 -0.346457 
vn -0.952756 0.023622 -0.291339 
vn -0.929134 -0.110236 -0.346457 
vn -0.937008 0.0393701 0.354331 
vn -0.944882 0.165354 0.275591 
vn -0.944882 0.173228 0.275591 
vn -0.937008 0.0393701 0.354331 
vn -0.992126 -0.00787402 0.125984 
vn -0.992126 -0.0472441 0.110236 
vn -0.992126 -0.00787402 0.11811 
vn -0.992126 -0.0472441 0.110236 
vn -0.913386 0.393701 -0.102362 
vn -0.889764 0.425197 -0.15748 
vn -0.913386 0.393701 -0.102362 
vn -0.889764 0.425197 -0.15748 
vn -0.889764 0.19685 -0.401575 
vn -0.889764 0.299213 -0.346457 
vn -0.889764 0.19685 -0.409449 
vn -0.889764 0.299213 -0.346457 
vn -0.929134 0.299213 0.23622 
vn -0.913386 0.346457 0.220472 
vn -0.913386 0.346457 0.220472 
vn -0.929134 0.291339 0.228346 
vn -0.992126 -0.0708661 -0.0551181 
vn -1 0.00787402 -0.0551181 
vn -0.992126 -0.0787402 -0.0551181 
vn -1 0.015748 -0.0629921 
vn -0.929134 0.377953 -0.023622 
vn -0.96063 0.283465 -0.0393701 
vn -0.929134 0.377953 -0.023622 
vn -0.96063 0.283465 -0.0393701 
vn -0.976378 0.204724 -0.0393701 
vn -0.96063 0.283465 -0.0393701 
vn -0.976378 0.204724 -0.0393701 
vn -0.976378 0.204724 -0.0393701 
vn -0.984252 0.188976 -0.0393701 
vn -0.984252 0.188976 -0.0393701 
vn -0.96063 0.291339 -0.015748 
vn -0.968504 0.251969 0.00787402 
vn -0.952756 0.307087 -0.023622 
vn -0.968504 0.251969 0 
vn -0.96063 0.267717 0.00787402 
vn -0.968504 0.251969 0.015748 
vn -0.96063 0.267717 0.00787402 
vn -0.811024 0.377953 -0.448819 
vn -0.811024 0.377953 -0.448819 
vn -0.795276 0.385827 -0.464567 
vn -0.795276 0.393701 -0.464567 
vn -0.984252 0.149606 -0.0629921 
vn -0.992126 0.110236 -0.0629921 
vn -0.992126 0.102362 -0.102362 
vn -0.984252 0.165354 -0.0944882 
vn -0.811024 0.370079 0.456693 
vn -0.826772 0.440945 0.338583 
vn -0.811024 0.377953 0.456693 
vn -0.826772 0.448819 0.338583 
vn -0.992126 0.110236 0.0629921 
vn -0.984252 0.149606 0.0629921 
vn -0.984252 0.125984 0.110236 
vn -0.984252 0.165354 0.0944882 
vn -0.929134 -0.188976 0.307087 
vn -0.92126 -0.19685 0.322835 
vn -0.834646 -0.23622 0.496063 
vn -0.92126 -0.291339 -0.259843 
vn -0.929134 -0.267717 -0.244094 
vn -0.937008 -0.267717 -0.244094 
vn -0.92126 -0.291339 -0.259843 
vn -0.92126 -0.291339 -0.259843 
vn -0.913386 -0.307087 -0.259843 
vn -0.929134 -0.244094 0.283465 
vn -0.929134 -0.283465 0.251969 
vn -0.929134 -0.283465 0.251969 
vn -0.929134 -0.244094 0.283465 
vn -0.897638 0.204724 -0.393701 
vn -0.944882 0.212598 -0.267717 
vn -0.897638 0.15748 -0.417323 
vn -0.968504 0.251969 0.015748 
vn -0.96063 0.267717 0.00787402 
vn -0.968504 0.244094 0.015748 
vn -0.984252 0.173228 -0.0708661 
vn -0.984252 0.173228 -0.0472441 
vn -0.984252 0.165354 -0.0629921 
vn -0.992126 0.0314961 0.125984 
vn -1 0.0629921 0.0629921 
vn -0.992126 0.0551181 0.0944882 
vn -0.968504 0 -0.244094 
vn -0.976378 -0.00787402 -0.212598 
vn -0.976378 -0.00787402 -0.212598 
vn -0.976378 -0.0472441 -0.212598 
vn -0.976378 -0.00787402 -0.212598 
vn -0.976378 -0.0551181 -0.212598 
vn -0.984252 -0.00787402 0.15748 
vn -0.984252 -0.0393701 0.173228 
vn -0.984252 -0.00787402 0.15748 
vn -0.984252 -0.0472441 0.173228 
vn -0.96063 0.267717 0.00787402 
vn -0.944882 0.322835 -0.00787402 
vn -0.944882 0.322835 -0.00787402 
vn -0.96063 0.267717 0.00787402 
vn -0.897638 -0.0314961 0.440945 
vn -0.889764 -0.023622 0.456693 
vn -0.889764 -0.0314961 0.456693 
vn -0.897638 -0.0393701 0.440945 
vn -0.913386 -0.307087 0.267717 
vn -0.92126 -0.283465 0.259843 
vn -0.92126 -0.283465 0.259843 
vn -0.913386 -0.307087 0.267717 
vn -0.905512 -0.330709 0.259843 
vn -0.913386 -0.307087 0.267717 
vn -0.937008 0.338583 -0.0866142 
vn -0.937008 0.338583 -0.0551181 
vn -0.937008 0.338583 -0.0551181 
vn -0.937008 0.338583 -0.0866142 
vn -0.992126 0 0.11811 
vn -0.992126 0.0866142 0.11811 
vn -0.992126 0 0.11811 
vn -0.992126 0.0944882 0.11811 
vn -0.771654 0.354331 -0.527559 
vn -0.76378 0.338583 -0.543307 
vn -0.771654 0.283465 -0.574803 
vn -0.771654 0.354331 -0.527559 
vn -0.795276 0.00787402 0.606299 
vn -0.818898 -0.244094 0.527559 
vn -0.818898 -0.220472 0.527559 
vn -0.795276 0.00787402 0.606299 
vn -0.944882 -0.220472 -0.251969 
vn -0.937008 -0.259843 -0.228346 
vn -0.944882 -0.220472 -0.251969 
vn -0.937008 -0.259843 -0.228346 
vn -0.968504 -0.0944882 0.220472 
vn -0.992126 -0.0708661 0.110236 
vn -0.968504 -0.0944882 0.220472 
vn -0.992126 -0.0708661 0.102362 
vn -0.952756 0.275591 -0.149606 
vn -0.944882 0.299213 -0.15748 
vn -0.944882 0.299213 -0.165354 
vn -0.952756 0.275591 -0.141732 
vn -0.795276 0.456693 -0.393701 
vn -0.795276 0.440945 -0.417323 
vn -0.795276 0.440945 -0.417323 
vn -0.795276 0.456693 -0.393701 
vn -0.937008 0.275591 0.204724 
vn -0.937008 0.314961 0.141732 
vn -0.937008 0.307087 0.133858 
vn -0.944882 0.251969 0.212598 
vn -0.96063 0.15748 0.228346 
vn -0.937008 0.275591 0.204724 
vn -0.96063 0.19685 -0.204724 
vn -0.92126 0.354331 -0.149606 
vn -0.96063 0.204724 -0.204724 
vn -0.92126 0.370079 -0.125984 
vn -0.984252 -0.00787402 0.181102 
vn -0.976378 0.0393701 0.220472 
vn -0.968504 0.0393701 0.244094 
vn -0.984252 -0.00787402 0.165354 
vn -0.913386 0.377953 -0.141732 
vn -0.889764 0.385827 -0.23622 
vn -0.913386 0.377953 -0.141732 
vn -0.889764 0.385827 -0.23622 
vn -0.897638 0.346457 -0.275591 
vn -0.889764 0.385827 -0.23622 
vn -0.92126 0.15748 0.354331 
vn -0.913386 0.275591 0.299213 
vn -0.913386 0.275591 0.299213 
vn -0.92126 0.15748 0.354331 
vn -0.913386 0.275591 0.299213 
vn -0.897638 0.354331 0.251969 
vn -0.897638 0.354331 0.251969 
vn -0.992126 0.125984 0.023622 
vn -1 0.0708661 -0.023622 
vn -0.992126 0.0787402 -0.0708661 
vn -1 0.015748 -0.0472441 
vn -1 0.0708661 -0.023622 
vn -0.992126 0.0314961 -0.0944882 
vn -0.952756 0.0314961 -0.291339 
vn -0.968504 -0.015748 -0.244094 
vn -0.96063 0.0629921 -0.275591 
vn -0.992126 -0.0393701 0.110236 
vn -0.984252 -0.0551181 0.181102 
vn -0.992126 -0.0393701 0.11811 
vn -0.984252 -0.0551181 0.181102 
vn -0.96063 0.23622 -0.173228 
vn -0.929134 0.338583 -0.149606 
vn -0.929134 0.338583 -0.149606 
vn -0.96063 0.228346 -0.173228 
vn -0.984252 0.0314961 -0.188976 
vn -0.968504 0.173228 -0.19685 
vn -0.968504 0.165354 -0.19685 
vn -0.984252 0.0393701 -0.165354 
vn -0.96063 -0.0472441 0.259843 
vn -0.96063 -0.0472441 0.259843 
vn -0.976378 -0.00787402 0.228346 
vn -0.976378 -0.00787402 0.228346 
vn -0.992126 -0.0314961 -0.11811 
vn -1 -0.0629921 -0.0314961 
vn -0.992126 -0.0314961 -0.11811 
vn -1 -0.0629921 -0.0314961 
vn -0.992126 -0.0393701 0.110236 
vn -1 -0.0629921 -0.0314961 
vn -0.992126 -0.0393701 0.11811 
vn -0.96063 0.291339 -0.015748 
vn -0.952756 0.307087 -0.023622 
vn -0.937008 0.338583 -0.0472441 
vn -0.937008 0.338583 -0.0866142 
vn -0.913386 0.393701 -0.102362 
vn -0.913386 0.393701 -0.102362 
vn -0.937008 0.338583 -0.0866142 
vn -0.897638 0.362205 -0.251969 
vn -0.92126 0.354331 -0.173228 
vn -0.897638 0.362205 -0.251969 
vn -0.92126 0.354331 -0.173228 
vn -0.968504 -0.023622 0.244094 
vn -0.952756 -0.015748 0.299213 
vn -0.952756 0.015748 0.314961 
vn -0.913386 0.125984 -0.385827 
vn -0.866142 0.244094 -0.433071 
vn -0.913386 0.125984 -0.385827 
vn -0.858268 0.275591 -0.440945 
vn -1 0.0472441 -0.0629921 
vn -1 0.0472441 -0.0708661 
vn -1 0.023622 0.015748 
vn -0.944882 0.173228 0.275591 
vn -0.937008 0.330709 0.110236 
vn -0.937008 0.346457 0.0866142 
vn -0.944882 0.165354 0.275591 
vn -0.708661 -0.023622 0.708661 
vn -0.826772 0.023622 0.559055 
vn -0.834646 0.023622 0.551181 
vn -0.826772 0.023622 0.559055 
vn -0.937008 0 0.354331 
vn -0.929134 0 0.362205 
vn -0.952756 -0.0551181 0.283465 
vn -0.937008 0 0.354331 
vn -0.96063 -0.0551181 0.283465 
vn -0.905512 0.362205 -0.23622 
vn -0.929134 0.307087 -0.212598 
vn -0.897638 0.362205 -0.23622 
vn -0.929134 0.299213 -0.204724 
vn -0.92126 -0.283465 0.259843 
vn -0.929134 -0.283465 0.23622 
vn -0.929134 -0.283465 0.23622 
vn -0.92126 -0.283465 0.259843 
vn -0.984252 0.173228 -0.0708661 
vn -0.976378 0.204724 -0.0551181 
vn -0.968504 0.228346 -0.0551181 
vn -0.984252 0.165354 -0.0629921 
vn -0.976378 0.204724 -0.0551181 
vn -0.968504 0.259843 -0.0393701 
vn -0.937008 -0.267717 -0.220472 
vn -0.937008 -0.267717 -0.244094 
vn -0.937008 -0.267717 -0.220472 
vn -0.929134 -0.267717 -0.244094 
vn -0.874016 -0.0472441 0.480315 
vn -0.889764 -0.212598 0.401575 
vn -0.88189 -0.0944882 0.464567 
vn -0.889764 -0.0472441 0.456693 
vn -0.889764 -0.0314961 0.456693 
vn -0.889764 -0.023622 0.456693 
vn -0.850394 0.370079 0.377953 
vn -0.88189 0.275591 0.377953 
vn -0.88189 0.275591 0.377953 
vn -0.850394 0.370079 0.377953 
vn -0.976378 0.0314961 -0.204724 
vn -0.984252 0.0393701 -0.165354 
vn -0.984252 0.0314961 -0.188976 
vn -0.937008 -0.212598 -0.283465 
vn -0.929134 -0.188976 -0.307087 
vn -0.92126 -0.19685 -0.322835 
vn -0.984252 0.0314961 0.15748 
vn -0.984252 0.0551181 0.188976 
vn -0.984252 0.0314961 0.15748 
vn -0.976378 0.0708661 0.188976 
vn -0.929134 -0.283465 0.23622 
vn -0.929134 -0.283465 0.251969 
vn -0.929134 -0.283465 0.251969 
vn -0.929134 -0.283465 0.23622 
vn -0.866142 0.480315 -0.15748 
vn -0.889764 0.370079 -0.251969 
vn -0.889764 0.362205 -0.267717 
vn -0.866142 0.472441 -0.15748 
vn -0.937008 0.338583 -0.0472441 
vn -0.952756 0.307087 -0.023622 
vn -0.952756 0.299213 -0.0866142 
vn -0.952756 -0.0708661 0.283465 
vn -0.984252 0.0866142 0.173228 
vn -0.968504 0.015748 0.23622 
vn -0.976378 0.15748 0.125984 
vn -0.968504 0.015748 0.23622 
vn -0.897638 -0.0393701 0.440945 
vn -0.897638 -0.11811 0.425197 
vn -0.897638 -0.0314961 0.440945 
vn -0.897638 -0.11811 0.425197 
vn -0.858268 -0.0866142 0.496063 
vn -0.889764 -0.133858 0.433071 
vn -0.874016 -0.110236 0.480315 
vn -0.905512 0.338583 0.251969 
vn -0.913386 0.362205 0.173228 
vn -0.905512 0.338583 0.251969 
vn -0.913386 0.354331 0.173228 
vn -0.992126 0.023622 -0.0866142 
vn -1 0.0551181 -0.023622 
vn -1 0.0393701 -0.0708661 
vn -1 0.0551181 -0.015748 
vn -0.992126 0.0787402 -0.0708661 
vn -0.984252 0.0551181 -0.165354 
vn -0.984252 0.0551181 -0.173228 
vn -1 0.0708661 -0.023622 
vn -0.913386 -0.0472441 0.401575 
vn -0.92126 -0.102362 0.385827 
vn -0.913386 -0.0393701 0.409449 
vn -0.92126 -0.0866142 0.385827 
vn -0.92126 0.330709 -0.204724 
vn -0.905512 0.362205 -0.228346 
vn -0.92126 0.330709 -0.204724 
vn -0.905512 0.362205 -0.228346 
vn -0.944882 0.23622 -0.220472 
vn -0.984252 0.0708661 -0.15748 
vn -0.944882 0.23622 -0.220472 
vn -0.984252 0.0787402 -0.15748 
vn -0.992126 0 -0.110236 
vn -0.984252 0.0708661 -0.15748 
vn -0.992126 0 -0.110236 
vn -0.937008 -0.259843 -0.228346 
vn -0.937008 -0.267717 -0.220472 
vn -0.937008 -0.259843 -0.228346 
vn -0.937008 -0.267717 -0.220472 
vn -0.968504 0.228346 0.11811 
vn -0.952756 0.259843 0.133858 
vn -0.952756 0.259843 0.133858 
vn -0.937008 0.307087 0.165354 
vn -0.952756 0.259843 0.133858 
vn -0.937008 0.307087 0.165354 
vn -0.929134 0.330709 0.173228 
vn -0.937008 0.307087 0.165354 
vn -0.929134 0.330709 0.173228 
vn -0.92126 0.346457 0.181102 
vn -0.929134 0.330709 0.173228 
vn -0.92126 0.346457 0.181102 
vn -1 0.023622 0.0551181 
vn -0.992126 -0.023622 0.102362 
vn -1 0.023622 0.0551181 
vn -0.992126 -0.023622 0.110236 
vn -1 0.023622 0.0551181 
vn -0.992126 0.125984 0.015748 
vn -0.992126 0.125984 0.015748 
vn -0.929134 -0.275591 -0.23622 
vn -0.968504 -0.181102 -0.173228 
vn -0.984252 -0.125984 -0.133858 
vn -0.937008 0.307087 -0.188976 
vn -0.937008 0.314961 -0.141732 
vn -0.937008 0.314961 -0.141732 
vn -0.937008 0.307087 -0.181102 
vn -0.858268 0.401575 0.322835 
vn -0.897638 0.251969 0.362205 
vn -0.897638 0.244094 0.362205 
vn -0.858268 0.401575 0.322835 
vn -0.937008 -0.212598 0.283465 
vn -0.92126 -0.19685 0.322835 
vn -0.929134 -0.188976 0.307087 
vn -0.976378 -0.0314961 -0.220472 
vn -0.968504 -0.015748 -0.244094 
vn -0.952756 0.0314961 -0.291339 
vn -0.944882 0.259843 -0.188976 
vn -0.92126 0.330709 -0.204724 
vn -0.944882 0.259843 -0.188976 
vn -0.92126 0.330709 -0.204724 
vn -0.984252 0.181102 -0.0393701 
vn -0.976378 0.181102 -0.11811 
vn -0.984252 0.181102 -0.0314961 
vn -0.976378 0.181102 -0.11811 
vn -0.944882 0.322835 -0.00787402 
vn -0.897638 0.425197 -0.0629921 
vn -0.944882 0.322835 -0.00787402 
vn -0.858268 0.496063 -0.11811 
vn -0.92126 0.354331 -0.173228 
vn -0.944882 0.299213 -0.15748 
vn -0.92126 0.354331 -0.173228 
vn -0.944882 0.299213 -0.165354 
vn -0.913386 0.346457 0.220472 
vn -0.92126 0.346457 0.181102 
vn -0.92126 0.346457 0.181102 
vn -0.913386 0.346457 0.220472 
vn -0.937008 0.307087 0.181102 
vn -0.937008 0.307087 0.141732 
vn -0.937008 0.307087 0.188976 
vn -0.937008 0.307087 0.141732 
vn -0.992126 0.102362 0.023622 
vn -0.992126 0.110236 0.0866142 
vn -0.992126 0.0944882 0.0551181 
vn -0.992126 0.0944882 0.0551181 
vn -1 0.0629921 0.0629921 
vn -0.992126 0.0551181 0.0944882 
vn -0.968504 -0.015748 0.244094 
vn -0.96063 -0.0944882 0.251969 
vn -0.968504 -0.015748 0.244094 
vn -0.96063 -0.102362 0.244094 
vn -0.92126 0.370079 -0.0944882 
vn -0.92126 0.377953 -0.11811 
vn -0.92126 0.377953 -0.11811 
vn -0.929134 0.338583 -0.149606 
vn -0.92126 0.377953 -0.11811 
vn -0.929134 0.338583 -0.149606 
vn -0.992126 -0.0472441 0.110236 
vn -0.984252 -0.102362 0.133858 
vn -0.992126 -0.0472441 0.110236 
vn -0.984252 -0.102362 0.133858 
vn -0.937008 0.338583 0.110236 
vn -0.952756 0.307087 0.0314961 
vn -0.937008 0.338583 0.0629921 
vn -0.937008 0.346457 0.0944882 
vn -0.937008 0.283465 0.181102 
vn -0.96063 0.283465 -0.00787402 
vn -0.937008 0.338583 0.0629921 
vn -0.968504 0.228346 -0.0551181 
vn -0.968504 0.259843 -0.0393701 
vn -0.96063 0.267717 -0.0393701 
vn -0.874016 -0.102362 0.472441 
vn -0.826772 -0.015748 0.566929 
vn -0.850394 -0.0708661 0.519685 
vn -0.984252 0.181102 0.0314961 
vn -0.976378 0.181102 0.11811 
vn -0.984252 0.181102 0.0393701 
vn -0.976378 0.181102 0.11811 
vn -0.724409 -0.015748 0.685039 
vn -0.740157 0.015748 0.669291 
vn -0.740157 0.00787402 0.677165 
vn -0.740157 0.015748 0.669291 
vn -0.779528 0.0866142 0.622047 
vn -0.787402 0.102362 0.614173 
vn -0.96063 0.283465 -0.00787402 
vn -0.96063 0.267717 -0.0393701 
vn -0.968504 0.259843 -0.0393701 
vn -0.952756 0.307087 0.0314961 
vn -0.795276 0.0314961 -0.606299 
vn -0.826772 -0.0944882 -0.551181 
vn -0.826772 -0.0944882 -0.551181 
vn -0.795276 0.0314961 -0.606299 
vn -0.96063 0.275591 0 
vn -0.984252 0.173228 -0.0472441 
vn -0.944882 0.322835 0.0314961 
vn -0.976378 -0.0787402 0.188976 
vn -0.984252 -0.0314961 0.149606 
vn -0.976378 -0.0787402 0.188976 
vn -0.992126 -0.023622 0.149606 
vn -0.976378 0.0314961 -0.204724 
vn -0.968504 0.015748 -0.259843 
vn -0.944882 0.0944882 -0.307087 
vn -0.984252 0.0314961 -0.188976 
vn -0.905512 0.362205 -0.228346 
vn -0.897638 0.362205 -0.23622 
vn -0.905512 0.362205 -0.228346 
vn -0.905512 0.362205 -0.23622 
vn -0.984252 -0.0393701 0.173228 
vn -0.992126 -0.102362 0.110236 
vn -0.984252 -0.0472441 0.173228 
vn -0.992126 -0.102362 0.110236 
vn -0.968504 0.23622 -0.0708661 
vn -0.992126 0.141732 -0.0314961 
vn -0.968504 0.23622 -0.0708661 
vn -0.992126 0.141732 -0.023622 
vn -0.897638 -0.11811 0.425197 
vn -0.88189 -0.23622 0.409449 
vn -0.897638 -0.11811 0.425197 
vn -0.88189 -0.228346 0.409449 
vn -0.929134 0.338583 0.133858 
vn -0.913386 0.354331 0.173228 
vn -0.913386 0.362205 0.173228 
vn -0.929134 0.338583 0.133858 
vn -0.984252 0.0314961 0.15748 
vn -0.992126 0.0314961 0.125984 
vn -0.992126 0.0551181 0.0944882 
vn -0.984252 0.0314961 0.15748 
vn -0.952756 0.275591 -0.141732 
vn -0.937008 0.314961 -0.141732 
vn -0.937008 0.314961 -0.141732 
vn -0.952756 0.275591 -0.149606 
vn -0.937008 0.307087 0.141732 
vn -0.937008 0.314961 0.125984 
vn -0.937008 0.307087 0.141732 
vn -0.937008 0.314961 0.125984 
vn -0.992126 0.141732 0.023622 
vn -0.968504 0.23622 0.0708661 
vn -0.992126 0.141732 0.0314961 
vn -0.968504 0.23622 0.0708661 
vn -0.944882 0.330709 -0.0866142 
vn -0.944882 0.322835 0.102362 
vn -0.944882 0.322835 -0.0708661 
vn -0.944882 0.322835 0.102362 
vn -0.88189 -0.228346 0.409449 
vn -0.858268 -0.346457 0.385827 
vn -0.88189 -0.23622 0.409449 
vn -0.858268 -0.338583 0.385827 
vn -0.811024 -0.496063 0.314961 
vn -0.858268 -0.346457 0.385827 
vn -0.811024 -0.496063 0.314961 
vn -0.968504 0.244094 0.0551181 
vn -0.929134 0.370079 0.00787402 
vn -0.992126 0.110236 0.110236 
vn -0.992126 -0.0944882 -0.11811 
vn -0.992126 -0.149606 0.00787402 
vn -0.992126 -0.149606 0.00787402 
vn -0.992126 -0.0944882 -0.11811 
vn -0.929134 0.377953 0.0314961 
vn -0.858268 0.503937 0.0866142 
vn -0.937008 0.354331 0.0393701 
vn -0.992126 -0.102362 -0.0393701 
vn -0.984252 -0.125984 -0.133858 
vn -0.968504 -0.181102 -0.173228 
vn -0.992126 -0.110236 0.0708661 
vn -0.968504 -0.0944882 0.23622 
vn -0.968504 -0.0944882 0.23622 
vn -0.968504 -0.0708661 0.251969 
vn -0.96063 -0.0708661 0.251969 
vn -0.88189 -0.110236 0.464567 
vn -0.874016 -0.110236 0.480315 
vn -0.889764 -0.133858 0.433071 
vn -0.88189 -0.110236 0.456693 
vn -0.937008 -0.0551181 -0.338583 
vn -0.952756 0.023622 -0.291339 
vn -0.968504 0.0708661 -0.228346 
vn -0.976378 0.141732 -0.173228 
vn -0.952756 0.023622 -0.291339 
vn -0.944882 0.0944882 -0.307087 
vn -0.968504 0.015748 -0.259843 
vn -0.897638 0.188976 -0.409449 
vn -0.968504 0.244094 0.0551181 
vn -0.992126 0.110236 0.110236 
vn -0.992126 0.0944882 0.11811 
vn -0.96063 -0.0708661 0.251969 
vn -0.96063 -0.0551181 0.283465 
vn -0.952756 -0.0551181 0.283465 
vn -0.968504 -0.0708661 0.251969 
vn -0.732283 0.015748 -0.677165 
vn -0.740157 -0.19685 -0.637795 
vn -0.748031 -0.204724 -0.637795 
vn -0.732283 0.0393701 -0.677165 
vn -0.913386 0.370079 0.173228 
vn -0.944882 0.322835 0.102362 
vn -0.944882 0.322835 0.102362 
vn -0.913386 0.370079 0.173228 
vn -0.984252 -0.0708661 -0.173228 
vn -0.976378 -0.0393701 -0.212598 
vn -0.976378 -0.0393701 -0.220472 
vn -0.984252 -0.0708661 -0.181102 
vn -0.976378 -0.0393701 -0.212598 
vn -0.96063 -0.023622 -0.275591 
vn -0.952756 -0.0314961 -0.291339 
vn -0.984252 -0.0708661 -0.173228 
vn -0.976378 -0.0708661 -0.19685 
vn -0.976378 -0.0629921 -0.204724 
vn -0.944882 0.11811 0.307087 
vn -0.929134 0.307087 0.220472 
vn -0.944882 0.15748 0.283465 
vn -0.944882 0.314961 0.0314961 
vn -0.992126 0.0787402 0.0551181 
vn -0.96063 0.283465 0.0314961 
vn -1 0.0629921 0.0629921 
vn -0.968504 0.212598 -0.141732 
vn -0.944882 0.314961 0.015748 
vn -0.944882 0.314961 0.0551181 
vn -0.968504 0.204724 -0.15748 
vn -0.937008 0.354331 0.0551181 
vn -0.96063 0.275591 0 
vn -0.944882 0.322835 0.0314961 
vn -0.929134 0.377953 0.0314961 
vn -0.992126 0 -0.110236 
vn -0.992126 0.0629921 -0.133858 
vn -0.992126 0 -0.110236 
vn -0.992126 0.0629921 -0.133858 
vn -0.992126 0.0629921 -0.133858 
vn -0.968504 0.15748 -0.181102 
vn -0.968504 0.15748 -0.181102 
vn -0.96063 -0.0472441 -0.283465 
vn -0.976378 -0.0629921 -0.204724 
vn -0.952756 -0.0551181 -0.291339 
vn -0.976378 -0.0708661 -0.19685 
vn -0.866142 0.440945 0.244094 
vn -0.84252 0.448819 0.299213 
vn -0.874016 0.393701 0.291339 
vn -0.850394 0.456693 0.259843 
vn -0.779528 0.354331 0.519685 
vn -0.771654 0.338583 0.535433 
vn -0.771654 0.401575 0.496063 
vn -0.779528 0.362205 0.511811 
vn -0.992126 0.015748 -0.141732 
vn -0.984252 0.0866142 -0.141732 
vn -0.992126 0.0314961 -0.0944882 
vn -0.984252 0.0866142 -0.173228 
vn -0.984252 -0.0551181 0.181102 
vn -0.984252 -0.110236 0.149606 
vn -0.984252 -0.0551181 0.181102 
vn -0.984252 -0.11811 0.149606 
vn -0.992126 -0.0629921 -0.0708661 
vn -0.992126 -0.125984 0.0393701 
vn -0.992126 -0.125984 0.0393701 
vn -0.992126 -0.0629921 -0.0708661 
vn -0.92126 0.385827 -0.015748 
vn -0.937008 0.338583 -0.0551181 
vn -0.937008 0.338583 -0.0551181 
vn -0.92126 0.385827 -0.015748 
vn -0.96063 -0.0472441 0.267717 
vn -0.968504 -0.0944882 0.220472 
vn -0.96063 -0.0472441 0.267717 
vn -0.968504 -0.0944882 0.220472 
vn -0.937008 0.314961 0.125984 
vn -0.929134 0.338583 0.133858 
vn -0.937008 0.314961 0.125984 
vn -0.929134 0.338583 0.133858 
vn -0.937008 0.314961 0.141732 
vn -0.952756 0.283465 0.0787402 
vn -0.937008 0.307087 0.133858 
vn -0.952756 0.283465 0.0787402 
vn -0.96063 -0.0472441 0.259843 
vn -0.96063 -0.0944882 0.259843 
vn -0.96063 -0.0472441 0.259843 
vn -0.96063 -0.0944882 0.259843 
vn -0.92126 0.393701 0 
vn -0.92126 0.393701 0 
vn -0.944882 0.322835 -0.015748 
vn -0.944882 0.322835 -0.015748 
vn -0.92126 0.307087 -0.244094 
vn -0.937008 0.267717 -0.220472 
vn -0.944882 0.23622 -0.220472 
vn -0.897638 0.354331 0.251969 
vn -0.889764 0.385827 0.251969 
vn -0.897638 0.354331 0.251969 
vn -0.889764 0.385827 0.251969 
vn -0.874016 0.401575 0.283465 
vn -0.889764 0.385827 0.251969 
vn -0.866142 0.401575 0.283465 
vn -0.984252 -0.0787402 0.173228 
vn -0.984252 -0.0472441 0.15748 
vn -0.976378 -0.0629921 0.19685 
vn -0.984252 0.133858 0.102362 
vn -0.976378 0.125984 0.15748 
vn -0.984252 0.141732 0.0787402 
vn -0.976378 0.125984 0.15748 
vn -0.984252 0.133858 0.102362 
vn -0.992126 0.141732 -0.00787402 
vn -0.992126 -0.102362 0.110236 
vn -0.992126 -0.102362 -0.023622 
vn -0.992126 -0.102362 0.110236 
vn -0.992126 -0.102362 -0.0314961 
vn -0.992126 0.015748 -0.149606 
vn -1 0.0393701 0.0472441 
vn -0.976378 0.00787402 -0.228346 
vn -0.913386 0.0314961 -0.409449 
vn -0.992126 0.015748 -0.149606 
vn -0.88189 0.11811 -0.464567 
vn -0.96063 -0.0393701 -0.267717 
vn -0.968504 -0.0866142 -0.220472 
vn -0.96063 -0.0472441 -0.267717 
vn -0.968504 -0.0866142 -0.220472 
vn -0.834646 0.440945 0.330709 
vn -0.826772 0.448819 0.338583 
vn -0.826772 0.440945 0.338583 
vn -0.834646 0.440945 0.338583 
vn -0.968504 -0.0787402 -0.23622 
vn -0.968504 -0.0629921 -0.251969 
vn -0.976378 -0.0551181 -0.220472 
vn -0.976378 -0.0551181 -0.220472 
vn -0.968504 -0.0629921 -0.251969 
vn -0.976378 -0.0472441 -0.228346 
vn -0.976378 -0.0472441 -0.228346 
vn -0.944882 -0.275591 0.15748 
vn -0.992126 -0.125984 0.0629921 
vn -0.984252 -0.181102 0.0787402 
vn -0.929134 -0.0551181 -0.362205 
vn -0.937008 -0.0472441 -0.346457 
vn -0.952756 -0.0314961 -0.291339 
vn -0.929134 -0.0551181 -0.362205 
vn -0.937008 -0.0472441 -0.346457 
vn -0.96063 -0.023622 -0.275591 
vn -0.905512 0.417323 -0.0708661 
vn -0.905512 0.425197 -0.0708661 
vn -0.905512 0.417323 -0.0708661 
vn -0.905512 0.425197 -0.0708661 
vn -0.944882 0.0551181 0.322835 
vn -0.968504 0.0393701 0.244094 
vn -0.952756 0.0551181 0.299213 
vn -0.740157 -0.645669 0.181102 
vn -0.811024 -0.496063 0.314961 
vn -0.724409 -0.669291 0.165354 
vn -0.811024 -0.496063 0.314961 
vn -0.976378 0.181102 -0.102362 
vn -0.976378 0.141732 -0.173228 
vn -0.976378 0.173228 -0.110236 
vn -0.968504 0.0708661 -0.228346 
vn -0.874016 0.393701 0.291339 
vn -0.874016 0.307087 0.377953 
vn -0.866142 0.440945 0.244094 
vn -0.976378 -0.0629921 0.19685 
vn -0.984252 -0.0472441 0.15748 
vn -0.984252 -0.0472441 0.165354 
vn -0.984252 -0.0472441 0.165354 
vn -0.976378 -0.0866142 -0.204724 
vn -0.976378 -0.0472441 -0.212598 
vn -0.976378 -0.0551181 -0.212598 
vn -0.976378 -0.0866142 -0.204724 
vn -0.984252 -0.110236 -0.149606 
vn -0.976378 -0.0866142 -0.204724 
vn -0.976378 -0.0866142 -0.204724 
vn -0.984252 -0.110236 -0.149606 
vn -0.866142 0.417323 -0.291339 
vn -0.850394 0.393701 -0.346457 
vn -0.866142 0.417323 -0.291339 
vn -0.850394 0.393701 -0.346457 
vn -0.976378 0.15748 0.125984 
vn -0.976378 0.19685 0.0866142 
vn -0.976378 0.188976 0.0944882 
vn -0.984252 0.0866142 0.173228 
vn -1 0.0472441 -0.0629921 
vn -0.992126 0.0551181 -0.0866142 
vn -1 0.0472441 -0.0708661 
vn -0.992126 0.0551181 -0.0944882 
vn -0.92126 0.307087 0.244094 
vn -0.944882 0.23622 0.220472 
vn -0.937008 0.267717 0.220472 
vn -0.905512 0.393701 0.141732 
vn -0.913386 0.370079 0.173228 
vn -0.913386 0.370079 0.173228 
vn -0.905512 0.393701 0.141732 
vn -0.984252 -0.0866142 0.165354 
vn -0.976378 -0.0708661 0.19685 
vn -0.984252 -0.0866142 0.165354 
vn -0.976378 -0.0551181 0.212598 
vn -0.976378 -0.0551181 0.212598 
vn -0.968504 -0.0393701 0.23622 
vn -0.968504 -0.0393701 0.23622 
vn -0.968504 -0.0393701 0.23622 
vn -0.968504 -0.0393701 0.23622 
vn -0.968504 -0.0472441 0.23622 
vn -0.968504 -0.0708661 0.251969 
vn -0.96063 -0.0708661 0.251969 
vn -0.968504 -0.0472441 0.23622 
vn -0.968504 -0.0393701 0.23622 
vn -0.92126 0.354331 -0.149606 
vn -0.88189 0.472441 0.0393701 
vn -0.92126 0.370079 -0.125984 
vn -0.88189 0.472441 0.0314961 
vn -0.905512 0.417323 -0.0708661 
vn -0.905512 0.425197 -0.0314961 
vn -0.905512 0.417323 -0.0708661 
vn -0.905512 0.425197 -0.0314961 
vn -0.866142 0.480315 -0.15748 
vn -0.858268 0.496063 -0.11811 
vn -0.866142 0.472441 -0.15748 
vn -0.897638 0.425197 -0.0629921 
vn -0.732283 0.0708661 0.677165 
vn -0.740157 0.0866142 0.661417 
vn -0.740157 0.0866142 0.661417 
vn -0.732283 0.0708661 0.677165 
vn -0.84252 0.448819 0.299213 
vn -0.850394 0.456693 0.259843 
vn -0.818898 0.425197 0.385827 
vn -0.976378 0.0866142 -0.181102 
vn -0.976378 0.11811 -0.181102 
vn -0.976378 0.11811 -0.181102 
vn -0.96063 0.19685 -0.204724 
vn -0.976378 0.11811 -0.181102 
vn -0.96063 0.204724 -0.204724 
vn -0.866142 0.133858 0.488189 
vn -0.874016 -0.0472441 0.480315 
vn -0.88189 -0.0944882 0.464567 
vn -0.866142 0.125984 0.488189 
vn -0.913386 0.377953 -0.141732 
vn -0.944882 0.322835 -0.0787402 
vn -0.913386 0.377953 -0.141732 
vn -0.944882 0.322835 -0.0787402 
vn -0.850394 0.409449 -0.338583 
vn -0.834646 0.456693 -0.314961 
vn -0.84252 0.409449 -0.338583 
vn -0.834646 0.456693 -0.314961 
vn -0.850394 0.393701 -0.346457 
vn -0.850394 0.409449 -0.338583 
vn -0.850394 0.393701 -0.346457 
vn -0.976378 0.141732 -0.165354 
vn -0.984252 0.149606 -0.11811 
vn -0.984252 0.149606 -0.102362 
vn -0.976378 0.141732 -0.165354 
vn -0.984252 0.149606 -0.11811 
vn -0.984252 0.15748 -0.015748 
vn -0.913386 -0.314961 -0.259843 
vn -0.905512 -0.314961 -0.283465 
vn -0.929134 -0.275591 -0.23622 
vn -0.905512 -0.307087 -0.291339 
vn -0.992126 0.0551181 -0.0944882 
vn -0.984252 0.0866142 -0.15748 
vn -0.992126 0.0551181 -0.0866142 
vn -0.976378 0.102362 -0.188976 
vn -0.92126 -0.314961 -0.244094 
vn -0.905512 -0.307087 -0.291339 
vn -0.913386 -0.314961 -0.259843 
vn -0.96063 -0.023622 0.267717 
vn -0.968504 0.0787402 0.228346 
vn -0.96063 -0.00787402 0.267717 
vn -0.905512 0.425197 -0.0708661 
vn -0.905512 0.417323 -0.0314961 
vn -0.905512 0.425197 -0.0708661 
vn -0.905512 0.417323 -0.0314961 
vn -0.976378 0.0393701 0.220472 
vn -0.952756 0.0551181 0.299213 
vn -0.968504 0.0393701 0.244094 
vn -0.92126 0.338583 0.19685 
vn -0.944882 0.15748 0.283465 
vn -0.929134 0.307087 0.220472 
vn -0.787402 0.464567 -0.409449 
vn -0.779528 0.480315 -0.393701 
vn -0.787402 0.464567 -0.409449 
vn -0.779528 0.480315 -0.393701 
vn -0.80315 0.480315 -0.362205 
vn -0.787402 0.464567 -0.409449 
vn -0.80315 0.480315 -0.362205 
vn -0.826772 -0.0314961 -0.566929 
vn -0.858268 -0.141732 -0.496063 
vn -0.850394 -0.0944882 -0.511811 
vn -0.811024 0.015748 -0.582677 
vn -0.992126 0.0472441 0.141732 
vn -0.992126 0.0472441 0.141732 
vn -0.984252 0.0393701 0.15748 
vn -0.992126 0.0472441 0.141732 
vn -0.992126 0.110236 0.0629921 
vn -0.992126 0.110236 0.0551181 
vn -0.905512 0.417323 -0.0314961 
vn -0.905512 0.417323 -0.0314961 
vn -0.92126 0.393701 0 
vn -0.92126 0.393701 0 
vn -0.944882 0.322835 -0.0787402 
vn -0.968504 0.23622 -0.0708661 
vn -0.944882 0.322835 -0.0787402 
vn -0.968504 0.23622 -0.0708661 
vn -0.905512 -0.330709 0.267717 
vn -0.905512 -0.322835 0.267717 
vn -0.905512 -0.314961 0.275591 
vn -0.937008 -0.125984 -0.322835 
vn -0.937008 -0.11811 -0.330709 
vn -0.952756 -0.0551181 -0.291339 
vn -0.96063 -0.0472441 -0.283465 
vn -0.976378 -0.0787402 0.188976 
vn -0.968504 -0.110236 0.220472 
vn -0.976378 -0.0787402 0.188976 
vn -0.968504 -0.110236 0.220472 
vn -0.992126 -0.0787402 -0.0551181 
vn -0.976378 -0.15748 -0.125984 
vn -0.984252 -0.149606 -0.11811 
vn -0.992126 -0.0708661 -0.0551181 
vn -0.858268 0.503937 0.0629921 
vn -0.858268 0.511811 0.0314961 
vn -0.826772 0.559055 0.0393701 
vn -0.669291 -0.740157 0.110236 
vn -0.677165 -0.724409 0.141732 
vn -0.677165 -0.716535 0.149606 
vn -0.669291 -0.740157 0.102362 
vn -0.677165 -0.724409 0.141732 
vn -0.677165 -0.716535 0.173228 
vn -0.677165 -0.716535 0.173228 
vn -0.968504 0.23622 0.0708661 
vn -0.952756 0.283465 0.0787402 
vn -0.952756 0.283465 0.0787402 
vn -0.968504 0.23622 0.0708661 
vn -0.984252 -0.11811 0.141732 
vn -0.992126 -0.110236 0.0708661 
vn -0.992126 -0.102362 -0.0393701 
vn -0.84252 0.0314961 -0.535433 
vn -0.84252 0.0314961 -0.543307 
vn -0.929134 0.0472441 -0.362205 
vn -0.929134 0.0393701 -0.362205 
vn -0.929134 0.0472441 -0.362205 
vn -0.968504 0.220472 -0.11811 
vn -0.968504 0.212598 -0.125984 
vn -0.905512 0.409449 0.0787402 
vn -0.968504 0.220472 -0.11811 
vn -0.905512 0.409449 0.0787402 
vn -0.937008 0.346457 0.0787402 
vn -0.80315 0.582677 -0.110236 
vn -0.913386 0.409449 0.0472441 
vn -0.80315 0.582677 -0.110236 
vn -0.913386 0.409449 0.0472441 
vn -0.96063 0.244094 0.141732 
vn -0.897638 0.433071 0.125984 
vn -0.905512 0.393701 0.141732 
vn -0.905512 0.393701 0.141732 
vn -0.897638 0.425197 0.125984 
vn -0.929134 0.377953 0.0314961 
vn -0.937008 0.354331 0.0393701 
vn -0.937008 0.354331 0.0551181 
vn -0.992126 0.11811 -0.0708661 
vn -0.992126 0.141732 0.023622 
vn -0.992126 0.11811 -0.0629921 
vn -0.992126 0.141732 0.0314961 
vn -0.992126 -0.125984 0.0629921 
vn -0.992126 -0.11811 -0.00787402 
vn -0.984252 -0.181102 0.0787402 
vn -0.984252 -0.149606 -0.0866142 
vn -0.96063 -0.0944882 0.259843 
vn -0.96063 -0.0944882 0.259843 
vn -0.968504 -0.0944882 0.23622 
vn -0.968504 -0.0944882 0.23622 
vn -0.992126 -0.125984 0.0393701 
vn -0.984252 -0.11811 0.149606 
vn -0.984252 -0.110236 0.149606 
vn -0.992126 -0.125984 0.0393701 
vn -0.913386 -0.322835 0.259843 
vn -0.905512 -0.322835 0.267717 
vn -0.944882 -0.275591 0.15748 
vn -0.905512 -0.314961 0.275591 
vn -0.992126 0.141732 -0.023622 
vn -0.992126 0.125984 0.0708661 
vn -0.992126 0.125984 0.0629921 
vn -0.992126 0.141732 -0.0314961 
vn -0.952756 0.291339 0.0472441 
vn -0.952756 0.291339 0.0787402 
vn -0.952756 0.291339 0.0472441 
vn -0.952756 0.299213 0.0629921 
vn -0.952756 0.291339 0.0787402 
vn -0.937008 0.330709 0.0866142 
vn -0.992126 -0.149606 0.00787402 
vn -0.976378 -0.15748 0.165354 
vn -0.976378 -0.15748 0.173228 
vn -0.992126 -0.149606 0.00787402 
vn -0.92126 0.385827 -0.015748 
vn -0.929134 0.377953 -0.023622 
vn -0.92126 0.385827 -0.015748 
vn -0.929134 0.377953 -0.023622 
vn -0.976378 0.102362 0.181102 
vn -0.976378 0.102362 0.173228 
vn -0.992126 0.110236 0.0866142 
vn -0.992126 0.0944882 0.0551181 
vn -0.984252 -0.173228 -0.0708661 
vn -0.984252 -0.141732 -0.133858 
vn -0.976378 -0.141732 -0.141732 
vn -0.984252 -0.181102 -0.0708661 
vn -0.897638 0.370079 0.244094 
vn -0.897638 0.362205 0.23622 
vn -0.952756 0.228346 0.204724 
vn -0.952756 0.228346 0.204724 
vn -0.984252 0.0866142 0.165354 
vn -0.952756 0.228346 0.204724 
vn -0.984252 0.0787402 0.165354 
vn -0.984252 0.0866142 0.165354 
vn -0.992126 -0.023622 0.141732 
vn -0.984252 -0.00787402 0.165354 
vn -0.96063 0.283465 -0.0393701 
vn -0.96063 0.283465 -0.0393701 
vn -0.976378 0.173228 -0.110236 
vn -0.976378 0.181102 -0.102362 
vn -0.968504 -0.0787402 -0.23622 
vn -0.96063 -0.0866142 -0.267717 
vn -0.968504 -0.0629921 -0.251969 
vn -0.937008 0.346457 0.0866142 
vn -0.913386 0.393701 -0.102362 
vn -0.913386 0.385827 -0.110236 
vn -0.937008 0.330709 0.110236 
vn -0.92126 -0.338583 -0.19685 
vn -0.92126 -0.338583 -0.19685 
vn -0.929134 -0.314961 -0.188976 
vn -0.92126 -0.338583 -0.19685 
vn -0.889764 -0.377953 -0.259843 
vn -0.889764 -0.377953 -0.251969 
vn -0.889764 -0.377953 -0.259843 
vn -0.850394 -0.346457 -0.385827 
vn -0.850394 -0.346457 -0.385827 
vn -0.889764 -0.165354 -0.417323 
vn -0.850394 -0.346457 -0.385827 
vn -0.889764 -0.165354 -0.417323 
vn -0.976378 -0.15748 0.173228 
vn -0.96063 -0.102362 0.244094 
vn -0.96063 -0.0944882 0.251969 
vn -0.976378 -0.15748 0.165354 
vn -1 0.0314961 -0.00787402 
vn -0.992126 0.0866142 -0.0472441 
vn -1 0.0314961 -0.00787402 
vn -0.992126 0.0866142 -0.0472441 
vn -0.992126 0.0866142 -0.0472441 
vn -0.992126 0.133858 -0.0629921 
vn -0.992126 0.133858 -0.0629921 
vn -0.661417 -0.748031 0.0866142 
vn -0.669291 -0.740157 0.102362 
vn -0.669291 -0.740157 0.110236 
vn -0.976378 -0.125984 -0.181102 
vn -0.984252 -0.110236 -0.149606 
vn -0.976378 -0.125984 -0.181102 
vn -0.984252 -0.110236 -0.149606 
vn -1 0.0314961 0.00787402 
vn -0.992126 0.0866142 0.0472441 
vn -1 0.0314961 0.00787402 
vn -0.992126 0.0866142 0.0472441 
vn -0.992126 0.133858 0.0629921 
vn -0.992126 0.0866142 0.0472441 
vn -0.992126 0.133858 0.0629921 
vn -0.984252 -0.0787402 0.173228 
vn -0.976378 -0.0629921 0.19685 
vn -0.976378 -0.0944882 0.204724 
vn -0.811024 0.417323 -0.409449 
vn -0.779528 0.480315 -0.393701 
vn -0.811024 0.425197 -0.409449 
vn -0.779528 0.480315 -0.393701 
vn -0.874016 0.377953 -0.307087 
vn -0.84252 0.448819 -0.314961 
vn -0.874016 0.377953 -0.307087 
vn -0.84252 0.448819 -0.314961 
vn -0.984252 0.181102 0.0314961 
vn -0.984252 0.141732 -0.0629921 
vn -0.984252 0.141732 -0.0708661 
vn -0.984252 0.181102 0.0393701 
vn -0.905512 -0.314961 -0.283465 
vn -0.913386 -0.322835 -0.228346 
vn -0.929134 -0.275591 -0.23622 
vn -0.984252 0.0551181 -0.173228 
vn -0.96063 0.141732 -0.251969 
vn -0.952756 0.141732 -0.251969 
vn -0.984252 0.0551181 -0.165354 
vn -0.96063 -0.110236 -0.244094 
vn -0.96063 -0.11811 -0.244094 
vn -0.96063 -0.110236 -0.244094 
vn -0.96063 -0.11811 -0.244094 
vn -0.826772 0.535433 -0.181102 
vn -0.818898 0.543307 -0.181102 
vn -0.818898 0.543307 -0.181102 
vn -0.826772 0.535433 -0.181102 
vn -0.984252 0.141732 0.0629921 
vn -0.984252 0.181102 -0.0314961 
vn -0.984252 0.141732 0.0708661 
vn -0.984252 0.181102 -0.0393701 
vn -0.84252 0.181102 -0.511811 
vn -0.84252 0.362205 -0.393701 
vn -0.84252 0.188976 -0.511811 
vn -0.84252 0.370079 -0.393701 
vn -0.84252 0.362205 -0.393701 
vn -0.826772 0.527559 -0.204724 
vn -0.826772 0.527559 -0.204724 
vn -0.779528 0.598425 -0.173228 
vn -0.826772 0.535433 -0.181102 
vn -0.826772 0.535433 -0.181102 
vn -0.787402 0.598425 -0.173228 
vn -0.968504 -0.110236 0.220472 
vn -0.96063 -0.125984 0.23622 
vn -0.968504 -0.110236 0.220472 
vn -0.96063 -0.133858 0.23622 
vn -0.850394 -0.149606 0.511811 
vn -0.889764 -0.11811 0.440945 
vn -0.88189 -0.11811 0.448819 
vn -0.889764 -0.11811 0.440945 
vn -0.92126 -0.125984 0.362205 
vn -0.92126 -0.133858 0.354331 
vn -0.937008 0.330709 0.0866142 
vn -0.937008 0.330709 0.0787402 
vn -0.937008 0.330709 0.0787402 
vn -0.952756 0.291339 0.0787402 
vn -0.96063 -0.0866142 -0.267717 
vn -0.96063 -0.110236 -0.23622 
vn -0.968504 -0.125984 -0.212598 
vn -0.968504 -0.0787402 -0.23622 
vn -0.96063 -0.11811 -0.244094 
vn -0.976378 -0.125984 -0.181102 
vn -0.96063 -0.11811 -0.244094 
vn -0.976378 -0.125984 -0.181102 
vn -0.96063 -0.110236 -0.244094 
vn -0.952756 -0.141732 -0.259843 
vn -0.96063 -0.110236 -0.244094 
vn -0.952756 -0.141732 -0.267717 
vn -0.818898 0.551181 -0.149606 
vn -0.811024 0.551181 -0.19685 
vn -0.818898 0.551181 -0.149606 
vn -0.811024 0.551181 -0.19685 
vn -0.811024 0.551181 -0.19685 
vn -0.818898 0.543307 -0.181102 
vn -0.818898 0.543307 -0.181102 
vn -0.984252 -0.102362 0.133858 
vn -0.976378 -0.173228 0.15748 
vn -0.984252 -0.102362 0.133858 
vn -0.968504 -0.173228 0.15748 
vn -0.968504 0.0787402 0.228346 
vn -0.968504 0.0787402 0.220472 
vn -0.96063 -0.00787402 0.267717 
vn -0.968504 -0.23622 -0.0708661 
vn -0.984252 -0.181102 -0.0708661 
vn -0.984252 -0.173228 -0.0708661 
vn -0.968504 -0.23622 -0.0708661 
vn -0.913386 0.393701 -0.102362 
vn -0.944882 0.330709 -0.0866142 
vn -0.913386 0.385827 -0.110236 
vn -0.944882 0.322835 -0.0708661 
vn -0.976378 -0.102362 0.181102 
vn -0.976378 -0.0944882 0.204724 
vn -0.976378 -0.110236 0.173228 
vn -0.984252 -0.0787402 0.173228 
vn -0.952756 -0.11811 0.291339 
vn -0.944882 -0.0944882 0.322835 
vn -0.952756 -0.11811 0.291339 
vn -0.944882 -0.0944882 0.322835 
vn -0.944882 0.314961 0.0708661 
vn -0.976378 0.188976 0.0944882 
vn -0.944882 0.322835 0.0787402 
vn -0.976378 0.19685 0.0866142 
vn -0.984252 -0.0314961 0.15748 
vn -0.992126 -0.0393701 0.141732 
vn -0.992126 -0.0393701 0.141732 
vn -0.992126 -0.023622 0.110236 
vn -0.992126 -0.0393701 0.141732 
vn -0.992126 -0.023622 0.102362 
vn -0.913386 -0.322835 -0.228346 
vn -0.968504 -0.181102 -0.173228 
vn -0.929134 -0.275591 -0.23622 
vn -0.952756 -0.110236 0.283465 
vn -0.952756 -0.11811 0.291339 
vn -0.96063 -0.0708661 0.251969 
vn -0.968504 -0.0708661 0.251969 
vn 0.929134 -0.338583 -0.165354 
vn 0.944882 -0.291339 -0.181102 
vn 0.92126 -0.362205 -0.149606 
vn 0.944882 -0.259843 -0.181102 
vn -0.937008 0.330709 0.0787402 
vn -0.929134 0.362205 0.023622 
vn -0.937008 0.330709 0.0787402 
vn -0.937008 0.346457 0.015748 
vn -0.913386 -0.338583 0.212598 
vn -0.905512 -0.330709 0.267717 
vn -0.913386 -0.346457 0.204724 
vn -0.905512 -0.322835 0.267717 
vn -0.968504 0.0944882 -0.23622 
vn -0.968504 0.102362 -0.220472 
vn -0.968504 0.102362 -0.220472 
vn -0.968504 0.0944882 -0.23622 
vn -0.968504 0.102362 -0.220472 
vn -0.968504 0.133858 -0.204724 
vn -0.834646 0.377953 0.401575 
vn -0.826772 0.23622 0.511811 
vn -0.834646 0.377953 0.401575 
vn -0.818898 0.228346 0.519685 
vn -0.818898 0.535433 0.204724 
vn -0.834646 0.377953 0.401575 
vn -0.818898 0.535433 0.204724 
vn 0.944882 -0.291339 0.181102 
vn 0.929134 -0.338583 0.165354 
vn 0.92126 -0.362205 0.149606 
vn 0.944882 -0.259843 0.181102 
vn -0.716535 0.15748 0.677165 
vn -0.732283 0.0708661 0.677165 
vn -0.732283 0.0708661 0.677165 
vn -0.716535 0.149606 0.685039 
vn -0.976378 -0.173228 -0.141732 
vn -0.992126 -0.11811 -0.00787402 
vn -0.984252 -0.149606 -0.0866142 
vn -0.724409 -0.669291 0.165354 
vn -0.669291 -0.740157 0.102362 
vn -0.677165 -0.732283 0.0866142 
vn -0.661417 -0.748031 0.0866142 
vn -0.818898 0.551181 -0.149606 
vn -0.818898 0.574803 -0.0551181 
vn -0.818898 0.551181 -0.149606 
vn -0.818898 0.574803 -0.0629921 
vn -0.897638 0.417323 0.133858 
vn -0.92126 0.338583 0.19685 
vn -0.929134 0.307087 0.220472 
vn -0.897638 0.417323 0.133858 
vn -0.834646 0.417323 0.354331 
vn -0.850394 0.370079 0.377953 
vn -0.850394 0.370079 0.377953 
vn -0.834646 0.417323 0.362205 
vn -0.834646 0.417323 0.354331 
vn -0.826772 0.472441 0.299213 
vn -0.826772 0.480315 0.291339 
vn -0.992126 0.110236 0.0551181 
vn -0.968504 0.228346 -0.0787402 
vn -0.992126 0.110236 0.0629921 
vn -0.968504 0.23622 -0.0866142 
vn -0.976378 -0.102362 0.181102 
vn -0.976378 -0.110236 0.173228 
vn -0.976378 -0.125984 0.165354 
vn -0.897638 0.425197 0.125984 
vn -0.874016 0.472441 0.102362 
vn -0.874016 0.472441 0.102362 
vn -0.897638 0.433071 0.125984 
vn -0.858268 0.503937 0.0708661 
vn -0.874016 0.472441 0.102362 
vn -0.834646 0.543307 0.102362 
vn -0.826772 0.559055 0.0393701 
vn -0.858268 0.511811 0.0314961 
vn -0.826772 0.551181 0.0944882 
vn -0.826772 0.535433 0.173228 
vn -0.858268 0.503937 0.0866142 
vn -0.84252 0.527559 0.0787402 
vn -0.889764 0.456693 0.0629921 
vn -0.88189 0.472441 0.0314961 
vn -0.889764 0.456693 0.0629921 
vn -0.88189 0.472441 0.0393701 
vn -0.889764 0.456693 0.0629921 
vn -0.905512 0.425197 -0.0314961 
vn -0.905512 0.425197 -0.0314961 
vn -0.944882 0.322835 0 
vn -0.952756 0.291339 0.0472441 
vn -0.944882 0.322835 -0.00787402 
vn -0.952756 0.291339 0.0472441 
vn -0.92126 -0.314961 -0.244094 
vn -0.929134 -0.322835 -0.181102 
vn -0.929134 -0.322835 -0.173228 
vn -0.913386 -0.314961 -0.259843 
vn -0.944882 -0.149606 -0.291339 
vn -0.96063 -0.133858 -0.23622 
vn -0.944882 -0.149606 -0.291339 
vn -0.96063 -0.133858 -0.244094 
vn -0.976378 -0.141732 -0.141732 
vn -0.96063 -0.133858 -0.23622 
vn -0.984252 -0.141732 -0.133858 
vn -0.96063 -0.125984 0.23622 
vn -0.952756 -0.141732 0.251969 
vn -0.96063 -0.133858 0.23622 
vn -0.952756 -0.141732 0.259843 
vn -0.740157 -0.645669 0.181102 
vn -0.724409 -0.669291 0.165354 
vn -0.677165 -0.732283 0.0866142 
vn -0.984252 -0.181102 0.0787402 
vn -0.984252 -0.141732 0.0944882 
vn -0.984252 -0.141732 0.0944882 
vn -0.992126 -0.0629921 0.125984 
vn -0.984252 -0.141732 0.0944882 
vn -0.992126 -0.0629921 0.125984 
vn -0.992126 -0.0629921 0.125984 
vn -0.992126 0 0.11811 
vn -0.992126 0 0.11811 
vn -0.96063 -0.110236 -0.23622 
vn -0.968504 -0.141732 -0.188976 
vn -0.968504 -0.125984 -0.212598 
vn -0.944882 0.204724 0.259843 
vn -0.944882 0.307087 0.141732 
vn -0.929134 0.354331 0.0944882 
vn -0.858268 0.503937 0.0629921 
vn -0.850394 0.503937 0.149606 
vn -0.858268 0.511811 0.0314961 
vn -0.858268 0.488189 0.165354 
vn -0.976378 -0.125984 0.165354 
vn -0.976378 -0.173228 0.149606 
vn -0.976378 -0.15748 0.149606 
vn -0.976378 -0.110236 0.173228 
vn -0.913386 -0.322835 0.259843 
vn -0.944882 -0.275591 0.15748 
vn -0.929134 -0.338583 0.165354 
vn -0.866142 0.496063 0.0551181 
vn -0.897638 0.417323 0.133858 
vn -0.874016 0.488189 0.0472441 
vn -0.897638 0.417323 0.133858 
vn -0.92126 -0.393701 0.0393701 
vn -0.929134 -0.338583 0.110236 
vn -0.937008 -0.330709 0.110236 
vn -0.92126 -0.393701 0.0314961 
vn -0.929134 -0.338583 0.110236 
vn -0.952756 -0.275591 0.110236 
vn -0.952756 -0.141732 0.251969 
vn -0.952756 -0.11811 0.291339 
vn -0.952756 -0.141732 0.259843 
vn -0.952756 -0.11811 0.291339 
vn -0.80315 0.551181 0.228346 
vn -0.826772 0.551181 0.0944882 
vn -0.834646 0.543307 0.102362 
vn -0.795276 0.551181 0.251969 
vn -0.968504 0.0866142 0.23622 
vn -0.968504 0.0866142 0.23622 
vn -0.96063 0.102362 0.244094 
vn -0.96063 0.102362 0.244094 
vn -0.952756 0.133858 0.275591 
vn -0.96063 0.102362 0.244094 
vn -0.952756 0.133858 0.275591 
vn -0.929134 0.354331 0.0944882 
vn -0.944882 0.307087 0.141732 
vn -0.858268 0.488189 0.165354 
vn -0.976378 -0.181102 -0.149606 
vn -0.968504 -0.19685 -0.133858 
vn -0.968504 -0.141732 -0.188976 
vn -0.968504 -0.125984 -0.212598 
vn -0.992126 -0.00787402 -0.133858 
vn -0.976378 0.0629921 -0.188976 
vn -0.976378 0.0787402 -0.204724 
vn -0.992126 -0.0314961 -0.125984 
vn -0.96063 0.141732 -0.23622 
vn -0.976378 0.0787402 -0.204724 
vn -0.96063 0.15748 -0.23622 
vn -0.96063 0.188976 -0.220472 
vn -0.92126 0.267717 -0.267717 
vn -0.992126 0.0787402 -0.0866142 
vn -0.826772 -0.0944882 -0.551181 
vn -0.84252 -0.125984 -0.519685 
vn -0.84252 -0.125984 -0.519685 
vn -0.826772 -0.0944882 -0.551181 
vn -0.850394 -0.0866142 -0.511811 
vn -0.84252 -0.125984 -0.519685 
vn -0.944882 0.314961 0.015748 
vn -0.937008 0.307087 0.165354 
vn -0.944882 0.314961 0.0551181 
vn -0.96063 0.110236 -0.244094 
vn -0.968504 0.0944882 -0.23622 
vn -0.968504 0.0944882 -0.23622 
vn -0.96063 0.110236 -0.244094 
vn -0.96063 0.110236 -0.244094 
vn -0.952756 0.141732 -0.275591 
vn -0.952756 0.141732 -0.275591 
vn -0.944882 -0.0944882 0.322835 
vn -0.937008 -0.141732 0.314961 
vn -0.944882 -0.0944882 0.322835 
vn -0.937008 -0.141732 0.314961 
vn -0.937008 -0.141732 0.314961 
vn -0.937008 -0.267717 0.244094 
vn -0.937008 -0.267717 0.23622 
vn -0.84252 0.535433 0.0629921 
vn -0.866142 0.496063 0.0551181 
vn -0.874016 0.488189 0.0472441 
vn -0.944882 -0.322835 -0.0314961 
vn -0.929134 -0.370079 -0.0629921 
vn -0.944882 -0.322835 -0.023622 
vn -0.929134 -0.370079 -0.0629921 
vn -0.992126 -0.00787402 0.133858 
vn -0.976378 0.0787402 0.204724 
vn -0.976378 0.0629921 0.188976 
vn -0.992126 -0.0314961 0.125984 
vn -0.96063 0.141732 0.228346 
vn -0.976378 0.0787402 0.204724 
vn -0.96063 0.165354 0.220472 
vn -0.92126 -0.133858 0.354331 
vn -0.944882 -0.173228 0.291339 
vn -0.92126 -0.125984 0.362205 
vn -0.944882 -0.173228 0.283465 
vn -0.96063 0.125984 0.23622 
vn -0.96063 0.11811 0.23622 
vn -0.976378 0.102362 0.181102 
vn -0.976378 0.102362 0.173228 
vn -0.897638 -0.149606 0.409449 
vn -0.92126 -0.173228 0.338583 
vn -0.897638 -0.141732 0.409449 
vn -0.92126 -0.181102 0.338583 
vn -0.968504 0.244094 -0.0629921 
vn -0.944882 0.322835 -0.00787402 
vn -0.968504 0.244094 -0.0629921 
vn -0.944882 0.322835 0 
vn -0.818898 0.574803 -0.0629921 
vn -0.795276 0.606299 0.00787402 
vn -0.795276 0.606299 0.00787402 
vn -0.818898 0.574803 -0.0551181 
vn -0.976378 -0.15748 -0.125984 
vn -0.952756 -0.188976 -0.244094 
vn -0.952756 -0.188976 -0.244094 
vn -0.984252 -0.149606 -0.11811 
vn -0.826772 0.370079 0.433071 
vn -0.866142 0.125984 0.488189 
vn -0.866142 0.133858 0.488189 
vn -0.787402 0.480315 0.385827 
vn -0.96063 0.259843 0.0787402 
vn -0.944882 0.307087 0.110236 
vn -0.944882 0.322835 0.0944882 
vn -0.96063 0.267717 0.0787402 
vn -0.984252 0.141732 -0.0629921 
vn -0.992126 0.11811 -0.0708661 
vn -0.984252 0.141732 -0.0708661 
vn -0.992126 0.11811 -0.0629921 
vn -0.952756 -0.141732 -0.267717 
vn -0.944882 -0.149606 -0.291339 
vn -0.952756 -0.141732 -0.259843 
vn -0.944882 -0.149606 -0.291339 
vn -0.850394 -0.0944882 0.519685 
vn -0.897638 -0.141732 0.409449 
vn -0.84252 -0.0944882 0.527559 
vn -0.897638 -0.149606 0.409449 
vn -0.937008 -0.354331 0.0551181 
vn -0.929134 -0.330709 0.133858 
vn -0.937008 -0.354331 0.0551181 
vn -0.929134 -0.330709 0.141732 
vn -0.937008 -0.354331 0.0551181 
vn -0.937008 -0.346457 0.023622 
vn -0.984252 0.141732 0.0708661 
vn -0.992126 0.125984 0.0629921 
vn -0.992126 0.125984 0.0708661 
vn -0.984252 0.141732 0.0629921 
vn -0.866142 0.464567 -0.173228 
vn -0.866142 0.417323 -0.291339 
vn -0.866142 0.417323 -0.291339 
vn -0.866142 0.464567 -0.173228 
vn -0.748031 -0.204724 -0.637795 
vn -0.779528 -0.354331 -0.511811 
vn -0.787402 -0.362205 -0.503937 
vn -0.740157 -0.19685 -0.637795 
vn -0.944882 -0.330709 -0.0629921 
vn -0.968504 -0.23622 -0.0708661 
vn -0.968504 -0.23622 -0.0708661 
vn -0.937008 -0.330709 -0.0629921 
vn -0.937008 -0.125984 0.338583 
vn -0.952756 -0.11811 0.291339 
vn -0.937008 -0.125984 0.330709 
vn -0.952756 -0.110236 0.283465 
vn -0.929134 -0.338583 0.165354 
vn -0.944882 -0.275591 0.15748 
vn -0.984252 -0.181102 0.0787402 
vn -0.779528 -0.0787402 0.622047 
vn -0.84252 -0.0944882 0.527559 
vn -0.779528 -0.0787402 0.622047 
vn -0.850394 -0.0944882 0.519685 
vn -1 0.0866142 -0.00787402 
vn -0.976378 0.204724 -0.023622 
vn -1 0.0787402 -0.00787402 
vn -0.976378 0.220472 -0.0314961 
vn -0.992126 -0.110236 0.0708661 
vn -0.976378 -0.165354 0.149606 
vn -0.976378 -0.181102 0.149606 
vn -0.984252 -0.11811 0.141732 
vn -0.929134 -0.141732 0.346457 
vn -0.937008 -0.125984 0.338583 
vn -0.929134 -0.141732 0.346457 
vn -0.937008 -0.125984 0.330709 
vn -0.84252 0.448819 -0.314961 
vn -0.834646 0.456693 -0.314961 
vn -0.84252 0.448819 -0.314961 
vn -0.834646 0.456693 -0.314961 
vn -0.984252 0.141732 0.133858 
vn -0.984252 0.11811 0.110236 
vn -0.984252 0.11811 0.11811 
vn -0.976378 0.15748 0.15748 
vn -0.913386 -0.338583 0.212598 
vn -0.913386 -0.346457 0.204724 
vn -0.952756 -0.283465 0.0944882 
vn -0.968504 0.0866142 0.23622 
vn -0.968504 0.133858 0.228346 
vn -0.968504 0.133858 0.228346 
vn -0.968504 0.0866142 0.23622 
vn -0.952756 0.204724 0.212598 
vn -0.968504 0.133858 0.228346 
vn -0.795276 0.606299 0.00787402 
vn -0.818898 0.566929 0.0866142 
vn -0.795276 0.606299 0.00787402 
vn -0.818898 0.566929 0.0787402 
vn -1 0.0314961 0.00787402 
vn -1 0.0787402 -0.00787402 
vn -1 0.015748 0.00787402 
vn -1 0.0866142 -0.00787402 
vn -0.976378 0.0708661 0.188976 
vn -0.984252 0.0551181 0.188976 
vn -0.968504 0.0787402 0.220472 
vn -0.968504 0.0787402 0.228346 
vn -1 0.0629921 0 
vn -0.992126 0.141732 0.00787402 
vn -0.992126 0.149606 0.00787402 
vn -1 0.0551181 0 
vn -1 0.015748 0.015748 
vn -1 0.0629921 0 
vn -0.992126 0.141732 0.00787402 
vn -0.952756 0.291339 0.0629921 
vn -0.952756 0.291339 0.0629921 
vn -0.897638 0.425197 0.125984 
vn -0.952756 0.291339 0.0629921 
vn -0.897638 0.425197 0.125984 
vn -0.944882 -0.173228 0.283465 
vn -0.952756 -0.19685 0.228346 
vn -0.944882 -0.173228 0.291339 
vn -0.952756 -0.19685 0.228346 
vn -0.96063 -0.204724 0.188976 
vn -0.952756 -0.19685 0.228346 
vn -0.96063 -0.204724 0.188976 
vn -0.968504 -0.173228 0.15748 
vn -0.96063 -0.204724 0.188976 
vn -0.96063 -0.204724 0.188976 
vn -0.976378 -0.173228 0.15748 
vn -0.92126 -0.181102 0.338583 
vn -0.929134 -0.228346 0.283465 
vn -0.92126 -0.173228 0.338583 
vn -0.929134 -0.228346 0.283465 
vn -0.929134 -0.228346 0.283465 
vn -0.929134 -0.291339 0.228346 
vn -0.929134 -0.291339 0.228346 
vn -0.929134 -0.291339 0.228346 
vn -0.929134 -0.330709 0.141732 
vn -0.929134 -0.330709 0.133858 
vn -0.84252 0.535433 0.0629921 
vn -0.866142 0.480315 0.110236 
vn -0.866142 0.496063 0.0551181 
vn -0.850394 0.519685 0.0787402 
vn -0.976378 0.220472 -0.0314961 
vn -0.92126 0.377953 -0.102362 
vn -0.976378 0.204724 -0.023622 
vn -0.913386 0.385827 -0.110236 
vn -0.984252 0.0866142 -0.173228 
vn -0.96063 0.0629921 -0.275591 
vn -0.984252 0.0866142 -0.141732 
vn -0.929134 -0.370079 -0.0629921 
vn -0.913386 -0.417323 -0.023622 
vn -0.929134 -0.370079 -0.0629921 
vn -0.905512 -0.417323 -0.023622 
vn -0.944882 -0.322835 -0.023622 
vn -0.952756 -0.299213 0.0314961 
vn -0.944882 -0.322835 -0.0314961 
vn -0.952756 -0.299213 0.0314961 
vn -0.952756 -0.307087 0.0551181 
vn -0.952756 -0.299213 0.0314961 
vn -0.952756 -0.307087 0.0551181 
vn -0.952756 -0.307087 0.0551181 
vn -0.952756 -0.307087 0.0629921 
vn -0.944882 0.275591 0.188976 
vn -0.944882 0.314961 0.0551181 
vn -0.937008 0.307087 0.165354 
vn -0.952756 0.220472 0.204724 
vn -0.968504 0.110236 0.212598 
vn -0.968504 0.110236 0.212598 
vn -0.952756 0.220472 0.204724 
vn -0.976378 0.0629921 0.212598 
vn -0.968504 0.110236 0.212598 
vn -0.952756 0.141732 0.259843 
vn -0.811024 0.015748 -0.582677 
vn -0.80315 0.110236 -0.590551 
vn -0.826772 -0.0314961 -0.566929 
vn -0.80315 0.110236 -0.590551 
vn -0.795276 0.165354 -0.582677 
vn -0.779528 0.23622 -0.582677 
vn -0.76378 0.338583 -0.551181 
vn -0.968504 0.23622 -0.0866142 
vn -0.929134 0.330709 -0.15748 
vn -0.968504 0.228346 -0.0787402 
vn -0.929134 0.338583 -0.15748 
vn -0.834646 -0.377953 -0.393701 
vn -0.889764 -0.220472 -0.393701 
vn -0.889764 -0.212598 -0.393701 
vn -0.834646 -0.377953 -0.393701 
vn -0.929134 0.362205 -0.023622 
vn -0.96063 0.283465 -0.0393701 
vn -0.96063 0.283465 -0.0393701 
vn -0.937008 0.346457 0.015748 
vn -0.968504 0.204724 -0.133858 
vn -1 -0.023622 -0.00787402 
vn -1 -0.0393701 0.015748 
vn -0.850394 0.519685 0.0787402 
vn -0.889764 0.417323 0.173228 
vn -0.866142 0.480315 0.110236 
vn -0.84252 0.527559 0.0787402 
vn -0.858268 0.503937 0.0866142 
vn -0.929134 0.377953 0.0314961 
vn -0.968504 0.204724 0.133858 
vn -1 -0.0314961 -0.00787402 
vn -1 -0.023622 0.00787402 
vn -0.929134 0.125984 0.346457 
vn -0.944882 0.0551181 0.322835 
vn -0.952756 0.0551181 0.299213 
vn -0.929134 0.125984 0.346457 
vn -0.929134 0.125984 0.346457 
vn -0.897638 0.204724 0.393701 
vn -0.874016 0.354331 0.330709 
vn -0.92126 0.377953 0.0472441 
vn -0.952756 0.307087 0.0629921 
vn -0.92126 0.377953 0.0472441 
vn -0.952756 0.299213 0.0629921 
vn -0.952756 0.307087 0.0629921 
vn -0.96063 0.267717 0.0866142 
vn -0.96063 0.267717 0.0944882 
vn -0.952756 0.283465 0.0944882 
vn -0.96063 0.267717 0.0866142 
vn -0.929134 -0.322835 -0.181102 
vn -0.96063 -0.267717 -0.0708661 
vn -0.929134 -0.322835 -0.173228 
vn -0.952756 -0.283465 0.0944882 
vn -0.96063 -0.228346 0.149606 
vn -0.952756 -0.283465 0.0866142 
vn -0.96063 -0.220472 0.149606 
vn -0.944882 0.173228 0.275591 
vn -0.976378 0.0629921 0.212598 
vn -0.952756 0.141732 0.259843 
vn -0.968504 -0.188976 0.149606 
vn -0.976378 -0.181102 0.149606 
vn -0.976378 -0.165354 0.149606 
vn -0.937008 -0.322835 0.141732 
vn -0.952756 -0.283465 0.0944882 
vn -0.913386 -0.346457 0.204724 
vn -0.976378 -0.19685 -0.015748 
vn -0.937008 -0.165354 0.307087 
vn -0.952756 -0.188976 0.228346 
vn -0.937008 -0.165354 0.307087 
vn -0.952756 -0.188976 0.228346 
vn -0.952756 -0.188976 0.228346 
vn -0.96063 -0.220472 0.149606 
vn -0.96063 -0.228346 0.149606 
vn -0.92126 0.377953 0.0472441 
vn -0.92126 0.377953 0.0472441 
vn -0.913386 0.401575 0.0551181 
vn -0.929134 -0.181102 -0.322835 
vn -0.944882 -0.228346 -0.244094 
vn -0.944882 -0.228346 -0.244094 
vn -0.929134 -0.181102 -0.322835 
vn -0.944882 0.275591 0.188976 
vn -0.952756 0.220472 0.204724 
vn -0.952756 0.220472 0.204724 
vn -0.937008 0.307087 0.165354 
vn -0.952756 0.283465 0.0944882 
vn -0.96063 0.267717 0.0787402 
vn -0.96063 0.259843 0.0787402 
vn -0.96063 0.267717 0.0866142 
vn -0.834646 0.456693 -0.307087 
vn -0.84252 0.385827 -0.362205 
vn -0.787402 0.535433 -0.299213 
vn -0.968504 0.244094 -0.0629921 
vn -0.984252 0.15748 -0.0866142 
vn -0.968504 0.244094 -0.0629921 
vn -0.976378 -0.15748 0.149606 
vn -0.976378 -0.173228 0.149606 
vn -0.968504 -0.19685 0.133858 
vn -0.858268 0.488189 0.165354 
vn -0.944882 0.307087 0.141732 
vn -0.850394 0.503937 0.149606 
vn -0.818898 0.566929 0.0787402 
vn -0.858268 0.496063 0.141732 
vn -0.858268 0.496063 0.141732 
vn -0.818898 0.566929 0.0866142 
vn -0.952756 0.102362 -0.291339 
vn -0.96063 0.0314961 -0.283465 
vn -0.952756 0.11811 -0.283465 
vn -0.96063 0.0393701 -0.283465 
vn -0.96063 0.0314961 -0.283465 
vn -0.96063 -0.0393701 -0.267717 
vn -0.96063 -0.0472441 -0.267717 
vn -0.976378 -0.173228 0.149606 
vn -0.968504 -0.188976 0.149606 
vn -0.968504 -0.19685 0.133858 
vn -0.976378 -0.181102 0.149606 
vn -0.944882 -0.330709 -0.0393701 
vn -0.937008 -0.338583 -0.0551181 
vn -0.937008 -0.338583 -0.0551181 
vn -0.944882 -0.330709 -0.0393701 
vn -0.944882 -0.322835 -0.0314961 
vn -0.944882 -0.330709 -0.0393701 
vn -0.952756 -0.188976 -0.244094 
vn -0.952756 -0.188976 -0.244094 
vn -0.92126 -0.181102 -0.330709 
vn -0.92126 -0.181102 -0.338583 
vn -0.929134 -0.181102 -0.322835 
vn -0.92126 -0.181102 -0.330709 
vn -0.929134 -0.181102 -0.322835 
vn -0.992126 0.0866142 0.0629921 
vn -0.96063 0.267717 0.0393701 
vn -0.992126 0.0944882 0.0629921 
vn -0.96063 0.283465 0.0393701 
vn -0.96063 0.267717 0.0393701 
vn -0.88189 0.464567 0.110236 
vn -0.96063 0.283465 0.0393701 
vn -0.88189 0.464567 0.110236 
vn -0.944882 -0.299213 -0.110236 
vn -0.929134 -0.322835 -0.173228 
vn -0.96063 -0.267717 -0.0708661 
vn -0.984252 -0.181102 0.0314961 
vn -0.96063 -0.267717 -0.0708661 
vn -0.858268 0.496063 0.141732 
vn -0.897638 0.425197 0.125984 
vn -0.897638 0.425197 0.125984 
vn -0.858268 0.496063 0.141732 
vn -0.929134 -0.141732 0.346457 
vn -0.937008 -0.165354 0.307087 
vn -0.929134 -0.141732 0.346457 
vn -0.937008 -0.165354 0.307087 
vn -0.944882 -0.330709 0.0472441 
vn -0.952756 -0.283465 0.0866142 
vn -0.944882 -0.330709 0.0472441 
vn -0.952756 -0.283465 0.0944882 
vn -0.755906 0.574803 -0.314961 
vn -0.795276 0.590551 -0.15748 
vn -0.787402 0.590551 -0.181102 
vn -0.84252 0.543307 0.0629921 
vn -0.787402 0.590551 -0.181102 
vn -0.834646 0.543307 0.0551181 
vn -0.929134 0.338583 -0.15748 
vn -0.897638 0.401575 -0.181102 
vn -0.929134 0.330709 -0.15748 
vn -0.897638 0.401575 -0.181102 
vn -0.874016 0.425197 -0.228346 
vn -0.897638 0.401575 -0.181102 
vn -0.889764 0.362205 -0.275591 
vn -0.874016 0.425197 -0.228346 
vn -0.897638 0.330709 -0.283465 
vn -0.889764 0.362205 -0.275591 
vn -0.92126 0.267717 -0.267717 
vn -0.889764 0.362205 -0.275591 
vn -0.96063 0.188976 -0.220472 
vn -0.976378 -0.181102 -0.149606 
vn -0.968504 -0.228346 -0.11811 
vn -0.968504 -0.19685 -0.133858 
vn -0.944882 0.0472441 -0.330709 
vn -0.952756 -0.023622 -0.291339 
vn -0.905512 0.15748 -0.393701 
vn -0.944882 0.0472441 -0.330709 
vn -0.952756 -0.0393701 -0.291339 
vn -0.952756 -0.0393701 -0.291339 
vn -0.866142 0.291339 -0.409449 
vn -0.905512 0.15748 -0.393701 
vn -0.866142 0.291339 -0.409449 
vn -0.84252 0.385827 -0.362205 
vn -0.834646 0.456693 -0.307087 
vn -0.76378 0.566929 -0.314961 
vn -0.787402 0.535433 -0.299213 
vn -0.76378 0.527559 -0.370079 
vn -0.76378 0.527559 -0.370079 
vn -0.771654 0.511811 -0.377953 
vn -0.787402 0.448819 -0.417323 
vn -0.76378 0.527559 -0.370079 
vn -0.76378 0.338583 -0.551181 
vn -0.952756 0.0314961 -0.291339 
vn -0.96063 0.0629921 -0.275591 
vn -0.984252 0.0866142 -0.173228 
vn -0.913386 0.338583 -0.23622 
vn -0.944882 0.23622 -0.220472 
vn -0.913386 0.330709 -0.23622 
vn -0.944882 0.23622 -0.220472 
vn -0.937008 -0.125984 -0.322835 
vn -0.937008 -0.220472 -0.283465 
vn -0.937008 -0.11811 -0.330709 
vn -0.937008 -0.220472 -0.283465 
vn -0.944882 0.102362 0.299213 
vn -0.944882 0.11811 0.299213 
vn -0.96063 0.0314961 0.283465 
vn -0.96063 0.0314961 0.291339 
vn -0.96063 0.0314961 0.283465 
vn -0.96063 -0.0472441 0.267717 
vn -0.96063 -0.0472441 0.267717 
vn -0.929134 -0.362205 0.023622 
vn -0.944882 -0.330709 0.0472441 
vn -0.929134 -0.362205 0.023622 
vn -0.944882 -0.330709 0.0472441 
vn -0.944882 0.251969 -0.220472 
vn -0.968504 0.15748 -0.181102 
vn -0.944882 0.251969 -0.220472 
vn -0.968504 0.15748 -0.181102 
vn -0.929134 -0.362205 0.0314961 
vn -0.929134 -0.362205 0.023622 
vn -0.929134 -0.362205 0.0314961 
vn -0.929134 -0.362205 0.023622 
vn -0.952756 -0.267717 -0.141732 
vn -0.952756 -0.259843 -0.173228 
vn -0.952756 -0.259843 -0.173228 
vn -0.952756 -0.267717 -0.141732 
vn -0.944882 -0.314961 -0.0944882 
vn -0.937008 -0.330709 -0.0708661 
vn -0.937008 -0.330709 -0.0708661 
vn -0.944882 -0.314961 -0.0944882 
vn -0.937008 -0.338583 -0.0551181 
vn -0.937008 -0.330709 -0.0708661 
vn -0.937008 -0.338583 -0.0551181 
vn -0.937008 -0.291339 -0.181102 
vn -0.944882 -0.228346 -0.244094 
vn -0.944882 -0.228346 -0.244094 
vn -0.937008 -0.291339 -0.181102 
vn -0.952756 -0.283465 -0.125984 
vn -0.952756 -0.267717 -0.141732 
vn -0.952756 -0.267717 -0.141732 
vn -0.952756 -0.283465 -0.125984 
vn -0.952756 0.19685 0.244094 
vn -0.968504 0.220472 0.133858 
vn -0.968504 0.212598 0.149606 
vn -0.929134 0.377953 0.00787402 
vn -0.968504 0.220472 0.133858 
vn -0.96063 0.283465 -0.0472441 
vn -0.992126 0.0866142 0.110236 
vn -0.968504 0.220472 0.11811 
vn -0.944882 0.299213 0.149606 
vn -0.937008 0.346457 0.015748 
vn -0.929134 0.362205 -0.023622 
vn -0.929134 0.362205 0.023622 
vn -0.968504 -0.19685 -0.133858 
vn -0.968504 -0.23622 -0.110236 
vn -0.968504 -0.23622 -0.11811 
vn -0.968504 -0.228346 -0.11811 
vn -0.984252 -0.149606 -0.0866142 
vn -0.968504 -0.23622 -0.11811 
vn -0.96063 -0.23622 -0.125984 
vn -0.976378 -0.173228 -0.141732 
vn -0.92126 -0.393701 0.0314961 
vn -0.937008 -0.330709 -0.0629921 
vn -0.944882 -0.330709 -0.0629921 
vn -0.92126 -0.393701 0.0393701 
vn -0.944882 -0.299213 -0.110236 
vn -0.952756 -0.283465 -0.125984 
vn -0.952756 -0.283465 -0.125984 
vn -0.944882 -0.299213 -0.110236 
vn -0.937008 -0.354331 0.0472441 
vn -0.929134 -0.362205 0.0314961 
vn -0.937008 -0.354331 0.0472441 
vn -0.929134 -0.362205 0.0314961 
vn -0.937008 -0.346457 0.0629921 
vn -0.937008 -0.354331 0.0472441 
vn -0.937008 -0.346457 0.0629921 
vn -0.944882 -0.299213 -0.110236 
vn -0.944882 -0.314961 -0.0944882 
vn -0.944882 -0.314961 -0.0944882 
vn -0.944882 -0.299213 -0.110236 
vn -0.992126 0.0472441 0.110236 
vn -0.984252 0.11811 0.11811 
vn -0.984252 0.11811 0.110236 
vn -0.992126 0 0.102362 
vn -0.834646 0.472441 0.283465 
vn -0.858268 0.401575 0.322835 
vn -0.858268 0.401575 0.322835 
vn -0.834646 0.472441 0.283465 
vn -0.826772 0.527559 0.188976 
vn -0.834646 0.472441 0.283465 
vn -0.826772 0.535433 0.165354 
vn -0.692913 0.708661 -0.125984 
vn -0.779528 0.598425 -0.173228 
vn -0.787402 0.598425 -0.173228 
vn -0.692913 0.708661 -0.125984 
vn -0.637795 0.76378 -0.0944882 
vn -0.692913 0.708661 -0.125984 
vn -0.984252 -0.188976 0.023622 
vn -0.976378 -0.204724 0.015748 
vn -0.984252 -0.188976 0.023622 
vn -0.992126 -0.0944882 0.023622 
vn -0.984252 -0.188976 0.023622 
vn -0.992126 -0.102362 0.023622 
vn -0.992126 -0.0944882 0.023622 
vn -1 0.015748 0.00787402 
vn -1 0.0314961 0.00787402 
vn -0.937008 -0.267717 0.23622 
vn -0.92126 -0.377953 0.102362 
vn -0.937008 -0.267717 0.244094 
vn -0.92126 -0.385827 0.0944882 
vn -0.905512 -0.417323 -0.023622 
vn -0.92126 -0.385827 0.0944882 
vn -0.913386 -0.417323 -0.023622 
vn -0.92126 -0.377953 0.102362 
vn -0.84252 0.511811 -0.181102 
vn -0.80315 0.480315 -0.362205 
vn -0.84252 0.511811 -0.181102 
vn -0.80315 0.480315 -0.362205 
vn -0.968504 -0.23622 -0.110236 
vn -0.96063 -0.23622 -0.125984 
vn -0.968504 -0.23622 -0.11811 
vn -0.787402 0.480315 0.385827 
vn -0.795276 0.551181 0.251969 
vn -0.80315 0.551181 0.228346 
vn -0.826772 0.370079 0.433071 
vn -0.897638 0.370079 -0.23622 
vn -0.897638 0.377953 -0.23622 
vn -0.968504 0.165354 -0.19685 
vn -0.968504 0.173228 -0.19685 
vn -0.897638 0.370079 -0.23622 
vn -0.858268 0.456693 -0.228346 
vn -0.858268 0.456693 -0.228346 
vn -0.937008 -0.220472 -0.283465 
vn -0.944882 -0.251969 -0.220472 
vn -0.937008 -0.220472 -0.283465 
vn -0.944882 -0.251969 -0.220472 
vn -0.952756 -0.259843 -0.173228 
vn -0.944882 -0.251969 -0.220472 
vn -0.952756 -0.259843 -0.173228 
vn -0.937008 -0.338583 0.0629921 
vn -0.937008 -0.346457 0.0629921 
vn -0.937008 -0.346457 0.0629921 
vn -0.937008 -0.338583 0.0708661 
vn -0.937008 -0.338583 0.0629921 
vn -0.944882 -0.330709 0.0629921 
vn -0.779528 -0.15748 0.606299 
vn -0.755906 -0.11811 0.645669 
vn -0.779528 -0.15748 0.614173 
vn -0.755906 -0.11811 0.645669 
vn -0.755906 -0.11811 0.645669 
vn -0.779528 -0.0787402 0.622047 
vn -0.779528 -0.0787402 0.622047 
vn -0.96063 0.275591 0.0314961 
vn -0.92126 0.354331 -0.173228 
vn -0.96063 0.259843 0.0629921 
vn -0.92126 0.354331 -0.173228 
vn -0.968504 0.220472 0.11811 
vn -0.866142 0.480315 0.110236 
vn -0.889764 0.417323 0.173228 
vn -0.944882 0.299213 0.149606 
vn -1 0.0472441 0.0708661 
vn -0.992126 0.0866142 0.110236 
vn -1 0.0393701 0.0551181 
vn -0.897638 0.401575 0.188976 
vn -0.897638 0.401575 0.181102 
vn -0.944882 0.23622 0.23622 
vn -0.944882 0.23622 0.23622 
vn -0.96063 0.125984 0.23622 
vn -0.944882 0.23622 0.23622 
vn -0.96063 0.11811 0.23622 
vn -0.889764 0.433071 0.15748 
vn -0.897638 0.330709 0.283465 
vn -0.897638 0.409449 0.173228 
vn -0.913386 0.385827 -0.110236 
vn -0.866142 0.456693 -0.188976 
vn -0.92126 0.377953 -0.102362 
vn -0.866142 0.456693 -0.188976 
vn -0.787402 -0.362205 -0.503937 
vn -0.834646 -0.377953 -0.393701 
vn -0.834646 -0.377953 -0.393701 
vn -0.779528 -0.354331 -0.511811 
vn -0.795276 0.503937 -0.330709 
vn -0.724409 0.346457 -0.590551 
vn -0.732283 0.354331 -0.582677 
vn -0.795276 0.496063 -0.346457 
vn -0.724409 0.346457 -0.590551 
vn -0.677165 0.244094 -0.692913 
vn -1 -0.0629921 -0.0551181 
vn -1 -0.023622 -0.00787402 
vn -0.992126 -0.0708661 -0.0708661 
vn -1 -0.0393701 0.015748 
vn -0.992126 0.133858 -0.0629921 
vn -0.984252 0.181102 -0.0787402 
vn -0.992126 0.133858 -0.0629921 
vn -0.984252 0.181102 -0.0787402 
vn -0.866142 0.440945 -0.220472 
vn -0.913386 0.330709 -0.23622 
vn -0.866142 0.440945 -0.220472 
vn -0.913386 0.338583 -0.23622 
vn -0.905512 -0.370079 -0.188976 
vn -0.937008 -0.291339 -0.181102 
vn -0.937008 -0.291339 -0.181102 
vn -0.905512 -0.377953 -0.188976 
vn -0.992126 0.133858 0.0629921 
vn -0.984252 0.181102 0.0787402 
vn -0.992126 0.133858 0.0629921 
vn -0.984252 0.181102 0.0787402 
vn -1 -0.023622 0.00787402 
vn -1 -0.0551181 0.0629921 
vn -0.992126 -0.0629921 0.0787402 
vn -1 -0.0314961 -0.00787402 
vn -0.76378 0.338583 -0.551181 
vn -0.787402 0.448819 -0.417323 
vn -0.779528 0.23622 -0.582677 
vn -0.92126 0.354331 -0.173228 
vn -0.92126 0.291339 -0.251969 
vn -0.92126 0.354331 -0.173228 
vn -0.92126 0.283465 -0.251969 
vn -0.952756 0.141732 -0.251969 
vn -0.92126 0.291339 -0.251969 
vn -0.96063 0.141732 -0.251969 
vn -1 -0.0314961 0.023622 
vn -1 -0.0314961 0.023622 
vn -0.992126 -0.125984 -0.0393701 
vn -1 -0.0314961 0.023622 
vn -0.992126 0.0393701 0.0944882 
vn -0.992126 0.0393701 0.0944882 
vn -0.80315 -0.220472 0.551181 
vn -0.779528 -0.15748 0.606299 
vn -0.80315 -0.212598 0.559055 
vn -0.779528 -0.15748 0.614173 
vn -0.92126 0.19685 -0.330709 
vn -0.952756 0.141732 -0.275591 
vn -0.952756 0.141732 -0.275591 
vn -0.92126 0.19685 -0.330709 
vn -0.992126 0.0866142 0.110236 
vn -1 0.0472441 0.0708661 
vn -0.968504 0.220472 0.11811 
vn 0.944882 -0.291339 -0.181102 
vn 0.944882 -0.259843 -0.181102 
vn 0.96063 -0.220472 -0.173228 
vn 0.96063 -0.212598 -0.165354 
vn -0.913386 0.385827 0.110236 
vn -0.944882 0.322835 0.0787402 
vn -0.944882 0.322835 0.0944882 
vn -0.944882 0.314961 0.0708661 
vn 0.96063 -0.220472 0.173228 
vn 0.944882 -0.259843 0.181102 
vn 0.944882 -0.291339 0.181102 
vn 0.96063 -0.212598 0.165354 
vn -0.929134 0.19685 0.322835 
vn -0.952756 0.133858 0.275591 
vn -0.929134 0.19685 0.322835 
vn -0.952756 0.133858 0.275591 
vn -0.96063 -0.0866142 -0.267717 
vn -0.984252 0.023622 -0.181102 
vn -0.984252 0.023622 -0.173228 
vn -0.96063 -0.0944882 -0.267717 
vn -0.984252 0.023622 -0.181102 
vn -0.992126 0.0866142 -0.11811 
vn -0.88189 0.464567 0.110236 
vn -0.834646 0.511811 0.188976 
vn -0.88189 0.464567 0.110236 
vn -0.84252 0.496063 0.204724 
vn -0.834646 0.511811 0.188976 
vn -0.850394 0.464567 0.244094 
vn -0.850394 0.464567 0.244094 
vn -0.897638 0.370079 0.244094 
vn -0.84252 0.496063 0.204724 
vn -0.897638 0.362205 0.23622 
vn -0.905512 0.409449 0.0787402 
vn -0.897638 0.401575 0.181102 
vn -0.905512 0.409449 0.0787402 
vn -0.897638 0.401575 0.188976 
vn -0.992126 0.0393701 0.0944882 
vn -0.992126 0.0866142 0.0629921 
vn -0.992126 0.0393701 0.0944882 
vn -0.992126 0.0944882 0.0629921 
vn -0.866142 0.456693 -0.188976 
vn -0.858268 0.456693 -0.228346 
vn -0.866142 0.456693 -0.188976 
vn -0.858268 0.456693 -0.228346 
vn -0.732283 0.582677 0.362205 
vn -0.708661 0.354331 0.614173 
vn -0.724409 0.582677 0.362205 
vn -0.708661 0.346457 0.614173 
vn -0.700787 0.204724 0.685039 
vn -0.708661 0.354331 0.614173 
vn -0.80315 0.496063 0.330709 
vn -0.724409 0.338583 0.606299 
vn -0.80315 0.488189 0.346457 
vn -0.724409 0.346457 0.590551 
vn -0.724409 0.338583 0.606299 
vn -0.669291 0.23622 0.708661 
vn -0.929134 0.181102 0.314961 
vn -0.944882 0.307087 0.141732 
vn -0.944882 0.204724 0.259843 
vn -0.929134 0.181102 0.314961 
vn -0.944882 0.314961 0.0314961 
vn -0.96063 0.283465 0.0314961 
vn -0.897638 0.448819 0.0472441 
vn -0.858268 0.472441 -0.220472 
vn -0.866142 0.440945 -0.220472 
vn -0.858268 0.464567 -0.220472 
vn -0.866142 0.440945 -0.220472 
vn -0.874016 0.425197 -0.23622 
vn -0.858268 0.472441 -0.220472 
vn -0.944882 0.322835 0.0944882 
vn -0.944882 0.307087 0.110236 
vn -0.913386 0.385827 0.110236 
vn -0.96063 0.244094 -0.141732 
vn -0.96063 0.228346 -0.15748 
vn -0.968504 0.204724 -0.133858 
vn -0.976378 0.19685 -0.0944882 
vn -0.984252 0.181102 -0.0787402 
vn -0.976378 0.19685 -0.0944882 
vn -0.984252 0.181102 -0.0787402 
vn -0.976378 0.102362 -0.188976 
vn -0.952756 0.181102 -0.259843 
vn -0.984252 0.0866142 -0.15748 
vn -0.944882 0.188976 -0.259843 
vn -0.96063 -0.0708661 0.275591 
vn -0.976378 0.023622 0.19685 
vn -0.96063 -0.0708661 0.283465 
vn -0.976378 0.0314961 0.19685 
vn -0.976378 0.023622 0.19685 
vn -0.984252 0.0708661 0.149606 
vn -0.850394 -0.519685 -0.0866142 
vn -0.88189 -0.448819 -0.15748 
vn -0.850394 -0.519685 -0.0787402 
vn -0.88189 -0.448819 -0.15748 
vn -0.976378 0.19685 0.0944882 
vn -0.984252 0.181102 0.0787402 
vn -0.984252 0.181102 0.0787402 
vn -0.976378 0.19685 0.0944882 
vn -0.984252 -0.141732 -0.0787402 
vn -0.976378 -0.19685 -0.015748 
vn -0.992126 -0.125984 -0.0787402 
vn -0.952756 -0.283465 0.0944882 
vn -0.96063 0.244094 0.141732 
vn -0.968504 0.204724 0.133858 
vn -0.96063 0.228346 0.15748 
vn -0.992126 -0.125984 -0.0787402 
vn -0.992126 -0.0708661 -0.0708661 
vn -0.984252 -0.141732 -0.0787402 
vn -1 -0.0629921 -0.0551181 
vn -0.795276 -0.606299 0.0314961 
vn -0.80315 -0.566929 0.188976 
vn -0.80315 -0.559055 0.19685 
vn -0.795276 -0.606299 0.015748 
vn -0.80315 -0.566929 0.188976 
vn -0.826772 -0.511811 0.251969 
vn -0.952756 0.141732 0.259843 
vn -0.913386 0.259843 0.307087 
vn -0.92126 0.220472 0.314961 
vn -0.944882 0.173228 0.275591 
vn -0.992126 -0.110236 0.0944882 
vn -0.992126 -0.0629921 0.0787402 
vn -1 -0.0551181 0.0629921 
vn -0.984252 -0.125984 0.0866142 
vn -0.984252 -0.181102 0.0314961 
vn -0.984252 -0.125984 0.0866142 
vn -0.992126 -0.110236 0.0944882 
vn -0.96063 -0.267717 -0.0708661 
vn -0.80315 -0.307087 0.511811 
vn -0.80315 -0.220472 0.551181 
vn -0.80315 -0.299213 0.511811 
vn -0.80315 -0.212598 0.559055 
vn -0.858268 -0.496063 0.102362 
vn -0.88189 -0.456693 0.133858 
vn -0.858268 -0.496063 0.102362 
vn -0.88189 -0.456693 0.141732 
vn -0.952756 0.11811 -0.283465 
vn -0.937008 0.15748 -0.314961 
vn -0.937008 0.15748 -0.307087 
vn -0.937008 0.15748 -0.307087 
vn -0.952756 0.15748 -0.259843 
vn -0.952756 0.102362 -0.291339 
vn -0.913386 0.291339 0.299213 
vn -0.92126 0.220472 0.314961 
vn -0.913386 0.259843 0.307087 
vn -0.976378 0.19685 -0.102362 
vn -0.976378 0.19685 -0.0866142 
vn -0.976378 0.19685 -0.0866142 
vn -0.976378 0.19685 -0.102362 
vn -0.976378 0.212598 -0.0551181 
vn -0.976378 0.19685 -0.0866142 
vn -0.897638 0.370079 -0.244094 
vn -0.944882 0.251969 -0.220472 
vn -0.897638 0.370079 -0.244094 
vn -0.944882 0.251969 -0.220472 
vn -0.976378 0.19685 0.102362 
vn -0.976378 0.19685 0.0866142 
vn -0.976378 0.19685 0.0866142 
vn -0.976378 0.19685 0.102362 
vn -0.976378 0.212598 0.0551181 
vn -0.976378 0.19685 0.0866142 
vn -0.968504 0.204724 -0.133858 
vn -0.96063 0.228346 -0.15748 
vn -1 -0.023622 -0.00787402 
vn -0.850394 -0.511811 -0.149606 
vn -0.905512 -0.377953 -0.188976 
vn -0.905512 -0.370079 -0.188976 
vn -0.84252 -0.519685 -0.141732 
vn -0.84252 -0.527559 -0.125984 
vn -0.850394 -0.519685 -0.0866142 
vn -0.850394 -0.519685 -0.0787402 
vn -0.84252 -0.527559 -0.125984 
vn -0.826772 0.480315 0.291339 
vn -0.826772 0.535433 0.15748 
vn -0.826772 0.535433 0.173228 
vn -0.826772 0.472441 0.299213 
vn -0.889764 0.433071 0.15748 
vn -0.834646 0.543307 0.0551181 
vn -0.84252 0.543307 0.0629921 
vn -0.897638 0.409449 0.173228 
vn -0.976378 0.19685 -0.102362 
vn -0.976378 0.19685 -0.0944882 
vn -0.976378 0.19685 -0.102362 
vn -0.976378 0.19685 -0.0944882 
vn -0.96063 0.283465 -0.0472441 
vn -0.826772 0.551181 0.0866142 
vn -0.929134 0.377953 0.00787402 
vn -0.968504 0.204724 0.133858 
vn -1 -0.023622 0.00787402 
vn -0.96063 0.228346 0.15748 
vn -0.913386 0.291339 0.299213 
vn -0.905512 0.314961 0.291339 
vn -0.897638 0.330709 0.283465 
vn -0.913386 0.259843 0.307087 
vn -0.976378 0.19685 0.102362 
vn -0.976378 0.19685 0.0944882 
vn -0.976378 0.19685 0.0944882 
vn -0.976378 0.19685 0.102362 
vn -0.858268 0.275591 -0.440945 
vn -0.795276 0.409449 -0.448819 
vn -0.866142 0.244094 -0.433071 
vn -0.748031 0.496063 -0.440945 
vn -0.96063 0.275591 -0.015748 
vn -0.96063 0.283465 -0.0314961 
vn -0.96063 0.283465 -0.0314961 
vn -0.96063 0.275591 -0.015748 
vn -0.96063 0.275591 -0.015748 
vn -0.96063 0.275591 -0.00787402 
vn -0.897638 -0.307087 -0.314961 
vn -0.897638 -0.330709 -0.291339 
vn -0.897638 -0.330709 -0.291339 
vn -0.897638 -0.330709 -0.291339 
vn -0.897638 -0.362205 -0.251969 
vn -0.897638 -0.362205 -0.251969 
vn -0.88189 -0.448819 -0.15748 
vn -0.897638 -0.362205 -0.251969 
vn -0.88189 -0.448819 -0.15748 
vn -0.937008 0.165354 0.299213 
vn -0.944882 0.11811 0.299213 
vn -0.937008 0.165354 0.299213 
vn -0.944882 0.102362 0.299213 
vn -0.937008 0.165354 0.299213 
vn -0.897638 -0.354331 0.251969 
vn -0.897638 -0.377953 0.228346 
vn -0.897638 -0.385827 0.220472 
vn -0.889764 -0.409449 0.19685 
vn -0.897638 -0.385827 0.220472 
vn -0.889764 -0.409449 0.188976 
vn -0.889764 -0.409449 0.19685 
vn -0.88189 -0.456693 0.141732 
vn -0.88189 -0.456693 0.133858 
vn 0.96063 -0.220472 -0.173228 
vn 0.96063 -0.212598 -0.165354 
vn 0.976378 -0.173228 -0.125984 
vn 0.976378 -0.165354 -0.11811 
vn -0.850394 -0.496063 0.15748 
vn -0.858268 -0.496063 0.102362 
vn -0.850394 -0.496063 0.15748 
vn -0.858268 -0.496063 0.102362 
vn 0.96063 -0.220472 0.173228 
vn 0.976378 -0.173228 0.125984 
vn 0.96063 -0.212598 0.165354 
vn 0.976378 -0.165354 0.11811 
vn 0.913386 -0.385827 0.141732 
vn 0.92126 -0.362205 0.149606 
vn 0.913386 -0.385827 0.133858 
vn -0.795276 0.409449 0.448819 
vn -0.858268 0.275591 0.440945 
vn -0.866142 0.244094 0.433071 
vn -0.748031 0.496063 0.440945 
vn -0.96063 0.283465 -0.0314961 
vn -0.952756 0.283465 -0.0787402 
vn -0.952756 0.283465 -0.0787402 
vn -0.96063 0.283465 -0.0314961 
vn -0.905512 0.314961 0.291339 
vn -0.897638 0.409449 0.173228 
vn -0.897638 0.330709 0.283465 
vn -0.858268 0.291339 -0.425197 
vn -0.944882 0.0944882 -0.307087 
vn -0.897638 0.188976 -0.409449 
vn -0.952756 0.291339 0.015748 
vn -0.952756 0.299213 0.0314961 
vn -0.952756 0.291339 0.015748 
vn -0.952756 0.299213 0.0314961 
vn -0.96063 0.283465 0.00787402 
vn -0.952756 0.291339 0.015748 
vn -0.952756 0.204724 0.220472 
vn -0.976378 0.15748 0.15748 
vn -0.984252 0.141732 0.133858 
vn -0.952756 0.204724 0.212598 
vn 0.968504 -0.220472 -0.133858 
vn 0.968504 -0.220472 -0.133858 
vn 0.937008 -0.299213 -0.181102 
vn 0.944882 -0.299213 -0.11811 
vn -0.944882 0.275591 -0.181102 
vn -0.952756 0.283465 -0.0787402 
vn -0.952756 0.283465 -0.0787402 
vn -0.944882 0.275591 -0.188976 
vn -0.952756 0.212598 0.228346 
vn -0.952756 0.19685 0.220472 
vn -0.96063 0.165354 0.220472 
vn -0.96063 0.141732 0.228346 
vn -0.850394 -0.488189 -0.212598 
vn -0.84252 -0.527559 -0.125984 
vn -0.84252 -0.527559 -0.125984 
vn -0.850394 -0.488189 -0.212598 
vn -0.952756 0.299213 0.0314961 
vn -0.952756 0.299213 0.0787402 
vn -0.952756 0.299213 0.0314961 
vn -0.952756 0.299213 0.0787402 
vn 0.984252 -0.141732 0.0944882 
vn 0.952756 -0.244094 0.165354 
vn 0.952756 -0.244094 0.173228 
vn -0.92126 -0.220472 -0.314961 
vn -0.96063 -0.0944882 -0.267717 
vn -0.96063 -0.0866142 -0.267717 
vn -0.92126 -0.228346 -0.314961 
vn -0.92126 0.19685 -0.330709 
vn -0.92126 0.251969 -0.299213 
vn -0.92126 0.19685 -0.330709 
vn -0.92126 0.251969 -0.299213 
vn -0.944882 0.275591 -0.188976 
vn -0.92126 0.251969 -0.299213 
vn -0.944882 0.275591 -0.181102 
vn -0.937008 0.291339 0.181102 
vn -0.952756 0.299213 0.0787402 
vn -0.937008 0.291339 0.181102 
vn -0.952756 0.299213 0.0787402 
vn 0.992126 -0.0708661 0.0866142 
vn 1 -0.0787402 0.00787402 
vn 0.992126 -0.0944882 -0.0472441 
vn -0.850394 -0.496063 0.15748 
vn -0.858268 -0.456693 0.23622 
vn -0.850394 -0.496063 0.15748 
vn -0.858268 -0.456693 0.23622 
vn 0.937008 -0.299213 -0.181102 
vn 0.944882 -0.299213 -0.11811 
vn 0.92126 -0.291339 -0.267717 
vn -0.84252 -0.519685 -0.141732 
vn -0.795276 -0.606299 0.015748 
vn -0.795276 -0.606299 0.0314961 
vn -0.850394 -0.511811 -0.149606 
vn -0.92126 -0.19685 0.330709 
vn -0.96063 -0.0708661 0.283465 
vn -0.92126 -0.204724 0.330709 
vn -0.96063 -0.0708661 0.275591 
vn -0.834646 0.464567 0.291339 
vn -0.897638 0.204724 0.393701 
vn -0.874016 0.354331 0.330709 
vn 0.992126 -0.11811 -0.0472441 
vn 0.992126 -0.110236 -0.0472441 
vn 0.976378 -0.165354 -0.11811 
vn 0.976378 -0.173228 -0.125984 
vn -0.92126 0.259843 0.291339 
vn -0.929134 0.19685 0.322835 
vn -0.92126 0.259843 0.291339 
vn -0.929134 0.19685 0.322835 
vn -0.92126 0.259843 0.291339 
vn -0.937008 0.291339 0.181102 
vn -0.937008 0.291339 0.181102 
vn 0.976378 -0.165354 0.11811 
vn 0.976378 -0.173228 0.125984 
vn 0.992126 -0.11811 0.0472441 
vn 0.992126 -0.11811 0.0551181 
vn -0.84252 0.511811 -0.181102 
vn -0.889764 0.464567 0.00787402 
vn -0.84252 0.511811 -0.181102 
vn -0.889764 0.464567 0.00787402 
vn -0.80315 -0.299213 0.511811 
vn -0.779528 -0.417323 0.464567 
vn -0.80315 -0.307087 0.511811 
vn -0.779528 -0.425197 0.464567 
vn 0.937008 -0.283465 0.220472 
vn 0.96063 -0.220472 0.15748 
vn 0.96063 -0.220472 0.15748 
vn 0.952756 -0.259843 0.173228 
vn -0.889764 0.464567 0.00787402 
vn -0.929134 0.354331 0.125984 
vn -0.929134 0.346457 0.125984 
vn -0.889764 0.464567 0.00787402 
vn -0.944882 0.267717 0.173228 
vn -0.929134 0.354331 0.125984 
vn 0.937008 -0.283465 0.220472 
vn 0.913386 -0.307087 0.267717 
vn 0.952756 -0.259843 0.173228 
vn -0.88189 -0.377953 -0.291339 
vn -0.850394 -0.488189 -0.212598 
vn -0.850394 -0.488189 -0.212598 
vn -0.88189 -0.370079 -0.291339 
vn 0.992126 -0.0708661 -0.102362 
vn 0.992126 -0.0708661 -0.102362 
vn 0.992126 -0.0866142 -0.0393701 
vn 0.992126 -0.0866142 -0.023622 
vn 0.992126 -0.11811 0.0472441 
vn 1 -0.0629921 0 
vn 0.992126 -0.11811 0.0551181 
vn 1 -0.0472441 0 
vn -0.858268 -0.488189 -0.173228 
vn -0.88189 -0.433071 -0.173228 
vn -0.88189 -0.440945 -0.173228 
vn -0.88189 -0.433071 -0.173228 
vn -0.889764 -0.433071 -0.125984 
vn -0.889764 -0.440945 -0.11811 
vn -0.84252 -0.535433 -0.0472441 
vn -0.889764 -0.433071 -0.125984 
vn -0.850394 -0.527559 -0.0551181 
vn -0.88189 -0.370079 -0.291339 
vn -0.92126 -0.228346 -0.314961 
vn -0.92126 -0.220472 -0.314961 
vn -0.88189 -0.377953 -0.291339 
vn 0.92126 -0.346457 0.173228 
vn 0.92126 -0.338583 0.181102 
vn 0.92126 -0.346457 0.173228 
vn 0.929134 -0.307087 0.212598 
vn 0.929134 -0.307087 0.212598 
vn 0.92126 -0.362205 0.149606 
vn 0.92126 -0.346457 0.173228 
vn 0.913386 -0.385827 0.141732 
vn 0.913386 -0.362205 -0.173228 
vn 0.929134 -0.330709 -0.173228 
vn 0.92126 -0.338583 -0.181102 
vn 0.905512 -0.377953 -0.19685 
vn 0.889764 -0.393701 -0.212598 
vn 0.897638 -0.362205 -0.259843 
vn 0.897638 -0.362205 -0.251969 
vn 0.905512 -0.377953 -0.19685 
vn 0.92126 -0.338583 -0.181102 
vn 0.905512 -0.377953 -0.19685 
vn 0.913386 -0.362205 -0.173228 
vn -0.944882 0.204724 -0.251969 
vn -0.96063 0.15748 -0.23622 
vn -0.944882 0.204724 -0.251969 
vn -0.96063 0.141732 -0.23622 
vn -0.944882 0.204724 -0.251969 
vn -0.944882 0.188976 -0.259843 
vn -0.952756 0.181102 -0.259843 
vn 0.96063 -0.212598 0.173228 
vn 0.952756 -0.188976 0.228346 
vn 0.952756 -0.181102 0.228346 
vn 0.96063 -0.212598 0.173228 
vn -0.858268 -0.456693 0.23622 
vn -0.88189 -0.346457 0.314961 
vn -0.858268 -0.456693 0.23622 
vn -0.88189 -0.346457 0.314961 
vn 0.992126 -0.11811 -0.0472441 
vn 1 -0.0314961 0 
vn 0.992126 -0.110236 -0.0472441 
vn 1 0.00787402 0.00787402 
vn 0.84252 0.417323 -0.346457 
vn 0.740157 0.606299 -0.299213 
vn 0.80315 0.480315 -0.346457 
vn 0.96063 -0.220472 0.15748 
vn 0.96063 -0.212598 0.173228 
vn 0.96063 -0.212598 0.173228 
vn 0.96063 -0.220472 0.15748 
vn 0.913386 -0.307087 0.267717 
vn 0.889764 -0.267717 0.362205 
vn 0.889764 -0.259843 0.377953 
vn 0.937008 -0.283465 0.220472 
vn -0.88189 -0.346457 0.314961 
vn -0.92126 -0.204724 0.330709 
vn -0.88189 -0.346457 0.314961 
vn -0.92126 -0.19685 0.330709 
vn -0.866142 0.464567 -0.173228 
vn -0.84252 0.535433 -0.023622 
vn -0.866142 0.464567 -0.173228 
vn -0.84252 0.535433 -0.023622 
vn -0.826772 0.559055 0.0551181 
vn -0.84252 0.535433 -0.023622 
vn 0.984252 -0.125984 0.125984 
vn 0.984252 -0.0866142 0.165354 
vn 0.984252 -0.110236 0.11811 
vn 0.984252 -0.0787402 0.15748 
vn -0.952756 0.204724 0.220472 
vn -0.952756 0.19685 0.220472 
vn -0.952756 0.212598 0.228346 
vn -0.952756 0.204724 0.212598 
vn -0.795276 0.409449 -0.448819 
vn -0.858268 0.291339 -0.425197 
vn -0.795276 0.409449 -0.448819 
vn -0.897638 0.188976 -0.409449 
vn 0.992126 -0.0708661 0.0866142 
vn 0.992126 -0.023622 0.149606 
vn 1 -0.0787402 0.00787402 
vn 0.811024 0.11811 -0.574803 
vn 0.811024 0.11811 -0.574803 
vn 0.850394 0.23622 -0.464567 
vn 0.850394 0.228346 -0.472441 
vn 0.850394 0.23622 -0.464567 
vn 0.80315 0.480315 -0.346457 
vn 0.84252 0.417323 -0.346457 
vn -0.968504 0.244094 0.0551181 
vn -0.826772 0.511811 -0.228346 
vn -0.929134 0.370079 0.00787402 
vn -0.826772 0.511811 -0.23622 
vn -0.834646 0.519685 -0.173228 
vn -0.897638 0.370079 -0.244094 
vn -0.834646 0.519685 -0.173228 
vn -0.897638 0.370079 -0.244094 
vn 0.976378 -0.133858 0.165354 
vn 0.944882 -0.275591 0.165354 
vn 0.952756 -0.244094 0.165354 
vn 0.913386 -0.385827 0.133858 
vn 0.952756 -0.244094 0.165354 
vn 0.92126 -0.362205 0.149606 
vn 0.96063 -0.212598 -0.181102 
vn 0.929134 -0.330709 -0.173228 
vn 0.952756 -0.244094 -0.188976 
vn 0.92126 -0.338583 -0.181102 
vn -0.818898 0.574803 0.00787402 
vn -0.826772 0.535433 0.15748 
vn -0.818898 0.574803 0 
vn -0.826772 0.535433 0.173228 
vn 0.992126 -0.0866142 -0.0393701 
vn 0.992126 -0.0866142 -0.023622 
vn 1 -0.0551181 0.0551181 
vn 1 -0.0472441 0.0629921 
vn -0.834646 0.551181 -0.015748 
vn -0.826772 0.527559 0.188976 
vn -0.826772 0.535433 0.165354 
vn -0.834646 0.543307 -0.0393701 
vn 0.992126 -0.0314961 -0.11811 
vn 0.992126 -0.0708661 -0.102362 
vn 0.992126 -0.0314961 -0.11811 
vn 0.992126 -0.0708661 -0.102362 
vn 1 0.00787402 0.0866142 
vn 0.992126 -0.0472441 0.0787402 
vn 0.992126 0.0866142 0.0708661 
vn 1 -0.0393701 0.0787402 
vn 0.968504 -0.149606 -0.19685 
vn 0.968504 -0.149606 -0.19685 
vn 0.968504 -0.220472 -0.133858 
vn 0.968504 -0.220472 -0.133858 
vn 0.929134 -0.307087 0.212598 
vn 0.913386 -0.291339 0.283465 
vn 0.92126 -0.283465 0.275591 
vn 0.929134 -0.307087 0.212598 
vn 0.952756 -0.125984 -0.259843 
vn 0.952756 -0.133858 -0.259843 
vn 0.952756 -0.173228 -0.251969 
vn 0.952756 -0.173228 -0.244094 
vn 0.889764 -0.259843 0.377953 
vn 0.84252 -0.141732 0.519685 
vn 0.84252 -0.141732 0.519685 
vn 0.889764 -0.267717 0.362205 
vn 0.897638 -0.362205 -0.251969 
vn 0.889764 -0.307087 -0.338583 
vn 0.897638 -0.362205 -0.259843 
vn 0.889764 -0.307087 -0.346457 
vn 0.952756 -0.173228 -0.251969 
vn 0.952756 -0.173228 -0.244094 
vn 0.968504 -0.149606 -0.19685 
vn 0.968504 -0.149606 -0.19685 
vn 0.992126 -0.0708661 -0.102362 
vn 0.992126 -0.0787402 -0.133858 
vn 0.984252 -0.015748 -0.19685 
vn 0.992126 -0.0787402 -0.102362 
vn 0.992126 -0.0708661 0.102362 
vn 0.992126 -0.0787402 0.133858 
vn 0.992126 -0.0787402 0.102362 
vn 0.976378 -0.0472441 0.19685 
vn 0.653543 0.685039 -0.322835 
vn 0.80315 0.480315 -0.346457 
vn 0.740157 0.606299 -0.299213 
vn 0.629921 0.692913 -0.346457 
vn 1 -0.0551181 0.0629921 
vn 0.984252 -0.110236 0.11811 
vn 1 -0.0472441 0.0393701 
vn 0.984252 -0.125984 0.125984 
vn 0.92126 -0.283465 0.275591 
vn 0.905512 -0.283465 0.322835 
vn 0.905512 -0.283465 0.322835 
vn 0.913386 -0.291339 0.283465 
vn -0.779528 -0.417323 0.464567 
vn -0.740157 -0.543307 0.385827 
vn -0.779528 -0.425197 0.464567 
vn -0.740157 -0.551181 0.385827 
vn 0.92126 -0.141732 -0.362205 
vn 0.92126 -0.133858 -0.362205 
vn 0.937008 -0.023622 -0.338583 
vn 0.992126 -0.0314961 -0.11811 
vn 0.992126 -0.015748 -0.0866142 
vn 1 -0.015748 -0.0866142 
vn 0.992126 -0.0314961 -0.11811 
vn 0.905512 -0.283465 0.322835 
vn 0.913386 -0.251969 0.330709 
vn 0.905512 -0.283465 0.322835 
vn 0.992126 0 0.125984 
vn 0.992126 0 0.125984 
vn 0.992126 -0.023622 0.149606 
vn 0.992126 -0.0708661 0.0866142 
vn 1 -0.0472441 0.0393701 
vn 1 -0.0629921 0 
vn 1 -0.0472441 0 
vn 1 -0.0551181 0.0629921 
vn 1 0.00787402 -0.0866142 
vn 0.992126 0.0472441 -0.0866142 
vn 0.992126 0.102362 -0.0708661 
vn 1 0.015748 -0.0787402 
vn 0.889764 -0.307087 -0.338583 
vn 0.889764 -0.259843 -0.377953 
vn 0.889764 -0.307087 -0.346457 
vn 0.889764 -0.267717 -0.377953 
vn 0.771654 0.0787402 -0.629921 
vn 0.779528 0.0787402 -0.622047 
vn 0.811024 0.11811 -0.574803 
vn 0.811024 0.11811 -0.574803 
vn 0.96063 -0.125984 0.259843 
vn 0.952756 -0.181102 0.228346 
vn 0.96063 -0.125984 0.259843 
vn 0.952756 -0.188976 0.228346 
vn 0.992126 -0.0866142 -0.110236 
vn 0.992126 -0.0944882 -0.0472441 
vn 1 -0.0787402 0.00787402 
vn 0.992126 -0.0944882 -0.11811 
vn -0.866142 0.464567 -0.19685 
vn -0.897638 0.338583 -0.267717 
vn -0.858268 0.472441 -0.19685 
vn -0.905512 0.338583 -0.267717 
vn -0.92126 0.251969 -0.291339 
vn -0.897638 0.338583 -0.267717 
vn 0.889764 -0.267717 -0.377953 
vn 0.92126 -0.141732 -0.362205 
vn 0.889764 -0.259843 -0.377953 
vn 0.92126 -0.133858 -0.362205 
vn 1 -0.015748 -0.0866142 
vn 1 0.015748 -0.00787402 
vn 1 0.0314961 0.015748 
vn 0.992126 -0.015748 -0.0866142 
vn -0.84252 -0.535433 -0.0472441 
vn -0.787402 -0.614173 0.0708661 
vn -0.850394 -0.527559 -0.0551181 
vn -0.787402 -0.614173 0.0629921 
vn 0.992126 -0.00787402 0.0944882 
vn 0.992126 0 0.125984 
vn 1 -0.00787402 0.0866142 
vn 0.992126 0 0.125984 
vn 1 0.00787402 0.00787402 
vn 1 -0.00787402 0.0866142 
vn 1 0.015748 0 
vn 0.992126 -0.00787402 0.0944882 
vn -0.779528 0.622047 0.0314961 
vn -0.826772 0.527559 -0.204724 
vn -0.779528 0.622047 0.0314961 
vn -0.826772 0.527559 -0.204724 
vn 0.874016 -0.141732 -0.456693 
vn 0.700787 0.015748 -0.708661 
vn 0.866142 -0.102362 -0.480315 
vn 0.692913 0.00787402 -0.724409 
vn 0.866142 -0.102362 -0.480315 
vn 0.92126 -0.291339 -0.267717 
vn 0.937008 -0.299213 -0.181102 
vn 0.700787 0.015748 -0.708661 
vn 0.551181 -0.0314961 -0.834646 
vn 0.543307 -0.0314961 -0.84252 
vn 0.968504 -0.110236 0.220472 
vn 0.968504 -0.110236 0.220472 
vn 0.96063 -0.125984 0.259843 
vn 0.96063 -0.125984 0.259843 
vn -0.818898 0.535433 0.204724 
vn -0.771654 0.629921 -0.0393701 
vn -0.771654 0.629921 -0.0393701 
vn -0.818898 0.535433 0.204724 
vn 0.779528 0.0787402 -0.622047 
vn 0.771654 0.0787402 -0.629921 
vn 0.755906 0.0551181 -0.653543 
vn 0.755906 0.0551181 -0.653543 
vn 0.984252 -0.0629921 0.149606 
vn 0.984252 -0.0708661 0.149606 
vn 0.968504 -0.110236 0.220472 
vn 0.968504 -0.110236 0.220472 
vn 0.984252 -0.0629921 0.149606 
vn 1 -0.0472441 0.0629921 
vn 1 -0.0551181 0.0551181 
vn 0.874016 -0.228346 -0.425197 
vn 0.811024 -0.322835 -0.488189 
vn 0.952756 -0.0393701 -0.299213 
vn 0.952756 -0.133858 -0.259843 
vn 0.952756 -0.125984 -0.259843 
vn 0.968504 -0.0866142 -0.212598 
vn 0.968504 -0.0944882 -0.212598 
vn 0.992126 -0.0944882 -0.11811 
vn 0.968504 -0.0866142 -0.212598 
vn 0.992126 -0.0866142 -0.110236 
vn 0.889764 -0.204724 0.409449 
vn 0.937008 -0.0944882 0.330709 
vn 0.834646 -0.299213 0.456693 
vn 0.976378 -0.133858 0.165354 
vn 0.952756 -0.244094 0.165354 
vn 0.984252 -0.125984 0.149606 
vn 0.724409 0.023622 -0.685039 
vn 0.724409 0.0314961 -0.685039 
vn 0.732283 0.015748 -0.685039 
vn 0.740157 0.023622 -0.669291 
vn 0.740157 0.023622 -0.677165 
vn 0.732283 0.015748 -0.685039 
vn 0.724409 0.023622 -0.685039 
vn 0.755906 0.0551181 -0.653543 
vn 0.740157 0.023622 -0.677165 
vn 0.755906 0.0551181 -0.653543 
vn 0.84252 -0.141732 0.519685 
vn 0.84252 -0.141732 0.519685 
vn 0.732283 -0.0629921 0.677165 
vn 0.724409 -0.0629921 0.685039 
vn 0.992126 -0.102362 0.0944882 
vn 0.984252 -0.125984 0.149606 
vn 0.992126 -0.102362 0.0944882 
vn 0.976378 -0.133858 0.165354 
vn 0.976378 -0.125984 -0.165354 
vn 0.96063 -0.212598 -0.181102 
vn 0.952756 -0.244094 -0.188976 
vn 0.976378 -0.0551181 -0.19685 
vn 0.96063 -0.0944882 -0.251969 
vn 0.96063 -0.0944882 -0.244094 
vn 0.984252 -0.0472441 -0.188976 
vn 0.992126 -0.0708661 -0.0787402 
vn 0.992126 -0.0708661 -0.0708661 
vn 0.984252 -0.110236 -0.141732 
vn 0.976378 -0.125984 -0.165354 
vn -0.834646 0.519685 -0.173228 
vn -0.771654 0.637795 0.0393701 
vn -0.771654 0.637795 0.0393701 
vn -0.834646 0.519685 -0.173228 
vn 0.874016 -0.385827 0.307087 
vn 0.952756 -0.244094 0.165354 
vn 0.874016 -0.385827 0.307087 
vn 0.952756 -0.244094 0.173228 
vn -0.724409 0.582677 0.362205 
vn -0.771654 0.637795 0.0393701 
vn -0.732283 0.582677 0.362205 
vn -0.771654 0.637795 0.0393701 
vn 0.952756 -0.0866142 -0.291339 
vn 0.96063 -0.0944882 -0.244094 
vn 0.96063 -0.0944882 -0.251969 
vn 0.976378 -0.125984 -0.165354 
vn 0.984252 -0.110236 -0.141732 
vn 0.96063 -0.212598 -0.181102 
vn 0.992126 -0.0708661 -0.0708661 
vn 1 -0.023622 0.015748 
vn 1 -0.023622 0.015748 
vn 0.992126 -0.0708661 -0.0787402 
vn 1 -0.023622 0.015748 
vn 1 -0.0393701 0.0787402 
vn 0.992126 -0.0472441 0.0787402 
vn 1 -0.023622 0 
vn 0.992126 -0.102362 0.0944882 
vn 1 -0.023622 0 
vn 0.992126 -0.102362 0.0944882 
vn 1 0.015748 -0.0787402 
vn 1 -0.023622 0 
vn 1 0.00787402 -0.0866142 
vn -0.834646 0.543307 -0.0393701 
vn -0.858268 0.472441 -0.19685 
vn -0.834646 0.551181 -0.015748 
vn -0.866142 0.464567 -0.19685 
vn -0.740157 -0.551181 0.385827 
vn -0.740157 -0.622047 0.244094 
vn -0.740157 -0.622047 0.244094 
vn -0.740157 -0.543307 0.385827 
vn 0.653543 0.685039 -0.322835 
vn 0.590551 0.716535 -0.370079 
vn 0.629921 0.692913 -0.346457 
vn 0.992126 -0.023622 -0.125984 
vn 0.992126 -0.0787402 -0.102362 
vn 0.992126 -0.0708661 -0.102362 
vn 0.992126 -0.00787402 -0.133858 
vn 0.992126 -0.023622 0.125984 
vn 0.992126 -0.0787402 0.102362 
vn 0.992126 -0.00787402 0.133858 
vn 0.992126 -0.0708661 0.102362 
vn -0.740157 -0.622047 0.244094 
vn -0.787402 -0.614173 0.0629921 
vn -0.787402 -0.614173 0.0708661 
vn -0.740157 -0.622047 0.244094 
vn 0.968504 0 0.23622 
vn 0.984252 -0.0866142 0.165354 
vn 0.984252 -0.0787402 0.15748 
vn 0.96063 -0.0944882 -0.251969 
vn 0.952756 -0.0866142 -0.299213 
vn 0.952756 -0.0866142 -0.291339 
vn 0.590551 0.716535 -0.370079 
vn 0.551181 0.740157 -0.393701 
vn 0.629921 0.692913 -0.346457 
vn 0.566929 0.732283 -0.385827 
vn -0.826772 0.511811 -0.228346 
vn -0.795276 0.409449 -0.448819 
vn -0.826772 0.511811 -0.23622 
vn -0.795276 0.409449 -0.448819 
vn 1 -0.0314961 0 
vn 1 0.0314961 -0.0629921 
vn 1 0.00787402 0.00787402 
vn 0.992126 0.023622 -0.0866142 
vn 0.76378 0.338583 0.551181 
vn 0.732283 0.11811 0.669291 
vn 0.76378 0.346457 0.535433 
vn 0.732283 0.0944882 0.677165 
vn 0.779528 0.448819 0.440945 
vn 0.76378 0.338583 0.551181 
vn 0.984252 -0.0472441 -0.188976 
vn 0.992126 0.023622 -0.0866142 
vn 1 0.0314961 -0.0629921 
vn 0.976378 -0.0551181 -0.19685 
vn 0.952756 -0.0393701 -0.299213 
vn 0.96063 0.015748 -0.267717 
vn 0.874016 -0.228346 -0.425197 
vn 0.937008 -0.0944882 0.330709 
vn 0.889764 -0.204724 0.409449 
vn 0.952756 -0.0393701 0.291339 
vn 0.976378 -0.0472441 0.19685 
vn 0.968504 -0.023622 0.23622 
vn 0.992126 -0.0787402 0.133858 
vn 0.976378 -0.0472441 0.19685 
vn 0.952756 -0.0393701 0.291339 
vn 0.937008 -0.0944882 0.330709 
vn 0.984252 0.0629921 -0.141732 
vn 0.992126 -0.00787402 -0.133858 
vn 0.992126 -0.023622 -0.125984 
vn 0.984252 0.0787402 -0.141732 
vn 0.984252 0.0629921 0.141732 
vn 0.992126 -0.00787402 0.133858 
vn 0.984252 0.0787402 0.141732 
vn 0.992126 -0.023622 0.125984 
vn 0.984252 -0.0866142 0.165354 
vn 0.968504 0 0.23622 
vn 0.968504 0 0.251969 
vn -0.874016 0.354331 0.330709 
vn -0.929134 0.377953 0.00787402 
vn -0.826772 0.551181 0.0866142 
vn -0.834646 0.464567 0.291339 
vn -0.818898 0.574803 0.00787402 
vn -0.818898 0.574803 0 
vn -0.787402 0.598425 -0.15748 
vn -0.779528 0.598425 -0.165354 
vn -0.755906 0.606299 -0.251969 
vn -0.787402 0.598425 -0.15748 
vn 0.992126 0.0472441 -0.0787402 
vn 1 0.00787402 0.00787402 
vn 1 0.015748 0 
vn 0.566929 0.732283 -0.385827 
vn 0.519685 0.755906 -0.393701 
vn 0.551181 0.740157 -0.393701 
vn 0.551181 0.740157 -0.393701 
vn 0.511811 0.76378 -0.393701 
vn 0.511811 0.76378 -0.393701 
vn 0.519685 0.755906 -0.393701 
vn 0.984252 -0.015748 -0.19685 
vn 0.992126 -0.0787402 -0.133858 
vn 0.968504 0.00787402 -0.23622 
vn 0.984252 -0.015748 -0.19685 
vn 0.96063 0.015748 -0.267717 
vn 0.952756 -0.0393701 -0.299213 
vn -0.748031 0.496063 -0.440945 
vn -0.669291 0.606299 -0.425197 
vn -0.795276 0.409449 -0.448819 
vn -0.614173 0.677165 -0.401575 
vn 0.811024 -0.244094 -0.535433 
vn 0.84252 -0.149606 -0.519685 
vn 0.80315 -0.141732 -0.574803 
vn 0.84252 -0.149606 -0.519685 
vn 0.771654 -0.181102 -0.606299 
vn 0.80315 -0.141732 -0.574803 
vn 0.771654 -0.181102 -0.606299 
vn -0.669291 0.606299 0.425197 
vn -0.748031 0.496063 0.440945 
vn -0.795276 0.409449 0.448819 
vn -0.614173 0.677165 0.401575 
vn 0.614173 -0.102362 0.787402 
vn 0.511811 -0.125984 0.850394 
vn 0.606299 -0.102362 0.787402 
vn 0.503937 -0.125984 0.858268 
vn 0.724409 -0.0629921 0.685039 
vn 0.614173 -0.102362 0.787402 
vn 0.732283 -0.0629921 0.677165 
vn -0.755906 0.637795 0.141732 
vn -0.779528 0.622047 0.0314961 
vn -0.755906 0.637795 0.141732 
vn -0.779528 0.622047 0.0314961 
vn -0.755906 0.637795 0.141732 
vn -0.76378 0.629921 0.141732 
vn -0.771654 0.629921 -0.0393701 
vn -0.748031 0.637795 -0.15748 
vn -0.748031 0.637795 -0.15748 
vn -0.771654 0.629921 -0.0393701 
vn -0.748031 0.637795 -0.15748 
vn -0.755906 0.637795 -0.165354 
vn 0.952756 -0.023622 -0.314961 
vn 0.952756 -0.00787402 -0.299213 
vn 0.929134 -0.0944882 -0.362205 
vn 0.866142 -0.433071 -0.251969 
vn 0.818898 -0.354331 -0.448819 
vn 0.818898 -0.354331 -0.448819 
vn 0.818898 -0.354331 -0.448819 
vn 0.834646 -0.393701 -0.385827 
vn 0.952756 -0.023622 0.314961 
vn 0.929134 -0.0944882 0.362205 
vn 0.952756 -0.00787402 0.299213 
vn 0.834646 -0.448819 0.322835 
vn 0.748031 -0.377953 0.543307 
vn 0.834646 -0.448819 0.322835 
vn 0.740157 -0.370079 0.559055 
vn 0.992126 0.102362 -0.0708661 
vn 0.984252 0.173228 -0.0472441 
vn 0.984252 0.165354 -0.0551181 
vn 0.456693 -0.0551181 -0.889764 
vn 0.480315 -0.0393701 -0.874016 
vn 0.543307 -0.0314961 -0.84252 
vn 0.551181 -0.0314961 -0.834646 
vn 0.992126 0.0866142 0.0708661 
vn 0.984252 0.165354 0.0551181 
vn 0.984252 0.173228 0.0472441 
vn 0.874016 -0.425197 0.228346 
vn 0.834646 -0.354331 0.425197 
vn 0.834646 -0.385827 0.385827 
vn 0.834646 -0.354331 0.425197 
vn 0.834646 -0.354331 0.425197 
vn 0.811024 -0.346457 -0.464567 
vn 0.740157 -0.433071 -0.511811 
vn 0.84252 -0.314961 -0.440945 
vn 0.755906 -0.283465 -0.590551 
vn 0.84252 -0.314961 -0.440945 
vn 0.787402 -0.23622 -0.566929 
vn 0.80315 -0.251969 0.543307 
vn 0.787402 -0.173228 0.598425 
vn 0.80315 -0.181102 0.566929 
vn 0.787402 -0.173228 0.598425 
vn 0.76378 -0.173228 0.622047 
vn 0.76378 -0.173228 0.622047 
vn 0.992126 0.0787402 0.0866142 
vn 1 0.0314961 0.015748 
vn 1 0.015748 -0.00787402 
vn 0.826772 -0.448819 0.346457 
vn 0.874016 -0.385827 0.307087 
vn 0.874016 -0.385827 0.307087 
vn 0.826772 -0.448819 0.338583 
vn 0.826772 -0.448819 0.346457 
vn 0.834646 -0.448819 0.322835 
vn 0.834646 -0.448819 0.322835 
vn 0.84252 -0.314961 -0.440945 
vn 0.755906 -0.283465 -0.590551 
vn 0.811024 -0.346457 -0.464567 
vn 0.811024 -0.244094 -0.535433 
vn 0.80315 -0.141732 -0.574803 
vn 0.779528 -0.23622 -0.582677 
vn 0.992126 0.133858 0.0472441 
vn 0.984252 0.165354 -0.0551181 
vn 0.992126 0.11811 0.0866142 
vn 0.992126 0.102362 -0.0708661 
vn 0.992126 0.133858 -0.0472441 
vn 0.992126 0.11811 -0.0866142 
vn 0.984252 0.165354 0.0551181 
vn 0.992126 0.0866142 0.0708661 
vn 0.992126 0.102362 -0.0708661 
vn 0.992126 0.0472441 -0.0866142 
vn 0.984252 0.173228 -0.0472441 
vn 0.76378 -0.259843 0.590551 
vn 0.779528 -0.314961 0.543307 
vn 0.76378 -0.385827 0.511811 
vn 0.700787 -0.275591 -0.653543 
vn 0.755906 -0.283465 -0.590551 
vn 0.787402 -0.23622 -0.566929 
vn 0.992126 0.0866142 0.0708661 
vn 0.984252 0.173228 0.0472441 
vn 1 0.00787402 0.0866142 
vn 0.76378 -0.259843 0.590551 
vn 0.755906 -0.204724 0.622047 
vn 0.779528 -0.314961 0.543307 
vn 0.755906 -0.204724 0.622047 
vn 0.76378 -0.173228 0.622047 
vn 0.76378 -0.173228 0.622047 
vn 0.771654 -0.181102 -0.606299 
vn 0.748031 -0.283465 -0.606299 
vn 0.755906 -0.244094 -0.614173 
vn 0.771654 -0.181102 -0.606299 
vn 0.755906 -0.244094 -0.614173 
vn 0.740157 -0.322835 -0.590551 
vn 0.425197 -0.11811 -0.897638 
vn 0.425197 -0.102362 -0.897638 
vn 0.433071 -0.0551181 -0.897638 
vn 0.433071 -0.0551181 -0.897638 
vn 0.76378 -0.385827 0.511811 
vn 0.779528 -0.314961 0.543307 
vn 0.755906 -0.401575 0.519685 
vn 0.19685 -0.409449 -0.889764 
vn 0.133858 -0.346457 -0.929134 
vn 0.149606 -0.370079 -0.913386 
vn 0.133858 -0.346457 -0.929134 
vn 0.0787402 -0.299213 -0.952756 
vn 0.0708661 -0.283465 -0.952756 
vn 0.433071 -0.0551181 -0.897638 
vn 0.433071 -0.0551181 -0.897638 
vn 0.456693 -0.0551181 -0.889764 
vn 0.480315 -0.0393701 -0.874016 
vn 0.503937 -0.125984 0.858268 
vn 0.448819 -0.244094 0.858268 
vn 0.511811 -0.125984 0.850394 
vn 0.448819 -0.259843 0.850394 
vn 0.80315 -0.251969 0.543307 
vn 0.779528 -0.244094 0.574803 
vn 0.787402 -0.173228 0.598425 
vn 0.850394 -0.346457 -0.401575 
vn 0.811024 -0.244094 -0.535433 
vn 0.834646 -0.314961 -0.448819 
vn 0.779528 -0.23622 -0.582677 
vn 0.622047 0.133858 -0.771654 
vn 0.622047 0.102362 -0.779528 
vn 0.614173 0.440945 -0.653543 
vn 0.614173 0.425197 -0.669291 
vn 0.614173 0.440945 -0.653543 
vn 0.598425 0.574803 -0.559055 
vn 0.637795 -0.181102 -0.748031 
vn 0.622047 0.102362 -0.779528 
vn 0.629921 -0.15748 -0.755906 
vn -0.354331 0.464567 0.811024 
vn -0.354331 0.464567 0.811024 
vn -0.385827 0.488189 0.787402 
vn -0.291339 0.456693 0.84252 
vn -0.354331 0.464567 0.811024 
vn -0.275591 0.385827 0.88189 
vn -0.251969 0.377953 0.889764 
vn -0.275591 0.385827 0.88189 
vn -0.291339 0.456693 0.84252 
vn 0.858268 -0.330709 0.393701 
vn 0.84252 -0.307087 0.440945 
vn 0.80315 -0.251969 0.543307 
vn 0.779528 -0.244094 0.574803 
vn 0.992126 0.11811 -0.0866142 
vn 0.992126 0.133858 -0.0472441 
vn 0.952756 -0.00787402 -0.299213 
vn 0.952756 -0.00787402 -0.299213 
vn 0.952756 -0.023622 -0.314961 
vn 0.992126 0.11811 -0.0866142 
vn 0.834646 -0.385827 0.385827 
vn 0.866142 -0.448819 0.212598 
vn 0.874016 -0.425197 0.228346 
vn 0.992126 0.11811 0.0866142 
vn 0.952756 -0.00787402 0.299213 
vn 0.992126 0.133858 0.0472441 
vn 0.834646 -0.393701 -0.385827 
vn 0.866142 -0.433071 -0.251969 
vn 0.866142 -0.448819 -0.212598 
vn 0.732283 0.0944882 0.677165 
vn 0.716535 -0.15748 0.677165 
vn 0.732283 0.11811 0.669291 
vn 0.716535 -0.125984 0.685039 
vn 0.748031 -0.283465 -0.606299 
vn 0.724409 -0.401575 -0.566929 
vn 0.740157 -0.322835 -0.590551 
vn 0.724409 -0.401575 -0.566929 
vn 0.716535 -0.425197 -0.551181 
vn 0.740157 -0.322835 -0.590551 
vn 0.952756 -0.00787402 0.299213 
vn 0.992126 0.11811 0.0866142 
vn 0.952756 -0.023622 0.314961 
vn 0.716535 -0.425197 -0.551181 
vn 0.677165 -0.346457 -0.645669 
vn 0.692913 -0.377953 -0.614173 
vn 0.724409 -0.401575 -0.566929 
vn 0.724409 -0.307087 0.622047 
vn 0.755906 -0.401575 0.519685 
vn 0.724409 -0.354331 0.590551 
vn 0.76378 -0.385827 0.511811 
vn 0.88189 -0.409449 0.244094 
vn 0.874016 -0.362205 0.322835 
vn 0.858268 -0.330709 0.393701 
vn 0.84252 -0.307087 0.440945 
vn 0.88189 -0.417323 0.220472 
vn 0.976378 0.165354 -0.15748 
vn 0.984252 0.0787402 -0.141732 
vn 0.984252 0.0629921 -0.141732 
vn 0.976378 0.165354 -0.15748 
vn -0.362205 -0.503937 0.779528 
vn -0.330709 -0.370079 0.866142 
vn -0.330709 -0.307087 0.889764 
vn -0.385827 -0.488189 0.779528 
vn 0.976378 0.165354 0.15748 
vn 0.984252 0.0787402 0.141732 
vn 0.976378 0.165354 0.15748 
vn 0.984252 0.0629921 0.141732 
vn 0.724409 -0.307087 0.622047 
vn 0.716535 -0.15748 0.677165 
vn 0.716535 -0.125984 0.685039 
vn 0.724409 -0.354331 0.590551 
vn 0.874016 -0.433071 -0.23622 
vn 0.858268 -0.385827 -0.330709 
vn 0.874016 -0.440945 -0.220472 
vn 0.850394 -0.346457 -0.401575 
vn 0.834646 -0.314961 -0.448819 
vn 0.0708661 -0.283465 -0.952756 
vn 0.0393701 -0.19685 -0.976378 
vn 0.0787402 -0.299213 -0.952756 
vn 0.0314961 -0.15748 -0.984252 
vn 0.700787 -0.275591 -0.653543 
vn 0.677165 -0.401575 -0.622047 
vn 0.755906 -0.283465 -0.590551 
vn 0.393701 -0.330709 -0.858268 
vn 0.417323 -0.23622 -0.88189 
vn 0.417323 -0.23622 -0.874016 
vn 0.385827 -0.338583 -0.858268 
vn 0.417323 -0.23622 -0.88189 
vn 0.425197 -0.11811 -0.897638 
vn 0.425197 -0.102362 -0.897638 
vn 0.874016 -0.472441 -0.0708661 
vn 0.866142 -0.448819 -0.212598 
vn 0.866142 -0.433071 -0.251969 
vn 0.88189 -0.464567 0.0472441 
vn 0.874016 -0.425197 0.228346 
vn 0.866142 -0.448819 0.212598 
vn 0.740157 -0.370079 0.559055 
vn 0.574803 -0.330709 0.748031 
vn 0.748031 -0.377953 0.543307 
vn 0.574803 -0.338583 0.748031 
vn 0.653543 -0.464567 -0.598425 
vn 0.677165 -0.401575 -0.622047 
vn 0.685039 -0.346457 -0.637795 
vn 0.700787 -0.275591 -0.653543 
vn 0.692913 -0.377953 -0.614173 
vn 0.629921 -0.15748 -0.755906 
vn 0.637795 -0.181102 -0.748031 
vn 0.677165 -0.346457 -0.645669 
vn 0.88189 -0.464567 0.0472441 
vn 0.88189 -0.472441 -0.0472441 
vn 0.874016 -0.425197 0.228346 
vn 0.874016 -0.472441 -0.0629921 
vn 0.88189 -0.472441 0.0472441 
vn 0.874016 -0.472441 -0.0708661 
vn 0.866142 -0.433071 -0.251969 
vn 0.88189 -0.472441 0.0629921 
vn 0.88189 -0.472441 0.0629921 
vn 0.88189 -0.417323 0.220472 
vn 0.88189 -0.409449 0.244094 
vn 0.88189 -0.472441 0.0472441 
vn -0.322835 0.133858 0.937008 
vn -0.377953 -0.0944882 0.92126 
vn -0.385827 -0.141732 0.913386 
vn -0.307087 0.173228 0.937008 
vn -0.322835 0.133858 0.937008 
vn -0.251969 0.377953 0.889764 
vn -0.275591 0.385827 0.88189 
vn 0.874016 -0.472441 -0.0629921 
vn 0.874016 -0.440945 -0.220472 
vn 0.88189 -0.472441 -0.0472441 
vn 0.874016 -0.433071 -0.23622 
vn -0.385827 -0.511811 -0.771654 
vn -0.409449 -0.354331 -0.84252 
vn -0.401575 -0.511811 -0.755906 
vn -0.409449 -0.511811 -0.755906 
vn -0.385827 -0.511811 -0.771654 
vn -0.417323 -0.322835 -0.850394 
vn 0.811024 -0.346457 -0.464567 
vn 0.692913 -0.464567 -0.559055 
vn 0.740157 -0.433071 -0.511811 
vn 0 0.023622 -1 
vn 0.00787402 -0.0314961 -1 
vn 0.00787402 -0.0314961 -1 
vn 0 0.015748 -1 
vn 0.00787402 -0.0314961 -1 
vn 0.0314961 -0.15748 -0.984252 
vn 0.0393701 -0.19685 -0.976378 
vn 0.976378 0.165354 -0.15748 
vn 0.952756 0.251969 -0.149606 
vn 0.952756 0.275591 -0.149606 
vn 0.976378 0.165354 -0.15748 
vn 0.952756 0.251969 0.149606 
vn 0.976378 0.165354 0.15748 
vn 0.952756 0.275591 0.149606 
vn 0.976378 0.165354 0.15748 
vn -0.401575 -0.511811 -0.755906 
vn -0.409449 -0.511811 -0.755906 
vn -0.488189 -0.417323 -0.76378 
vn -0.503937 -0.393701 -0.771654 
vn 0.740157 -0.433071 -0.511811 
vn 0.622047 -0.433071 -0.653543 
vn 0.622047 -0.433071 -0.653543 
vn 0.692913 -0.464567 -0.559055 
vn 0.574803 -0.338583 0.748031 
vn 0.527559 -0.393701 0.755906 
vn 0.574803 -0.330709 0.748031 
vn 0.511811 -0.393701 0.76378 
vn -0.480315 -0.385827 0.787402 
vn -0.385827 -0.488189 0.779528 
vn -0.362205 -0.503937 0.779528 
vn -0.503937 -0.354331 0.787402 
vn -0.307087 -0.0314961 0.952756 
vn -0.283465 0 0.96063 
vn -0.275591 -0.023622 0.96063 
vn -0.314961 -0.0866142 0.944882 
vn 0.511811 -0.393701 0.76378 
vn 0.543307 -0.425197 0.724409 
vn 0.527559 -0.393701 0.755906 
vn 0.559055 -0.464567 0.685039 
vn 0.551181 -0.417323 0.724409 
vn 0.543307 -0.425197 0.724409 
vn 0.527559 -0.393701 0.755906 
vn 0.385827 -0.338583 -0.858268 
vn 0.393701 -0.330709 -0.858268 
vn 0.354331 -0.456693 -0.818898 
vn 0.354331 -0.464567 -0.811024 
vn -0.00787402 -0.11811 -0.992126 
vn -0.0314961 -0.299213 -0.952756 
vn -0.00787402 -0.125984 -0.992126 
vn -0.0393701 -0.330709 -0.944882 
vn 0 0.015748 -1 
vn -0.00787402 -0.11811 -0.992126 
vn 0 0.023622 -1 
vn -0.267717 -0.0393701 -0.96063 
vn -0.259843 0.015748 -0.968504 
vn -0.307087 0.00787402 -0.952756 
vn -0.385827 -0.0944882 -0.92126 
vn -0.275591 -0.023622 0.96063 
vn -0.251969 -0.133858 0.96063 
vn -0.244094 -0.188976 0.952756 
vn -0.283465 0 0.96063 
vn -0.322835 -0.133858 0.937008 
vn -0.314961 -0.0866142 0.944882 
vn -0.307087 -0.0314961 0.952756 
vn -0.330709 -0.307087 0.889764 
vn -0.330709 -0.370079 0.866142 
vn 0.448819 -0.259843 0.850394 
vn 0.440945 -0.456693 0.771654 
vn 0.448819 -0.244094 0.858268 
vn 0.440945 -0.456693 0.771654 
vn 0.653543 -0.464567 -0.598425 
vn 0.629921 -0.574803 -0.519685 
vn 0.677165 -0.401575 -0.622047 
vn 0.629921 -0.598425 -0.496063 
vn 0.559055 -0.464567 0.685039 
vn 0.590551 -0.543307 0.598425 
vn 0.598425 -0.559055 0.574803 
vn 0.543307 -0.425197 0.724409 
vn 0.370079 -0.291339 -0.88189 
vn 0.472441 -0.346457 -0.811024 
vn 0.472441 -0.354331 -0.80315 
vn 0.622047 -0.433071 -0.653543 
vn 0.472441 -0.354331 -0.80315 
vn 0.622047 -0.433071 -0.653543 
vn 0.440945 -0.456693 0.771654 
vn 0.440945 -0.456693 0.771654 
vn 0.425197 -0.574803 0.700787 
vn 0.425197 -0.566929 0.700787 
vn -0.133858 -0.346457 -0.929134 
vn -0.15748 -0.314961 -0.937008 
vn -0.212598 -0.204724 -0.952756 
vn -0.23622 -0.15748 -0.96063 
vn -0.212598 -0.204724 -0.952756 
vn -0.267717 -0.0944882 -0.96063 
vn -0.267717 -0.0393701 -0.96063 
vn -0.259843 0.015748 -0.968504 
vn -0.307087 0.00787402 -0.952756 
vn -0.385827 -0.0944882 -0.92126 
vn -0.417323 -0.322835 -0.850394 
vn -0.409449 -0.354331 -0.84252 
vn -0.614173 0.677165 -0.401575 
vn -0.559055 0.740157 -0.377953 
vn -0.669291 0.606299 -0.425197 
vn -0.551181 0.748031 -0.377953 
vn -0.244094 -0.188976 0.952756 
vn -0.212598 -0.314961 0.92126 
vn -0.19685 -0.354331 0.913386 
vn -0.251969 -0.133858 0.96063 
vn -0.559055 0.740157 0.377953 
vn -0.614173 0.677165 0.401575 
vn -0.669291 0.606299 0.425197 
vn -0.551181 0.748031 0.377953 
vn -0.385827 -0.141732 0.913386 
vn -0.377953 -0.0944882 0.92126 
vn -0.385827 -0.259843 0.88189 
vn -0.393701 -0.220472 0.889764 
vn -0.362205 -0.385827 0.850394 
vn -0.850394 -0.401575 -0.330709 
vn -0.84252 -0.251969 -0.480315 
vn -0.84252 -0.259843 -0.472441 
vn -0.850394 -0.401575 -0.338583 
vn -0.850394 -0.401575 -0.330709 
vn -0.866142 -0.401575 -0.283465 
vn -0.897638 -0.322835 -0.299213 
vn -0.889764 -0.330709 -0.299213 
vn -0.858268 -0.385827 0.330709 
vn -0.858268 -0.377953 0.346457 
vn -0.866142 -0.409449 0.283465 
vn -0.889764 -0.338583 0.299213 
vn -0.889764 -0.354331 0.299213 
vn -0.858268 -0.385827 0.330709 
vn -0.834646 -0.283465 0.480315 
vn -0.834646 -0.275591 0.480315 
vn 0.472441 -0.732283 0.488189 
vn 0.472441 -0.732283 0.488189 
vn 0.472441 -0.732283 0.488189 
vn 0.488189 -0.771654 0.409449 
vn 0.535433 -0.787402 0.307087 
vn 0.622047 -0.637795 0.448819 
vn 0.598425 -0.559055 0.574803 
vn 0.590551 -0.543307 0.598425 
vn 0.637795 -0.692913 0.330709 
vn -0.015748 -0.433071 -0.905512 
vn -0.023622 -0.417323 -0.905512 
vn -0.0393701 -0.330709 -0.944882 
vn -0.0314961 -0.299213 -0.952756 
vn 0.622047 -0.661417 -0.417323 
vn 0.629921 -0.598425 -0.496063 
vn 0.629921 -0.700787 -0.338583 
vn 0.629921 -0.574803 -0.519685 
vn 0.629921 -0.771654 -0.0944882 
vn 0.574803 -0.755906 -0.314961 
vn 0.622047 -0.779528 -0.0787402 
vn 0.905512 0.417323 -0.110236 
vn 0.952756 0.275591 -0.149606 
vn 0.952756 0.251969 -0.149606 
vn 0.905512 0.417323 -0.102362 
vn -0.543307 0.755906 -0.370079 
vn -0.559055 0.740157 -0.377953 
vn -0.551181 0.748031 -0.377953 
vn 0.629921 -0.700787 -0.338583 
vn 0.629921 -0.708661 -0.314961 
vn 0.622047 -0.661417 -0.417323 
vn 0.905512 0.417323 0.110236 
vn 0.952756 0.275591 0.149606 
vn 0.905512 0.417323 0.102362 
vn 0.952756 0.251969 0.149606 
vn 0.574803 -0.755906 -0.314961 
vn 0.543307 -0.76378 -0.354331 
vn 0.622047 -0.779528 -0.0787402 
vn 0.543307 -0.76378 -0.354331 
vn 0.543307 -0.76378 -0.354331 
vn 0.543307 -0.76378 -0.354331 
vn -0.19685 -0.354331 0.913386 
vn -0.15748 -0.488189 0.858268 
vn -0.149606 -0.535433 0.826772 
vn -0.212598 -0.314961 0.92126 
vn -0.543307 0.755906 0.370079 
vn -0.551181 0.748031 0.377953 
vn -0.559055 0.740157 0.377953 
vn -0.787402 -0.0472441 0.614173 
vn -0.80315 -0.0944882 0.590551 
vn -0.787402 -0.0472441 0.614173 
vn -0.80315 -0.0944882 0.590551 
vn 0.622047 -0.637795 0.448819 
vn 0.637795 -0.732283 0.228346 
vn 0.637795 -0.692913 0.330709 
vn 0.0314961 -0.559055 -0.826772 
vn 0.0314961 -0.543307 -0.834646 
vn -0.015748 -0.433071 -0.905512 
vn -0.023622 -0.417323 -0.905512 
vn -0.811024 -0.141732 -0.574803 
vn -0.88189 -0.149606 -0.456693 
vn -0.795276 -0.19685 -0.574803 
vn 0.393701 -0.748031 -0.535433 
vn 0.362205 -0.629921 -0.692913 
vn 0.377953 -0.700787 -0.598425 
vn 0.401575 -0.76378 -0.503937 
vn 0.362205 -0.629921 -0.692913 
vn 0.362205 -0.629921 -0.692913 
vn 0.354331 -0.464567 -0.811024 
vn 0.354331 -0.456693 -0.818898 
vn -0.834646 -0.283465 0.480315 
vn -0.834646 -0.275591 0.480315 
vn -0.80315 -0.0944882 0.590551 
vn -0.80315 -0.0944882 0.590551 
vn -0.984252 -0.181102 -0.015748 
vn -0.944882 -0.322835 0 
vn -0.984252 -0.188976 -0.015748 
vn -0.944882 -0.322835 0 
vn -0.944882 -0.322835 0 
vn -0.929134 -0.377953 0 
vn -0.929134 -0.377953 0 
vn -0.929134 -0.377953 0 
vn -0.952756 -0.314961 0 
vn -0.952756 -0.314961 0 
vn -0.984252 -0.165354 0 
vn -0.984252 -0.165354 0 
vn -0.787402 -0.149606 0.598425 
vn -0.787402 -0.0472441 0.614173 
vn -0.787402 -0.149606 0.598425 
vn -0.787402 -0.0472441 0.614173 
vn 0.488189 -0.771654 0.409449 
vn 0.551181 -0.811024 0.204724 
vn 0.535433 -0.787402 0.307087 
vn 0.622047 -0.76378 -0.173228 
vn 0.629921 -0.700787 -0.338583 
vn 0.614173 -0.787402 -0.0551181 
vn 0.629921 -0.708661 -0.314961 
vn 0.204724 -0.811024 -0.543307 
vn 0.204724 -0.811024 -0.543307 
vn 0.228346 -0.874016 -0.433071 
vn 0.228346 -0.889764 -0.401575 
vn -0.787402 -0.125984 -0.598425 
vn -0.795276 -0.110236 -0.598425 
vn -0.811024 -0.0393701 -0.582677 
vn -0.811024 -0.0393701 -0.582677 
vn -0.0866142 -0.748031 -0.661417 
vn -0.0866142 -0.692913 -0.716535 
vn -0.0944882 -0.527559 -0.84252 
vn -0.0944882 -0.472441 -0.874016 
vn -0.15748 -0.314961 -0.937008 
vn -0.133858 -0.346457 -0.929134 
vn -0.0944882 -0.527559 -0.84252 
vn -0.811024 -0.0393701 -0.582677 
vn -0.811024 -0.0393701 -0.582677 
vn -0.826772 -0.0629921 -0.559055 
vn -0.826772 -0.0629921 -0.559055 
vn -0.84252 -0.259843 -0.472441 
vn -0.826772 -0.0629921 -0.559055 
vn -0.84252 -0.251969 -0.480315 
vn 0.637795 -0.692913 0.330709 
vn 0.637795 -0.732283 0.228346 
vn 0.622047 -0.779528 -0.0787402 
vn 0.629921 -0.771654 -0.0944882 
vn -0.889764 -0.354331 0.299213 
vn -0.92126 -0.212598 0.314961 
vn -0.889764 -0.338583 0.299213 
vn -0.92126 -0.212598 0.314961 
vn -0.283465 -0.598425 0.748031 
vn -0.267717 -0.685039 0.677165 
vn -0.307087 -0.527559 0.795276 
vn -0.338583 -0.448819 0.826772 
vn -0.338583 -0.448819 0.826772 
vn -0.362205 -0.385827 0.850394 
vn -0.385827 -0.259843 0.88189 
vn 0.614173 -0.787402 -0.0551181 
vn 0.598425 -0.80315 0.00787402 
vn 0.622047 -0.76378 -0.173228 
vn 0.551181 -0.811024 0.204724 
vn 0.614173 -0.787402 -0.0551181 
vn 0.535433 -0.787402 0.307087 
vn 0.598425 -0.80315 0.00787402 
vn -0.834646 -0.15748 0.535433 
vn -0.818898 -0.15748 0.551181 
vn -0.897638 -0.149606 0.417323 
vn -0.897638 -0.141732 0.417323 
vn -0.755906 -0.283465 0.590551 
vn -0.787402 -0.149606 0.598425 
vn -0.76378 -0.275591 0.590551 
vn -0.787402 -0.149606 0.598425 
vn -1 -0.0472441 0 
vn -1 -0.0551181 0 
vn -1 -0.0551181 -0.00787402 
vn -1 -0.0708661 -0.015748 
vn -1 -0.0708661 -0.015748 
vn -1 -0.0551181 -0.00787402 
vn -0.984252 -0.181102 -0.015748 
vn -0.984252 -0.188976 -0.015748 
vn -0.755906 -0.181102 -0.629921 
vn -0.740157 -0.0866142 -0.669291 
vn -0.740157 -0.0787402 -0.669291 
vn -0.795276 -0.19685 -0.574803 
vn -0.929134 -0.188976 -0.322835 
vn -0.889764 -0.330709 -0.299213 
vn -0.897638 -0.322835 -0.299213 
vn -0.929134 -0.188976 -0.322835 
vn -0.992126 -0.110236 0.023622 
vn -0.992126 -0.110236 0.023622 
vn -1 -0.0551181 0 
vn -1 -0.0472441 0 
vn 0.00787402 -0.724409 -0.685039 
vn 0.015748 -0.708661 -0.708661 
vn 0.0314961 -0.559055 -0.826772 
vn 0.0314961 -0.543307 -0.834646 
vn 0.866142 0.503937 0.0393701 
vn 0.858268 0.511811 -0.00787402 
vn 0.866142 0.503937 0.023622 
vn 0.866142 0.503937 -0.0393701 
vn 0.866142 0.503937 -0.023622 
vn 0.858268 0.511811 0.00787402 
vn -0.590551 -0.204724 0.779528 
vn -0.503937 -0.354331 0.787402 
vn -0.480315 -0.385827 0.787402 
vn -0.590551 -0.19685 0.779528 
vn -0.590551 -0.204724 0.779528 
vn -0.653543 -0.023622 0.755906 
vn -0.653543 -0.0393701 0.755906 
vn -0.984252 -0.181102 0.0472441 
vn -0.984252 -0.188976 0.0472441 
vn -0.992126 -0.110236 0.023622 
vn -0.992126 -0.110236 0.023622 
vn -0.755906 -0.251969 -0.598425 
vn -0.692913 -0.417323 -0.590551 
vn -0.692913 -0.409449 -0.590551 
vn -0.755906 -0.267717 -0.598425 
vn -0.755906 -0.251969 -0.598425 
vn -0.787402 -0.125984 -0.598425 
vn -0.795276 -0.110236 -0.598425 
vn -0.748031 -0.102362 0.653543 
vn -0.755906 -0.110236 0.645669 
vn -0.787402 -0.149606 0.598425 
vn -0.818898 -0.15748 0.551181 
vn -0.149606 -0.535433 0.826772 
vn -0.125984 -0.716535 0.685039 
vn -0.125984 -0.755906 0.637795 
vn -0.15748 -0.488189 0.858268 
vn 0.905512 0.417323 -0.102362 
vn 0.905512 0.417323 -0.110236 
vn 0.866142 0.503937 -0.0393701 
vn 0.866142 0.503937 -0.023622 
vn 0.866142 0.503937 0.0393701 
vn 0.905512 0.417323 0.110236 
vn 0.905512 0.417323 0.102362 
vn 0.866142 0.503937 0.023622 
vn -0.700787 -0.425197 0.582677 
vn -0.76378 -0.275591 0.590551 
vn -0.700787 -0.417323 0.582677 
vn -0.755906 -0.283465 0.590551 
vn 0.401575 -0.88189 -0.259843 
vn 0.401575 -0.866142 -0.291339 
vn 0.401575 -0.76378 -0.503937 
vn 0.393701 -0.748031 -0.535433 
vn -0.834646 -0.15748 0.535433 
vn -0.787402 -0.149606 0.598425 
vn -0.818898 -0.15748 0.551181 
vn -0.598425 -0.19685 -0.771654 
vn -0.503937 -0.393701 -0.771654 
vn -0.598425 -0.204724 -0.771654 
vn -0.488189 -0.417323 -0.76378 
vn -0.661417 -0.023622 -0.748031 
vn -0.598425 -0.19685 -0.771654 
vn -0.661417 -0.0314961 -0.748031 
vn -0.897638 -0.141732 0.417323 
vn -0.897638 -0.149606 0.417323 
vn -0.929134 -0.0866142 0.370079 
vn 0.299213 -0.952756 -0.0708661 
vn 0.228346 -0.889764 -0.401575 
vn 0.228346 -0.874016 -0.433071 
vn 0.307087 -0.952756 -0.0472441 
vn 0.377953 -0.866142 0.322835 
vn 0.299213 -0.952756 -0.0708661 
vn 0.377953 -0.866142 0.322835 
vn 0.377953 -0.866142 0.322835 
vn 0.409449 -0.708661 0.574803 
vn 0.409449 -0.708661 0.574803 
vn 0.409449 -0.708661 0.574803 
vn 0.425197 -0.566929 0.700787 
vn 0.425197 -0.574803 0.700787 
vn 0.244094 -0.771654 0.582677 
vn 0.291339 -0.858268 0.425197 
vn 0.283465 -0.850394 0.448819 
vn 0.244094 -0.771654 0.582677 
vn 0.291339 -0.858268 0.425197 
vn 0.322835 -0.913386 0.259843 
vn 0.354331 -0.929134 0.0708661 
vn 0.362205 -0.929134 0.0629921 
vn 0.354331 -0.929134 0.0708661 
vn 0.401575 -0.88189 -0.259843 
vn 0.401575 -0.866142 -0.291339 
vn -0.755906 -0.181102 -0.629921 
vn -0.811024 -0.141732 -0.574803 
vn -0.795276 -0.19685 -0.574803 
vn -0.92126 -0.212598 0.314961 
vn -0.944882 -0.0944882 0.314961 
vn -0.92126 -0.212598 0.314961 
vn -0.944882 -0.0944882 0.314961 
vn -0.952756 -0.307087 0.0551181 
vn -0.952756 -0.307087 0.0551181 
vn -0.834646 -0.551181 0.0551181 
vn -0.826772 -0.559055 0.0472441 
vn -0.952756 -0.307087 0.0551181 
vn -0.984252 -0.188976 0.0472441 
vn -0.984252 -0.181102 0.0472441 
vn -0.598425 -0.606299 0.527559 
vn -0.700787 -0.417323 0.582677 
vn -0.590551 -0.606299 0.527559 
vn -0.700787 -0.425197 0.582677 
vn -0.125984 -0.96063 -0.23622 
vn -0.110236 -0.96063 -0.251969 
vn -0.0551181 -0.929134 -0.370079 
vn -0.0551181 -0.929134 -0.370079 
vn -0.267717 -0.685039 0.677165 
vn -0.267717 -0.771654 0.574803 
vn -0.275591 -0.826772 0.496063 
vn -0.283465 -0.598425 0.748031 
vn -0.88189 -0.149606 -0.456693 
vn -0.811024 -0.141732 -0.574803 
vn -0.858268 -0.0944882 -0.503937 
vn -0.937008 -0.0866142 -0.330709 
vn -0.929134 -0.188976 -0.322835 
vn -0.929134 -0.188976 -0.322835 
vn -0.937008 -0.0866142 -0.330709 
vn -0.88189 -0.149606 -0.456693 
vn -0.858268 -0.0944882 -0.503937 
vn -0.88189 -0.0787402 -0.456693 
vn -0.141732 -0.913386 0.377953 
vn -0.149606 -0.968504 0.212598 
vn -0.141732 -0.913386 0.377953 
vn -0.15748 -0.976378 0.133858 
vn 0.00787402 -0.724409 -0.685039 
vn -0.0472441 -0.858268 -0.511811 
vn 0.015748 -0.708661 -0.708661 
vn -0.0551181 -0.866142 -0.488189 
vn -0.700787 0.0393701 0.716535 
vn -0.748031 -0.102362 0.653543 
vn -0.716535 0.0866142 0.692913 
vn -0.755906 -0.110236 0.645669 
vn -0.692913 -0.409449 -0.590551 
vn -0.574803 -0.622047 -0.527559 
vn -0.574803 -0.622047 -0.527559 
vn -0.692913 -0.417323 -0.590551 
vn -0.11811 -0.897638 -0.433071 
vn -0.110236 -0.874016 -0.480315 
vn -0.0866142 -0.748031 -0.661417 
vn -0.0866142 -0.692913 -0.716535 
vn -0.125984 -0.755906 0.637795 
vn -0.11811 -0.897638 0.425197 
vn -0.11811 -0.913386 0.385827 
vn -0.125984 -0.716535 0.685039 
vn -0.992126 0.141732 0.015748 
vn -1 0.0314961 0.015748 
vn -0.984252 0.15748 0.015748 
vn -0.944882 -0.0944882 0.314961 
vn -0.952756 -0.0314961 0.307087 
vn -0.944882 -0.0944882 0.314961 
vn -0.952756 -0.0314961 0.307087 
vn -0.944882 -0.0393701 -0.322835 
vn -0.937008 -0.0866142 -0.330709 
vn -0.937008 -0.0866142 -0.330709 
vn -0.944882 -0.0393701 -0.322835 
vn -0.0472441 -1 0.0472441 
vn -0.0472441 -1 0.0472441 
vn -0.0629921 -0.992126 0.0629921 
vn -0.0708661 -1 0.0314961 
vn -0.944882 -0.0393701 -0.322835 
vn -0.944882 -0.0393701 -0.322835 
vn -0.952756 0.015748 -0.307087 
vn -0.952756 0 -0.299213 
vn -1 0.0314961 0.015748 
vn -0.992126 0.141732 0.015748 
vn -1 0.00787402 0 
vn -0.984252 0.15748 0.00787402 
vn -1 0.0314961 0.015748 
vn -0.96063 0 0.283465 
vn -0.96063 0 0.283465 
vn -0.952756 -0.0314961 0.307087 
vn -0.952756 -0.0314961 0.307087 
vn -0.125984 -0.96063 -0.23622 
vn -0.220472 -0.976378 0.0314961 
vn -0.110236 -0.96063 -0.251969 
vn -0.228346 -0.968504 0.0629921 
vn -0.0551181 -0.866142 -0.488189 
vn -0.11811 -0.968504 -0.228346 
vn -0.0472441 -0.858268 -0.511811 
vn -0.125984 -0.976378 -0.188976 
vn -0.228346 -0.968504 0.0629921 
vn -0.275591 -0.897638 0.338583 
vn -0.220472 -0.976378 0.0314961 
vn -0.267717 -0.913386 0.307087 
vn -0.275591 -0.826772 0.496063 
vn -0.275591 -0.897638 0.338583 
vn -0.267717 -0.771654 0.574803 
vn -0.0551181 -0.992126 -0.0787402 
vn -0.0472441 -1 0.0472441 
vn -0.0472441 -1 0.0472441 
vn -0.0551181 -0.992126 -0.0787402 
vn -0.0866142 -0.992126 0.110236 
vn -0.0866142 -0.992126 0.0944882 
vn -0.11811 -0.913386 0.385827 
vn -0.0866142 -0.992126 0.110236 
vn -0.11811 -0.897638 0.425197 
vn -0.968504 0.0314961 0.244094 
vn -0.968504 0.0708661 0.251969 
vn -0.96063 0 0.283465 
vn -0.96063 0 0.283465 
vn -0.968504 0.0314961 0.244094 
vn -0.976378 0.0787402 0.204724 
vn -0.968504 0.165354 0.204724 
vn -0.590551 -0.606299 0.527559 
vn -0.440945 -0.811024 0.385827 
vn -0.598425 -0.606299 0.527559 
vn -0.440945 -0.811024 0.385827 
vn -0.110236 -0.976378 -0.19685 
vn -0.110236 -0.976378 -0.204724 
vn -0.11811 -0.897638 -0.433071 
vn -0.110236 -0.874016 -0.480315 
vn -0.15748 -0.984252 -0.00787402 
vn -0.15748 -0.984252 -0.00787402 
vn -0.125984 -0.976378 -0.188976 
vn -0.11811 -0.968504 -0.228346 
vn -0.15748 -0.976378 0.133858 
vn -0.149606 -0.968504 0.212598 
vn -0.110236 -0.976378 -0.204724 
vn -0.0944882 -0.992126 -0.0708661 
vn -0.0708661 -1 0.0314961 
vn -0.0629921 -0.992126 0.0629921 
vn -0.110236 -0.976378 -0.19685 
vn -0.952756 0 -0.299213 
vn -0.952756 0.0472441 -0.291339 
vn -0.96063 0.0314961 -0.267717 
vn -0.96063 0.0393701 -0.267717 
vn -0.574803 -0.622047 -0.527559 
vn -0.425197 -0.826772 -0.370079 
vn -0.425197 -0.826772 -0.370079 
vn -0.574803 -0.622047 -0.527559 
vn -0.984252 -0.165354 0 
vn -1 0.023622 0 
vn -1 0.023622 0 
vn -0.984252 0.15748 0.00787402 
vn -0.984252 0.15748 0.00787402 
vn -0.984252 0.15748 0.00787402 
vn -0.976378 0.212598 0.00787402 
vn -0.976378 0.212598 0.00787402 
vn -0.677165 0.173228 0.716535 
vn -0.653543 -0.0393701 0.755906 
vn -0.700787 0.0393701 0.716535 
vn -0.653543 -0.023622 0.755906 
vn -0.0314961 -0.992126 -0.0866142 
vn -0.11811 -0.992126 0.023622 
vn -0.149606 -0.984252 0.0708661 
vn -0.283465 -0.937008 0.220472 
vn -0.149606 -0.984252 0.0708661 
vn -0.291339 -0.929134 0.228346 
vn -0.283465 -0.937008 0.220472 
vn -0.440945 -0.811024 0.385827 
vn -0.440945 -0.811024 0.385827 
vn -0.661417 -0.0314961 -0.748031 
vn -0.677165 0.0787402 -0.732283 
vn -0.677165 0.0708661 -0.732283 
vn -0.661417 -0.023622 -0.748031 
vn -0.677165 0.0787402 -0.732283 
vn -0.700787 0.0551181 -0.716535 
vn -0.700787 0.0472441 -0.708661 
vn -0.740157 -0.0787402 -0.669291 
vn -0.700787 0.0551181 -0.716535 
vn -0.740157 -0.0866142 -0.669291 
vn -0.0787402 -0.992126 0.0944882 
vn -0.204724 -0.976378 -0.0314961 
vn -0.23622 -0.968504 -0.0629921 
vn -0.322835 -0.92126 -0.204724 
vn -0.23622 -0.968504 -0.0629921 
vn -0.330709 -0.92126 -0.204724 
vn -0.425197 -0.826772 -0.370079 
vn -0.330709 -0.92126 -0.204724 
vn -0.322835 -0.92126 -0.204724 
vn -0.425197 -0.826772 -0.370079 
vn -0.96063 0.0393701 -0.267717 
vn -0.96063 0.0314961 -0.267717 
vn -0.968504 0.110236 -0.228346 
vn -0.968504 0.110236 -0.228346 
vn -0.952756 0.0472441 -0.291339 
vn -0.952756 0 -0.299213 
vn -0.952756 0.015748 -0.307087 
vn -0.00787402 -1 -0.015748 
vn -0.204724 -0.976378 -0.0314961 
vn -0.212598 -0.976378 -0.0314961 
vn -0.401575 -0.913386 -0.015748 
vn -0.401575 -0.913386 -0.015748 
vn -0.401575 -0.913386 -0.015748 
vn -0.590551 -0.811024 0.023622 
vn -0.590551 -0.811024 0.023622 
vn -0.826772 -0.559055 0.0472441 
vn -0.590551 -0.811024 0.023622 
vn -0.834646 -0.551181 0.0551181 
vn -0.976378 0.0787402 0.204724 
vn -0.968504 0.0314961 0.244094 
vn -0.976378 0.0708661 0.220472 
vn -0.976378 0.173228 0.149606 
vn -0.968504 0.149606 0.181102 
vn -0.976378 0.0787402 0.204724 
vn -0.976378 0.0708661 0.220472 
vn -0.968504 0.149606 0.181102 
vn -0.700787 0.0393701 0.716535 
vn -0.716535 0.0866142 0.692913 
vn -0.677165 0.173228 0.716535 
vn -0.992126 0.141732 0.015748 
vn -0.984252 0.15748 0.015748 
vn -0.976378 0.212598 0.00787402 
vn -0.976378 0.212598 0.00787402 
vn -0.968504 0.110236 -0.228346 
vn -0.96063 0.188976 -0.188976 
vn -0.968504 0.110236 -0.228346 
vn -0.968504 0.0314961 0.244094 
vn -0.968504 0.165354 0.204724 
vn -0.968504 0.0708661 0.251969 

vt 0.933135 0.149258 
vt 0.933135 0.1271 
vt 0.667478 0.147819 
vt 0.377808 0.10114 
vt 0.175242 0.159951 
vt 0.377808 0.15517 
vt 0.225906 0.114944 
vt 0.117623 0.067204 
vt 0.125164 0.142071 
vt 0.883097 0.142071 
vt 0.88147 0.086596 
vt 0.773199 0.139925 
vt 0.154523 0.179658 
vt 0.19357 0.10627 
vt 0.377808 0.134093 
vt 0.630453 0.151782 
vt 0.630453 0.176321 
vt 0.883097 0.173822 
vt 0.667478 0.18247 
vt 0.933135 0.149258 
vt 0.667478 0.147819 
vt 0.933135 0.189624 
vt 0.133399 0.198828 
vt 0.377808 0.15517 
vt 0.175242 0.159951 
vt 0.133399 0.198828 
vt 0.377808 0.21512 
vt 0.377808 0.15517 
vt 0.933135 0.189624 
vt 0.667478 0.18247 
vt 0.667478 0.217121 
vt 0.136163 0.321074 
vt 0.136163 0.355725 
vt 0.40182 0.321074 
vt 0.40182 0.355725 
vt 0.40182 0.286423 
vt 0.40182 0.321074 
vt 0.377808 0.134093 
vt 0.377808 0.178676 
vt 0.154523 0.179658 
vt 0.377808 0.178676 
vt 0.137731 0.225715 
vt 0.377808 0.22888 
vt 0.137731 0.225715 
vt 0.125164 0.266767 
vt 0.136163 0.355725 
vt 0.136163 0.321074 
vt 0.40182 0.321074 
vt 0.40182 0.355725 
vt 0.40182 0.286423 
vt 0.40182 0.321074 
vt 0.933135 0.220311 
vt 0.667478 0.251772 
vt 0.933135 0.267899 
vt 0.667478 0.217121 
vt 0.933135 0.220311 
vt 0.933135 0.189624 
vt 0.125164 0.206408 
vt 0.225906 0.114944 
vt 0.125164 0.142071 
vt 0.630453 0.176321 
vt 0.630453 0.200859 
vt 0.883097 0.201746 
vt 0.883097 0.173822 
vt 0.125164 0.226925 
vt 0.377808 0.209416 
vt 0.125164 0.206408 
vt 0.377837 0.226913 
vt 0.125164 0.206408 
vt 0.377808 0.209416 
vt 0.225906 0.114944 
vt 0.633473 0.174875 
vt 0.883097 0.226925 
vt 0.883097 0.206408 
vt 0.630453 0.226925 
vt 0.630453 0.245508 
vt 0.883097 0.226925 
vt 0.883097 0.245508 
vt 0.883097 0.206408 
vt 0.883097 0.142071 
vt 0.773199 0.139925 
vt 0.633473 0.174875 
vt 0.630669 0.173882 
vt 0.883098 0.154264 
vt 0.883097 0.206132 
vt 0.883097 0.206132 
vt 0.630453 0.229562 
vt 0.630669 0.173882 
vt 0.883097 0.266767 
vt 0.630453 0.265908 
vt 0.630453 0.223026 
vt 0.883097 0.266767 
vt 0.630453 0.298862 
vt 0.883097 0.316499 
vt 0.377808 0.245508 
vt 0.125164 0.2816 
vt 0.377808 0.2816 
vt 0.125164 0.245508 
vt 0.377808 0.245508 
vt 0.125164 0.226925 
vt 0.377837 0.226913 
vt 0.667478 0.321074 
vt 0.667478 0.355725 
vt 0.933135 0.321074 
vt 0.933135 0.355725 
vt 0.933135 0.267899 
vt 0.933135 0.321074 
vt 0.667478 0.251772 
vt 0.667478 0.771537 
vt 0.933135 0.806188 
vt 0.933135 0.771537 
vt 0.667478 0.806188 
vt 0.667478 0.822944 
vt 0.933135 0.806188 
vt 0.933135 0.822944 
vt 0.883097 0.197717 
vt 0.630453 0.173123 
vt 0.630453 0.232954 
vt 0.883097 0.153197 
vt 0.883097 0.10114 
vt 0.668121 0.162385 
vt 0.883097 0.265908 
vt 0.630453 0.298862 
vt 0.883097 0.322084 
vt 0.630453 0.265908 
vt 0.883097 0.265908 
vt 0.630453 0.232954 
vt 0.883097 0.197717 
vt 0.401808 0.810666 
vt 0.136184 0.815143 
vt 0.401795 0.815144 
vt 0.136173 0.810666 
vt 0.401808 0.810666 
vt 0.136184 0.815143 
vt 0.136173 0.810666 
vt 0.401795 0.815144 
vt 0.630453 0.173123 
vt 0.883097 0.197717 
vt 0.883097 0.153197 
vt 0.377808 0.373996 
vt 0.125164 0.343679 
vt 0.377808 0.31822 
vt 0.125164 0.373996 
vt 0.883097 0.316499 
vt 0.630453 0.331815 
vt 0.630453 0.298862 
vt 0.401795 0.815144 
vt 0.136205 0.823544 
vt 0.136184 0.815143 
vt 0.401771 0.823545 
vt 0.401795 0.815144 
vt 0.136205 0.823544 
vt 0.401771 0.823545 
vt 0.136184 0.815143 
vt 0.377808 0.31822 
vt 0.125164 0.343679 
vt 0.125164 0.313361 
vt 0.125164 0.786889 
vt 0.350875 0.755106 
vt 0.125164 0.750797 
vt 0.30455 0.792276 
vt 0.377808 0.266784 
vt 0.125164 0.265908 
vt 0.125164 0.322084 
vt 0.377808 0.21512 
vt 0.125164 0.265908 
vt 0.133399 0.198828 
vt 0.701557 0.796398 
vt 0.883097 0.760212 
vt 0.661695 0.765599 
vt 0.883097 0.793166 
vt 0.701557 0.796398 
vt 0.883097 0.793166 
vt 0.77266 0.828274 
vt 0.883097 0.82612 
vt 0.57731 0.127904 
vt 0.832201 0.193919 
vt 0.57731 0.193919 
vt 0.832201 0.243683 
vt 0.57731 0.193919 
vt 0.577236 0.243691 
vt 0.57731 0.127904 
vt 0.57731 0.193919 
vt 0.832201 0.193919 
vt 0.57731 0.193919 
vt 0.832201 0.243683 
vt 0.577236 0.243691 
vt 0.883097 0.174899 
vt 0.662154 0.171197 
vt 0.795483 0.10456 
vt 0.40182 0.806188 
vt 0.40182 0.771537 
vt 0.136163 0.771537 
vt 0.136163 0.806188 
vt 0.136173 0.810666 
vt 0.40182 0.806188 
vt 0.401808 0.810666 
vt 0.630453 0.252727 
vt 0.883097 0.283044 
vt 0.883097 0.252726 
vt 0.630453 0.283044 
vt 0.883097 0.201746 
vt 0.630453 0.252727 
vt 0.630453 0.200859 
vt 0.883097 0.322084 
vt 0.630453 0.298862 
vt 0.630453 0.331815 
vt 0.40182 0.806188 
vt 0.136163 0.771537 
vt 0.40182 0.771537 
vt 0.136163 0.806188 
vt 0.40182 0.806188 
vt 0.136173 0.810666 
vt 0.401808 0.810666 
vt 0.822217 0.854679 
vt 0.883097 0.82612 
vt 0.77266 0.828274 
vt 0.883097 0.843906 
vt 0.883097 0.793166 
vt 0.883097 0.82612 
vt 0.701557 0.796398 
vt 0.883097 0.768121 
vt 0.630453 0.768121 
vt 0.630453 0.798438 
vt 0.883097 0.798438 
vt 0.630453 0.798438 
vt 0.883097 0.813667 
vt 0.630453 0.828756 
vt 0.662154 0.171197 
vt 0.883097 0.174899 
vt 0.883097 0.223251 
vt 0.667478 0.822944 
vt 0.667478 0.840839 
vt 0.933135 0.822944 
vt 0.933135 0.840839 
vt 0.667766 0.87549 
vt 0.667478 0.840839 
vt 0.667478 0.355725 
vt 0.667478 0.390376 
vt 0.933135 0.355725 
vt 0.933135 0.390376 
vt 0.667478 0.736886 
vt 0.933135 0.771537 
vt 0.933135 0.736886 
vt 0.667478 0.771537 
vt 0.883097 0.798438 
vt 0.883097 0.828756 
vt 0.630453 0.828756 
vt 0.630453 0.798438 
vt 0.883097 0.768121 
vt 0.883097 0.798438 
vt 0.630453 0.798438 
vt 0.630453 0.768121 
vt 0.577236 0.243691 
vt 0.832201 0.29266 
vt 0.577326 0.292649 
vt 0.832201 0.243683 
vt 0.77266 0.828274 
vt 0.883097 0.82612 
vt 0.822217 0.854679 
vt 0.883097 0.843906 
vt 0.66385 0.792276 
vt 0.883097 0.786889 
vt 0.883097 0.750797 
vt 0.630453 0.750797 
vt 0.577236 0.243691 
vt 0.832201 0.29266 
vt 0.832201 0.243683 
vt 0.577326 0.292649 
vt 0.764167 0.761944 
vt 0.551345 0.791915 
vt 0.764167 0.791915 
vt 0.551345 0.760245 
vt 0.125164 0.313361 
vt 0.377808 0.343679 
vt 0.377808 0.313361 
vt 0.125164 0.343679 
vt 0.883097 0.266767 
vt 0.630453 0.223026 
vt 0.883097 0.223251 
vt 0.662154 0.171197 
vt 0.630453 0.343679 
vt 0.883097 0.313361 
vt 0.630453 0.313361 
vt 0.883097 0.343679 
vt 0.883097 0.313361 
vt 0.630453 0.283044 
vt 0.883097 0.283044 
vt 0.125164 0.815313 
vt 0.30455 0.792276 
vt 0.125164 0.786889 
vt 0.22806 0.832677 
vt 0.883097 0.768121 
vt 0.883097 0.737804 
vt 0.630453 0.768121 
vt 0.630453 0.737804 
vt 0.883097 0.813667 
vt 0.630453 0.859073 
vt 0.883097 0.859073 
vt 0.630453 0.828756 
vt 0.883097 0.737804 
vt 0.883097 0.768121 
vt 0.630453 0.768121 
vt 0.630453 0.737804 
vt 0.764167 0.761944 
vt 0.764167 0.731175 
vt 0.551345 0.760245 
vt 0.551345 0.731175 
vt 0.551345 0.710928 
vt 0.764167 0.703774 
vt 0.392803 0.768183 
vt 0.219518 0.791581 
vt 0.392803 0.791889 
vt 0.219518 0.768183 
vt 0.883097 0.815313 
vt 0.66385 0.792276 
vt 0.736031 0.8316 
vt 0.883097 0.786889 
vt 0.125164 0.373996 
vt 0.377808 0.404313 
vt 0.377808 0.373996 
vt 0.125164 0.404313 
vt 0.377808 0.373996 
vt 0.125164 0.343679 
vt 0.377808 0.343679 
vt 0.551345 0.245253 
vt 0.764167 0.235312 
vt 0.764167 0.218448 
vt 0.125164 0.322084 
vt 0.377808 0.364769 
vt 0.377808 0.331815 
vt 0.125164 0.364769 
vt 0.883097 0.859073 
vt 0.630453 0.859073 
vt 0.883097 0.828756 
vt 0.630453 0.828756 
vt 0.630453 0.2816 
vt 0.883097 0.317692 
vt 0.883097 0.2816 
vt 0.630453 0.317692 
vt 0.883097 0.245508 
vt 0.630453 0.2816 
vt 0.630453 0.245508 
vt 0.661695 0.765599 
vt 0.883097 0.760212 
vt 0.701557 0.796398 
vt 0.883097 0.793166 
vt 0.630453 0.727259 
vt 0.883097 0.760212 
vt 0.883097 0.727259 
vt 0.739372 0.791581 
vt 0.739372 0.768183 
vt 0.566088 0.794816 
vt 0.566088 0.768183 
vt 0.739372 0.768183 
vt 0.566088 0.719053 
vt 0.739372 0.719053 
vt 0.125164 0.364769 
vt 0.377808 0.397722 
vt 0.377808 0.364769 
vt 0.125164 0.397723 
vt 0.125164 0.266767 
vt 0.377808 0.22888 
vt 0.377808 0.298862 
vt 0.125164 0.316499 
vt 0.125164 0.714705 
vt 0.350875 0.755106 
vt 0.377808 0.714705 
vt 0.125164 0.750797 
vt 0.219518 0.791581 
vt 0.219518 0.817313 
vt 0.392803 0.791889 
vt 0.40182 0.771537 
vt 0.40182 0.736886 
vt 0.136163 0.736886 
vt 0.136163 0.771537 
vt 0.40182 0.702235 
vt 0.136163 0.736886 
vt 0.136163 0.702235 
vt 0.125164 0.793166 
vt 0.267029 0.836235 
vt 0.35303 0.79963 
vt 0.125164 0.82612 
vt 0.40182 0.736886 
vt 0.40182 0.771537 
vt 0.136163 0.736886 
vt 0.136163 0.771537 
vt 0.136163 0.736886 
vt 0.40182 0.702235 
vt 0.136163 0.702235 
vt 0.739372 0.791581 
vt 0.566088 0.817313 
vt 0.739372 0.817313 
vt 0.566088 0.794816 
vt 0.125164 0.364769 
vt 0.377808 0.397722 
vt 0.125164 0.397723 
vt 0.377808 0.364769 
vt 0.125164 0.364769 
vt 0.377808 0.331815 
vt 0.125164 0.316499 
vt 0.883097 0.244878 
vt 0.630453 0.229562 
vt 0.883097 0.206132 
vt 0.630453 0.245844 
vt 0.883097 0.373996 
vt 0.630453 0.404313 
vt 0.630453 0.373996 
vt 0.883097 0.404313 
vt 0.883097 0.343679 
vt 0.883097 0.373996 
vt 0.630453 0.343679 
vt 0.630453 0.343679 
vt 0.883097 0.313361 
vt 0.630453 0.313361 
vt 0.630453 0.283044 
vt 0.883097 0.313361 
vt 0.883097 0.283044 
vt 0.630453 0.283044 
vt 0.630453 0.245844 
vt 0.883097 0.283044 
vt 0.883097 0.244878 
vt 0.125164 0.793166 
vt 0.35303 0.79963 
vt 0.284081 0.820733 
vt 0.125164 0.82612 
vt 0.125164 0.798439 
vt 0.377808 0.80608 
vt 0.377808 0.792832 
vt 0.125164 0.813667 
vt 0.883097 0.859073 
vt 0.883097 0.843906 
vt 0.822217 0.854679 
vt 0.184734 0.847387 
vt 0.22806 0.832677 
vt 0.125164 0.836217 
vt 0.125164 0.815313 
vt 0.22806 0.832677 
vt 0.764167 0.791915 
vt 0.551345 0.812162 
vt 0.764167 0.812162 
vt 0.551345 0.791915 
vt 0.392803 0.719053 
vt 0.219518 0.768183 
vt 0.392803 0.768183 
vt 0.219518 0.719053 
vt 0.125164 0.760212 
vt 0.35303 0.79963 
vt 0.377808 0.760212 
vt 0.125164 0.793166 
vt 0.377808 0.727259 
vt 0.125164 0.760212 
vt 0.125164 0.727259 
vt 0.680518 0.808291 
vt 0.680518 0.77279 
vt 0.891339 0.808291 
vt 0.891339 0.837151 
vt 0.630453 0.737804 
vt 0.883097 0.737804 
vt 0.883097 0.707487 
vt 0.630453 0.707487 
vt 0.219518 0.817313 
vt 0.219518 0.866444 
vt 0.392803 0.817313 
vt 0.392803 0.791889 
vt 0.736031 0.8316 
vt 0.883097 0.836217 
vt 0.883097 0.815313 
vt 0.377808 0.331815 
vt 0.377808 0.266784 
vt 0.125164 0.322084 
vt 0.267029 0.836235 
vt 0.125164 0.82612 
vt 0.219719 0.851486 
vt 0.125164 0.843906 
vt 0.680518 0.77279 
vt 0.680518 0.732873 
vt 0.891339 0.77279 
vt 0.891339 0.808291 
vt 0.680518 0.808291 
vt 0.891339 0.808291 
vt 0.680518 0.77279 
vt 0.891339 0.837151 
vt 0.551345 0.710928 
vt 0.764167 0.703774 
vt 0.551345 0.690682 
vt 0.630453 0.714705 
vt 0.630453 0.750797 
vt 0.883097 0.714705 
vt 0.883097 0.750797 
vt 0.377808 0.768121 
vt 0.125164 0.798439 
vt 0.377808 0.792832 
vt 0.125164 0.768121 
vt 0.630453 0.373996 
vt 0.630453 0.404313 
vt 0.883097 0.373996 
vt 0.883097 0.404313 
vt 0.883097 0.343679 
vt 0.883097 0.373996 
vt 0.630453 0.343679 
vt 0.883097 0.707487 
vt 0.630453 0.737804 
vt 0.630453 0.707487 
vt 0.883097 0.737804 
vt 0.680518 0.77279 
vt 0.891339 0.77279 
vt 0.680518 0.732873 
vt 0.891339 0.808291 
vt 0.392803 0.736393 
vt 0.219518 0.693043 
vt 0.392803 0.693043 
vt 0.219518 0.736393 
vt 0.125164 0.2816 
vt 0.125164 0.317692 
vt 0.377808 0.2816 
vt 0.377808 0.317692 
vt 0.739372 0.866444 
vt 0.739372 0.817313 
vt 0.566088 0.866444 
vt 0.566088 0.817313 
vt 0.136163 0.425027 
vt 0.136163 0.464231 
vt 0.40182 0.425027 
vt 0.40182 0.459678 
vt 0.40182 0.425027 
vt 0.136163 0.390376 
vt 0.40182 0.390376 
vt 0.40182 0.355725 
vt 0.136163 0.390376 
vt 0.136163 0.355725 
vt 0.125164 0.760212 
vt 0.377808 0.760212 
vt 0.35303 0.79963 
vt 0.125164 0.793166 
vt 0.125164 0.760212 
vt 0.377808 0.727259 
vt 0.125164 0.727259 
vt 0.392803 0.606343 
vt 0.392803 0.693043 
vt 0.219518 0.648229 
vt 0.219518 0.693043 
vt 0.883097 0.836217 
vt 0.736031 0.8316 
vt 0.807538 0.855867 
vt 0.305895 0.87549 
vt 0.136163 0.840839 
vt 0.40182 0.840839 
vt 0.136163 0.840839 
vt 0.401771 0.823545 
vt 0.136205 0.823544 
vt 0.125164 0.813667 
vt 0.377808 0.817271 
vt 0.377808 0.80608 
vt 0.136163 0.464231 
vt 0.136163 0.425027 
vt 0.40182 0.425027 
vt 0.40182 0.459678 
vt 0.136163 0.390376 
vt 0.40182 0.425027 
vt 0.40182 0.390376 
vt 0.40182 0.355725 
vt 0.136163 0.390376 
vt 0.136163 0.355725 
vt 0.630453 0.727259 
vt 0.883097 0.760212 
vt 0.883097 0.727259 
vt 0.661695 0.765599 
vt 0.883097 0.694305 
vt 0.630453 0.727259 
vt 0.630453 0.694305 
vt 0.305895 0.87549 
vt 0.40182 0.840839 
vt 0.136163 0.840839 
vt 0.401771 0.823545 
vt 0.136163 0.840839 
vt 0.136205 0.823544 
vt 0.933135 0.736886 
vt 0.933135 0.702235 
vt 0.667478 0.702235 
vt 0.667478 0.736886 
vt 0.933135 0.667584 
vt 0.667478 0.702235 
vt 0.667478 0.667584 
vt 0.933135 0.667584 
vt 0.667478 0.632933 
vt 0.933135 0.625278 
vt 0.933135 0.390376 
vt 0.667478 0.425027 
vt 0.933135 0.425027 
vt 0.667478 0.390376 
vt 0.566088 0.669923 
vt 0.739372 0.719053 
vt 0.739372 0.669923 
vt 0.566088 0.719053 
vt 0.739372 0.620793 
vt 0.566088 0.669923 
vt 0.566088 0.620793 
vt 0.377808 0.859073 
vt 0.377808 0.817271 
vt 0.125164 0.859073 
vt 0.125164 0.813667 
vt 0.125164 0.373996 
vt 0.377808 0.373996 
vt 0.377808 0.404313 
vt 0.125164 0.404313 
vt 0.125164 0.397723 
vt 0.377808 0.430676 
vt 0.377808 0.397722 
vt 0.125164 0.430676 
vt 0.883097 0.364769 
vt 0.630453 0.397722 
vt 0.630453 0.364769 
vt 0.883097 0.397722 
vt 0.630453 0.331815 
vt 0.883097 0.364769 
vt 0.883097 0.316499 
vt 0.125164 0.678613 
vt 0.377808 0.714705 
vt 0.377808 0.678613 
vt 0.125164 0.714705 
vt 0.551345 0.670435 
vt 0.764167 0.703774 
vt 0.764167 0.659093 
vt 0.551345 0.690682 
vt 0.136163 0.667584 
vt 0.136163 0.702235 
vt 0.40182 0.667584 
vt 0.40182 0.702235 
vt 0.630453 0.397722 
vt 0.883097 0.364769 
vt 0.630453 0.364769 
vt 0.883097 0.397722 
vt 0.883097 0.364769 
vt 0.630453 0.331815 
vt 0.883097 0.322084 
vt 0.377808 0.331815 
vt 0.125164 0.316499 
vt 0.377808 0.298862 
vt 0.284081 0.820733 
vt 0.195691 0.855361 
vt 0.125164 0.82612 
vt 0.125164 0.843906 
vt 0.883097 0.859073 
vt 0.883097 0.836217 
vt 0.807538 0.855867 
vt 0.40182 0.667584 
vt 0.40182 0.702235 
vt 0.136163 0.702235 
vt 0.136163 0.667584 
vt 0.140796 0.862305 
vt 0.184734 0.847387 
vt 0.125164 0.836217 
vt 0.377808 0.768121 
vt 0.377808 0.798439 
vt 0.125164 0.798439 
vt 0.125164 0.768121 
vt 0.125164 0.798439 
vt 0.377808 0.817027 
vt 0.125164 0.828756 
vt 0.377808 0.737804 
vt 0.377808 0.768121 
vt 0.125164 0.737804 
vt 0.125164 0.707487 
vt 0.377808 0.737804 
vt 0.377808 0.707487 
vt 0.377808 0.859073 
vt 0.125164 0.859073 
vt 0.377808 0.817027 
vt 0.125164 0.828756 
vt 0.377808 0.694305 
vt 0.125164 0.727259 
vt 0.377808 0.727259 
vt 0.125164 0.694305 
vt 0.883097 0.859073 
vt 0.822217 0.854679 
vt 0.883097 0.843906 
vt 0.565779 0.781985 
vt 0.74283 0.751284 
vt 0.565779 0.737692 
vt 0.125164 0.397723 
vt 0.377808 0.430676 
vt 0.125164 0.430676 
vt 0.377808 0.397722 
vt 0.680518 0.837151 
vt 0.680518 0.808291 
vt 0.891339 0.837151 
vt 0.891339 0.857147 
vt 0.667478 0.52898 
vt 0.933135 0.464231 
vt 0.667478 0.459678 
vt 0.933135 0.52898 
vt 0.933135 0.563631 
vt 0.667478 0.52898 
vt 0.667478 0.563631 
vt 0.667478 0.598282 
vt 0.933135 0.563631 
vt 0.933135 0.625278 
vt 0.680518 0.732873 
vt 0.680518 0.690767 
vt 0.891339 0.732873 
vt 0.891339 0.77279 
vt 0.667478 0.632933 
vt 0.933135 0.625278 
vt 0.667478 0.598282 
vt 0.551345 0.670435 
vt 0.764167 0.659093 
vt 0.551345 0.650188 
vt 0.392803 0.606343 
vt 0.219518 0.606343 
vt 0.392803 0.562993 
vt 0.219518 0.562993 
vt 0.219518 0.648229 
vt 0.219518 0.606343 
vt 0.630453 0.661351 
vt 0.630453 0.694305 
vt 0.883097 0.661351 
vt 0.883097 0.694305 
vt 0.565779 0.737692 
vt 0.74283 0.751284 
vt 0.74283 0.6934 
vt 0.565779 0.6934 
vt 0.377808 0.694305 
vt 0.125164 0.727259 
vt 0.125164 0.694305 
vt 0.377808 0.727259 
vt 0.577318 0.341447 
vt 0.577326 0.292649 
vt 0.832201 0.341452 
vt 0.832201 0.29266 
vt 0.883097 0.678613 
vt 0.630453 0.714705 
vt 0.883097 0.714705 
vt 0.630453 0.678613 
vt 0.883097 0.678613 
vt 0.630453 0.642521 
vt 0.883097 0.642521 
vt 0.680518 0.732873 
vt 0.891339 0.732873 
vt 0.680518 0.690767 
vt 0.891339 0.77279 
vt 0.883097 0.677169 
vt 0.883097 0.707487 
vt 0.630453 0.707487 
vt 0.630453 0.677169 
vt 0.883097 0.727259 
vt 0.630453 0.694305 
vt 0.883097 0.694305 
vt 0.630453 0.727259 
vt 0.630453 0.694305 
vt 0.883097 0.661351 
vt 0.630453 0.661351 
vt 0.630453 0.628398 
vt 0.883097 0.661351 
vt 0.883097 0.628398 
vt 0.74283 0.826277 
vt 0.74283 0.751284 
vt 0.565779 0.781985 
vt 0.565779 0.826277 
vt 0.739372 0.736393 
vt 0.739372 0.779743 
vt 0.566088 0.779743 
vt 0.566088 0.736393 
vt 0.739372 0.562993 
vt 0.739372 0.606343 
vt 0.566088 0.606343 
vt 0.566088 0.562993 
vt 0.566088 0.606343 
vt 0.739372 0.648229 
vt 0.258876 0.808291 
vt 0.469697 0.808291 
vt 0.258876 0.837151 
vt 0.258876 0.808291 
vt 0.469697 0.77279 
vt 0.258876 0.77279 
vt 0.832201 0.341452 
vt 0.577326 0.292649 
vt 0.577318 0.341447 
vt 0.832201 0.29266 
vt 0.739372 0.648229 
vt 0.566088 0.693043 
vt 0.566088 0.606343 
vt 0.739372 0.693043 
vt 0.764167 0.625335 
vt 0.551345 0.650188 
vt 0.764167 0.659093 
vt 0.551345 0.629941 
vt 0.136163 0.625278 
vt 0.136163 0.667584 
vt 0.40182 0.630817 
vt 0.40182 0.667584 
vt 0.74283 0.914861 
vt 0.565779 0.914861 
vt 0.74283 0.870569 
vt 0.565779 0.870569 
vt 0.565779 0.826277 
vt 0.74283 0.870569 
vt 0.74283 0.826277 
vt 0.565779 0.826277 
vt 0.74283 0.781984 
vt 0.565779 0.781985 
vt 0.392803 0.779743 
vt 0.219518 0.736393 
vt 0.392803 0.736393 
vt 0.219518 0.779743 
vt 0.891339 0.857147 
vt 0.680518 0.837151 
vt 0.680518 0.857147 
vt 0.891339 0.837151 
vt 0.680518 0.837151 
vt 0.680518 0.808291 
vt 0.566088 0.736393 
vt 0.566088 0.693043 
vt 0.739372 0.693043 
vt 0.739372 0.736393 
vt 0.125164 0.642521 
vt 0.377808 0.678613 
vt 0.377808 0.642521 
vt 0.125164 0.678613 
vt 0.377808 0.606429 
vt 0.125164 0.642521 
vt 0.125164 0.579486 
vt 0.167826 0.880225 
vt 0.219719 0.851486 
vt 0.125164 0.843906 
vt 0.377808 0.283044 
vt 0.377808 0.31822 
vt 0.125164 0.313361 
vt 0.125164 0.283044 
vt 0.40182 0.630817 
vt 0.40182 0.667584 
vt 0.136163 0.667584 
vt 0.136163 0.625278 
vt 0.630453 0.628398 
vt 0.630453 0.661351 
vt 0.883097 0.628398 
vt 0.883097 0.661351 
vt 0.680518 0.857147 
vt 0.680518 0.837151 
vt 0.891339 0.857147 
vt 0.565779 0.6934 
vt 0.74283 0.6934 
vt 0.74283 0.649108 
vt 0.565779 0.649108 
vt 0.630453 0.570337 
vt 0.630453 0.606429 
vt 0.883097 0.579486 
vt 0.883097 0.642521 
vt 0.630453 0.642521 
vt 0.883097 0.579486 
vt 0.630453 0.595444 
vt 0.630453 0.628398 
vt 0.883097 0.595444 
vt 0.883097 0.628398 
vt 0.125164 0.579486 
vt 0.377808 0.606429 
vt 0.377808 0.570337 
vt 0.883097 0.498152 
vt 0.630453 0.498152 
vt 0.883097 0.579486 
vt 0.630453 0.570337 
vt 0.125164 0.498153 
vt 0.377808 0.570337 
vt 0.377808 0.498153 
vt 0.125164 0.579486 
vt 0.40182 0.516852 
vt 0.667478 0.477004 
vt 0.667478 0.516852 
vt 0.40182 0.477004 
vt 0.40182 0.437155 
vt 0.667478 0.477004 
vt 0.667478 0.437155 
vt 0.933135 0.425027 
vt 0.667478 0.459678 
vt 0.933135 0.464231 
vt 0.667478 0.425027 
vt 0.630453 0.529537 
vt 0.630453 0.595444 
vt 0.883097 0.529537 
vt 0.883097 0.595444 
vt 0.258876 0.808291 
vt 0.469697 0.823563 
vt 0.469697 0.808291 
vt 0.258876 0.77279 
vt 0.74283 0.870569 
vt 0.565779 0.826277 
vt 0.565779 0.870569 
vt 0.74283 0.826277 
vt 0.469697 0.808291 
vt 0.469697 0.837151 
vt 0.258876 0.837151 
vt 0.258876 0.857147 
vt 0.377808 0.737804 
vt 0.125164 0.768121 
vt 0.377808 0.768121 
vt 0.125164 0.737804 
vt 0.125164 0.707487 
vt 0.377808 0.707487 
vt 0.630453 0.529537 
vt 0.883097 0.531175 
vt 0.883097 0.562183 
vt 0.630453 0.595444 
vt 0.630453 0.595444 
vt 0.883097 0.562183 
vt 0.883097 0.628398 
vt 0.630453 0.628398 
vt 0.883097 0.707487 
vt 0.883097 0.677169 
vt 0.630453 0.707487 
vt 0.630453 0.677169 
vt 0.883097 0.646852 
vt 0.630453 0.646852 
vt 0.883097 0.677169 
vt 0.883097 0.616534 
vt 0.630453 0.646852 
vt 0.630453 0.616534 
vt 0.764167 0.625335 
vt 0.764167 0.589448 
vt 0.551345 0.589448 
vt 0.551345 0.629941 
vt 0.739372 0.620793 
vt 0.739372 0.571663 
vt 0.566088 0.620793 
vt 0.566088 0.571663 
vt 0.883097 0.646852 
vt 0.883097 0.677169 
vt 0.630453 0.677169 
vt 0.630453 0.646852 
vt 0.125702 0.791915 
vt 0.338524 0.812162 
vt 0.338524 0.791915 
vt 0.125702 0.812162 
vt 0.338524 0.771669 
vt 0.125702 0.791915 
vt 0.125702 0.761944 
vt 0.566088 0.866444 
vt 0.739372 0.779743 
vt 0.739372 0.866444 
vt 0.566088 0.779743 
vt 0.125164 0.283044 
vt 0.377808 0.313361 
vt 0.377808 0.283044 
vt 0.125164 0.313361 
vt 0.125164 0.283044 
vt 0.377808 0.248066 
vt 0.125164 0.252727 
vt 0.630453 0.425968 
vt 0.883097 0.498152 
vt 0.883097 0.412932 
vt 0.630453 0.498152 
vt 0.74283 0.161894 
vt 0.565779 0.232562 
vt 0.74283 0.224824 
vt 0.125164 0.412932 
vt 0.377808 0.498153 
vt 0.377808 0.425968 
vt 0.125164 0.498153 
vt 0.565779 0.781985 
vt 0.74283 0.737692 
vt 0.74283 0.781984 
vt 0.565779 0.737692 
vt 0.565779 0.6934 
vt 0.74283 0.737692 
vt 0.74283 0.6934 
vt 0.136163 0.563631 
vt 0.136163 0.625278 
vt 0.40182 0.563631 
vt 0.40182 0.630817 
vt 0.219518 0.562993 
vt 0.392803 0.519643 
vt 0.392803 0.562993 
vt 0.219518 0.519643 
vt 0.125164 0.353784 
vt 0.377808 0.389876 
vt 0.377808 0.353784 
vt 0.125164 0.412932 
vt 0.377808 0.317692 
vt 0.125164 0.353784 
vt 0.125164 0.317692 
vt 0.219518 0.866444 
vt 0.392803 0.866444 
vt 0.392803 0.817313 
vt 0.40182 0.54667 
vt 0.136163 0.563631 
vt 0.40182 0.563631 
vt 0.136163 0.54667 
vt 0.764167 0.2655 
vt 0.551345 0.245253 
vt 0.551345 0.2655 
vt 0.764167 0.235312 
vt 0.377808 0.661351 
vt 0.125164 0.694305 
vt 0.377808 0.694305 
vt 0.125164 0.661351 
vt 0.377808 0.661351 
vt 0.125164 0.628398 
vt 0.377808 0.628398 
vt 0.125164 0.430676 
vt 0.377808 0.44551 
vt 0.377808 0.430676 
vt 0.125164 0.46363 
vt 0.40182 0.556701 
vt 0.667478 0.516852 
vt 0.667478 0.556701 
vt 0.40182 0.516852 
vt 0.883097 0.412932 
vt 0.883097 0.353784 
vt 0.630453 0.389876 
vt 0.630453 0.353784 
vt 0.883097 0.353784 
vt 0.630453 0.317692 
vt 0.883097 0.317692 
vt 0.40182 0.563631 
vt 0.40182 0.630817 
vt 0.136163 0.625278 
vt 0.136163 0.563631 
vt 0.144404 0.873459 
vt 0.125164 0.843906 
vt 0.195691 0.855361 
vt 0.125164 0.283044 
vt 0.377808 0.244846 
vt 0.377808 0.283044 
vt 0.125164 0.244878 
vt 0.125164 0.206132 
vt 0.377808 0.244846 
vt 0.739372 0.428197 
vt 0.566088 0.571663 
vt 0.739372 0.571663 
vt 0.566088 0.473403 
vt 0.764215 0.864808 
vt 0.571805 0.830366 
vt 0.764215 0.830366 
vt 0.571805 0.795924 
vt 0.764215 0.830366 
vt 0.764215 0.795924 
vt 0.571805 0.795924 
vt 0.764215 0.761482 
vt 0.571805 0.761482 
vt 0.40182 0.54667 
vt 0.136163 0.563631 
vt 0.136163 0.54667 
vt 0.40182 0.563631 
vt 0.891339 0.690766 
vt 0.680518 0.648694 
vt 0.891339 0.648694 
vt 0.680518 0.690767 
vt 0.891339 0.690766 
vt 0.891339 0.732873 
vt 0.630453 0.46363 
vt 0.630453 0.529537 
vt 0.883097 0.46363 
vt 0.883097 0.529537 
vt 0.739372 0.476293 
vt 0.566088 0.476293 
vt 0.739372 0.439228 
vt 0.739372 0.476293 
vt 0.566088 0.519643 
vt 0.739372 0.519643 
vt 0.566088 0.562993 
vt 0.739372 0.562993 
vt 0.566088 0.519643 
vt 0.173012 0.31932 
vt 0.173012 0.276433 
vt 0.368553 0.276433 
vt 0.368553 0.32327 
vt 0.125164 0.430676 
vt 0.377808 0.430676 
vt 0.377808 0.44551 
vt 0.125164 0.46363 
vt 0.338524 0.771669 
vt 0.338524 0.751422 
vt 0.125702 0.761944 
vt 0.373847 0.324632 
vt 0.373847 0.278024 
vt 0.20301 0.320701 
vt 0.20301 0.278024 
vt 0.125164 0.595444 
vt 0.377808 0.628398 
vt 0.377808 0.595444 
vt 0.125164 0.628398 
vt 0.258876 0.77279 
vt 0.469697 0.732873 
vt 0.469697 0.77279 
vt 0.258876 0.732873 
vt 0.125702 0.731175 
vt 0.338524 0.751422 
vt 0.338524 0.731175 
vt 0.125702 0.761944 
vt 0.338524 0.710928 
vt 0.125702 0.731175 
vt 0.125702 0.703774 
vt 0.883097 0.586217 
vt 0.883097 0.525583 
vt 0.630453 0.586217 
vt 0.630453 0.525583 
vt 0.469697 0.857147 
vt 0.258876 0.837151 
vt 0.258876 0.857147 
vt 0.469697 0.837151 
vt 0.258876 0.837151 
vt 0.469697 0.823563 
vt 0.258876 0.808291 
vt 0.630453 0.464948 
vt 0.883097 0.43463 
vt 0.630453 0.434631 
vt 0.883097 0.404313 
vt 0.630453 0.434631 
vt 0.630453 0.404313 
vt 0.551345 0.832409 
vt 0.551345 0.852656 
vt 0.764167 0.832409 
vt 0.764167 0.812162 
vt 0.551345 0.832409 
vt 0.551345 0.812162 
vt 0.764215 0.795924 
vt 0.764215 0.761482 
vt 0.571805 0.761482 
vt 0.571805 0.795924 
vt 0.764215 0.72704 
vt 0.571805 0.761482 
vt 0.571805 0.72704 
vt 0.40182 0.397307 
vt 0.667478 0.437155 
vt 0.40182 0.437155 
vt 0.667478 0.397307 
vt 0.40182 0.397307 
vt 0.667478 0.357458 
vt 0.40182 0.357458 
vt 0.551345 0.2655 
vt 0.764167 0.285747 
vt 0.764167 0.2655 
vt 0.551345 0.285747 
vt 0.571805 0.756044 
vt 0.764215 0.719789 
vt 0.764215 0.756044 
vt 0.571805 0.719789 
vt 0.630453 0.464948 
vt 0.630453 0.434631 
vt 0.883097 0.43463 
vt 0.630453 0.434631 
vt 0.883097 0.404313 
vt 0.630453 0.404313 
vt 0.764215 0.719789 
vt 0.571805 0.756044 
vt 0.764215 0.756044 
vt 0.571805 0.719789 
vt 0.883097 0.430676 
vt 0.630453 0.46363 
vt 0.630453 0.430676 
vt 0.883097 0.46363 
vt 0.883097 0.531175 
vt 0.630453 0.46363 
vt 0.630453 0.529537 
vt 0.883097 0.397722 
vt 0.630453 0.430676 
vt 0.630453 0.397722 
vt 0.883097 0.430676 
vt 0.258876 0.77279 
vt 0.469697 0.808291 
vt 0.469697 0.77279 
vt 0.469697 0.732873 
vt 0.392803 0.669923 
vt 0.219518 0.719053 
vt 0.392803 0.719053 
vt 0.219518 0.669923 
vt 0.219518 0.620793 
vt 0.392803 0.669923 
vt 0.392803 0.620793 
vt 0.125702 0.703774 
vt 0.338524 0.670435 
vt 0.125702 0.659093 
vt 0.338524 0.690682 
vt 0.630453 0.430676 
vt 0.883097 0.397722 
vt 0.630453 0.397722 
vt 0.883097 0.430676 
vt 0.883097 0.616534 
vt 0.883097 0.646852 
vt 0.630453 0.646852 
vt 0.630453 0.616534 
vt 0.571805 0.761482 
vt 0.764215 0.72704 
vt 0.764215 0.761482 
vt 0.571805 0.72704 
vt 0.40182 0.59655 
vt 0.667478 0.556701 
vt 0.667478 0.59655 
vt 0.40182 0.556701 
vt 0.883097 0.616534 
vt 0.883097 0.586217 
vt 0.630453 0.616534 
vt 0.630453 0.586217 
vt 0.377808 0.694305 
vt 0.125164 0.694305 
vt 0.377808 0.661351 
vt 0.125164 0.661351 
vt 0.377808 0.661351 
vt 0.125164 0.628398 
vt 0.377808 0.628398 
vt 0.377808 0.595444 
vt 0.125164 0.628398 
vt 0.125164 0.562183 
vt 0.219518 0.519643 
vt 0.392803 0.476293 
vt 0.392803 0.519643 
vt 0.219518 0.476293 
vt 0.392803 0.439228 
vt 0.219518 0.439228 
vt 0.392803 0.476293 
vt 0.338524 0.670435 
vt 0.338524 0.650188 
vt 0.125702 0.659093 
vt 0.377808 0.529537 
vt 0.377808 0.595444 
vt 0.125164 0.562183 
vt 0.125164 0.531175 
vt 0.565779 0.294771 
vt 0.74283 0.261465 
vt 0.566032 0.262917 
vt 0.74283 0.299902 
vt 0.565779 0.232562 
vt 0.74283 0.261465 
vt 0.74283 0.224824 
vt 0.764167 0.589448 
vt 0.764167 0.569201 
vt 0.551345 0.569201 
vt 0.551345 0.589448 
vt 0.57731 0.391963 
vt 0.577318 0.341447 
vt 0.832201 0.391963 
vt 0.832201 0.341452 
vt 0.211677 0.870569 
vt 0.388728 0.833511 
vt 0.388728 0.879428 
vt 0.388728 0.865263 
vt 0.211677 0.826277 
vt 0.211677 0.870569 
vt 0.125702 0.625335 
vt 0.125702 0.659093 
vt 0.338524 0.650188 
vt 0.338524 0.629941 
vt 0.258876 0.732873 
vt 0.258876 0.77279 
vt 0.469697 0.732873 
vt 0.469697 0.712362 
vt 0.74283 0.604816 
vt 0.565779 0.649108 
vt 0.74283 0.649108 
vt 0.565779 0.604816 
vt 0.565779 0.548149 
vt 0.74283 0.604816 
vt 0.74283 0.560524 
vt 0.764215 0.830366 
vt 0.764215 0.864808 
vt 0.571805 0.830366 
vt 0.571805 0.864808 
vt 0.764215 0.830366 
vt 0.571805 0.795924 
vt 0.764215 0.795924 
vt 0.571805 0.795924 
vt 0.764215 0.761482 
vt 0.571805 0.761482 
vt 0.832201 0.391963 
vt 0.577318 0.341447 
vt 0.57731 0.391963 
vt 0.832201 0.341452 
vt 0.377808 0.46363 
vt 0.377808 0.44551 
vt 0.125164 0.46363 
vt 0.125164 0.529537 
vt 0.377808 0.46363 
vt 0.377808 0.529537 
vt 0.125164 0.529537 
vt 0.377808 0.595444 
vt 0.125164 0.595444 
vt 0.764215 0.756044 
vt 0.571805 0.792299 
vt 0.764215 0.800005 
vt 0.571805 0.756044 
vt 0.74283 0.914861 
vt 0.565779 0.870569 
vt 0.565779 0.914861 
vt 0.74283 0.870569 
vt 0.211677 0.826277 
vt 0.388728 0.73321 
vt 0.211677 0.751284 
vt 0.388728 0.865263 
vt 0.221851 0.109639 
vt 0.221851 0.056209 
vt 0.387945 0.098215 
vt 0.338524 0.710928 
vt 0.338524 0.690682 
vt 0.125702 0.703774 
vt 0.571805 0.792299 
vt 0.764215 0.756044 
vt 0.764215 0.800005 
vt 0.571805 0.756044 
vt 0.764215 0.72704 
vt 0.571805 0.761482 
vt 0.571805 0.72704 
vt 0.764215 0.761482 
vt 0.221851 0.109639 
vt 0.387945 0.098215 
vt 0.221851 0.056209 
vt 0.739372 0.428197 
vt 0.566088 0.424273 
vt 0.566088 0.473403 
vt 0.739372 0.375143 
vt 0.566088 0.424273 
vt 0.566088 0.375143 
vt 0.469697 0.690767 
vt 0.258876 0.732873 
vt 0.469697 0.712362 
vt 0.258876 0.690767 
vt 0.258876 0.648695 
vt 0.469697 0.690767 
vt 0.468979 0.655994 
vt 0.883097 0.525583 
vt 0.883097 0.554665 
vt 0.630453 0.586217 
vt 0.630453 0.525583 
vt 0.883097 0.616534 
vt 0.630453 0.616534 
vt 0.883097 0.586217 
vt 0.630453 0.586217 
vt 0.883097 0.554665 
vt 0.883097 0.586217 
vt 0.125164 0.412932 
vt 0.377808 0.425968 
vt 0.377808 0.389876 
vt 0.374155 0.395987 
vt 0.374155 0.427001 
vt 0.174442 0.408363 
vt 0.258876 0.857147 
vt 0.469697 0.837151 
vt 0.469697 0.857147 
vt 0.630453 0.425968 
vt 0.883097 0.412932 
vt 0.630453 0.389876 
vt 0.739372 0.389593 
vt 0.739372 0.439228 
vt 0.566088 0.476293 
vt 0.566088 0.389593 
vt 0.680518 0.648694 
vt 0.891339 0.690766 
vt 0.891339 0.648694 
vt 0.680518 0.690767 
vt 0.891339 0.732873 
vt 0.891339 0.690766 
vt 0.680518 0.608882 
vt 0.680518 0.648694 
vt 0.891339 0.608882 
vt 0.891339 0.608882 
vt 0.680518 0.573555 
vt 0.891339 0.573555 
vt 0.392803 0.866444 
vt 0.219518 0.779743 
vt 0.392803 0.779743 
vt 0.219518 0.866444 
vt 0.883097 0.430676 
vt 0.630453 0.430676 
vt 0.630453 0.46363 
vt 0.883097 0.46363 
vt 0.40182 0.459678 
vt 0.136163 0.481297 
vt 0.40182 0.477944 
vt 0.136163 0.464231 
vt 0.377808 0.46363 
vt 0.125164 0.46363 
vt 0.377808 0.44551 
vt 0.377808 0.529537 
vt 0.125164 0.46363 
vt 0.125164 0.531175 
vt 0.74283 0.299902 
vt 0.565779 0.294771 
vt 0.565779 0.376061 
vt 0.40182 0.636398 
vt 0.667478 0.59655 
vt 0.667478 0.636398 
vt 0.40182 0.59655 
vt 0.891339 0.648694 
vt 0.680518 0.608882 
vt 0.891339 0.608882 
vt 0.680518 0.648694 
vt 0.377808 0.248066 
vt 0.125164 0.201746 
vt 0.125164 0.252727 
vt 0.40182 0.459678 
vt 0.136163 0.481297 
vt 0.136163 0.464231 
vt 0.40182 0.477944 
vt 0.739372 0.227753 
vt 0.566088 0.326013 
vt 0.739372 0.326013 
vt 0.566088 0.227753 
vt 0.764167 0.569201 
vt 0.764167 0.548954 
vt 0.551345 0.548954 
vt 0.551345 0.569201 
vt 0.571503 0.535547 
vt 0.349227 0.472787 
vt 0.349227 0.535547 
vt 0.571503 0.472787 
vt 0.174442 0.431947 
vt 0.174442 0.408363 
vt 0.374155 0.427001 
vt 0.368553 0.244468 
vt 0.368553 0.276433 
vt 0.173012 0.276433 
vt 0.173012 0.244468 
vt 0.173012 0.212504 
vt 0.368553 0.244468 
vt 0.764215 0.683535 
vt 0.571805 0.719789 
vt 0.571805 0.683535 
vt 0.764215 0.719789 
vt 0.571805 0.64728 
vt 0.764215 0.683535 
vt 0.764215 0.64728 
vt 0.377808 0.707487 
vt 0.125164 0.677169 
vt 0.377808 0.677169 
vt 0.125164 0.707487 
vt 0.74126 0.196662 
vt 0.540423 0.176815 
vt 0.540423 0.224581 
vt 0.764215 0.683535 
vt 0.571805 0.719789 
vt 0.764215 0.719789 
vt 0.571805 0.683535 
vt 0.571805 0.64728 
vt 0.764215 0.64728 
vt 0.74283 0.6934 
vt 0.565779 0.632632 
vt 0.74283 0.649108 
vt 0.565779 0.6934 
vt 0.211677 0.751284 
vt 0.388728 0.676276 
vt 0.211677 0.6934 
vt 0.388728 0.73321 
vt 0.764215 0.300948 
vt 0.571545 0.272884 
vt 0.764215 0.273408 
vt 0.571805 0.299993 
vt 0.74283 0.527664 
vt 0.565779 0.560524 
vt 0.565779 0.518765 
vt 0.74283 0.571298 
vt 0.219518 0.439228 
vt 0.392803 0.389593 
vt 0.392803 0.439228 
vt 0.219518 0.389593 
vt 0.211677 0.914861 
vt 0.388728 0.914861 
vt 0.388728 0.893022 
vt 0.211677 0.870569 
vt 0.565779 0.478775 
vt 0.74283 0.485878 
vt 0.74283 0.527664 
vt 0.565779 0.518765 
vt 0.74283 0.479491 
vt 0.74283 0.446267 
vt 0.565779 0.445688 
vt 0.74283 0.404017 
vt 0.565779 0.445688 
vt 0.373847 0.278024 
vt 0.373847 0.246216 
vt 0.20301 0.278024 
vt 0.20301 0.246216 
vt 0.373847 0.246216 
vt 0.20301 0.214408 
vt 0.764215 0.300948 
vt 0.764215 0.273408 
vt 0.571545 0.272884 
vt 0.571805 0.299993 
vt 0.764215 0.795924 
vt 0.571805 0.795924 
vt 0.764215 0.830366 
vt 0.571805 0.830366 
vt 0.211677 0.870569 
vt 0.388728 0.893022 
vt 0.388728 0.865263 
vt 0.739372 0.375143 
vt 0.739372 0.326013 
vt 0.566088 0.375143 
vt 0.566088 0.326013 
vt 0.74283 0.571298 
vt 0.565779 0.632632 
vt 0.565779 0.560524 
vt 0.74283 0.649108 
vt 0.565779 0.632632 
vt 0.74283 0.571298 
vt 0.74283 0.404017 
vt 0.74283 0.299902 
vt 0.565779 0.376061 
vt 0.565779 0.376061 
vt 0.565779 0.445688 
vt 0.764215 0.273408 
vt 0.764215 0.248479 
vt 0.571805 0.24848 
vt 0.571545 0.272884 
vt 0.764215 0.800005 
vt 0.571805 0.792299 
vt 0.571805 0.828553 
vt 0.74283 0.560524 
vt 0.74283 0.479491 
vt 0.565779 0.548149 
vt 0.174442 0.431947 
vt 0.374155 0.458015 
vt 0.174442 0.467746 
vt 0.374155 0.427001 
vt 0.55404 0.37226 
vt 0.55404 0.456644 
vt 0.720134 0.455526 
vt 0.720134 0.359381 
vt 0.55404 0.302183 
vt 0.55404 0.37226 
vt 0.720134 0.359381 
vt 0.720134 0.279537 
vt 0.125164 0.434631 
vt 0.377808 0.434631 
vt 0.125164 0.464948 
vt 0.377808 0.464948 
vt 0.125164 0.404313 
vt 0.377808 0.434631 
vt 0.377808 0.404313 
vt 0.74283 0.479491 
vt 0.565779 0.445688 
vt 0.565779 0.548149 
vt 0.764215 0.800005 
vt 0.571805 0.828553 
vt 0.571805 0.792299 
vt 0.764215 0.692598 
vt 0.571805 0.72704 
vt 0.571805 0.692598 
vt 0.764215 0.72704 
vt 0.377808 0.525583 
vt 0.377808 0.512513 
vt 0.125164 0.525583 
vt 0.125164 0.586217 
vt 0.377808 0.525583 
vt 0.377808 0.594065 
vt 0.40182 0.52898 
vt 0.136163 0.54667 
vt 0.40182 0.54667 
vt 0.136163 0.52898 
vt 0.136163 0.481297 
vt 0.40182 0.477944 
vt 0.469697 0.690767 
vt 0.258876 0.732873 
vt 0.258876 0.690767 
vt 0.469697 0.732873 
vt 0.258876 0.648695 
vt 0.469697 0.690767 
vt 0.469697 0.648694 
vt 0.125164 0.677169 
vt 0.377808 0.707487 
vt 0.377808 0.677169 
vt 0.125164 0.707487 
vt 0.305197 0.158721 
vt 0.377808 0.192092 
vt 0.125164 0.206132 
vt 0.891339 0.608882 
vt 0.680518 0.573555 
vt 0.891339 0.573555 
vt 0.680518 0.608882 
vt 0.571805 0.72704 
vt 0.764215 0.692598 
vt 0.764215 0.72704 
vt 0.571805 0.692598 
vt 0.20301 0.320701 
vt 0.373847 0.373447 
vt 0.373847 0.324632 
vt 0.20301 0.393877 
vt 0.40182 0.52898 
vt 0.136163 0.54667 
vt 0.136163 0.52898 
vt 0.40182 0.54667 
vt 0.136163 0.481297 
vt 0.40182 0.52898 
vt 0.40182 0.477944 
vt 0.551345 0.285747 
vt 0.764167 0.305994 
vt 0.764167 0.285747 
vt 0.551345 0.305994 
vt 0.377808 0.434631 
vt 0.125164 0.434631 
vt 0.125164 0.464948 
vt 0.377808 0.464948 
vt 0.377808 0.49428 
vt 0.125164 0.464948 
vt 0.377808 0.434631 
vt 0.125164 0.404313 
vt 0.377808 0.404313 
vt 0.388728 0.748142 
vt 0.211677 0.781985 
vt 0.211677 0.737692 
vt 0.173012 0.31932 
vt 0.368553 0.372326 
vt 0.173012 0.392857 
vt 0.368553 0.32327 
vt 0.388728 0.676276 
vt 0.211677 0.649108 
vt 0.211677 0.6934 
vt 0.764215 0.692598 
vt 0.571805 0.72704 
vt 0.764215 0.72704 
vt 0.571805 0.692598 
vt 0.377808 0.677169 
vt 0.125164 0.646852 
vt 0.377808 0.646852 
vt 0.125164 0.677169 
vt 0.211677 0.737692 
vt 0.388728 0.6934 
vt 0.388728 0.748142 
vt 0.211677 0.6934 
vt 0.551345 0.528708 
vt 0.764167 0.548954 
vt 0.764167 0.528708 
vt 0.551345 0.548954 
vt 0.379396 0.756044 
vt 0.571805 0.774171 
vt 0.571805 0.756044 
vt 0.379396 0.774171 
vt 0.764215 0.412737 
vt 0.764215 0.443525 
vt 0.571805 0.429753 
vt 0.571503 0.454856 
vt 0.79378 0.48773 
vt 0.571503 0.48773 
vt 0.79378 0.454856 
vt 0.667478 0.277761 
vt 0.40182 0.357458 
vt 0.40182 0.277761 
vt 0.667478 0.357458 
vt 0.739372 0.203479 
vt 0.566088 0.227753 
vt 0.739372 0.227753 
vt 0.566088 0.203479 
vt 0.211677 0.826277 
vt 0.211677 0.781985 
vt 0.388728 0.833511 
vt 0.388728 0.748142 
vt 0.125164 0.646852 
vt 0.377808 0.677169 
vt 0.377808 0.646852 
vt 0.125164 0.677169 
vt 0.377808 0.633323 
vt 0.125164 0.646852 
vt 0.388728 0.879428 
vt 0.388728 0.900375 
vt 0.211677 0.870569 
vt 0.764215 0.412737 
vt 0.571805 0.429753 
vt 0.764215 0.443525 
vt 0.883097 0.464948 
vt 0.883097 0.43463 
vt 0.630453 0.464948 
vt 0.630453 0.525583 
vt 0.883097 0.464948 
vt 0.883097 0.525583 
vt 0.883097 0.464948 
vt 0.630453 0.464948 
vt 0.883097 0.43463 
vt 0.630453 0.525583 
vt 0.883097 0.464948 
vt 0.883097 0.525583 
vt 0.211677 0.914861 
vt 0.388728 0.900375 
vt 0.388728 0.914861 
vt 0.211677 0.870569 
vt 0.544778 0.443512 
vt 0.703745 0.424512 
vt 0.544778 0.424512 
vt 0.703745 0.443512 
vt 0.544778 0.387844 
vt 0.703745 0.387844 
vt 0.338524 0.832409 
vt 0.125702 0.832409 
vt 0.125702 0.852656 
vt 0.338524 0.832409 
vt 0.125702 0.812162 
vt 0.338524 0.812162 
vt 0.891339 0.573555 
vt 0.680518 0.544937 
vt 0.891339 0.544937 
vt 0.680518 0.573555 
vt 0.571503 0.537639 
vt 0.79378 0.520604 
vt 0.79378 0.537639 
vt 0.571503 0.520604 
vt 0.571503 0.48773 
vt 0.79378 0.48773 
vt 0.571805 0.368657 
vt 0.571805 0.429753 
vt 0.764215 0.412737 
vt 0.764215 0.368182 
vt 0.468979 0.655994 
vt 0.555137 0.584518 
vt 0.258876 0.608882 
vt 0.258876 0.648695 
vt 0.388728 0.676276 
vt 0.388728 0.604816 
vt 0.211677 0.649108 
vt 0.211677 0.604816 
vt 0.764215 0.368182 
vt 0.571805 0.299993 
vt 0.764215 0.300948 
vt 0.571805 0.368657 
vt 0.392803 0.620793 
vt 0.392803 0.571663 
vt 0.219518 0.571663 
vt 0.219518 0.620793 
vt 0.392803 0.473403 
vt 0.219518 0.571663 
vt 0.219518 0.428197 
vt 0.377808 0.188886 
vt 0.125164 0.201746 
vt 0.377808 0.248066 
vt 0.74126 0.129048 
vt 0.540423 0.176815 
vt 0.74126 0.196662 
vt 0.540423 0.129048 
vt 0.349227 0.410028 
vt 0.571503 0.472787 
vt 0.571503 0.410028 
vt 0.349227 0.472787 
vt 0.74283 0.400765 
vt 0.565779 0.478775 
vt 0.565779 0.396805 
vt 0.74283 0.485878 
vt 0.571503 0.598307 
vt 0.349227 0.535547 
vt 0.349227 0.598307 
vt 0.571503 0.535547 
vt 0.571805 0.299993 
vt 0.764215 0.368182 
vt 0.764215 0.300948 
vt 0.571805 0.368657 
vt 0.377808 0.525583 
vt 0.377808 0.554011 
vt 0.125164 0.554665 
vt 0.125164 0.525583 
vt 0.374155 0.458015 
vt 0.374155 0.489029 
vt 0.174442 0.467746 
vt 0.764215 0.368182 
vt 0.764215 0.412737 
vt 0.571805 0.368657 
vt 0.571805 0.429753 
vt 0.764215 0.443525 
vt 0.571805 0.429753 
vt 0.571805 0.501328 
vt 0.40182 0.676247 
vt 0.667478 0.636398 
vt 0.667478 0.676247 
vt 0.40182 0.636398 
vt 0.544778 0.351176 
vt 0.544778 0.387844 
vt 0.703745 0.387844 
vt 0.703745 0.351176 
vt 0.125164 0.206132 
vt 0.377808 0.192092 
vt 0.377808 0.244846 
vt 0.377808 0.616534 
vt 0.377808 0.594065 
vt 0.125164 0.616534 
vt 0.125164 0.616534 
vt 0.377808 0.633323 
vt 0.125164 0.646852 
vt 0.40182 0.477004 
vt 0.667478 0.420077 
vt 0.667478 0.477004 
vt 0.40182 0.420077 
vt 0.720134 0.486897 
vt 0.55404 0.456644 
vt 0.55404 0.487456 
vt 0.720134 0.455526 
vt 0.571805 0.792299 
vt 0.379396 0.774171 
vt 0.379396 0.792299 
vt 0.571805 0.774171 
vt 0.571805 0.774959 
vt 0.764215 0.74501 
vt 0.764215 0.774959 
vt 0.571805 0.74501 
vt 0.571805 0.804909 
vt 0.764215 0.774959 
vt 0.764215 0.804909 
vt 0.571805 0.774959 
vt 0.373847 0.373447 
vt 0.20301 0.393877 
vt 0.373847 0.420582 
vt 0.571805 0.864808 
vt 0.764215 0.864808 
vt 0.764215 0.800005 
vt 0.571805 0.828553 
vt 0.469697 0.608882 
vt 0.469697 0.648694 
vt 0.258876 0.608882 
vt 0.258876 0.648695 
vt 0.368553 0.372326 
vt 0.368553 0.419693 
vt 0.173012 0.392857 
vt 0.764215 0.443525 
vt 0.571805 0.501328 
vt 0.571805 0.429753 
vt 0.764215 0.502262 
vt 0.571805 0.501328 
vt 0.377808 0.554011 
vt 0.377808 0.586217 
vt 0.125164 0.586217 
vt 0.125164 0.554665 
vt 0.377808 0.615821 
vt 0.125164 0.586217 
vt 0.125164 0.616534 
vt 0.377808 0.615821 
vt 0.377808 0.646852 
vt 0.125164 0.616534 
vt 0.125164 0.646852 
vt 0.388728 0.6934 
vt 0.211677 0.6934 
vt 0.388728 0.649108 
vt 0.211677 0.649108 
vt 0.388728 0.623825 
vt 0.388728 0.649108 
vt 0.739372 0.129493 
vt 0.566088 0.178623 
vt 0.739372 0.178623 
vt 0.566088 0.203479 
vt 0.739372 0.178623 
vt 0.739372 0.203479 
vt 0.40182 0.533931 
vt 0.667478 0.477004 
vt 0.667478 0.53393 
vt 0.40182 0.477004 
vt 0.739372 0.346243 
vt 0.566088 0.389593 
vt 0.566088 0.346243 
vt 0.739372 0.389593 
vt 0.566088 0.302893 
vt 0.739372 0.346243 
vt 0.739372 0.302893 
vt 0.211677 0.261465 
vt 0.388728 0.23341 
vt 0.211677 0.224824 
vt 0.388412 0.267932 
vt 0.764215 0.64728 
vt 0.764215 0.608756 
vt 0.571805 0.6042 
vt 0.571805 0.64728 
vt 0.764215 0.502262 
vt 0.764215 0.443525 
vt 0.571805 0.501328 
vt 0.387931 0.146951 
vt 0.221851 0.109639 
vt 0.221914 0.152761 
vt 0.387945 0.098215 
vt 0.764215 0.64728 
vt 0.571805 0.6042 
vt 0.764215 0.608756 
vt 0.571805 0.64728 
vt 0.571805 0.538516 
vt 0.571805 0.6042 
vt 0.764215 0.538516 
vt 0.388728 0.161894 
vt 0.211677 0.224824 
vt 0.388728 0.23341 
vt 0.377808 0.49428 
vt 0.125164 0.525583 
vt 0.377808 0.512513 
vt 0.125164 0.464948 
vt 0.667478 0.687967 
vt 0.667478 0.641086 
vt 0.40182 0.641086 
vt 0.40182 0.687967 
vt 0.764215 0.658157 
vt 0.571805 0.692598 
vt 0.571805 0.658157 
vt 0.764215 0.692598 
vt 0.221851 0.109639 
vt 0.387931 0.146951 
vt 0.221914 0.152761 
vt 0.387945 0.098215 
vt 0.551345 0.508461 
vt 0.764167 0.528708 
vt 0.764167 0.503552 
vt 0.551345 0.528708 
vt 0.36932 0.333959 
vt 0.374155 0.364973 
vt 0.174442 0.364973 
vt 0.374155 0.395987 
vt 0.174442 0.364973 
vt 0.174442 0.408363 
vt 0.667478 0.363151 
vt 0.40182 0.420077 
vt 0.40182 0.363151 
vt 0.667478 0.420077 
vt 0.571805 0.828553 
vt 0.764215 0.800005 
vt 0.571805 0.864808 
vt 0.764215 0.864808 
vt 0.258876 0.573555 
vt 0.555137 0.584518 
vt 0.555855 0.555625 
vt 0.258876 0.608882 
vt 0.125164 0.586217 
vt 0.125164 0.616534 
vt 0.377808 0.594065 
vt 0.388728 0.833511 
vt 0.211677 0.870569 
vt 0.211677 0.826277 
vt 0.571805 0.24848 
vt 0.764215 0.212225 
vt 0.764215 0.248479 
vt 0.571805 0.212225 
vt 0.571805 0.17597 
vt 0.764215 0.212225 
vt 0.764215 0.273408 
vt 0.571805 0.24848 
vt 0.571545 0.272884 
vt 0.764215 0.658157 
vt 0.571805 0.692598 
vt 0.764215 0.692598 
vt 0.571805 0.658157 
vt 0.544778 0.46118 
vt 0.703745 0.443512 
vt 0.544778 0.443512 
vt 0.703745 0.46118 
vt 0.392803 0.346243 
vt 0.392803 0.389593 
vt 0.219518 0.389593 
vt 0.219518 0.346243 
vt 0.219518 0.302893 
vt 0.392803 0.346243 
vt 0.392803 0.276211 
vt 0.891339 0.24716 
vt 0.680518 0.214015 
vt 0.680518 0.237134 
vt 0.891339 0.525249 
vt 0.680518 0.53384 
vt 0.891339 0.53384 
vt 0.680518 0.525249 
vt 0.571805 0.692598 
vt 0.764215 0.658157 
vt 0.764215 0.692598 
vt 0.571805 0.658157 
vt 0.571805 0.538516 
vt 0.764215 0.608756 
vt 0.764215 0.538516 
vt 0.571805 0.6042 
vt 0.667478 0.237912 
vt 0.40182 0.277761 
vt 0.40182 0.237912 
vt 0.667478 0.277761 
vt 0.40182 0.594206 
vt 0.667478 0.641086 
vt 0.667478 0.594206 
vt 0.40182 0.641086 
vt 0.571805 0.761482 
vt 0.764215 0.72704 
vt 0.571805 0.72704 
vt 0.764215 0.761482 
vt 0.759636 0.583536 
vt 0.564095 0.596076 
vt 0.564095 0.557229 
vt 0.764215 0.538516 
vt 0.571805 0.501328 
vt 0.764215 0.502262 
vt 0.571805 0.538516 
vt 0.392803 0.326013 
vt 0.219518 0.326013 
vt 0.392803 0.375143 
vt 0.219518 0.227753 
vt 0.392803 0.326013 
vt 0.392803 0.227753 
vt 0.39278 0.203491 
vt 0.219518 0.227753 
vt 0.219518 0.203479 
vt 0.832201 0.432695 
vt 0.57731 0.433941 
vt 0.57731 0.391963 
vt 0.832201 0.391963 
vt 0.764215 0.763169 
vt 0.571805 0.74501 
vt 0.571805 0.774959 
vt 0.680518 0.544937 
vt 0.891339 0.573555 
vt 0.891339 0.544937 
vt 0.680518 0.573555 
vt 0.891339 0.53384 
vt 0.680518 0.544937 
vt 0.680518 0.53384 
vt 0.388728 0.308662 
vt 0.388413 0.355683 
vt 0.211677 0.353705 
vt 0.211677 0.307624 
vt 0.667478 0.734848 
vt 0.40182 0.687967 
vt 0.40182 0.734848 
vt 0.667478 0.687967 
vt 0.680518 0.353636 
vt 0.891339 0.349829 
vt 0.891339 0.38257 
vt 0.680518 0.377042 
vt 0.174442 0.495011 
vt 0.174442 0.467746 
vt 0.374155 0.489029 
vt 0.764215 0.715061 
vt 0.571805 0.74501 
vt 0.571805 0.715061 
vt 0.764215 0.74501 
vt 0.571503 0.421982 
vt 0.79378 0.454856 
vt 0.571503 0.454856 
vt 0.79378 0.421982 
vt 0.571805 0.72704 
vt 0.764215 0.692598 
vt 0.571805 0.692598 
vt 0.764215 0.72704 
vt 0.759636 0.583536 
vt 0.564095 0.557229 
vt 0.759636 0.532147 
vt 0.540423 0.798468 
vt 0.74126 0.776784 
vt 0.540423 0.774989 
vt 0.715521 0.583622 
vt 0.544684 0.557444 
vt 0.544684 0.5961 
vt 0.832201 0.432695 
vt 0.57731 0.391963 
vt 0.57731 0.433941 
vt 0.832201 0.391963 
vt 0.571805 0.501328 
vt 0.764215 0.538516 
vt 0.764215 0.502262 
vt 0.571805 0.538516 
vt 0.667478 0.198063 
vt 0.40182 0.237912 
vt 0.40182 0.198063 
vt 0.667478 0.237912 
vt 0.377808 0.464948 
vt 0.377808 0.525583 
vt 0.125164 0.525583 
vt 0.125164 0.464948 
vt 0.551345 0.508461 
vt 0.764167 0.503552 
vt 0.551345 0.488214 
vt 0.379396 0.719789 
vt 0.571805 0.756044 
vt 0.571805 0.719789 
vt 0.379396 0.756044 
vt 0.571805 0.683535 
vt 0.379396 0.719789 
vt 0.379396 0.683535 
vt 0.571805 0.683535 
vt 0.379396 0.64728 
vt 0.571805 0.64728 
vt 0.55404 0.37226 
vt 0.720134 0.455526 
vt 0.55404 0.456644 
vt 0.720134 0.359381 
vt 0.715521 0.583622 
vt 0.715521 0.532485 
vt 0.544684 0.557444 
vt 0.565779 0.396805 
vt 0.565903 0.354377 
vt 0.74283 0.400765 
vt 0.74283 0.353705 
vt 0.067528 0.193919 
vt 0.322419 0.209993 
vt 0.067528 0.127904 
vt 0.667478 0.306224 
vt 0.40182 0.363151 
vt 0.40182 0.306224 
vt 0.667478 0.363151 
vt 0.571805 0.774959 
vt 0.571805 0.804909 
vt 0.764215 0.792749 
vt 0.764215 0.763169 
vt 0.392803 0.216193 
vt 0.392803 0.276211 
vt 0.219518 0.259543 
vt 0.219518 0.196717 
vt 0.067528 0.193919 
vt 0.067528 0.127904 
vt 0.322419 0.209993 
vt 0.58627 0.368554 
vt 0.58627 0.324248 
vt 0.386557 0.324248 
vt 0.386557 0.368554 
vt 0.58627 0.279942 
vt 0.386557 0.324248 
vt 0.55404 0.37226 
vt 0.55404 0.302183 
vt 0.720134 0.359381 
vt 0.720134 0.279537 
vt 0.338524 0.285747 
vt 0.338524 0.2655 
vt 0.125702 0.2655 
vt 0.125702 0.285747 
vt 0.338524 0.245253 
vt 0.125702 0.2655 
vt 0.125702 0.235312 
vt 0.377255 0.42079 
vt 0.576969 0.389776 
vt 0.576969 0.42079 
vt 0.377255 0.389776 
vt 0.377255 0.358762 
vt 0.576969 0.389776 
vt 0.392803 0.129493 
vt 0.219518 0.178623 
vt 0.392803 0.178623 
vt 0.219518 0.203479 
vt 0.392803 0.178623 
vt 0.39278 0.203491 
vt 0.392803 0.276211 
vt 0.219518 0.302893 
vt 0.219518 0.259543 
vt 0.211677 0.299902 
vt 0.388412 0.267932 
vt 0.211677 0.261465 
vt 0.388728 0.304096 
vt 0.125164 0.173822 
vt 0.377808 0.188886 
vt 0.125164 0.145898 
vt 0.388728 0.573069 
vt 0.388728 0.623825 
vt 0.211677 0.571299 
vt 0.211677 0.649108 
vt 0.211677 0.527664 
vt 0.211677 0.571299 
vt 0.388728 0.529793 
vt 0.629385 0.160586 
vt 0.40467 0.163171 
vt 0.629385 0.15523 
vt 0.576969 0.451804 
vt 0.576969 0.482818 
vt 0.377255 0.451804 
vt 0.377255 0.482818 
vt 0.377255 0.451804 
vt 0.576969 0.42079 
vt 0.377255 0.42079 
vt 0.76428 0.452317 
vt 0.564567 0.484963 
vt 0.564567 0.452317 
vt 0.76428 0.494258 
vt 0.564567 0.419671 
vt 0.76428 0.452317 
vt 0.76428 0.40052 
vt 0.40182 0.590857 
vt 0.667478 0.53393 
vt 0.667478 0.590857 
vt 0.40182 0.533931 
vt 0.891339 0.24716 
vt 0.680518 0.237134 
vt 0.680518 0.214015 
vt 0.388728 0.560524 
vt 0.211677 0.604816 
vt 0.388728 0.604816 
vt 0.211677 0.560524 
vt 0.388728 0.560524 
vt 0.388728 0.531626 
vt 0.258876 0.573555 
vt 0.552983 0.544064 
vt 0.258876 0.544937 
vt 0.680518 0.525249 
vt 0.891339 0.544937 
vt 0.680518 0.544937 
vt 0.891339 0.525249 
vt 0.680518 0.525249 
vt 0.891339 0.510428 
vt 0.680518 0.510428 
vt 0.258876 0.544937 
vt 0.552983 0.544064 
vt 0.535033 0.535852 
vt 0.76428 0.525893 
vt 0.564567 0.51761 
vt 0.76428 0.494258 
vt 0.564095 0.557229 
vt 0.564095 0.500183 
vt 0.759636 0.532147 
vt 0.759636 0.506172 
vt 0.667478 0.158215 
vt 0.40182 0.198063 
vt 0.40182 0.158215 
vt 0.667478 0.198063 
vt 0.667478 0.158215 
vt 0.40182 0.078517 
vt 0.125702 0.569201 
vt 0.125702 0.589448 
vt 0.338524 0.569201 
vt 0.338524 0.589448 
vt 0.338524 0.569201 
vt 0.338524 0.548955 
vt 0.125702 0.548955 
vt 0.125702 0.625335 
vt 0.338524 0.589448 
vt 0.338524 0.629941 
vt 0.338524 0.548955 
vt 0.125702 0.528708 
vt 0.338524 0.528708 
vt 0.338524 0.508461 
vt 0.125702 0.528708 
vt 0.125702 0.503552 
vt 0.125164 0.173822 
vt 0.125164 0.201746 
vt 0.377808 0.188886 
vt 0.40182 0.547325 
vt 0.667478 0.594206 
vt 0.667478 0.547325 
vt 0.40182 0.594206 
vt 0.667478 0.500444 
vt 0.40182 0.547325 
vt 0.40182 0.500444 
vt 0.667478 0.500444 
vt 0.40182 0.453563 
vt 0.667478 0.437063 
vt 0.392803 0.216193 
vt 0.219518 0.196717 
vt 0.219518 0.129493 
vt 0.566088 0.129493 
vt 0.739372 0.196716 
vt 0.566088 0.216193 
vt 0.125702 0.285747 
vt 0.338524 0.305994 
vt 0.338524 0.285747 
vt 0.125702 0.305994 
vt 0.74283 0.353705 
vt 0.565779 0.312804 
vt 0.74283 0.307624 
vt 0.565903 0.354377 
vt 0.552983 0.544064 
vt 0.258876 0.573555 
vt 0.555855 0.555625 
vt 0.764215 0.685111 
vt 0.571805 0.715061 
vt 0.571805 0.685111 
vt 0.764215 0.715061 
vt 0.571503 0.661067 
vt 0.349227 0.598307 
vt 0.349227 0.661067 
vt 0.571503 0.598307 
vt 0.544684 0.557444 
vt 0.715521 0.532485 
vt 0.544684 0.500677 
vt 0.715521 0.506637 
vt 0.739372 0.302893 
vt 0.566088 0.259543 
vt 0.739372 0.259543 
vt 0.566088 0.302893 
vt 0.571805 0.451505 
vt 0.571805 0.417063 
vt 0.764215 0.451505 
vt 0.764215 0.417063 
vt 0.067527 0.243683 
vt 0.32248 0.243039 
vt 0.322419 0.209993 
vt 0.067528 0.193919 
vt 0.544778 0.314508 
vt 0.544778 0.351176 
vt 0.703745 0.351176 
vt 0.703745 0.314508 
vt 0.74126 0.367881 
vt 0.74126 0.320114 
vt 0.540423 0.320114 
vt 0.540423 0.367881 
vt 0.540423 0.320114 
vt 0.74126 0.272348 
vt 0.540423 0.272348 
vt 0.74126 0.272348 
vt 0.540423 0.224581 
vt 0.74126 0.196662 
vt 0.566088 0.259543 
vt 0.566088 0.216193 
vt 0.739372 0.259543 
vt 0.739372 0.196716 
vt 0.067527 0.243683 
vt 0.067528 0.193919 
vt 0.322419 0.209993 
vt 0.32248 0.243039 
vt 0.571805 0.795924 
vt 0.764215 0.761482 
vt 0.571805 0.761482 
vt 0.764215 0.795924 
vt 0.571805 0.34818 
vt 0.764215 0.382622 
vt 0.764215 0.34818 
vt 0.571805 0.382622 
vt 0.764215 0.382622 
vt 0.764215 0.417063 
vt 0.571805 0.382622 
vt 0.571805 0.417063 
vt 0.571805 0.382622 
vt 0.764215 0.417063 
vt 0.764215 0.382622 
vt 0.571805 0.417063 
vt 0.764215 0.817675 
vt 0.571805 0.864808 
vt 0.764215 0.864808 
vt 0.571805 0.834858 
vt 0.76428 0.494258 
vt 0.564567 0.51761 
vt 0.564567 0.484963 
vt 0.667478 0.249297 
vt 0.40182 0.306224 
vt 0.40182 0.249297 
vt 0.667478 0.306224 
vt 0.386557 0.368554 
vt 0.58627 0.412859 
vt 0.58627 0.368554 
vt 0.386557 0.412859 
vt 0.784026 0.218466 
vt 0.728911 0.196857 
vt 0.584313 0.200083 
vt 0.764215 0.817675 
vt 0.571805 0.804909 
vt 0.571805 0.834858 
vt 0.891339 0.38257 
vt 0.680518 0.353636 
vt 0.680518 0.377042 
vt 0.891339 0.349829 
vt 0.784026 0.406737 
vt 0.584313 0.382518 
vt 0.584313 0.419005 
vt 0.784026 0.370647 
vt 0.764215 0.864808 
vt 0.571805 0.834858 
vt 0.764215 0.834858 
vt 0.571805 0.834858 
vt 0.764215 0.804909 
vt 0.571805 0.804909 
vt 0.125702 0.218448 
vt 0.125702 0.235312 
vt 0.338524 0.245253 
vt 0.680518 0.525249 
vt 0.891339 0.517803 
vt 0.680506 0.517803 
vt 0.891339 0.525249 
vt 0.891339 0.517803 
vt 0.680518 0.510428 
vt 0.891339 0.510428 
vt 0.680518 0.495608 
vt 0.680518 0.510428 
vt 0.379039 0.277068 
vt 0.186986 0.300948 
vt 0.379396 0.308446 
vt 0.186986 0.273408 
vt 0.764215 0.658157 
vt 0.571805 0.692598 
vt 0.764215 0.692598 
vt 0.571805 0.658157 
vt 0.764215 0.658157 
vt 0.571805 0.623715 
vt 0.764215 0.623715 
vt 0.571503 0.586353 
vt 0.571503 0.553479 
vt 0.79378 0.586353 
vt 0.79378 0.553479 
vt 0.571503 0.553479 
vt 0.79378 0.537639 
vt 0.571503 0.537639 
vt 0.764215 0.34818 
vt 0.764215 0.382622 
vt 0.571805 0.34818 
vt 0.571805 0.382622 
vt 0.571805 0.804909 
vt 0.764215 0.817675 
vt 0.764215 0.792749 
vt 0.258876 0.53384 
vt 0.258876 0.544937 
vt 0.535033 0.535852 
vt 0.502724 0.525249 
vt 0.258876 0.525249 
vt 0.258876 0.53384 
vt 0.502724 0.525249 
vt 0.469717 0.517803 
vt 0.667478 0.781729 
vt 0.40182 0.734848 
vt 0.40182 0.781729 
vt 0.667478 0.734848 
vt 0.764215 0.34818 
vt 0.571805 0.313738 
vt 0.764215 0.313738 
vt 0.571805 0.34818 
vt 0.571805 0.417063 
vt 0.764215 0.451505 
vt 0.764215 0.417063 
vt 0.571805 0.451505 
vt 0.386557 0.264305 
vt 0.386557 0.300792 
vt 0.186844 0.277657 
vt 0.186844 0.305194 
vt 0.186844 0.277657 
vt 0.764167 0.446732 
vt 0.764167 0.416317 
vt 0.551345 0.427474 
vt 0.551345 0.447721 
vt 0.891339 0.406841 
vt 0.680518 0.421504 
vt 0.680518 0.406684 
vt 0.891339 0.406841 
vt 0.680518 0.391863 
vt 0.891339 0.38257 
vt 0.764215 0.623715 
vt 0.571805 0.658157 
vt 0.571805 0.623715 
vt 0.764215 0.658157 
vt 0.571805 0.554831 
vt 0.764215 0.623715 
vt 0.764215 0.554831 
vt 0.571805 0.485947 
vt 0.571805 0.451505 
vt 0.764215 0.485947 
vt 0.764215 0.451505 
vt 0.55404 0.487456 
vt 0.55404 0.456644 
vt 0.720134 0.486897 
vt 0.720134 0.455526 
vt 0.74126 0.711738 
vt 0.540423 0.774989 
vt 0.74126 0.776784 
vt 0.540423 0.702246 
vt 0.764215 0.763169 
vt 0.571805 0.774959 
vt 0.571805 0.74501 
vt 0.764215 0.34818 
vt 0.764215 0.382622 
vt 0.571805 0.34818 
vt 0.571805 0.382622 
vt 0.764215 0.34818 
vt 0.571805 0.313738 
vt 0.571805 0.34818 
vt 0.764215 0.313738 
vt 0.764215 0.655162 
vt 0.571805 0.685111 
vt 0.571805 0.655162 
vt 0.764215 0.685111 
vt 0.564482 0.462625 
vt 0.390001 0.435788 
vt 0.564482 0.435788 
vt 0.390001 0.462625 
vt 0.390001 0.435788 
vt 0.564482 0.382116 
vt 0.390001 0.382116 
vt 0.390001 0.355279 
vt 0.564482 0.382116 
vt 0.564482 0.355279 
vt 0.764215 0.265819 
vt 0.571805 0.295768 
vt 0.571805 0.265819 
vt 0.764215 0.295768 
vt 0.571503 0.347268 
vt 0.349227 0.284508 
vt 0.349227 0.347268 
vt 0.571503 0.284508 
vt 0.764215 0.313738 
vt 0.764215 0.34818 
vt 0.571805 0.313738 
vt 0.571805 0.34818 
vt 0.564567 0.550256 
vt 0.76428 0.525893 
vt 0.76428 0.568927 
vt 0.564567 0.51761 
vt 0.571805 0.864808 
vt 0.764215 0.817675 
vt 0.764215 0.864808 
vt 0.571805 0.834858 
vt 0.571805 0.774959 
vt 0.764215 0.792749 
vt 0.571805 0.804909 
vt 0.764215 0.763169 
vt 0.186986 0.300948 
vt 0.186986 0.368182 
vt 0.379396 0.308446 
vt 0.379396 0.357243 
vt 0.571503 0.410028 
vt 0.349227 0.347268 
vt 0.349227 0.410028 
vt 0.571503 0.347268 
vt 0.764215 0.623715 
vt 0.571805 0.554831 
vt 0.571805 0.623715 
vt 0.764215 0.554831 
vt 0.571805 0.658157 
vt 0.764215 0.623715 
vt 0.764215 0.658157 
vt 0.764215 0.393309 
vt 0.571805 0.385616 
vt 0.764215 0.354715 
vt 0.764215 0.701912 
vt 0.571805 0.74501 
vt 0.764215 0.763169 
vt 0.571805 0.715061 
vt 0.764215 0.393309 
vt 0.571805 0.415566 
vt 0.764215 0.426021 
vt 0.571805 0.385616 
vt 0.764215 0.393309 
vt 0.764215 0.354715 
vt 0.571805 0.385616 
vt 0.571805 0.658157 
vt 0.764215 0.623715 
vt 0.764215 0.658157 
vt 0.571805 0.623715 
vt 0.571805 0.589273 
vt 0.764215 0.623715 
vt 0.764215 0.589273 
vt 0.571805 0.295768 
vt 0.764215 0.275235 
vt 0.764215 0.304013 
vt 0.571805 0.265819 
vt 0.186986 0.368182 
vt 0.186986 0.300948 
vt 0.379396 0.308446 
vt 0.379396 0.357243 
vt 0.891339 0.38257 
vt 0.680518 0.391863 
vt 0.680518 0.377042 
vt 0.384906 0.227818 
vt 0.386557 0.264305 
vt 0.186844 0.277657 
vt 0.211677 0.307624 
vt 0.388728 0.231397 
vt 0.388728 0.308662 
vt 0.211677 0.233195 
vt 0.571805 0.692598 
vt 0.379396 0.72704 
vt 0.379396 0.692598 
vt 0.571805 0.72704 
vt 0.764167 0.373349 
vt 0.764167 0.32624 
vt 0.551345 0.366734 
vt 0.551345 0.32624 
vt 0.764167 0.32624 
vt 0.551345 0.305994 
vt 0.764167 0.305994 
vt 0.764215 0.393309 
vt 0.571805 0.415566 
vt 0.571805 0.385616 
vt 0.764215 0.426021 
vt 0.764215 0.426021 
vt 0.571805 0.415566 
vt 0.571805 0.445516 
vt 0.78598 0.780668 
vt 0.586273 0.780668 
vt 0.785983 0.770258 
vt 0.58627 0.770258 
vt 0.785983 0.791065 
vt 0.586273 0.780668 
vt 0.58627 0.791066 
vt 0.785983 0.81161 
vt 0.785983 0.791065 
vt 0.58627 0.770258 
vt 0.785983 0.728906 
vt 0.58627 0.728906 
vt 0.759636 0.506172 
vt 0.564095 0.500183 
vt 0.759636 0.485747 
vt 0.571805 0.325718 
vt 0.764215 0.304013 
vt 0.764215 0.354715 
vt 0.571805 0.295768 
vt 0.891339 0.406841 
vt 0.680518 0.406684 
vt 0.680518 0.421504 
vt 0.891339 0.406841 
vt 0.680518 0.391863 
vt 0.891339 0.38257 
vt 0.764167 0.503552 
vt 0.764167 0.446732 
vt 0.551345 0.488214 
vt 0.551345 0.447721 
vt 0.764215 0.426021 
vt 0.571805 0.445516 
vt 0.571805 0.415566 
vt 0.571805 0.417063 
vt 0.571805 0.382622 
vt 0.764215 0.417063 
vt 0.764215 0.382622 
vt 0.715521 0.506637 
vt 0.715521 0.486312 
vt 0.544684 0.500677 
vt 0.764215 0.426021 
vt 0.571805 0.475465 
vt 0.571805 0.445516 
vt 0.764215 0.513403 
vt 0.571805 0.295768 
vt 0.764215 0.275235 
vt 0.571805 0.265819 
vt 0.764215 0.304013 
vt 0.571805 0.325718 
vt 0.764215 0.304013 
vt 0.571805 0.295768 
vt 0.764215 0.354715 
vt 0.379396 0.357243 
vt 0.186986 0.368182 
vt 0.379396 0.402228 
vt 0.764167 0.416317 
vt 0.551345 0.407227 
vt 0.551345 0.427474 
vt 0.388728 0.403748 
vt 0.211677 0.400765 
vt 0.388413 0.355683 
vt 0.211677 0.353705 
vt 0.571503 0.421982 
vt 0.571503 0.389108 
vt 0.79378 0.421982 
vt 0.79378 0.389108 
vt 0.764215 0.485947 
vt 0.764215 0.451505 
vt 0.571805 0.451505 
vt 0.571805 0.485947 
vt 0.386557 0.412859 
vt 0.58627 0.457165 
vt 0.58627 0.412859 
vt 0.386557 0.457165 
vt 0.379396 0.357243 
vt 0.379396 0.402228 
vt 0.186986 0.368182 
vt 0.764215 0.248479 
vt 0.764215 0.212225 
vt 0.571805 0.212225 
vt 0.571805 0.24848 
vt 0.571805 0.17597 
vt 0.571805 0.212225 
vt 0.76428 0.568927 
vt 0.564567 0.582902 
vt 0.564567 0.550256 
vt 0.58627 0.514955 
vt 0.386557 0.487986 
vt 0.386557 0.514955 
vt 0.58627 0.487986 
vt 0.58627 0.434049 
vt 0.386557 0.487986 
vt 0.386557 0.434049 
vt 0.58627 0.434049 
vt 0.386557 0.40708 
vt 0.58627 0.40708 
vt 0.74126 0.65448 
vt 0.540423 0.702246 
vt 0.74126 0.711738 
vt 0.540423 0.65448 
vt 0.74126 0.65448 
vt 0.540423 0.606713 
vt 0.74126 0.606713 
vt 0.764215 0.817675 
vt 0.571805 0.834858 
vt 0.571805 0.804909 
vt 0.764215 0.513403 
vt 0.571805 0.505414 
vt 0.571805 0.475465 
vt 0.571805 0.655162 
vt 0.764215 0.625212 
vt 0.764215 0.655162 
vt 0.571805 0.625212 
vt 0.571805 0.595263 
vt 0.764215 0.625212 
vt 0.764215 0.595263 
vt 0.571805 0.355667 
vt 0.571805 0.325718 
vt 0.764215 0.355667 
vt 0.764215 0.325718 
vt 0.571805 0.325718 
vt 0.764215 0.295768 
vt 0.571805 0.295768 
vt 0.784026 0.370647 
vt 0.584313 0.346031 
vt 0.584313 0.382518 
vt 0.571805 0.864808 
vt 0.764215 0.830366 
vt 0.571805 0.830366 
vt 0.764215 0.795924 
vt 0.571805 0.830366 
vt 0.571805 0.795924 
vt 0.764167 0.373349 
vt 0.551345 0.366734 
vt 0.551345 0.386981 
vt 0.68541 0.510636 
vt 0.538277 0.541101 
vt 0.68541 0.550411 
vt 0.538277 0.510636 
vt 0.68541 0.480171 
vt 0.68541 0.510636 
vt 0.379039 0.277068 
vt 0.379396 0.308446 
vt 0.186986 0.300948 
vt 0.186986 0.273408 
vt 0.469697 0.608882 
vt 0.258876 0.573555 
vt 0.469697 0.573555 
vt 0.258876 0.608882 
vt 0.667478 0.192371 
vt 0.40182 0.249297 
vt 0.40182 0.192371 
vt 0.667478 0.249297 
vt 0.764215 0.701912 
vt 0.571805 0.685111 
vt 0.571805 0.715061 
vt 0.379396 0.761482 
vt 0.571805 0.72704 
vt 0.571805 0.761482 
vt 0.379396 0.72704 
vt 0.12695 0.421982 
vt 0.349227 0.389108 
vt 0.349227 0.421982 
vt 0.12695 0.389108 
vt 0.76428 0.876719 
vt 0.564567 0.844072 
vt 0.76428 0.844072 
vt 0.76428 0.827863 
vt 0.564567 0.844072 
vt 0.564567 0.827863 
vt 0.379396 0.611026 
vt 0.186986 0.608756 
vt 0.379396 0.54187 
vt 0.379396 0.402228 
vt 0.186986 0.412737 
vt 0.186986 0.443525 
vt 0.667478 0.135444 
vt 0.40182 0.192371 
vt 0.40182 0.135444 
vt 0.667478 0.192371 
vt 0.667478 0.135444 
vt 0.40182 0.078517 
vt 0.571805 0.804909 
vt 0.764215 0.792749 
vt 0.764215 0.817675 
vt 0.571805 0.451505 
vt 0.571805 0.417063 
vt 0.764215 0.451505 
vt 0.764215 0.417063 
vt 0.764215 0.513403 
vt 0.571805 0.535364 
vt 0.571805 0.505414 
vt 0.764215 0.354715 
vt 0.571805 0.355667 
vt 0.571805 0.325718 
vt 0.764167 0.392464 
vt 0.551345 0.407227 
vt 0.764167 0.416317 
vt 0.551345 0.386981 
vt 0.715521 0.77159 
vt 0.544684 0.76073 
vt 0.544684 0.81878 
vt 0.379396 0.402228 
vt 0.186986 0.443525 
vt 0.186986 0.412737 
vt 0.571503 0.750724 
vt 0.79378 0.717849 
vt 0.79378 0.750724 
vt 0.571503 0.717849 
vt 0.186844 0.305194 
vt 0.386557 0.337279 
vt 0.186844 0.337279 
vt 0.386557 0.300792 
vt 0.386557 0.514955 
vt 0.58627 0.541924 
vt 0.58627 0.514955 
vt 0.386557 0.541924 
vt 0.764215 0.354715 
vt 0.571805 0.385616 
vt 0.571805 0.355667 
vt 0.544684 0.46887 
vt 0.715521 0.438933 
vt 0.544684 0.400617 
vt 0.715521 0.486312 
vt 0.715521 0.759525 
vt 0.544684 0.76073 
vt 0.715521 0.77159 
vt 0.544684 0.751728 
vt 0.764215 0.354715 
vt 0.571805 0.355667 
vt 0.571805 0.385616 
vt 0.571805 0.325718 
vt 0.764215 0.426021 
vt 0.571805 0.475465 
vt 0.764215 0.513403 
vt 0.571805 0.445516 
vt 0.186986 0.412737 
vt 0.379396 0.402228 
vt 0.186986 0.368182 
vt 0.388728 0.529793 
vt 0.211677 0.485878 
vt 0.388728 0.48835 
vt 0.211677 0.527664 
vt 0.571805 0.554831 
vt 0.571805 0.485947 
vt 0.764215 0.554831 
vt 0.764215 0.485947 
vt 0.58627 0.501471 
vt 0.386557 0.457165 
vt 0.386557 0.501471 
vt 0.58627 0.457165 
vt 0.469697 0.239761 
vt 0.258876 0.24716 
vt 0.258876 0.214015 
vt 0.667478 0.676247 
vt 0.40182 0.716096 
vt 0.40182 0.676247 
vt 0.667478 0.716096 
vt 0.764215 0.701912 
vt 0.571805 0.74501 
vt 0.571805 0.715061 
vt 0.764215 0.763169 
vt 0.571805 0.485947 
vt 0.571805 0.451505 
vt 0.764215 0.485947 
vt 0.764215 0.451505 
vt 0.390001 0.462625 
vt 0.564482 0.489461 
vt 0.390001 0.489461 
vt 0.564482 0.462625 
vt 0.322419 0.47852 
vt 0.067528 0.590007 
vt 0.322419 0.590007 
vt 0.067528 0.473427 
vt 0.764215 0.513403 
vt 0.571805 0.475465 
vt 0.571805 0.505414 
vt 0.571805 0.658157 
vt 0.379396 0.692598 
vt 0.379396 0.658157 
vt 0.571805 0.692598 
vt 0.773581 0.364973 
vt 0.573868 0.395987 
vt 0.573868 0.364973 
vt 0.773581 0.408363 
vt 0.573868 0.333959 
vt 0.773581 0.364973 
vt 0.40467 0.167571 
vt 0.40467 0.18467 
vt 0.629385 0.165918 
vt 0.629385 0.176273 
vt 0.629385 0.1584 
vt 0.40467 0.163171 
vt 0.629385 0.15523 
vt 0.76428 0.40052 
vt 0.564567 0.419671 
vt 0.564567 0.387024 
vt 0.322419 0.47852 
vt 0.322419 0.590007 
vt 0.067528 0.590007 
vt 0.067528 0.473427 
vt 0.564095 0.468219 
vt 0.759636 0.438135 
vt 0.759636 0.485747 
vt 0.564095 0.39963 
vt 0.564482 0.355279 
vt 0.390001 0.328443 
vt 0.564482 0.328443 
vt 0.390001 0.355279 
vt 0.68541 0.84575 
vt 0.538277 0.84575 
vt 0.538277 0.876215 
vt 0.68541 0.815285 
vt 0.538277 0.84575 
vt 0.538277 0.815285 
vt 0.764215 0.513403 
vt 0.571805 0.505414 
vt 0.571805 0.535364 
vt 0.891339 0.24716 
vt 0.680488 0.254868 
vt 0.891338 0.266715 
vt 0.680518 0.237134 
vt 0.759636 0.77243 
vt 0.564095 0.819853 
vt 0.564095 0.761516 
vt 0.720134 0.60228 
vt 0.55404 0.560275 
vt 0.720134 0.560274 
vt 0.720134 0.518269 
vt 0.55404 0.560275 
vt 0.55404 0.518269 
vt 0.720134 0.518269 
vt 0.55404 0.487456 
vt 0.720134 0.486897 
vt 0.571805 0.595263 
vt 0.571805 0.565313 
vt 0.764215 0.595263 
vt 0.764215 0.565313 
vt 0.219518 0.428197 
vt 0.392803 0.473403 
vt 0.392803 0.424273 
vt 0.680518 0.510428 
vt 0.891339 0.495608 
vt 0.891339 0.510428 
vt 0.680518 0.495608 
vt 0.891339 0.319526 
vt 0.891339 0.286624 
vt 0.680518 0.321124 
vt 0.571805 0.265819 
vt 0.764215 0.235869 
vt 0.764215 0.265819 
vt 0.571805 0.235869 
vt 0.379396 0.64728 
vt 0.379396 0.611026 
vt 0.186986 0.608756 
vt 0.186986 0.64728 
vt 0.379396 0.54187 
vt 0.186986 0.608756 
vt 0.379396 0.611026 
vt 0.379396 0.64728 
vt 0.186986 0.608756 
vt 0.186986 0.64728 
vt 0.379396 0.279296 
vt 0.571805 0.244854 
vt 0.571805 0.279296 
vt 0.379396 0.244854 
vt 0.571805 0.244854 
vt 0.379396 0.210412 
vt 0.76428 0.827863 
vt 0.564567 0.827863 
vt 0.76428 0.811426 
vt 0.564567 0.811426 
vt 0.764215 0.548973 
vt 0.571805 0.535364 
vt 0.764215 0.513403 
vt 0.680518 0.353636 
vt 0.680518 0.337834 
vt 0.891339 0.349829 
vt 0.891339 0.3351 
vt 0.703745 0.534516 
vt 0.703745 0.497848 
vt 0.544778 0.497848 
vt 0.544778 0.534516 
vt 0.703745 0.46118 
vt 0.544778 0.497848 
vt 0.544778 0.46118 
vt 0.067527 0.243683 
vt 0.322419 0.275596 
vt 0.32248 0.243039 
vt 0.067528 0.29266 
vt 0.388728 0.531626 
vt 0.388728 0.485894 
vt 0.211677 0.479491 
vt 0.211677 0.560524 
vt 0.211677 0.233195 
vt 0.208245 0.199684 
vt 0.388728 0.231397 
vt 0.219518 0.375143 
vt 0.219518 0.428197 
vt 0.392803 0.424273 
vt 0.58627 0.728906 
vt 0.785983 0.694257 
vt 0.785983 0.728906 
vt 0.58627 0.687554 
vt 0.832201 0.473427 
vt 0.57731 0.433941 
vt 0.832201 0.432695 
vt 0.57731 0.47592 
vt 0.067527 0.243683 
vt 0.322419 0.275596 
vt 0.067528 0.29266 
vt 0.32248 0.243039 
vt 0.74126 0.558946 
vt 0.540423 0.558946 
vt 0.74126 0.606713 
vt 0.540423 0.606713 
vt 0.544684 0.751728 
vt 0.715521 0.747461 
vt 0.544684 0.742726 
vt 0.715521 0.759525 
vt 0.186986 0.64728 
vt 0.379396 0.666065 
vt 0.379396 0.64728 
vt 0.186986 0.683535 
vt 0.186986 0.412737 
vt 0.186986 0.368182 
vt 0.379396 0.402228 
vt 0.785983 0.694257 
vt 0.58627 0.687554 
vt 0.785983 0.661112 
vt 0.571805 0.589273 
vt 0.571805 0.554831 
vt 0.764215 0.589273 
vt 0.764215 0.554831 
vt 0.571805 0.520389 
vt 0.764215 0.520389 
vt 0.571805 0.554831 
vt 0.571805 0.485947 
vt 0.764215 0.520389 
vt 0.764215 0.485947 
vt 0.832201 0.722037 
vt 0.832201 0.788052 
vt 0.57731 0.741956 
vt 0.379396 0.502262 
vt 0.571805 0.538516 
vt 0.571805 0.502262 
vt 0.379396 0.538516 
vt 0.891339 0.436325 
vt 0.680518 0.451146 
vt 0.891339 0.451146 
vt 0.680518 0.436325 
vt 0.891339 0.436325 
vt 0.680518 0.421504 
vt 0.891339 0.406841 
vt 0.12695 0.454856 
vt 0.349227 0.48773 
vt 0.12695 0.48773 
vt 0.349227 0.454856 
vt 0.12695 0.454856 
vt 0.349227 0.421982 
vt 0.12695 0.421982 
vt 0.832201 0.473427 
vt 0.832201 0.432695 
vt 0.57731 0.433941 
vt 0.57731 0.47592 
vt 0.544778 0.717855 
vt 0.703745 0.681187 
vt 0.544778 0.681188 
vt 0.703745 0.717855 
vt 0.544778 0.717855 
vt 0.544778 0.791191 
vt 0.125702 0.305994 
vt 0.338524 0.32624 
vt 0.338524 0.305994 
vt 0.125702 0.32624 
vt 0.784026 0.309544 
vt 0.584313 0.309544 
vt 0.784026 0.345067 
vt 0.584313 0.346031 
vt 0.784026 0.370647 
vt 0.784026 0.345067 
vt 0.564095 0.761516 
vt 0.759636 0.748182 
vt 0.759636 0.77243 
vt 0.564095 0.743424 
vt 0.764215 0.548973 
vt 0.764215 0.513403 
vt 0.571805 0.535364 
vt 0.785983 0.716345 
vt 0.785983 0.811496 
vt 0.58627 0.775123 
vt 0.58627 0.738636 
vt 0.40467 0.167571 
vt 0.629385 0.165918 
vt 0.629385 0.1584 
vt 0.392803 0.375143 
vt 0.219518 0.375143 
vt 0.392803 0.424273 
vt 0.219518 0.326013 
vt 0.544778 0.681188 
vt 0.703745 0.644519 
vt 0.544778 0.644519 
vt 0.703745 0.681187 
vt 0.40182 0.647784 
vt 0.667478 0.590857 
vt 0.667478 0.647784 
vt 0.40182 0.590857 
vt 0.379396 0.402228 
vt 0.379396 0.430664 
vt 0.186986 0.443525 
vt 0.469697 0.259008 
vt 0.258876 0.24716 
vt 0.469697 0.239761 
vt 0.258876 0.266715 
vt 0.891339 0.286624 
vt 0.680518 0.272899 
vt 0.680518 0.321124 
vt 0.571805 0.313738 
vt 0.764215 0.34818 
vt 0.764215 0.313738 
vt 0.571805 0.34818 
vt 0.785983 0.232683 
vt 0.58627 0.232683 
vt 0.678415 0.191331 
vt 0.785983 0.274035 
vt 0.58627 0.232683 
vt 0.58627 0.274035 
vt 0.785983 0.274035 
vt 0.58627 0.315387 
vt 0.785983 0.329375 
vt 0.764167 0.392464 
vt 0.764167 0.373349 
vt 0.551345 0.386981 
vt 0.584313 0.419005 
vt 0.784026 0.435127 
vt 0.784026 0.406737 
vt 0.379396 0.430664 
vt 0.379396 0.455306 
vt 0.186986 0.443525 
vt 0.667478 0.82861 
vt 0.40182 0.781729 
vt 0.40182 0.82861 
vt 0.667478 0.781729 
vt 0.715521 0.486312 
vt 0.544684 0.46887 
vt 0.544684 0.500677 
vt 0.379396 0.54187 
vt 0.186986 0.608756 
vt 0.186986 0.538516 
vt 0.379396 0.54187 
vt 0.186986 0.502262 
vt 0.379396 0.490794 
vt 0.186986 0.538516 
vt 0.680518 0.495608 
vt 0.891339 0.480787 
vt 0.680518 0.468957 
vt 0.891339 0.495608 
vt 0.891339 0.510428 
vt 0.680518 0.495608 
vt 0.12695 0.786587 
vt 0.571503 0.723827 
vt 0.349227 0.723827 
vt 0.349227 0.661067 
vt 0.571503 0.723827 
vt 0.571503 0.661067 
vt 0.386557 0.501471 
vt 0.386557 0.545776 
vt 0.58627 0.545776 
vt 0.58627 0.501471 
vt 0.832201 0.722037 
vt 0.57731 0.654206 
vt 0.57731 0.741956 
vt 0.832201 0.656022 
vt 0.832201 0.590007 
vt 0.57731 0.654206 
vt 0.784026 0.435127 
vt 0.584313 0.419005 
vt 0.584313 0.455492 
vt 0.571503 0.783598 
vt 0.79378 0.750724 
vt 0.79378 0.783598 
vt 0.571503 0.750724 
vt 0.764215 0.554831 
vt 0.571805 0.485947 
vt 0.571805 0.554831 
vt 0.764215 0.485947 
vt 0.720134 0.60228 
vt 0.720134 0.560274 
vt 0.55404 0.560275 
vt 0.720134 0.518269 
vt 0.55404 0.560275 
vt 0.55404 0.518269 
vt 0.720134 0.518269 
vt 0.55404 0.487456 
vt 0.720134 0.486897 
vt 0.571805 0.265819 
vt 0.764215 0.246457 
vt 0.764215 0.275235 
vt 0.571805 0.235869 
vt 0.764215 0.623715 
vt 0.571805 0.554831 
vt 0.571805 0.623715 
vt 0.764215 0.554831 
vt 0.379396 0.265819 
vt 0.186986 0.295768 
vt 0.186986 0.265819 
vt 0.379396 0.295768 
vt 0.40182 0.312921 
vt 0.667478 0.26604 
vt 0.40182 0.26604 
vt 0.667478 0.312921 
vt 0.40182 0.312921 
vt 0.667478 0.437063 
vt 0.40182 0.453563 
vt 0.764215 0.244854 
vt 0.571805 0.210412 
vt 0.571805 0.244854 
vt 0.764215 0.210412 
vt 0.764215 0.17597 
vt 0.571805 0.210412 
vt 0.564095 0.39963 
vt 0.759636 0.392857 
vt 0.759636 0.438135 
vt 0.564095 0.334404 
vt 0.379396 0.490794 
vt 0.186986 0.502262 
vt 0.186986 0.443525 
vt 0.571805 0.279296 
vt 0.764215 0.313738 
vt 0.764215 0.279296 
vt 0.571805 0.313738 
vt 0.571503 0.849346 
vt 0.571503 0.816472 
vt 0.79378 0.816472 
vt 0.571503 0.816472 
vt 0.79378 0.783598 
vt 0.571503 0.783598 
vt 0.379396 0.295768 
vt 0.186986 0.325718 
vt 0.186986 0.295768 
vt 0.379396 0.325718 
vt 0.832201 0.722037 
vt 0.57731 0.654206 
vt 0.832201 0.656022 
vt 0.57731 0.741956 
vt 0.57731 0.654206 
vt 0.832201 0.590007 
vt 0.387931 0.146951 
vt 0.221851 0.196141 
vt 0.387945 0.196009 
vt 0.221914 0.152761 
vt 0.571805 0.565313 
vt 0.764215 0.548973 
vt 0.764215 0.583604 
vt 0.571805 0.535364 
vt 0.379396 0.430664 
vt 0.186986 0.443525 
vt 0.379396 0.455306 
vt 0.186986 0.265819 
vt 0.379396 0.235869 
vt 0.379396 0.265819 
vt 0.186986 0.235869 
vt 0.186986 0.20592 
vt 0.379396 0.235869 
vt 0.379396 0.20592 
vt 0.186986 0.20592 
vt 0.186986 0.17597 
vt 0.387931 0.146951 
vt 0.387945 0.196009 
vt 0.221851 0.196141 
vt 0.221914 0.152761 
vt 0.785983 0.36301 
vt 0.58627 0.356739 
vt 0.785983 0.329375 
vt 0.374155 0.582071 
vt 0.174442 0.551057 
vt 0.374155 0.551057 
vt 0.174442 0.586347 
vt 0.374155 0.520043 
vt 0.174442 0.551057 
vt 0.174442 0.520043 
vt 0.174442 0.495011 
vt 0.374155 0.520043 
vt 0.374155 0.489029 
vt 0.571805 0.265819 
vt 0.764215 0.246457 
vt 0.571805 0.235869 
vt 0.764215 0.275235 
vt 0.379396 0.455306 
vt 0.186986 0.443525 
vt 0.379396 0.490794 
vt 0.564095 0.743424 
vt 0.759636 0.723934 
vt 0.759636 0.748182 
vt 0.564095 0.725331 
vt 0.728911 0.196857 
vt 0.644071 0.163596 
vt 0.584313 0.200083 
vt 0.785983 0.661112 
vt 0.58627 0.687554 
vt 0.58627 0.646203 
vt 0.785983 0.604851 
vt 0.58627 0.646203 
vt 0.58627 0.604851 
vt 0.785983 0.661112 
vt 0.891339 0.286624 
vt 0.680518 0.321124 
vt 0.680518 0.272899 
vt 0.891339 0.480787 
vt 0.680518 0.495608 
vt 0.680518 0.468957 
vt 0.891339 0.495608 
vt 0.571805 0.279296 
vt 0.764215 0.313738 
vt 0.571805 0.313738 
vt 0.764215 0.279296 
vt 0.571805 0.279296 
vt 0.764215 0.244854 
vt 0.571805 0.244854 
vt 0.338524 0.407227 
vt 0.338524 0.386981 
vt 0.125702 0.392464 
vt 0.125702 0.416317 
vt 0.379396 0.538516 
vt 0.571805 0.574771 
vt 0.571805 0.538516 
vt 0.379396 0.574771 
vt 0.571805 0.235869 
vt 0.764215 0.20592 
vt 0.764215 0.235869 
vt 0.571805 0.20592 
vt 0.764215 0.20592 
vt 0.571805 0.17597 
vt 0.571805 0.279296 
vt 0.571805 0.244854 
vt 0.764215 0.279296 
vt 0.764215 0.244854 
vt 0.544778 0.27784 
vt 0.544778 0.314508 
vt 0.703745 0.314508 
vt 0.703745 0.27784 
vt 0.784026 0.747388 
vt 0.584313 0.747388 
vt 0.584313 0.783875 
vt 0.784026 0.729144 
vt 0.584313 0.747388 
vt 0.584313 0.729144 
vt 0.764215 0.583604 
vt 0.571805 0.642783 
vt 0.571805 0.565313 
vt 0.379396 0.666065 
vt 0.186986 0.64728 
vt 0.379396 0.64728 
vt 0.186986 0.683535 
vt 0.891339 0.436325 
vt 0.891339 0.451146 
vt 0.680518 0.451146 
vt 0.680518 0.436325 
vt 0.680518 0.421504 
vt 0.891339 0.436325 
vt 0.891339 0.406841 
vt 0.680518 0.272899 
vt 0.891338 0.266715 
vt 0.680488 0.254868 
vt 0.891339 0.286624 
vt 0.322419 0.342327 
vt 0.067528 0.341452 
vt 0.067528 0.391963 
vt 0.322457 0.308362 
vt 0.280423 0.798717 
vt 0.443166 0.681855 
vt 0.280423 0.719492 
vt 0.443166 0.866623 
vt 0.564482 0.486241 
vt 0.390001 0.461552 
vt 0.564482 0.461551 
vt 0.390001 0.486241 
vt 0.390001 0.461552 
vt 0.564482 0.412172 
vt 0.390001 0.412172 
vt 0.390001 0.387483 
vt 0.564482 0.412172 
vt 0.564482 0.387483 
vt 0.68541 0.78482 
vt 0.538277 0.815285 
vt 0.68541 0.815285 
vt 0.538277 0.78482 
vt 0.571805 0.279296 
vt 0.571805 0.313738 
vt 0.764215 0.313738 
vt 0.764215 0.279296 
vt 0.764215 0.244854 
vt 0.571805 0.279296 
vt 0.571805 0.244854 
vt 0.773581 0.679343 
vt 0.573868 0.706127 
vt 0.573868 0.675113 
vt 0.764215 0.701912 
vt 0.571805 0.715061 
vt 0.571805 0.685111 
vt 0.571805 0.685111 
vt 0.764215 0.642026 
vt 0.571805 0.642783 
vt 0.764215 0.583604 
vt 0.764215 0.642026 
vt 0.571503 0.717849 
vt 0.79378 0.684975 
vt 0.79378 0.717849 
vt 0.571503 0.684975 
vt 0.571503 0.652101 
vt 0.79378 0.684975 
vt 0.79378 0.652101 
vt 0.58627 0.568892 
vt 0.386557 0.541924 
vt 0.386557 0.568892 
vt 0.58627 0.541924 
vt 0.322419 0.342327 
vt 0.067528 0.391963 
vt 0.067528 0.341452 
vt 0.322457 0.308362 
vt 0.469697 0.573555 
vt 0.258876 0.544937 
vt 0.469697 0.544937 
vt 0.258876 0.573555 
vt 0.40182 0.87549 
vt 0.667478 0.872228 
vt 0.40182 0.82861 
vt 0.667478 0.82861 
vt 0.598194 0.87549 
vt 0.667478 0.87549 
vt 0.667478 0.872228 
vt 0.55424 0.23752 
vt 0.55404 0.302183 
vt 0.720134 0.279537 
vt 0.720134 0.236873 
vt 0.720134 0.216916 
vt 0.55424 0.23752 
vt 0.554084 0.20707 
vt 0.538277 0.78482 
vt 0.68541 0.754355 
vt 0.538277 0.754355 
vt 0.68541 0.78482 
vt 0.785983 0.418833 
vt 0.58627 0.439443 
vt 0.58627 0.398091 
vt 0.571805 0.828553 
vt 0.379396 0.792299 
vt 0.379396 0.828553 
vt 0.571805 0.792299 
vt 0.571805 0.466007 
vt 0.379396 0.466007 
vt 0.571805 0.502262 
vt 0.379396 0.502262 
vt 0.571805 0.429753 
vt 0.379396 0.466007 
vt 0.379396 0.429753 
vt 0.379396 0.359952 
vt 0.571805 0.429753 
vt 0.571805 0.358349 
vt 0.379396 0.455306 
vt 0.379396 0.490794 
vt 0.186986 0.443525 
vt 0.571503 0.619227 
vt 0.571503 0.586353 
vt 0.79378 0.619227 
vt 0.79378 0.586353 
vt 0.58627 0.398091 
vt 0.785983 0.36301 
vt 0.785983 0.418833 
vt 0.58627 0.356739 
vt 0.680518 0.272899 
vt 0.891338 0.266715 
vt 0.891339 0.286624 
vt 0.680488 0.254868 
vt 0.571805 0.244854 
vt 0.764215 0.279296 
vt 0.764215 0.244854 
vt 0.571805 0.279296 
vt 0.390001 0.489461 
vt 0.564482 0.516298 
vt 0.390001 0.516298 
vt 0.564482 0.489461 
vt 0.715521 0.723332 
vt 0.544684 0.742726 
vt 0.715521 0.747461 
vt 0.544684 0.724722 
vt 0.244011 0.510636 
vt 0.391144 0.541101 
vt 0.391144 0.510636 
vt 0.244011 0.550411 
vt 0.391144 0.480171 
vt 0.244011 0.510636 
vt 0.891339 0.24716 
vt 0.680488 0.254868 
vt 0.680518 0.237134 
vt 0.891338 0.266715 
vt 0.764215 0.210412 
vt 0.571805 0.227633 
vt 0.571805 0.210412 
vt 0.764215 0.227633 
vt 0.764215 0.210412 
vt 0.571805 0.17597 
vt 0.764215 0.244854 
vt 0.571805 0.227633 
vt 0.571805 0.244854 
vt 0.773581 0.431947 
vt 0.573868 0.458015 
vt 0.573868 0.427001 
vt 0.773581 0.467746 
vt 0.832201 0.722037 
vt 0.57731 0.741956 
vt 0.832201 0.788052 
vt 0.55404 0.302183 
vt 0.55424 0.23752 
vt 0.720134 0.279537 
vt 0.720134 0.236873 
vt 0.891339 0.38257 
vt 0.680518 0.377042 
vt 0.680518 0.391863 
vt 0.571805 0.313738 
vt 0.571805 0.279296 
vt 0.764215 0.313738 
vt 0.764215 0.279296 
vt 0.773581 0.78079 
vt 0.573868 0.799169 
vt 0.573868 0.768155 
vt 0.573868 0.706127 
vt 0.773581 0.679343 
vt 0.573868 0.768155 
vt 0.211677 0.404017 
vt 0.388728 0.304096 
vt 0.211677 0.299902 
vt 0.388728 0.402104 
vt 0.571805 0.623715 
vt 0.379396 0.658157 
vt 0.379396 0.623715 
vt 0.571805 0.658157 
vt 0.571805 0.320989 
vt 0.379396 0.359952 
vt 0.571805 0.358349 
vt 0.379396 0.320989 
vt 0.764215 0.246457 
vt 0.571805 0.235869 
vt 0.571805 0.20592 
vt 0.388728 0.403748 
vt 0.211677 0.485878 
vt 0.211677 0.400765 
vt 0.388728 0.48835 
vt 0.226846 0.443512 
vt 0.385812 0.424512 
vt 0.226846 0.424512 
vt 0.385812 0.443512 
vt 0.226846 0.387844 
vt 0.385812 0.424512 
vt 0.385812 0.387844 
vt 0.226846 0.351176 
vt 0.226846 0.387844 
vt 0.385812 0.387844 
vt 0.385812 0.351176 
vt 0.385812 0.314508 
vt 0.226846 0.351176 
vt 0.226846 0.314508 
vt 0.226846 0.27784 
vt 0.385812 0.314508 
vt 0.385812 0.27784 
vt 0.385812 0.241172 
vt 0.226846 0.27784 
vt 0.226846 0.241172 
vt 0.385812 0.241172 
vt 0.226846 0.204504 
vt 0.385812 0.204504 
vt 0.385812 0.167836 
vt 0.226846 0.204504 
vt 0.226846 0.167836 
vt 0.764215 0.548973 
vt 0.571805 0.565313 
vt 0.764215 0.583604 
vt 0.571805 0.535364 
vt 0.390001 0.387483 
vt 0.390001 0.362794 
vt 0.564482 0.387483 
vt 0.564482 0.362794 
vt 0.373847 0.420582 
vt 0.20301 0.438933 
vt 0.373847 0.444119 
vt 0.20301 0.393877 
vt 0.891339 0.465966 
vt 0.891339 0.480787 
vt 0.680518 0.468957 
vt 0.186986 0.355667 
vt 0.379396 0.325718 
vt 0.379396 0.355667 
vt 0.186986 0.325718 
vt 0.832201 0.590007 
vt 0.57731 0.47592 
vt 0.832201 0.473427 
vt 0.57731 0.654206 
vt 0.576969 0.57586 
vt 0.377255 0.544846 
vt 0.576969 0.544846 
vt 0.377255 0.57586 
vt 0.377255 0.544846 
vt 0.576969 0.513832 
vt 0.377255 0.513832 
vt 0.377255 0.482818 
vt 0.576969 0.513832 
vt 0.576969 0.482818 
vt 0.067528 0.391963 
vt 0.322419 0.410424 
vt 0.322419 0.342327 
vt 0.067528 0.432695 
vt 0.067528 0.473427 
vt 0.322419 0.410424 
vt 0.322419 0.47852 
vt 0.322457 0.308362 
vt 0.067528 0.29266 
vt 0.067528 0.341452 
vt 0.322419 0.275596 
vt 0.443166 0.681855 
vt 0.280423 0.646403 
vt 0.280423 0.719492 
vt 0.379396 0.683535 
vt 0.186986 0.683535 
vt 0.186986 0.719789 
vt 0.379396 0.719789 
vt 0.379396 0.666065 
vt 0.379396 0.683535 
vt 0.067528 0.656022 
vt 0.322419 0.722037 
vt 0.067528 0.722037 
vt 0.322419 0.656022 
vt 0.322419 0.590007 
vt 0.067528 0.656022 
vt 0.067528 0.590007 
vt 0.067528 0.341452 
vt 0.067528 0.29266 
vt 0.322457 0.308362 
vt 0.322419 0.275596 
vt 0.759636 0.660005 
vt 0.564095 0.660005 
vt 0.759636 0.628041 
vt 0.564095 0.628041 
vt 0.759636 0.628041 
vt 0.564095 0.596076 
vt 0.759636 0.583536 
vt 0.379396 0.402228 
vt 0.186986 0.443525 
vt 0.379396 0.430664 
vt 0.379396 0.490794 
vt 0.186986 0.502262 
vt 0.067528 0.391963 
vt 0.322419 0.410424 
vt 0.067528 0.432695 
vt 0.322419 0.342327 
vt 0.322419 0.410424 
vt 0.067528 0.473427 
vt 0.322419 0.47852 
vt 0.759636 0.392857 
vt 0.564095 0.334404 
vt 0.759636 0.31932 
vt 0.68541 0.617988 
vt 0.68541 0.550411 
vt 0.538277 0.602031 
vt 0.538277 0.541101 
vt 0.764215 0.583604 
vt 0.571805 0.642783 
vt 0.764215 0.642026 
vt 0.571805 0.685111 
vt 0.764215 0.642026 
vt 0.764215 0.701912 
vt 0.186844 0.337279 
vt 0.386557 0.373766 
vt 0.186844 0.385231 
vt 0.386557 0.337279 
vt 0.368553 0.419693 
vt 0.368553 0.443346 
vt 0.173012 0.438135 
vt 0.173012 0.392857 
vt 0.715521 0.627909 
vt 0.544684 0.659716 
vt 0.715521 0.659716 
vt 0.544684 0.627909 
vt 0.715521 0.627909 
vt 0.544684 0.5961 
vt 0.715521 0.583622 
vt 0.764215 0.246457 
vt 0.571805 0.20592 
vt 0.571805 0.235869 
vt 0.258876 0.24716 
vt 0.469697 0.259008 
vt 0.469697 0.239761 
vt 0.258876 0.266715 
vt 0.573868 0.799169 
vt 0.773581 0.78079 
vt 0.773581 0.840195 
vt 0.573868 0.830183 
vt 0.715521 0.393877 
vt 0.715521 0.320701 
vt 0.544684 0.335711 
vt 0.74126 0.51118 
vt 0.540423 0.51118 
vt 0.74126 0.558946 
vt 0.540423 0.558946 
vt 0.125702 0.416317 
vt 0.338524 0.427474 
vt 0.338524 0.407227 
vt 0.832201 0.590007 
vt 0.832201 0.473427 
vt 0.57731 0.47592 
vt 0.57731 0.654206 
vt 0.258876 0.266715 
vt 0.469697 0.278602 
vt 0.469697 0.259008 
vt 0.258876 0.286624 
vt 0.379396 0.795924 
vt 0.571805 0.761482 
vt 0.571805 0.795924 
vt 0.379396 0.761482 
vt 0.379396 0.683535 
vt 0.186986 0.719789 
vt 0.186986 0.683535 
vt 0.379396 0.719789 
vt 0.379396 0.666065 
vt 0.379396 0.683535 
vt 0.379396 0.24848 
vt 0.379039 0.277068 
vt 0.186986 0.273408 
vt 0.186986 0.24848 
vt 0.186986 0.212225 
vt 0.379396 0.24848 
vt 0.379396 0.212225 
vt 0.186986 0.17597 
vt 0.186986 0.212225 
vt 0.571805 0.761482 
vt 0.379396 0.72704 
vt 0.571805 0.72704 
vt 0.379396 0.761482 
vt 0.379396 0.72704 
vt 0.571805 0.692598 
vt 0.379396 0.692598 
vt 0.322419 0.490985 
vt 0.322419 0.59991 
vt 0.57731 0.59991 
vt 0.57731 0.490985 
vt 0.74126 0.415647 
vt 0.74126 0.367881 
vt 0.540423 0.367881 
vt 0.540423 0.415647 
vt 0.57731 0.490985 
vt 0.57731 0.59991 
vt 0.322419 0.490985 
vt 0.322419 0.59991 
vt 0.469697 0.278602 
vt 0.258876 0.266715 
vt 0.469697 0.259008 
vt 0.258876 0.286624 
vt 0.785983 0.563499 
vt 0.58627 0.604851 
vt 0.58627 0.563499 
vt 0.785983 0.604851 
vt 0.58627 0.522147 
vt 0.785983 0.563499 
vt 0.785983 0.487567 
vt 0.773581 0.467746 
vt 0.573868 0.489029 
vt 0.573868 0.458015 
vt 0.221851 0.560275 
vt 0.387945 0.505864 
vt 0.387945 0.60228 
vt 0.387945 0.505864 
vt 0.221851 0.560275 
vt 0.221851 0.518269 
vt 0.715521 0.393877 
vt 0.544684 0.400617 
vt 0.715521 0.438933 
vt 0.544684 0.335711 
vt 0.379396 0.574771 
vt 0.571805 0.64728 
vt 0.571805 0.574771 
vt 0.379396 0.64728 
vt 0.785983 0.329375 
vt 0.58627 0.356739 
vt 0.58627 0.315387 
vt 0.773581 0.586347 
vt 0.573868 0.613085 
vt 0.573868 0.582071 
vt 0.773581 0.495011 
vt 0.573868 0.489029 
vt 0.773581 0.467746 
vt 0.379396 0.769678 
vt 0.186986 0.756044 
vt 0.186986 0.800006 
vt 0.379396 0.24848 
vt 0.186986 0.273408 
vt 0.379039 0.277068 
vt 0.186986 0.24848 
vt 0.379396 0.24848 
vt 0.186986 0.212225 
vt 0.379396 0.212225 
vt 0.186986 0.17597 
vt 0.186986 0.212225 
vt 0.571805 0.385616 
vt 0.571805 0.355667 
vt 0.764215 0.385616 
vt 0.764215 0.355667 
vt 0.785983 0.660127 
vt 0.785983 0.716345 
vt 0.58627 0.665662 
vt 0.773581 0.644099 
vt 0.573868 0.675113 
vt 0.573868 0.644099 
vt 0.773581 0.679343 
vt 0.067528 0.788052 
vt 0.322419 0.854066 
vt 0.322419 0.788052 
vt 0.322419 0.722037 
vt 0.067528 0.788052 
vt 0.067528 0.722037 
vt 0.322419 0.722037 
vt 0.067528 0.656022 
vt 0.322419 0.656022 
vt 0.322419 0.590007 
vt 0.067528 0.656022 
vt 0.067528 0.590007 
vt 0.76428 0.331584 
vt 0.564567 0.354378 
vt 0.564567 0.321732 
vt 0.832201 0.854066 
vt 0.57731 0.741956 
vt 0.832201 0.788052 
vt 0.379396 0.769678 
vt 0.186986 0.800006 
vt 0.186986 0.756044 
vt 0.544778 0.644519 
vt 0.703745 0.607851 
vt 0.544778 0.607852 
vt 0.703745 0.644519 
vt 0.703745 0.607851 
vt 0.544778 0.534516 
vt 0.703745 0.534516 
vt 0.226846 0.46118 
vt 0.385812 0.443512 
vt 0.226846 0.443512 
vt 0.385812 0.46118 
vt 0.764215 0.382622 
vt 0.571805 0.417063 
vt 0.764215 0.417063 
vt 0.571805 0.382622 
vt 0.571805 0.417063 
vt 0.764215 0.485947 
vt 0.571805 0.485947 
vt 0.764215 0.382622 
vt 0.571805 0.34818 
vt 0.764215 0.34818 
vt 0.571805 0.34818 
vt 0.571805 0.313738 
vt 0.764215 0.34818 
vt 0.764215 0.313738 
vt 0.764215 0.583604 
vt 0.571805 0.565313 
vt 0.571805 0.642783 
vt 0.571503 0.284508 
vt 0.349227 0.221748 
vt 0.349227 0.284508 
vt 0.571503 0.221748 
vt 0.79378 0.158989 
vt 0.349227 0.221748 
vt 0.571805 0.658157 
vt 0.379396 0.692598 
vt 0.379396 0.658157 
vt 0.571805 0.692598 
vt 0.564567 0.811426 
vt 0.564567 0.77878 
vt 0.76428 0.77878 
vt 0.76428 0.811426 
vt 0.76428 0.648195 
vt 0.564567 0.648195 
vt 0.76428 0.615548 
vt 0.564567 0.615548 
vt 0.564567 0.582902 
vt 0.76428 0.615548 
vt 0.76428 0.568927 
vt 0.773581 0.840195 
vt 0.573868 0.861196 
vt 0.573868 0.830183 
vt 0.773581 0.616372 
vt 0.573868 0.613085 
vt 0.773581 0.586347 
vt 0.379396 0.719789 
vt 0.186986 0.756044 
vt 0.186986 0.719789 
vt 0.379396 0.769678 
vt 0.58627 0.728906 
vt 0.386557 0.687554 
vt 0.386557 0.728906 
vt 0.58627 0.687554 
vt 0.186986 0.864808 
vt 0.379396 0.823636 
vt 0.186986 0.800006 
vt 0.379396 0.864808 
vt 0.680518 0.353636 
vt 0.891339 0.349829 
vt 0.680518 0.321124 
vt 0.891339 0.319526 
vt 0.785983 0.619124 
vt 0.785983 0.660127 
vt 0.58627 0.629175 
vt 0.58627 0.665662 
vt 0.386557 0.545776 
vt 0.58627 0.590082 
vt 0.58627 0.545776 
vt 0.386557 0.590082 
vt 0.322419 0.454677 
vt 0.322419 0.490985 
vt 0.57731 0.490985 
vt 0.57731 0.454677 
vt 0.58627 0.784642 
vt 0.386557 0.784642 
vt 0.386557 0.81161 
vt 0.58627 0.784642 
vt 0.386557 0.757673 
vt 0.58627 0.757673 
vt 0.40467 0.18467 
vt 0.40467 0.198394 
vt 0.629385 0.176273 
vt 0.186986 0.800006 
vt 0.379396 0.769678 
vt 0.379396 0.823636 
vt 0.571503 0.652101 
vt 0.571503 0.619227 
vt 0.79378 0.652101 
vt 0.79378 0.619227 
vt 0.12695 0.537639 
vt 0.349227 0.520605 
vt 0.349227 0.537639 
vt 0.12695 0.520605 
vt 0.12695 0.48773 
vt 0.349227 0.520605 
vt 0.349227 0.48773 
vt 0.57731 0.454677 
vt 0.57731 0.490985 
vt 0.322419 0.454677 
vt 0.322419 0.490985 
vt 0.186986 0.800006 
vt 0.379396 0.823636 
vt 0.186986 0.864808 
vt 0.379396 0.864808 
vt 0.379396 0.54187 
vt 0.379396 0.490794 
vt 0.186986 0.502262 
vt 0.186986 0.538516 
vt 0.258876 0.517803 
vt 0.258876 0.525249 
vt 0.469717 0.517803 
vt 0.469697 0.510428 
vt 0.258876 0.517803 
vt 0.258876 0.510428 
vt 0.469697 0.510428 
vt 0.258876 0.495608 
vt 0.469697 0.495608 
vt 0.573868 0.644099 
vt 0.773581 0.616372 
vt 0.773581 0.644099 
vt 0.573868 0.613085 
vt 0.832201 0.854066 
vt 0.832201 0.788052 
vt 0.57731 0.741956 
vt 0.784026 0.692642 
vt 0.584313 0.710901 
vt 0.784026 0.710901 
vt 0.584314 0.692641 
vt 0.571805 0.589273 
vt 0.379396 0.623715 
vt 0.379396 0.589273 
vt 0.571805 0.623715 
vt 0.571805 0.623715 
vt 0.379396 0.658157 
vt 0.379396 0.623715 
vt 0.571805 0.658157 
vt 0.364854 0.550256 
vt 0.364854 0.582902 
vt 0.165141 0.568927 
vt 0.368553 0.468219 
vt 0.173012 0.438135 
vt 0.368553 0.443346 
vt 0.173012 0.485747 
vt 0.584313 0.729144 
vt 0.784026 0.729144 
vt 0.784026 0.710901 
vt 0.584313 0.710901 
vt 0.764215 0.554831 
vt 0.571805 0.485947 
vt 0.571805 0.554831 
vt 0.764215 0.485947 
vt 0.571805 0.279296 
vt 0.764215 0.313738 
vt 0.571805 0.313738 
vt 0.764215 0.279296 
vt 0.571805 0.279296 
vt 0.764215 0.244854 
vt 0.571805 0.244854 
vt 0.764215 0.244854 
vt 0.571805 0.210412 
vt 0.759636 0.691969 
vt 0.759636 0.723934 
vt 0.564095 0.725331 
vt 0.564095 0.691969 
vt 0.784026 0.309544 
vt 0.784026 0.273057 
vt 0.584313 0.273057 
vt 0.584313 0.309544 
vt 0.891339 0.319526 
vt 0.680518 0.321124 
vt 0.891339 0.286624 
vt 0.469697 0.377042 
vt 0.258876 0.38257 
vt 0.469697 0.391863 
vt 0.386557 0.775123 
vt 0.386557 0.738636 
vt 0.58627 0.775123 
vt 0.58627 0.738636 
vt 0.58627 0.775123 
vt 0.58627 0.81161 
vt 0.76428 0.331584 
vt 0.76428 0.40052 
vt 0.564567 0.354378 
vt 0.564567 0.387024 
vt 0.564482 0.73099 
vt 0.390001 0.757826 
vt 0.390001 0.73099 
vt 0.390001 0.704153 
vt 0.564482 0.73099 
vt 0.564482 0.704153 
vt 0.379396 0.864808 
vt 0.186986 0.830366 
vt 0.379396 0.830366 
vt 0.186986 0.830366 
vt 0.379396 0.795924 
vt 0.186986 0.795924 
vt 0.186986 0.761482 
vt 0.379396 0.795924 
vt 0.379396 0.761482 
vt 0.186986 0.800006 
vt 0.379396 0.823636 
vt 0.379396 0.769678 
vt 0.12695 0.389108 
vt 0.349227 0.356234 
vt 0.349227 0.389108 
vt 0.12695 0.356234 
vt 0.349227 0.356234 
vt 0.12695 0.32336 
vt 0.349227 0.323359 
vt 0.12695 0.32336 
vt 0.349227 0.290485 
vt 0.12695 0.290485 
vt 0.773581 0.551057 
vt 0.573868 0.582071 
vt 0.573868 0.551057 
vt 0.773581 0.586347 
vt 0.573868 0.520043 
vt 0.773581 0.551057 
vt 0.773581 0.520043 
vt 0.573868 0.520043 
vt 0.773581 0.495011 
vt 0.573868 0.489029 
vt 0.891339 0.465966 
vt 0.680518 0.468957 
vt 0.891339 0.480787 
vt 0.58627 0.315387 
vt 0.58627 0.274035 
vt 0.386557 0.274035 
vt 0.386557 0.315387 
vt 0.58627 0.232683 
vt 0.386557 0.274035 
vt 0.773581 0.408363 
vt 0.573868 0.427001 
vt 0.573868 0.395987 
vt 0.221851 0.560275 
vt 0.387945 0.60228 
vt 0.387945 0.505864 
vt 0.571805 0.795924 
vt 0.379396 0.761482 
vt 0.571805 0.761482 
vt 0.379396 0.795924 
vt 0.785983 0.619124 
vt 0.58627 0.629175 
vt 0.58627 0.592688 
vt 0.58627 0.592688 
vt 0.785983 0.552151 
vt 0.58627 0.556201 
vt 0.186986 0.756044 
vt 0.379396 0.719789 
vt 0.186986 0.719789 
vt 0.379396 0.769678 
vt 0.58627 0.687554 
vt 0.386557 0.646203 
vt 0.386557 0.687554 
vt 0.58627 0.646203 
vt 0.784026 0.218466 
vt 0.584313 0.200083 
vt 0.584313 0.23657 
vt 0.379396 0.54187 
vt 0.186986 0.538516 
vt 0.186986 0.608756 
vt 0.379396 0.313738 
vt 0.571805 0.34818 
vt 0.379396 0.34818 
vt 0.571805 0.313738 
vt 0.379396 0.313738 
vt 0.571805 0.279296 
vt 0.379396 0.279296 
vt 0.386557 0.513876 
vt 0.58627 0.538687 
vt 0.58627 0.513876 
vt 0.386557 0.538687 
vt 0.58627 0.464254 
vt 0.386557 0.513876 
vt 0.386557 0.464254 
vt 0.58627 0.464254 
vt 0.386557 0.439443 
vt 0.58627 0.439443 
vt 0.759636 0.485747 
vt 0.564095 0.500183 
vt 0.564095 0.468219 
vt 0.244011 0.550411 
vt 0.391144 0.602031 
vt 0.391144 0.541101 
vt 0.244011 0.617988 
vt 0.386557 0.767305 
vt 0.386557 0.81161 
vt 0.58627 0.81161 
vt 0.58627 0.753091 
vt 0.226846 0.497848 
vt 0.385812 0.46118 
vt 0.226846 0.46118 
vt 0.385812 0.497848 
vt 0.58627 0.770258 
vt 0.386557 0.770258 
vt 0.386557 0.81161 
vt 0.58627 0.770258 
vt 0.386557 0.728906 
vt 0.58627 0.728906 
vt 0.785983 0.716345 
vt 0.58627 0.738636 
vt 0.58627 0.702149 
vt 0.58627 0.702149 
vt 0.386557 0.665662 
vt 0.58627 0.665662 
vt 0.386557 0.702149 
vt 0.386557 0.722999 
vt 0.386557 0.767305 
vt 0.58627 0.753091 
vt 0.58627 0.40708 
vt 0.386557 0.380112 
vt 0.386557 0.40708 
vt 0.58627 0.380112 
vt 0.564095 0.269116 
vt 0.759636 0.276433 
vt 0.564095 0.298599 
vt 0.538277 0.754355 
vt 0.68541 0.72389 
vt 0.538277 0.72389 
vt 0.68541 0.754355 
vt 0.68541 0.72389 
vt 0.538277 0.693425 
vt 0.68541 0.670739 
vt 0.125702 0.32624 
vt 0.338524 0.366734 
vt 0.338524 0.32624 
vt 0.125702 0.373349 
vt 0.557579 0.523384 
vt 0.771727 0.578145 
vt 0.771727 0.523384 
vt 0.557579 0.578145 
vt 0.785983 0.487567 
vt 0.58627 0.522147 
vt 0.58627 0.480795 
vt 0.186844 0.791065 
vt 0.386557 0.791065 
vt 0.386557 0.81161 
vt 0.186844 0.791065 
vt 0.386553 0.780668 
vt 0.186848 0.780668 
vt 0.386557 0.770258 
vt 0.386553 0.780668 
vt 0.186844 0.770258 
vt 0.186844 0.728906 
vt 0.386557 0.770258 
vt 0.386557 0.728906 
vt 0.544684 0.270743 
vt 0.544684 0.300081 
vt 0.715521 0.278024 
vt 0.784026 0.674414 
vt 0.584314 0.692641 
vt 0.784026 0.692642 
vt 0.584313 0.674414 
vt 0.186986 0.595263 
vt 0.186986 0.565313 
vt 0.379396 0.595263 
vt 0.379396 0.565313 
vt 0.58627 0.227818 
vt 0.785983 0.277657 
vt 0.58627 0.264305 
vt 0.58627 0.595861 
vt 0.386557 0.568892 
vt 0.386557 0.595861 
vt 0.58627 0.568892 
vt 0.280423 0.646403 
vt 0.443166 0.583618 
vt 0.280423 0.579066 
vt 0.443166 0.681855 
vt 0.443166 0.583618 
vt 0.280423 0.512553 
vt 0.443166 0.4869 
vt 0.280423 0.445967 
vt 0.280423 0.512553 
vt 0.280423 0.381008 
vt 0.280423 0.445967 
vt 0.443166 0.336485 
vt 0.338524 0.386981 
vt 0.125702 0.373349 
vt 0.125702 0.392464 
vt 0.379396 0.72704 
vt 0.379396 0.761482 
vt 0.186986 0.72704 
vt 0.186986 0.761482 
vt 0.557579 0.906715 
vt 0.557579 0.851953 
vt 0.771727 0.851953 
vt 0.557579 0.851953 
vt 0.771727 0.797192 
vt 0.557579 0.797192 
vt 0.771727 0.797192 
vt 0.557579 0.74243 
vt 0.771727 0.74243 
vt 0.557579 0.74243 
vt 0.771727 0.632907 
vt 0.557579 0.632907 
vt 0.771727 0.632907 
vt 0.557579 0.578145 
vt 0.771727 0.578145 
vt 0.557579 0.578145 
vt 0.557579 0.523384 
vt 0.771727 0.578145 
vt 0.771727 0.523384 
vt 0.564567 0.713487 
vt 0.76428 0.680841 
vt 0.76428 0.699184 
vt 0.564567 0.680841 
vt 0.58627 0.563499 
vt 0.386557 0.538687 
vt 0.386557 0.563499 
vt 0.58627 0.538687 
vt 0.186986 0.625212 
vt 0.186986 0.595263 
vt 0.379396 0.625212 
vt 0.379396 0.595263 
vt 0.571805 0.565313 
vt 0.571805 0.535364 
vt 0.764215 0.565313 
vt 0.764215 0.535364 
vt 0.785983 0.418833 
vt 0.785983 0.487567 
vt 0.58627 0.439443 
vt 0.58627 0.480795 
vt 0.58627 0.634388 
vt 0.386557 0.590082 
vt 0.386557 0.634388 
vt 0.58627 0.590082 
vt 0.390001 0.516298 
vt 0.564482 0.543134 
vt 0.390001 0.543134 
vt 0.564482 0.516298 
vt 0.390001 0.510931 
vt 0.390001 0.486241 
vt 0.564482 0.51093 
vt 0.564482 0.486241 
vt 0.388728 0.485894 
vt 0.388728 0.437481 
vt 0.211677 0.446267 
vt 0.211677 0.479491 
vt 0.186986 0.385616 
vt 0.379396 0.415566 
vt 0.186986 0.415566 
vt 0.379396 0.385616 
vt 0.186986 0.385616 
vt 0.379396 0.355667 
vt 0.186986 0.355667 
vt 0.12695 0.553479 
vt 0.349227 0.537639 
vt 0.349227 0.553479 
vt 0.12695 0.537639 
vt 0.58627 0.665662 
vt 0.386557 0.629175 
vt 0.58627 0.629175 
vt 0.386557 0.665662 
vt 0.571805 0.554831 
vt 0.571805 0.520389 
vt 0.764215 0.554831 
vt 0.764215 0.520389 
vt 0.557579 0.906715 
vt 0.771727 0.851953 
vt 0.557579 0.851953 
vt 0.771727 0.797192 
vt 0.557579 0.851953 
vt 0.557579 0.797192 
vt 0.771727 0.797192 
vt 0.557579 0.74243 
vt 0.771727 0.74243 
vt 0.771727 0.632907 
vt 0.557579 0.74243 
vt 0.557579 0.632907 
vt 0.771727 0.632907 
vt 0.557579 0.578145 
vt 0.771727 0.578145 
vt 0.773581 0.431947 
vt 0.573868 0.427001 
vt 0.773581 0.408363 
vt 0.40467 0.198394 
vt 0.629385 0.189476 
vt 0.629385 0.176273 
vt 0.629385 0.205754 
vt 0.40467 0.216538 
vt 0.564567 0.746133 
vt 0.76428 0.713487 
vt 0.76428 0.746133 
vt 0.564567 0.713487 
vt 0.76428 0.699184 
vt 0.76428 0.713487 
vt 0.759636 0.276433 
vt 0.564095 0.269116 
vt 0.759636 0.244468 
vt 0.554035 0.136785 
vt 0.387945 0.098215 
vt 0.387931 0.146951 
vt 0.55404 0.098215 
vt 0.387945 0.056209 
vt 0.387945 0.098215 
vt 0.3846 0.200083 
vt 0.385923 0.163596 
vt 0.264056 0.196857 
vt 0.386557 0.702149 
vt 0.58627 0.738636 
vt 0.386557 0.738636 
vt 0.58627 0.702149 
vt 0.784026 0.273057 
vt 0.784026 0.218466 
vt 0.584313 0.23657 
vt 0.584313 0.273057 
vt 0.12695 0.717849 
vt 0.349227 0.750724 
vt 0.12695 0.750724 
vt 0.349227 0.717849 
vt 0.12695 0.717849 
vt 0.349227 0.684975 
vt 0.12695 0.684975 
vt 0.785983 0.337279 
vt 0.58627 0.373766 
vt 0.58627 0.337279 
vt 0.785983 0.385231 
vt 0.554035 0.136785 
vt 0.387945 0.098215 
vt 0.55404 0.098215 
vt 0.387931 0.146951 
vt 0.387945 0.056209 
vt 0.387945 0.098215 
vt 0.125702 0.446732 
vt 0.338524 0.427474 
vt 0.125702 0.416317 
vt 0.338524 0.447721 
vt 0.379396 0.795924 
vt 0.571805 0.830366 
vt 0.379396 0.830366 
vt 0.571805 0.795924 
vt 0.571805 0.864808 
vt 0.571805 0.830366 
vt 0.715521 0.278024 
vt 0.715521 0.246216 
vt 0.544684 0.270743 
vt 0.40467 0.198394 
vt 0.629385 0.205754 
vt 0.629385 0.189476 
vt 0.671876 0.21263 
vt 0.764215 0.246457 
vt 0.571805 0.20592 
vt 0.571805 0.382622 
vt 0.571805 0.34818 
vt 0.764215 0.382622 
vt 0.764215 0.34818 
vt 0.322419 0.636218 
vt 0.322419 0.59991 
vt 0.57731 0.636218 
vt 0.57731 0.59991 
vt 0.584313 0.564953 
vt 0.784026 0.564952 
vt 0.784026 0.528466 
vt 0.584313 0.528466 
vt 0.784026 0.528466 
vt 0.584313 0.455492 
vt 0.784026 0.435127 
vt 0.469697 0.239761 
vt 0.258876 0.214015 
vt 0.258876 0.24716 
vt 0.386557 0.373766 
vt 0.386557 0.410253 
vt 0.186844 0.385231 
vt 0.58627 0.753091 
vt 0.58627 0.678693 
vt 0.386557 0.722999 
vt 0.386557 0.678693 
vt 0.58627 0.678693 
vt 0.386557 0.634388 
vt 0.58627 0.634388 
vt 0.280423 0.184028 
vt 0.443166 0.16464 
vt 0.280423 0.173852 
vt 0.280423 0.166497 
vt 0.373847 0.46887 
vt 0.20301 0.438933 
vt 0.20301 0.486312 
vt 0.373847 0.444119 
vt 0.58627 0.629175 
vt 0.386557 0.592688 
vt 0.58627 0.592688 
vt 0.386557 0.629175 
vt 0.764215 0.554831 
vt 0.764215 0.589273 
vt 0.571805 0.554831 
vt 0.571805 0.589273 
vt 0.386557 0.604851 
vt 0.58627 0.646203 
vt 0.58627 0.604851 
vt 0.386557 0.646203 
vt 0.564567 0.77878 
vt 0.76428 0.746133 
vt 0.76428 0.77878 
vt 0.564567 0.746133 
vt 0.385812 0.497848 
vt 0.226846 0.534516 
vt 0.385812 0.534516 
vt 0.226846 0.497848 
vt 0.571805 0.589273 
vt 0.379396 0.623715 
vt 0.379396 0.589273 
vt 0.571805 0.623715 
vt 0.58627 0.439443 
vt 0.386557 0.398091 
vt 0.386557 0.439443 
vt 0.58627 0.398091 
vt 0.58627 0.356739 
vt 0.386557 0.398091 
vt 0.386557 0.356739 
vt 0.58627 0.356739 
vt 0.386557 0.315387 
vt 0.58627 0.315387 
vt 0.785983 0.305194 
vt 0.58627 0.337279 
vt 0.58627 0.300792 
vt 0.785983 0.337279 
vt 0.58627 0.410253 
vt 0.785983 0.385231 
vt 0.785983 0.416262 
vt 0.76428 0.680841 
vt 0.564567 0.680841 
vt 0.76428 0.648195 
vt 0.564567 0.648195 
vt 0.564095 0.298599 
vt 0.759636 0.31932 
vt 0.564095 0.334404 
vt 0.759636 0.276433 
vt 0.715521 0.723332 
vt 0.715521 0.691524 
vt 0.544684 0.724722 
vt 0.544684 0.691524 
vt 0.715521 0.320701 
vt 0.544684 0.300081 
vt 0.544684 0.335711 
vt 0.715521 0.278024 
vt 0.671876 0.21263 
vt 0.571805 0.20592 
vt 0.764215 0.246457 
vt 0.557579 0.304338 
vt 0.771727 0.359099 
vt 0.557579 0.359099 
vt 0.771727 0.304338 
vt 0.557579 0.304338 
vt 0.557579 0.249576 
vt 0.771727 0.523384 
vt 0.771727 0.468622 
vt 0.557579 0.468622 
vt 0.557579 0.523384 
vt 0.785983 0.716345 
vt 0.58627 0.702149 
vt 0.58627 0.665662 
vt 0.785983 0.385231 
vt 0.58627 0.410253 
vt 0.58627 0.373766 
vt 0.443166 0.180759 
vt 0.443166 0.16464 
vt 0.280423 0.184028 
vt 0.469697 0.377042 
vt 0.469697 0.391863 
vt 0.258876 0.38257 
vt 0.186986 0.864808 
vt 0.379396 0.830366 
vt 0.186986 0.830366 
vt 0.186986 0.795924 
vt 0.379396 0.830366 
vt 0.379396 0.795924 
vt 0.571805 0.520389 
vt 0.571805 0.485947 
vt 0.764215 0.520389 
vt 0.764215 0.485947 
vt 0.785983 0.416262 
vt 0.785983 0.44674 
vt 0.58627 0.44674 
vt 0.58627 0.410253 
vt 0.138749 0.711738 
vt 0.138749 0.776784 
vt 0.339586 0.774292 
vt 0.339586 0.702246 
vt 0.557579 0.304338 
vt 0.557579 0.359099 
vt 0.771727 0.359099 
vt 0.771727 0.304338 
vt 0.771727 0.249576 
vt 0.557579 0.304338 
vt 0.58627 0.563499 
vt 0.58627 0.522147 
vt 0.386557 0.522147 
vt 0.386557 0.563499 
vt 0.40182 0.70471 
vt 0.667478 0.647784 
vt 0.667478 0.70471 
vt 0.40182 0.647784 
vt 0.891339 0.451146 
vt 0.891339 0.465966 
vt 0.680518 0.468957 
vt 0.680518 0.451146 
vt 0.74126 0.51118 
vt 0.74126 0.415647 
vt 0.540423 0.415647 
vt 0.540423 0.51118 
vt 0.557579 0.523384 
vt 0.557579 0.468622 
vt 0.771727 0.523384 
vt 0.771727 0.468622 
vt 0.57731 0.636218 
vt 0.322419 0.59991 
vt 0.322419 0.636218 
vt 0.57731 0.59991 
vt 0.386557 0.676767 
vt 0.386557 0.703736 
vt 0.58627 0.703736 
vt 0.58627 0.676767 
vt 0.759636 0.660005 
vt 0.759636 0.691969 
vt 0.564095 0.691969 
vt 0.564095 0.660005 
vt 0.564482 0.733136 
vt 0.390001 0.708447 
vt 0.564482 0.708447 
vt 0.390001 0.733136 
vt 0.52346 0.757826 
vt 0.564482 0.733136 
vt 0.377255 0.854986 
vt 0.377255 0.823972 
vt 0.576968 0.854986 
vt 0.576969 0.823972 
vt 0.364854 0.550256 
vt 0.165141 0.525893 
vt 0.364854 0.51761 
vt 0.165141 0.568927 
vt 0.386557 0.761988 
vt 0.58627 0.786799 
vt 0.58627 0.761988 
vt 0.386557 0.786799 
vt 0.539316 0.81161 
vt 0.58627 0.786799 
vt 0.584313 0.674414 
vt 0.784026 0.637927 
vt 0.584313 0.637927 
vt 0.784026 0.674414 
vt 0.784026 0.637927 
vt 0.584313 0.60144 
vt 0.784026 0.60144 
vt 0.469697 0.406684 
vt 0.258876 0.406841 
vt 0.469697 0.421504 
vt 0.469697 0.391863 
vt 0.258876 0.406841 
vt 0.258876 0.38257 
vt 0.469697 0.311576 
vt 0.258876 0.286624 
vt 0.258876 0.319526 
vt 0.379396 0.520389 
vt 0.379396 0.485947 
vt 0.571805 0.520389 
vt 0.571805 0.485947 
vt 0.12695 0.750724 
vt 0.349227 0.783598 
vt 0.12695 0.783598 
vt 0.349227 0.750724 
vt 0.3846 0.419005 
vt 0.184887 0.528466 
vt 0.3846 0.528466 
vt 0.184887 0.435127 
vt 0.379396 0.655162 
vt 0.186986 0.655162 
vt 0.186986 0.625212 
vt 0.379396 0.625212 
vt 0.379396 0.589273 
vt 0.571805 0.554831 
vt 0.571805 0.589273 
vt 0.379396 0.554831 
vt 0.379396 0.520389 
vt 0.571805 0.554831 
vt 0.571805 0.520389 
vt 0.785983 0.305194 
vt 0.58627 0.300792 
vt 0.785983 0.277657 
vt 0.386557 0.563499 
vt 0.386557 0.604851 
vt 0.58627 0.604851 
vt 0.58627 0.563499 
vt 0.58627 0.757673 
vt 0.386557 0.730704 
vt 0.386557 0.757673 
vt 0.58627 0.730704 
vt 0.76428 0.331584 
vt 0.564567 0.321732 
vt 0.568387 0.289086 
vt 0.55424 0.23752 
vt 0.720134 0.216916 
vt 0.720134 0.236873 
vt 0.554084 0.20707 
vt 0.387945 0.505864 
vt 0.221851 0.518269 
vt 0.221851 0.560275 
vt 0.58627 0.592688 
vt 0.386557 0.519714 
vt 0.58627 0.519714 
vt 0.386557 0.592688 
vt 0.379396 0.864808 
vt 0.186986 0.834858 
vt 0.379396 0.834858 
vt 0.186986 0.834858 
vt 0.379396 0.804909 
vt 0.186986 0.804909 
vt 0.186986 0.774959 
vt 0.379396 0.804909 
vt 0.379396 0.774959 
vt 0.12695 0.586353 
vt 0.349227 0.553479 
vt 0.349227 0.586353 
vt 0.12695 0.553479 
vt 0.557579 0.359099 
vt 0.557579 0.413861 
vt 0.771727 0.413861 
vt 0.771727 0.359099 
vt 0.443166 0.180759 
vt 0.280423 0.199045 
vt 0.443166 0.199222 
vt 0.280423 0.184028 
vt 0.280423 0.199045 
vt 0.280423 0.220309 
vt 0.557579 0.413861 
vt 0.557579 0.359099 
vt 0.771727 0.413861 
vt 0.771727 0.359099 
vt 0.186844 0.416262 
vt 0.186844 0.385231 
vt 0.386557 0.410253 
vt 0.138749 0.797779 
vt 0.339586 0.774292 
vt 0.138749 0.776784 
vt 0.390001 0.338104 
vt 0.564482 0.362794 
vt 0.390001 0.362794 
vt 0.564482 0.338104 
vt 0.184887 0.406737 
vt 0.184887 0.435127 
vt 0.3846 0.419005 
vt 0.571805 0.17597 
vt 0.671876 0.21263 
vt 0.571805 0.20592 
vt 0.258876 0.349829 
vt 0.258876 0.3351 
vt 0.469697 0.346159 
vt 0.469697 0.32935 
vt 0.557579 0.413861 
vt 0.557579 0.468622 
vt 0.771727 0.468622 
vt 0.771727 0.413861 
vt 0.58627 0.518556 
vt 0.785983 0.552151 
vt 0.58627 0.556201 
vt 0.785983 0.522177 
vt 0.785983 0.277657 
vt 0.58627 0.300792 
vt 0.58627 0.264305 
vt 0.368553 0.468219 
vt 0.368553 0.500183 
vt 0.173012 0.485747 
vt 0.173012 0.506172 
vt 0.173012 0.485747 
vt 0.339586 0.702246 
vt 0.138749 0.65448 
vt 0.138749 0.711738 
vt 0.339586 0.65448 
vt 0.338524 0.508461 
vt 0.338524 0.488214 
vt 0.125702 0.503552 
vt 0.390001 0.704153 
vt 0.390001 0.677316 
vt 0.564482 0.704153 
vt 0.564482 0.677316 
vt 0.680518 0.337834 
vt 0.680518 0.321124 
vt 0.891339 0.3351 
vt 0.891339 0.319526 
vt 0.469697 0.421504 
vt 0.258876 0.436325 
vt 0.469697 0.436325 
vt 0.258876 0.406841 
vt 0.211677 0.404017 
vt 0.388728 0.437481 
vt 0.388728 0.402104 
vt 0.211677 0.446267 
vt 0.12695 0.652101 
vt 0.349227 0.619227 
vt 0.349227 0.652101 
vt 0.12695 0.619227 
vt 0.386557 0.665662 
vt 0.58627 0.629175 
vt 0.58627 0.665662 
vt 0.386557 0.629175 
vt 0.386557 0.519714 
vt 0.58627 0.629175 
vt 0.58627 0.519714 
vt 0.557579 0.468622 
vt 0.557579 0.413861 
vt 0.771727 0.468622 
vt 0.771727 0.413861 
vt 0.226846 0.791191 
vt 0.385812 0.717855 
vt 0.226846 0.717855 
vt 0.385812 0.681188 
vt 0.226846 0.717855 
vt 0.226846 0.681188 
vt 0.226846 0.644519 
vt 0.385812 0.681188 
vt 0.385812 0.644519 
vt 0.385812 0.607852 
vt 0.226846 0.644519 
vt 0.226846 0.607852 
vt 0.667478 0.755944 
vt 0.667478 0.795793 
vt 0.40182 0.755944 
vt 0.40182 0.795793 
vt 0.40182 0.755944 
vt 0.667478 0.716096 
vt 0.40182 0.716096 
vt 0.186986 0.513403 
vt 0.379396 0.535364 
vt 0.186986 0.548973 
vt 0.386557 0.595861 
vt 0.386557 0.62283 
vt 0.58627 0.62283 
vt 0.58627 0.595861 
vt 0.390001 0.301606 
vt 0.564482 0.328443 
vt 0.390001 0.328443 
vt 0.564482 0.301606 
vt 0.571805 0.17597 
vt 0.571805 0.20592 
vt 0.671876 0.21263 
vt 0.469697 0.278602 
vt 0.258876 0.286624 
vt 0.469697 0.311576 
vt 0.12695 0.684975 
vt 0.349227 0.652101 
vt 0.349227 0.684975 
vt 0.12695 0.652101 
vt 0.58627 0.58831 
vt 0.386557 0.563499 
vt 0.386557 0.58831 
vt 0.58627 0.563499 
vt 0.785983 0.44674 
vt 0.58627 0.483227 
vt 0.58627 0.44674 
vt 0.785983 0.494047 
vt 0.58627 0.730704 
vt 0.386557 0.703736 
vt 0.386557 0.730704 
vt 0.58627 0.703736 
vt 0.385812 0.534516 
vt 0.226846 0.607852 
vt 0.385812 0.607852 
vt 0.226846 0.534516 
vt 0.564482 0.543134 
vt 0.564482 0.569971 
vt 0.390001 0.543134 
vt 0.390001 0.569971 
vt 0.469697 0.406684 
vt 0.469697 0.421504 
vt 0.258876 0.406841 
vt 0.258876 0.406841 
vt 0.469697 0.391863 
vt 0.258876 0.38257 
vt 0.186986 0.565313 
vt 0.186986 0.535364 
vt 0.379396 0.565313 
vt 0.379396 0.535364 
vt 0.12695 0.849346 
vt 0.12695 0.816472 
vt 0.349227 0.816472 
vt 0.12695 0.783598 
vt 0.349227 0.816472 
vt 0.349227 0.783598 
vt 0.764215 0.589273 
vt 0.764215 0.623715 
vt 0.571805 0.589273 
vt 0.571805 0.623715 
vt 0.443166 0.336485 
vt 0.443166 0.260792 
vt 0.280423 0.281319 
vt 0.280423 0.325635 
vt 0.280423 0.381008 
vt 0.280423 0.247246 
vt 0.280423 0.281319 
vt 0.443166 0.199222 
vt 0.280423 0.220309 
vt 0.443166 0.223686 
vt 0.125702 0.373349 
vt 0.338524 0.386981 
vt 0.338524 0.366734 
vt 0.390001 0.53562 
vt 0.390001 0.510931 
vt 0.564482 0.53562 
vt 0.564482 0.51093 
vt 0.571805 0.864808 
vt 0.379396 0.830366 
vt 0.571805 0.830366 
vt 0.379396 0.830366 
vt 0.571805 0.795924 
vt 0.379396 0.795924 
vt 0.280423 0.247246 
vt 0.443166 0.223686 
vt 0.280423 0.220309 
vt 0.443166 0.260792 
vt 0.40182 0.26604 
vt 0.667478 0.21916 
vt 0.40182 0.21916 
vt 0.667478 0.26604 
vt 0.280423 0.166497 
vt 0.443166 0.16464 
vt 0.443166 0.158426 
vt 0.379396 0.692598 
vt 0.379396 0.72704 
vt 0.186986 0.692598 
vt 0.186986 0.72704 
vt 0.184887 0.406737 
vt 0.3846 0.382518 
vt 0.184887 0.370647 
vt 0.3846 0.419005 
vt 0.12695 0.619227 
vt 0.349227 0.586353 
vt 0.349227 0.619227 
vt 0.12695 0.586353 
vt 0.571805 0.485947 
vt 0.571805 0.451505 
vt 0.764215 0.485947 
vt 0.764215 0.451505 
vt 0.58627 0.712366 
vt 0.386557 0.687554 
vt 0.386557 0.712366 
vt 0.58627 0.687554 
vt 0.339586 0.65448 
vt 0.138749 0.606713 
vt 0.138749 0.65448 
vt 0.339586 0.606713 
vt 0.390001 0.65048 
vt 0.564482 0.677316 
vt 0.390001 0.677316 
vt 0.564482 0.65048 
vt 0.258876 0.349829 
vt 0.469697 0.377042 
vt 0.258876 0.38257 
vt 0.469697 0.346159 
vt 0.58627 0.676767 
vt 0.58627 0.62283 
vt 0.386557 0.62283 
vt 0.386557 0.676767 
vt 0.564482 0.569971 
vt 0.564482 0.623644 
vt 0.390001 0.569971 
vt 0.390001 0.623644 
vt 0.564482 0.634378 
vt 0.564482 0.659068 
vt 0.390001 0.634378 
vt 0.390001 0.659068 
vt 0.386557 0.44674 
vt 0.386557 0.410253 
vt 0.58627 0.44674 
vt 0.58627 0.410253 
vt 0.339586 0.606713 
vt 0.138749 0.558946 
vt 0.138749 0.606713 
vt 0.339586 0.558946 
vt 0.339586 0.51118 
vt 0.138749 0.558946 
vt 0.138749 0.51118 
vt 0.184887 0.218466 
vt 0.3846 0.23657 
vt 0.3846 0.200083 
vt 0.186986 0.415566 
vt 0.379396 0.445516 
vt 0.186986 0.445516 
vt 0.379396 0.415566 
vt 0.443166 0.150684 
vt 0.280423 0.163438 
vt 0.280423 0.160748 
vt 0.379396 0.565313 
vt 0.186986 0.548973 
vt 0.379396 0.535364 
vt 0.186986 0.583604 
vt 0.186986 0.715061 
vt 0.379396 0.715061 
vt 0.379396 0.74501 
vt 0.186986 0.74501 
vt 0.125702 0.446732 
vt 0.125702 0.503552 
vt 0.338524 0.488214 
vt 0.338524 0.447721 
vt 0.373847 0.46887 
vt 0.20301 0.486312 
vt 0.373847 0.500677 
vt 0.20301 0.506637 
vt 0.20301 0.486312 
vt 0.184887 0.370647 
vt 0.3846 0.382518 
vt 0.3846 0.346031 
vt 0.184887 0.218466 
vt 0.3846 0.200083 
vt 0.264056 0.196857 
vt 0.186986 0.74501 
vt 0.379396 0.774959 
vt 0.186986 0.774959 
vt 0.379396 0.74501 
vt 0.571805 0.385616 
vt 0.764215 0.415566 
vt 0.571805 0.415566 
vt 0.764215 0.385616 
vt 0.386557 0.373766 
vt 0.58627 0.410253 
vt 0.386557 0.410253 
vt 0.58627 0.373766 
vt 0.379396 0.72704 
vt 0.186986 0.761482 
vt 0.379396 0.761482 
vt 0.186986 0.72704 
vt 0.186986 0.761482 
vt 0.379396 0.777512 
vt 0.186986 0.795924 
vt 0.379396 0.72704 
vt 0.186986 0.692598 
vt 0.379396 0.692598 
vt 0.374155 0.582071 
vt 0.374155 0.613085 
vt 0.174442 0.586347 
vt 0.196719 0.785591 
vt 0.067528 0.722037 
vt 0.322419 0.788052 
vt 0.322419 0.722037 
vt 0.386557 0.728906 
vt 0.186844 0.694257 
vt 0.386557 0.687554 
vt 0.186844 0.728906 
vt 0.280423 0.162088 
vt 0.280423 0.166497 
vt 0.443166 0.158426 
vt 0.443166 0.150684 
vt 0.386557 0.519714 
vt 0.386557 0.483227 
vt 0.58627 0.519714 
vt 0.58627 0.483227 
vt 0.386557 0.483227 
vt 0.58627 0.44674 
vt 0.386557 0.44674 
vt 0.186986 0.658157 
vt 0.379396 0.692598 
vt 0.379396 0.658157 
vt 0.186986 0.692598 
vt 0.538277 0.632496 
vt 0.68541 0.670739 
vt 0.68541 0.617988 
vt 0.538277 0.662961 
vt 0.891339 0.451146 
vt 0.680518 0.468957 
vt 0.891339 0.465966 
vt 0.680518 0.451146 
vt 0.469697 0.377042 
vt 0.258876 0.349829 
vt 0.258876 0.38257 
vt 0.469697 0.346159 
vt 0.379396 0.485947 
vt 0.379396 0.451505 
vt 0.571805 0.485947 
vt 0.571805 0.451505 
vt 0.379396 0.34818 
vt 0.571805 0.382622 
vt 0.379396 0.382622 
vt 0.571805 0.34818 
vt 0.386557 0.480795 
vt 0.386557 0.522147 
vt 0.58627 0.522147 
vt 0.58627 0.480795 
vt 0.57731 0.672526 
vt 0.322419 0.636218 
vt 0.322419 0.672526 
vt 0.57731 0.636218 
vt 0.564482 0.623644 
vt 0.564482 0.65048 
vt 0.390001 0.623644 
vt 0.390001 0.65048 
vt 0.390001 0.708447 
vt 0.390001 0.683757 
vt 0.564482 0.708447 
vt 0.564482 0.683757 
vt 0.379396 0.655162 
vt 0.379396 0.685111 
vt 0.186986 0.655162 
vt 0.186986 0.685111 
vt 0.576969 0.606874 
vt 0.377255 0.606874 
vt 0.377255 0.57586 
vt 0.576969 0.57586 
vt 0.564095 0.212504 
vt 0.759636 0.244468 
vt 0.564095 0.269116 
vt 0.784026 0.60144 
vt 0.584313 0.583196 
vt 0.584313 0.60144 
vt 0.784026 0.583196 
vt 0.784026 0.564952 
vt 0.584313 0.583196 
vt 0.584313 0.564953 
vt 0.379396 0.804909 
vt 0.379396 0.834858 
vt 0.186986 0.817675 
vt 0.349227 0.257611 
vt 0.12695 0.290485 
vt 0.12695 0.257611 
vt 0.349227 0.290485 
vt 0.349227 0.257611 
vt 0.12695 0.224737 
vt 0.571805 0.451505 
vt 0.571805 0.382622 
vt 0.764215 0.451505 
vt 0.764215 0.382622 
vt 0.773581 0.89221 
vt 0.572778 0.923224 
vt 0.573868 0.89221 
vt 0.573868 0.861196 
vt 0.773581 0.89221 
vt 0.773581 0.840195 
vt 0.322419 0.672526 
vt 0.322419 0.636218 
vt 0.57731 0.672526 
vt 0.57731 0.636218 
vt 0.715521 0.659716 
vt 0.544684 0.691524 
vt 0.715521 0.691524 
vt 0.544684 0.659716 
vt 0.379396 0.804909 
vt 0.186986 0.817675 
vt 0.379396 0.834858 
vt 0.379396 0.834858 
vt 0.186986 0.817675 
vt 0.186986 0.864808 
vt 0.379396 0.864808 
vt 0.186986 0.513403 
vt 0.186986 0.548973 
vt 0.379396 0.535364 
vt 0.186986 0.830366 
vt 0.379396 0.795924 
vt 0.186986 0.795924 
vt 0.379396 0.830366 
vt 0.379396 0.795924 
vt 0.379396 0.777512 
vt 0.377255 0.699916 
vt 0.377255 0.668902 
vt 0.576969 0.699916 
vt 0.576969 0.668902 
vt 0.364854 0.484963 
vt 0.364854 0.51761 
vt 0.165141 0.494258 
vt 0.138749 0.415647 
vt 0.138749 0.51118 
vt 0.339586 0.419695 
vt 0.339586 0.51118 
vt 0.373847 0.532485 
vt 0.20301 0.506637 
vt 0.20301 0.532485 
vt 0.373847 0.500677 
vt 0.68541 0.617988 
vt 0.538277 0.602031 
vt 0.538277 0.632496 
vt 0.186986 0.817675 
vt 0.379396 0.834858 
vt 0.186986 0.864808 
vt 0.379396 0.864808 
vt 0.186986 0.761482 
vt 0.186986 0.795924 
vt 0.379396 0.795924 
vt 0.379396 0.761482 
vt 0.186986 0.72704 
vt 0.186986 0.761482 
vt 0.379396 0.761482 
vt 0.379396 0.72704 
vt 0.386557 0.315387 
vt 0.386557 0.340198 
vt 0.58627 0.315387 
vt 0.58627 0.340198 
vt 0.173012 0.506172 
vt 0.368553 0.532147 
vt 0.173012 0.532147 
vt 0.368553 0.500183 
vt 0.387945 0.505864 
vt 0.221851 0.486898 
vt 0.221851 0.518269 
vt 0.387945 0.478626 
vt 0.544684 0.214408 
vt 0.544684 0.270743 
vt 0.715521 0.246216 
vt 0.386557 0.337279 
vt 0.58627 0.373766 
vt 0.386557 0.373766 
vt 0.58627 0.337279 
vt 0.186986 0.864808 
vt 0.379396 0.830366 
vt 0.379396 0.864808 
vt 0.186986 0.830366 
vt 0.186986 0.830366 
vt 0.379396 0.795924 
vt 0.186986 0.795924 
vt 0.186986 0.761482 
vt 0.379396 0.795924 
vt 0.379396 0.761482 
vt 0.186986 0.72704 
vt 0.379396 0.72704 
vt 0.379396 0.761482 
vt 0.186986 0.761482 
vt 0.377255 0.823972 
vt 0.377255 0.792958 
vt 0.576969 0.823972 
vt 0.576969 0.792958 
vt 0.576969 0.699916 
vt 0.576969 0.73093 
vt 0.377255 0.699916 
vt 0.377255 0.73093 
vt 0.58627 0.518556 
vt 0.785983 0.494047 
vt 0.785983 0.522177 
vt 0.58627 0.483227 
vt 0.379333 0.846533 
vt 0.379396 0.864808 
vt 0.571805 0.864808 
vt 0.571805 0.846524 
vt 0.68541 0.670739 
vt 0.538277 0.662961 
vt 0.538277 0.693425 
vt 0.576969 0.917014 
vt 0.377255 0.885999 
vt 0.576969 0.885999 
vt 0.377255 0.854986 
vt 0.576969 0.885999 
vt 0.576968 0.854986 
vt 0.386557 0.44674 
vt 0.186844 0.416262 
vt 0.386557 0.410253 
vt 0.186844 0.44674 
vt 0.58627 0.761988 
vt 0.386557 0.737177 
vt 0.386557 0.761988 
vt 0.58627 0.737177 
vt 0.386557 0.365009 
vt 0.58627 0.389821 
vt 0.58627 0.365009 
vt 0.386557 0.389821 
vt 0.58627 0.340198 
vt 0.386557 0.365009 
vt 0.386557 0.340198 
vt 0.226846 0.167836 
vt 0.385812 0.131168 
vt 0.226846 0.131168 
vt 0.385812 0.167836 
vt 0.385812 0.131168 
vt 0.226846 0.0945 
vt 0.186986 0.426021 
vt 0.379396 0.475465 
vt 0.186986 0.513403 
vt 0.379396 0.445516 
vt 0.387945 0.478626 
vt 0.221851 0.455526 
vt 0.221851 0.486898 
vt 0.387945 0.451387 
vt 0.379396 0.415566 
vt 0.379396 0.445516 
vt 0.186986 0.426021 
vt 0.469697 0.278602 
vt 0.469697 0.311576 
vt 0.258876 0.286624 
vt 0.377255 0.668902 
vt 0.377255 0.637888 
vt 0.576969 0.668902 
vt 0.576969 0.637888 
vt 0.165141 0.525893 
vt 0.165141 0.494258 
vt 0.364854 0.51761 
vt 0.174442 0.616372 
vt 0.174442 0.586347 
vt 0.374155 0.613085 
vt 0.386557 0.326174 
vt 0.58627 0.353143 
vt 0.58627 0.326174 
vt 0.386557 0.353143 
vt 0.58627 0.299206 
vt 0.386557 0.326174 
vt 0.386557 0.299206 
vt 0.629385 0.226434 
vt 0.629385 0.205754 
vt 0.40467 0.216538 
vt 0.40467 0.237321 
vt 0.391144 0.84575 
vt 0.244011 0.84575 
vt 0.244011 0.876215 
vt 0.391144 0.84575 
vt 0.244011 0.815285 
vt 0.391144 0.815285 
vt 0.576969 0.637888 
vt 0.377255 0.637888 
vt 0.377255 0.606874 
vt 0.576969 0.606874 
vt 0.58627 0.737177 
vt 0.386557 0.712366 
vt 0.386557 0.737177 
vt 0.58627 0.712366 
vt 0.379396 0.415566 
vt 0.186986 0.426021 
vt 0.379396 0.445516 
vt 0.379396 0.623715 
vt 0.186986 0.623715 
vt 0.379396 0.658157 
vt 0.186986 0.658157 
vt 0.186986 0.692598 
vt 0.186986 0.658157 
vt 0.379396 0.692598 
vt 0.379396 0.658157 
vt 0.379396 0.589273 
vt 0.379396 0.554831 
vt 0.571805 0.554831 
vt 0.571805 0.589273 
vt 0.386557 0.629175 
vt 0.186844 0.619124 
vt 0.386557 0.592688 
vt 0.138749 0.272348 
vt 0.339586 0.204225 
vt 0.138749 0.196662 
vt 0.339586 0.284987 
vt 0.339586 0.204225 
vt 0.138749 0.129048 
vt 0.339586 0.129048 
vt 0.390001 0.659068 
vt 0.564482 0.683757 
vt 0.390001 0.683757 
vt 0.564482 0.659068 
vt 0.379396 0.595263 
vt 0.186986 0.583604 
vt 0.379396 0.565313 
vt 0.469697 0.544937 
vt 0.258876 0.544937 
vt 0.258876 0.525249 
vt 0.469697 0.525249 
vt 0.258876 0.525249 
vt 0.469697 0.510428 
vt 0.258876 0.510428 
vt 0.258876 0.495608 
vt 0.469697 0.510428 
vt 0.469697 0.495608 
vt 0.74283 0.233195 
vt 0.74283 0.307624 
vt 0.565779 0.233188 
vt 0.565779 0.312804 
vt 0.565779 0.233188 
vt 0.565577 0.19968 
vt 0.386557 0.300792 
vt 0.58627 0.337279 
vt 0.386557 0.337279 
vt 0.58627 0.300792 
vt 0.443166 0.150684 
vt 0.280423 0.160748 
vt 0.280423 0.162088 
vt 0.564482 0.584999 
vt 0.564482 0.634378 
vt 0.390001 0.584999 
vt 0.390001 0.634378 
vt 0.186986 0.548973 
vt 0.379396 0.565313 
vt 0.379396 0.535364 
vt 0.186986 0.583604 
vt 0.186986 0.685111 
vt 0.379396 0.685111 
vt 0.379396 0.715061 
vt 0.186986 0.715061 
vt 0.379396 0.382622 
vt 0.571805 0.451505 
vt 0.379396 0.451505 
vt 0.571805 0.382622 
vt 0.379396 0.475465 
vt 0.186986 0.426021 
vt 0.186986 0.513403 
vt 0.379396 0.445516 
vt 0.58627 0.687554 
vt 0.58627 0.637932 
vt 0.386557 0.637932 
vt 0.386557 0.687554 
vt 0.373847 0.747813 
vt 0.20301 0.723332 
vt 0.20301 0.74746 
vt 0.373847 0.723332 
vt 0.20301 0.723332 
vt 0.373847 0.70933 
vt 0.186986 0.445516 
vt 0.379396 0.505414 
vt 0.186986 0.505414 
vt 0.379396 0.445516 
vt 0.58627 0.480795 
vt 0.386557 0.439443 
vt 0.386557 0.480795 
vt 0.58627 0.439443 
vt 0.469697 0.436325 
vt 0.258876 0.436325 
vt 0.469697 0.421504 
vt 0.258876 0.406841 
vt 0.379396 0.34818 
vt 0.186986 0.382622 
vt 0.379396 0.382622 
vt 0.186986 0.34818 
vt 0.364854 0.680841 
vt 0.165141 0.680841 
vt 0.364854 0.648195 
vt 0.165141 0.648195 
vt 0.165141 0.615548 
vt 0.364854 0.648195 
vt 0.364854 0.615548 
vt 0.165141 0.615548 
vt 0.364854 0.582902 
vt 0.165141 0.568927 
vt 0.20301 0.583622 
vt 0.373847 0.580342 
vt 0.20301 0.532485 
vt 0.373847 0.532485 
vt 0.379396 0.804909 
vt 0.186986 0.792749 
vt 0.186986 0.817675 
vt 0.58627 0.519714 
vt 0.386557 0.483227 
vt 0.58627 0.483227 
vt 0.386557 0.519714 
vt 0.379396 0.212225 
vt 0.571805 0.212225 
vt 0.474114 0.17597 
vt 0.571805 0.212225 
vt 0.379396 0.24848 
vt 0.571805 0.24848 
vt 0.379396 0.24848 
vt 0.571805 0.284734 
vt 0.379396 0.284734 
vt 0.379396 0.320989 
vt 0.571805 0.284734 
vt 0.571805 0.320989 
vt 0.186986 0.505414 
vt 0.379396 0.535364 
vt 0.186986 0.535364 
vt 0.379396 0.505414 
vt 0.322419 0.454677 
vt 0.322419 0.418369 
vt 0.57731 0.454677 
vt 0.57731 0.418369 
vt 0.322419 0.418369 
vt 0.57731 0.382061 
vt 0.322419 0.382061 
vt 0.138749 0.320114 
vt 0.339586 0.284987 
vt 0.138749 0.272348 
vt 0.186986 0.692598 
vt 0.379396 0.72704 
vt 0.379396 0.692598 
vt 0.186986 0.72704 
vt 0.57731 0.454677 
vt 0.322419 0.418369 
vt 0.322419 0.454677 
vt 0.57731 0.418369 
vt 0.57731 0.382061 
vt 0.322419 0.418369 
vt 0.322419 0.382061 
vt 0.379396 0.804909 
vt 0.186986 0.817675 
vt 0.186986 0.792749 
vt 0.58627 0.380112 
vt 0.386557 0.353143 
vt 0.386557 0.380112 
vt 0.58627 0.353143 
vt 0.58627 0.439443 
vt 0.386557 0.414632 
vt 0.386557 0.439443 
vt 0.58627 0.414632 
vt 0.390001 0.53562 
vt 0.564482 0.56031 
vt 0.390001 0.56031 
vt 0.564482 0.53562 
vt 0.379396 0.475465 
vt 0.379396 0.505414 
vt 0.186986 0.513403 
vt 0.469697 0.436325 
vt 0.258876 0.451146 
vt 0.469697 0.451146 
vt 0.258876 0.436325 
vt 0.186986 0.623715 
vt 0.379396 0.658157 
vt 0.379396 0.623715 
vt 0.186986 0.658157 
vt 0.386557 0.337279 
vt 0.386557 0.373766 
vt 0.58627 0.373766 
vt 0.58627 0.337279 
vt 0.58627 0.613121 
vt 0.386557 0.58831 
vt 0.386557 0.613121 
vt 0.58627 0.58831 
vt 0.571503 0.389108 
vt 0.571503 0.356234 
vt 0.79378 0.389108 
vt 0.79378 0.356234 
vt 0.571503 0.356234 
vt 0.79378 0.323359 
vt 0.571503 0.323359 
vt 0.386557 0.300792 
vt 0.386557 0.337279 
vt 0.58627 0.337279 
vt 0.58627 0.300792 
vt 0.186986 0.658157 
vt 0.186986 0.623715 
vt 0.379396 0.658157 
vt 0.379396 0.623715 
vt 0.764215 0.864808 
vt 0.571805 0.830366 
vt 0.764215 0.830366 
vt 0.571805 0.830366 
vt 0.764215 0.795924 
vt 0.571805 0.795924 
vt 0.373847 0.70933 
vt 0.373847 0.691524 
vt 0.20301 0.691524 
vt 0.20301 0.723332 
vt 0.186986 0.792749 
vt 0.379396 0.774959 
vt 0.186986 0.763169 
vt 0.379396 0.804909 
vt 0.186986 0.658157 
vt 0.379396 0.692598 
vt 0.379396 0.658157 
vt 0.186986 0.692598 
vt 0.379396 0.623715 
vt 0.186986 0.554831 
vt 0.186986 0.623715 
vt 0.379396 0.554831 
vt 0.58627 0.44674 
vt 0.58627 0.410253 
vt 0.386557 0.44674 
vt 0.386557 0.410253 
vt 0.58627 0.410253 
vt 0.386557 0.373766 
vt 0.58627 0.373766 
vt 0.764215 0.623715 
vt 0.764215 0.658157 
vt 0.571805 0.623715 
vt 0.571805 0.658157 
vt 0.469697 0.311576 
vt 0.258876 0.319526 
vt 0.258876 0.286624 
vt 0.379396 0.313738 
vt 0.186986 0.34818 
vt 0.379396 0.34818 
vt 0.186986 0.313738 
vt 0.386557 0.483227 
vt 0.386557 0.44674 
vt 0.58627 0.483227 
vt 0.58627 0.44674 
vt 0.379396 0.774959 
vt 0.186986 0.792749 
vt 0.186986 0.763169 
vt 0.379396 0.804909 
vt 0.186986 0.554831 
vt 0.186986 0.520389 
vt 0.379396 0.554831 
vt 0.379396 0.520389 
vt 0.173012 0.583536 
vt 0.173012 0.532147 
vt 0.368553 0.580239 
vt 0.368553 0.532147 
vt 0.667478 0.87549 
vt 0.40182 0.835642 
vt 0.667478 0.835642 
vt 0.40182 0.795793 
vt 0.667478 0.835642 
vt 0.667478 0.795793 
vt 0.379396 0.505414 
vt 0.379396 0.535364 
vt 0.186986 0.513403 
vt 0.186986 0.692598 
vt 0.379396 0.692598 
vt 0.379396 0.72704 
vt 0.186986 0.72704 
vt 0.387931 0.146951 
vt 0.55404 0.175582 
vt 0.554035 0.136785 
vt 0.387945 0.196009 
vt 0.373847 0.691524 
vt 0.20301 0.659716 
vt 0.20301 0.691524 
vt 0.373847 0.639369 
vt 0.186986 0.393309 
vt 0.379396 0.415566 
vt 0.379396 0.385616 
vt 0.186986 0.426021 
vt 0.40182 0.752879 
vt 0.667478 0.814185 
vt 0.40182 0.814185 
vt 0.667478 0.752879 
vt 0.667478 0.814185 
vt 0.538092 0.87549 
vt 0.544778 0.241172 
vt 0.703745 0.27784 
vt 0.703745 0.241172 
vt 0.544778 0.27784 
vt 0.703745 0.204504 
vt 0.544778 0.241172 
vt 0.544778 0.204504 
vt 0.55404 0.175582 
vt 0.387931 0.146951 
vt 0.554035 0.136785 
vt 0.387945 0.196009 
vt 0.379396 0.828553 
vt 0.379333 0.846533 
vt 0.571805 0.846524 
vt 0.571805 0.828553 
vt 0.379396 0.595263 
vt 0.379396 0.565313 
vt 0.186986 0.583604 
vt 0.339586 0.419695 
vt 0.339586 0.284987 
vt 0.138749 0.367881 
vt 0.138749 0.320114 
vt 0.386557 0.44674 
vt 0.386557 0.483227 
vt 0.58627 0.44674 
vt 0.58627 0.483227 
vt 0.374155 0.644099 
vt 0.174442 0.616372 
vt 0.374155 0.613085 
vt 0.174442 0.644099 
vt 0.390001 0.313414 
vt 0.564482 0.338104 
vt 0.390001 0.338104 
vt 0.564482 0.313414 
vt 0.390001 0.313414 
vt 0.564482 0.288725 
vt 0.390001 0.288725 
vt 0.391144 0.815285 
vt 0.244011 0.78482 
vt 0.244011 0.815285 
vt 0.391144 0.78482 
vt 0.379396 0.774959 
vt 0.186986 0.763169 
vt 0.379396 0.74501 
vt 0.58627 0.300792 
vt 0.386557 0.264305 
vt 0.58627 0.264305 
vt 0.386557 0.300792 
vt 0.386557 0.227818 
vt 0.386557 0.264305 
vt 0.186844 0.552151 
vt 0.386557 0.592688 
vt 0.186844 0.619124 
vt 0.386557 0.556201 
vt 0.443166 0.168368 
vt 0.280423 0.163438 
vt 0.443166 0.157542 
vt 0.576969 0.761944 
vt 0.576969 0.792958 
vt 0.377255 0.761944 
vt 0.377255 0.792958 
vt 0.377255 0.761944 
vt 0.377255 0.73093 
vt 0.576969 0.73093 
vt 0.373847 0.760054 
vt 0.20301 0.74746 
vt 0.20301 0.759525 
vt 0.373847 0.747813 
vt 0.379396 0.415566 
vt 0.186986 0.393309 
vt 0.379396 0.385616 
vt 0.186986 0.426021 
vt 0.379396 0.485947 
vt 0.186986 0.417063 
vt 0.186986 0.485947 
vt 0.379396 0.417063 
vt 0.379396 0.382622 
vt 0.186986 0.417063 
vt 0.186986 0.382622 
vt 0.186986 0.623715 
vt 0.186986 0.589273 
vt 0.379396 0.623715 
vt 0.379396 0.589273 
vt 0.138749 0.415647 
vt 0.339586 0.419695 
vt 0.138749 0.367881 
vt 0.667478 0.87549 
vt 0.40182 0.818564 
vt 0.667478 0.818564 
vt 0.40182 0.761637 
vt 0.667478 0.818564 
vt 0.667478 0.761637 
vt 0.40182 0.761637 
vt 0.667478 0.70471 
vt 0.40182 0.70471 
vt 0.379396 0.774959 
vt 0.379396 0.74501 
vt 0.186986 0.763169 
vt 0.386557 0.738636 
vt 0.186844 0.716345 
vt 0.386557 0.702149 
vt 0.386557 0.629175 
vt 0.186844 0.660127 
vt 0.186844 0.619124 
vt 0.386557 0.665662 
vt 0.379396 0.74501 
vt 0.186986 0.701912 
vt 0.379396 0.715061 
vt 0.186986 0.763169 
vt 0.379396 0.475465 
vt 0.186986 0.513403 
vt 0.379396 0.505414 
vt 0.174442 0.679343 
vt 0.174442 0.644099 
vt 0.374155 0.675113 
vt 0.374155 0.644099 
vt 0.186986 0.244854 
vt 0.379396 0.210412 
vt 0.186986 0.210412 
vt 0.379396 0.244854 
vt 0.379396 0.210412 
vt 0.379396 0.17597 
vt 0.186986 0.589273 
vt 0.186986 0.554831 
vt 0.379396 0.589273 
vt 0.379396 0.554831 
vt 0.186844 0.522177 
vt 0.386557 0.556201 
vt 0.186844 0.552151 
vt 0.386557 0.518556 
vt 0.40182 0.752879 
vt 0.667478 0.752879 
vt 0.40182 0.691574 
vt 0.667478 0.691574 
vt 0.667478 0.630268 
vt 0.40182 0.691574 
vt 0.40182 0.630268 
vt 0.386557 0.702149 
vt 0.186844 0.716345 
vt 0.386557 0.665662 
vt 0.379396 0.715061 
vt 0.186986 0.701912 
vt 0.379396 0.74501 
vt 0.186986 0.763169 
vt 0.387945 0.196009 
vt 0.221851 0.216916 
vt 0.387749 0.221062 
vt 0.221851 0.196141 
vt 0.221851 0.236872 
vt 0.387749 0.221062 
vt 0.387636 0.245118 
vt 0.244011 0.617988 
vt 0.391144 0.632496 
vt 0.391144 0.602031 
vt 0.40182 0.21916 
vt 0.667478 0.172279 
vt 0.40182 0.172279 
vt 0.667478 0.21916 
vt 0.667478 0.125398 
vt 0.667478 0.172279 
vt 0.186844 0.694257 
vt 0.186844 0.661112 
vt 0.386557 0.687554 
vt 0.40182 0.691574 
vt 0.667478 0.752879 
vt 0.40182 0.752879 
vt 0.667478 0.691574 
vt 0.40182 0.691574 
vt 0.667478 0.630268 
vt 0.40182 0.630268 
vt 0.186986 0.520389 
vt 0.186986 0.485947 
vt 0.379396 0.520389 
vt 0.379396 0.485947 
vt 0.186986 0.485947 
vt 0.379396 0.451505 
vt 0.186986 0.451505 
vt 0.374155 0.706127 
vt 0.174442 0.679343 
vt 0.374155 0.675113 
vt 0.379396 0.313738 
vt 0.186986 0.34818 
vt 0.186986 0.313738 
vt 0.379396 0.34818 
vt 0.387945 0.196009 
vt 0.387749 0.221062 
vt 0.221851 0.216916 
vt 0.221851 0.196141 
vt 0.221851 0.236872 
vt 0.387749 0.221062 
vt 0.387636 0.245118 
vt 0.571805 0.795924 
vt 0.764215 0.761482 
vt 0.764215 0.795924 
vt 0.571805 0.761482 
vt 0.469697 0.451146 
vt 0.258876 0.451146 
vt 0.469697 0.436325 
vt 0.258876 0.436325 
vt 0.186986 0.34818 
vt 0.379396 0.313738 
vt 0.379396 0.34818 
vt 0.186986 0.313738 
vt 0.373847 0.772295 
vt 0.20301 0.759525 
vt 0.20301 0.77159 
vt 0.373847 0.760054 
vt 0.58627 0.483227 
vt 0.386557 0.519714 
vt 0.58627 0.519714 
vt 0.386557 0.483227 
vt 0.379396 0.554831 
vt 0.379396 0.520389 
vt 0.571805 0.520389 
vt 0.571805 0.554831 
vt 0.386557 0.483227 
vt 0.186844 0.44674 
vt 0.386557 0.44674 
vt 0.186844 0.494047 
vt 0.368553 0.691969 
vt 0.173012 0.660005 
vt 0.368553 0.639558 
vt 0.173012 0.691969 
vt 0.564482 0.56031 
vt 0.564482 0.584999 
vt 0.390001 0.56031 
vt 0.390001 0.584999 
vt 0.379396 0.554831 
vt 0.186986 0.485947 
vt 0.186986 0.554831 
vt 0.379396 0.485947 
vt 0.186986 0.382622 
vt 0.379396 0.34818 
vt 0.379396 0.382622 
vt 0.186986 0.34818 
vt 0.379396 0.210412 
vt 0.186986 0.227633 
vt 0.186986 0.210412 
vt 0.379396 0.227633 
vt 0.379396 0.210412 
vt 0.186986 0.17597 
vt 0.386557 0.613121 
vt 0.386557 0.637932 
vt 0.58627 0.637932 
vt 0.58627 0.613121 
vt 0.58627 0.290576 
vt 0.386557 0.315387 
vt 0.58627 0.315387 
vt 0.386557 0.290576 
vt 0.571805 0.415566 
vt 0.764215 0.445516 
vt 0.571805 0.445516 
vt 0.764215 0.415566 
vt 0.379396 0.279296 
vt 0.186986 0.313738 
vt 0.379396 0.313738 
vt 0.186986 0.279296 
vt 0.379396 0.658157 
vt 0.379396 0.692598 
vt 0.186986 0.658157 
vt 0.186986 0.692598 
vt 0.379396 0.505414 
vt 0.186986 0.513403 
vt 0.379396 0.535364 
vt 0.186986 0.451505 
vt 0.379396 0.382622 
vt 0.379396 0.451505 
vt 0.186986 0.382622 
vt 0.384603 0.692642 
vt 0.184887 0.674414 
vt 0.184883 0.692641 
vt 0.3846 0.674414 
vt 0.186986 0.583604 
vt 0.379396 0.625212 
vt 0.186986 0.642026 
vt 0.379396 0.595263 
vt 0.379396 0.623715 
vt 0.379396 0.658157 
vt 0.186986 0.623715 
vt 0.186986 0.658157 
vt 0.58627 0.414632 
vt 0.386557 0.389821 
vt 0.386557 0.414632 
vt 0.58627 0.389821 
vt 0.221851 0.455526 
vt 0.387945 0.478626 
vt 0.221851 0.486898 
vt 0.387945 0.451387 
vt 0.186986 0.393309 
vt 0.379396 0.385616 
vt 0.186986 0.354715 
vt 0.40182 0.752879 
vt 0.40182 0.814185 
vt 0.667478 0.814185 
vt 0.667478 0.752879 
vt 0.538092 0.87549 
vt 0.667478 0.814185 
vt 0.386557 0.519714 
vt 0.386557 0.592688 
vt 0.58627 0.519714 
vt 0.58627 0.592688 
vt 0.3846 0.710901 
vt 0.184883 0.692641 
vt 0.184887 0.710901 
vt 0.384603 0.692642 
vt 0.469697 0.32935 
vt 0.258876 0.3351 
vt 0.258876 0.319526 
vt 0.469697 0.311576 
vt 0.386557 0.775123 
vt 0.58627 0.738636 
vt 0.386557 0.738636 
vt 0.58627 0.775123 
vt 0.386557 0.81161 
vt 0.386557 0.775123 
vt 0.58627 0.738636 
vt 0.386557 0.702149 
vt 0.58627 0.702149 
vt 0.58627 0.665662 
vt 0.386557 0.702149 
vt 0.386557 0.665662 
vt 0.571805 0.761482 
vt 0.764215 0.72704 
vt 0.764215 0.761482 
vt 0.571805 0.72704 
vt 0.571805 0.692598 
vt 0.764215 0.72704 
vt 0.764215 0.692598 
vt 0.571805 0.658157 
vt 0.764215 0.692598 
vt 0.571805 0.692598 
vt 0.764215 0.658157 
vt 0.186986 0.313738 
vt 0.379396 0.279296 
vt 0.379396 0.313738 
vt 0.186986 0.279296 
vt 0.379396 0.279296 
vt 0.186986 0.244854 
vt 0.379396 0.244854 
vt 0.186986 0.244854 
vt 0.379396 0.227633 
vt 0.186986 0.227633 
vt 0.374155 0.706127 
vt 0.174442 0.78079 
vt 0.174442 0.679343 
vt 0.374155 0.768155 
vt 0.3846 0.674414 
vt 0.184887 0.637927 
vt 0.184887 0.674414 
vt 0.3846 0.637927 
vt 0.469697 0.346159 
vt 0.258876 0.319526 
vt 0.258876 0.349829 
vt 0.379396 0.34818 
vt 0.186986 0.382622 
vt 0.186986 0.34818 
vt 0.379396 0.382622 
vt 0.186986 0.313738 
vt 0.379396 0.279296 
vt 0.379396 0.313738 
vt 0.186986 0.279296 
vt 0.186986 0.244854 
vt 0.379396 0.279296 
vt 0.379396 0.244854 
vt 0.186986 0.244854 
vt 0.186986 0.210412 
vt 0.386557 0.646203 
vt 0.386557 0.687554 
vt 0.186844 0.661112 
vt 0.386557 0.604851 
vt 0.186844 0.563499 
vt 0.386557 0.563499 
vt 0.186844 0.604851 
vt 0.386557 0.522147 
vt 0.186844 0.563499 
vt 0.186844 0.487567 
vt 0.40467 0.237321 
vt 0.629385 0.251807 
vt 0.629385 0.226434 
vt 0.629385 0.251807 
vt 0.40467 0.261507 
vt 0.629385 0.28288 
vt 0.40467 0.298191 
vt 0.391144 0.78482 
vt 0.244011 0.754355 
vt 0.244011 0.78482 
vt 0.391144 0.754355 
vt 0.571805 0.505414 
vt 0.764215 0.535364 
vt 0.571805 0.535364 
vt 0.764215 0.505414 
vt 0.20301 0.627909 
vt 0.373847 0.580342 
vt 0.20301 0.583622 
vt 0.373847 0.639369 
vt 0.379396 0.20592 
vt 0.186986 0.246457 
vt 0.379396 0.235869 
vt 0.374155 0.768155 
vt 0.374155 0.799169 
vt 0.174442 0.78079 
vt 0.443166 0.157542 
vt 0.280423 0.163438 
vt 0.443166 0.150684 
vt 0.379396 0.20592 
vt 0.379396 0.235869 
vt 0.186986 0.246457 
vt 0.165141 0.452317 
vt 0.364854 0.484963 
vt 0.165141 0.494258 
vt 0.364854 0.452317 
vt 0.165141 0.452317 
vt 0.364854 0.419671 
vt 0.165141 0.40052 
vt 0.173012 0.77243 
vt 0.173012 0.748182 
vt 0.368553 0.773138 
vt 0.368553 0.748536 
vt 0.173012 0.748182 
vt 0.173012 0.723934 
vt 0.368553 0.723934 
vt 0.368553 0.707347 
vt 0.173012 0.723934 
vt 0.186986 0.393309 
vt 0.186986 0.354715 
vt 0.379396 0.385616 
vt 0.379396 0.417063 
vt 0.186986 0.451505 
vt 0.186986 0.417063 
vt 0.379396 0.451505 
vt 0.386557 0.480795 
vt 0.386557 0.522147 
vt 0.186844 0.487567 
vt 0.379396 0.655162 
vt 0.186986 0.642026 
vt 0.379396 0.625212 
vt 0.379396 0.355667 
vt 0.186986 0.354715 
vt 0.379396 0.385616 
vt 0.379396 0.325718 
vt 0.186986 0.554831 
vt 0.186986 0.485947 
vt 0.379396 0.554831 
vt 0.379396 0.485947 
vt 0.186986 0.485947 
vt 0.379396 0.451505 
vt 0.186986 0.451505 
vt 0.173012 0.77243 
vt 0.368553 0.773138 
vt 0.368553 0.819827 
vt 0.571805 0.417063 
vt 0.379396 0.382622 
vt 0.571805 0.382622 
vt 0.379396 0.417063 
vt 0.386557 0.646203 
vt 0.186844 0.604851 
vt 0.386557 0.604851 
vt 0.186844 0.661112 
vt 0.368553 0.707347 
vt 0.173012 0.691969 
vt 0.368553 0.691969 
vt 0.173012 0.723934 
vt 0.40467 0.517805 
vt 0.629385 0.559903 
vt 0.629385 0.498557 
vt 0.20301 0.77159 
vt 0.373847 0.818755 
vt 0.373847 0.772295 
vt 0.379396 0.715061 
vt 0.186986 0.701912 
vt 0.379396 0.685111 
vt 0.386557 0.665662 
vt 0.186844 0.716345 
vt 0.186844 0.660127 
vt 0.58627 0.592688 
vt 0.386557 0.629175 
vt 0.58627 0.629175 
vt 0.386557 0.592688 
vt 0.322419 0.745142 
vt 0.57731 0.708834 
vt 0.57731 0.749912 
vt 0.322419 0.708834 
vt 0.57731 0.708834 
vt 0.322419 0.672526 
vt 0.57731 0.672526 
vt 0.186986 0.701912 
vt 0.379396 0.655162 
vt 0.379396 0.685111 
vt 0.186986 0.642026 
vt 0.186986 0.210412 
vt 0.186986 0.244854 
vt 0.379396 0.244854 
vt 0.379396 0.210412 
vt 0.379396 0.17597 
vt 0.186986 0.210412 
vt 0.571805 0.520389 
vt 0.379396 0.520389 
vt 0.571805 0.485947 
vt 0.379396 0.485947 
vt 0.379396 0.417063 
vt 0.571805 0.485947 
vt 0.571805 0.417063 
vt 0.165141 0.811426 
vt 0.165141 0.77878 
vt 0.364854 0.811426 
vt 0.364854 0.77878 
vt 0.165141 0.77878 
vt 0.165141 0.746133 
vt 0.364854 0.77878 
vt 0.364854 0.746133 
vt 0.379396 0.355667 
vt 0.379396 0.385616 
vt 0.186986 0.354715 
vt 0.379396 0.325718 
vt 0.186986 0.354715 
vt 0.58627 0.629175 
vt 0.386557 0.665662 
vt 0.58627 0.665662 
vt 0.386557 0.629175 
vt 0.186986 0.623715 
vt 0.186986 0.554831 
vt 0.379396 0.623715 
vt 0.379396 0.554831 
vt 0.379396 0.382622 
vt 0.186986 0.417063 
vt 0.186986 0.382622 
vt 0.379396 0.417063 
vt 0.386751 0.191331 
vt 0.386557 0.232683 
vt 0.186844 0.232683 
vt 0.386557 0.274035 
vt 0.186844 0.232683 
vt 0.186844 0.274035 
vt 0.391144 0.754355 
vt 0.244011 0.72389 
vt 0.244011 0.754355 
vt 0.391144 0.72389 
vt 0.391144 0.693425 
vt 0.244011 0.72389 
vt 0.244011 0.670739 
vt 0.391144 0.693425 
vt 0.391144 0.662961 
vt 0.244011 0.670739 
vt 0.391144 0.632496 
vt 0.244011 0.670739 
vt 0.244011 0.617988 
vt 0.379396 0.715061 
vt 0.379396 0.685111 
vt 0.186986 0.701912 
vt 0.40467 0.703344 
vt 0.629385 0.730197 
vt 0.629385 0.671086 
vt 0.40467 0.703344 
vt 0.629385 0.798603 
vt 0.40467 0.888494 
vt 0.40467 0.609713 
vt 0.629385 0.671086 
vt 0.629385 0.617058 
vt 0.629385 0.559903 
vt 0.40467 0.517805 
vt 0.629385 0.431994 
vt 0.629385 0.498557 
vt 0.40467 0.370905 
vt 0.40467 0.370905 
vt 0.629385 0.371726 
vt 0.629385 0.322077 
vt 0.40467 0.370905 
vt 0.40467 0.298191 
vt 0.469697 0.311576 
vt 0.258876 0.319526 
vt 0.469697 0.346159 
vt 0.386557 0.702149 
vt 0.58627 0.665662 
vt 0.58627 0.702149 
vt 0.386557 0.665662 
vt 0.379396 0.623715 
vt 0.186986 0.554831 
vt 0.186986 0.623715 
vt 0.379396 0.554831 
vt 0.322419 0.745142 
vt 0.57731 0.749912 
vt 0.57731 0.708834 
vt 0.322419 0.708834 
vt 0.57731 0.708834 
vt 0.322419 0.672526 
vt 0.57731 0.672526 
vt 0.379396 0.34818 
vt 0.186986 0.382622 
vt 0.186986 0.34818 
vt 0.379396 0.382622 
vt 0.58627 0.410253 
vt 0.386557 0.44674 
vt 0.386557 0.410253 
vt 0.58627 0.44674 
vt 0.379396 0.313738 
vt 0.186986 0.34818 
vt 0.186986 0.313738 
vt 0.379396 0.34818 
vt 0.379396 0.417063 
vt 0.186986 0.451505 
vt 0.379396 0.451505 
vt 0.186986 0.417063 
vt 0.186986 0.313738 
vt 0.379396 0.279296 
vt 0.186986 0.279296 
vt 0.379396 0.313738 
vt 0.186986 0.244854 
vt 0.379396 0.279296 
vt 0.379396 0.244854 
vt 0.379396 0.34818 
vt 0.571805 0.382622 
vt 0.379396 0.382622 
vt 0.571805 0.34818 
vt 0.379396 0.382622 
vt 0.186986 0.417063 
vt 0.379396 0.417063 
vt 0.186986 0.382622 
vt 0.246817 0.256439 
vt 0.364854 0.289086 
vt 0.165141 0.289086 
vt 0.165141 0.331584 
vt 0.364854 0.289086 
vt 0.364854 0.321732 
vt 0.374155 0.87638 
vt 0.174442 0.840195 
vt 0.374155 0.830183 
vt 0.373847 0.639369 
vt 0.20301 0.627909 
vt 0.20301 0.659716 
vt 0.186986 0.701912 
vt 0.379396 0.655162 
vt 0.186986 0.642026 
vt 0.379396 0.685111 
vt 0.186986 0.583604 
vt 0.186986 0.642026 
vt 0.379396 0.625212 
vt 0.379396 0.595263 
vt 0.379396 0.244854 
vt 0.186986 0.279296 
vt 0.379396 0.279296 
vt 0.186986 0.244854 
vt 0.379396 0.34818 
vt 0.186986 0.382622 
vt 0.379396 0.382622 
vt 0.186986 0.34818 
vt 0.379396 0.279296 
vt 0.186986 0.313738 
vt 0.186986 0.279296 
vt 0.379396 0.313738 
vt 0.186986 0.244854 
vt 0.379396 0.279296 
vt 0.379396 0.244854 
vt 0.186986 0.34818 
vt 0.379396 0.313738 
vt 0.186986 0.313738 
vt 0.379396 0.34818 
vt 0.387945 0.505864 
vt 0.221851 0.486898 
vt 0.387945 0.478626 
vt 0.221851 0.518269 
vt 0.390001 0.27477 
vt 0.564482 0.301606 
vt 0.390001 0.301606 
vt 0.564482 0.27477 
vt 0.564482 0.247933 
vt 0.390001 0.27477 
vt 0.390001 0.247933 
vt 0.386557 0.264305 
vt 0.386557 0.300792 
vt 0.58627 0.300792 
vt 0.58627 0.264305 
vt 0.58627 0.227818 
vt 0.386557 0.264305 
vt 0.184887 0.747388 
vt 0.184887 0.783875 
vt 0.3846 0.747388 
vt 0.3846 0.729144 
vt 0.184887 0.747388 
vt 0.184887 0.729144 
vt 0.3846 0.729144 
vt 0.184887 0.710901 
vt 0.3846 0.710901 
vt 0.186986 0.451505 
vt 0.379396 0.417063 
vt 0.379396 0.451505 
vt 0.186986 0.417063 
vt 0.379396 0.382622 
vt 0.186986 0.417063 
vt 0.186986 0.382622 
vt 0.379396 0.417063 
vt 0.386557 0.272237 
vt 0.386557 0.299206 
vt 0.58627 0.272237 
vt 0.58627 0.299206 
vt 0.379396 0.655162 
vt 0.379396 0.625212 
vt 0.186986 0.642026 
vt 0.186844 0.494047 
vt 0.386557 0.518556 
vt 0.186844 0.522177 
vt 0.386557 0.483227 
vt 0.184887 0.564953 
vt 0.3846 0.564953 
vt 0.3846 0.528466 
vt 0.184887 0.528466 
vt 0.184887 0.564953 
vt 0.3846 0.583196 
vt 0.184887 0.583196 
vt 0.379396 0.554831 
vt 0.186986 0.485947 
vt 0.186986 0.554831 
vt 0.379396 0.485947 
vt 0.379396 0.451505 
vt 0.186986 0.485947 
vt 0.186986 0.451505 
vt 0.186986 0.210412 
vt 0.379396 0.244854 
vt 0.186986 0.244854 
vt 0.379396 0.210412 
vt 0.186986 0.210412 
vt 0.186986 0.17597 
vt 0.186986 0.520389 
vt 0.186986 0.485947 
vt 0.379396 0.520389 
vt 0.379396 0.485947 
vt 0.186986 0.485947 
vt 0.379396 0.451505 
vt 0.186986 0.451505 
vt 0.469697 0.495608 
vt 0.258876 0.480787 
vt 0.258876 0.495608 
vt 0.469697 0.480787 
vt 0.174442 0.840195 
vt 0.174442 0.78079 
vt 0.374155 0.799169 
vt 0.374155 0.830183 
vt 0.174442 0.89221 
vt 0.374155 0.87638 
vt 0.374155 0.923224 
vt 0.469697 0.480787 
vt 0.258876 0.480787 
vt 0.258876 0.465966 
vt 0.469697 0.465966 
vt 0.469697 0.451146 
vt 0.258876 0.465966 
vt 0.258876 0.451146 
vt 0.386557 0.315387 
vt 0.386557 0.356739 
vt 0.186844 0.329375 
vt 0.3846 0.637927 
vt 0.184887 0.60144 
vt 0.184887 0.637927 
vt 0.3846 0.60144 
vt 0.571805 0.445516 
vt 0.764215 0.505414 
vt 0.571805 0.505414 
vt 0.764215 0.445516 
vt 0.571805 0.244854 
vt 0.764215 0.210412 
vt 0.571805 0.210412 
vt 0.764215 0.244854 
vt 0.764215 0.210412 
vt 0.764215 0.17597 
vt 0.379396 0.265819 
vt 0.186986 0.246457 
vt 0.186986 0.275235 
vt 0.379396 0.235869 
vt 0.322419 0.382061 
vt 0.57731 0.345753 
vt 0.57731 0.382061 
vt 0.322419 0.345753 
vt 0.386557 0.738636 
vt 0.58627 0.702149 
vt 0.58627 0.738636 
vt 0.386557 0.702149 
vt 0.379396 0.313738 
vt 0.571805 0.34818 
vt 0.379396 0.34818 
vt 0.571805 0.313738 
vt 0.57731 0.382061 
vt 0.57731 0.345753 
vt 0.322419 0.382061 
vt 0.322419 0.345753 
vt 0.186986 0.246457 
vt 0.379396 0.265819 
vt 0.186986 0.275235 
vt 0.379396 0.235869 
vt 0.40467 0.298191 
vt 0.629385 0.322077 
vt 0.629385 0.28288 
vt 0.469697 0.480787 
vt 0.258876 0.465966 
vt 0.258876 0.480787 
vt 0.469697 0.465966 
vt 0.469697 0.451146 
vt 0.258876 0.465966 
vt 0.258876 0.451146 
vt 0.165141 0.844072 
vt 0.364854 0.844072 
vt 0.364854 0.876719 
vt 0.364854 0.844072 
vt 0.165141 0.827863 
vt 0.364854 0.827863 
vt 0.186986 0.554831 
vt 0.186986 0.520389 
vt 0.379396 0.554831 
vt 0.379396 0.520389 
vt 0.667478 0.568962 
vt 0.667478 0.630268 
vt 0.40182 0.630268 
vt 0.40182 0.568962 
vt 0.374155 0.87638 
vt 0.174442 0.89221 
vt 0.174442 0.840195 
vt 0.55404 0.175582 
vt 0.387945 0.196009 
vt 0.554084 0.20707 
vt 0.387749 0.221062 
vt 0.173012 0.628041 
vt 0.368553 0.580239 
vt 0.368553 0.639558 
vt 0.173012 0.583536 
vt 0.554084 0.20707 
vt 0.387945 0.196009 
vt 0.55404 0.175582 
vt 0.387749 0.221062 
vt 0.40182 0.568962 
vt 0.40182 0.630268 
vt 0.667478 0.568962 
vt 0.667478 0.630268 
vt 0.129283 0.359099 
vt 0.343431 0.304338 
vt 0.129283 0.304338 
vt 0.343431 0.359099 
vt 0.343431 0.304338 
vt 0.343431 0.249576 
vt 0.165141 0.746133 
vt 0.165141 0.713487 
vt 0.364854 0.746133 
vt 0.364854 0.713487 
vt 0.165141 0.713487 
vt 0.165141 0.699184 
vt 0.165141 0.699184 
vt 0.364854 0.680841 
vt 0.364854 0.713487 
vt 0.165141 0.680841 
vt 0.258876 0.495608 
vt 0.258876 0.480787 
vt 0.469697 0.495608 
vt 0.469697 0.480787 
vt 0.165141 0.827863 
vt 0.165141 0.811426 
vt 0.364854 0.827863 
vt 0.364854 0.811426 
vt 0.3846 0.60144 
vt 0.184887 0.583196 
vt 0.184887 0.60144 
vt 0.3846 0.583196 
vt 0.386557 0.264305 
vt 0.58627 0.227818 
vt 0.58627 0.264305 
vt 0.386557 0.227818 
vt 0.386557 0.191331 
vt 0.58627 0.227818 
vt 0.571805 0.244854 
vt 0.764215 0.210412 
vt 0.764215 0.244854 
vt 0.571805 0.210412 
vt 0.764215 0.210412 
vt 0.571805 0.17597 
vt 0.386557 0.775123 
vt 0.186844 0.716345 
vt 0.386557 0.738636 
vt 0.186844 0.811496 
vt 0.196719 0.785591 
vt 0.322419 0.788052 
vt 0.322419 0.854066 
vt 0.386557 0.775123 
vt 0.58627 0.738636 
vt 0.58627 0.775123 
vt 0.386557 0.738636 
vt 0.58627 0.81161 
vt 0.386557 0.775123 
vt 0.368553 0.639558 
vt 0.173012 0.660005 
vt 0.173012 0.628041 
vt 0.371378 0.17597 
vt 0.275478 0.21263 
vt 0.379396 0.20592 
vt 0.57731 0.309445 
vt 0.322419 0.345753 
vt 0.322419 0.309445 
vt 0.57731 0.345753 
vt 0.387945 0.451387 
vt 0.221851 0.359381 
vt 0.221851 0.455526 
vt 0.387945 0.366914 
vt 0.129283 0.359099 
vt 0.343431 0.304338 
vt 0.343431 0.359099 
vt 0.129283 0.304338 
vt 0.343431 0.304338 
vt 0.129283 0.249576 
vt 0.129283 0.632907 
vt 0.129283 0.74243 
vt 0.343431 0.632907 
vt 0.343431 0.74243 
vt 0.57731 0.309445 
vt 0.322419 0.345753 
vt 0.57731 0.345753 
vt 0.322419 0.309445 
vt 0.186986 0.304013 
vt 0.379396 0.325718 
vt 0.379396 0.295768 
vt 0.186986 0.354715 
vt 0.371378 0.17597 
vt 0.379396 0.20592 
vt 0.275478 0.21263 
vt 0.379396 0.295768 
vt 0.186986 0.275235 
vt 0.186986 0.304013 
vt 0.379396 0.265819 
vt 0.571805 0.244854 
vt 0.379396 0.210412 
vt 0.571805 0.210412 
vt 0.379396 0.244854 
vt 0.379396 0.210412 
vt 0.379396 0.17597 
vt 0.186844 0.487567 
vt 0.186844 0.418833 
vt 0.386557 0.439443 
vt 0.386557 0.480795 
vt 0.379396 0.295768 
vt 0.186986 0.275235 
vt 0.379396 0.265819 
vt 0.186986 0.304013 
vt 0.379396 0.325718 
vt 0.186986 0.304013 
vt 0.379396 0.295768 
vt 0.186986 0.354715 
vt 0.186986 0.589273 
vt 0.186986 0.554831 
vt 0.379396 0.589273 
vt 0.379396 0.554831 
vt 0.343431 0.632907 
vt 0.129283 0.74243 
vt 0.129283 0.632907 
vt 0.343431 0.74243 
vt 0.57731 0.749912 
vt 0.57731 0.854079 
vt 0.322419 0.817759 
vt 0.322419 0.817759 
vt 0.322419 0.78145 
vt 0.322419 0.745142 
vt 0.386557 0.398091 
vt 0.386557 0.439443 
vt 0.186844 0.418833 
vt 0.322419 0.273137 
vt 0.322419 0.236829 
vt 0.57731 0.236829 
vt 0.57731 0.273137 
vt 0.322419 0.200521 
vt 0.57731 0.236829 
vt 0.58627 0.373766 
vt 0.386557 0.410253 
vt 0.386557 0.373766 
vt 0.58627 0.410253 
vt 0.322419 0.273137 
vt 0.57731 0.236829 
vt 0.322419 0.236829 
vt 0.57731 0.273137 
vt 0.57731 0.200521 
vt 0.57731 0.236829 
vt 0.379396 0.20592 
vt 0.275478 0.21263 
vt 0.186986 0.246457 
vt 0.379396 0.279296 
vt 0.571805 0.313738 
vt 0.379396 0.313738 
vt 0.571805 0.279296 
vt 0.343431 0.578145 
vt 0.129283 0.632907 
vt 0.343431 0.632907 
vt 0.129283 0.578145 
vt 0.390001 0.288725 
vt 0.390001 0.264035 
vt 0.564482 0.264035 
vt 0.564482 0.288725 
vt 0.386557 0.315387 
vt 0.186844 0.274035 
vt 0.386557 0.274035 
vt 0.186844 0.329375 
vt 0.57731 0.273137 
vt 0.322419 0.309445 
vt 0.322419 0.273137 
vt 0.57731 0.309445 
vt 0.364854 0.321732 
vt 0.364854 0.354378 
vt 0.165141 0.331584 
vt 0.379396 0.20592 
vt 0.186986 0.246457 
vt 0.275478 0.21263 
vt 0.386557 0.398091 
vt 0.186844 0.36301 
vt 0.386557 0.356739 
vt 0.186844 0.418833 
vt 0.57731 0.273137 
vt 0.322419 0.309445 
vt 0.57731 0.309445 
vt 0.322419 0.273137 
vt 0.554084 0.20707 
vt 0.720134 0.196141 
vt 0.720134 0.216916 
vt 0.55404 0.175582 
vt 0.40182 0.262434 
vt 0.667478 0.32374 
vt 0.40182 0.32374 
vt 0.667478 0.262434 
vt 0.40182 0.262434 
vt 0.40182 0.201129 
vt 0.129283 0.906715 
vt 0.343431 0.851953 
vt 0.129283 0.851953 
vt 0.343431 0.851953 
vt 0.129283 0.797192 
vt 0.343431 0.797192 
vt 0.343431 0.74243 
vt 0.129283 0.797192 
vt 0.129283 0.74243 
vt 0.322419 0.817759 
vt 0.57731 0.749912 
vt 0.322419 0.78145 
vt 0.322419 0.745142 
vt 0.57731 0.854079 
vt 0.129283 0.906715 
vt 0.129283 0.851953 
vt 0.343431 0.851953 
vt 0.129283 0.797192 
vt 0.343431 0.851953 
vt 0.343431 0.797192 
vt 0.129283 0.797192 
vt 0.343431 0.74243 
vt 0.129283 0.74243 
vt 0.554084 0.20707 
vt 0.387749 0.221062 
vt 0.55424 0.23752 
vt 0.387636 0.245118 
vt 0.343431 0.578145 
vt 0.129283 0.632907 
vt 0.129283 0.578145 
vt 0.343431 0.632907 
vt 0.554084 0.20707 
vt 0.55424 0.23752 
vt 0.387749 0.221062 
vt 0.387636 0.245118 
vt 0.564095 0.660005 
vt 0.368553 0.639558 
vt 0.564095 0.628041 
vt 0.720134 0.196141 
vt 0.554084 0.20707 
vt 0.720134 0.216916 
vt 0.55404 0.175582 
vt 0.40182 0.32374 
vt 0.667478 0.385045 
vt 0.40182 0.385045 
vt 0.667478 0.32374 
vt 0.186844 0.36301 
vt 0.186844 0.329375 
vt 0.386557 0.356739 
vt 0.184887 0.345067 
vt 0.184887 0.370647 
vt 0.3846 0.346031 
vt 0.40182 0.262434 
vt 0.667478 0.32374 
vt 0.667478 0.262434 
vt 0.40182 0.32374 
vt 0.667478 0.201129 
vt 0.40182 0.262434 
vt 0.221851 0.359381 
vt 0.387945 0.451387 
vt 0.221851 0.455526 
vt 0.387945 0.366914 
vt 0.680518 0.451146 
vt 0.469697 0.451146 
vt 0.680518 0.468957 
vt 0.469697 0.465966 
vt 0.667478 0.446351 
vt 0.40182 0.385045 
vt 0.667478 0.385045 
vt 0.40182 0.446351 
vt 0.387945 0.296763 
vt 0.221851 0.279537 
vt 0.387636 0.245118 
vt 0.221851 0.236872 
vt 0.343431 0.523384 
vt 0.129283 0.578145 
vt 0.343431 0.578145 
vt 0.129283 0.523384 
vt 0.40182 0.32374 
vt 0.667478 0.385045 
vt 0.667478 0.32374 
vt 0.40182 0.385045 
vt 0.388949 0.198886 
vt 0.565779 0.233188 
vt 0.388728 0.231397 
vt 0.129283 0.413861 
vt 0.343431 0.359099 
vt 0.129283 0.359099 
vt 0.343431 0.413861 
vt 0.40182 0.568962 
vt 0.667478 0.507657 
vt 0.667478 0.568962 
vt 0.40182 0.507657 
vt 0.40182 0.446351 
vt 0.667478 0.507657 
vt 0.667478 0.446351 
vt 0.667478 0.446351 
vt 0.40182 0.385045 
vt 0.40182 0.446351 
vt 0.667478 0.385045 
vt 0.680518 0.321124 
vt 0.469697 0.346159 
vt 0.680518 0.353636 
vt 0.129283 0.578145 
vt 0.343431 0.523384 
vt 0.343431 0.578145 
vt 0.129283 0.523384 
vt 0.680518 0.468957 
vt 0.469697 0.465966 
vt 0.469697 0.480787 
vt 0.571805 0.279296 
vt 0.379396 0.244854 
vt 0.571805 0.244854 
vt 0.379396 0.279296 
vt 0.129283 0.413861 
vt 0.343431 0.359099 
vt 0.343431 0.413861 
vt 0.129283 0.359099 
vt 0.364854 0.387024 
vt 0.364854 0.419671 
vt 0.165141 0.40052 
vt 0.387945 0.296763 
vt 0.55404 0.302183 
vt 0.387636 0.245118 
vt 0.55424 0.23752 
vt 0.40182 0.507657 
vt 0.40182 0.568962 
vt 0.667478 0.507657 
vt 0.667478 0.568962 
vt 0.667478 0.507657 
vt 0.40182 0.446351 
vt 0.667478 0.446351 
vt 0.387636 0.245118 
vt 0.55424 0.23752 
vt 0.55404 0.302183 
vt 0.387945 0.296763 
vt 0.58627 0.272237 
vt 0.58627 0.245268 
vt 0.386557 0.272237 
vt 0.386557 0.245268 
vt 0.379396 0.589273 
vt 0.379396 0.623715 
vt 0.186986 0.589273 
vt 0.186986 0.623715 
vt 0.680518 0.468957 
vt 0.469697 0.451146 
vt 0.680518 0.451146 
vt 0.469697 0.465966 
vt 0.386557 0.245268 
vt 0.58627 0.2183 
vt 0.386557 0.2183 
vt 0.58627 0.245268 
vt 0.58627 0.191331 
vt 0.58627 0.2183 
vt 0.680518 0.468957 
vt 0.469697 0.480787 
vt 0.469697 0.465966 
vt 0.343431 0.468622 
vt 0.129283 0.523384 
vt 0.343431 0.523384 
vt 0.129283 0.468622 
vt 0.469697 0.311576 
vt 0.680518 0.321124 
vt 0.469697 0.32935 
vt 0.680518 0.337834 
vt 0.55404 0.302183 
vt 0.387945 0.366914 
vt 0.387945 0.296763 
vt 0.55404 0.37226 
vt 0.379396 0.864808 
vt 0.186986 0.830366 
vt 0.379396 0.830366 
vt 0.186986 0.830366 
vt 0.379396 0.795924 
vt 0.186986 0.795924 
vt 0.186986 0.761482 
vt 0.379396 0.795924 
vt 0.379396 0.761482 
vt 0.129283 0.468622 
vt 0.343431 0.413861 
vt 0.129283 0.413861 
vt 0.343431 0.468622 
vt 0.564095 0.691969 
vt 0.368553 0.707347 
vt 0.368553 0.691969 
vt 0.564095 0.725331 
vt 0.368553 0.723934 
vt 0.368553 0.639558 
vt 0.564095 0.691969 
vt 0.564095 0.660005 
vt 0.544684 0.659716 
vt 0.544684 0.627909 
vt 0.373847 0.639369 
vt 0.544684 0.691524 
vt 0.373847 0.70933 
vt 0.544684 0.724722 
vt 0.373847 0.723332 
vt 0.373847 0.691524 
vt 0.373847 0.639369 
vt 0.544684 0.691524 
vt 0.544684 0.659716 
vt 0.387945 0.296763 
vt 0.387636 0.245118 
vt 0.221851 0.279537 
vt 0.221851 0.236872 
vt 0.221851 0.279537 
vt 0.387945 0.366914 
vt 0.221851 0.359381 
vt 0.680518 0.436325 
vt 0.469697 0.421504 
vt 0.680518 0.421504 
vt 0.469697 0.436325 
vt 0.129283 0.523384 
vt 0.343431 0.468622 
vt 0.343431 0.523384 
vt 0.129283 0.468622 
vt 0.387945 0.296763 
vt 0.387945 0.366914 
vt 0.55404 0.302183 
vt 0.55404 0.37226 
vt 0.540423 0.415647 
vt 0.540423 0.367881 
vt 0.339586 0.419695 
vt 0.680518 0.451146 
vt 0.469697 0.436325 
vt 0.680518 0.436325 
vt 0.469697 0.451146 
vt 0.469697 0.480787 
vt 0.680518 0.495608 
vt 0.469697 0.495608 
vt 0.680518 0.468957 
vt 0.129283 0.468622 
vt 0.343431 0.413861 
vt 0.343431 0.468622 
vt 0.129283 0.413861 
vt 0.58627 0.290576 
vt 0.58627 0.265765 
vt 0.386557 0.290576 
vt 0.386557 0.265765 
vt 0.58627 0.240953 
vt 0.58627 0.265765 
vt 0.55404 0.487456 
vt 0.387945 0.505864 
vt 0.387945 0.478626 
vt 0.55404 0.518269 
vt 0.221851 0.359381 
vt 0.221851 0.279537 
vt 0.387945 0.296763 
vt 0.387945 0.366914 
vt 0.184887 0.309544 
vt 0.184887 0.345067 
vt 0.3846 0.309544 
vt 0.3846 0.346031 
vt 0.680518 0.321124 
vt 0.469697 0.311576 
vt 0.469697 0.346159 
vt 0.339586 0.558946 
vt 0.540423 0.558946 
vt 0.540423 0.51118 
vt 0.339586 0.51118 
vt 0.540423 0.51118 
vt 0.339586 0.419695 
vt 0.540423 0.415647 
vt 0.184887 0.218466 
vt 0.184887 0.273057 
vt 0.3846 0.23657 
vt 0.3846 0.273057 
vt 0.58627 0.337279 
vt 0.386557 0.373766 
vt 0.386557 0.337279 
vt 0.58627 0.373766 
vt 0.564095 0.557229 
vt 0.564095 0.596076 
vt 0.368553 0.580239 
vt 0.564095 0.628041 
vt 0.368553 0.580239 
vt 0.368553 0.639558 
vt 0.373847 0.580342 
vt 0.544684 0.627909 
vt 0.544684 0.5961 
vt 0.373847 0.639369 
vt 0.564482 0.239346 
vt 0.390001 0.264035 
vt 0.390001 0.239346 
vt 0.564482 0.264035 
vt 0.469697 0.32935 
vt 0.680518 0.337834 
vt 0.469697 0.346159 
vt 0.680518 0.353636 
vt 0.564482 0.221097 
vt 0.564482 0.247933 
vt 0.390001 0.247933 
vt 0.390001 0.221097 
vt 0.680518 0.272899 
vt 0.469697 0.311576 
vt 0.469697 0.278602 
vt 0.680518 0.321124 
vt 0.373847 0.420582 
vt 0.544684 0.400617 
vt 0.544684 0.335711 
vt 0.373847 0.444119 
vt 0.680518 0.436325 
vt 0.469697 0.436325 
vt 0.680518 0.451146 
vt 0.469697 0.451146 
vt 0.368553 0.723934 
vt 0.564095 0.743424 
vt 0.368553 0.748536 
vt 0.564095 0.725331 
vt 0.680518 0.406684 
vt 0.469697 0.406684 
vt 0.680518 0.421504 
vt 0.469697 0.421504 
vt 0.469697 0.495608 
vt 0.680518 0.510428 
vt 0.469697 0.510428 
vt 0.680518 0.495608 
vt 0.373847 0.723332 
vt 0.373847 0.747813 
vt 0.544684 0.724722 
vt 0.544684 0.742726 
vt 0.680518 0.421504 
vt 0.469697 0.421504 
vt 0.680518 0.436325 
vt 0.469697 0.436325 
vt 0.57731 0.47592 
vt 0.322419 0.590007 
vt 0.57731 0.654206 
vt 0.322419 0.47852 
vt 0.57731 0.47592 
vt 0.322419 0.590007 
vt 0.322419 0.47852 
vt 0.57731 0.654206 
vt 0.540423 0.320114 
vt 0.339586 0.419695 
vt 0.540423 0.367881 
vt 0.339586 0.284987 
vt 0.55404 0.456644 
vt 0.387945 0.478626 
vt 0.387945 0.451387 
vt 0.55404 0.487456 
vt 0.368553 0.748536 
vt 0.564095 0.761516 
vt 0.368553 0.773138 
vt 0.564095 0.743424 
vt 0.379396 0.623715 
vt 0.379396 0.658157 
vt 0.186986 0.623715 
vt 0.186986 0.658157 
vt 0.544684 0.76073 
vt 0.373847 0.772295 
vt 0.544684 0.81878 
vt 0.680518 0.272899 
vt 0.469697 0.259008 
vt 0.680488 0.254868 
vt 0.469697 0.278602 
vt 0.564095 0.761516 
vt 0.564095 0.819853 
vt 0.368553 0.773138 
vt 0.680518 0.272899 
vt 0.469697 0.278602 
vt 0.469697 0.311576 
vt 0.680518 0.321124 
vt 0.387945 0.451387 
vt 0.387945 0.366914 
vt 0.55404 0.37226 
vt 0.55404 0.456644 
vt 0.564095 0.39963 
vt 0.368553 0.419693 
vt 0.564095 0.334404 
vt 0.368553 0.443346 
vt 0.373847 0.747813 
vt 0.544684 0.751728 
vt 0.544684 0.742726 
vt 0.373847 0.760054 
vt 0.339586 0.606713 
vt 0.540423 0.606713 
vt 0.540423 0.558946 
vt 0.339586 0.558946 
vt 0.680518 0.406684 
vt 0.680518 0.421504 
vt 0.469697 0.406684 
vt 0.469697 0.421504 
vt 0.469697 0.377042 
vt 0.680518 0.353636 
vt 0.469697 0.346159 
vt 0.680518 0.377042 
vt 0.390001 0.19426 
vt 0.564482 0.167424 
vt 0.564482 0.19426 
vt 0.390001 0.167424 
vt 0.564482 0.140587 
vt 0.564482 0.167424 
vt 0.373847 0.760054 
vt 0.544684 0.76073 
vt 0.544684 0.751728 
vt 0.373847 0.772295 
vt 0.680488 0.254868 
vt 0.469697 0.239761 
vt 0.680518 0.237134 
vt 0.469697 0.259008 
vt 0.186986 0.761482 
vt 0.186986 0.72704 
vt 0.379396 0.761482 
vt 0.379396 0.72704 
vt 0.469697 0.259008 
vt 0.680518 0.272899 
vt 0.680488 0.254868 
vt 0.469697 0.278602 
vt 0.469697 0.239761 
vt 0.680488 0.254868 
vt 0.680518 0.237134 
vt 0.469697 0.259008 
vt 0.79378 0.290485 
vt 0.571503 0.323359 
vt 0.571503 0.290485 
vt 0.79378 0.323359 
vt 0.469697 0.495608 
vt 0.469697 0.510428 
vt 0.680518 0.495608 
vt 0.680518 0.510428 
vt 0.680518 0.495608 
vt 0.469697 0.480787 
vt 0.680518 0.468957 
vt 0.469697 0.510428 
vt 0.680506 0.517803 
vt 0.469717 0.517803 
vt 0.469697 0.391863 
vt 0.680518 0.391863 
vt 0.680518 0.406684 
vt 0.469697 0.406684 
vt 0.544778 0.204504 
vt 0.703745 0.167836 
vt 0.544778 0.167836 
vt 0.703745 0.204504 
vt 0.540423 0.606713 
vt 0.339586 0.606713 
vt 0.339586 0.65448 
vt 0.540423 0.65448 
vt 0.469697 0.377042 
vt 0.680518 0.377042 
vt 0.680518 0.391863 
vt 0.469697 0.391863 
vt 0.469697 0.377042 
vt 0.680518 0.353636 
vt 0.469697 0.346159 
vt 0.322419 0.788052 
vt 0.57731 0.854066 
vt 0.57731 0.741956 
vt 0.469697 0.406684 
vt 0.680518 0.406684 
vt 0.469697 0.391863 
vt 0.680518 0.391863 
vt 0.680518 0.377042 
vt 0.469697 0.391863 
vt 0.469697 0.377042 
vt 0.322419 0.788052 
vt 0.57731 0.741956 
vt 0.57731 0.854066 
vt 0.564095 0.557229 
vt 0.368553 0.580239 
vt 0.368553 0.532147 
vt 0.339586 0.774292 
vt 0.339586 0.797546 
vt 0.540423 0.774989 
vt 0.540423 0.702246 
vt 0.339586 0.702246 
vt 0.540423 0.774989 
vt 0.339586 0.774292 
vt 0.540423 0.65448 
vt 0.339586 0.702246 
vt 0.339586 0.65448 
vt 0.469697 0.510428 
vt 0.680518 0.510428 
vt 0.680518 0.525249 
vt 0.469697 0.525249 
vt 0.564095 0.500183 
vt 0.368553 0.532147 
vt 0.368553 0.500183 
vt 0.564095 0.557229 
vt 0.544684 0.557444 
vt 0.373847 0.580342 
vt 0.544684 0.5961 
vt 0.55404 0.487456 
vt 0.387945 0.505864 
vt 0.55404 0.518269 
vt 0.387945 0.478626 
vt 0.544684 0.500677 
vt 0.373847 0.500677 
vt 0.373847 0.532485 
vt 0.544684 0.557444 
vt 0.386557 0.337279 
vt 0.386557 0.300792 
vt 0.58627 0.300792 
vt 0.58627 0.337279 
vt 0.388728 0.308662 
vt 0.565779 0.233188 
vt 0.565779 0.312804 
vt 0.388728 0.231397 
vt 0.58627 0.264305 
vt 0.386557 0.300792 
vt 0.386557 0.264305 
vt 0.58627 0.300792 
vt 0.55404 0.560275 
vt 0.55404 0.518269 
vt 0.387945 0.505864 
vt 0.544684 0.557444 
vt 0.373847 0.532485 
vt 0.373847 0.580342 
vt 0.373847 0.500677 
vt 0.544684 0.46887 
vt 0.373847 0.46887 
vt 0.544684 0.500677 
vt 0.544684 0.46887 
vt 0.373847 0.444119 
vt 0.544684 0.400617 
vt 0.564095 0.468219 
vt 0.368553 0.500183 
vt 0.368553 0.468219 
vt 0.564095 0.500183 
vt 0.368553 0.443346 
vt 0.564095 0.468219 
vt 0.564095 0.39963 
vt 0.390001 0.221097 
vt 0.564482 0.19426 
vt 0.564482 0.221097 
vt 0.390001 0.19426 
vt 0.186986 0.658157 
vt 0.379396 0.692598 
vt 0.186986 0.692598 
vt 0.379396 0.658157 
vt 0.540423 0.320114 
vt 0.540423 0.272348 
vt 0.339586 0.284987 
vt 0.57731 0.433941 
vt 0.322419 0.47852 
vt 0.57731 0.47592 
vt 0.322419 0.410424 
vt 0.57731 0.433941 
vt 0.322419 0.47852 
vt 0.322419 0.410424 
vt 0.57731 0.47592 
vt 0.186986 0.692598 
vt 0.379396 0.72704 
vt 0.186986 0.72704 
vt 0.379396 0.692598 
vt 0.55404 0.560275 
vt 0.387945 0.505864 
vt 0.55404 0.518269 
vt 0.387945 0.505864 
vt 0.55404 0.60228 
vt 0.55404 0.560275 
vt 0.540423 0.272348 
vt 0.339586 0.204225 
vt 0.339586 0.284987 
vt 0.540423 0.224581 
vt 0.184887 0.273057 
vt 0.184887 0.309544 
vt 0.3846 0.273057 
vt 0.3846 0.309544 
vt 0.387945 0.366914 
vt 0.387945 0.451387 
vt 0.55404 0.37226 
vt 0.55404 0.456644 
vt 0.571805 0.212225 
vt 0.379396 0.24848 
vt 0.379396 0.212225 
vt 0.571805 0.24848 
vt 0.379396 0.17597 
vt 0.571805 0.212225 
vt 0.387945 0.478626 
vt 0.55404 0.456644 
vt 0.387945 0.451387 
vt 0.55404 0.487456 
vt 0.57731 0.741956 
vt 0.322419 0.722037 
vt 0.322419 0.788052 
vt 0.57731 0.741956 
vt 0.322419 0.788052 
vt 0.322419 0.722037 
vt 0.57731 0.654206 
vt 0.322419 0.656022 
vt 0.322419 0.590007 
vt 0.57731 0.654206 
vt 0.322419 0.722037 
vt 0.57731 0.741956 
vt 0.57731 0.391963 
vt 0.322419 0.410424 
vt 0.57731 0.433941 
vt 0.322419 0.342327 
vt 0.57731 0.391963 
vt 0.322419 0.410424 
vt 0.322419 0.342327 
vt 0.57731 0.433941 
vt 0.387945 0.505864 
vt 0.55404 0.560275 
vt 0.55404 0.60228 
vt 0.165141 0.40052 
vt 0.165141 0.331584 
vt 0.364854 0.354378 
vt 0.364854 0.387024 
vt 0.564482 0.239346 
vt 0.390001 0.239346 
vt 0.564482 0.214656 
vt 0.390001 0.214656 
vt 0.564482 0.189967 
vt 0.564482 0.214656 
vt 0.469697 0.214015 
vt 0.469697 0.239761 
vt 0.680518 0.237134 
vt 0.540423 0.224581 
vt 0.540423 0.176815 
vt 0.339586 0.204225 
vt 0.339586 0.204225 
vt 0.540423 0.129048 
vt 0.339586 0.129048 
vt 0.540423 0.176815 
vt 0.57731 0.654206 
vt 0.322419 0.590007 
vt 0.322419 0.656022 
vt 0.57731 0.654206 
vt 0.322419 0.722037 
vt 0.57731 0.741956 
vt 0.55404 0.175582 
vt 0.720086 0.152746 
vt 0.720134 0.196141 
vt 0.554035 0.136785 
vt 0.571805 0.6042 
vt 0.571805 0.538516 
vt 0.379396 0.54187 
vt 0.571805 0.538516 
vt 0.571805 0.501328 
vt 0.379396 0.54187 
vt 0.379396 0.490794 
vt 0.720086 0.152746 
vt 0.55404 0.175582 
vt 0.720134 0.196141 
vt 0.554035 0.136785 
vt 0.680518 0.544937 
vt 0.469697 0.573555 
vt 0.469697 0.544937 
vt 0.680518 0.573555 
vt 0.469697 0.525249 
vt 0.680518 0.544937 
vt 0.680518 0.525249 
vt 0.79378 0.257611 
vt 0.571503 0.290485 
vt 0.571503 0.257611 
vt 0.79378 0.290485 
vt 0.79378 0.257611 
vt 0.571503 0.224737 
vt 0.544778 0.167836 
vt 0.703745 0.131168 
vt 0.544778 0.131168 
vt 0.703745 0.167836 
vt 0.703745 0.131168 
vt 0.544778 0.0945 
vt 0.373847 0.246216 
vt 0.544684 0.270743 
vt 0.373847 0.214408 
vt 0.379396 0.769678 
vt 0.571805 0.864808 
vt 0.379396 0.823636 
vt 0.379396 0.864808 
vt 0.571805 0.828553 
vt 0.368553 0.244468 
vt 0.368553 0.212504 
vt 0.564095 0.269116 
vt 0.565779 0.396805 
vt 0.388728 0.48835 
vt 0.388728 0.403748 
vt 0.565779 0.478775 
vt 0.564095 0.334404 
vt 0.368553 0.372326 
vt 0.368553 0.32327 
vt 0.469697 0.525249 
vt 0.680518 0.525249 
vt 0.469717 0.517803 
vt 0.680506 0.517803 
vt 0.544684 0.335711 
vt 0.373847 0.324632 
vt 0.373847 0.373447 
vt 0.379396 0.769678 
vt 0.571805 0.864808 
vt 0.571805 0.828553 
vt 0.379396 0.823636 
vt 0.379396 0.864808 
vt 0.565779 0.376061 
vt 0.388728 0.304096 
vt 0.388728 0.402104 
vt 0.565779 0.445688 
vt 0.388728 0.402104 
vt 0.388728 0.437481 
vt 0.571805 0.6042 
vt 0.379396 0.54187 
vt 0.571805 0.538516 
vt 0.379396 0.54187 
vt 0.571805 0.501328 
vt 0.379396 0.490794 
vt 0.469697 0.214015 
vt 0.680518 0.237134 
vt 0.469697 0.239761 
vt 0.565903 0.354377 
vt 0.388728 0.308662 
vt 0.565779 0.312804 
vt 0.388413 0.355683 
vt 0.565903 0.354377 
vt 0.388728 0.403748 
vt 0.565779 0.396805 
vt 0.388728 0.402104 
vt 0.565779 0.445688 
vt 0.565779 0.376061 
vt 0.571805 0.6042 
vt 0.379396 0.54187 
vt 0.379396 0.611026 
vt 0.564095 0.298599 
vt 0.368553 0.32327 
vt 0.368553 0.276433 
vt 0.564095 0.334404 
vt 0.544684 0.300081 
vt 0.373847 0.278024 
vt 0.373847 0.324632 
vt 0.544684 0.335711 
vt 0.564095 0.334404 
vt 0.368553 0.419693 
vt 0.368553 0.372326 
vt 0.571805 0.429753 
vt 0.379396 0.402228 
vt 0.571805 0.368657 
vt 0.388728 0.485894 
vt 0.565779 0.445688 
vt 0.388728 0.437481 
vt 0.544684 0.335711 
vt 0.373847 0.373447 
vt 0.373847 0.420582 
vt 0.571805 0.429753 
vt 0.379396 0.430664 
vt 0.379396 0.402228 
vt 0.379396 0.455306 
vt 0.571805 0.501328 
vt 0.379396 0.490794 
vt 0.571805 0.501328 
vt 0.571805 0.429753 
vt 0.379396 0.455306 
vt 0.379396 0.490794 
vt 0.379396 0.430664 
vt 0.379396 0.402228 
vt 0.469697 0.544937 
vt 0.680518 0.544937 
vt 0.469697 0.53384 
vt 0.680518 0.53384 
vt 0.571805 0.368657 
vt 0.379396 0.402228 
vt 0.379396 0.357243 
vt 0.566088 0.129493 
vt 0.392803 0.178623 
vt 0.566088 0.178623 
vt 0.392803 0.178623 
vt 0.566088 0.203479 
vt 0.39278 0.203491 
vt 0.469697 0.53384 
vt 0.680518 0.53384 
vt 0.469697 0.525249 
vt 0.680518 0.525249 
vt 0.680518 0.573555 
vt 0.469697 0.608882 
vt 0.469697 0.573555 
vt 0.680518 0.608882 
vt 0.571805 0.6042 
vt 0.379396 0.611026 
vt 0.379396 0.54187 
vt 0.571805 0.64728 
vt 0.571805 0.6042 
vt 0.379396 0.64728 
vt 0.379396 0.611026 
vt 0.379396 0.24848 
vt 0.571805 0.24848 
vt 0.379396 0.212225 
vt 0.571805 0.212225 
vt 0.379396 0.212225 
vt 0.379396 0.17597 
vt 0.379039 0.277068 
vt 0.571805 0.24848 
vt 0.571545 0.272884 
vt 0.566088 0.216193 
vt 0.392803 0.216193 
vt 0.392803 0.129493 
vt 0.566088 0.259543 
vt 0.392803 0.216193 
vt 0.392803 0.276211 
vt 0.566088 0.302893 
vt 0.392803 0.276211 
vt 0.566088 0.259543 
vt 0.571805 0.64728 
vt 0.379396 0.64728 
vt 0.571805 0.6042 
vt 0.379396 0.611026 
vt 0.373847 0.278024 
vt 0.544684 0.300081 
vt 0.544684 0.270743 
vt 0.544684 0.270743 
vt 0.373847 0.246216 
vt 0.373847 0.278024 
vt 0.571805 0.828553 
vt 0.571805 0.792299 
vt 0.379396 0.769678 
vt 0.368553 0.276433 
vt 0.564095 0.269116 
vt 0.564095 0.298599 
vt 0.571805 0.828553 
vt 0.379396 0.769678 
vt 0.571805 0.792299 
vt 0.571805 0.24848 
vt 0.379039 0.277068 
vt 0.379396 0.24848 
vt 0.571545 0.272884 
vt 0.571805 0.429753 
vt 0.571805 0.368657 
vt 0.379396 0.402228 
vt 0.571805 0.368657 
vt 0.379396 0.357243 
vt 0.379396 0.402228 
vt 0.564095 0.269116 
vt 0.368553 0.276433 
vt 0.368553 0.244468 
vt 0.379396 0.357243 
vt 0.571805 0.299993 
vt 0.379396 0.308446 
vt 0.571805 0.368657 
vt 0.571805 0.299993 
vt 0.379396 0.357243 
vt 0.379396 0.308446 
vt 0.571805 0.368657 
vt 0.571805 0.683535 
vt 0.379396 0.666065 
vt 0.571805 0.64728 
vt 0.379396 0.64728 
vt 0.379396 0.683535 
vt 0.577318 0.341447 
vt 0.322419 0.342327 
vt 0.57731 0.391963 
vt 0.322457 0.308362 
vt 0.377808 0.464948 
vt 0.630453 0.525583 
vt 0.377808 0.525583 
vt 0.630453 0.464948 
vt 0.577318 0.341447 
vt 0.322419 0.342327 
vt 0.322457 0.308362 
vt 0.57731 0.391963 
vt 0.571805 0.299993 
vt 0.379039 0.277068 
vt 0.571545 0.272884 
vt 0.379396 0.308446 
vt 0.571805 0.683535 
vt 0.379396 0.666065 
vt 0.379396 0.683535 
vt 0.571805 0.64728 
vt 0.379396 0.64728 
vt 0.39278 0.203491 
vt 0.566088 0.227753 
vt 0.566088 0.203479 
vt 0.392803 0.227753 
vt 0.388728 0.485894 
vt 0.565779 0.548149 
vt 0.565779 0.445688 
vt 0.469697 0.608882 
vt 0.680518 0.573555 
vt 0.469697 0.573555 
vt 0.680518 0.608882 
vt 0.680518 0.573555 
vt 0.469697 0.544937 
vt 0.680518 0.544937 
vt 0.571805 0.756044 
vt 0.571805 0.792299 
vt 0.379396 0.769678 
vt 0.571805 0.756044 
vt 0.379396 0.769678 
vt 0.571805 0.792299 
vt 0.565779 0.478775 
vt 0.388728 0.529793 
vt 0.388728 0.48835 
vt 0.565779 0.518765 
vt 0.388728 0.560524 
vt 0.565779 0.548149 
vt 0.388728 0.531626 
vt 0.388728 0.485894 
vt 0.379396 0.308446 
vt 0.571545 0.272884 
vt 0.379039 0.277068 
vt 0.571805 0.299993 
vt 0.571805 0.756044 
vt 0.379396 0.719789 
vt 0.379396 0.769678 
vt 0.571805 0.719789 
vt 0.379396 0.719789 
vt 0.571805 0.756044 
vt 0.379396 0.769678 
vt 0.571805 0.719789 
vt 0.571805 0.719789 
vt 0.379396 0.683535 
vt 0.571805 0.683535 
vt 0.379396 0.719789 
vt 0.392803 0.346243 
vt 0.566088 0.389593 
vt 0.392803 0.389593 
vt 0.566088 0.346243 
vt 0.392803 0.346243 
vt 0.566088 0.302893 
vt 0.392803 0.276211 
vt 0.571805 0.719789 
vt 0.379396 0.683535 
vt 0.379396 0.719789 
vt 0.571805 0.683535 
vt 0.377808 0.49428 
vt 0.630453 0.525583 
vt 0.377808 0.464948 
vt 0.630453 0.464948 
vt 0.377808 0.512513 
vt 0.377808 0.525583 
vt 0.565779 0.376061 
vt 0.565779 0.294771 
vt 0.388728 0.304096 
vt 0.392803 0.375143 
vt 0.566088 0.326013 
vt 0.392803 0.326013 
vt 0.566088 0.375143 
vt 0.566088 0.326013 
vt 0.392803 0.227753 
vt 0.566088 0.227753 
vt 0.322457 0.308362 
vt 0.577326 0.292649 
vt 0.322419 0.275596 
vt 0.577318 0.341447 
vt 0.577326 0.292649 
vt 0.322457 0.308362 
vt 0.322419 0.275596 
vt 0.577318 0.341447 
vt 0.377808 0.464948 
vt 0.630453 0.464948 
vt 0.377808 0.434631 
vt 0.630453 0.434631 
vt 0.388728 0.304096 
vt 0.566032 0.262917 
vt 0.388412 0.267932 
vt 0.565779 0.294771 
vt 0.565779 0.518765 
vt 0.388728 0.573069 
vt 0.388728 0.529793 
vt 0.565779 0.560524 
vt 0.377808 0.434631 
vt 0.630453 0.464948 
vt 0.377808 0.464948 
vt 0.630453 0.434631 
vt 0.377808 0.586217 
vt 0.630453 0.616534 
vt 0.377808 0.615821 
vt 0.630453 0.586217 
vt 0.565779 0.560524 
vt 0.565779 0.632632 
vt 0.388728 0.573069 
vt 0.388728 0.649108 
vt 0.388728 0.623825 
vt 0.565779 0.632632 
vt 0.388728 0.573069 
vt 0.680518 0.608882 
vt 0.469697 0.608882 
vt 0.469697 0.648694 
vt 0.680518 0.648694 
vt 0.392803 0.424273 
vt 0.566088 0.473403 
vt 0.566088 0.424273 
vt 0.392803 0.473403 
vt 0.566088 0.375143 
vt 0.392803 0.424273 
vt 0.392803 0.375143 
vt 0.377808 0.616534 
vt 0.630453 0.616534 
vt 0.377808 0.594065 
vt 0.630453 0.586217 
vt 0.377808 0.615821 
vt 0.630453 0.646852 
vt 0.377808 0.646852 
vt 0.630453 0.616534 
vt 0.377808 0.554011 
vt 0.630453 0.586217 
vt 0.377808 0.586217 
vt 0.377808 0.525583 
vt 0.630453 0.525583 
vt 0.680518 0.608882 
vt 0.469697 0.648694 
vt 0.469697 0.608882 
vt 0.680518 0.648694 
vt 0.388728 0.560524 
vt 0.565779 0.604816 
vt 0.565779 0.548149 
vt 0.388728 0.604816 
vt 0.388728 0.649108 
vt 0.565779 0.6934 
vt 0.388728 0.6934 
vt 0.565779 0.632632 
vt 0.565779 0.161894 
vt 0.388728 0.23341 
vt 0.565779 0.232562 
vt 0.388412 0.267932 
vt 0.565779 0.232562 
vt 0.566032 0.262917 
vt 0.469697 0.648694 
vt 0.680518 0.648694 
vt 0.469697 0.690767 
vt 0.680518 0.690767 
vt 0.377808 0.677169 
vt 0.630453 0.677169 
vt 0.377808 0.646852 
vt 0.630453 0.646852 
vt 0.377808 0.646852 
vt 0.377808 0.633323 
vt 0.377808 0.616534 
vt 0.630453 0.616534 
vt 0.377808 0.594065 
vt 0.630453 0.586217 
vt 0.377808 0.525583 
vt 0.630453 0.525583 
vt 0.554035 0.136785 
vt 0.720134 0.109639 
vt 0.720086 0.152746 
vt 0.55404 0.098215 
vt 0.377808 0.646852 
vt 0.630453 0.677169 
vt 0.377808 0.677169 
vt 0.630453 0.646852 
vt 0.720134 0.109639 
vt 0.554035 0.136785 
vt 0.720086 0.152746 
vt 0.55404 0.098215 
vt 0.392803 0.389593 
vt 0.566088 0.389593 
vt 0.566088 0.476293 
vt 0.392803 0.439228 
vt 0.392803 0.476293 
vt 0.630453 0.46363 
vt 0.377808 0.529537 
vt 0.630453 0.529537 
vt 0.377808 0.46363 
vt 0.630453 0.46363 
vt 0.377808 0.44551 
vt 0.630453 0.430676 
vt 0.377808 0.430676 
vt 0.630453 0.46363 
vt 0.377808 0.46363 
vt 0.377808 0.44551 
vt 0.630453 0.430676 
vt 0.377808 0.430676 
vt 0.630453 0.46363 
vt 0.377808 0.529537 
vt 0.630453 0.529537 
vt 0.565779 0.914861 
vt 0.388728 0.893022 
vt 0.388728 0.914861 
vt 0.565779 0.870569 
vt 0.388728 0.865263 
vt 0.565779 0.737692 
vt 0.388728 0.6934 
vt 0.565779 0.6934 
vt 0.388728 0.748142 
vt 0.392803 0.571663 
vt 0.566088 0.571663 
vt 0.392803 0.473403 
vt 0.566088 0.473403 
vt 0.565779 0.649108 
vt 0.388728 0.604816 
vt 0.388728 0.676276 
vt 0.565779 0.604816 
vt 0.565779 0.826277 
vt 0.565779 0.870569 
vt 0.388728 0.833511 
vt 0.577236 0.243691 
vt 0.322419 0.275596 
vt 0.577326 0.292649 
vt 0.32248 0.243039 
vt 0.720134 0.056209 
vt 0.720134 0.109639 
vt 0.55404 0.098215 
vt 0.388728 0.676276 
vt 0.565779 0.6934 
vt 0.565779 0.649108 
vt 0.577236 0.243691 
vt 0.322419 0.275596 
vt 0.32248 0.243039 
vt 0.577326 0.292649 
vt 0.565779 0.870569 
vt 0.388728 0.879428 
vt 0.388728 0.833511 
vt 0.388728 0.900375 
vt 0.565779 0.914861 
vt 0.388728 0.914861 
vt 0.377808 0.677169 
vt 0.630453 0.707487 
vt 0.377808 0.707487 
vt 0.630453 0.677169 
vt 0.720134 0.056209 
vt 0.55404 0.098215 
vt 0.720134 0.109639 
vt 0.377808 0.628398 
vt 0.630453 0.595444 
vt 0.630453 0.628398 
vt 0.377808 0.595444 
vt 0.565779 0.737692 
vt 0.565779 0.781985 
vt 0.388728 0.748142 
vt 0.392803 0.620793 
vt 0.566088 0.620793 
vt 0.392803 0.571663 
vt 0.566088 0.571663 
vt 0.630453 0.200859 
vt 0.377808 0.188886 
vt 0.377808 0.248066 
vt 0.680518 0.732873 
vt 0.469697 0.690767 
vt 0.469697 0.712362 
vt 0.469697 0.732873 
vt 0.680518 0.690767 
vt 0.469697 0.690767 
vt 0.680518 0.648694 
vt 0.469697 0.648694 
vt 0.377808 0.529537 
vt 0.630453 0.529537 
vt 0.377808 0.595444 
vt 0.630453 0.595444 
vt 0.630453 0.498152 
vt 0.630453 0.425968 
vt 0.377808 0.498153 
vt 0.377808 0.425968 
vt 0.630453 0.425968 
vt 0.377808 0.389876 
vt 0.630453 0.389876 
vt 0.377808 0.389876 
vt 0.377808 0.353784 
vt 0.630453 0.353784 
vt 0.377808 0.317692 
vt 0.630453 0.317692 
vt 0.377808 0.661351 
vt 0.630453 0.628398 
vt 0.630453 0.661351 
vt 0.377808 0.628398 
vt 0.565779 0.870569 
vt 0.565779 0.826277 
vt 0.388728 0.865263 
vt 0.565779 0.737692 
vt 0.388728 0.676276 
vt 0.388728 0.73321 
vt 0.565779 0.6934 
vt 0.680518 0.857147 
vt 0.469697 0.857147 
vt 0.469697 0.837151 
vt 0.680518 0.837151 
vt 0.377808 0.661351 
vt 0.630453 0.661351 
vt 0.377808 0.628398 
vt 0.630453 0.628398 
vt 0.377808 0.737804 
vt 0.630453 0.737804 
vt 0.377808 0.707487 
vt 0.630453 0.707487 
vt 0.630453 0.677169 
vt 0.377808 0.677169 
vt 0.377808 0.707487 
vt 0.377808 0.628398 
vt 0.630453 0.628398 
vt 0.377808 0.595444 
vt 0.630453 0.595444 
vt 0.630453 0.529537 
vt 0.377808 0.595444 
vt 0.377808 0.529537 
vt 0.388728 0.748142 
vt 0.565779 0.781985 
vt 0.388728 0.833511 
vt 0.565779 0.826277 
vt 0.377808 0.430676 
vt 0.630453 0.397722 
vt 0.630453 0.430676 
vt 0.377808 0.397722 
vt 0.566088 0.562993 
vt 0.392803 0.562993 
vt 0.392803 0.519643 
vt 0.566088 0.519643 
vt 0.566088 0.519643 
vt 0.392803 0.476293 
vt 0.566088 0.476293 
vt 0.388728 0.73321 
vt 0.565779 0.781985 
vt 0.565779 0.737692 
vt 0.565779 0.826277 
vt 0.388728 0.73321 
vt 0.388728 0.865263 
vt 0.565779 0.781985 
vt 0.630453 0.229562 
vt 0.377808 0.244846 
vt 0.377808 0.192092 
vt 0.630669 0.173882 
vt 0.377808 0.694305 
vt 0.630453 0.661351 
vt 0.630453 0.694305 
vt 0.377808 0.661351 
vt 0.377808 0.606429 
vt 0.630453 0.606429 
vt 0.630453 0.570337 
vt 0.377808 0.570337 
vt 0.377808 0.570337 
vt 0.630453 0.570337 
vt 0.630453 0.498152 
vt 0.377808 0.498153 
vt 0.630453 0.252727 
vt 0.377808 0.283044 
vt 0.630453 0.283044 
vt 0.377808 0.248066 
vt 0.630453 0.397722 
vt 0.377808 0.430676 
vt 0.630453 0.430676 
vt 0.377808 0.397722 
vt 0.377808 0.642521 
vt 0.630453 0.642521 
vt 0.630453 0.606429 
vt 0.377808 0.606429 
vt 0.392803 0.669923 
vt 0.566088 0.669923 
vt 0.392803 0.620793 
vt 0.566088 0.620793 
vt 0.322419 0.209993 
vt 0.322419 0.127904 
vt 0.57731 0.193919 
vt 0.322419 0.209993 
vt 0.57731 0.193919 
vt 0.322419 0.127904 
vt 0.377808 0.404313 
vt 0.630453 0.434631 
vt 0.377808 0.434631 
vt 0.630453 0.404313 
vt 0.377808 0.404313 
vt 0.630453 0.373996 
vt 0.377808 0.373996 
vt 0.377808 0.678613 
vt 0.630453 0.678613 
vt 0.630453 0.642521 
vt 0.377808 0.642521 
vt 0.630453 0.694305 
vt 0.377808 0.727259 
vt 0.630453 0.727259 
vt 0.377808 0.694305 
vt 0.630453 0.694305 
vt 0.377808 0.661351 
vt 0.630453 0.661351 
vt 0.630453 0.283044 
vt 0.377808 0.283044 
vt 0.630453 0.245844 
vt 0.377808 0.244846 
vt 0.377808 0.707487 
vt 0.630453 0.737804 
vt 0.377808 0.737804 
vt 0.630453 0.707487 
vt 0.32248 0.243039 
vt 0.577236 0.243691 
vt 0.322419 0.209993 
vt 0.57731 0.193919 
vt 0.322419 0.209993 
vt 0.577236 0.243691 
vt 0.32248 0.243039 
vt 0.57731 0.193919 
vt 0.377808 0.727259 
vt 0.630453 0.694305 
vt 0.630453 0.727259 
vt 0.377808 0.694305 
vt 0.469697 0.77279 
vt 0.680518 0.77279 
vt 0.469697 0.732873 
vt 0.680518 0.732873 
vt 0.630453 0.229562 
vt 0.630453 0.245844 
vt 0.377808 0.244846 
vt 0.377808 0.404313 
vt 0.630453 0.434631 
vt 0.630453 0.404313 
vt 0.377808 0.434631 
vt 0.630453 0.373996 
vt 0.377808 0.404313 
vt 0.377808 0.373996 
vt 0.630669 0.173882 
vt 0.377808 0.192092 
vt 0.305197 0.158721 
vt 0.469697 0.808291 
vt 0.680518 0.837151 
vt 0.469697 0.837151 
vt 0.680518 0.808291 
vt 0.469697 0.77279 
vt 0.469697 0.808291 
vt 0.680518 0.77279 
vt 0.469697 0.77279 
vt 0.469697 0.732873 
vt 0.680518 0.732873 
vt 0.469697 0.732873 
vt 0.680518 0.690767 
vt 0.469697 0.690767 
vt 0.469697 0.857147 
vt 0.680518 0.837151 
vt 0.469697 0.837151 
vt 0.680518 0.857147 
vt 0.680518 0.837151 
vt 0.469697 0.823563 
vt 0.680518 0.808291 
vt 0.469697 0.808291 
vt 0.680518 0.808291 
vt 0.469697 0.77279 
vt 0.680518 0.77279 
vt 0.630453 0.252727 
vt 0.630453 0.200859 
vt 0.377808 0.248066 
vt 0.377808 0.397722 
vt 0.630453 0.364769 
vt 0.630453 0.397722 
vt 0.377808 0.364769 
vt 0.630453 0.714705 
vt 0.377808 0.714705 
vt 0.630453 0.750797 
vt 0.377808 0.750797 
vt 0.377808 0.714705 
vt 0.630453 0.678613 
vt 0.377808 0.678613 
vt 0.377808 0.760212 
vt 0.630453 0.727259 
vt 0.630453 0.760212 
vt 0.377808 0.727259 
vt 0.392803 0.779743 
vt 0.566088 0.779743 
vt 0.392803 0.866444 
vt 0.566088 0.866444 
vt 0.392803 0.562993 
vt 0.566088 0.606343 
vt 0.392803 0.606343 
vt 0.566088 0.562993 
vt 0.377808 0.188886 
vt 0.630453 0.200859 
vt 0.630453 0.176321 
vt 0.630453 0.364769 
vt 0.377808 0.397722 
vt 0.630453 0.397722 
vt 0.377808 0.364769 
vt 0.377808 0.188886 
vt 0.630453 0.176321 
vt 0.377808 0.149965 
vt 0.566088 0.866444 
vt 0.392803 0.817313 
vt 0.392803 0.866444 
vt 0.566088 0.817313 
vt 0.392803 0.669923 
vt 0.566088 0.719053 
vt 0.566088 0.669923 
vt 0.392803 0.719053 
vt 0.377808 0.31822 
vt 0.630453 0.283044 
vt 0.630453 0.313361 
vt 0.377808 0.283044 
vt 0.630453 0.727259 
vt 0.377808 0.760212 
vt 0.630453 0.760212 
vt 0.377808 0.727259 
vt 0.377808 0.768121 
vt 0.630453 0.768121 
vt 0.377808 0.737804 
vt 0.630453 0.737804 
vt 0.377808 0.737804 
vt 0.630453 0.768121 
vt 0.377808 0.768121 
vt 0.630453 0.737804 
vt 0.630453 0.180134 
vt 0.377808 0.137488 
vt 0.377808 0.209416 
vt 0.377808 0.364769 
vt 0.630453 0.331815 
vt 0.630453 0.364769 
vt 0.377808 0.331815 
vt 0.630453 0.331815 
vt 0.377808 0.364769 
vt 0.630453 0.364769 
vt 0.377808 0.331815 
vt 0.377808 0.859073 
vt 0.630453 0.859073 
vt 0.377808 0.817271 
vt 0.630453 0.828756 
vt 0.377808 0.331815 
vt 0.630453 0.331815 
vt 0.630453 0.298862 
vt 0.377808 0.266784 
vt 0.377808 0.137488 
vt 0.630453 0.180134 
vt 0.630453 0.137232 
vt 0.377808 0.10114 
vt 0.377808 0.137488 
vt 0.377808 0.298862 
vt 0.630453 0.298862 
vt 0.377808 0.331815 
vt 0.630453 0.331815 
vt 0.392803 0.779743 
vt 0.566088 0.736393 
vt 0.566088 0.779743 
vt 0.392803 0.736393 
vt 0.392803 0.719053 
vt 0.566088 0.768183 
vt 0.566088 0.719053 
vt 0.392803 0.768183 
vt 0.392803 0.736393 
vt 0.566088 0.693043 
vt 0.566088 0.736393 
vt 0.392803 0.693043 
vt 0.392803 0.606343 
vt 0.566088 0.693043 
vt 0.566088 0.606343 
vt 0.377808 0.817027 
vt 0.630453 0.859073 
vt 0.377808 0.859073 
vt 0.630453 0.828756 
vt 0.630453 0.798438 
vt 0.377808 0.798439 
vt 0.377808 0.768121 
vt 0.630453 0.798438 
vt 0.630453 0.768121 
vt 0.377808 0.22888 
vt 0.630453 0.265908 
vt 0.377808 0.298862 
vt 0.630453 0.298862 
vt 0.377808 0.22888 
vt 0.630453 0.170182 
vt 0.630453 0.223026 
vt 0.630453 0.760212 
vt 0.377808 0.793166 
vt 0.377808 0.760212 
vt 0.630453 0.793166 
vt 0.377808 0.792832 
vt 0.630453 0.798438 
vt 0.377808 0.768121 
vt 0.630453 0.768121 
vt 0.392803 0.791889 
vt 0.566088 0.794816 
vt 0.392803 0.768183 
vt 0.566088 0.768183 
vt 0.566088 0.817313 
vt 0.392803 0.817313 
vt 0.630453 0.798438 
vt 0.377808 0.80608 
vt 0.630453 0.828756 
vt 0.377808 0.817271 
vt 0.377808 0.792832 
vt 0.377808 0.266784 
vt 0.630453 0.265908 
vt 0.630453 0.232954 
vt 0.377808 0.21512 
vt 0.630453 0.760212 
vt 0.377808 0.793166 
vt 0.630453 0.793166 
vt 0.377808 0.760212 
vt 0.377808 0.317692 
vt 0.377808 0.2816 
vt 0.630453 0.2816 
vt 0.377808 0.245508 
vt 0.630453 0.245508 
vt 0.630453 0.245508 
vt 0.377837 0.226913 
vt 0.630453 0.226925 
vt 0.630453 0.343679 
vt 0.377808 0.373996 
vt 0.377808 0.31822 
vt 0.630453 0.373996 
vt 0.377808 0.859073 
vt 0.377808 0.843906 
vt 0.630453 0.843906 
vt 0.377808 0.82612 
vt 0.630453 0.843906 
vt 0.630453 0.82612 
vt 0.377808 0.82612 
vt 0.630453 0.793166 
vt 0.377808 0.793166 
vt 0.377808 0.373996 
vt 0.630453 0.343679 
vt 0.377808 0.343679 
vt 0.630453 0.373996 
vt 0.630453 0.343679 
vt 0.377808 0.313361 
vt 0.630453 0.313361 
vt 0.630453 0.283044 
vt 0.377808 0.313361 
vt 0.377808 0.283044 
vt 0.630453 0.859073 
vt 0.630453 0.843906 
vt 0.377808 0.843906 
vt 0.630453 0.82612 
vt 0.377808 0.843906 
vt 0.377808 0.82612 
vt 0.630453 0.793166 
vt 0.377808 0.82612 
vt 0.630453 0.82612 
vt 0.377808 0.793166 
vt 0.377808 0.21512 
vt 0.630453 0.232954 
vt 0.630453 0.173123 
vt 0.377808 0.15517 
vt 0.630453 0.265908 
vt 0.377808 0.266784 
vt 0.630453 0.298862 
vt 0.630453 0.859073 
vt 0.630453 0.8409 
vt 0.377808 0.8409 
vt 0.377808 0.822981 
vt 0.630453 0.822981 
vt 0.630453 0.822981 
vt 0.377808 0.786889 
vt 0.630453 0.786889 
vt 0.377808 0.750797 
vt 0.377808 0.786889 
vt 0.630453 0.750797 
vt 0.630453 0.170182 
vt 0.377808 0.22888 
vt 0.377808 0.178676 
vt 0.377808 0.10114 
vt 0.377808 0.134093 
vt 0.630453 0.170182 
vt 0.377808 0.178676 
vt 0.377808 0.134093 
vt 0.377808 0.31822 
vt 0.630453 0.313361 
vt 0.630453 0.343679 
vt 0.630453 0.180134 
vt 0.377808 0.209416 
vt 0.630453 0.226925 
vt 0.377837 0.226913 
vt 0.630453 0.173123 
vt 0.630453 0.10114 
vt 0.377808 0.15517 
vt 0.377808 0.22888 
vt 0.630453 0.223026 
vt 0.630453 0.265908 

usemtl Handle1Mtl

f 1/1/1 2/2/2 3/3/3 
f 4/4/4 5/5/5 6/6/6 
f 7/7/7 8/8/8 9/9/9 
f 10/10/10 11/11/11 12/12/12 
f 13/13/13 14/14/14 15/15/15 
f 16/16/16 17/17/17 18/18/18 
f 19/19/19 20/20/20 21/21/21 
f 20/20/20 19/19/19 22/22/22 
f 23/23/23 24/24/24 25/25/25 
f 26/26/26 27/27/27 28/28/28 
f 29/29/29 30/30/30 31/31/31 
f 32/32/32 33/33/33 34/34/34 
f 34/34/34 33/33/33 35/35/35 
f 36/36/36 32/32/32 37/37/37 
f 38/38/38 39/39/39 40/40/40 
f 41/41/41 42/42/42 40/40/40 
f 42/42/42 41/41/41 43/43/43 
f 44/44/44 43/43/43 45/45/45 
f 46/46/46 47/47/47 48/48/48 
f 48/48/48 49/49/49 46/46/46 
f 50/50/50 51/51/51 47/47/47 
f 52/52/52 53/53/53 54/54/54 
f 53/53/53 52/52/52 55/55/55 
f 56/56/56 57/57/57 55/55/55 
f 58/58/58 59/59/59 60/60/60 
f 61/61/61 62/62/62 63/63/63 
f 63/63/63 64/64/64 61/61/61 
f 65/65/65 66/66/66 67/67/67 
f 66/66/66 65/65/65 68/68/68 
f 69/69/69 70/70/70 71/71/71 
f 72/72/72 73/73/73 74/74/74 
f 73/73/73 72/72/72 75/75/75 
f 76/76/76 77/77/77 75/75/75 
f 77/77/77 76/76/76 78/78/78 
f 79/79/79 80/80/80 81/81/81 
f 81/81/81 82/82/82 79/79/79 
f 83/83/83 84/84/84 85/85/85 
f 86/86/86 87/87/87 88/88/88 
f 89/89/89 90/90/90 91/91/91 
f 92/92/92 93/93/93 90/90/90 
f 94/94/94 93/93/93 92/92/92 
f 95/95/95 96/96/96 97/97/97 
f 96/96/96 95/95/95 98/98/98 
f 99/99/99 100/100/100 98/98/98 
f 100/100/100 99/99/99 101/101/101 
f 102/102/102 103/103/103 104/104/104 
f 104/104/104 103/103/103 105/105/105 
f 106/106/106 102/102/102 107/107/107 
f 108/108/108 102/102/102 106/106/106 
f 109/109/109 110/110/110 111/111/111 
f 110/110/110 109/109/109 112/112/112 
f 113/113/113 114/114/114 112/112/112 
f 114/114/114 113/113/113 115/115/115 
f 116/116/116 117/117/117 118/118/118 
f 119/119/119 120/120/120 121/121/121 
f 122/122/122 123/123/123 124/124/124 
f 123/123/123 122/122/122 125/125/125 
f 126/126/126 127/127/127 125/125/125 
f 127/127/127 126/126/126 128/128/128 
f 129/129/129 130/130/130 131/131/131 
f 130/130/130 129/129/129 132/132/132 
f 133/133/133 134/134/134 135/135/135 
f 134/134/134 133/133/133 136/136/136 
f 137/137/137 138/138/138 139/139/139 
f 140/140/140 141/141/141 142/142/142 
f 141/141/141 140/140/140 143/143/143 
f 144/144/144 145/145/145 146/146/146 
f 147/147/147 148/148/148 149/149/149 
f 148/148/148 147/147/147 150/150/150 
f 151/151/151 152/152/152 153/153/153 
f 152/152/152 151/151/151 154/154/154 
f 155/155/155 156/156/156 157/157/157 
f 158/158/158 159/159/159 160/160/160 
f 159/159/159 158/158/158 161/161/161 
f 162/162/162 163/163/163 164/164/164 
f 165/165/165 166/166/166 162/162/162 
f 167/167/167 166/166/166 165/165/165 
f 168/168/168 169/169/169 170/170/170 
f 169/169/169 168/168/168 171/171/171 
f 172/172/172 173/173/173 174/174/174 
f 174/174/174 173/173/173 175/175/175 
f 176/176/176 177/177/177 178/178/178 
f 179/179/179 180/180/180 177/177/177 
f 180/180/180 179/179/179 181/181/181 
f 182/182/182 183/183/183 184/184/184 
f 185/185/185 186/186/186 184/184/184 
f 186/186/186 185/185/185 187/187/187 
f 188/188/188 189/189/189 190/190/190 
f 191/191/191 192/192/192 193/193/193 
f 193/193/193 194/194/194 191/191/191 
f 195/195/195 196/196/196 194/194/194 
f 196/196/196 195/195/195 197/197/197 
f 198/198/198 199/199/199 200/200/200 
f 199/199/199 198/198/198 201/201/201 
f 202/202/202 203/203/203 200/200/200 
f 203/203/203 202/202/202 204/204/204 
f 205/205/205 206/206/206 207/207/207 
f 208/208/208 209/209/209 210/210/210 
f 209/209/209 208/208/208 211/211/211 
f 212/212/212 213/213/213 211/211/211 
f 213/213/213 212/212/212 214/214/214 
f 215/215/215 216/216/216 217/217/217 
f 216/216/216 215/215/215 218/218/218 
f 219/219/219 217/217/217 220/220/220 
f 217/217/217 219/219/219 221/221/221 
f 222/222/222 223/223/223 224/224/224 
f 222/222/222 224/224/224 225/225/225 
f 226/226/226 227/227/227 225/225/225 
f 227/227/227 226/226/226 228/228/228 
f 229/229/229 230/230/230 231/231/231 
f 232/232/232 233/233/233 234/234/234 
f 234/234/234 233/233/233 235/235/235 
f 236/236/236 235/235/235 237/237/237 
f 238/238/238 239/239/239 240/240/240 
f 240/240/240 239/239/239 241/241/241 
f 242/242/242 243/243/243 244/244/244 
f 243/243/243 242/242/242 245/245/245 
f 246/246/246 247/247/247 248/248/248 
f 246/246/246 248/248/248 249/249/249 
f 250/250/250 251/251/251 252/252/252 
f 252/252/252 253/253/253 250/250/250 
f 254/254/254 255/255/255 256/256/256 
f 255/255/255 254/254/254 257/257/257 
f 258/258/258 259/259/259 260/260/260 
f 260/260/260 259/259/259 261/261/261 
f 262/262/262 263/263/263 264/264/264 
f 264/264/264 265/265/265 262/262/262 
f 266/266/266 267/267/267 268/268/268 
f 267/267/267 266/266/266 269/269/269 
f 270/270/270 271/271/271 272/272/272 
f 271/271/271 270/270/270 273/273/273 
f 274/274/274 275/275/275 276/276/276 
f 275/275/275 274/274/274 277/277/277 
f 278/278/278 279/279/279 280/280/280 
f 280/280/280 279/279/279 281/281/281 
f 282/282/282 283/283/283 284/284/284 
f 283/283/283 282/282/282 285/285/285 
f 286/286/286 287/287/287 284/284/284 
f 287/287/287 286/286/286 288/288/288 
f 289/289/289 290/290/290 291/291/291 
f 290/290/290 289/289/289 292/292/292 
f 293/293/293 294/294/294 295/295/295 
f 294/294/294 296/296/296 295/295/295 
f 297/297/297 298/298/298 299/299/299 
f 298/298/298 297/297/297 300/300/300 
f 301/301/301 302/302/302 303/303/303 
f 301/301/301 303/303/303 304/304/304 
f 305/305/305 306/306/306 307/307/307 
f 306/306/306 308/308/308 307/307/307 
f 306/306/306 309/309/309 308/308/308 
f 309/309/309 306/306/306 310/310/310 
f 311/311/311 312/312/312 313/313/313 
f 312/312/312 311/311/311 314/314/314 
f 315/315/315 316/316/316 317/317/317 
f 316/316/316 315/315/315 318/318/318 
f 319/319/319 320/320/320 321/321/321 
f 320/320/320 319/319/319 322/322/322 
f 323/323/323 324/324/324 319/319/319 
f 324/324/324 323/323/323 325/325/325 
f 326/326/326 327/327/327 328/328/328 
f 329/329/329 330/330/330 331/331/331 
f 330/330/330 329/329/329 332/332/332 
f 333/333/333 334/334/334 335/335/335 
f 335/335/335 334/334/334 336/336/336 
f 337/337/337 338/338/338 339/339/339 
f 338/338/338 337/337/337 340/340/340 
f 341/341/341 342/342/342 339/339/339 
f 342/342/342 341/341/341 343/343/343 
f 344/344/344 345/345/345 346/346/346 
f 346/346/346 345/345/345 347/347/347 
f 348/348/348 349/349/349 344/344/344 
f 349/349/349 348/348/348 350/350/350 
f 351/351/351 352/352/352 353/353/353 
f 352/352/352 354/354/354 353/353/353 
f 355/355/355 356/356/356 354/354/354 
f 355/355/355 357/357/357 356/356/356 
f 358/358/358 359/359/359 360/360/360 
f 359/359/359 358/358/358 361/361/361 
f 362/362/362 363/363/363 364/364/364 
f 364/364/364 365/365/365 362/362/362 
f 366/366/366 367/367/367 368/368/368 
f 367/367/367 366/366/366 369/369/369 
f 370/370/370 371/371/371 372/372/372 
f 373/373/373 374/374/374 375/375/375 
f 375/375/375 376/376/376 373/373/373 
f 377/377/377 378/378/378 374/374/374 
f 378/378/378 377/377/377 379/379/379 
f 380/380/380 381/381/381 382/382/382 
f 381/381/381 380/380/380 383/383/383 
f 384/384/384 385/385/385 386/386/386 
f 386/386/386 385/385/385 387/387/387 
f 388/388/388 389/389/389 384/384/384 
f 389/389/389 388/388/388 390/390/390 
f 391/391/391 392/392/392 393/393/393 
f 392/392/392 391/391/391 394/394/394 
f 395/395/395 396/396/396 397/397/397 
f 396/396/396 395/395/395 398/398/398 
f 399/399/399 400/400/400 398/398/398 
f 400/400/400 399/399/399 401/401/401 
f 402/402/402 403/403/403 404/404/404 
f 403/403/403 402/402/402 405/405/405 
f 406/406/406 407/407/407 408/408/408 
f 407/407/407 406/406/406 409/409/409 
f 408/408/408 410/410/410 411/411/411 
f 410/410/410 408/408/408 412/412/412 
f 413/413/413 414/414/414 410/410/410 
f 415/415/415 414/414/414 413/413/413 
f 416/416/416 417/417/417 415/415/415 
f 416/416/416 418/418/418 417/417/417 
f 419/419/419 420/420/420 421/421/421 
f 421/421/421 420/420/420 422/422/422 
f 423/423/423 424/424/424 425/425/425 
f 423/423/423 425/425/425 426/426/426 
f 427/427/427 428/428/428 429/429/429 
f 428/428/428 427/427/427 430/430/430 
f 431/431/431 432/432/432 433/433/433 
f 434/434/434 435/435/435 436/436/436 
f 437/437/437 436/436/436 438/438/438 
f 439/439/439 440/440/440 441/441/441 
f 440/440/440 439/439/439 442/442/442 
f 443/443/443 444/444/444 445/445/445 
f 444/444/444 443/443/443 446/446/446 
f 447/447/447 448/448/448 449/449/449 
f 448/448/448 447/447/447 450/450/450 
f 451/451/451 452/452/452 449/449/449 
f 452/452/452 451/451/451 453/453/453 
f 454/454/454 455/455/455 456/456/456 
f 454/454/454 456/456/456 457/457/457 
f 458/458/458 459/459/459 460/460/460 
f 460/460/460 461/461/461 458/458/458 
f 462/462/462 463/463/463 464/464/464 
f 462/462/462 464/464/464 465/465/465 
f 466/466/466 467/467/467 468/468/468 
f 469/469/469 470/470/470 471/471/471 
f 472/472/472 473/473/473 474/474/474 
f 474/474/474 473/473/473 475/475/475 
f 476/476/476 477/477/477 478/478/478 
f 476/476/476 478/478/478 479/479/479 
f 480/480/480 481/481/481 482/482/482 
f 483/483/483 481/481/481 480/480/480 
f 484/484/484 485/485/485 486/486/486 
f 487/487/487 488/488/488 489/489/489 
f 489/489/489 488/488/488 490/490/490 
f 491/491/491 492/492/492 493/493/493 
f 492/492/492 491/491/491 494/494/494 
f 495/495/495 496/496/496 497/497/497 
f 497/497/497 496/496/496 498/498/498 
f 499/499/499 495/495/495 500/500/500 
f 501/501/501 495/495/495 499/499/499 
f 502/502/502 503/503/503 504/504/504 
f 502/502/502 505/505/505 503/503/503 
f 506/506/506 507/507/507 508/508/508 
f 509/509/509 507/507/507 506/506/506 
f 510/510/510 511/511/511 512/512/512 
f 511/511/511 510/510/510 513/513/513 
f 514/514/514 515/515/515 516/516/516 
f 516/516/516 515/515/515 517/517/517 
f 518/518/518 519/519/519 520/520/520 
f 519/519/519 521/521/521 520/520/520 
f 522/522/522 523/523/523 524/524/524 
f 524/524/524 523/523/523 525/525/525 
f 526/526/526 527/527/527 522/522/522 
f 527/527/527 526/526/526 528/528/528 
f 529/529/529 530/530/530 528/528/528 
f 530/530/530 529/529/529 531/531/531 
f 532/532/532 533/533/533 534/534/534 
f 532/532/532 534/534/534 535/535/535 
f 536/536/536 537/537/537 533/533/533 
f 537/537/537 536/536/536 538/538/538 
f 539/539/539 540/540/540 541/541/541 
f 540/540/540 542/542/542 541/541/541 
f 543/543/543 544/544/544 545/545/545 
f 546/546/546 547/547/547 548/548/548 
f 549/549/549 550/550/550 548/548/548 
f 550/550/550 549/549/549 551/551/551 
f 552/552/552 553/553/553 554/554/554 
f 555/555/555 556/556/556 557/557/557 
f 557/557/557 558/558/558 555/555/555 
f 559/559/559 560/560/560 556/556/556 
f 560/560/560 559/559/559 561/561/561 
f 562/562/562 561/561/561 563/563/563 
f 563/563/563 564/564/564 562/562/562 
f 565/565/565 566/566/566 567/567/567 
f 566/566/566 565/565/565 568/568/568 
f 569/569/569 570/570/570 567/567/567 
f 571/571/571 570/570/570 569/569/569 
f 572/572/572 573/573/573 574/574/574 
f 575/575/575 576/576/576 573/573/573 
f 576/576/576 575/575/575 577/577/577 
f 578/578/578 579/579/579 580/580/580 
f 578/578/578 580/580/580 581/581/581 
f 579/579/579 582/582/582 583/583/583 
f 584/584/584 583/583/583 582/582/582 
f 585/585/585 586/586/586 584/584/584 
f 586/586/586 585/585/585 587/587/587 
f 588/588/588 589/589/589 590/590/590 
f 589/589/589 588/588/588 591/591/591 
f 592/592/592 593/593/593 594/594/594 
f 593/593/593 592/592/592 595/595/595 
f 594/594/594 596/596/596 597/597/597 
f 596/596/596 598/598/598 597/597/597 
f 599/599/599 600/600/600 601/601/601 
f 600/600/600 602/602/602 601/601/601 
f 603/603/603 604/604/604 605/605/605 
f 605/605/605 606/606/606 603/603/603 
f 607/607/607 608/608/608 609/609/609 
f 608/608/608 607/607/607 610/610/610 
f 611/611/611 612/612/612 613/613/613 
f 612/612/612 611/611/611 614/614/614 
f 615/615/615 616/616/616 613/613/613 
f 615/615/615 617/617/617 616/616/616 
f 618/618/618 619/619/619 620/620/620 
f 619/619/619 618/618/618 621/621/621 
f 622/622/622 623/623/623 624/624/624 
f 623/623/623 622/622/622 625/625/625 
f 626/626/626 627/627/627 628/628/628 
f 629/629/629 628/628/628 627/627/627 
f 630/630/630 631/631/631 632/632/632 
f 631/631/631 630/630/630 633/633/633 
f 634/634/634 635/635/635 632/632/632 
f 635/635/635 634/634/634 636/636/636 
f 637/637/637 638/638/638 639/639/639 
f 640/640/640 641/641/641 642/642/642 
f 642/642/642 641/641/641 643/643/643 
f 644/644/644 645/645/645 646/646/646 
f 647/647/647 648/648/648 649/649/649 
f 647/647/647 649/649/649 650/650/650 
f 651/651/651 652/652/652 653/653/653 
f 654/654/654 655/655/655 656/656/656 
f 654/654/654 656/656/656 657/657/657 
f 658/658/658 655/655/655 659/659/659 
f 659/659/659 660/660/660 658/658/658 
f 657/657/657 661/661/661 662/662/662 
f 661/661/661 657/657/657 663/663/663 
f 664/664/664 665/665/665 663/663/663 
f 665/665/665 664/664/664 666/666/666 
f 667/667/667 668/668/668 669/669/669 
f 669/669/669 668/668/668 670/670/670 
f 671/671/671 672/672/672 673/673/673 
f 672/672/672 671/671/671 674/674/674 
f 675/675/675 676/676/676 677/677/677 
f 678/678/678 679/679/679 680/680/680 
f 681/681/681 682/682/682 683/683/683 
f 682/682/682 681/681/681 684/684/684 
f 685/685/685 686/686/686 687/687/687 
f 685/685/685 687/687/687 688/688/688 
f 689/689/689 690/690/690 691/691/691 
f 690/690/690 689/689/689 692/692/692 
f 693/693/693 692/692/692 694/694/694 
f 694/694/694 695/695/695 693/693/693 
f 695/695/695 696/696/696 697/697/697 
f 698/698/698 697/697/697 696/696/696 
f 699/699/699 700/700/700 701/701/701 
f 699/699/699 701/701/701 702/702/702 
f 703/703/703 704/704/704 705/705/705 
f 706/706/706 707/707/707 708/708/708 
f 709/709/709 710/710/710 711/711/711 
f 710/710/710 712/712/712 711/711/711 
f 713/713/713 714/714/714 709/709/709 
f 715/715/715 716/716/716 717/717/717 
f 717/717/717 716/716/716 718/718/718 
f 719/719/719 720/720/720 721/721/721 
f 721/721/721 722/722/722 719/719/719 
f 723/723/723 724/724/724 725/725/725 
f 724/724/724 723/723/723 726/726/726 
f 727/727/727 728/728/728 729/729/729 
f 728/728/728 730/730/730 729/729/729 
f 731/731/731 732/732/732 733/733/733 
f 732/732/732 731/731/731 734/734/734 
f 735/735/735 736/736/736 734/734/734 
f 736/736/736 735/735/735 737/737/737 
f 738/738/738 739/739/739 740/740/740 
f 741/741/741 739/739/739 738/738/738 
f 742/742/742 743/743/743 744/744/744 
f 744/744/744 745/745/745 742/742/742 
f 746/746/746 747/747/747 748/748/748 
f 747/747/747 746/746/746 749/749/749 
f 750/750/750 751/751/751 748/748/748 
f 751/751/751 750/750/750 752/752/752 
f 753/753/753 754/754/754 752/752/752 
f 754/754/754 753/753/753 755/755/755 
f 756/756/756 757/757/757 758/758/758 
f 756/756/756 758/758/758 759/759/759 
f 760/760/760 761/761/761 762/762/762 
f 760/760/760 762/762/762 763/763/763 
f 764/764/764 765/765/765 766/766/766 
f 766/766/766 767/767/767 764/764/764 
f 768/768/768 765/765/765 769/769/769 
f 770/770/770 771/771/771 772/772/772 
f 773/773/773 774/774/774 771/771/771 
f 774/774/774 773/773/773 775/775/775 
f 776/776/776 777/777/777 778/778/778 
f 777/777/777 776/776/776 779/779/779 
f 780/780/780 781/781/781 782/782/782 
f 781/781/781 780/780/780 783/783/783 
f 784/784/784 785/785/785 786/786/786 
f 785/785/785 784/784/784 787/787/787 
f 788/788/788 789/789/789 790/790/790 
f 791/791/791 790/790/790 789/789/789 
f 792/792/792 793/793/793 794/794/794 
f 794/794/794 793/793/793 795/795/795 
f 796/796/796 797/797/797 795/795/795 
f 797/797/797 796/796/796 798/798/798 
f 799/799/799 800/800/800 798/798/798 
f 800/800/800 799/799/799 801/801/801 
f 802/802/802 803/803/803 804/804/804 
f 803/803/803 802/802/802 805/805/805 
f 806/806/806 807/807/807 808/808/808 
f 807/807/807 806/806/806 809/809/809 
f 810/810/810 809/809/809 811/811/811 
f 812/812/812 813/813/813 814/814/814 
f 812/812/812 814/814/814 815/815/815 
f 816/816/816 817/817/817 818/818/818 
f 817/817/817 816/816/816 819/819/819 
f 820/820/820 821/821/821 818/818/818 
f 820/820/820 822/822/822 821/821/821 
f 823/823/823 824/824/824 825/825/825 
f 826/826/826 827/827/827 828/828/828 
f 828/828/828 829/829/829 826/826/826 
f 830/830/830 831/831/831 832/832/832 
f 830/830/830 832/832/832 833/833/833 
f 834/834/834 835/835/835 836/836/836 
f 836/836/836 835/835/835 837/837/837 
f 838/838/838 839/839/839 840/840/840 
f 841/841/841 842/842/842 843/843/843 
f 843/843/843 844/844/844 841/841/841 
f 845/845/845 846/846/846 847/847/847 
f 848/848/848 846/846/846 849/849/849 
f 848/848/848 850/850/850 846/846/846 
f 851/851/851 852/852/852 853/853/853 
f 853/853/853 852/852/852 854/854/854 
f 855/855/855 856/856/856 857/857/857 
f 858/858/858 859/859/859 860/860/860 
f 859/859/859 861/861/861 860/860/860 
f 862/862/862 863/863/863 864/864/864 
f 863/863/863 862/862/862 865/865/865 
f 866/866/866 867/867/867 868/868/868 
f 867/867/867 866/866/866 869/869/869 
f 870/870/870 871/871/871 869/869/869 
f 872/872/872 871/871/871 870/870/870 
f 873/873/873 874/874/874 875/875/875 
f 874/874/874 873/873/873 876/876/876 
f 877/877/877 878/878/878 879/879/879 
f 879/879/879 878/878/878 880/880/880 
f 881/881/881 882/882/882 883/883/883 
f 883/883/883 884/884/884 881/881/881 
f 885/885/885 886/886/886 887/887/887 
f 886/886/886 885/885/885 888/888/888 
f 889/889/889 890/890/890 891/891/891 
f 890/890/890 892/892/892 891/891/891 
f 893/893/893 894/894/894 895/895/895 
f 894/894/894 893/893/893 896/896/896 
f 893/893/893 897/897/897 896/896/896 
f 897/897/897 893/893/893 898/898/898 
f 899/899/899 900/900/900 901/901/901 
f 899/899/899 901/901/901 902/902/902 
f 903/903/903 904/904/904 905/905/905 
f 903/903/903 905/905/905 906/906/906 
f 907/907/907 908/908/908 909/909/909 
f 908/908/908 910/910/910 909/909/909 
f 911/911/911 912/912/912 910/910/910 
f 913/913/913 911/911/911 910/910/910 
f 911/911/911 914/914/914 915/915/915 
f 914/914/914 916/916/916 915/915/915 
f 917/917/917 918/918/918 919/919/919 
f 917/917/917 919/919/919 920/920/920 
f 921/921/921 922/922/922 923/923/923 
f 922/922/922 924/924/924 923/923/923 
f 925/925/925 926/926/926 927/927/927 
f 927/927/927 928/928/928 925/925/925 
f 929/929/929 930/930/930 931/931/931 
f 930/930/930 929/929/929 932/932/932 
f 933/933/933 934/934/934 931/931/931 
f 934/934/934 933/933/933 935/935/935 
f 936/936/936 937/937/937 938/938/938 
f 937/937/937 936/936/936 939/939/939 
f 940/940/940 941/941/941 942/942/942 
f 941/941/941 940/940/940 943/943/943 
f 944/944/944 942/942/942 945/945/945 
f 945/945/945 946/946/946 944/944/944 
f 947/947/947 948/948/948 949/949/949 
f 948/948/948 947/947/947 950/950/950 
f 951/951/951 952/952/952 953/953/953 
f 954/954/954 955/955/955 956/956/956 
f 955/955/955 954/954/954 957/957/957 
f 958/958/958 959/959/959 960/960/960 
f 959/959/959 958/958/958 961/961/961 
f 962/962/962 963/963/963 961/961/961 
f 963/963/963 962/962/962 964/964/964 
f 965/965/965 966/966/966 967/967/967 
f 968/968/968 967/967/967 966/966/966 
f 969/969/969 970/970/970 971/971/971 
f 970/970/970 969/969/969 972/972/972 
f 973/973/973 974/974/974 975/975/975 
f 974/974/974 973/973/973 976/976/976 
f 977/977/977 978/978/978 975/975/975 
f 977/977/977 979/979/979 978/978/978 
f 980/980/980 981/981/981 982/982/982 
f 983/983/983 984/984/984 985/985/985 
f 984/984/984 983/983/983 986/986/986 
f 987/987/987 988/988/988 989/989/989 
f 988/988/988 987/987/987 990/990/990 
f 991/991/991 992/992/992 993/993/993 
f 992/992/992 991/991/991 994/994/994 
f 995/995/995 996/996/996 994/994/994 
f 996/996/996 995/995/995 997/997/997 
f 998/998/998 999/999/999 1000/1000/1000 
f 999/999/999 998/998/998 1001/1001/1001 
f 1002/1002/1002 1003/1003/1003 1004/1004/1004 
f 1003/1003/1003 1002/1002/1002 1005/1005/1005 
f 1006/1006/1006 1007/1007/1007 1008/1008/1008 
f 1007/1007/1007 1009/1009/1009 1008/1008/1008 
f 1010/1010/1010 1011/1011/1011 1009/1009/1009 
f 1011/1011/1011 1010/1010/1010 1012/1012/1012 
f 1013/1013/1013 1014/1014/1014 1015/1015/1015 
f 1013/1013/1013 1015/1015/1015 1016/1016/1016 
f 1017/1017/1017 1018/1018/1018 1019/1019/1019 
f 1020/1020/1020 1021/1021/1021 1022/1022/1022 
f 1021/1021/1021 1020/1020/1020 1023/1023/1023 
f 1023/1023/1023 1024/1024/1024 1025/1025/1025 
f 1026/1026/1026 1027/1027/1027 1028/1028/1028 
f 1027/1027/1027 1026/1026/1026 1029/1029/1029 
f 1030/1030/1030 1031/1031/1031 1032/1032/1032 
f 1031/1031/1031 1033/1033/1033 1034/1034/1034 
f 1034/1034/1034 1033/1033/1033 1035/1035/1035 
f 1036/1036/1036 1037/1037/1037 1035/1035/1035 
f 1037/1037/1037 1036/1036/1036 1038/1038/1038 
f 1039/1039/1039 1040/1040/1040 1041/1041/1041 
f 1040/1040/1040 1039/1039/1039 1042/1042/1042 
f 1043/1043/1043 1044/1044/1044 1045/1045/1045 
f 1044/1044/1044 1043/1043/1043 1046/1046/1046 
f 1046/1046/1046 1047/1047/1047 1048/1048/1048 
f 1049/1049/1049 1050/1050/1050 1051/1051/1051 
f 1051/1051/1051 1050/1050/1050 1052/1052/1052 
f 1053/1053/1053 1054/1054/1054 1055/1055/1055 
f 1056/1056/1056 1057/1057/1057 1054/1054/1054 
f 1057/1057/1057 1056/1056/1056 1058/1058/1058 
f 1059/1059/1059 1058/1058/1058 1060/1060/1060 
f 1058/1058/1058 1059/1059/1059 1061/1061/1061 
f 1062/1062/1062 1063/1063/1063 1064/1064/1064 
f 1062/1062/1062 1064/1064/1064 1065/1065/1065 
f 1066/1066/1066 1067/1067/1067 1068/1068/1068 
f 1066/1066/1066 1068/1068/1068 1069/1069/1069 
f 1070/1070/1070 1071/1071/1071 1072/1072/1072 
f 1073/1073/1073 1074/1074/1074 1075/1075/1075 
f 1075/1075/1075 1074/1074/1074 1076/1076/1076 
f 1077/1077/1077 1078/1078/1078 1079/1079/1079 
f 1078/1078/1078 1077/1077/1077 1080/1080/1080 
f 1081/1081/1081 1082/1082/1082 1083/1083/1083 
f 1082/1082/1082 1081/1081/1081 1084/1084/1084 
f 1085/1085/1085 1086/1086/1086 1087/1087/1087 
f 1086/1086/1086 1085/1085/1085 1088/1088/1088 
f 1087/1087/1087 1089/1089/1089 1090/1090/1090 
f 1089/1089/1089 1091/1091/1091 1090/1090/1090 
f 1092/1092/1092 1093/1093/1093 1094/1094/1094 
f 1093/1093/1093 1095/1095/1095 1094/1094/1094 
f 1096/1096/1096 1097/1097/1097 1098/1098/1098 
f 1097/1097/1097 1096/1096/1096 1099/1099/1099 
f 1100/1100/1100 1099/1099/1099 1101/1101/1101 
f 1101/1101/1101 1102/1102/1102 1100/1100/1100 
f 1103/1103/1103 1104/1104/1104 1105/1105/1105 
f 1106/1106/1106 1107/1107/1107 1104/1104/1104 
f 1107/1107/1107 1106/1106/1106 1108/1108/1108 
f 1109/1109/1109 1110/1110/1110 1111/1111/1111 
f 1112/1112/1112 1113/1113/1113 1111/1111/1111 
f 1113/1113/1113 1112/1112/1112 1114/1114/1114 
f 1115/1115/1115 1116/1116/1116 1117/1117/1117 
f 1115/1115/1115 1117/1117/1117 1118/1118/1118 
f 1119/1119/1119 1120/1120/1120 1116/1116/1116 
f 1120/1120/1120 1119/1119/1119 1121/1121/1121 
f 1122/1122/1122 1123/1123/1123 1124/1124/1124 
f 1125/1125/1125 1123/1123/1123 1122/1122/1122 
f 1126/1126/1126 1127/1127/1127 1125/1125/1125 
f 1127/1127/1127 1126/1126/1126 1128/1128/1128 
f 1129/1129/1129 1130/1130/1130 1131/1131/1131 
f 1130/1130/1130 1129/1129/1129 1132/1132/1132 
f 1133/1133/1133 1134/1134/1134 1135/1135/1135 
f 1134/1134/1134 1133/1133/1133 1136/1136/1136 
f 1137/1137/1137 1138/1138/1138 1139/1139/1139 
f 1140/1140/1140 1141/1141/1141 1139/1139/1139 
f 1141/1141/1141 1140/1140/1140 1142/1142/1142 
f 1143/1143/1143 1144/1144/1144 1145/1145/1145 
f 1144/1144/1144 1143/1143/1143 1146/1146/1146 
f 1147/1147/1147 1148/1148/1148 1149/1149/1149 
f 1148/1148/1148 1147/1147/1147 1150/1150/1150 
f 1151/1151/1151 1152/1152/1152 1150/1150/1150 
f 1152/1152/1152 1151/1151/1151 1153/1153/1153 
f 1154/1154/1154 1155/1155/1155 1156/1156/1156 
f 1155/1155/1155 1154/1154/1154 1157/1157/1157 
f 1158/1158/1158 1159/1159/1159 1160/1160/1160 
f 1158/1158/1158 1160/1160/1160 1161/1161/1161 
f 1162/1162/1162 1163/1163/1163 1164/1164/1164 
f 1163/1163/1163 1162/1162/1162 1165/1165/1165 
f 1166/1166/1166 1165/1165/1165 1167/1167/1167 
f 1167/1167/1167 1168/1168/1168 1166/1166/1166 
f 1169/1169/1169 1170/1170/1170 1171/1171/1171 
f 1170/1170/1170 1169/1169/1169 1172/1172/1172 
f 1173/1173/1173 1174/1174/1174 1175/1175/1175 
f 1174/1174/1174 1173/1173/1173 1176/1176/1176 
f 1177/1177/1177 1178/1178/1178 1179/1179/1179 
f 1179/1179/1179 1180/1180/1180 1177/1177/1177 
f 1181/1181/1181 1182/1182/1182 1183/1183/1183 
f 1182/1182/1182 1181/1181/1181 1184/1184/1184 
f 1185/1185/1185 1186/1186/1186 1187/1187/1187 
f 1186/1186/1186 1185/1185/1185 1188/1188/1188 
f 1189/1189/1189 1190/1190/1190 1191/1191/1191 
f 1190/1190/1190 1192/1192/1192 1191/1191/1191 
f 1193/1193/1193 1194/1194/1194 1195/1195/1195 
f 1195/1195/1195 1194/1194/1194 1196/1196/1196 
f 1197/1197/1197 1196/1196/1196 1198/1198/1198 
f 1199/1199/1199 1197/1197/1197 1198/1198/1198 
f 1200/1200/1200 1199/1199/1199 1201/1201/1201 
f 1200/1200/1200 1201/1201/1201 1202/1202/1202 
f 1203/1203/1203 1204/1204/1204 1205/1205/1205 
f 1204/1204/1204 1203/1203/1203 1206/1206/1206 
f 1207/1207/1207 1206/1206/1206 1208/1208/1208 
f 1206/1206/1206 1207/1207/1207 1209/1209/1209 
f 1210/1210/1210 1211/1211/1211 1212/1212/1212 
f 1213/1213/1213 1214/1214/1214 1215/1215/1215 
f 1213/1213/1213 1215/1215/1215 1216/1216/1216 
f 1217/1217/1217 1218/1218/1218 1219/1219/1219 
f 1218/1218/1218 1217/1217/1217 1220/1220/1220 
f 1221/1221/1221 1219/1219/1219 1222/1222/1222 
f 1221/1221/1221 1222/1222/1222 1223/1223/1223 
f 1224/1224/1224 1225/1225/1225 1226/1226/1226 
f 1224/1224/1224 1226/1226/1226 1227/1227/1227 
f 1228/1228/1228 1229/1229/1229 1230/1230/1230 
f 1230/1230/1230 1229/1229/1229 1231/1231/1231 
f 1232/1232/1232 1233/1233/1233 1234/1234/1234 
f 1235/1235/1235 1236/1236/1236 1237/1237/1237 
f 1238/1238/1238 1239/1239/1239 1240/1240/1240 
f 1238/1238/1238 1240/1240/1240 1241/1241/1241 
f 1242/1242/1242 1243/1243/1243 1244/1244/1244 
f 1242/1242/1242 1244/1244/1244 1245/1245/1245 
f 1246/1246/1246 1247/1247/1247 1248/1248/1248 
f 1247/1247/1247 1246/1246/1246 1249/1249/1249 
f 1250/1250/1250 1249/1249/1249 1251/1251/1251 
f 1251/1251/1251 1252/1252/1252 1250/1250/1250 
f 1253/1253/1253 1254/1254/1254 1255/1255/1255 
f 1254/1254/1254 1256/1256/1256 1255/1255/1255 
f 1257/1257/1257 1255/1255/1255 1258/1258/1258 
f 1257/1257/1257 1258/1258/1258 1259/1259/1259 
f 1260/1260/1260 1261/1261/1261 1259/1259/1259 
f 1261/1261/1261 1260/1260/1260 1262/1262/1262 
f 1263/1263/1263 1264/1264/1264 1265/1265/1265 
f 1264/1264/1264 1263/1263/1263 1266/1266/1266 
f 1267/1267/1267 1268/1268/1268 1269/1269/1269 
f 1270/1270/1270 1271/1271/1271 1269/1269/1269 
f 1271/1271/1271 1270/1270/1270 1272/1272/1272 
f 1273/1273/1273 1274/1274/1274 1272/1272/1272 
f 1274/1274/1274 1273/1273/1273 1275/1275/1275 
f 1276/1276/1276 1277/1277/1277 1278/1278/1278 
f 1277/1277/1277 1276/1276/1276 1279/1279/1279 
f 1280/1280/1280 1281/1281/1281 1282/1282/1282 
f 1281/1281/1281 1280/1280/1280 1283/1283/1283 
f 1284/1284/1284 1285/1285/1285 1286/1286/1286 
f 1285/1285/1285 1284/1284/1284 1287/1287/1287 
f 1288/1288/1288 1289/1289/1289 1290/1290/1290 
f 1291/1291/1291 1292/1292/1292 1293/1293/1293 
f 1294/1294/1294 1295/1295/1295 1296/1296/1296 
f 1295/1295/1295 1294/1294/1294 1297/1297/1297 
f 1298/1298/1298 1299/1299/1299 1300/1300/1300 
f 1299/1299/1299 1298/1298/1298 1301/1301/1301 
f 1302/1302/1302 1303/1303/1303 1304/1304/1304 
f 1305/1305/1305 1306/1306/1306 1307/1307/1307 
f 1308/1308/1308 1309/1309/1309 1305/1305/1305 
f 1309/1309/1309 1308/1308/1308 1310/1310/1310 
f 1311/1311/1311 1312/1312/1312 1313/1313/1313 
f 1312/1312/1312 1311/1311/1311 1314/1314/1314 
f 1315/1315/1315 1314/1314/1314 1316/1316/1316 
f 1316/1316/1316 1317/1317/1317 1315/1315/1315 
f 1318/1318/1318 1319/1319/1319 1320/1320/1320 
f 1320/1320/1320 1321/1321/1321 1318/1318/1318 
f 1322/1322/1322 1323/1323/1323 1324/1324/1324 
f 1323/1323/1323 1325/1325/1325 1324/1324/1324 
f 1326/1326/1326 1327/1327/1327 1325/1325/1325 
f 1328/1328/1328 1329/1329/1329 1330/1330/1330 
f 1331/1331/1331 1332/1332/1332 1333/1333/1333 
f 1334/1334/1334 1335/1335/1335 1336/1336/1336 
f 1337/1337/1337 1338/1338/1338 1339/1339/1339 
f 1340/1340/1340 1341/1341/1341 1342/1342/1342 
f 1340/1340/1340 1342/1342/1342 1343/1343/1343 
f 1344/1344/1344 1345/1345/1345 1346/1346/1346 
f 1345/1345/1345 1344/1344/1344 1347/1347/1347 
f 1348/1348/1348 1349/1349/1349 1347/1347/1347 
f 1350/1350/1350 1351/1351/1351 1346/1346/1346 
f 1346/1346/1346 1352/1352/1352 1350/1350/1350 
f 1353/1353/1353 1354/1354/1354 1350/1350/1350 
f 1354/1354/1354 1353/1353/1353 1355/1355/1355 
f 1356/1356/1356 1357/1357/1357 1358/1358/1358 
f 1357/1357/1357 1356/1356/1356 1359/1359/1359 
f 1360/1360/1360 1361/1361/1361 1362/1362/1362 
f 1360/1360/1360 1362/1362/1362 1363/1363/1363 
f 1364/1364/1364 1365/1365/1365 1366/1366/1366 
f 1365/1365/1365 1364/1364/1364 1367/1367/1367 
f 1368/1368/1368 1369/1369/1369 1370/1370/1370 
f 1368/1368/1368 1371/1371/1371 1372/1372/1372 
f 1371/1371/1371 1373/1373/1373 1372/1372/1372 
f 1374/1374/1374 1375/1375/1375 1376/1376/1376 
f 1377/1377/1377 1378/1378/1378 1379/1379/1379 
f 1378/1378/1378 1377/1377/1377 1380/1380/1380 
f 1381/1381/1381 1382/1382/1382 1383/1383/1383 
f 1382/1382/1382 1381/1381/1381 1384/1384/1384 
f 1385/1385/1385 1386/1386/1386 1387/1387/1387 
f 1388/1388/1388 1389/1389/1389 1390/1390/1390 
f 1389/1389/1389 1388/1388/1388 1391/1391/1391 
f 1392/1392/1392 1393/1393/1393 1394/1394/1394 
f 1393/1393/1393 1392/1392/1392 1395/1395/1395 
f 1396/1396/1396 1397/1397/1397 1398/1398/1398 
f 1396/1396/1396 1398/1398/1398 1399/1399/1399 
f 1400/1400/1400 1401/1401/1401 1402/1402/1402 
f 1401/1401/1401 1400/1400/1400 1403/1403/1403 
f 1404/1404/1404 1405/1405/1405 1406/1406/1406 
f 1407/1407/1407 1408/1408/1408 1409/1409/1409 
f 1409/1409/1409 1410/1410/1410 1407/1407/1407 
f 1410/1410/1410 1411/1411/1411 1412/1412/1412 
f 1413/1413/1413 1414/1414/1414 1415/1415/1415 
f 1414/1414/1414 1413/1413/1413 1416/1416/1416 
f 1417/1417/1417 1418/1418/1418 1415/1415/1415 
f 1418/1418/1418 1417/1417/1417 1419/1419/1419 
f 1420/1420/1420 1421/1421/1421 1422/1422/1422 
f 1421/1421/1421 1420/1420/1420 1423/1423/1423 
f 1424/1424/1424 1425/1425/1425 1426/1426/1426 
f 1427/1427/1427 1428/1428/1428 1429/1429/1429 
f 1428/1428/1428 1427/1427/1427 1430/1430/1430 
f 1431/1431/1431 1430/1430/1430 1427/1427/1427 
f 1427/1427/1427 1432/1432/1432 1431/1431/1431 
f 1433/1433/1433 1434/1434/1434 1435/1435/1435 
f 1434/1434/1434 1433/1433/1433 1436/1436/1436 
f 1437/1437/1437 1438/1438/1438 1439/1439/1439 
f 1438/1438/1438 1437/1437/1437 1440/1440/1440 
f 1441/1441/1441 1442/1442/1442 1443/1443/1443 
f 1442/1442/1442 1441/1441/1441 1444/1444/1444 
f 1445/1445/1445 1446/1446/1446 1447/1447/1447 
f 1446/1446/1446 1445/1445/1445 1448/1448/1448 
f 1449/1449/1449 1450/1450/1450 1451/1451/1451 
f 1450/1450/1450 1449/1449/1449 1452/1452/1452 
f 1453/1453/1453 1454/1454/1454 1455/1455/1455 
f 1455/1455/1455 1456/1456/1456 1453/1453/1453 
f 1457/1457/1457 1458/1458/1458 1459/1459/1459 
f 1457/1457/1457 1459/1459/1459 1460/1460/1460 
f 1461/1461/1461 1462/1462/1462 1463/1463/1463 
f 1462/1462/1462 1464/1464/1464 1465/1465/1465 
f 1466/1466/1466 1467/1467/1467 1468/1468/1468 
f 1468/1468/1468 1467/1467/1467 1469/1469/1469 
f 1469/1469/1469 1470/1470/1470 1471/1471/1471 
f 1472/1472/1472 1473/1473/1473 1474/1474/1474 
f 1474/1474/1474 1475/1475/1475 1472/1472/1472 
f 1476/1476/1476 1477/1477/1477 1478/1478/1478 
f 1478/1478/1478 1477/1477/1477 1479/1479/1479 
f 1480/1480/1480 1481/1481/1481 1482/1482/1482 
f 1483/1483/1483 1484/1484/1484 1485/1485/1485 
f 1484/1484/1484 1486/1486/1486 1485/1485/1485 
f 1487/1487/1487 1488/1488/1488 1489/1489/1489 
f 1490/1490/1490 1491/1491/1491 1492/1492/1492 
f 1493/1493/1493 1494/1494/1494 1495/1495/1495 
f 1493/1493/1493 1496/1496/1496 1497/1497/1497 
f 1498/1498/1498 1499/1499/1499 1500/1500/1500 
f 1498/1498/1498 1500/1500/1500 1501/1501/1501 
f 1502/1502/1502 1503/1503/1503 1504/1504/1504 
f 1505/1505/1505 1506/1506/1506 1507/1507/1507 
f 1508/1508/1508 1509/1509/1509 1510/1510/1510 
f 1509/1509/1509 1508/1508/1508 1511/1511/1511 
f 1512/1512/1512 1513/1513/1513 1514/1514/1514 
f 1514/1514/1514 1515/1515/1515 1512/1512/1512 
f 1516/1516/1516 1517/1517/1517 1518/1518/1518 
f 1518/1518/1518 1519/1519/1519 1516/1516/1516 
f 1520/1520/1520 1521/1521/1521 1522/1522/1522 
f 1521/1521/1521 1523/1523/1523 1522/1522/1522 
f 1524/1524/1524 1525/1525/1525 1520/1520/1520 
f 1524/1524/1524 1526/1526/1526 1525/1525/1525 
f 1527/1527/1527 1528/1528/1528 1529/1529/1529 
f 1530/1530/1530 1531/1531/1531 1532/1532/1532 
f 1533/1533/1533 1534/1534/1534 1535/1535/1535 
f 1534/1534/1534 1533/1533/1533 1536/1536/1536 
f 1537/1537/1537 1538/1538/1538 1539/1539/1539 
f 1539/1539/1539 1540/1540/1540 1541/1541/1541 
f 1542/1542/1542 1541/1541/1541 1540/1540/1540 
f 1543/1543/1543 1544/1544/1544 1545/1545/1545 
f 1544/1544/1544 1543/1543/1543 1546/1546/1546 
f 1543/1543/1543 1547/1547/1547 1546/1546/1546 
f 1547/1547/1547 1543/1543/1543 1548/1548/1548 
f 1549/1549/1549 1550/1550/1550 1551/1551/1551 
f 1550/1550/1550 1549/1549/1549 1552/1552/1552 
f 1553/1553/1553 1554/1554/1554 1551/1551/1551 
f 1555/1555/1555 1554/1554/1554 1553/1553/1553 
f 1556/1556/1556 1557/1557/1557 1558/1558/1558 
f 1557/1557/1557 1556/1556/1556 1559/1559/1559 
f 1560/1560/1560 1561/1561/1561 1562/1562/1562 
f 1563/1563/1563 1564/1564/1564 1565/1565/1565 
f 1564/1564/1564 1563/1563/1563 1566/1566/1566 
f 1567/1567/1567 1568/1568/1568 1569/1569/1569 
f 1568/1568/1568 1567/1567/1567 1570/1570/1570 
f 1571/1571/1571 1572/1572/1572 1573/1573/1573 
f 1572/1572/1572 1571/1571/1571 1574/1574/1574 
f 1575/1575/1575 1576/1576/1576 1577/1577/1577 
f 1576/1576/1576 1575/1575/1575 1578/1578/1578 
f 1579/1579/1579 1580/1580/1580 1577/1577/1577 
f 1581/1581/1581 1580/1580/1580 1579/1579/1579 
f 1582/1582/1582 1583/1583/1583 1584/1584/1584 
f 1583/1583/1583 1582/1582/1582 1585/1585/1585 
f 1586/1586/1586 1587/1587/1587 1588/1588/1588 
f 1586/1586/1586 1588/1588/1588 1589/1589/1589 
f 1590/1590/1590 1589/1589/1589 1591/1591/1591 
f 1592/1592/1592 1593/1593/1593 1587/1587/1587 
f 1593/1593/1593 1592/1592/1592 1594/1594/1594 
f 1595/1595/1595 1596/1596/1596 1597/1597/1597 
f 1598/1598/1598 1599/1599/1599 1600/1600/1600 
f 1599/1599/1599 1598/1598/1598 1601/1601/1601 
f 1602/1602/1602 1603/1603/1603 1604/1604/1604 
f 1605/1605/1605 1606/1606/1606 1607/1607/1607 
f 1606/1606/1606 1605/1605/1605 1608/1608/1608 
f 1609/1609/1609 1610/1610/1610 1611/1611/1611 
f 1610/1610/1610 1609/1609/1609 1612/1612/1612 
f 1613/1613/1613 1614/1614/1614 1615/1615/1615 
f 1614/1614/1614 1613/1613/1613 1616/1616/1616 
f 1617/1617/1617 1618/1618/1618 1619/1619/1619 
f 1618/1618/1618 1617/1617/1617 1620/1620/1620 
f 1621/1621/1621 1622/1622/1622 1623/1623/1623 
f 1622/1622/1622 1621/1621/1621 1624/1624/1624 
f 1625/1625/1625 1626/1626/1626 1627/1627/1627 
f 1628/1628/1628 1629/1629/1629 1630/1630/1630 
f 1629/1629/1629 1628/1628/1628 1631/1631/1631 
f 1632/1632/1632 1633/1633/1633 1634/1634/1634 
f 1633/1633/1633 1632/1632/1632 1635/1635/1635 
f 1636/1636/1636 1637/1637/1637 1638/1638/1638 
f 1637/1637/1637 1636/1636/1636 1639/1639/1639 
f 1640/1640/1640 1641/1641/1641 1642/1642/1642 
f 1641/1641/1641 1643/1643/1643 1642/1642/1642 
f 1644/1644/1644 1645/1645/1645 1646/1646/1646 
f 1645/1645/1645 1644/1644/1644 1647/1647/1647 
f 1646/1646/1646 1648/1648/1648 1649/1649/1649 
f 1650/1650/1650 1651/1651/1651 1652/1652/1652 
f 1653/1653/1653 1654/1654/1654 1655/1655/1655 
f 1656/1656/1656 1657/1657/1657 1658/1658/1658 
f 1658/1658/1658 1659/1659/1659 1660/1660/1660 
f 1661/1661/1661 1660/1660/1660 1659/1659/1659 
f 1662/1662/1662 1663/1663/1663 1664/1664/1664 
f 1665/1665/1665 1663/1663/1663 1666/1666/1666 
f 1666/1666/1666 1667/1667/1667 1665/1665/1665 
f 1668/1668/1668 1669/1669/1669 1670/1670/1670 
f 1668/1668/1668 1671/1671/1671 1669/1669/1669 
f 1672/1672/1672 1673/1673/1673 1674/1674/1674 
f 1673/1673/1673 1672/1672/1672 1675/1675/1675 
f 1676/1676/1676 1674/1674/1674 1673/1673/1673 
f 1676/1676/1676 1673/1673/1673 1677/1677/1677 
f 1678/1678/1678 1679/1679/1679 1680/1680/1680 
f 1681/1681/1681 1682/1682/1682 1679/1679/1679 
f 1682/1682/1682 1681/1681/1681 1683/1683/1683 
f 1684/1684/1684 1685/1685/1685 1686/1686/1686 
f 1685/1685/1685 1684/1684/1684 1687/1687/1687 
f 1688/1688/1688 1689/1689/1689 1690/1690/1690 
f 1689/1689/1689 1688/1688/1688 1691/1691/1691 
f 1692/1692/1692 1689/1689/1689 1691/1691/1691 
f 1689/1689/1689 1692/1692/1692 1693/1693/1693 
f 1694/1694/1694 1695/1695/1695 1696/1696/1696 
f 1694/1694/1694 1696/1696/1696 1697/1697/1697 
f 1698/1698/1698 1699/1699/1699 1700/1700/1700 
f 1700/1700/1700 1701/1701/1701 1698/1698/1698 
f 1702/1702/1702 1703/1703/1703 1704/1704/1704 
f 1703/1703/1703 1705/1705/1705 1704/1704/1704 
f 1706/1706/1706 1707/1707/1707 1708/1708/1708 
f 1707/1707/1707 1706/1706/1706 1709/1709/1709 
f 1710/1710/1710 1711/1711/1711 1712/1712/1712 
f 1712/1712/1712 1713/1713/1713 1710/1710/1710 
f 1714/1714/1714 1715/1715/1715 1711/1711/1711 
f 1715/1715/1715 1714/1714/1714 1716/1716/1716 
f 1717/1717/1717 1718/1718/1718 1719/1719/1719 
f 1720/1720/1720 1721/1721/1721 1722/1722/1722 
f 1721/1721/1721 1720/1720/1720 1723/1723/1723 
f 1724/1724/1724 1725/1725/1725 1726/1726/1726 
f 1725/1725/1725 1724/1724/1724 1727/1727/1727 
f 1728/1728/1728 1729/1729/1729 1730/1730/1730 
f 1729/1729/1729 1728/1728/1728 1731/1731/1731 
f 1732/1732/1732 1733/1733/1733 1734/1734/1734 
f 1733/1733/1733 1732/1732/1732 1735/1735/1735 
f 1736/1736/1736 1737/1737/1737 1738/1738/1738 
f 1737/1737/1737 1736/1736/1736 1739/1739/1739 
f 1740/1740/1740 1741/1741/1741 1742/1742/1742 
f 1740/1740/1740 1742/1742/1742 1743/1743/1743 
f 1744/1744/1744 1745/1745/1745 1746/1746/1746 
f 1747/1747/1747 1748/1748/1748 1749/1749/1749 
f 1750/1750/1750 1749/1749/1749 1748/1748/1748 
f 1751/1751/1751 1752/1752/1752 1753/1753/1753 
f 1754/1754/1754 1755/1755/1755 1756/1756/1756 
f 1755/1755/1755 1754/1754/1754 1757/1757/1757 
f 1758/1758/1758 1759/1759/1759 1760/1760/1760 
f 1760/1760/1760 1761/1761/1761 1758/1758/1758 
f 1762/1762/1762 1763/1763/1763 1764/1764/1764 
f 1765/1765/1765 1766/1766/1766 1767/1767/1767 
f 1765/1765/1765 1768/1768/1768 1769/1769/1769 
f 1769/1769/1769 1768/1768/1768 1770/1770/1770 
f 1771/1771/1771 1772/1772/1772 1773/1773/1773 
f 1772/1772/1772 1771/1771/1771 1774/1774/1774 
f 1775/1775/1775 1776/1776/1776 1777/1777/1777 
f 1776/1776/1776 1775/1775/1775 1778/1778/1778 
f 1779/1779/1779 1780/1780/1780 1781/1781/1781 
f 1780/1780/1780 1779/1779/1779 1782/1782/1782 
f 1783/1783/1783 1784/1784/1784 1785/1785/1785 
f 1784/1784/1784 1783/1783/1783 1786/1786/1786 
f 1787/1787/1787 1788/1788/1788 1789/1789/1789 
f 1788/1788/1788 1787/1787/1787 1790/1790/1790 
f 1791/1791/1791 1792/1792/1792 1793/1793/1793 
f 1794/1794/1794 1795/1795/1795 1796/1796/1796 
f 1794/1794/1794 1796/1796/1796 1797/1797/1797 
f 1798/1798/1798 1799/1799/1799 1800/1800/1800 
f 1800/1800/1800 1799/1799/1799 1801/1801/1801 
f 1802/1802/1802 1803/1803/1803 1804/1804/1804 
f 1805/1805/1805 1806/1806/1806 1807/1807/1807 
f 1808/1808/1808 1809/1809/1809 1805/1805/1805 
f 1810/1810/1810 1811/1811/1811 1812/1812/1812 
f 1810/1810/1810 1812/1812/1812 1813/1813/1813 
f 1811/1811/1811 1814/1814/1814 1815/1815/1815 
f 1814/1814/1814 1816/1816/1816 1815/1815/1815 
f 1817/1817/1817 1818/1818/1818 1819/1819/1819 
f 1818/1818/1818 1820/1820/1820 1819/1819/1819 
f 1821/1821/1821 1822/1822/1822 1823/1823/1823 
f 1824/1824/1824 1823/1823/1823 1822/1822/1822 
f 1825/1825/1825 1826/1826/1826 1824/1824/1824 
f 1827/1827/1827 1828/1828/1828 1829/1829/1829 
f 1830/1830/1830 1831/1831/1831 1828/1828/1828 
f 1831/1831/1831 1830/1830/1830 1832/1832/1832 
f 1833/1833/1833 1834/1834/1834 1835/1835/1835 
f 1834/1834/1834 1833/1833/1833 1836/1836/1836 
f 1837/1837/1837 1838/1838/1838 1839/1839/1839 
f 1838/1838/1838 1837/1837/1837 1840/1840/1840 
f 1841/1841/1841 1842/1842/1842 1839/1839/1839 
f 1842/1842/1842 1841/1841/1841 1843/1843/1843 
f 1844/1844/1844 1845/1845/1845 1846/1846/1846 
f 1845/1845/1845 1844/1844/1844 1847/1847/1847 
f 1848/1848/1848 1849/1849/1849 1850/1850/1850 
f 1850/1850/1850 1851/1851/1851 1848/1848/1848 
f 1852/1852/1852 1853/1853/1853 1854/1854/1854 
f 1855/1855/1855 1856/1856/1856 1857/1857/1857 
f 1856/1856/1856 1855/1855/1855 1858/1858/1858 
f 1859/1859/1859 1860/1860/1860 1861/1861/1861 
f 1860/1860/1860 1859/1859/1859 1862/1862/1862 
f 1863/1863/1863 1861/1861/1861 1864/1864/1864 
f 1861/1861/1861 1863/1863/1863 1865/1865/1865 
f 1866/1866/1866 1867/1867/1867 1868/1868/1868 
f 1869/1869/1869 1870/1870/1870 1871/1871/1871 
f 1870/1870/1870 1869/1869/1869 1872/1872/1872 
f 1873/1873/1873 1874/1874/1874 1875/1875/1875 
f 1873/1873/1873 1875/1875/1875 1876/1876/1876 
f 1877/1877/1877 1878/1878/1878 1879/1879/1879 
f 1878/1878/1878 1877/1877/1877 1880/1880/1880 
f 1881/1881/1881 1882/1882/1882 1883/1883/1883 
f 1882/1882/1882 1881/1881/1881 1884/1884/1884 
f 1885/1885/1885 1886/1886/1886 1887/1887/1887 
f 1886/1886/1886 1885/1885/1885 1888/1888/1888 
f 1889/1889/1889 1890/1890/1890 1891/1891/1891 
f 1892/1892/1892 1893/1893/1893 1890/1890/1890 
f 1893/1893/1893 1892/1892/1892 1894/1894/1894 
f 1895/1895/1895 1896/1896/1896 1897/1897/1897 
f 1896/1896/1896 1895/1895/1895 1898/1898/1898 
f 1899/1899/1899 1900/1900/1900 1901/1901/1901 
f 1902/1902/1902 1901/1901/1901 1900/1900/1900 
f 1903/1903/1903 1904/1904/1904 1905/1905/1905 
f 1904/1904/1904 1903/1903/1903 1906/1906/1906 
f 1907/1907/1907 1908/1908/1908 1909/1909/1909 
f 1910/1910/1910 1911/1911/1911 1912/1912/1912 
f 1913/1913/1913 1914/1914/1914 1915/1915/1915 
f 1914/1914/1914 1913/1913/1913 1916/1916/1916 
f 1917/1917/1917 1918/1918/1918 1916/1916/1916 
f 1919/1919/1919 1920/1920/1920 1915/1915/1915 
f 1920/1920/1920 1919/1919/1919 1921/1921/1921 
f 1922/1922/1922 1923/1923/1923 1924/1924/1924 
f 1923/1923/1923 1922/1922/1922 1925/1925/1925 
f 1926/1926/1926 1927/1927/1927 1928/1928/1928 
f 1927/1927/1927 1926/1926/1926 1929/1929/1929 
f 1930/1930/1930 1931/1931/1931 1932/1932/1932 
f 1932/1932/1932 1933/1933/1933 1930/1930/1930 
f 1934/1934/1934 1935/1935/1935 1933/1933/1933 
f 1935/1935/1935 1934/1934/1934 1936/1936/1936 
f 1937/1937/1937 1938/1938/1938 1939/1939/1939 
f 1940/1940/1940 1941/1941/1941 1942/1942/1942 
f 1941/1941/1941 1940/1940/1940 1943/1943/1943 
f 1944/1944/1944 1945/1945/1945 1946/1946/1946 
f 1945/1945/1945 1944/1944/1944 1947/1947/1947 
f 1948/1948/1948 1949/1949/1949 1950/1950/1950 
f 1949/1949/1949 1948/1948/1948 1951/1951/1951 
f 1952/1952/1952 1953/1953/1953 1954/1954/1954 
f 1953/1953/1953 1952/1952/1952 1955/1955/1955 
f 1956/1956/1956 1957/1957/1957 1958/1958/1958 
f 1957/1957/1957 1956/1956/1956 1959/1959/1959 
f 1960/1960/1960 1961/1961/1961 1962/1962/1962 
f 1961/1961/1961 1960/1960/1960 1963/1963/1963 
f 1964/1964/1964 1965/1965/1965 1966/1966/1966 
f 1967/1967/1967 1968/1968/1968 1969/1969/1969 
f 1968/1968/1968 1967/1967/1967 1970/1970/1970 
f 1971/1971/1971 1972/1972/1972 1973/1973/1973 
f 1974/1974/1974 1972/1972/1972 1975/1975/1975 
f 1975/1975/1975 1976/1976/1976 1974/1974/1974 
f 1976/1976/1976 1977/1977/1977 1978/1978/1978 
f 1977/1977/1977 1979/1979/1979 1978/1978/1978 
f 1980/1980/1980 1981/1981/1981 1982/1982/1982 
f 1980/1980/1980 1982/1982/1982 1983/1983/1983 
f 1984/1984/1984 1985/1985/1985 1986/1986/1986 
f 1987/1987/1987 1988/1988/1988 1989/1989/1989 
f 1988/1988/1988 1987/1987/1987 1990/1990/1990 
f 1991/1991/1991 1992/1992/1992 1989/1989/1989 
f 1992/1992/1992 1991/1991/1991 1993/1993/1993 
f 1994/1994/1994 1995/1995/1995 1996/1996/1996 
f 1996/1996/1996 1997/1997/1997 1994/1994/1994 
f 1998/1998/1998 1999/1999/1999 2000/2000/2000 
f 1999/1999/1999 1998/1998/1998 2001/2001/2001 
f 2002/2002/2002 2003/2003/2003 2004/2004/2004 
f 2002/2002/2002 2004/2004/2004 2005/2005/2005 
f 2006/2006/2006 2007/2007/2007 2008/2008/2008 
f 2009/2009/2009 2010/2010/2010 2011/2011/2011 
f 2010/2010/2010 2009/2009/2009 2012/2012/2012 
f 2013/2013/2013 2014/2014/2014 2015/2015/2015 
f 2014/2014/2014 2013/2013/2013 2016/2016/2016 
f 2017/2017/2017 2018/2018/2018 2019/2019/2019 
f 2018/2018/2018 2017/2017/2017 2020/2020/2020 
f 2021/2021/2021 2022/2022/2022 2023/2023/2023 
f 2024/2024/2024 2025/2025/2025 2026/2026/2026 
f 2027/2027/2027 2028/2028/2028 2029/2029/2029 
f 2030/2030/2030 2031/2031/2031 2032/2032/2032 
f 2031/2031/2031 2030/2030/2030 2033/2033/2033 
f 2034/2034/2034 2035/2035/2035 2036/2036/2036 
f 2035/2035/2035 2034/2034/2034 2037/2037/2037 
f 2038/2038/2038 2039/2039/2039 2040/2040/2040 
f 2039/2039/2039 2038/2038/2038 2041/2041/2041 
f 2042/2042/2042 2043/2043/2043 2044/2044/2044 
f 2042/2042/2042 2044/2044/2044 2045/2045/2045 
f 2046/2046/2046 2047/2047/2047 2048/2048/2048 
f 2049/2049/2049 2050/2050/2050 2051/2051/2051 
f 2050/2050/2050 2049/2049/2049 2052/2052/2052 
f 2053/2053/2053 2054/2054/2054 2051/2051/2051 
f 2054/2054/2054 2053/2053/2053 2055/2055/2055 
f 2056/2056/2056 2057/2057/2057 2055/2055/2055 
f 2057/2057/2057 2056/2056/2056 2058/2058/2058 
f 2059/2059/2059 2060/2060/2060 2061/2061/2061 
f 2060/2060/2060 2059/2059/2059 2062/2062/2062 
f 2063/2063/2063 2064/2064/2064 2065/2065/2065 
f 2066/2066/2066 2067/2067/2067 2068/2068/2068 
f 2067/2067/2067 2069/2069/2069 2068/2068/2068 
f 2070/2070/2070 2071/2071/2071 2072/2072/2072 
f 2073/2073/2073 2074/2074/2074 2075/2075/2075 
f 2074/2074/2074 2073/2073/2073 2076/2076/2076 
f 2077/2077/2077 2078/2078/2078 2079/2079/2079 
f 2077/2077/2077 2079/2079/2079 2080/2080/2080 
f 2081/2081/2081 2082/2082/2082 2083/2083/2083 
f 2083/2083/2083 2084/2084/2084 2081/2081/2081 
f 2085/2085/2085 2086/2086/2086 2087/2087/2087 
f 2088/2088/2088 2089/2089/2089 2090/2090/2090 
f 2088/2088/2088 2090/2090/2090 2091/2091/2091 
f 2089/2089/2089 2092/2092/2092 2093/2093/2093 
f 2094/2094/2094 2095/2095/2095 2096/2096/2096 
f 2096/2096/2096 2095/2095/2095 2097/2097/2097 
f 2098/2098/2098 2099/2099/2099 2100/2100/2100 
f 2100/2100/2100 2101/2101/2101 2098/2098/2098 
f 2102/2102/2102 2103/2103/2103 2099/2099/2099 
f 2104/2104/2104 2103/2103/2103 2102/2102/2102 
f 2105/2105/2105 2106/2106/2106 2107/2107/2107 
f 2106/2106/2106 2105/2105/2105 2108/2108/2108 
f 2108/2108/2108 2109/2109/2109 2110/2110/2110 
f 2111/2111/2111 2112/2112/2112 2113/2113/2113 
f 2112/2112/2112 2114/2114/2114 2115/2115/2115 
f 2115/2115/2115 2114/2114/2114 2116/2116/2116 
f 2117/2117/2117 2118/2118/2118 2119/2119/2119 
f 2120/2120/2120 2121/2121/2121 2122/2122/2122 
f 2121/2121/2121 2120/2120/2120 2123/2123/2123 
f 2124/2124/2124 2125/2125/2125 2126/2126/2126 
f 2127/2127/2127 2128/2128/2128 2129/2129/2129 
f 2129/2129/2129 2128/2128/2128 2130/2130/2130 
f 2131/2131/2131 2127/2127/2127 2132/2132/2132 
f 2127/2127/2127 2131/2131/2131 2133/2133/2133 
f 2134/2134/2134 2135/2135/2135 2136/2136/2136 
f 2137/2137/2137 2138/2138/2138 2139/2139/2139 
f 2139/2139/2139 2138/2138/2138 2140/2140/2140 
f 2141/2141/2141 2142/2142/2142 2137/2137/2137 
f 2142/2142/2142 2141/2141/2141 2143/2143/2143 
f 2144/2144/2144 2145/2145/2145 2146/2146/2146 
f 2145/2145/2145 2144/2144/2144 2147/2147/2147 
f 2146/2146/2146 2148/2148/2148 2149/2149/2149 
f 2150/2150/2150 2149/2149/2149 2148/2148/2148 
f 2151/2151/2151 2152/2152/2152 2153/2153/2153 
f 2152/2152/2152 2151/2151/2151 2154/2154/2154 
f 2155/2155/2155 2156/2156/2156 2157/2157/2157 
f 2158/2158/2158 2159/2159/2159 2160/2160/2160 
f 2159/2159/2159 2158/2158/2158 2161/2161/2161 
f 2161/2161/2161 2162/2162/2162 2163/2163/2163 
f 2164/2164/2164 2165/2165/2165 2166/2166/2166 
f 2167/2167/2167 2168/2168/2168 2169/2169/2169 
f 2168/2168/2168 2167/2167/2167 2170/2170/2170 
f 2171/2171/2171 2172/2172/2172 2170/2170/2170 
f 2172/2172/2172 2171/2171/2171 2173/2173/2173 
f 2174/2174/2174 2175/2175/2175 2176/2176/2176 
f 2177/2177/2177 2178/2178/2178 2179/2179/2179 
f 2180/2180/2180 2181/2181/2181 2182/2182/2182 
f 2181/2181/2181 2183/2183/2183 2182/2182/2182 
f 2184/2184/2184 2185/2185/2185 2186/2186/2186 
f 2185/2185/2185 2184/2184/2184 2187/2187/2187 
f 2188/2188/2188 2186/2186/2186 2189/2189/2189 
f 2190/2190/2190 2191/2191/2191 2192/2192/2192 
f 2193/2193/2193 2192/2192/2192 2191/2191/2191 
f 2194/2194/2194 2195/2195/2195 2190/2190/2190 
f 2196/2196/2196 2190/2190/2190 2195/2195/2195 
f 2197/2197/2197 2198/2198/2198 2191/2191/2191 
f 2198/2198/2198 2197/2197/2197 2199/2199/2199 
f 2200/2200/2200 2201/2201/2201 2196/2196/2196 
f 2201/2201/2201 2200/2200/2200 2202/2202/2202 
f 2202/2202/2202 2203/2203/2203 2204/2204/2204 
f 2204/2204/2204 2203/2203/2203 2205/2205/2205 
f 2206/2206/2206 2207/2207/2207 2208/2208/2208 
f 2209/2209/2209 2210/2210/2210 2211/2211/2211 
f 2210/2210/2210 2209/2209/2209 2212/2212/2212 
f 2213/2213/2213 2214/2214/2214 2211/2211/2211 
f 2214/2214/2214 2213/2213/2213 2215/2215/2215 
f 2216/2216/2216 2217/2217/2217 2215/2215/2215 
f 2217/2217/2217 2216/2216/2216 2218/2218/2218 
f 2219/2219/2219 2220/2220/2220 2221/2221/2221 
f 2222/2222/2222 2223/2223/2223 2224/2224/2224 
f 2225/2225/2225 2226/2226/2226 2227/2227/2227 
f 2226/2226/2226 2225/2225/2225 2228/2228/2228 
f 2229/2229/2229 2230/2230/2230 2231/2231/2231 
f 2229/2229/2229 2232/2232/2232 2230/2230/2230 
f 2233/2233/2233 2234/2234/2234 2235/2235/2235 
f 2236/2236/2236 2237/2237/2237 2238/2238/2238 
f 2237/2237/2237 2236/2236/2236 2239/2239/2239 
f 2240/2240/2240 2241/2241/2241 2242/2242/2242 
f 2241/2241/2241 2240/2240/2240 2243/2243/2243 
f 2244/2244/2244 2245/2245/2245 2246/2246/2246 
f 2246/2246/2246 2245/2245/2245 2247/2247/2247 
f 2248/2248/2248 2249/2249/2249 2250/2250/2250 
f 2249/2249/2249 2248/2248/2248 2251/2251/2251 
f 2252/2252/2252 2253/2253/2253 2254/2254/2254 
f 2255/2255/2255 2254/2254/2254 2253/2253/2253 
f 2256/2256/2256 2257/2257/2257 2258/2258/2258 
f 2256/2256/2256 2258/2258/2258 2259/2259/2259 
f 2260/2260/2260 2261/2261/2261 2262/2262/2262 
f 2262/2262/2262 2263/2263/2263 2260/2260/2260 
f 2264/2264/2264 2265/2265/2265 2266/2266/2266 
f 2266/2266/2266 2267/2267/2267 2264/2264/2264 
f 2268/2268/2268 2265/2265/2265 2269/2269/2269 
f 2268/2268/2268 2269/2269/2269 2270/2270/2270 
f 2270/2270/2270 2271/2271/2271 2272/2272/2272 
f 2272/2272/2272 2271/2271/2271 2273/2273/2273 
f 2274/2274/2274 2275/2275/2275 2276/2276/2276 
f 2275/2275/2275 2277/2277/2277 2276/2276/2276 
f 2278/2278/2278 2279/2279/2279 2280/2280/2280 
f 2278/2278/2278 2280/2280/2280 2281/2281/2281 
f 2282/2282/2282 2283/2283/2283 2284/2284/2284 
f 2283/2283/2283 2282/2282/2282 2285/2285/2285 
f 2286/2286/2286 2287/2287/2287 2288/2288/2288 
f 2287/2287/2287 2286/2286/2286 2289/2289/2289 
f 2290/2290/2290 2291/2291/2291 2292/2292/2292 
f 2291/2291/2291 2293/2293/2293 2292/2292/2292 
f 2294/2294/2294 2295/2295/2295 2296/2296/2296 
f 2295/2295/2295 2294/2294/2294 2297/2297/2297 
f 2298/2298/2298 2299/2299/2299 2300/2300/2300 
f 2299/2299/2299 2298/2298/2298 2301/2301/2301 
f 2302/2302/2302 2303/2303/2303 2304/2304/2304 
f 2305/2305/2305 2306/2306/2306 2307/2307/2307 
f 2306/2306/2306 2305/2305/2305 2308/2308/2308 
f 2309/2309/2309 2310/2310/2310 2311/2311/2311 
f 2310/2310/2310 2309/2309/2309 2312/2312/2312 
f 2313/2313/2313 2314/2314/2314 2315/2315/2315 
f 2316/2316/2316 2317/2317/2317 2318/2318/2318 
f 2319/2319/2319 2320/2320/2320 2321/2321/2321 
f 2320/2320/2320 2319/2319/2319 2322/2322/2322 
f 2323/2323/2323 2324/2324/2324 2325/2325/2325 
f 2324/2324/2324 2323/2323/2323 2326/2326/2326 
f 2327/2327/2327 2328/2328/2328 2329/2329/2329 
f 2330/2330/2330 2331/2331/2331 2329/2329/2329 
f 2331/2331/2331 2330/2330/2330 2332/2332/2332 
f 2333/2333/2333 2334/2334/2334 2335/2335/2335 
f 2336/2336/2336 2337/2337/2337 2338/2338/2338 
f 2337/2337/2337 2336/2336/2336 2339/2339/2339 
f 2340/2340/2340 2341/2341/2341 2338/2338/2338 
f 2341/2341/2341 2340/2340/2340 2342/2342/2342 
f 2343/2343/2343 2344/2344/2344 2342/2342/2342 
f 2345/2345/2345 2346/2346/2346 2347/2347/2347 
f 2346/2346/2346 2345/2345/2345 2348/2348/2348 
f 2349/2349/2349 2350/2350/2350 2351/2351/2351 
f 2350/2350/2350 2349/2349/2349 2352/2352/2352 
f 2353/2353/2353 2354/2354/2354 2352/2352/2352 
f 2354/2354/2354 2353/2353/2353 2355/2355/2355 
f 2356/2356/2356 2357/2357/2357 2358/2358/2358 
f 2358/2358/2358 2357/2357/2357 2359/2359/2359 
f 2360/2360/2360 2361/2361/2361 2359/2359/2359 
f 2361/2361/2361 2360/2360/2360 2362/2362/2362 
f 2363/2363/2363 2364/2364/2364 2365/2365/2365 
f 2364/2364/2364 2366/2366/2366 2365/2365/2365 
f 2367/2367/2367 2368/2368/2368 2369/2369/2369 
f 2370/2370/2370 2371/2371/2371 2372/2372/2372 
f 2370/2370/2370 2372/2372/2372 2373/2373/2373 
f 2374/2374/2374 2375/2375/2375 2376/2376/2376 
f 2374/2374/2374 2376/2376/2376 2377/2377/2377 
f 2378/2378/2378 2379/2379/2379 2380/2380/2380 
f 2379/2379/2379 2378/2378/2378 2381/2381/2381 
f 2382/2382/2382 2383/2383/2383 2384/2384/2384 
f 2383/2383/2383 2382/2382/2382 2385/2385/2385 
f 2386/2386/2386 2387/2387/2387 2388/2388/2388 
f 2387/2387/2387 2386/2386/2386 2389/2389/2389 
f 2390/2390/2390 2391/2391/2391 2392/2392/2392 
f 2393/2393/2393 2394/2394/2394 2391/2391/2391 
f 2395/2395/2395 2396/2396/2396 2397/2397/2397 
f 2395/2395/2395 2397/2397/2397 2398/2398/2398 
f 2399/2399/2399 2400/2400/2400 2401/2401/2401 
f 2402/2402/2402 2401/2401/2401 2403/2403/2403 
f 2403/2403/2403 2404/2404/2404 2402/2402/2402 
f 2405/2405/2405 2406/2406/2406 2407/2407/2407 
f 2406/2406/2406 2405/2405/2405 2408/2408/2408 
f 2407/2407/2407 2409/2409/2409 2410/2410/2410 
f 2411/2411/2411 2410/2410/2410 2409/2409/2409 
f 2412/2412/2412 2413/2413/2413 2414/2414/2414 
f 2415/2415/2415 2414/2414/2414 2413/2413/2413 
f 2416/2416/2416 2417/2417/2417 2418/2418/2418 
f 2417/2417/2417 2419/2419/2419 2418/2418/2418 
f 2420/2420/2420 2421/2421/2421 2422/2422/2422 
f 2421/2421/2421 2420/2420/2420 2423/2423/2423 
f 2424/2424/2424 2425/2425/2425 2426/2426/2426 
f 2427/2427/2427 2428/2428/2428 2429/2429/2429 
f 2428/2428/2428 2430/2430/2430 2429/2429/2429 
f 2431/2431/2431 2432/2432/2432 2433/2433/2433 
f 2432/2432/2432 2431/2431/2431 2434/2434/2434 
f 2435/2435/2435 2436/2436/2436 2437/2437/2437 
f 2436/2436/2436 2435/2435/2435 2438/2438/2438 
f 2439/2439/2439 2440/2440/2440 2441/2441/2441 
f 2440/2440/2440 2439/2439/2439 2442/2442/2442 
f 2443/2443/2443 2444/2444/2444 2441/2441/2441 
f 2444/2444/2444 2443/2443/2443 2445/2445/2445 
f 2446/2446/2446 2447/2447/2447 2445/2445/2445 
f 2447/2447/2447 2446/2446/2446 2448/2448/2448 
f 2449/2449/2449 2450/2450/2450 2451/2451/2451 
f 2450/2450/2450 2449/2449/2449 2452/2452/2452 
f 2453/2453/2453 2454/2454/2454 2455/2455/2455 
f 2454/2454/2454 2453/2453/2453 2456/2456/2456 
f 2457/2457/2457 2458/2458/2458 2459/2459/2459 
f 2459/2459/2459 2458/2458/2458 2460/2460/2460 
f 2461/2461/2461 2462/2462/2462 2463/2463/2463 
f 2462/2462/2462 2461/2461/2461 2464/2464/2464 
f 2465/2465/2465 2466/2466/2466 2467/2467/2467 
f 2466/2466/2466 2465/2465/2465 2468/2468/2468 
f 2469/2469/2469 2470/2470/2470 2471/2471/2471 
f 2470/2470/2470 2469/2469/2469 2472/2472/2472 
f 2473/2473/2473 2474/2474/2474 2475/2475/2475 
f 2475/2475/2475 2474/2474/2474 2476/2476/2476 
f 2477/2477/2477 2478/2478/2478 2479/2479/2479 
f 2478/2478/2478 2477/2477/2477 2480/2480/2480 
f 2481/2481/2481 2482/2482/2482 2483/2483/2483 
f 2482/2482/2482 2481/2481/2481 2484/2484/2484 
f 2485/2485/2485 2486/2486/2486 2483/2483/2483 
f 2486/2486/2486 2485/2485/2485 2487/2487/2487 
f 2488/2488/2488 2489/2489/2489 2490/2490/2490 
f 2491/2491/2491 2492/2492/2492 2493/2493/2493 
f 2492/2492/2492 2491/2491/2491 2494/2494/2494 
f 2495/2495/2495 2496/2496/2496 2497/2497/2497 
f 2496/2496/2496 2495/2495/2495 2498/2498/2498 
f 2499/2499/2499 2500/2500/2500 2501/2501/2501 
f 2502/2502/2502 2503/2503/2503 2504/2504/2504 
f 2503/2503/2503 2502/2502/2502 2505/2505/2505 
f 2505/2505/2505 2506/2506/2506 2507/2507/2507 
f 2508/2508/2508 2507/2507/2507 2506/2506/2506 
f 2509/2509/2509 2510/2510/2510 2511/2511/2511 
f 2510/2510/2510 2509/2509/2509 2512/2512/2512 
f 2513/2513/2513 2514/2514/2514 2515/2515/2515 
f 2513/2513/2513 2515/2515/2515 2516/2516/2516 
f 2517/2517/2517 2518/2518/2518 2519/2519/2519 
f 2520/2520/2520 2521/2521/2521 2522/2522/2522 
f 2523/2523/2523 2524/2524/2524 2525/2525/2525 
f 2524/2524/2524 2523/2523/2523 2526/2526/2526 
f 2527/2527/2527 2528/2528/2528 2529/2529/2529 
f 2528/2528/2528 2527/2527/2527 2530/2530/2530 
f 2531/2531/2531 2532/2532/2532 2533/2533/2533 
f 2534/2534/2534 2533/2533/2533 2532/2532/2532 
f 2535/2535/2535 2536/2536/2536 2534/2534/2534 
f 2536/2536/2536 2535/2535/2535 2537/2537/2537 
f 2538/2538/2538 2539/2539/2539 2540/2540/2540 
f 2539/2539/2539 2538/2538/2538 2541/2541/2541 
f 2542/2542/2542 2543/2543/2543 2544/2544/2544 
f 2545/2545/2545 2546/2546/2546 2547/2547/2547 
f 2546/2546/2546 2548/2548/2548 2547/2547/2547 
f 2549/2549/2549 2550/2550/2550 2545/2545/2545 
f 2550/2550/2550 2549/2549/2549 2551/2551/2551 
f 2552/2552/2552 2551/2551/2551 2553/2553/2553 
f 2554/2554/2554 2555/2555/2555 2547/2547/2547 
f 2555/2555/2555 2554/2554/2554 2556/2556/2556 
f 2557/2557/2557 2558/2558/2558 2559/2559/2559 
f 2560/2560/2560 2561/2561/2561 2562/2562/2562 
f 2561/2561/2561 2560/2560/2560 2563/2563/2563 
f 2564/2564/2564 2565/2565/2565 2566/2566/2566 
f 2567/2567/2567 2568/2568/2568 2565/2565/2565 
f 2568/2568/2568 2567/2567/2567 2569/2569/2569 
f 2570/2570/2570 2571/2571/2571 2572/2572/2572 
f 2572/2572/2572 2571/2571/2571 2573/2573/2573 
f 2574/2574/2574 2575/2575/2575 2576/2576/2576 
f 2577/2577/2577 2578/2578/2578 2579/2579/2579 
f 2580/2580/2580 2579/2579/2579 2578/2578/2578 
f 2581/2581/2581 2582/2582/2582 2583/2583/2583 
f 2584/2584/2584 2585/2585/2585 2586/2586/2586 
f 2585/2585/2585 2584/2584/2584 2587/2587/2587 
f 2588/2588/2588 2589/2589/2589 2590/2590/2590 
f 2589/2589/2589 2588/2588/2588 2591/2591/2591 
f 2592/2592/2592 2593/2593/2593 2594/2594/2594 
f 2593/2593/2593 2592/2592/2592 2595/2595/2595 
f 2596/2596/2596 2597/2597/2597 2598/2598/2598 
f 2599/2599/2599 2600/2600/2600 2601/2601/2601 
f 2602/2602/2602 2603/2603/2603 2604/2604/2604 
f 2603/2603/2603 2605/2605/2605 2604/2604/2604 
f 2606/2606/2606 2607/2607/2607 2608/2608/2608 
f 2609/2609/2609 2608/2608/2608 2607/2607/2607 
f 2610/2610/2610 2611/2611/2611 2612/2612/2612 
f 2610/2610/2610 2612/2612/2612 2613/2613/2613 
f 2614/2614/2614 2615/2615/2615 2616/2616/2616 
f 2615/2615/2615 2614/2614/2614 2617/2617/2617 
f 2618/2618/2618 2619/2619/2619 2620/2620/2620 
f 2621/2621/2621 2622/2622/2622 2623/2623/2623 
f 2621/2621/2621 2623/2623/2623 2624/2624/2624 
f 2625/2625/2625 2626/2626/2626 2622/2622/2622 
f 2627/2627/2627 2628/2628/2628 2629/2629/2629 
f 2630/2630/2630 2631/2631/2631 2632/2632/2632 
f 2631/2631/2631 2630/2630/2630 2633/2633/2633 
f 2633/2633/2633 2634/2634/2634 2635/2635/2635 
f 2636/2636/2636 2635/2635/2635 2634/2634/2634 
f 2637/2637/2637 2638/2638/2638 2636/2636/2636 
f 2638/2638/2638 2637/2637/2637 2639/2639/2639 
f 2640/2640/2640 2641/2641/2641 2642/2642/2642 
f 2641/2641/2641 2640/2640/2640 2643/2643/2643 
f 2644/2644/2644 2645/2645/2645 2643/2643/2643 
f 2646/2646/2646 2645/2645/2645 2644/2644/2644 
f 2647/2647/2647 2648/2648/2648 2649/2649/2649 
f 2650/2650/2650 2651/2651/2651 2652/2652/2652 
f 2653/2653/2653 2654/2654/2654 2655/2655/2655 
f 2654/2654/2654 2653/2653/2653 2656/2656/2656 
f 2656/2656/2656 2657/2657/2657 2658/2658/2658 
f 2658/2658/2658 2657/2657/2657 2659/2659/2659 
f 2660/2660/2660 2661/2661/2661 2662/2662/2662 
f 2663/2663/2663 2662/2662/2662 2661/2661/2661 
f 2664/2664/2664 2665/2665/2665 2663/2663/2663 
f 2665/2665/2665 2664/2664/2664 2666/2666/2666 
f 2667/2667/2667 2668/2668/2668 2669/2669/2669 
f 2670/2670/2670 2671/2671/2671 2672/2672/2672 
f 2673/2673/2673 2674/2674/2674 2671/2671/2671 
f 2674/2674/2674 2673/2673/2673 2675/2675/2675 
f 2676/2676/2676 2677/2677/2677 2678/2678/2678 
f 2679/2679/2679 2680/2680/2680 2681/2681/2681 
f 2680/2680/2680 2679/2679/2679 2682/2682/2682 
f 2683/2683/2683 2682/2682/2682 2684/2684/2684 
f 2685/2685/2685 2686/2686/2686 2687/2687/2687 
f 2687/2687/2687 2688/2688/2688 2685/2685/2685 
f 2689/2689/2689 2690/2690/2690 2691/2691/2691 
f 2690/2690/2690 2689/2689/2689 2692/2692/2692 
f 2693/2693/2693 2694/2694/2694 2695/2695/2695 
f 2694/2694/2694 2693/2693/2693 2696/2696/2696 
f 2697/2697/2697 2698/2698/2698 2699/2699/2699 
f 2700/2700/2700 2701/2701/2701 2702/2702/2702 
f 2701/2701/2701 2700/2700/2700 2703/2703/2703 
f 2704/2704/2704 2705/2705/2705 2706/2706/2706 
f 2705/2705/2705 2704/2704/2704 2707/2707/2707 
f 2708/2708/2708 2709/2709/2709 2710/2710/2710 
f 2711/2711/2711 2710/2710/2710 2712/2712/2712 
f 2712/2712/2712 2713/2713/2713 2711/2711/2711 
f 2714/2714/2714 2715/2715/2715 2716/2716/2716 
f 2717/2717/2717 2718/2718/2718 2719/2719/2719 
f 2720/2720/2720 2721/2721/2721 2722/2722/2722 
f 2721/2721/2721 2720/2720/2720 2723/2723/2723 
f 2724/2724/2724 2722/2722/2722 2725/2725/2725 
f 2726/2726/2726 2727/2727/2727 2728/2728/2728 
f 2729/2729/2729 2730/2730/2730 2731/2731/2731 
f 2732/2732/2732 2731/2731/2731 2730/2730/2730 
f 2733/2733/2733 2734/2734/2734 2735/2735/2735 
f 2736/2736/2736 2737/2737/2737 2738/2738/2738 
f 2739/2739/2739 2740/2740/2740 2741/2741/2741 
f 2740/2740/2740 2739/2739/2739 2742/2742/2742 
f 2743/2743/2743 2744/2744/2744 2745/2745/2745 
f 2746/2746/2746 2747/2747/2747 2748/2748/2748 
f 2749/2749/2749 2750/2750/2750 2751/2751/2751 
f 2750/2750/2750 2749/2749/2749 2752/2752/2752 
f 2753/2753/2753 2754/2754/2754 2755/2755/2755 
f 2754/2754/2754 2753/2753/2753 2756/2756/2756 
f 2757/2757/2757 2758/2758/2758 2759/2759/2759 
f 2758/2758/2758 2757/2757/2757 2760/2760/2760 
f 2761/2761/2761 2762/2762/2762 2763/2763/2763 
f 2764/2764/2764 2765/2765/2765 2766/2766/2766 
f 2765/2765/2765 2764/2764/2764 2767/2767/2767 
f 2768/2768/2768 2769/2769/2769 2770/2770/2770 
f 2769/2769/2769 2768/2768/2768 2771/2771/2771 
f 2772/2772/2772 2773/2773/2773 2774/2774/2774 
f 2772/2772/2772 2775/2775/2775 2773/2773/2773 
f 2776/2776/2776 2777/2777/2777 2778/2778/2778 
f 2777/2777/2777 2776/2776/2776 2779/2779/2779 
f 2780/2780/2780 2781/2781/2781 2782/2782/2782 
f 2783/2783/2783 2784/2784/2784 2785/2785/2785 
f 2784/2784/2784 2783/2783/2783 2786/2786/2786 
f 2787/2787/2787 2788/2788/2788 2789/2789/2789 
f 2790/2790/2790 2789/2789/2789 2788/2788/2788 
f 2791/2791/2791 2792/2792/2792 2793/2793/2793 
f 2792/2792/2792 2791/2791/2791 2794/2794/2794 
f 2795/2795/2795 2796/2796/2796 2797/2797/2797 
f 2798/2798/2798 2799/2799/2799 2800/2800/2800 
f 2799/2799/2799 2798/2798/2798 2801/2801/2801 
f 2802/2802/2802 2803/2803/2803 2804/2804/2804 
f 2803/2803/2803 2802/2802/2802 2805/2805/2805 
f 2806/2806/2806 2807/2807/2807 2808/2808/2808 
f 2809/2809/2809 2808/2808/2808 2807/2807/2807 
f 2810/2810/2810 2811/2811/2811 2812/2812/2812 
f 2811/2811/2811 2810/2810/2810 2813/2813/2813 
f 2814/2814/2814 2815/2815/2815 2816/2816/2816 
f 2815/2815/2815 2814/2814/2814 2817/2817/2817 
f 2818/2818/2818 2819/2819/2819 2820/2820/2820 
f 2821/2821/2821 2822/2822/2822 2823/2823/2823 
f 2822/2822/2822 2821/2821/2821 2824/2824/2824 
f 2825/2825/2825 2826/2826/2826 2827/2827/2827 
f 2826/2826/2826 2825/2825/2825 2828/2828/2828 
f 2829/2829/2829 2830/2830/2830 2827/2827/2827 
f 2831/2831/2831 2832/2832/2832 2833/2833/2833 
f 2834/2834/2834 2833/2833/2833 2832/2832/2832 
f 2835/2835/2835 2836/2836/2836 2831/2831/2831 
f 2836/2836/2836 2835/2835/2835 2837/2837/2837 
f 2838/2838/2838 2839/2839/2839 2840/2840/2840 
f 2841/2841/2841 2842/2842/2842 2843/2843/2843 
f 2843/2843/2843 2844/2844/2844 2841/2841/2841 
f 2845/2845/2845 2846/2846/2846 2847/2847/2847 
f 2846/2846/2846 2845/2845/2845 2848/2848/2848 
f 2849/2849/2849 2850/2850/2850 2851/2851/2851 
f 2850/2850/2850 2849/2849/2849 2852/2852/2852 
f 2853/2853/2853 2854/2854/2854 2855/2855/2855 
f 2856/2856/2856 2857/2857/2857 2853/2853/2853 
f 2857/2857/2857 2856/2856/2856 2858/2858/2858 
f 2859/2859/2859 2860/2860/2860 2861/2861/2861 
f 2862/2862/2862 2863/2863/2863 2864/2864/2864 
f 2863/2863/2863 2862/2862/2862 2865/2865/2865 
f 2866/2866/2866 2867/2867/2867 2868/2868/2868 
f 2869/2869/2869 2870/2870/2870 2871/2871/2871 
f 2872/2872/2872 2871/2871/2871 2873/2873/2873 
f 2873/2873/2873 2874/2874/2874 2872/2872/2872 
f 2875/2875/2875 2874/2874/2874 2876/2876/2876 
f 2875/2875/2875 2876/2876/2876 2877/2877/2877 
f 2878/2878/2878 2879/2879/2879 2880/2880/2880 
f 2880/2880/2880 2879/2879/2879 2881/2881/2881 
f 2882/2882/2882 2883/2883/2883 2884/2884/2884 
f 2885/2885/2885 2886/2886/2886 2887/2887/2887 
f 2886/2886/2886 2885/2885/2885 2888/2888/2888 
f 2889/2889/2889 2890/2890/2890 2891/2891/2891 
f 2892/2892/2892 2893/2893/2893 2894/2894/2894 
f 2893/2893/2893 2892/2892/2892 2895/2895/2895 
f 2896/2896/2896 2897/2897/2897 2898/2898/2898 
f 2898/2898/2898 2899/2899/2899 2896/2896/2896 
f 2897/2897/2897 2900/2900/2900 2901/2901/2901 
f 2902/2902/2902 2903/2903/2903 2904/2904/2904 
f 2904/2904/2904 2903/2903/2903 2905/2905/2905 
f 2906/2906/2906 2907/2907/2907 2908/2908/2908 
f 2907/2907/2907 2906/2906/2906 2909/2909/2909 
f 2910/2910/2910 2909/2909/2909 2911/2911/2911 
f 2912/2912/2912 2913/2913/2913 2914/2914/2914 
f 2913/2913/2913 2915/2915/2915 2914/2914/2914 
f 2916/2916/2916 2917/2917/2917 2918/2918/2918 
f 2919/2919/2919 2920/2920/2920 2921/2921/2921 
f 2920/2920/2920 2922/2922/2922 2921/2921/2921 
f 2923/2923/2923 2924/2924/2924 2925/2925/2925 
f 2923/2923/2923 2925/2925/2925 2926/2926/2926 
f 2927/2927/2927 2928/2928/2928 2924/2924/2924 
f 2928/2928/2928 2927/2927/2927 2929/2929/2929 
f 2930/2930/2930 2931/2931/2931 2932/2932/2932 
f 2931/2931/2931 2930/2930/2930 2933/2933/2933 
f 2934/2934/2934 2935/2935/2935 2936/2936/2936 
f 2936/2936/2936 2937/2937/2937 2934/2934/2934 
f 2938/2938/2938 2939/2939/2939 2940/2940/2940 
f 2941/2941/2941 2942/2942/2942 2943/2943/2943 
f 2944/2944/2944 2945/2945/2945 2946/2946/2946 
f 2945/2945/2945 2944/2944/2944 2947/2947/2947 
f 2948/2948/2948 2949/2949/2949 2950/2950/2950 
f 2949/2949/2949 2948/2948/2948 2951/2951/2951 
f 2952/2952/2952 2953/2953/2953 2954/2954/2954 
f 2953/2953/2953 2952/2952/2952 2955/2955/2955 
f 2956/2956/2956 2957/2957/2957 2958/2958/2958 
f 2957/2957/2957 2959/2959/2959 2958/2958/2958 
f 2960/2960/2960 2961/2961/2961 2962/2962/2962 
f 2961/2961/2961 2960/2960/2960 2963/2963/2963 
f 2964/2964/2964 2965/2965/2965 2966/2966/2966 
f 2965/2965/2965 2964/2964/2964 2967/2967/2967 
f 2968/2968/2968 2969/2969/2969 2970/2970/2970 
f 2971/2971/2971 2972/2972/2972 2973/2973/2973 
f 2974/2974/2974 2975/2975/2975 2976/2976/2976 
f 2976/2976/2976 2975/2975/2975 2977/2977/2977 
f 2977/2977/2977 2978/2978/2978 2979/2979/2979 
f 2980/2980/2980 2978/2978/2978 2977/2977/2977 
f 2978/2978/2978 2981/2981/2981 2982/2982/2982 
f 2983/2983/2983 2982/2982/2982 2981/2981/2981 
f 2984/2984/2984 2985/2985/2985 2986/2986/2986 
f 2987/2987/2987 2988/2988/2988 2989/2989/2989 
f 2988/2988/2988 2987/2987/2987 2990/2990/2990 
f 2991/2991/2991 2992/2992/2992 2993/2993/2993 
f 2992/2992/2992 2991/2991/2991 2994/2994/2994 
f 2995/2995/2995 2996/2996/2996 2994/2994/2994 
f 2996/2996/2996 2995/2995/2995 2997/2997/2997 
f 2998/2998/2998 2999/2999/2999 3000/3000/3000 
f 2999/2999/2999 2998/2998/2998 3001/3001/3001 
f 3002/3002/3002 3003/3003/3003 3001/3001/3001 
f 3003/3003/3003 3002/3002/3002 3004/3004/3004 
f 3005/3005/3005 3006/3006/3006 3007/3007/3007 
f 3005/3005/3005 3007/3007/3007 3008/3008/3008 
f 3009/3009/3009 3010/3010/3010 3011/3011/3011 
f 3010/3010/3010 3009/3009/3009 3012/3012/3012 
f 3013/3013/3013 3014/3014/3014 3012/3012/3012 
f 3015/3015/3015 3016/3016/3016 3017/3017/3017 
f 3016/3016/3016 3015/3015/3015 3018/3018/3018 
f 3019/3019/3019 3020/3020/3020 3021/3021/3021 
f 3020/3020/3020 3022/3022/3022 3021/3021/3021 
f 3022/3022/3022 3023/3023/3023 3024/3024/3024 
f 3025/3025/3025 3026/3026/3026 3027/3027/3027 
f 3026/3026/3026 3025/3025/3025 3028/3028/3028 
f 3029/3029/3029 3030/3030/3030 3031/3031/3031 
f 3032/3032/3032 3033/3033/3033 3034/3034/3034 
f 3032/3032/3032 3034/3034/3034 3035/3035/3035 
f 3036/3036/3036 3037/3037/3037 3038/3038/3038 
f 3039/3039/3039 3040/3040/3040 3041/3041/3041 
f 3042/3042/3042 3040/3040/3040 3039/3039/3039 
f 3043/3043/3043 3044/3044/3044 3045/3045/3045 
f 3044/3044/3044 3043/3043/3043 3046/3046/3046 
f 3047/3047/3047 3048/3048/3048 3049/3049/3049 
f 3048/3048/3048 3047/3047/3047 3050/3050/3050 
f 3051/3051/3051 3052/3052/3052 3053/3053/3053 
f 3054/3054/3054 3055/3055/3055 3056/3056/3056 
f 3055/3055/3055 3054/3054/3054 3057/3057/3057 
f 3058/3058/3058 3059/3059/3059 3060/3060/3060 
f 3061/3061/3061 3062/3062/3062 3063/3063/3063 
f 3062/3062/3062 3061/3061/3061 3064/3064/3064 
f 3065/3065/3065 3066/3066/3066 3067/3067/3067 
f 3068/3068/3068 3069/3069/3069 3065/3065/3065 
f 3069/3069/3069 3068/3068/3068 3070/3070/3070 
f 3071/3071/3071 3072/3072/3072 3070/3070/3070 
f 3072/3072/3072 3071/3071/3071 3073/3073/3073 
f 3074/3074/3074 3075/3075/3075 3076/3076/3076 
f 3077/3077/3077 3078/3078/3078 3079/3079/3079 
f 3080/3080/3080 3081/3081/3081 3082/3082/3082 
f 3083/3083/3083 3084/3084/3084 3085/3085/3085 
f 3084/3084/3084 3083/3083/3083 3086/3086/3086 
f 3087/3087/3087 3088/3088/3088 3089/3089/3089 
f 3090/3090/3090 3091/3091/3091 3092/3092/3092 
f 3093/3093/3093 3094/3094/3094 3095/3095/3095 
f 3094/3094/3094 3093/3093/3093 3096/3096/3096 
f 3097/3097/3097 3098/3098/3098 3099/3099/3099 
f 3098/3098/3098 3097/3097/3097 3100/3100/3100 
f 3101/3101/3101 3100/3100/3100 3102/3102/3102 
f 3103/3103/3103 3104/3104/3104 3105/3105/3105 
f 3106/3106/3106 3105/3105/3105 3107/3107/3107 
f 3107/3107/3107 3108/3108/3108 3106/3106/3106 
f 3109/3109/3109 3110/3110/3110 3111/3111/3111 
f 3109/3109/3109 3111/3111/3111 3112/3112/3112 
f 3113/3113/3113 3114/3114/3114 3115/3115/3115 
f 3114/3114/3114 3113/3113/3113 3116/3116/3116 
f 3116/3116/3116 3117/3117/3117 3118/3118/3118 
f 3119/3119/3119 3120/3120/3120 3121/3121/3121 
f 3122/3122/3122 3123/3123/3123 3124/3124/3124 
f 3123/3123/3123 3122/3122/3122 3125/3125/3125 
f 3126/3126/3126 3127/3127/3127 3128/3128/3128 
f 3127/3127/3127 3126/3126/3126 3129/3129/3129 
f 3130/3130/3130 3131/3131/3131 3132/3132/3132 
f 3133/3133/3133 3134/3134/3134 3131/3131/3131 
f 3134/3134/3134 3133/3133/3133 3135/3135/3135 
f 3136/3136/3136 3137/3137/3137 3135/3135/3135 
f 3137/3137/3137 3136/3136/3136 3138/3138/3138 
f 3139/3139/3139 3140/3140/3140 3141/3141/3141 
f 3140/3140/3140 3139/3139/3139 3142/3142/3142 
f 3143/3143/3143 3144/3144/3144 3145/3145/3145 
f 3144/3144/3144 3143/3143/3143 3146/3146/3146 
f 3147/3147/3147 3148/3148/3148 3149/3149/3149 
f 3148/3148/3148 3147/3147/3147 3150/3150/3150 
f 3151/3151/3151 3152/3152/3152 3153/3153/3153 
f 3152/3152/3152 3151/3151/3151 3154/3154/3154 
f 3155/3155/3155 3156/3156/3156 3154/3154/3154 
f 3155/3155/3155 3157/3157/3157 3156/3156/3156 
f 3158/3158/3158 3159/3159/3159 3160/3160/3160 
f 3159/3159/3159 3158/3158/3158 3161/3161/3161 
f 3161/3161/3161 3162/3162/3162 3163/3163/3163 
f 3164/3164/3164 3165/3165/3165 3166/3166/3166 
f 3165/3165/3165 3164/3164/3164 3167/3167/3167 
f 3168/3168/3168 3169/3169/3169 3170/3170/3170 
f 3171/3171/3171 3172/3172/3172 3173/3173/3173 
f 3172/3172/3172 3171/3171/3171 3174/3174/3174 
f 3175/3175/3175 3176/3176/3176 3177/3177/3177 
f 3178/3178/3178 3179/3179/3179 3177/3177/3177 
f 3179/3179/3179 3178/3178/3178 3180/3180/3180 
f 3181/3181/3181 3182/3182/3182 3183/3183/3183 
f 3182/3182/3182 3181/3181/3181 3184/3184/3184 
f 3185/3185/3185 3186/3186/3186 3187/3187/3187 
f 3186/3186/3186 3185/3185/3185 3188/3188/3188 
f 3187/3187/3187 3189/3189/3189 3190/3190/3190 
f 3191/3191/3191 3192/3192/3192 3193/3193/3193 
f 3192/3192/3192 3191/3191/3191 3194/3194/3194 
f 3195/3195/3195 3196/3196/3196 3197/3197/3197 
f 3196/3196/3196 3195/3195/3195 3198/3198/3198 
f 3199/3199/3199 3200/3200/3200 3201/3201/3201 
f 3202/3202/3202 3203/3203/3203 3204/3204/3204 
f 3203/3203/3203 3202/3202/3202 3205/3205/3205 
f 3206/3206/3206 3207/3207/3207 3205/3205/3205 
f 3207/3207/3207 3206/3206/3206 3208/3208/3208 
f 3208/3208/3208 3209/3209/3209 3210/3210/3210 
f 3211/3211/3211 3212/3212/3212 3213/3213/3213 
f 3211/3211/3211 3213/3213/3213 3214/3214/3214 
f 3215/3215/3215 3216/3216/3216 3217/3217/3217 
f 3218/3218/3218 3219/3219/3219 3220/3220/3220 
f 3219/3219/3219 3218/3218/3218 3221/3221/3221 
f 3222/3222/3222 3220/3220/3220 3223/3223/3223 
f 3222/3222/3222 3223/3223/3223 3224/3224/3224 
f 3225/3225/3225 3226/3226/3226 3224/3224/3224 
f 3226/3226/3226 3225/3225/3225 3227/3227/3227 
f 3228/3228/3228 3229/3229/3229 3230/3230/3230 
f 3229/3229/3229 3228/3228/3228 3231/3231/3231 
f 3232/3232/3232 3233/3233/3233 3234/3234/3234 
f 3235/3235/3235 3236/3236/3236 3237/3237/3237 
f 3236/3236/3236 3235/3235/3235 3238/3238/3238 
f 3239/3239/3239 3240/3240/3240 3241/3241/3241 
f 3242/3242/3242 3243/3243/3243 3244/3244/3244 
f 3245/3245/3245 3246/3246/3246 3247/3247/3247 
f 3246/3246/3246 3245/3245/3245 3248/3248/3248 
f 3249/3249/3249 3250/3250/3250 3251/3251/3251 
f 3252/3252/3252 3253/3253/3253 3254/3254/3254 
f 3253/3253/3253 3252/3252/3252 3255/3255/3255 
f 3256/3256/3256 3257/3257/3257 3258/3258/3258 
f 3257/3257/3257 3256/3256/3256 3259/3259/3259 
f 3260/3260/3260 3261/3261/3261 3259/3259/3259 
f 3261/3261/3261 3260/3260/3260 3262/3262/3262 
f 3263/3263/3263 3264/3264/3264 3265/3265/3265 
f 3265/3265/3265 3266/3266/3266 3263/3263/3263 
f 3267/3267/3267 3268/3268/3268 3269/3269/3269 
f 3268/3268/3268 3267/3267/3267 3270/3270/3270 
f 3271/3271/3271 3272/3272/3272 3273/3273/3273 
f 3272/3272/3272 3271/3271/3271 3274/3274/3274 
f 3275/3275/3275 3274/3274/3274 3276/3276/3276 
f 3277/3277/3277 3278/3278/3278 3279/3279/3279 
f 3280/3280/3280 3279/3279/3279 3278/3278/3278 
f 3281/3281/3281 3282/3282/3282 3283/3283/3283 
f 3283/3283/3283 3284/3284/3284 3281/3281/3281 
f 3285/3285/3285 3286/3286/3286 3287/3287/3287 
f 3285/3285/3285 3288/3288/3288 3289/3289/3289 
f 3288/3288/3288 3290/3290/3290 3289/3289/3289 
f 3291/3291/3291 3292/3292/3292 3293/3293/3293 
f 3294/3294/3294 3295/3295/3295 3296/3296/3296 
f 3295/3295/3295 3294/3294/3294 3297/3297/3297 
f 3298/3298/3298 3299/3299/3299 3300/3300/3300 
f 3300/3300/3300 3301/3301/3301 3298/3298/3298 
f 3302/3302/3302 3303/3303/3303 3301/3301/3301 
f 3303/3303/3303 3302/3302/3302 3304/3304/3304 
f 3305/3305/3305 3306/3306/3306 3307/3307/3307 
f 3306/3306/3306 3305/3305/3305 3308/3308/3308 
f 3309/3309/3309 3310/3310/3310 3311/3311/3311 
f 3310/3310/3310 3309/3309/3309 3312/3312/3312 
f 3313/3313/3313 3314/3314/3314 3315/3315/3315 
f 3316/3316/3316 3314/3314/3314 3313/3313/3313 
f 3317/3317/3317 3318/3318/3318 3319/3319/3319 
f 3318/3318/3318 3317/3317/3317 3320/3320/3320 
f 3321/3321/3321 3322/3322/3322 3319/3319/3319 
f 3322/3322/3322 3321/3321/3321 3323/3323/3323 
f 3324/3324/3324 3325/3325/3325 3323/3323/3323 
f 3325/3325/3325 3324/3324/3324 3326/3326/3326 
f 3327/3327/3327 3328/3328/3328 3329/3329/3329 
f 3328/3328/3328 3327/3327/3327 3330/3330/3330 
f 3331/3331/3331 3332/3332/3332 3333/3333/3333 
f 3331/3331/3331 3333/3333/3333 3334/3334/3334 
f 3335/3335/3335 3336/3336/3336 3334/3334/3334 
f 3336/3336/3336 3335/3335/3335 3337/3337/3337 
f 3338/3338/3338 3339/3339/3339 3340/3340/3340 
f 3341/3341/3341 3342/3342/3342 3343/3343/3343 
f 3344/3344/3344 3345/3345/3345 3341/3341/3341 
f 3345/3345/3345 3344/3344/3344 3346/3346/3346 
f 3347/3347/3347 3348/3348/3348 3346/3346/3346 
f 3349/3349/3349 3350/3350/3350 3351/3351/3351 
f 3350/3350/3350 3349/3349/3349 3352/3352/3352 
f 3352/3352/3352 3353/3353/3353 3354/3354/3354 
f 3355/3355/3355 3354/3354/3354 3353/3353/3353 
f 3356/3356/3356 3357/3357/3357 3358/3358/3358 
f 3357/3357/3357 3356/3356/3356 3359/3359/3359 
f 3360/3360/3360 3361/3361/3361 3362/3362/3362 
f 3360/3360/3360 3362/3362/3362 3363/3363/3363 
f 3364/3364/3364 3365/3365/3365 3366/3366/3366 
f 3365/3365/3365 3364/3364/3364 3367/3367/3367 
f 3368/3368/3368 3369/3369/3369 3370/3370/3370 
f 3370/3370/3370 3369/3369/3369 3371/3371/3371 
f 3369/3369/3369 3368/3368/3368 3372/3372/3372 
f 3372/3372/3372 3373/3373/3373 3374/3374/3374 
f 3375/3375/3375 3376/3376/3376 3377/3377/3377 
f 3377/3377/3377 3378/3378/3378 3375/3375/3375 
f 3379/3379/3379 3380/3380/3380 3378/3378/3378 
f 3380/3380/3380 3379/3379/3379 3381/3381/3381 
f 3382/3382/3382 3383/3383/3383 3384/3384/3384 
f 3383/3383/3383 3382/3382/3382 3385/3385/3385 
f 3386/3386/3386 3387/3387/3387 3388/3388/3388 
f 3389/3389/3389 3390/3390/3390 3391/3391/3391 
f 3390/3390/3390 3389/3389/3389 3392/3392/3392 
f 3393/3393/3393 3394/3394/3394 3395/3395/3395 
f 3394/3394/3394 3396/3396/3396 3395/3395/3395 
f 3397/3397/3397 3398/3398/3398 3393/3393/3393 
f 3399/3399/3399 3398/3398/3398 3397/3397/3397 
f 3400/3400/3400 3399/3399/3399 3401/3401/3401 
f 3401/3401/3401 3402/3402/3402 3400/3400/3400 
f 3403/3403/3403 3404/3404/3404 3405/3405/3405 
f 3406/3406/3406 3407/3407/3407 3408/3408/3408 
f 3408/3408/3408 3407/3407/3407 3409/3409/3409 
f 3410/3410/3410 3411/3411/3411 3412/3412/3412 
f 3411/3411/3411 3410/3410/3410 3413/3413/3413 
f 3414/3414/3414 3415/3415/3415 3416/3416/3416 
f 3415/3415/3415 3414/3414/3414 3417/3417/3417 
f 3418/3418/3418 3419/3419/3419 3420/3420/3420 
f 3419/3419/3419 3418/3418/3418 3421/3421/3421 
f 3422/3422/3422 3423/3423/3423 3424/3424/3424 
f 3423/3423/3423 3422/3422/3422 3425/3425/3425 
f 3426/3426/3426 3427/3427/3427 3428/3428/3428 
f 3427/3427/3427 3426/3426/3426 3429/3429/3429 
f 3430/3430/3430 3431/3431/3431 3432/3432/3432 
f 3431/3431/3431 3430/3430/3430 3433/3433/3433 
f 3434/3434/3434 3435/3435/3435 3432/3432/3432 
f 3436/3436/3436 3437/3437/3437 3438/3438/3438 
f 3437/3437/3437 3436/3436/3436 3439/3439/3439 
f 3440/3440/3440 3441/3441/3441 3442/3442/3442 
f 3441/3441/3441 3440/3440/3440 3443/3443/3443 
f 3444/3444/3444 3442/3442/3442 3445/3445/3445 
f 3443/3443/3443 3446/3446/3446 3447/3447/3447 
f 3447/3447/3447 3446/3446/3446 3448/3448/3448 
f 3449/3449/3449 3450/3450/3450 3451/3451/3451 
f 3450/3450/3450 3449/3449/3449 3452/3452/3452 
f 3453/3453/3453 3454/3454/3454 3455/3455/3455 
f 3456/3456/3456 3457/3457/3457 3458/3458/3458 
f 3458/3458/3458 3457/3457/3457 3459/3459/3459 
f 3460/3460/3460 3461/3461/3461 3462/3462/3462 
f 3463/3463/3463 3464/3464/3464 3465/3465/3465 
f 3466/3466/3466 3465/3465/3465 3464/3464/3464 
f 3467/3467/3467 3468/3468/3468 3469/3469/3469 
f 3467/3467/3467 3470/3470/3470 3471/3471/3471 
f 3470/3470/3470 3467/3467/3467 3472/3472/3472 
f 3473/3473/3473 3474/3474/3474 3475/3475/3475 
f 3474/3474/3474 3473/3473/3473 3476/3476/3476 
f 3477/3477/3477 3478/3478/3478 3479/3479/3479 
f 3478/3478/3478 3477/3477/3477 3480/3480/3480 
f 3481/3481/3481 3482/3482/3482 3483/3483/3483 
f 3482/3482/3482 3481/3481/3481 3484/3484/3484 
f 3485/3485/3485 3486/3486/3486 3487/3487/3487 
f 3488/3488/3488 3489/3489/3489 3490/3490/3490 
f 3489/3489/3489 3488/3488/3488 3491/3491/3491 
f 3492/3492/3492 3493/3493/3493 3494/3494/3494 
f 3493/3493/3493 3492/3492/3492 3495/3495/3495 
f 3496/3496/3496 3494/3494/3494 3497/3497/3497 
f 3496/3496/3496 3497/3497/3497 3498/3498/3498 
f 3499/3499/3499 3500/3500/3500 3501/3501/3501 
f 3501/3501/3501 3502/3502/3502 3499/3499/3499 
f 3503/3503/3503 3504/3504/3504 3502/3502/3502 
f 3504/3504/3504 3503/3503/3503 3505/3505/3505 
f 3506/3506/3506 3505/3505/3505 3507/3507/3507 
f 3507/3507/3507 3508/3508/3508 3506/3506/3506 
f 3509/3509/3509 3510/3510/3510 3508/3508/3508 
f 3510/3510/3510 3509/3509/3509 3511/3511/3511 
f 3512/3512/3512 3513/3513/3513 3511/3511/3511 
f 3513/3513/3513 3512/3512/3512 3514/3514/3514 
f 3515/3515/3515 3516/3516/3516 3514/3514/3514 
f 3516/3516/3516 3515/3515/3515 3517/3517/3517 
f 3518/3518/3518 3519/3519/3519 3520/3520/3520 
f 3519/3519/3519 3518/3518/3518 3521/3521/3521 
f 3522/3522/3522 3523/3523/3523 3524/3524/3524 
f 3524/3524/3524 3523/3523/3523 3525/3525/3525 
f 3526/3526/3526 3527/3527/3527 3528/3528/3528 
f 3527/3527/3527 3526/3526/3526 3529/3529/3529 
f 3530/3530/3530 3531/3531/3531 3532/3532/3532 
f 3533/3533/3533 3534/3534/3534 3535/3535/3535 
f 3534/3534/3534 3533/3533/3533 3536/3536/3536 
f 3537/3537/3537 3538/3538/3538 3539/3539/3539 
f 3540/3540/3540 3538/3538/3538 3537/3537/3537 
f 3541/3541/3541 3542/3542/3542 3543/3543/3543 
f 3542/3542/3542 3541/3541/3541 3544/3544/3544 
f 3545/3545/3545 3546/3546/3546 3543/3543/3543 
f 3546/3546/3546 3545/3545/3545 3547/3547/3547 
f 3548/3548/3548 3549/3549/3549 3547/3547/3547 
f 3550/3550/3550 3549/3549/3549 3548/3548/3548 
f 3551/3551/3551 3552/3552/3552 3553/3553/3553 
f 3552/3552/3552 3551/3551/3551 3554/3554/3554 
f 3555/3555/3555 3556/3556/3556 3554/3554/3554 
f 3556/3556/3556 3555/3555/3555 3557/3557/3557 
f 3558/3558/3558 3559/3559/3559 3560/3560/3560 
f 3559/3559/3559 3558/3558/3558 3561/3561/3561 
f 3562/3562/3562 3563/3563/3563 3564/3564/3564 
f 3565/3565/3565 3566/3566/3566 3567/3567/3567 
f 3565/3565/3565 3567/3567/3567 3568/3568/3568 
f 3569/3569/3569 3566/3566/3566 3570/3570/3570 
f 3571/3571/3571 3572/3572/3572 3573/3573/3573 
f 3572/3572/3572 3571/3571/3571 3574/3574/3574 
f 3575/3575/3575 3574/3574/3574 3576/3576/3576 
f 3575/3575/3575 3576/3576/3576 3577/3577/3577 
f 3578/3578/3578 3579/3579/3579 3580/3580/3580 
f 3579/3579/3579 3581/3581/3581 3580/3580/3580 
f 3582/3582/3582 3583/3583/3583 3584/3584/3584 
f 3583/3583/3583 3585/3585/3585 3584/3584/3584 
f 3586/3586/3586 3585/3585/3585 3587/3587/3587 
f 3587/3587/3587 3588/3588/3588 3586/3586/3586 
f 3589/3589/3589 3590/3590/3590 3591/3591/3591 
f 3592/3592/3592 3590/3590/3590 3593/3593/3593 
f 3594/3594/3594 3595/3595/3595 3596/3596/3596 
f 3595/3595/3595 3594/3594/3594 3597/3597/3597 
f 3598/3598/3598 3599/3599/3599 3596/3596/3596 
f 3598/3598/3598 3600/3600/3600 3599/3599/3599 
f 3601/3601/3601 3602/3602/3602 3603/3603/3603 
f 3604/3604/3604 3605/3605/3605 3606/3606/3606 
f 3607/3607/3607 3606/3606/3606 3605/3605/3605 
f 3608/3608/3608 3609/3609/3609 3610/3610/3610 
f 3611/3611/3611 3612/3612/3612 3609/3609/3609 
f 3612/3612/3612 3611/3611/3611 3613/3613/3613 
f 3614/3614/3614 3615/3615/3615 3616/3616/3616 
f 3615/3615/3615 3614/3614/3614 3617/3617/3617 
f 3618/3618/3618 3619/3619/3619 3620/3620/3620 
f 3620/3620/3620 3621/3621/3621 3618/3618/3618 
f 3622/3622/3622 3623/3623/3623 3624/3624/3624 
f 3623/3623/3623 3622/3622/3622 3625/3625/3625 
f 3626/3626/3626 3627/3627/3627 3625/3625/3625 
f 3627/3627/3627 3626/3626/3626 3628/3628/3628 
f 3629/3629/3629 3630/3630/3630 3631/3631/3631 
f 3632/3632/3632 3633/3633/3633 3634/3634/3634 
f 3633/3633/3633 3632/3632/3632 3635/3635/3635 
f 3636/3636/3636 3637/3637/3637 3638/3638/3638 
f 3636/3636/3636 3638/3638/3638 3639/3639/3639 
f 3640/3640/3640 3641/3641/3641 3642/3642/3642 
f 3643/3643/3643 3644/3644/3644 3645/3645/3645 
f 3644/3644/3644 3646/3646/3646 3645/3645/3645 
f 3647/3647/3647 3648/3648/3648 3649/3649/3649 
f 3650/3650/3650 3651/3651/3651 3652/3652/3652 
f 3652/3652/3652 3653/3653/3653 3650/3650/3650 
f 3654/3654/3654 3655/3655/3655 3656/3656/3656 
f 3655/3655/3655 3654/3654/3654 3657/3657/3657 
f 3658/3658/3658 3659/3659/3659 3660/3660/3660 
f 3659/3659/3659 3658/3658/3658 3661/3661/3661 
f 3662/3662/3662 3663/3663/3663 3664/3664/3664 
f 3663/3663/3663 3662/3662/3662 3665/3665/3665 
f 3666/3666/3666 3667/3667/3667 3664/3664/3664 
f 3668/3668/3668 3669/3669/3669 3670/3670/3670 
f 3670/3670/3670 3671/3671/3671 3668/3668/3668 
f 3672/3672/3672 3673/3673/3673 3671/3671/3671 
f 3673/3673/3673 3672/3672/3672 3674/3674/3674 
f 3675/3675/3675 3674/3674/3674 3676/3676/3676 
f 3677/3677/3677 3678/3678/3678 3679/3679/3679 
f 3678/3678/3678 3677/3677/3677 3680/3680/3680 
f 3681/3681/3681 3682/3682/3682 3679/3679/3679 
f 3682/3682/3682 3681/3681/3681 3683/3683/3683 
f 3684/3684/3684 3685/3685/3685 3686/3686/3686 
f 3684/3684/3684 3686/3686/3686 3687/3687/3687 
f 3688/3688/3688 3689/3689/3689 3690/3690/3690 
f 3690/3690/3690 3691/3691/3691 3688/3688/3688 
f 3692/3692/3692 3693/3693/3693 3694/3694/3694 
f 3695/3695/3695 3694/3694/3694 3693/3693/3693 
f 3696/3696/3696 3697/3697/3697 3698/3698/3698 
f 3697/3697/3697 3696/3696/3696 3699/3699/3699 
f 3700/3700/3700 3701/3701/3701 3702/3702/3702 
f 3701/3701/3701 3700/3700/3700 3703/3703/3703 
f 3704/3704/3704 3705/3705/3705 3702/3702/3702 
f 3705/3705/3705 3704/3704/3704 3706/3706/3706 
f 3707/3707/3707 3708/3708/3708 3709/3709/3709 
f 3710/3710/3710 3711/3711/3711 3712/3712/3712 
f 3713/3713/3713 3714/3714/3714 3715/3715/3715 
f 3716/3716/3716 3717/3717/3717 3718/3718/3718 
f 3717/3717/3717 3716/3716/3716 3719/3719/3719 
f 3720/3720/3720 3721/3721/3721 3722/3722/3722 
f 3721/3721/3721 3720/3720/3720 3723/3723/3723 
f 3724/3724/3724 3725/3725/3725 3726/3726/3726 
f 3727/3727/3727 3728/3728/3728 3729/3729/3729 
f 3730/3730/3730 3731/3731/3731 3732/3732/3732 
f 3733/3733/3733 3734/3734/3734 3735/3735/3735 
f 3736/3736/3736 3737/3737/3737 3738/3738/3738 
f 3737/3737/3737 3736/3736/3736 3739/3739/3739 
f 3740/3740/3740 3741/3741/3741 3739/3739/3739 
f 3741/3741/3741 3740/3740/3740 3742/3742/3742 
f 3743/3743/3743 3744/3744/3744 3742/3742/3742 
f 3745/3745/3745 3746/3746/3746 3747/3747/3747 
f 3748/3748/3748 3747/3747/3747 3746/3746/3746 
f 3749/3749/3749 3750/3750/3750 3751/3751/3751 
f 3752/3752/3752 3753/3753/3753 3754/3754/3754 
f 3753/3753/3753 3752/3752/3752 3755/3755/3755 
f 3756/3756/3756 3757/3757/3757 3758/3758/3758 
f 3759/3759/3759 3760/3760/3760 3758/3758/3758 
f 3760/3760/3760 3759/3759/3759 3761/3761/3761 
f 3762/3762/3762 3763/3763/3763 3761/3761/3761 
f 3763/3763/3763 3762/3762/3762 3764/3764/3764 
f 3765/3765/3765 3766/3766/3766 3764/3764/3764 
f 3766/3766/3766 3765/3765/3765 3767/3767/3767 
f 3768/3768/3768 3769/3769/3769 3770/3770/3770 
f 3771/3771/3771 3772/3772/3772 3773/3773/3773 
f 3774/3774/3774 3775/3775/3775 3776/3776/3776 
f 3777/3777/3777 3778/3778/3778 3779/3779/3779 
f 3778/3778/3778 3777/3777/3777 3780/3780/3780 
f 3781/3781/3781 3782/3782/3782 3779/3779/3779 
f 3782/3782/3782 3781/3781/3781 3783/3783/3783 
f 3784/3784/3784 3785/3785/3785 3786/3786/3786 
f 3785/3785/3785 3784/3784/3784 3787/3787/3787 
f 3788/3788/3788 3789/3789/3789 3790/3790/3790 
f 3789/3789/3789 3788/3788/3788 3791/3791/3791 
f 3792/3792/3792 3793/3793/3793 3790/3790/3790 
f 3793/3793/3793 3792/3792/3792 3794/3794/3794 
f 3795/3795/3795 3796/3796/3796 3791/3791/3791 
f 3795/3795/3795 3797/3797/3797 3796/3796/3796 
f 3798/3798/3798 3799/3799/3799 3800/3800/3800 
f 3801/3801/3801 3800/3800/3800 3799/3799/3799 
f 3802/3802/3802 3803/3803/3803 3804/3804/3804 
f 3805/3805/3805 3806/3806/3806 3807/3807/3807 
f 3806/3806/3806 3805/3805/3805 3808/3808/3808 
f 3808/3808/3808 3809/3809/3809 3810/3810/3810 
f 3811/3811/3811 3812/3812/3812 3813/3813/3813 
f 3812/3812/3812 3811/3811/3811 3814/3814/3814 
f 3815/3815/3815 3816/3816/3816 3817/3817/3817 
f 3815/3815/3815 3817/3817/3817 3818/3818/3818 
f 3819/3819/3819 3820/3820/3820 3821/3821/3821 
f 3820/3820/3820 3822/3822/3822 3821/3821/3821 
f 3823/3823/3823 3824/3824/3824 3822/3822/3822 
f 3824/3824/3824 3823/3823/3823 3825/3825/3825 
f 3826/3826/3826 3827/3827/3827 3828/3828/3828 
f 3829/3829/3829 3830/3830/3830 3831/3831/3831 
f 3832/3832/3832 3833/3833/3833 3834/3834/3834 
f 3833/3833/3833 3832/3832/3832 3835/3835/3835 
f 3836/3836/3836 3837/3837/3837 3838/3838/3838 
f 3837/3837/3837 3836/3836/3836 3839/3839/3839 
f 3840/3840/3840 3841/3841/3841 3842/3842/3842 
f 3840/3840/3840 3843/3843/3843 3841/3841/3841 
f 3844/3844/3844 3845/3845/3845 3846/3846/3846 
f 3846/3846/3846 3845/3845/3845 3847/3847/3847 
f 3848/3848/3848 3849/3849/3849 3850/3850/3850 
f 3851/3851/3851 3850/3850/3850 3849/3849/3849 
f 3852/3852/3852 3853/3853/3853 3854/3854/3854 
f 3853/3853/3853 3852/3852/3852 3855/3855/3855 
f 3856/3856/3856 3857/3857/3857 3858/3858/3858 
f 3856/3856/3856 3858/3858/3858 3859/3859/3859 
f 3860/3860/3860 3861/3861/3861 3862/3862/3862 
f 3863/3863/3863 3864/3864/3864 3861/3861/3861 
f 3864/3864/3864 3863/3863/3863 3865/3865/3865 
f 3866/3866/3866 3867/3867/3867 3868/3868/3868 
f 3869/3869/3869 3870/3870/3870 3871/3871/3871 
f 3872/3872/3872 3873/3873/3873 3874/3874/3874 
f 3875/3875/3875 3874/3874/3874 3873/3873/3873 
f 3876/3876/3876 3877/3877/3877 3878/3878/3878 
f 3877/3877/3877 3876/3876/3876 3879/3879/3879 
f 3880/3880/3880 3881/3881/3881 3879/3879/3879 
f 3881/3881/3881 3880/3880/3880 3882/3882/3882 
f 3883/3883/3883 3884/3884/3884 3885/3885/3885 
f 3886/3886/3886 3885/3885/3885 3884/3884/3884 
f 3887/3887/3887 3888/3888/3888 3889/3889/3889 
f 3889/3889/3889 3888/3888/3888 3890/3890/3890 
f 3891/3891/3891 3892/3892/3892 3893/3893/3893 
f 3893/3893/3893 3894/3894/3894 3891/3891/3891 
f 3895/3895/3895 3896/3896/3896 3897/3897/3897 
f 3898/3898/3898 3899/3899/3899 3897/3897/3897 
f 3899/3899/3899 3898/3898/3898 3900/3900/3900 
f 3901/3901/3901 3902/3902/3902 3900/3900/3900 
f 3902/3902/3902 3901/3901/3901 3903/3903/3903 
f 3904/3904/3904 3905/3905/3905 3906/3906/3906 
f 3905/3905/3905 3904/3904/3904 3907/3907/3907 
f 3908/3908/3908 3909/3909/3909 3910/3910/3910 
f 3911/3911/3911 3912/3912/3912 3913/3913/3913 
f 3912/3912/3912 3911/3911/3911 3914/3914/3914 
f 3915/3915/3915 3916/3916/3916 3917/3917/3917 
f 3916/3916/3916 3915/3915/3915 3918/3918/3918 
f 3919/3919/3919 3920/3920/3920 3921/3921/3921 
f 3920/3920/3920 3919/3919/3919 3922/3922/3922 
f 3923/3923/3923 3924/3924/3924 3925/3925/3925 
f 3926/3926/3926 3927/3927/3927 3928/3928/3928 
f 3927/3927/3927 3926/3926/3926 3929/3929/3929 
f 3930/3930/3930 3931/3931/3931 3932/3932/3932 
f 3930/3930/3930 3932/3932/3932 3933/3933/3933 
f 3934/3934/3934 3935/3935/3935 3936/3936/3936 
f 3935/3935/3935 3934/3934/3934 3937/3937/3937 
f 3938/3938/3938 3939/3939/3939 3940/3940/3940 
f 3939/3939/3939 3938/3938/3938 3941/3941/3941 
f 3942/3942/3942 3943/3943/3943 3941/3941/3941 
f 3943/3943/3943 3942/3942/3942 3944/3944/3944 
f 3945/3945/3945 3944/3944/3944 3946/3946/3946 
f 3947/3947/3947 3948/3948/3948 3949/3949/3949 
f 3949/3949/3949 3950/3950/3950 3947/3947/3947 
f 3951/3951/3951 3952/3952/3952 3953/3953/3953 
f 3953/3953/3953 3954/3954/3954 3951/3951/3951 
f 3955/3955/3955 3956/3956/3956 3957/3957/3957 
f 3958/3958/3958 3959/3959/3959 3960/3960/3960 
f 3961/3961/3961 3962/3962/3962 3963/3963/3963 
f 3963/3963/3963 3962/3962/3962 3964/3964/3964 
f 3961/3961/3961 3965/3965/3965 3966/3966/3966 
f 3967/3967/3967 3968/3968/3968 3969/3969/3969 
f 3969/3969/3969 3968/3968/3968 3970/3970/3970 
f 3971/3971/3971 3972/3972/3972 3973/3973/3973 
f 3974/3974/3974 3975/3975/3975 3973/3973/3973 
f 3975/3975/3975 3974/3974/3974 3976/3976/3976 
f 3977/3977/3977 3978/3978/3978 3979/3979/3979 
f 3980/3980/3980 3981/3981/3981 3979/3979/3979 
f 3981/3981/3981 3980/3980/3980 3982/3982/3982 
f 3983/3983/3983 3984/3984/3984 3982/3982/3982 
f 3984/3984/3984 3983/3983/3983 3985/3985/3985 
f 3986/3986/3986 3987/3987/3987 3988/3988/3988 
f 3989/3989/3989 3990/3990/3990 3991/3991/3991 
f 3990/3990/3990 3989/3989/3989 3992/3992/3992 
f 3993/3993/3993 3992/3992/3992 3994/3994/3994 
f 3995/3995/3995 3993/3993/3993 3994/3994/3994 
f 3996/3996/3996 3997/3997/3997 3995/3995/3995 
f 3997/3997/3997 3996/3996/3996 3998/3998/3998 
f 3999/3999/3999 4000/4000/4000 4001/4001/4001 
f 4000/4000/4000 3999/3999/3999 4002/4002/4002 
f 4003/4003/4003 4004/4004/4004 4001/4001/4001 
f 4004/4004/4004 4003/4003/4003 4005/4005/4005 
f 4006/4006/4006 4007/4007/4007 4005/4005/4005 
f 4007/4007/4007 4006/4006/4006 4008/4008/4008 
f 4009/4009/4009 4010/4010/4010 4011/4011/4011 
f 4012/4012/4012 4013/4013/4013 4014/4014/4014 
f 4012/4012/4012 4014/4014/4014 4015/4015/4015 
f 4016/4016/4016 4017/4017/4017 4013/4013/4013 
f 4018/4018/4018 4019/4019/4019 4020/4020/4020 
f 4021/4021/4021 4022/4022/4022 4023/4023/4023 
f 4024/4024/4024 4025/4025/4025 4026/4026/4026 
f 4025/4025/4025 4024/4024/4024 4027/4027/4027 
f 4028/4028/4028 4029/4029/4029 4030/4030/4030 
f 4031/4031/4031 4032/4032/4032 4028/4028/4028 
f 4032/4032/4032 4031/4031/4031 4033/4033/4033 
f 4034/4034/4034 4035/4035/4035 4036/4036/4036 
f 4035/4035/4035 4034/4034/4034 4037/4037/4037 
f 4038/4038/4038 4039/4039/4039 4040/4040/4040 
f 4039/4039/4039 4038/4038/4038 4041/4041/4041 
f 4042/4042/4042 4043/4043/4043 4044/4044/4044 
f 4045/4045/4045 4046/4046/4046 4047/4047/4047 
f 4048/4048/4048 4049/4049/4049 4050/4050/4050 
f 4049/4049/4049 4048/4048/4048 4051/4051/4051 
f 4052/4052/4052 4053/4053/4053 4051/4051/4051 
f 4053/4053/4053 4052/4052/4052 4054/4054/4054 
f 4055/4055/4055 4056/4056/4056 4057/4057/4057 
f 4056/4056/4056 4055/4055/4055 4058/4058/4058 
f 4057/4057/4057 4059/4059/4059 4060/4060/4060 
f 4061/4061/4061 4060/4060/4060 4059/4059/4059 
f 4062/4062/4062 4063/4063/4063 4061/4061/4061 
f 4063/4063/4063 4062/4062/4062 4064/4064/4064 
f 4065/4065/4065 4066/4066/4066 4067/4067/4067 
f 4068/4068/4068 4069/4069/4069 4070/4070/4070 
f 4069/4069/4069 4068/4068/4068 4071/4071/4071 
f 4072/4072/4072 4073/4073/4073 4074/4074/4074 
f 4074/4074/4074 4075/4075/4075 4072/4072/4072 
f 4076/4076/4076 4077/4077/4077 4078/4078/4078 
f 4077/4077/4077 4076/4076/4076 4079/4079/4079 
f 4080/4080/4080 4081/4081/4081 4082/4082/4082 
f 4083/4083/4083 4084/4084/4084 4081/4081/4081 
f 4084/4084/4084 4083/4083/4083 4085/4085/4085 
f 4086/4086/4086 4087/4087/4087 4088/4088/4088 
f 4089/4089/4089 4090/4090/4090 4091/4091/4091 
f 4090/4090/4090 4089/4089/4089 4092/4092/4092 
f 4093/4093/4093 4094/4094/4094 4095/4095/4095 
f 4096/4096/4096 4097/4097/4097 4098/4098/4098 
f 4097/4097/4097 4096/4096/4096 4099/4099/4099 
f 4100/4100/4100 4101/4101/4101 4102/4102/4102 
f 4103/4103/4103 4104/4104/4104 4105/4105/4105 
f 4104/4104/4104 4103/4103/4103 4106/4106/4106 
f 4107/4107/4107 4108/4108/4108 4105/4105/4105 
f 4107/4107/4107 4109/4109/4109 4108/4108/4108 
f 4110/4110/4110 4111/4111/4111 4112/4112/4112 
f 4111/4111/4111 4110/4110/4110 4113/4113/4113 
f 4114/4114/4114 4115/4115/4115 4116/4116/4116 
f 4115/4115/4115 4114/4114/4114 4117/4117/4117 
f 4118/4118/4118 4119/4119/4119 4120/4120/4120 
f 4121/4121/4121 4122/4122/4122 4123/4123/4123 
f 4124/4124/4124 4125/4125/4125 4122/4122/4122 
f 4125/4125/4125 4124/4124/4124 4126/4126/4126 
f 4126/4126/4126 4127/4127/4127 4128/4128/4128 
f 4127/4127/4127 4126/4126/4126 4129/4129/4129 
f 4129/4129/4129 4130/4130/4130 4131/4131/4131 
f 4131/4131/4131 4130/4130/4130 4132/4132/4132 
f 4133/4133/4133 4134/4134/4134 4135/4135/4135 
f 4136/4136/4136 4137/4137/4137 4138/4138/4138 
f 4137/4137/4137 4136/4136/4136 4139/4139/4139 
f 4140/4140/4140 4141/4141/4141 4142/4142/4142 
f 4142/4142/4142 4141/4141/4141 4143/4143/4143 
f 4144/4144/4144 4145/4145/4145 4146/4146/4146 
f 4147/4147/4147 4148/4148/4148 4149/4149/4149 
f 4148/4148/4148 4147/4147/4147 4150/4150/4150 
f 4151/4151/4151 4152/4152/4152 4153/4153/4153 
f 4152/4152/4152 4151/4151/4151 4154/4154/4154 
f 4155/4155/4155 4156/4156/4156 4153/4153/4153 
f 4156/4156/4156 4155/4155/4155 4157/4157/4157 
f 4157/4157/4157 4158/4158/4158 4159/4159/4159 
f 4157/4157/4157 4160/4160/4160 4161/4161/4161 
f 4157/4157/4157 4162/4162/4162 4160/4160/4160 
f 4163/4163/4163 4164/4164/4164 4165/4165/4165 
f 4166/4166/4166 4167/4167/4167 4168/4168/4168 
f 4167/4167/4167 4169/4169/4169 4168/4168/4168 
f 4170/4170/4170 4171/4171/4171 4172/4172/4172 
f 4173/4173/4173 4174/4174/4174 4172/4172/4172 
f 4174/4174/4174 4173/4173/4173 4175/4175/4175 
f 4176/4176/4176 4175/4175/4175 4177/4177/4177 
f 4178/4178/4178 4176/4176/4176 4177/4177/4177 
f 4179/4179/4179 4180/4180/4180 4178/4178/4178 
f 4180/4180/4180 4179/4179/4179 4181/4181/4181 
f 4182/4182/4182 4181/4181/4181 4183/4183/4183 
f 4184/4184/4184 4182/4182/4182 4183/4183/4183 
f 4185/4185/4185 4186/4186/4186 4187/4187/4187 
f 4188/4188/4188 4187/4187/4187 4186/4186/4186 
f 4189/4189/4189 4190/4190/4190 4191/4191/4191 
f 4190/4190/4190 4189/4189/4189 4192/4192/4192 
f 4193/4193/4193 4194/4194/4194 4195/4195/4195 
f 4194/4194/4194 4193/4193/4193 4196/4196/4196 
f 4197/4197/4197 4198/4198/4198 4199/4199/4199 
f 4199/4199/4199 4198/4198/4198 4200/4200/4200 
f 4201/4201/4201 4202/4202/4202 4203/4203/4203 
f 4203/4203/4203 4202/4202/4202 4204/4204/4204 
f 4205/4205/4205 4206/4206/4206 4207/4207/4207 
f 4207/4207/4207 4206/4206/4206 4208/4208/4208 
f 4209/4209/4209 4210/4210/4210 4211/4211/4211 
f 4210/4210/4210 4209/4209/4209 4212/4212/4212 
f 4213/4213/4213 4214/4214/4214 4215/4215/4215 
f 4214/4214/4214 4213/4213/4213 4216/4216/4216 
f 4217/4217/4217 4218/4218/4218 4219/4219/4219 
f 4219/4219/4219 4218/4218/4218 4220/4220/4220 
f 4221/4221/4221 4222/4222/4222 4223/4223/4223 
f 4223/4223/4223 4224/4224/4224 4221/4221/4221 
f 4225/4225/4225 4226/4226/4226 4227/4227/4227 
f 4226/4226/4226 4225/4225/4225 4228/4228/4228 
f 4229/4229/4229 4230/4230/4230 4228/4228/4228 
f 4230/4230/4230 4229/4229/4229 4231/4231/4231 
f 4232/4232/4232 4233/4233/4233 4234/4234/4234 
f 4233/4233/4233 4232/4232/4232 4235/4235/4235 
f 4236/4236/4236 4237/4237/4237 4238/4238/4238 
f 4237/4237/4237 4236/4236/4236 4239/4239/4239 
f 4240/4240/4240 4241/4241/4241 4242/4242/4242 
f 4242/4242/4242 4241/4241/4241 4243/4243/4243 
f 4244/4244/4244 4245/4245/4245 4246/4246/4246 
f 4247/4247/4247 4248/4248/4248 4245/4245/4245 
f 4248/4248/4248 4247/4247/4247 4249/4249/4249 
f 4250/4250/4250 4251/4251/4251 4249/4249/4249 
f 4251/4251/4251 4250/4250/4250 4252/4252/4252 
f 4253/4253/4253 4254/4254/4254 4252/4252/4252 
f 4255/4255/4255 4254/4254/4254 4253/4253/4253 
f 4256/4256/4256 4257/4257/4257 4255/4255/4255 
f 4257/4257/4257 4256/4256/4256 4258/4258/4258 
f 4259/4259/4259 4260/4260/4260 4261/4261/4261 
f 4262/4262/4262 4263/4263/4263 4264/4264/4264 
f 4265/4265/4265 4262/4262/4262 4266/4266/4266 
f 4267/4267/4267 4268/4268/4268 4269/4269/4269 
f 4268/4268/4268 4267/4267/4267 4270/4270/4270 
f 4271/4271/4271 4272/4272/4272 4270/4270/4270 
f 4273/4273/4273 4274/4274/4274 4275/4275/4275 
f 4276/4276/4276 4277/4277/4277 4278/4278/4278 
f 4277/4277/4277 4276/4276/4276 4279/4279/4279 
f 4280/4280/4280 4281/4281/4281 4279/4279/4279 
f 4282/4282/4282 4283/4283/4283 4284/4284/4284 
f 4285/4285/4285 4286/4286/4286 4287/4287/4287 
f 4286/4286/4286 4285/4285/4285 4288/4288/4288 
f 4289/4289/4289 4290/4290/4290 4291/4291/4291 
f 4289/4289/4289 4291/4291/4291 4292/4292/4292 
f 4293/4293/4293 4294/4294/4294 4295/4295/4295 
f 4294/4294/4294 4293/4293/4293 4296/4296/4296 
f 4297/4297/4297 4298/4298/4298 4296/4296/4296 
f 4298/4298/4298 4297/4297/4297 4299/4299/4299 
f 4300/4300/4300 4301/4301/4301 4302/4302/4302 
f 4301/4301/4301 4300/4300/4300 4303/4303/4303 
f 4304/4304/4304 4305/4305/4305 4306/4306/4306 
f 4305/4305/4305 4304/4304/4304 4307/4307/4307 
f 4308/4308/4308 4306/4306/4306 4309/4309/4309 
f 4310/4310/4310 4311/4311/4311 4312/4312/4312 
f 4311/4311/4311 4310/4310/4310 4313/4313/4313 
f 4314/4314/4314 4315/4315/4315 4316/4316/4316 
f 4315/4315/4315 4314/4314/4314 4317/4317/4317 
f 4318/4318/4318 4316/4316/4316 4319/4319/4319 
f 4320/4320/4320 4321/4321/4321 4322/4322/4322 
f 4323/4323/4323 4324/4324/4324 4325/4325/4325 
f 4326/4326/4326 4327/4327/4327 4328/4328/4328 
f 4329/4329/4329 4330/4330/4330 4331/4331/4331 
f 4331/4331/4331 4330/4330/4330 4332/4332/4332 
f 4333/4333/4333 4334/4334/4334 4335/4335/4335 
f 4334/4334/4334 4336/4336/4336 4335/4335/4335 
f 4337/4337/4337 4338/4338/4338 4339/4339/4339 
f 4339/4339/4339 4340/4340/4340 4337/4337/4337 
f 4341/4341/4341 4342/4342/4342 4340/4340/4340 
f 4342/4342/4342 4341/4341/4341 4343/4343/4343 
f 4344/4344/4344 4345/4345/4345 4346/4346/4346 
f 4347/4347/4347 4348/4348/4348 4349/4349/4349 
f 4350/4350/4350 4351/4351/4351 4352/4352/4352 
f 4351/4351/4351 4353/4353/4353 4352/4352/4352 
f 4354/4354/4354 4355/4355/4355 4353/4353/4353 
f 4355/4355/4355 4354/4354/4354 4356/4356/4356 
f 4357/4357/4357 4358/4358/4358 4359/4359/4359 
f 4358/4358/4358 4360/4360/4360 4359/4359/4359 
f 4361/4361/4361 4362/4362/4362 4363/4363/4363 
f 4362/4362/4362 4361/4361/4361 4364/4364/4364 
f 4365/4365/4365 4366/4366/4366 4367/4367/4367 
f 4366/4366/4366 4365/4365/4365 4368/4368/4368 
f 4369/4369/4369 4370/4370/4370 4371/4371/4371 
f 4370/4370/4370 4372/4372/4372 4371/4371/4371 
f 4373/4373/4373 4374/4374/4374 4375/4375/4375 
f 4374/4374/4374 4373/4373/4373 4376/4376/4376 
f 4377/4377/4377 4378/4378/4378 4379/4379/4379 
f 4378/4378/4378 4377/4377/4377 4380/4380/4380 
f 4381/4381/4381 4382/4382/4382 4383/4383/4383 
f 4382/4382/4382 4381/4381/4381 4384/4384/4384 
f 4385/4385/4385 4386/4386/4386 4387/4387/4387 
f 4386/4386/4386 4385/4385/4385 4388/4388/4388 
f 4389/4389/4389 4390/4390/4390 4391/4391/4391 
f 4390/4390/4390 4389/4389/4389 4392/4392/4392 
f 4392/4392/4392 4393/4393/4393 4394/4394/4394 
f 4393/4393/4393 4395/4395/4395 4394/4394/4394 
f 4396/4396/4396 4397/4397/4397 4395/4395/4395 
f 4396/4396/4396 4398/4398/4398 4397/4397/4397 
f 4399/4399/4399 4400/4400/4400 4401/4401/4401 
f 4400/4400/4400 4399/4399/4399 4402/4402/4402 
f 4403/4403/4403 4404/4404/4404 4405/4405/4405 
f 4406/4406/4406 4407/4407/4407 4408/4408/4408 
f 4407/4407/4407 4409/4409/4409 4408/4408/4408 
f 4410/4410/4410 4411/4411/4411 4412/4412/4412 
f 4411/4411/4411 4410/4410/4410 4413/4413/4413 
f 4414/4414/4414 4415/4415/4415 4416/4416/4416 
f 4416/4416/4416 4415/4415/4415 4417/4417/4417 
f 4418/4418/4418 4419/4419/4419 4420/4420/4420 
f 4419/4419/4419 4418/4418/4418 4421/4421/4421 
f 4422/4422/4422 4423/4423/4423 4424/4424/4424 
f 4425/4425/4425 4426/4426/4426 4427/4427/4427 
f 4426/4426/4426 4425/4425/4425 4428/4428/4428 
f 4428/4428/4428 4429/4429/4429 4430/4430/4430 
f 4431/4431/4431 4432/4432/4432 4433/4433/4433 
f 4431/4431/4431 4433/4433/4433 4434/4434/4434 
f 4435/4435/4435 4436/4436/4436 4437/4437/4437 
f 4438/4438/4438 4439/4439/4439 4440/4440/4440 
f 4441/4441/4441 4442/4442/4442 4443/4443/4443 
f 4444/4444/4444 4445/4445/4445 4446/4446/4446 
f 4447/4447/4447 4448/4448/4448 4449/4449/4449 
f 4450/4450/4450 4449/4449/4449 4451/4451/4451 
f 4451/4451/4451 4452/4452/4452 4450/4450/4450 
f 4453/4453/4453 4454/4454/4454 4455/4455/4455 
f 4455/4455/4455 4454/4454/4454 4456/4456/4456 
f 4457/4457/4457 4458/4458/4458 4459/4459/4459 
f 4459/4459/4459 4460/4460/4460 4457/4457/4457 
f 4461/4461/4461 4462/4462/4462 4463/4463/4463 
f 4463/4463/4463 4464/4464/4464 4461/4461/4461 
f 4465/4465/4465 4466/4466/4466 4467/4467/4467 
f 4465/4465/4465 4467/4467/4467 4468/4468/4468 
f 4468/4468/4468 4469/4469/4469 4470/4470/4470 
f 4471/4471/4471 4472/4472/4472 4473/4473/4473 
f 4473/4473/4473 4474/4474/4474 4471/4471/4471 
f 4475/4475/4475 4476/4476/4476 4477/4477/4477 
f 4476/4476/4476 4475/4475/4475 4478/4478/4478 
f 4479/4479/4479 4480/4480/4480 4481/4481/4481 
f 4481/4481/4481 4482/4482/4482 4479/4479/4479 
f 4483/4483/4483 4484/4484/4484 4485/4485/4485 
f 4485/4485/4485 4486/4486/4486 4483/4483/4483 
f 4487/4487/4487 4488/4488/4488 4489/4489/4489 
f 4489/4489/4489 4488/4488/4488 4490/4490/4490 
f 4491/4491/4491 4492/4492/4492 4493/4493/4493 
f 4492/4492/4492 4491/4491/4491 4494/4494/4494 
f 4495/4495/4495 4496/4496/4496 4497/4497/4497 
f 4495/4495/4495 4497/4497/4497 4498/4498/4498 
f 4499/4499/4499 4500/4500/4500 4501/4501/4501 
f 4501/4501/4501 4502/4502/4502 4499/4499/4499 
f 4503/4503/4503 4504/4504/4504 4505/4505/4505 
f 4504/4504/4504 4503/4503/4503 4506/4506/4506 
f 4507/4507/4507 4506/4506/4506 4508/4508/4508 
f 4509/4509/4509 4510/4510/4510 4511/4511/4511 
f 4510/4510/4510 4512/4512/4512 4511/4511/4511 
f 4513/4513/4513 4514/4514/4514 4515/4515/4515 
f 4514/4514/4514 4513/4513/4513 4516/4516/4516 
f 4517/4517/4517 4518/4518/4518 4519/4519/4519 
f 4518/4518/4518 4517/4517/4517 4520/4520/4520 
f 4521/4521/4521 4522/4522/4522 4520/4520/4520 
f 4523/4523/4523 4524/4524/4524 4525/4525/4525 
f 4524/4524/4524 4523/4523/4523 4526/4526/4526 
f 4527/4527/4527 4528/4528/4528 4525/4525/4525 
f 4528/4528/4528 4527/4527/4527 4529/4529/4529 
f 4530/4530/4530 4531/4531/4531 4532/4532/4532 
f 4530/4530/4530 4533/4533/4533 4534/4534/4534 
f 4535/4535/4535 4534/4534/4534 4533/4533/4533 
f 4536/4536/4536 4537/4537/4537 4538/4538/4538 
f 4539/4539/4539 4540/4540/4540 4541/4541/4541 
f 4541/4541/4541 4540/4540/4540 4542/4542/4542 
f 4543/4543/4543 4544/4544/4544 4545/4545/4545 
f 4544/4544/4544 4543/4543/4543 4546/4546/4546 
f 4547/4547/4547 4548/4548/4548 4549/4549/4549 
f 4548/4548/4548 4547/4547/4547 4550/4550/4550 
f 4551/4551/4551 4552/4552/4552 4553/4553/4553 
f 4551/4551/4551 4553/4553/4553 4554/4554/4554 
f 4555/4555/4555 4556/4556/4556 4557/4557/4557 
f 4556/4556/4556 4555/4555/4555 4558/4558/4558 
f 4558/4558/4558 4559/4559/4559 4560/4560/4560 
f 4560/4560/4560 4559/4559/4559 4561/4561/4561 
f 4562/4562/4562 4563/4563/4563 4564/4564/4564 
f 4565/4565/4565 4566/4566/4566 4567/4567/4567 
f 4565/4565/4565 4567/4567/4567 4568/4568/4568 
f 4569/4569/4569 4570/4570/4570 4571/4571/4571 
f 4570/4570/4570 4569/4569/4569 4572/4572/4572 
f 4573/4573/4573 4574/4574/4574 4575/4575/4575 
f 4576/4576/4576 4577/4577/4577 4578/4578/4578 
f 4577/4577/4577 4576/4576/4576 4579/4579/4579 
f 4580/4580/4580 4581/4581/4581 4582/4582/4582 
f 4583/4583/4583 4584/4584/4584 4585/4585/4585 
f 4584/4584/4584 4583/4583/4583 4586/4586/4586 
f 4587/4587/4587 4588/4588/4588 4589/4589/4589 
f 4590/4590/4590 4591/4591/4591 4589/4589/4589 
f 4591/4591/4591 4590/4590/4590 4592/4592/4592 
f 4593/4593/4593 4594/4594/4594 4592/4592/4592 
f 4594/4594/4594 4593/4593/4593 4595/4595/4595 
f 4596/4596/4596 4597/4597/4597 4598/4598/4598 
f 4597/4597/4597 4596/4596/4596 4599/4599/4599 
f 4600/4600/4600 4601/4601/4601 4602/4602/4602 
f 4602/4602/4602 4603/4603/4603 4600/4600/4600 
f 4604/4604/4604 4605/4605/4605 4606/4606/4606 
f 4605/4605/4605 4604/4604/4604 4607/4607/4607 
f 4606/4606/4606 4608/4608/4608 4609/4609/4609 
f 4610/4610/4610 4611/4611/4611 4612/4612/4612 
f 4612/4612/4612 4611/4611/4611 4613/4613/4613 
f 4614/4614/4614 4615/4615/4615 4616/4616/4616 
f 4617/4617/4617 4618/4618/4618 4619/4619/4619 
f 4620/4620/4620 4621/4621/4621 4622/4622/4622 
f 4621/4621/4621 4620/4620/4620 4623/4623/4623 
f 4624/4624/4624 4625/4625/4625 4626/4626/4626 
f 4627/4627/4627 4628/4628/4628 4629/4629/4629 
f 4630/4630/4630 4631/4631/4631 4632/4632/4632 
f 4631/4631/4631 4633/4633/4633 4632/4632/4632 
f 4634/4634/4634 4635/4635/4635 4636/4636/4636 
f 4636/4636/4636 4637/4637/4637 4634/4634/4634 
f 4638/4638/4638 4639/4639/4639 4640/4640/4640 
f 4639/4639/4639 4638/4638/4638 4641/4641/4641 
f 4642/4642/4642 4643/4643/4643 4644/4644/4644 
f 4645/4645/4645 4646/4646/4646 4647/4647/4647 
f 4648/4648/4648 4649/4649/4649 4646/4646/4646 
f 4650/4650/4650 4651/4651/4651 4652/4652/4652 
f 4651/4651/4651 4650/4650/4650 4653/4653/4653 
f 4654/4654/4654 4655/4655/4655 4656/4656/4656 
f 4657/4657/4657 4658/4658/4658 4659/4659/4659 
f 4658/4658/4658 4660/4660/4660 4659/4659/4659 
f 4661/4661/4661 4662/4662/4662 4663/4663/4663 
f 4662/4662/4662 4664/4664/4664 4663/4663/4663 
f 4665/4665/4665 4666/4666/4666 4667/4667/4667 
f 4668/4668/4668 4666/4666/4666 4665/4665/4665 
f 4669/4669/4669 4670/4670/4670 4671/4671/4671 
f 4670/4670/4670 4669/4669/4669 4672/4672/4672 
f 4673/4673/4673 4674/4674/4674 4675/4675/4675 
f 4674/4674/4674 4673/4673/4673 4676/4676/4676 
f 4677/4677/4677 4678/4678/4678 4679/4679/4679 
f 4678/4678/4678 4677/4677/4677 4680/4680/4680 
f 4681/4681/4681 4682/4682/4682 4680/4680/4680 
f 4682/4682/4682 4681/4681/4681 4683/4683/4683 
f 4684/4684/4684 4685/4685/4685 4686/4686/4686 
f 4686/4686/4686 4685/4685/4685 4687/4687/4687 
f 4688/4688/4688 4689/4689/4689 4690/4690/4690 
f 4691/4691/4691 4692/4692/4692 4689/4689/4689 
f 4692/4692/4692 4691/4691/4691 4693/4693/4693 
f 4694/4694/4694 4693/4693/4693 4695/4695/4695 
f 4695/4695/4695 4696/4696/4696 4694/4694/4694 
f 4697/4697/4697 4698/4698/4698 4696/4696/4696 
f 4698/4698/4698 4697/4697/4697 4699/4699/4699 
f 4700/4700/4700 4701/4701/4701 4702/4702/4702 
f 4701/4701/4701 4703/4703/4703 4702/4702/4702 
f 4704/4704/4704 4705/4705/4705 4700/4700/4700 
f 4705/4705/4705 4704/4704/4704 4706/4706/4706 
f 4707/4707/4707 4708/4708/4708 4709/4709/4709 
f 4710/4710/4710 4711/4711/4711 4712/4712/4712 
f 4710/4710/4710 4712/4712/4712 4713/4713/4713 
f 4714/4714/4714 4715/4715/4715 4716/4716/4716 
f 4715/4715/4715 4714/4714/4714 4717/4717/4717 
f 4718/4718/4718 4719/4719/4719 4720/4720/4720 
f 4721/4721/4721 4722/4722/4722 4723/4723/4723 
f 4724/4724/4724 4725/4725/4725 4726/4726/4726 
f 4725/4725/4725 4724/4724/4724 4727/4727/4727 
f 4728/4728/4728 4729/4729/4729 4730/4730/4730 
f 4729/4729/4729 4728/4728/4728 4731/4731/4731 
f 4732/4732/4732 4733/4733/4733 4734/4734/4734 
f 4733/4733/4733 4732/4732/4732 4735/4735/4735 
f 4736/4736/4736 4737/4737/4737 4738/4738/4738 
f 4737/4737/4737 4736/4736/4736 4739/4739/4739 
f 4740/4740/4740 4741/4741/4741 4742/4742/4742 
f 4741/4741/4741 4740/4740/4740 4743/4743/4743 
f 4744/4744/4744 4745/4745/4745 4746/4746/4746 
f 4747/4747/4747 4746/4746/4746 4745/4745/4745 
f 4748/4748/4748 4749/4749/4749 4750/4750/4750 
f 4748/4748/4748 4751/4751/4751 4752/4752/4752 
f 4751/4751/4751 4753/4753/4753 4752/4752/4752 
f 4754/4754/4754 4755/4755/4755 4756/4756/4756 
f 4756/4756/4756 4755/4755/4755 4757/4757/4757 
f 4758/4758/4758 4759/4759/4759 4760/4760/4760 
f 4761/4761/4761 4762/4762/4762 4759/4759/4759 
f 4762/4762/4762 4761/4761/4761 4763/4763/4763 
f 4764/4764/4764 4765/4765/4765 4766/4766/4766 
f 4765/4765/4765 4767/4767/4767 4766/4766/4766 
f 4768/4768/4768 4769/4769/4769 4770/4770/4770 
f 4770/4770/4770 4771/4771/4771 4768/4768/4768 
f 4768/4768/4768 4771/4771/4771 4772/4772/4772 
f 4769/4769/4769 4773/4773/4773 4774/4774/4774 
f 4775/4775/4775 4776/4776/4776 4777/4777/4777 
f 4778/4778/4778 4779/4779/4779 4780/4780/4780 
f 4781/4781/4781 4782/4782/4782 4783/4783/4783 
f 4782/4782/4782 4784/4784/4784 4783/4783/4783 
f 4785/4785/4785 4786/4786/4786 4787/4787/4787 
f 4788/4788/4788 4789/4789/4789 4787/4787/4787 
f 4789/4789/4789 4788/4788/4788 4790/4790/4790 
f 4791/4791/4791 4792/4792/4792 4793/4793/4793 
f 4792/4792/4792 4791/4791/4791 4794/4794/4794 
f 4795/4795/4795 4796/4796/4796 4797/4797/4797 
f 4796/4796/4796 4795/4795/4795 4798/4798/4798 
f 4799/4799/4799 4800/4800/4800 4801/4801/4801 
f 4802/4802/4802 4803/4803/4803 4804/4804/4804 
f 4803/4803/4803 4805/4805/4805 4804/4804/4804 
f 4806/4806/4806 4807/4807/4807 4808/4808/4808 
f 4806/4806/4806 4809/4809/4809 4807/4807/4807 
f 4810/4810/4810 4811/4811/4811 4812/4812/4812 
f 4811/4811/4811 4810/4810/4810 4813/4813/4813 
f 4814/4814/4814 4815/4815/4815 4816/4816/4816 
f 4816/4816/4816 4815/4815/4815 4817/4817/4817 
f 4818/4818/4818 4819/4819/4819 4820/4820/4820 
f 4819/4819/4819 4818/4818/4818 4821/4821/4821 
f 4822/4822/4822 4823/4823/4823 4824/4824/4824 
f 4823/4823/4823 4822/4822/4822 4825/4825/4825 
f 4826/4826/4826 4827/4827/4827 4828/4828/4828 
f 4827/4827/4827 4826/4826/4826 4829/4829/4829 
f 4830/4830/4830 4831/4831/4831 4832/4832/4832 
f 4831/4831/4831 4830/4830/4830 4833/4833/4833 
f 4834/4834/4834 4835/4835/4835 4836/4836/4836 
f 4836/4836/4836 4837/4837/4837 4834/4834/4834 
f 4838/4838/4838 4839/4839/4839 4840/4840/4840 
f 4841/4841/4841 4840/4840/4840 4839/4839/4839 
f 4842/4842/4842 4843/4843/4843 4844/4844/4844 
f 4845/4845/4845 4844/4844/4844 4843/4843/4843 
f 4846/4846/4846 4847/4847/4847 4848/4848/4848 
f 4848/4848/4848 4847/4847/4847 4849/4849/4849 
f 4850/4850/4850 4851/4851/4851 4852/4852/4852 
f 4851/4851/4851 4850/4850/4850 4853/4853/4853 
f 4853/4853/4853 4854/4854/4854 4855/4855/4855 
f 4854/4854/4854 4856/4856/4856 4855/4855/4855 
f 4857/4857/4857 4858/4858/4858 4859/4859/4859 
f 4860/4860/4860 4861/4861/4861 4862/4862/4862 
f 4861/4861/4861 4860/4860/4860 4863/4863/4863 
f 4864/4864/4864 4865/4865/4865 4866/4866/4866 
f 4867/4867/4867 4868/4868/4868 4869/4869/4869 
f 4868/4868/4868 4867/4867/4867 4870/4870/4870 
f 4871/4871/4871 4872/4872/4872 4873/4873/4873 
f 4871/4871/4871 4873/4873/4873 4874/4874/4874 
f 4875/4875/4875 4876/4876/4876 4877/4877/4877 
f 4877/4877/4877 4878/4878/4878 4875/4875/4875 
f 4879/4879/4879 4880/4880/4880 4881/4881/4881 
f 4882/4882/4882 4881/4881/4881 4883/4883/4883 
f 4884/4884/4884 4885/4885/4885 4886/4886/4886 
f 4887/4887/4887 4888/4888/4888 4889/4889/4889 
f 4890/4890/4890 4891/4891/4891 4892/4892/4892 
f 4891/4891/4891 4890/4890/4890 4893/4893/4893 
f 4894/4894/4894 4895/4895/4895 4896/4896/4896 
f 4895/4895/4895 4894/4894/4894 4897/4897/4897 
f 4898/4898/4898 4899/4899/4899 4900/4900/4900 
f 4899/4899/4899 4898/4898/4898 4901/4901/4901 
f 4902/4902/4902 4903/4903/4903 4904/4904/4904 
f 4903/4903/4903 4902/4902/4902 4905/4905/4905 
f 4906/4906/4906 4907/4907/4907 4904/4904/4904 
f 4906/4906/4906 4908/4908/4908 4907/4907/4907 
f 4909/4909/4909 4910/4910/4910 4905/4905/4905 
f 4910/4910/4910 4909/4909/4909 4911/4911/4911 
f 4912/4912/4912 4913/4913/4913 4914/4914/4914 
f 4915/4915/4915 4916/4916/4916 4917/4917/4917 
f 4916/4916/4916 4918/4918/4918 4917/4917/4917 
f 4919/4919/4919 4920/4920/4920 4921/4921/4921 
f 4920/4920/4920 4919/4919/4919 4922/4922/4922 
f 4923/4923/4923 4924/4924/4924 4925/4925/4925 
f 4923/4923/4923 4925/4925/4925 4926/4926/4926 
f 4927/4927/4927 4928/4928/4928 4929/4929/4929 
f 4928/4928/4928 4930/4930/4930 4929/4929/4929 
f 4931/4931/4931 4932/4932/4932 4930/4930/4930 
f 4932/4932/4932 4931/4931/4931 4933/4933/4933 
f 4934/4934/4934 4935/4935/4935 4936/4936/4936 
f 4935/4935/4935 4934/4934/4934 4937/4937/4937 
f 4938/4938/4938 4939/4939/4939 4940/4940/4940 
f 4939/4939/4939 4938/4938/4938 4941/4941/4941 
f 4942/4942/4942 4943/4943/4943 4944/4944/4944 
f 4943/4943/4943 4942/4942/4942 4945/4945/4945 
f 4946/4946/4946 4947/4947/4947 4948/4948/4948 
f 4947/4947/4947 4946/4946/4946 4949/4949/4949 
f 4950/4950/4950 4951/4951/4951 4952/4952/4952 
f 4952/4952/4952 4951/4951/4951 4953/4953/4953 
f 4954/4954/4954 4955/4955/4955 4956/4956/4956 
f 4955/4955/4955 4954/4954/4954 4957/4957/4957 
f 4958/4958/4958 4959/4959/4959 4960/4960/4960 
f 4958/4958/4958 4960/4960/4960 4961/4961/4961 
f 4962/4962/4962 4963/4963/4963 4964/4964/4964 
f 4963/4963/4963 4962/4962/4962 4965/4965/4965 
f 4966/4966/4966 4967/4967/4967 4968/4968/4968 
f 4969/4969/4969 4968/4968/4968 4967/4967/4967 
f 4970/4970/4970 4971/4971/4971 4972/4972/4972 
f 4972/4972/4972 4971/4971/4971 4973/4973/4973 
f 4974/4974/4974 4975/4975/4975 4976/4976/4976 
f 4975/4975/4975 4977/4977/4977 4976/4976/4976 
f 4978/4978/4978 4979/4979/4979 4980/4980/4980 
f 4978/4978/4978 4980/4980/4980 4981/4981/4981 
f 4982/4982/4982 4983/4983/4983 4984/4984/4984 
f 4985/4985/4985 4986/4986/4986 4987/4987/4987 
f 4986/4986/4986 4985/4985/4985 4988/4988/4988 
f 4989/4989/4989 4990/4990/4990 4988/4988/4988 
f 4990/4990/4990 4989/4989/4989 4991/4991/4991 
f 4992/4992/4992 4993/4993/4993 4994/4994/4994 
f 4995/4995/4995 4996/4996/4996 4997/4997/4997 
f 4996/4996/4996 4995/4995/4995 4998/4998/4998 
f 4999/4999/4999 4997/4997/4997 5000/5000/5000 
f 5001/5001/5001 5002/5002/5002 5003/5003/5003 
f 5003/5003/5003 5002/5002/5002 5004/5004/5004 
f 5005/5005/5005 5006/5006/5006 5007/5007/5007 
f 5008/5008/5008 5009/5009/5009 5007/5007/5007 
f 5009/5009/5009 5008/5008/5008 5010/5010/5010 
f 5011/5011/5011 5012/5012/5012 5013/5013/5013 
f 5012/5012/5012 5014/5014/5014 5013/5013/5013 
f 5015/5015/5015 5016/5016/5016 5017/5017/5017 
f 5016/5016/5016 5015/5015/5015 5018/5018/5018 
f 5019/5019/5019 5020/5020/5020 5021/5021/5021 
f 5022/5022/5022 5023/5023/5023 5024/5024/5024 
f 5024/5024/5024 5025/5025/5025 5022/5022/5022 
f 5026/5026/5026 5027/5027/5027 5028/5028/5028 
f 5029/5029/5029 5030/5030/5030 5031/5031/5031 
f 5030/5030/5030 5029/5029/5029 5032/5032/5032 
f 5033/5033/5033 5034/5034/5034 5031/5031/5031 
f 5035/5035/5035 5036/5036/5036 5037/5037/5037 
f 5036/5036/5036 5038/5038/5038 5037/5037/5037 
f 5039/5039/5039 5040/5040/5040 5041/5041/5041 
f 5042/5042/5042 5043/5043/5043 5044/5044/5044 
f 5044/5044/5044 5043/5043/5043 5045/5045/5045 
f 5046/5046/5046 5047/5047/5047 5048/5048/5048 
f 5047/5047/5047 5046/5046/5046 5049/5049/5049 
f 5050/5050/5050 5051/5051/5051 5052/5052/5052 
f 5053/5053/5053 5054/5054/5054 5055/5055/5055 
f 5056/5056/5056 5055/5055/5055 5054/5054/5054 
f 5057/5057/5057 5058/5058/5058 5059/5059/5059 
f 5057/5057/5057 5059/5059/5059 5060/5060/5060 
f 5061/5061/5061 5062/5062/5062 5063/5063/5063 
f 5061/5061/5061 5063/5063/5063 5064/5064/5064 
f 5065/5065/5065 5066/5066/5066 5067/5067/5067 
f 5067/5067/5067 5066/5066/5066 5068/5068/5068 
f 5069/5069/5069 5070/5070/5070 5071/5071/5071 
f 5070/5070/5070 5069/5069/5069 5072/5072/5072 
f 5073/5073/5073 5074/5074/5074 5075/5075/5075 
f 5074/5074/5074 5073/5073/5073 5076/5076/5076 
f 5077/5077/5077 5078/5078/5078 5079/5079/5079 
f 5080/5080/5080 5081/5081/5081 5082/5082/5082 
f 5081/5081/5081 5080/5080/5080 5083/5083/5083 
f 5084/5084/5084 5085/5085/5085 5086/5086/5086 
f 5085/5085/5085 5084/5084/5084 5087/5087/5087 
f 5088/5088/5088 5089/5089/5089 5085/5085/5085 
f 5089/5089/5089 5088/5088/5088 5090/5090/5090 
f 5091/5091/5091 5092/5092/5092 5090/5090/5090 
f 5092/5092/5092 5091/5091/5091 5093/5093/5093 
f 5094/5094/5094 5095/5095/5095 5096/5096/5096 
f 5094/5094/5094 5096/5096/5096 5097/5097/5097 
f 5098/5098/5098 5099/5099/5099 5100/5100/5100 
f 5099/5099/5099 5101/5101/5101 5100/5100/5100 
f 5102/5102/5102 5103/5103/5103 5104/5104/5104 
f 5105/5105/5105 5104/5104/5104 5103/5103/5103 
f 5106/5106/5106 5107/5107/5107 5108/5108/5108 
f 5107/5107/5107 5106/5106/5106 5109/5109/5109 
f 5110/5110/5110 5111/5111/5111 5112/5112/5112 
f 5110/5110/5110 5112/5112/5112 5113/5113/5113 
f 5114/5114/5114 5115/5115/5115 5116/5116/5116 
f 5117/5117/5117 5118/5118/5118 5119/5119/5119 
f 5120/5120/5120 5121/5121/5121 5118/5118/5118 
f 5121/5121/5121 5120/5120/5120 5122/5122/5122 
f 5123/5123/5123 5124/5124/5124 5125/5125/5125 
f 5124/5124/5124 5123/5123/5123 5126/5126/5126 
f 5127/5127/5127 5128/5128/5128 5129/5129/5129 
f 5128/5128/5128 5127/5127/5127 5130/5130/5130 
f 5131/5131/5131 5132/5132/5132 5133/5133/5133 
f 5132/5132/5132 5131/5131/5131 5134/5134/5134 
f 5135/5135/5135 5136/5136/5136 5133/5133/5133 
f 5136/5136/5136 5135/5135/5135 5137/5137/5137 
f 5138/5138/5138 5139/5139/5139 5140/5140/5140 
f 5139/5139/5139 5138/5138/5138 5141/5141/5141 
f 5142/5142/5142 5143/5143/5143 5140/5140/5140 
f 5144/5144/5144 5145/5145/5145 5146/5146/5146 
f 5145/5145/5145 5144/5144/5144 5147/5147/5147 
f 5148/5148/5148 5149/5149/5149 5150/5150/5150 
f 5149/5149/5149 5148/5148/5148 5151/5151/5151 
f 5152/5152/5152 5153/5153/5153 5154/5154/5154 
f 5155/5155/5155 5156/5156/5156 5157/5157/5157 
f 5158/5158/5158 5159/5159/5159 5160/5160/5160 
f 5159/5159/5159 5161/5161/5161 5160/5160/5160 
f 5162/5162/5162 5163/5163/5163 5164/5164/5164 
f 5165/5165/5165 5166/5166/5166 5167/5167/5167 
f 5168/5168/5168 5169/5169/5169 5170/5170/5170 
f 5169/5169/5169 5168/5168/5168 5171/5171/5171 
f 5172/5172/5172 5173/5173/5173 5170/5170/5170 
f 5174/5174/5174 5173/5173/5173 5172/5172/5172 
f 5175/5175/5175 5176/5176/5176 5177/5177/5177 
f 5177/5177/5177 5178/5178/5178 5175/5175/5175 
f 5179/5179/5179 5180/5180/5180 5181/5181/5181 
f 5182/5182/5182 5183/5183/5183 5180/5180/5180 
f 5183/5183/5183 5182/5182/5182 5184/5184/5184 
f 5185/5185/5185 5186/5186/5186 5187/5187/5187 
f 5185/5185/5185 5187/5187/5187 5188/5188/5188 
f 5189/5189/5189 5190/5190/5190 5191/5191/5191 
f 5190/5190/5190 5189/5189/5189 5192/5192/5192 
f 5193/5193/5193 5194/5194/5194 5195/5195/5195 
f 5196/5196/5196 5197/5197/5197 5198/5198/5198 
f 5198/5198/5198 5197/5197/5197 5199/5199/5199 
f 5200/5200/5200 5201/5201/5201 5202/5202/5202 
f 5203/5203/5203 5202/5202/5202 5201/5201/5201 
f 5204/5204/5204 5205/5205/5205 5206/5206/5206 
f 5204/5204/5204 5206/5206/5206 5207/5207/5207 
f 5208/5208/5208 5209/5209/5209 5210/5210/5210 
f 5211/5211/5211 5212/5212/5212 5213/5213/5213 
f 5212/5212/5212 5211/5211/5211 5214/5214/5214 
f 5215/5215/5215 5216/5216/5216 5213/5213/5213 
f 5216/5216/5216 5215/5215/5215 5217/5217/5217 
f 5218/5218/5218 5219/5219/5219 5220/5220/5220 
f 5219/5219/5219 5218/5218/5218 5221/5221/5221 
f 5222/5222/5222 5223/5223/5223 5224/5224/5224 
f 5225/5225/5225 5226/5226/5226 5227/5227/5227 
f 5225/5225/5225 5227/5227/5227 5228/5228/5228 
f 5229/5229/5229 5230/5230/5230 5228/5228/5228 
f 5230/5230/5230 5229/5229/5229 5231/5231/5231 
f 5231/5231/5231 5232/5232/5232 5233/5233/5233 
f 5232/5232/5232 5234/5234/5234 5233/5233/5233 
f 5235/5235/5235 5236/5236/5236 5237/5237/5237 
f 5237/5237/5237 5236/5236/5236 5238/5238/5238 
f 5239/5239/5239 5240/5240/5240 5235/5235/5235 
f 5241/5241/5241 5242/5242/5242 5243/5243/5243 
f 5242/5242/5242 5241/5241/5241 5244/5244/5244 
f 5245/5245/5245 5246/5246/5246 5247/5247/5247 
f 5248/5248/5248 5249/5249/5249 5250/5250/5250 
f 5251/5251/5251 5250/5250/5250 5249/5249/5249 
f 5252/5252/5252 5253/5253/5253 5254/5254/5254 
f 5253/5253/5253 5252/5252/5252 5255/5255/5255 
f 5256/5256/5256 5257/5257/5257 5258/5258/5258 
f 5258/5258/5258 5259/5259/5259 5256/5256/5256 
f 5260/5260/5260 5261/5261/5261 5262/5262/5262 
f 5261/5261/5261 5260/5260/5260 5263/5263/5263 
f 5264/5264/5264 5265/5265/5265 5266/5266/5266 
f 5265/5265/5265 5264/5264/5264 5267/5267/5267 
f 5268/5268/5268 5269/5269/5269 5270/5270/5270 
f 5270/5270/5270 5271/5271/5271 5268/5268/5268 
f 5272/5272/5272 5273/5273/5273 5274/5274/5274 
f 5273/5273/5273 5272/5272/5272 5275/5275/5275 
f 5276/5276/5276 5275/5275/5275 5277/5277/5277 
f 5278/5278/5278 5279/5279/5279 5280/5280/5280 
f 5279/5279/5279 5278/5278/5278 5281/5281/5281 
f 5282/5282/5282 5283/5283/5283 5284/5284/5284 
f 5283/5283/5283 5282/5282/5282 5285/5285/5285 
f 5286/5286/5286 5287/5287/5287 5288/5288/5288 
f 5287/5287/5287 5289/5289/5289 5288/5288/5288 
f 5290/5290/5290 5291/5291/5291 5292/5292/5292 
f 5291/5291/5291 5290/5290/5290 5293/5293/5293 
f 5294/5294/5294 5295/5295/5295 5296/5296/5296 
f 5295/5295/5295 5297/5297/5297 5296/5296/5296 
f 5298/5298/5298 5299/5299/5299 5297/5297/5297 
f 5299/5299/5299 5298/5298/5298 5300/5300/5300 
f 5300/5300/5300 5301/5301/5301 5302/5302/5302 
f 5301/5301/5301 5303/5303/5303 5302/5302/5302 
f 5304/5304/5304 5305/5305/5305 5306/5306/5306 
f 5306/5306/5306 5305/5305/5305 5307/5307/5307 
f 5308/5308/5308 5309/5309/5309 5310/5310/5310 
f 5311/5311/5311 5312/5312/5312 5313/5313/5313 
f 5312/5312/5312 5311/5311/5311 5314/5314/5314 
f 5315/5315/5315 5316/5316/5316 5317/5317/5317 
f 5318/5318/5318 5315/5315/5315 5319/5319/5319 
f 5320/5320/5320 5318/5318/5318 5319/5319/5319 
f 5321/5321/5321 5322/5322/5322 5320/5320/5320 
f 5322/5322/5322 5321/5321/5321 5323/5323/5323 
f 5324/5324/5324 5325/5325/5325 5323/5323/5323 
f 5325/5325/5325 5324/5324/5324 5326/5326/5326 
f 5327/5327/5327 5328/5328/5328 5329/5329/5329 
f 5328/5328/5328 5327/5327/5327 5330/5330/5330 
f 5331/5331/5331 5332/5332/5332 5333/5333/5333 
f 5332/5332/5332 5334/5334/5334 5333/5333/5333 
f 5335/5335/5335 5336/5336/5336 5334/5334/5334 
f 5336/5336/5336 5335/5335/5335 5337/5337/5337 
f 5338/5338/5338 5339/5339/5339 5340/5340/5340 
f 5341/5341/5341 5342/5342/5342 5343/5343/5343 
f 5342/5342/5342 5341/5341/5341 5344/5344/5344 
f 5345/5345/5345 5346/5346/5346 5347/5347/5347 
f 5346/5346/5346 5345/5345/5345 5348/5348/5348 
f 5348/5348/5348 5349/5349/5349 5350/5350/5350 
f 5350/5350/5350 5349/5349/5349 5351/5351/5351 
f 5352/5352/5352 5353/5353/5353 5354/5354/5354 
f 5355/5355/5355 5356/5356/5356 5357/5357/5357 
f 5356/5356/5356 5355/5355/5355 5358/5358/5358 
f 5359/5359/5359 5360/5360/5360 5361/5361/5361 
f 5360/5360/5360 5359/5359/5359 5362/5362/5362 
f 5363/5363/5363 5364/5364/5364 5365/5365/5365 
f 5364/5364/5364 5363/5363/5363 5366/5366/5366 
f 5367/5367/5367 5368/5368/5368 5369/5369/5369 
f 5370/5370/5370 5371/5371/5371 5372/5372/5372 
f 5371/5371/5371 5370/5370/5370 5373/5373/5373 
f 5374/5374/5374 5375/5375/5375 5376/5376/5376 
f 5375/5375/5375 5374/5374/5374 5377/5377/5377 
f 5378/5378/5378 5379/5379/5379 5380/5380/5380 
f 5380/5380/5380 5381/5381/5381 5378/5378/5378 
f 5382/5382/5382 5383/5383/5383 5384/5384/5384 
f 5383/5383/5383 5382/5382/5382 5385/5385/5385 
f 5386/5386/5386 5387/5387/5387 5388/5388/5388 
f 5389/5389/5389 5388/5388/5388 5387/5387/5387 
f 5390/5390/5390 5391/5391/5391 5389/5389/5389 
f 5391/5391/5391 5390/5390/5390 5392/5392/5392 
f 5393/5393/5393 5394/5394/5394 5395/5395/5395 
f 5393/5393/5393 5395/5395/5395 5396/5396/5396 
f 5397/5397/5397 5398/5398/5398 5399/5399/5399 
f 5400/5400/5400 5399/5399/5399 5398/5398/5398 
f 5401/5401/5401 5402/5402/5402 5403/5403/5403 
f 5404/5404/5404 5405/5405/5405 5403/5403/5403 
f 5405/5405/5405 5404/5404/5404 5406/5406/5406 
f 5407/5407/5407 5408/5408/5408 5409/5409/5409 
f 5409/5409/5409 5410/5410/5410 5407/5407/5407 
f 5411/5411/5411 5412/5412/5412 5413/5413/5413 
f 5412/5412/5412 5411/5411/5411 5414/5414/5414 
f 5415/5415/5415 5416/5416/5416 5417/5417/5417 
f 5416/5416/5416 5415/5415/5415 5418/5418/5418 
f 5419/5419/5419 5420/5420/5420 5421/5421/5421 
f 5420/5420/5420 5419/5419/5419 5422/5422/5422 
f 5423/5423/5423 5424/5424/5424 5425/5425/5425 
f 5424/5424/5424 5426/5426/5426 5425/5425/5425 
f 5427/5427/5427 5428/5428/5428 5426/5426/5426 
f 5428/5428/5428 5427/5427/5427 5429/5429/5429 
f 5430/5430/5430 5431/5431/5431 5432/5432/5432 
f 5432/5432/5432 5431/5431/5431 5433/5433/5433 
f 5434/5434/5434 5435/5435/5435 5436/5436/5436 
f 5437/5437/5437 5438/5438/5438 5439/5439/5439 
f 5438/5438/5438 5437/5437/5437 5440/5440/5440 
f 5441/5441/5441 5442/5442/5442 5443/5443/5443 
f 5443/5443/5443 5442/5442/5442 5444/5444/5444 
f 5445/5445/5445 5446/5446/5446 5447/5447/5447 
f 5446/5446/5446 5445/5445/5445 5448/5448/5448 
f 5449/5449/5449 5450/5450/5450 5451/5451/5451 
f 5451/5451/5451 5450/5450/5450 5452/5452/5452 
f 5453/5453/5453 5454/5454/5454 5455/5455/5455 
f 5454/5454/5454 5456/5456/5456 5455/5455/5455 
f 5457/5457/5457 5458/5458/5458 5459/5459/5459 
f 5458/5458/5458 5460/5460/5460 5461/5461/5461 
f 5462/5462/5462 5461/5461/5461 5460/5460/5460 
f 5463/5463/5463 5464/5464/5464 5465/5465/5465 
f 5466/5466/5466 5467/5467/5467 5468/5468/5468 
f 5468/5468/5468 5469/5469/5469 5466/5466/5466 
f 5470/5470/5470 5471/5471/5471 5472/5472/5472 
f 5471/5471/5471 5470/5470/5470 5473/5473/5473 
f 5474/5474/5474 5475/5475/5475 5476/5476/5476 
f 5475/5475/5475 5474/5474/5474 5477/5477/5477 
f 5478/5478/5478 5479/5479/5479 5480/5480/5480 
f 5479/5479/5479 5478/5478/5478 5481/5481/5481 
f 5482/5482/5482 5483/5483/5483 5484/5484/5484 
f 5483/5483/5483 5482/5482/5482 5485/5485/5485 
f 5484/5484/5484 5486/5486/5486 5487/5487/5487 
f 5488/5488/5488 5489/5489/5489 5490/5490/5490 
f 5489/5489/5489 5488/5488/5488 5491/5491/5491 
f 5492/5492/5492 5493/5493/5493 5490/5490/5490 
f 5493/5493/5493 5492/5492/5492 5494/5494/5494 
f 5495/5495/5495 5496/5496/5496 5497/5497/5497 
f 5496/5496/5496 5495/5495/5495 5498/5498/5498 
f 5499/5499/5499 5500/5500/5500 5501/5501/5501 
f 5499/5499/5499 5501/5501/5501 5502/5502/5502 
f 5503/5503/5503 5504/5504/5504 5505/5505/5505 
f 5506/5506/5506 5507/5507/5507 5508/5508/5508 
f 5507/5507/5507 5509/5509/5509 5508/5508/5508 
f 5510/5510/5510 5511/5511/5511 5512/5512/5512 
f 5513/5513/5513 5512/5512/5512 5511/5511/5511 
f 5514/5514/5514 5515/5515/5515 5516/5516/5516 
f 5515/5515/5515 5514/5514/5514 5517/5517/5517 
f 5518/5518/5518 5519/5519/5519 5520/5520/5520 
f 5519/5519/5519 5518/5518/5518 5521/5521/5521 
f 5522/5522/5522 5523/5523/5523 5521/5521/5521 
f 5523/5523/5523 5522/5522/5522 5524/5524/5524 
f 5525/5525/5525 5526/5526/5526 5527/5527/5527 
f 5526/5526/5526 5525/5525/5525 5528/5528/5528 
f 5529/5529/5529 5530/5530/5530 5531/5531/5531 
f 5532/5532/5532 5533/5533/5533 5534/5534/5534 
f 5533/5533/5533 5532/5532/5532 5535/5535/5535 
f 5536/5536/5536 5534/5534/5534 5537/5537/5537 
f 5538/5538/5538 5539/5539/5539 5540/5540/5540 
f 5539/5539/5539 5538/5538/5538 5541/5541/5541 
f 5542/5542/5542 5543/5543/5543 5544/5544/5544 
f 5545/5545/5545 5546/5546/5546 5547/5547/5547 
f 5548/5548/5548 5547/5547/5547 5546/5546/5546 
f 5549/5549/5549 5550/5550/5550 5545/5545/5545 
f 5551/5551/5551 5545/5545/5545 5550/5550/5550 
f 5552/5552/5552 5553/5553/5553 5554/5554/5554 
f 5553/5553/5553 5552/5552/5552 5555/5555/5555 
f 5556/5556/5556 5557/5557/5557 5558/5558/5558 
f 5557/5557/5557 5556/5556/5556 5559/5559/5559 
f 5560/5560/5560 5561/5561/5561 5562/5562/5562 
f 5561/5561/5561 5560/5560/5560 5563/5563/5563 
f 5564/5564/5564 5565/5565/5565 5563/5563/5563 
f 5565/5565/5565 5564/5564/5564 5566/5566/5566 
f 5567/5567/5567 5568/5568/5568 5569/5569/5569 
f 5570/5570/5570 5569/5569/5569 5568/5568/5568 
f 5571/5571/5571 5572/5572/5572 5573/5573/5573 
f 5574/5574/5574 5575/5575/5575 5576/5576/5576 
f 5577/5577/5577 5578/5578/5578 5575/5575/5575 
f 5579/5579/5579 5578/5578/5578 5577/5577/5577 
f 5580/5580/5580 5581/5581/5581 5579/5579/5579 
f 5581/5581/5581 5580/5580/5580 5582/5582/5582 
f 5583/5583/5583 5584/5584/5584 5585/5585/5585 
f 5586/5586/5586 5587/5587/5587 5588/5588/5588 
f 5589/5589/5589 5590/5590/5590 5591/5591/5591 
f 5590/5590/5590 5589/5589/5589 5592/5592/5592 
f 5593/5593/5593 5594/5594/5594 5595/5595/5595 
f 5594/5594/5594 5593/5593/5593 5596/5596/5596 
f 5597/5597/5597 5598/5598/5598 5599/5599/5599 
f 5600/5600/5600 5601/5601/5601 5602/5602/5602 
f 5601/5601/5601 5603/5603/5603 5602/5602/5602 
f 5604/5604/5604 5605/5605/5605 5606/5606/5606 
f 5605/5605/5605 5604/5604/5604 5607/5607/5607 
f 5608/5608/5608 5609/5609/5609 5606/5606/5606 
f 5610/5610/5610 5611/5611/5611 5612/5612/5612 
f 5612/5612/5612 5611/5611/5611 5613/5613/5613 
f 5614/5614/5614 5615/5615/5615 5616/5616/5616 
f 5615/5615/5615 5614/5614/5614 5617/5617/5617 
f 5618/5618/5618 5619/5619/5619 5620/5620/5620 
f 5619/5619/5619 5621/5621/5621 5620/5620/5620 
f 5621/5621/5621 5622/5622/5622 5623/5623/5623 
f 5622/5622/5622 5624/5624/5624 5623/5623/5623 
f 5625/5625/5625 5626/5626/5626 5627/5627/5627 
f 5628/5628/5628 5629/5629/5629 5630/5630/5630 
f 5629/5629/5629 5631/5631/5631 5630/5630/5630 
f 5632/5632/5632 5633/5633/5633 5634/5634/5634 
f 5633/5633/5633 5632/5632/5632 5635/5635/5635 
f 5636/5636/5636 5637/5637/5637 5633/5633/5633 
f 5638/5638/5638 5637/5637/5637 5636/5636/5636 
f 5639/5639/5639 5640/5640/5640 5641/5641/5641 
f 5642/5642/5642 5643/5643/5643 5644/5644/5644 
f 5643/5643/5643 5642/5642/5642 5645/5645/5645 
f 5646/5646/5646 5644/5644/5644 5647/5647/5647 
f 5648/5648/5648 5649/5649/5649 5650/5650/5650 
f 5651/5651/5651 5652/5652/5652 5653/5653/5653 
f 5652/5652/5652 5651/5651/5651 5654/5654/5654 
f 5655/5655/5655 5656/5656/5656 5654/5654/5654 
f 5656/5656/5656 5655/5655/5655 5657/5657/5657 
f 5658/5658/5658 5659/5659/5659 5660/5660/5660 
f 5660/5660/5660 5659/5659/5659 5661/5661/5661 
f 5662/5662/5662 5663/5663/5663 5661/5661/5661 
f 5663/5663/5663 5662/5662/5662 5664/5664/5664 
f 5665/5665/5665 5666/5666/5666 5667/5667/5667 
f 5668/5668/5668 5669/5669/5669 5670/5670/5670 
f 5669/5669/5669 5668/5668/5668 5671/5671/5671 
f 5672/5672/5672 5673/5673/5673 5674/5674/5674 
f 5672/5672/5672 5674/5674/5674 5675/5675/5675 
f 5676/5676/5676 5674/5674/5674 5677/5677/5677 
f 5677/5677/5677 5678/5678/5678 5676/5676/5676 
f 5679/5679/5679 5680/5680/5680 5681/5681/5681 
f 5680/5680/5680 5679/5679/5679 5682/5682/5682 
f 5683/5683/5683 5684/5684/5684 5685/5685/5685 
f 5684/5684/5684 5686/5686/5686 5685/5685/5685 
f 5687/5687/5687 5688/5688/5688 5689/5689/5689 
f 5688/5688/5688 5687/5687/5687 5690/5690/5690 
f 5691/5691/5691 5692/5692/5692 5693/5693/5693 
f 5692/5692/5692 5691/5691/5691 5694/5694/5694 
f 5695/5695/5695 5696/5696/5696 5697/5697/5697 
f 5696/5696/5696 5695/5695/5695 5698/5698/5698 
f 5699/5699/5699 5700/5700/5700 5701/5701/5701 
f 5699/5699/5699 5701/5701/5701 5702/5702/5702 
f 5703/5703/5703 5704/5704/5704 5705/5705/5705 
f 5704/5704/5704 5703/5703/5703 5706/5706/5706 
f 5707/5707/5707 5708/5708/5708 5709/5709/5709 
f 5708/5708/5708 5707/5707/5707 5710/5710/5710 
f 5711/5711/5711 5712/5712/5712 5713/5713/5713 
f 5714/5714/5714 5713/5713/5713 5712/5712/5712 
f 5715/5715/5715 5716/5716/5716 5717/5717/5717 
f 5716/5716/5716 5715/5715/5715 5718/5718/5718 
f 5719/5719/5719 5720/5720/5720 5721/5721/5721 
f 5720/5720/5720 5719/5719/5719 5722/5722/5722 
f 5723/5723/5723 5724/5724/5724 5725/5725/5725 
f 5724/5724/5724 5723/5723/5723 5726/5726/5726 
f 5727/5727/5727 5725/5725/5725 5728/5728/5728 
f 5729/5729/5729 5730/5730/5730 5731/5731/5731 
f 5729/5729/5729 5731/5731/5731 5732/5732/5732 
f 5733/5733/5733 5734/5734/5734 5735/5735/5735 
f 5734/5734/5734 5733/5733/5733 5736/5736/5736 
f 5737/5737/5737 5738/5738/5738 5739/5739/5739 
f 5738/5738/5738 5737/5737/5737 5740/5740/5740 
f 5741/5741/5741 5742/5742/5742 5743/5743/5743 
f 5742/5742/5742 5741/5741/5741 5744/5744/5744 
f 5745/5745/5745 5746/5746/5746 5747/5747/5747 
f 5746/5746/5746 5748/5748/5748 5747/5747/5747 
f 5749/5749/5749 5750/5750/5750 5751/5751/5751 
f 5752/5752/5752 5753/5753/5753 5754/5754/5754 
f 5753/5753/5753 5752/5752/5752 5755/5755/5755 
f 5756/5756/5756 5757/5757/5757 5758/5758/5758 
f 5757/5757/5757 5756/5756/5756 5759/5759/5759 
f 5760/5760/5760 5761/5761/5761 5762/5762/5762 
f 5761/5761/5761 5760/5760/5760 5763/5763/5763 
f 5764/5764/5764 5765/5765/5765 5766/5766/5766 
f 5765/5765/5765 5767/5767/5767 5766/5766/5766 
f 5768/5768/5768 5769/5769/5769 5770/5770/5770 
f 5769/5769/5769 5768/5768/5768 5771/5771/5771 
f 5772/5772/5772 5773/5773/5773 5774/5774/5774 
f 5773/5773/5773 5772/5772/5772 5775/5775/5775 
f 5776/5776/5776 5777/5777/5777 5778/5778/5778 
f 5779/5779/5779 5780/5780/5780 5781/5781/5781 
f 5781/5781/5781 5782/5782/5782 5779/5779/5779 
f 5780/5780/5780 5783/5783/5783 5784/5784/5784 
f 5785/5785/5785 5786/5786/5786 5787/5787/5787 
f 5788/5788/5788 5787/5787/5787 5786/5786/5786 
f 5789/5789/5789 5790/5790/5790 5791/5791/5791 
f 5790/5790/5790 5789/5789/5789 5792/5792/5792 
f 5793/5793/5793 5794/5794/5794 5795/5795/5795 
f 5795/5795/5795 5796/5796/5796 5793/5793/5793 
f 5797/5797/5797 5798/5798/5798 5799/5799/5799 
f 5798/5798/5798 5797/5797/5797 5800/5800/5800 
f 5801/5801/5801 5800/5800/5800 5802/5802/5802 
f 5803/5803/5803 5804/5804/5804 5799/5799/5799 
f 5803/5803/5803 5805/5805/5805 5804/5804/5804 
f 5805/5805/5805 5806/5806/5806 5807/5807/5807 
f 5808/5808/5808 5807/5807/5807 5806/5806/5806 
f 5809/5809/5809 5810/5810/5810 5811/5811/5811 
f 5810/5810/5810 5809/5809/5809 5812/5812/5812 
f 5813/5813/5813 5814/5814/5814 5812/5812/5812 
f 5814/5814/5814 5813/5813/5813 5815/5815/5815 
f 5816/5816/5816 5817/5817/5817 5818/5818/5818 
f 5817/5817/5817 5816/5816/5816 5819/5819/5819 
f 5820/5820/5820 5821/5821/5821 5822/5822/5822 
f 5821/5821/5821 5820/5820/5820 5823/5823/5823 
f 5824/5824/5824 5823/5823/5823 5825/5825/5825 
f 5826/5826/5826 5824/5824/5824 5825/5825/5825 
f 5827/5827/5827 5828/5828/5828 5826/5826/5826 
f 5828/5828/5828 5827/5827/5827 5829/5829/5829 
f 5830/5830/5830 5831/5831/5831 5832/5832/5832 
f 5831/5831/5831 5830/5830/5830 5833/5833/5833 
f 5834/5834/5834 5835/5835/5835 5836/5836/5836 
f 5835/5835/5835 5834/5834/5834 5837/5837/5837 
f 5838/5838/5838 5839/5839/5839 5840/5840/5840 
f 5841/5841/5841 5842/5842/5842 5843/5843/5843 
f 5842/5842/5842 5841/5841/5841 5844/5844/5844 
f 5845/5845/5845 5846/5846/5846 5847/5847/5847 
f 5846/5846/5846 5845/5845/5845 5848/5848/5848 
f 5849/5849/5849 5850/5850/5850 5848/5848/5848 
f 5850/5850/5850 5849/5849/5849 5851/5851/5851 
f 5851/5851/5851 5852/5852/5852 5853/5853/5853 
f 5854/5854/5854 5855/5855/5855 5856/5856/5856 
f 5857/5857/5857 5858/5858/5858 5859/5859/5859 
f 5858/5858/5858 5857/5857/5857 5860/5860/5860 
f 5861/5861/5861 5859/5859/5859 5862/5862/5862 
f 5862/5862/5862 5863/5863/5863 5861/5861/5861 
f 5864/5864/5864 5865/5865/5865 5866/5866/5866 
f 5867/5867/5867 5864/5864/5864 5868/5868/5868 
f 5869/5869/5869 5865/5865/5865 5868/5868/5868 
f 5868/5868/5868 5870/5870/5870 5869/5869/5869 
f 5871/5871/5871 5872/5872/5872 5873/5873/5873 
f 5872/5872/5872 5871/5871/5871 5874/5874/5874 
f 5875/5875/5875 5876/5876/5876 5877/5877/5877 
f 5876/5876/5876 5875/5875/5875 5878/5878/5878 
f 5879/5879/5879 5880/5880/5880 5881/5881/5881 
f 5880/5880/5880 5879/5879/5879 5882/5882/5882 
f 5883/5883/5883 5884/5884/5884 5885/5885/5885 
f 5886/5886/5886 5887/5887/5887 5888/5888/5888 
f 5889/5889/5889 5890/5890/5890 5891/5891/5891 
f 5892/5892/5892 5893/5893/5893 5894/5894/5894 
f 5895/5895/5895 5896/5896/5896 5897/5897/5897 
f 5896/5896/5896 5895/5895/5895 5898/5898/5898 
f 5899/5899/5899 5900/5900/5900 5898/5898/5898 
f 5900/5900/5900 5899/5899/5899 5901/5901/5901 
f 5902/5902/5902 5903/5903/5903 5904/5904/5904 
f 5903/5903/5903 5905/5905/5905 5904/5904/5904 
f 5905/5905/5905 5906/5906/5906 5907/5907/5907 
f 5905/5905/5905 5907/5907/5907 5908/5908/5908 
f 5909/5909/5909 5908/5908/5908 5910/5910/5910 
f 5911/5911/5911 5912/5912/5912 5913/5913/5913 
f 5914/5914/5914 5915/5915/5915 5916/5916/5916 
f 5915/5915/5915 5914/5914/5914 5917/5917/5917 
f 5918/5918/5918 5919/5919/5919 5920/5920/5920 
f 5921/5921/5921 5922/5922/5922 5923/5923/5923 
f 5924/5924/5924 5925/5925/5925 5926/5926/5926 
f 5927/5927/5927 5925/5925/5925 5924/5924/5924 
f 5928/5928/5928 5929/5929/5929 5930/5930/5930 
f 5931/5931/5931 5930/5930/5930 5929/5929/5929 
f 5932/5932/5932 5933/5933/5933 5931/5931/5931 
f 5933/5933/5933 5932/5932/5932 5934/5934/5934 
f 5935/5935/5935 5936/5936/5936 5937/5937/5937 
f 5938/5938/5938 5939/5939/5939 5940/5940/5940 
f 5939/5939/5939 5938/5938/5938 5941/5941/5941 
f 5942/5942/5942 5943/5943/5943 5944/5944/5944 
f 5943/5943/5943 5942/5942/5942 5945/5945/5945 
f 5946/5946/5946 5947/5947/5947 5948/5948/5948 
f 5947/5947/5947 5946/5946/5946 5949/5949/5949 
f 5950/5950/5950 5951/5951/5951 5952/5952/5952 
f 5953/5953/5953 5954/5954/5954 5955/5955/5955 
f 5956/5956/5956 5957/5957/5957 5958/5958/5958 
f 5959/5959/5959 5960/5960/5960 5961/5961/5961 
f 5962/5962/5962 5963/5963/5963 5964/5964/5964 
f 5963/5963/5963 5962/5962/5962 5965/5965/5965 
f 5966/5966/5966 5967/5967/5967 5968/5968/5968 
f 5967/5967/5967 5966/5966/5966 5969/5969/5969 
f 5970/5970/5970 5969/5969/5969 5971/5971/5971 
f 5970/5970/5970 5971/5971/5971 5972/5972/5972 
f 5973/5973/5973 5974/5974/5974 5975/5975/5975 
f 5974/5974/5974 5973/5973/5973 5976/5976/5976 
f 5977/5977/5977 5978/5978/5978 5979/5979/5979 
f 5979/5979/5979 5980/5980/5980 5977/5977/5977 
f 5980/5980/5980 5981/5981/5981 5982/5982/5982 
f 5983/5983/5983 5984/5984/5984 5985/5985/5985 
f 5984/5984/5984 5986/5986/5986 5985/5985/5985 
f 5987/5987/5987 5988/5988/5988 5986/5986/5986 
f 5988/5988/5988 5987/5987/5987 5989/5989/5989 
f 5990/5990/5990 5991/5991/5991 5992/5992/5992 
f 5991/5991/5991 5993/5993/5993 5992/5992/5992 
f 5994/5994/5994 5995/5995/5995 5996/5996/5996 
f 5995/5995/5995 5997/5997/5997 5996/5996/5996 
f 5998/5998/5998 5999/5999/5999 6000/6000/6000 
f 6001/6001/6001 5998/5998/5998 6002/6002/6002 
f 6003/6003/6003 6004/6004/6004 6005/6005/6005 
f 6004/6004/6004 6003/6003/6003 6006/6006/6006 
f 6007/6007/6007 6008/6008/6008 6009/6009/6009 
f 6010/6010/6010 6009/6009/6009 6008/6008/6008 
f 6011/6011/6011 6012/6012/6012 6013/6013/6013 
f 6012/6012/6012 6011/6011/6011 6014/6014/6014 
f 6015/6015/6015 6016/6016/6016 6017/6017/6017 
f 6018/6018/6018 6019/6019/6019 6016/6016/6016 
f 6019/6019/6019 6018/6018/6018 6020/6020/6020 
f 6021/6021/6021 6022/6022/6022 6023/6023/6023 
f 6022/6022/6022 6021/6021/6021 6024/6024/6024 
f 6025/6025/6025 6026/6026/6026 6024/6024/6024 
f 6026/6026/6026 6025/6025/6025 6027/6027/6027 
f 6028/6028/6028 6029/6029/6029 6030/6030/6030 
f 6029/6029/6029 6031/6031/6031 6032/6032/6032 
f 6031/6031/6031 6033/6033/6033 6032/6032/6032 
f 6034/6034/6034 6035/6035/6035 6036/6036/6036 
f 6037/6037/6037 6038/6038/6038 6039/6039/6039 
f 6040/6040/6040 6041/6041/6041 6038/6038/6038 
f 6041/6041/6041 6040/6040/6040 6042/6042/6042 
f 6043/6043/6043 6037/6037/6037 6044/6044/6044 
f 6043/6043/6043 6044/6044/6044 6045/6045/6045 
f 6046/6046/6046 6043/6043/6043 6045/6045/6045 
f 6047/6047/6047 6043/6043/6043 6046/6046/6046 
f 6048/6048/6048 6047/6047/6047 6049/6049/6049 
f 6050/6050/6050 6047/6047/6047 6048/6048/6048 
f 6051/6051/6051 6048/6048/6048 6052/6052/6052 
f 6053/6053/6053 6054/6054/6054 6052/6052/6052 
f 6055/6055/6055 6054/6054/6054 6053/6053/6053 
f 6056/6056/6056 6057/6057/6057 6058/6058/6058 
f 6059/6059/6059 6060/6060/6060 6061/6061/6061 
f 6060/6060/6060 6059/6059/6059 6062/6062/6062 
f 6063/6063/6063 6064/6064/6064 6065/6065/6065 
f 6064/6064/6064 6063/6063/6063 6066/6066/6066 
f 6067/6067/6067 6068/6068/6068 6069/6069/6069 
f 6069/6069/6069 6070/6070/6070 6067/6067/6067 
f 6071/6071/6071 6072/6072/6072 6070/6070/6070 
f 6072/6072/6072 6071/6071/6071 6073/6073/6073 
f 6074/6074/6074 6075/6075/6075 6076/6076/6076 
f 6075/6075/6075 6074/6074/6074 6077/6077/6077 
f 6078/6078/6078 6079/6079/6079 6080/6080/6080 
f 6079/6079/6079 6078/6078/6078 6081/6081/6081 
f 6082/6082/6082 6083/6083/6083 6084/6084/6084 
f 6083/6083/6083 6082/6082/6082 6085/6085/6085 
f 6086/6086/6086 6087/6087/6087 6088/6088/6088 
f 6087/6087/6087 6086/6086/6086 6089/6089/6089 
f 6090/6090/6090 6091/6091/6091 6092/6092/6092 
f 6091/6091/6091 6090/6090/6090 6093/6093/6093 
f 6094/6094/6094 6092/6092/6092 6095/6095/6095 
f 6095/6095/6095 6096/6096/6096 6094/6094/6094 
f 6097/6097/6097 6098/6098/6098 6099/6099/6099 
f 6098/6098/6098 6097/6097/6097 6100/6100/6100 
f 6101/6101/6101 6102/6102/6102 6103/6103/6103 
f 6102/6102/6102 6101/6101/6101 6104/6104/6104 
f 6105/6105/6105 6106/6106/6106 6107/6107/6107 
f 6108/6108/6108 6107/6107/6107 6109/6109/6109 
f 6110/6110/6110 6108/6108/6108 6109/6109/6109 
f 6111/6111/6111 6112/6112/6112 6113/6113/6113 
f 6114/6114/6114 6115/6115/6115 6116/6116/6116 
f 6117/6117/6117 6118/6118/6118 6119/6119/6119 
f 6118/6118/6118 6117/6117/6117 6120/6120/6120 
f 6121/6121/6121 6122/6122/6122 6123/6123/6123 
f 6121/6121/6121 6123/6123/6123 6124/6124/6124 
f 6125/6125/6125 6126/6126/6126 6127/6127/6127 
f 6126/6126/6126 6125/6125/6125 6128/6128/6128 
f 6129/6129/6129 6130/6130/6130 6131/6131/6131 
f 6130/6130/6130 6129/6129/6129 6132/6132/6132 
f 6133/6133/6133 6134/6134/6134 6135/6135/6135 
f 6134/6134/6134 6133/6133/6133 6136/6136/6136 
f 6137/6137/6137 6138/6138/6138 6135/6135/6135 
f 6138/6138/6138 6137/6137/6137 6139/6139/6139 
f 6140/6140/6140 6141/6141/6141 6142/6142/6142 
f 6141/6141/6141 6140/6140/6140 6143/6143/6143 
f 6144/6144/6144 6145/6145/6145 6146/6146/6146 
f 6145/6145/6145 6144/6144/6144 6147/6147/6147 
f 6148/6148/6148 6149/6149/6149 6150/6150/6150 
f 6149/6149/6149 6148/6148/6148 6151/6151/6151 
f 6152/6152/6152 6151/6151/6151 6153/6153/6153 
f 6154/6154/6154 6152/6152/6152 6153/6153/6153 
f 6155/6155/6155 6156/6156/6156 6157/6157/6157 
f 6155/6155/6155 6157/6157/6157 6158/6158/6158 
f 6158/6158/6158 6159/6159/6159 6160/6160/6160 
f 6161/6161/6161 6162/6162/6162 6163/6163/6163 
f 6164/6164/6164 6165/6165/6165 6163/6163/6163 
f 6165/6165/6165 6164/6164/6164 6166/6166/6166 
f 6167/6167/6167 6168/6168/6168 6166/6166/6166 
f 6168/6168/6168 6167/6167/6167 6169/6169/6169 
f 6170/6170/6170 6171/6171/6171 6172/6172/6172 
f 6171/6171/6171 6170/6170/6170 6173/6173/6173 
f 6174/6174/6174 6175/6175/6175 6176/6176/6176 
f 6175/6175/6175 6174/6174/6174 6177/6177/6177 
f 6178/6178/6178 6179/6179/6179 6180/6180/6180 
f 6180/6180/6180 6179/6179/6179 6181/6181/6181 
f 6182/6182/6182 6183/6183/6183 6184/6184/6184 
f 6185/6185/6185 6186/6186/6186 6187/6187/6187 
f 6188/6188/6188 6186/6186/6186 6185/6185/6185 
f 6189/6189/6189 6190/6190/6190 6191/6191/6191 
f 6191/6191/6191 6192/6192/6192 6189/6189/6189 
f 6193/6193/6193 6194/6194/6194 6190/6190/6190 
f 6194/6194/6194 6193/6193/6193 6195/6195/6195 
f 6196/6196/6196 6197/6197/6197 6198/6198/6198 
f 6197/6197/6197 6196/6196/6196 6199/6199/6199 
f 6200/6200/6200 6201/6201/6201 6199/6199/6199 
f 6201/6201/6201 6200/6200/6200 6202/6202/6202 
f 6203/6203/6203 6204/6204/6204 6205/6205/6205 
f 6204/6204/6204 6203/6203/6203 6206/6206/6206 
f 6206/6206/6206 6207/6207/6207 6208/6208/6208 
f 6209/6209/6209 6210/6210/6210 6211/6211/6211 
f 6211/6211/6211 6210/6210/6210 6212/6212/6212 
f 6213/6213/6213 6214/6214/6214 6212/6212/6212 
f 6214/6214/6214 6213/6213/6213 6215/6215/6215 
f 6216/6216/6216 6217/6217/6217 6218/6218/6218 
f 6217/6217/6217 6216/6216/6216 6219/6219/6219 
f 6220/6220/6220 6221/6221/6221 6222/6222/6222 
f 6220/6220/6220 6222/6222/6222 6223/6223/6223 
f 6224/6224/6224 6225/6225/6225 6226/6226/6226 
f 6227/6227/6227 6228/6228/6228 6229/6229/6229 
f 6229/6229/6229 6230/6230/6230 6227/6227/6227 
f 6231/6231/6231 6230/6230/6230 6232/6232/6232 
f 6232/6232/6232 6233/6233/6233 6231/6231/6231 
f 6234/6234/6234 6235/6235/6235 6236/6236/6236 
f 6237/6237/6237 6238/6238/6238 6239/6239/6239 
f 6238/6238/6238 6237/6237/6237 6240/6240/6240 
f 6241/6241/6241 6242/6242/6242 6243/6243/6243 
f 6242/6242/6242 6241/6241/6241 6244/6244/6244 
f 6245/6245/6245 6246/6246/6246 6247/6247/6247 
f 6246/6246/6246 6245/6245/6245 6248/6248/6248 
f 6249/6249/6249 6250/6250/6250 6247/6247/6247 
f 6251/6251/6251 6252/6252/6252 6253/6253/6253 
f 6252/6252/6252 6251/6251/6251 6254/6254/6254 
f 6255/6255/6255 6256/6256/6256 6257/6257/6257 
f 6256/6256/6256 6255/6255/6255 6258/6258/6258 
f 6259/6259/6259 6260/6260/6260 6261/6261/6261 
f 6260/6260/6260 6259/6259/6259 6262/6262/6262 
f 6263/6263/6263 6264/6264/6264 6265/6265/6265 
f 6264/6264/6264 6263/6263/6263 6266/6266/6266 
f 6267/6267/6267 6268/6268/6268 6269/6269/6269 
f 6268/6268/6268 6270/6270/6270 6269/6269/6269 
f 6271/6271/6271 6272/6272/6272 6273/6273/6273 
f 6272/6272/6272 6271/6271/6271 6274/6274/6274 
f 6275/6275/6275 6276/6276/6276 6277/6277/6277 
f 6278/6278/6278 6279/6279/6279 6280/6280/6280 
f 6279/6279/6279 6278/6278/6278 6281/6281/6281 
f 6282/6282/6282 6283/6283/6283 6281/6281/6281 
f 6283/6283/6283 6282/6282/6282 6284/6284/6284 
f 6285/6285/6285 6286/6286/6286 6287/6287/6287 
f 6288/6288/6288 6285/6285/6285 6289/6289/6289 
f 6288/6288/6288 6289/6289/6289 6290/6290/6290 
f 6291/6291/6291 6292/6292/6292 6293/6293/6293 
f 6293/6293/6293 6292/6292/6292 6294/6294/6294 
f 6295/6295/6295 6296/6296/6296 6297/6297/6297 
f 6295/6295/6295 6297/6297/6297 6298/6298/6298 
f 6299/6299/6299 6300/6300/6300 6301/6301/6301 
f 6302/6302/6302 6303/6303/6303 6304/6304/6304 
f 6303/6303/6303 6305/6305/6305 6304/6304/6304 
f 6306/6306/6306 6307/6307/6307 6308/6308/6308 
f 6307/6307/6307 6306/6306/6306 6309/6309/6309 
f 6310/6310/6310 6311/6311/6311 6312/6312/6312 
f 6311/6311/6311 6310/6310/6310 6313/6313/6313 
f 6314/6314/6314 6315/6315/6315 6316/6316/6316 
f 6317/6317/6317 6316/6316/6316 6315/6315/6315 
f 6318/6318/6318 6319/6319/6319 6320/6320/6320 
f 6319/6319/6319 6318/6318/6318 6321/6321/6321 
f 6322/6322/6322 6323/6323/6323 6320/6320/6320 
f 6324/6324/6324 6325/6325/6325 6326/6326/6326 
f 6325/6325/6325 6327/6327/6327 6326/6326/6326 
f 6327/6327/6327 6328/6328/6328 6329/6329/6329 
f 6330/6330/6330 6331/6331/6331 6332/6332/6332 
f 6331/6331/6331 6330/6330/6330 6333/6333/6333 
f 6334/6334/6334 6335/6335/6335 6336/6336/6336 
f 6335/6335/6335 6337/6337/6337 6336/6336/6336 
f 6338/6338/6338 6339/6339/6339 6340/6340/6340 
f 6339/6339/6339 6341/6341/6341 6340/6340/6340 
f 6342/6342/6342 6343/6343/6343 6344/6344/6344 
f 6343/6343/6343 6342/6342/6342 6345/6345/6345 
f 6346/6346/6346 6347/6347/6347 6348/6348/6348 
f 6347/6347/6347 6346/6346/6346 6349/6349/6349 
f 6350/6350/6350 6351/6351/6351 6349/6349/6349 
f 6352/6352/6352 6353/6353/6353 6354/6354/6354 
f 6353/6353/6353 6352/6352/6352 6355/6355/6355 
f 6356/6356/6356 6355/6355/6355 6357/6357/6357 
f 6358/6358/6358 6359/6359/6359 6360/6360/6360 
f 6361/6361/6361 6359/6359/6359 6358/6358/6358 
f 6362/6362/6362 6363/6363/6363 6364/6364/6364 
f 6365/6365/6365 6366/6366/6366 6367/6367/6367 
f 6366/6366/6366 6365/6365/6365 6368/6368/6368 
f 6367/6367/6367 6369/6369/6369 6370/6370/6370 
f 6371/6371/6371 6372/6372/6372 6373/6373/6373 
f 6374/6374/6374 6375/6375/6375 6376/6376/6376 
f 6377/6377/6377 6378/6378/6378 6379/6379/6379 
f 6378/6378/6378 6377/6377/6377 6380/6380/6380 
f 6381/6381/6381 6382/6382/6382 6383/6383/6383 
f 6382/6382/6382 6381/6381/6381 6384/6384/6384 
f 6385/6385/6385 6386/6386/6386 6387/6387/6387 
f 6386/6386/6386 6385/6385/6385 6388/6388/6388 
f 6389/6389/6389 6388/6388/6388 6390/6390/6390 
f 6391/6391/6391 6392/6392/6392 6393/6393/6393 
f 6393/6393/6393 6392/6392/6392 6394/6394/6394 
f 6395/6395/6395 6396/6396/6396 6397/6397/6397 
f 6396/6396/6396 6395/6395/6395 6398/6398/6398 
f 6399/6399/6399 6400/6400/6400 6401/6401/6401 
f 6400/6400/6400 6399/6399/6399 6402/6402/6402 
f 6403/6403/6403 6404/6404/6404 6405/6405/6405 
f 6406/6406/6406 6407/6407/6407 6408/6408/6408 
f 6407/6407/6407 6406/6406/6406 6409/6409/6409 
f 6410/6410/6410 6411/6411/6411 6412/6412/6412 
f 6411/6411/6411 6410/6410/6410 6413/6413/6413 
f 6414/6414/6414 6415/6415/6415 6412/6412/6412 
f 6416/6416/6416 6417/6417/6417 6418/6418/6418 
f 6416/6416/6416 6418/6418/6418 6419/6419/6419 
f 6420/6420/6420 6421/6421/6421 6422/6422/6422 
f 6421/6421/6421 6420/6420/6420 6423/6423/6423 
f 6424/6424/6424 6425/6425/6425 6426/6426/6426 
f 6425/6425/6425 6424/6424/6424 6427/6427/6427 
f 6428/6428/6428 6429/6429/6429 6430/6430/6430 
f 6431/6431/6431 6430/6430/6430 6429/6429/6429 
f 6432/6432/6432 6433/6433/6433 6434/6434/6434 
f 6433/6433/6433 6432/6432/6432 6435/6435/6435 
f 6436/6436/6436 6437/6437/6437 6438/6438/6438 
f 6439/6439/6439 6440/6440/6440 6436/6436/6436 
f 6440/6440/6440 6441/6441/6441 6436/6436/6436 
f 6442/6442/6442 6443/6443/6443 6444/6444/6444 
f 6445/6445/6445 6446/6446/6446 6447/6447/6447 
f 6447/6447/6447 6448/6448/6448 6445/6445/6445 
f 6449/6449/6449 6450/6450/6450 6446/6446/6446 
f 6451/6451/6451 6452/6452/6452 6453/6453/6453 
f 6452/6452/6452 6451/6451/6451 6454/6454/6454 
f 6455/6455/6455 6456/6456/6456 6457/6457/6457 
f 6456/6456/6456 6455/6455/6455 6458/6458/6458 
f 6459/6459/6459 6457/6457/6457 6460/6460/6460 
f 6461/6461/6461 6462/6462/6462 6463/6463/6463 
f 6464/6464/6464 6465/6465/6465 6466/6466/6466 
f 6465/6465/6465 6464/6464/6464 6467/6467/6467 
f 6468/6468/6468 6469/6469/6469 6470/6470/6470 
f 6469/6469/6469 6468/6468/6468 6471/6471/6471 
f 6472/6472/6472 6473/6473/6473 6474/6474/6474 
f 6474/6474/6474 6475/6475/6475 6472/6472/6472 
f 6476/6476/6476 6477/6477/6477 6478/6478/6478 
f 6479/6479/6479 6477/6477/6477 6476/6476/6476 
f 6480/6480/6480 6481/6481/6481 6482/6482/6482 
f 6481/6481/6481 6480/6480/6480 6483/6483/6483 
f 6484/6484/6484 6485/6485/6485 6486/6486/6486 
f 6487/6487/6487 6488/6488/6488 6489/6489/6489 
f 6490/6490/6490 6491/6491/6491 6492/6492/6492 
f 6491/6491/6491 6490/6490/6490 6493/6493/6493 
f 6494/6494/6494 6495/6495/6495 6496/6496/6496 
f 6495/6495/6495 6494/6494/6494 6497/6497/6497 
f 6498/6498/6498 6499/6499/6499 6500/6500/6500 
f 6499/6499/6499 6498/6498/6498 6501/6501/6501 
f 6502/6502/6502 6503/6503/6503 6504/6504/6504 
f 6503/6503/6503 6502/6502/6502 6505/6505/6505 
f 6505/6505/6505 6506/6506/6506 6507/6507/6507 
f 6508/6508/6508 6509/6509/6509 6510/6510/6510 
f 6511/6511/6511 6512/6512/6512 6510/6510/6510 
f 6512/6512/6512 6511/6511/6511 6513/6513/6513 
f 6514/6514/6514 6515/6515/6515 6513/6513/6513 
f 6515/6515/6515 6514/6514/6514 6516/6516/6516 
f 6517/6517/6517 6518/6518/6518 6519/6519/6519 
f 6519/6519/6519 6518/6518/6518 6520/6520/6520 
f 6521/6521/6521 6518/6518/6518 6517/6517/6517 
f 6522/6522/6522 6523/6523/6523 6524/6524/6524 
f 6523/6523/6523 6525/6525/6525 6526/6526/6526 
f 6527/6527/6527 6526/6526/6526 6525/6525/6525 
f 6528/6528/6528 6529/6529/6529 6527/6527/6527 
f 6529/6529/6529 6528/6528/6528 6530/6530/6530 
f 6531/6531/6531 6532/6532/6532 6533/6533/6533 
f 6532/6532/6532 6534/6534/6534 6533/6533/6533 
f 6535/6535/6535 6536/6536/6536 6537/6537/6537 
f 6536/6536/6536 6535/6535/6535 6538/6538/6538 
f 6539/6539/6539 6540/6540/6540 6541/6541/6541 
f 6541/6541/6541 6540/6540/6540 6542/6542/6542 
f 6543/6543/6543 6544/6544/6544 6545/6545/6545 
f 6546/6546/6546 6547/6547/6547 6548/6548/6548 
f 6547/6547/6547 6546/6546/6546 6549/6549/6549 
f 6550/6550/6550 6551/6551/6551 6552/6552/6552 
f 6551/6551/6551 6550/6550/6550 6553/6553/6553 
f 6554/6554/6554 6555/6555/6555 6556/6556/6556 
f 6557/6557/6557 6558/6558/6558 6559/6559/6559 
f 6560/6560/6560 6561/6561/6561 6562/6562/6562 
f 6561/6561/6561 6560/6560/6560 6563/6563/6563 
f 6562/6562/6562 6564/6564/6564 6565/6565/6565 
f 6566/6566/6566 6567/6567/6567 6568/6568/6568 
f 6567/6567/6567 6566/6566/6566 6569/6569/6569 
f 6570/6570/6570 6571/6571/6571 6572/6572/6572 
f 6571/6571/6571 6573/6573/6573 6572/6572/6572 
f 6574/6574/6574 6575/6575/6575 6576/6576/6576 
f 6575/6575/6575 6574/6574/6574 6577/6577/6577 
f 6578/6578/6578 6579/6579/6579 6580/6580/6580 
f 6579/6579/6579 6581/6581/6581 6580/6580/6580 
f 6582/6582/6582 6583/6583/6583 6584/6584/6584 
f 6583/6583/6583 6582/6582/6582 6585/6585/6585 
f 6586/6586/6586 6587/6587/6587 6588/6588/6588 
f 6587/6587/6587 6586/6586/6586 6589/6589/6589 
f 6590/6590/6590 6591/6591/6591 6592/6592/6592 
f 6593/6593/6593 6594/6594/6594 6595/6595/6595 
f 6594/6594/6594 6593/6593/6593 6596/6596/6596 
f 6597/6597/6597 6598/6598/6598 6599/6599/6599 
f 6598/6598/6598 6597/6597/6597 6600/6600/6600 
f 6600/6600/6600 6601/6601/6601 6602/6602/6602 
f 6602/6602/6602 6601/6601/6601 6603/6603/6603 
f 6604/6604/6604 6605/6605/6605 6606/6606/6606 
f 6605/6605/6605 6604/6604/6604 6607/6607/6607 
f 6608/6608/6608 6609/6609/6609 6610/6610/6610 
f 6611/6611/6611 6612/6612/6612 6613/6613/6613 
f 6612/6612/6612 6611/6611/6611 6614/6614/6614 
f 6615/6615/6615 6616/6616/6616 6617/6617/6617 
f 6618/6618/6618 6619/6619/6619 6620/6620/6620 
f 6619/6619/6619 6618/6618/6618 6621/6621/6621 
f 6622/6622/6622 6623/6623/6623 6624/6624/6624 
f 6623/6623/6623 6622/6622/6622 6625/6625/6625 
f 6626/6626/6626 6627/6627/6627 6628/6628/6628 
f 6629/6629/6629 6630/6630/6630 6631/6631/6631 
f 6631/6631/6631 6630/6630/6630 6632/6632/6632 
f 6633/6633/6633 6634/6634/6634 6635/6635/6635 
f 6636/6636/6636 6635/6635/6635 6634/6634/6634 
f 6633/6633/6633 6637/6637/6637 6638/6638/6638 
f 6637/6637/6637 6639/6639/6639 6638/6638/6638 
f 6640/6640/6640 6641/6641/6641 6642/6642/6642 
f 6640/6640/6640 6642/6642/6642 6643/6643/6643 
f 6644/6644/6644 6645/6645/6645 6646/6646/6646 
f 6645/6645/6645 6647/6647/6647 6646/6646/6646 
f 6648/6648/6648 6649/6649/6649 6650/6650/6650 
f 6649/6649/6649 6651/6651/6651 6650/6650/6650 
f 6652/6652/6652 6653/6653/6653 6654/6654/6654 
f 6653/6653/6653 6652/6652/6652 6655/6655/6655 
f 6656/6656/6656 6657/6657/6657 6658/6658/6658 
f 6656/6656/6656 6659/6659/6659 6657/6657/6657 
f 6660/6660/6660 6658/6658/6658 6661/6661/6661 
f 6662/6662/6662 6663/6663/6663 6664/6664/6664 
f 6665/6665/6665 6666/6666/6666 6667/6667/6667 
f 6666/6666/6666 6665/6665/6665 6668/6668/6668 
f 6669/6669/6669 6670/6670/6670 6671/6671/6671 
f 6670/6670/6670 6672/6672/6672 6671/6671/6671 
f 6673/6673/6673 6674/6674/6674 6675/6675/6675 
f 6674/6674/6674 6673/6673/6673 6676/6676/6676 
f 6677/6677/6677 6678/6678/6678 6679/6679/6679 
f 6680/6680/6680 6681/6681/6681 6679/6679/6679 
f 6681/6681/6681 6680/6680/6680 6682/6682/6682 
f 6682/6682/6682 6683/6683/6683 6684/6684/6684 
f 6684/6684/6684 6683/6683/6683 6685/6685/6685 
f 6686/6686/6686 6687/6687/6687 6688/6688/6688 
f 6687/6687/6687 6686/6686/6686 6689/6689/6689 
f 6690/6690/6690 6691/6691/6691 6692/6692/6692 
f 6691/6691/6691 6690/6690/6690 6693/6693/6693 
f 6691/6691/6691 6693/6693/6693 6694/6694/6694 
f 6695/6695/6695 6696/6696/6696 6692/6692/6692 
f 6696/6696/6696 6695/6695/6695 6697/6697/6697 
f 6698/6698/6698 6699/6699/6699 6700/6700/6700 
f 6701/6701/6701 6702/6702/6702 6703/6703/6703 
f 6702/6702/6702 6704/6704/6704 6703/6703/6703 
f 6702/6702/6702 6701/6701/6701 6705/6705/6705 
f 6706/6706/6706 6705/6705/6705 6707/6707/6707 
f 6708/6708/6708 6706/6706/6706 6707/6707/6707 
f 6709/6709/6709 6710/6710/6710 6711/6711/6711 
f 6712/6712/6712 6711/6711/6711 6710/6710/6710 
f 6713/6713/6713 6714/6714/6714 6709/6709/6709 
f 6714/6714/6714 6713/6713/6713 6715/6715/6715 
f 6716/6716/6716 6717/6717/6717 6718/6718/6718 
f 6717/6717/6717 6716/6716/6716 6719/6719/6719 
f 6720/6720/6720 6721/6721/6721 6722/6722/6722 
f 6721/6721/6721 6720/6720/6720 6723/6723/6723 
f 6724/6724/6724 6725/6725/6725 6726/6726/6726 
f 6725/6725/6725 6727/6727/6727 6726/6726/6726 
f 6728/6728/6728 6729/6729/6729 6730/6730/6730 
f 6731/6731/6731 6732/6732/6732 6733/6733/6733 
f 6732/6732/6732 6731/6731/6731 6734/6734/6734 
f 6735/6735/6735 6736/6736/6736 6737/6737/6737 
f 6736/6736/6736 6735/6735/6735 6738/6738/6738 
f 6739/6739/6739 6740/6740/6740 6741/6741/6741 
f 6740/6740/6740 6739/6739/6739 6742/6742/6742 
f 6743/6743/6743 6744/6744/6744 6745/6745/6745 
f 6744/6744/6744 6746/6746/6746 6745/6745/6745 
f 6747/6747/6747 6746/6746/6746 6748/6748/6748 
f 6749/6749/6749 6750/6750/6750 6751/6751/6751 
f 6750/6750/6750 6749/6749/6749 6752/6752/6752 
f 6753/6753/6753 6754/6754/6754 6755/6755/6755 
f 6753/6753/6753 6755/6755/6755 6756/6756/6756 
f 6757/6757/6757 6758/6758/6758 6759/6759/6759 
f 6759/6759/6759 6758/6758/6758 6760/6760/6760 
f 6761/6761/6761 6762/6762/6762 6763/6763/6763 
f 6764/6764/6764 6765/6765/6765 6766/6766/6766 
f 6766/6766/6766 6767/6767/6767 6764/6764/6764 
f 6768/6768/6768 6769/6769/6769 6767/6767/6767 
f 6769/6769/6769 6768/6768/6768 6770/6770/6770 
f 6771/6771/6771 6772/6772/6772 6773/6773/6773 
f 6774/6774/6774 6773/6773/6773 6772/6772/6772 
f 6775/6775/6775 6776/6776/6776 6777/6777/6777 
f 6776/6776/6776 6775/6775/6775 6778/6778/6778 
f 6779/6779/6779 6780/6780/6780 6781/6781/6781 
f 6782/6782/6782 6783/6783/6783 6780/6780/6780 
f 6783/6783/6783 6782/6782/6782 6784/6784/6784 
f 6785/6785/6785 6786/6786/6786 6787/6787/6787 
f 6786/6786/6786 6785/6785/6785 6788/6788/6788 
f 6789/6789/6789 6790/6790/6790 6791/6791/6791 
f 6790/6790/6790 6789/6789/6789 6792/6792/6792 
f 6793/6793/6793 6794/6794/6794 6795/6795/6795 
f 6794/6794/6794 6796/6796/6796 6795/6795/6795 
f 6797/6797/6797 6798/6798/6798 6799/6799/6799 
f 6797/6797/6797 6799/6799/6799 6800/6800/6800 
f 6801/6801/6801 6802/6802/6802 6803/6803/6803 
f 6802/6802/6802 6801/6801/6801 6804/6804/6804 
f 6805/6805/6805 6806/6806/6806 6807/6807/6807 
f 6806/6806/6806 6805/6805/6805 6808/6808/6808 
f 6809/6809/6809 6810/6810/6810 6811/6811/6811 
f 6810/6810/6810 6812/6812/6812 6811/6811/6811 
f 6813/6813/6813 6814/6814/6814 6815/6815/6815 
f 6814/6814/6814 6813/6813/6813 6816/6816/6816 
f 6817/6817/6817 6818/6818/6818 6819/6819/6819 
f 6818/6818/6818 6820/6820/6820 6819/6819/6819 
f 6821/6821/6821 6822/6822/6822 6823/6823/6823 
f 6822/6822/6822 6821/6821/6821 6824/6824/6824 
f 6825/6825/6825 6826/6826/6826 6827/6827/6827 
f 6827/6827/6827 6826/6826/6826 6828/6828/6828 
f 6829/6829/6829 6830/6830/6830 6831/6831/6831 
f 6830/6830/6830 6832/6832/6832 6831/6831/6831 
f 6833/6833/6833 6834/6834/6834 6835/6835/6835 
f 6834/6834/6834 6833/6833/6833 6836/6836/6836 
f 6837/6837/6837 6838/6838/6838 6839/6839/6839 
f 6838/6838/6838 6837/6837/6837 6840/6840/6840 
f 6841/6841/6841 6842/6842/6842 6843/6843/6843 
f 6842/6842/6842 6841/6841/6841 6844/6844/6844 
f 6845/6845/6845 6846/6846/6846 6847/6847/6847 
f 6846/6846/6846 6845/6845/6845 6848/6848/6848 
f 6849/6849/6849 6850/6850/6850 6851/6851/6851 
f 6850/6850/6850 6849/6849/6849 6852/6852/6852 
f 6853/6853/6853 6854/6854/6854 6855/6855/6855 
f 6855/6855/6855 6854/6854/6854 6856/6856/6856 
f 6857/6857/6857 6858/6858/6858 6859/6859/6859 
f 6860/6860/6860 6861/6861/6861 6862/6862/6862 
f 6861/6861/6861 6860/6860/6860 6863/6863/6863 
f 6864/6864/6864 6865/6865/6865 6866/6866/6866 
f 6867/6867/6867 6868/6868/6868 6869/6869/6869 
f 6869/6869/6869 6870/6870/6870 6867/6867/6867 
f 6871/6871/6871 6872/6872/6872 6873/6873/6873 
f 6871/6871/6871 6873/6873/6873 6874/6874/6874 
f 6875/6875/6875 6876/6876/6876 6877/6877/6877 
f 6876/6876/6876 6875/6875/6875 6878/6878/6878 
f 6879/6879/6879 6880/6880/6880 6881/6881/6881 
f 6880/6880/6880 6879/6879/6879 6882/6882/6882 
f 6883/6883/6883 6884/6884/6884 6885/6885/6885 
f 6885/6885/6885 6886/6886/6886 6883/6883/6883 
f 6887/6887/6887 6888/6888/6888 6889/6889/6889 
f 6889/6889/6889 6888/6888/6888 6890/6890/6890 
f 6891/6891/6891 6892/6892/6892 6893/6893/6893 
f 6892/6892/6892 6891/6891/6891 6894/6894/6894 
f 6895/6895/6895 6896/6896/6896 6897/6897/6897 
f 6895/6895/6895 6898/6898/6898 6896/6896/6896 
f 6899/6899/6899 6900/6900/6900 6898/6898/6898 
f 6901/6901/6901 6902/6902/6902 6903/6903/6903 
f 6902/6902/6902 6901/6901/6901 6904/6904/6904 
f 6905/6905/6905 6906/6906/6906 6907/6907/6907 
f 6906/6906/6906 6905/6905/6905 6908/6908/6908 
f 6909/6909/6909 6910/6910/6910 6911/6911/6911 
f 6911/6911/6911 6910/6910/6910 6912/6912/6912 
f 6913/6913/6913 6914/6914/6914 6915/6915/6915 
f 6914/6914/6914 6913/6913/6913 6916/6916/6916 
f 6917/6917/6917 6918/6918/6918 6919/6919/6919 
f 6918/6918/6918 6917/6917/6917 6920/6920/6920 
f 6921/6921/6921 6922/6922/6922 6923/6923/6923 
f 6922/6922/6922 6921/6921/6921 6924/6924/6924 
f 6925/6925/6925 6926/6926/6926 6927/6927/6927 
f 6926/6926/6926 6928/6928/6928 6927/6927/6927 
f 6929/6929/6929 6930/6930/6930 6925/6925/6925 
f 6930/6930/6930 6929/6929/6929 6931/6931/6931 
f 6932/6932/6932 6933/6933/6933 6928/6928/6928 
f 6933/6933/6933 6932/6932/6932 6934/6934/6934 
f 6935/6935/6935 6936/6936/6936 6937/6937/6937 
f 6935/6935/6935 6937/6937/6937 6938/6938/6938 
f 6939/6939/6939 6940/6940/6940 6941/6941/6941 
f 6940/6940/6940 6939/6939/6939 6942/6942/6942 
f 6943/6943/6943 6944/6944/6944 6945/6945/6945 
f 6943/6943/6943 6945/6945/6945 6946/6946/6946 
f 6947/6947/6947 6948/6948/6948 6949/6949/6949 
f 6947/6947/6947 6949/6949/6949 6950/6950/6950 
f 6951/6951/6951 6952/6952/6952 6948/6948/6948 
f 6952/6952/6952 6951/6951/6951 6953/6953/6953 
f 6954/6954/6954 6955/6955/6955 6956/6956/6956 
f 6957/6957/6957 6958/6958/6958 6959/6959/6959 
f 6960/6960/6960 6959/6959/6959 6958/6958/6958 
f 6961/6961/6961 6962/6962/6962 6960/6960/6960 
f 6962/6962/6962 6961/6961/6961 6963/6963/6963 
f 6964/6964/6964 6965/6965/6965 6966/6966/6966 
f 6967/6967/6967 6968/6968/6968 6969/6969/6969 
f 6970/6970/6970 6971/6971/6971 6972/6972/6972 
f 6973/6973/6973 6974/6974/6974 6975/6975/6975 
f 6974/6974/6974 6976/6976/6976 6975/6975/6975 
f 6977/6977/6977 6978/6978/6978 6973/6973/6973 
f 6977/6977/6977 6979/6979/6979 6978/6978/6978 
f 6980/6980/6980 6981/6981/6981 6982/6982/6982 
f 6980/6980/6980 6982/6982/6982 6983/6983/6983 
f 6984/6984/6984 6985/6985/6985 6986/6986/6986 
f 6985/6985/6985 6984/6984/6984 6987/6987/6987 
f 6988/6988/6988 6989/6989/6989 6990/6990/6990 
f 6991/6991/6991 6992/6992/6992 6993/6993/6993 
f 6992/6992/6992 6991/6991/6991 6994/6994/6994 
f 6995/6995/6995 6996/6996/6996 6997/6997/6997 
f 6997/6997/6997 6998/6998/6998 6995/6995/6995 
f 6999/6999/6999 7000/7000/7000 7001/7001/7001 
f 7001/7001/7001 7002/7002/7002 6999/6999/6999 
f 7003/7003/7003 7004/7004/7004 7005/7005/7005 
f 7004/7004/7004 7003/7003/7003 7006/7006/7006 
f 7007/7007/7007 7008/7008/7008 7009/7009/7009 
f 7008/7008/7008 7007/7007/7007 7010/7010/7010 
f 7011/7011/7011 7012/7012/7012 7013/7013/7013 
f 7014/7014/7014 7015/7015/7015 7016/7016/7016 
f 7017/7017/7017 7018/7018/7018 7019/7019/7019 
f 7018/7018/7018 7017/7017/7017 7020/7020/7020 
f 7021/7021/7021 7022/7022/7022 7019/7019/7019 
f 7022/7022/7022 7021/7021/7021 7023/7023/7023 
f 7024/7024/7024 7025/7025/7025 7026/7026/7026 
f 7025/7025/7025 7024/7024/7024 7027/7027/7027 
f 7028/7028/7028 7029/7029/7029 7026/7026/7026 
f 7029/7029/7029 7028/7028/7028 7030/7030/7030 
f 7031/7031/7031 7032/7032/7032 7033/7033/7033 
f 7032/7032/7032 7031/7031/7031 7034/7034/7034 
f 7035/7035/7035 7036/7036/7036 7037/7037/7037 
f 7036/7036/7036 7035/7035/7035 7038/7038/7038 
f 7039/7039/7039 7040/7040/7040 7041/7041/7041 
f 7042/7042/7042 7043/7043/7043 7044/7044/7044 
f 7043/7043/7043 7042/7042/7042 7045/7045/7045 
f 7046/7046/7046 7047/7047/7047 7048/7048/7048 
f 7047/7047/7047 7046/7046/7046 7049/7049/7049 
f 7050/7050/7050 7051/7051/7051 7052/7052/7052 
f 7051/7051/7051 7050/7050/7050 7053/7053/7053 
f 7054/7054/7054 7055/7055/7055 7056/7056/7056 
f 7057/7057/7057 7058/7058/7058 7059/7059/7059 
f 7060/7060/7060 7061/7061/7061 7062/7062/7062 
f 7060/7060/7060 7063/7063/7063 7061/7061/7061 
f 7064/7064/7064 7065/7065/7065 7066/7066/7066 
f 7066/7066/7066 7065/7065/7065 7067/7067/7067 
f 7068/7068/7068 7069/7069/7069 7070/7070/7070 
f 7069/7069/7069 7071/7071/7071 7070/7070/7070 
f 7072/7072/7072 7073/7073/7073 7074/7074/7074 
f 7073/7073/7073 7072/7072/7072 7075/7075/7075 
f 7074/7074/7074 7076/7076/7076 7077/7077/7077 
f 7078/7078/7078 7079/7079/7079 7080/7080/7080 
f 7079/7079/7079 7078/7078/7078 7081/7081/7081 
f 7082/7082/7082 7083/7083/7083 7084/7084/7084 
f 7085/7085/7085 7086/7086/7086 7087/7087/7087 
f 7088/7088/7088 7089/7089/7089 7090/7090/7090 
f 7091/7091/7091 7092/7092/7092 7089/7089/7089 
f 7092/7092/7092 7091/7091/7091 7093/7093/7093 
f 7094/7094/7094 7095/7095/7095 7096/7096/7096 
f 7095/7095/7095 7094/7094/7094 7097/7097/7097 
f 7098/7098/7098 7099/7099/7099 7100/7100/7100 
f 7099/7099/7099 7098/7098/7098 7101/7101/7101 
f 7102/7102/7102 7103/7103/7103 7104/7104/7104 
f 7105/7105/7105 7106/7106/7106 7107/7107/7107 
f 7105/7105/7105 7107/7107/7107 7108/7108/7108 
f 7109/7109/7109 7110/7110/7110 7111/7111/7111 
f 7111/7111/7111 7110/7110/7110 7112/7112/7112 
f 7113/7113/7113 7114/7114/7114 7112/7112/7112 
f 7115/7115/7115 7116/7116/7116 7117/7117/7117 
f 7118/7118/7118 7119/7119/7119 7120/7120/7120 
f 7121/7121/7121 7122/7122/7122 7123/7123/7123 
f 7122/7122/7122 7121/7121/7121 7124/7124/7124 
f 7125/7125/7125 7126/7126/7126 7127/7127/7127 
f 7128/7128/7128 7127/7127/7127 7129/7129/7129 
f 7128/7128/7128 7129/7129/7129 7130/7130/7130 
f 7131/7131/7131 7132/7132/7132 7133/7133/7133 
f 7132/7132/7132 7131/7131/7131 7134/7134/7134 
f 7135/7135/7135 7136/7136/7136 7137/7137/7137 
f 7138/7138/7138 7139/7139/7139 7140/7140/7140 
f 7140/7140/7140 7139/7139/7139 7141/7141/7141 
f 7142/7142/7142 7143/7143/7143 7144/7144/7144 
f 7143/7143/7143 7142/7142/7142 7145/7145/7145 
f 7146/7146/7146 7147/7147/7147 7148/7148/7148 
f 7147/7147/7147 7146/7146/7146 7149/7149/7149 
f 7148/7148/7148 7150/7150/7150 7151/7151/7151 
f 7150/7150/7150 7152/7152/7152 7151/7151/7151 
f 7153/7153/7153 7154/7154/7154 7155/7155/7155 
f 7154/7154/7154 7153/7153/7153 7156/7156/7156 
f 7157/7157/7157 7155/7155/7155 7158/7158/7158 
f 7159/7159/7159 7160/7160/7160 7161/7161/7161 
f 7160/7160/7160 7159/7159/7159 7162/7162/7162 
f 7163/7163/7163 7164/7164/7164 7161/7161/7161 
f 7165/7165/7165 7166/7166/7166 7167/7167/7167 
f 7168/7168/7168 7169/7169/7169 7170/7170/7170 
f 7170/7170/7170 7169/7169/7169 7171/7171/7171 
f 7169/7169/7169 7168/7168/7168 7172/7172/7172 
f 7173/7173/7173 7174/7174/7174 7175/7175/7175 
f 7176/7176/7176 7177/7177/7177 7178/7178/7178 
f 7177/7177/7177 7176/7176/7176 7179/7179/7179 
f 7180/7180/7180 7181/7181/7181 7182/7182/7182 
f 7183/7183/7183 7184/7184/7184 7185/7185/7185 
f 7185/7185/7185 7184/7184/7184 7186/7186/7186 
f 7187/7187/7187 7188/7188/7188 7189/7189/7189 
f 7190/7190/7190 7191/7191/7191 7192/7192/7192 
f 7191/7191/7191 7190/7190/7190 7193/7193/7193 
f 7194/7194/7194 7191/7191/7191 7193/7193/7193 
f 7195/7195/7195 7196/7196/7196 7197/7197/7197 
f 7198/7198/7198 7199/7199/7199 7200/7200/7200 
f 7201/7201/7201 7202/7202/7202 7203/7203/7203 
f 7203/7203/7203 7204/7204/7204 7205/7205/7205 
f 7204/7204/7204 7206/7206/7206 7205/7205/7205 
f 7207/7207/7207 7208/7208/7208 7209/7209/7209 
f 7210/7210/7210 7211/7211/7211 7212/7212/7212 
f 7211/7211/7211 7210/7210/7210 7213/7213/7213 
f 7214/7214/7214 7215/7215/7215 7213/7213/7213 
f 7215/7215/7215 7214/7214/7214 7216/7216/7216 
f 7217/7217/7217 7218/7218/7218 7219/7219/7219 
f 7220/7220/7220 7221/7221/7221 7222/7222/7222 
f 7223/7223/7223 7224/7224/7224 7225/7225/7225 
f 7224/7224/7224 7223/7223/7223 7226/7226/7226 
f 7227/7227/7227 7228/7228/7228 7229/7229/7229 
f 7229/7229/7229 7230/7230/7230 7227/7227/7227 
f 7231/7231/7231 7232/7232/7232 7233/7233/7233 
f 7234/7234/7234 7235/7235/7235 7236/7236/7236 
f 7237/7237/7237 7238/7238/7238 7239/7239/7239 
f 7240/7240/7240 7241/7241/7241 7242/7242/7242 
f 7243/7243/7243 7244/7244/7244 7245/7245/7245 
f 7243/7243/7243 7246/7246/7246 7244/7244/7244 
f 7246/7246/7246 7243/7243/7243 7247/7247/7247 
f 7247/7247/7247 7248/7248/7248 7246/7246/7246 
f 7249/7249/7249 7250/7250/7250 7251/7251/7251 
f 7249/7249/7249 7251/7251/7251 7252/7252/7252 
f 7250/7250/7250 7253/7253/7253 7251/7251/7251 
f 7253/7253/7253 7250/7250/7250 7254/7254/7254 
f 7255/7255/7255 7256/7256/7256 7257/7257/7257 
f 7257/7257/7257 7256/7256/7256 7258/7258/7258 
f 7259/7259/7259 7260/7260/7260 7261/7261/7261 
f 7262/7262/7262 7263/7263/7263 7264/7264/7264 
f 7265/7265/7265 7266/7266/7266 7264/7264/7264 
f 7266/7266/7266 7265/7265/7265 7267/7267/7267 
f 7268/7268/7268 7269/7269/7269 7270/7270/7270 
f 7270/7270/7270 7269/7269/7269 7271/7271/7271 
f 7272/7272/7272 7273/7273/7273 7274/7274/7274 
f 7273/7273/7273 7272/7272/7272 7275/7275/7275 
f 7276/7276/7276 7277/7277/7277 7278/7278/7278 
f 7279/7279/7279 7280/7280/7280 7281/7281/7281 
f 7281/7281/7281 7280/7280/7280 7282/7282/7282 
f 7283/7283/7283 7284/7284/7284 7285/7285/7285 
f 7285/7285/7285 7284/7284/7284 7286/7286/7286 
f 7287/7287/7287 7286/7286/7286 7288/7288/7288 
f 7289/7289/7289 7290/7290/7290 7283/7283/7283 
f 7290/7290/7290 7289/7289/7289 7291/7291/7291 
f 7292/7292/7292 7293/7293/7293 7294/7294/7294 
f 7295/7295/7295 7296/7296/7296 7292/7292/7292 
f 7295/7295/7295 7297/7297/7297 7296/7296/7296 
f 7298/7298/7298 7299/7299/7299 7300/7300/7300 
f 7301/7301/7301 7302/7302/7302 7303/7303/7303 
f 7302/7302/7302 7304/7304/7304 7303/7303/7303 
f 7305/7305/7305 7306/7306/7306 7307/7307/7307 
f 7308/7308/7308 7309/7309/7309 7310/7310/7310 
f 7311/7311/7311 7312/7312/7312 7313/7313/7313 
f 7314/7314/7314 7315/7315/7315 7316/7316/7316 
f 7317/7317/7317 7318/7318/7318 7319/7319/7319 
f 7320/7320/7320 7321/7321/7321 7322/7322/7322 
f 7321/7321/7321 7320/7320/7320 7323/7323/7323 
f 7324/7324/7324 7325/7325/7325 7326/7326/7326 
f 7327/7327/7327 7328/7328/7328 7329/7329/7329 
f 7330/7330/7330 7331/7331/7331 7332/7332/7332 
f 7333/7333/7333 7334/7334/7334 7335/7335/7335 
f 7334/7334/7334 7333/7333/7333 7336/7336/7336 
f 7337/7337/7337 7338/7338/7338 7339/7339/7339 
f 7338/7338/7338 7337/7337/7337 7340/7340/7340 
f 7341/7341/7341 7342/7342/7342 7343/7343/7343 
f 7342/7342/7342 7344/7344/7344 7343/7343/7343 
f 7342/7342/7342 7341/7341/7341 7345/7345/7345 
f 7346/7346/7346 7347/7347/7347 7348/7348/7348 
f 7347/7347/7347 7346/7346/7346 7349/7349/7349 
f 7350/7350/7350 7351/7351/7351 7352/7352/7352 
f 7351/7351/7351 7350/7350/7350 7353/7353/7353 
f 7354/7354/7354 7355/7355/7355 7356/7356/7356 
f 7355/7355/7355 7354/7354/7354 7357/7357/7357 
f 7358/7358/7358 7359/7359/7359 7360/7360/7360 
f 7359/7359/7359 7358/7358/7358 7361/7361/7361 
f 7362/7362/7362 7363/7363/7363 7364/7364/7364 
f 7363/7363/7363 7362/7362/7362 7365/7365/7365 
f 7365/7365/7365 7366/7366/7366 7363/7363/7363 
f 7367/7367/7367 7368/7368/7368 7369/7369/7369 
f 7368/7368/7368 7367/7367/7367 7370/7370/7370 
f 7371/7371/7371 7372/7372/7372 7373/7373/7373 
f 7374/7374/7374 7375/7375/7375 7376/7376/7376 
f 7375/7375/7375 7374/7374/7374 7377/7377/7377 
f 7376/7376/7376 7378/7378/7378 7379/7379/7379 
f 7379/7379/7379 7378/7378/7378 7380/7380/7380 
f 7381/7381/7381 7382/7382/7382 7383/7383/7383 
f 7384/7384/7384 7385/7385/7385 7386/7386/7386 
f 7387/7387/7387 7388/7388/7388 7389/7389/7389 
f 7388/7388/7388 7387/7387/7387 7390/7390/7390 
f 7391/7391/7391 7392/7392/7392 7393/7393/7393 
f 7392/7392/7392 7394/7394/7394 7393/7393/7393 
f 7395/7395/7395 7396/7396/7396 7397/7397/7397 
f 7396/7396/7396 7395/7395/7395 7398/7398/7398 
f 7399/7399/7399 7400/7400/7400 7401/7401/7401 
f 7400/7400/7400 7399/7399/7399 7402/7402/7402 
f 7403/7403/7403 7404/7404/7404 7405/7405/7405 
f 7404/7404/7404 7403/7403/7403 7406/7406/7406 
f 7407/7407/7407 7408/7408/7408 7409/7409/7409 
f 7408/7408/7408 7407/7407/7407 7410/7410/7410 
f 7411/7411/7411 7412/7412/7412 7413/7413/7413 
f 7412/7412/7412 7411/7411/7411 7414/7414/7414 
f 7415/7415/7415 7416/7416/7416 7414/7414/7414 
f 7417/7417/7417 7416/7416/7416 7415/7415/7415 
f 7418/7418/7418 7419/7419/7419 7420/7420/7420 
f 7419/7419/7419 7418/7418/7418 7421/7421/7421 
f 7422/7422/7422 7423/7423/7423 7424/7424/7424 
f 7424/7424/7424 7423/7423/7423 7425/7425/7425 
f 7426/7426/7426 7423/7423/7423 7422/7422/7422 
f 7423/7423/7423 7426/7426/7426 7427/7427/7427 
f 7428/7428/7428 7429/7429/7429 7430/7430/7430 
f 7431/7431/7431 7432/7432/7432 7433/7433/7433 
f 7432/7432/7432 7431/7431/7431 7434/7434/7434 
f 7435/7435/7435 7436/7436/7436 7433/7433/7433 
f 7436/7436/7436 7435/7435/7435 7437/7437/7437 
f 7438/7438/7438 7439/7439/7439 7440/7440/7440 
f 7439/7439/7439 7438/7438/7438 7441/7441/7441 
f 7442/7442/7442 7443/7443/7443 7444/7444/7444 
f 7443/7443/7443 7442/7442/7442 7445/7445/7445 
f 7446/7446/7446 7447/7447/7447 7448/7448/7448 
f 7448/7448/7448 7447/7447/7447 7449/7449/7449 
f 7450/7450/7450 7451/7451/7451 7452/7452/7452 
f 7451/7451/7451 7450/7450/7450 7453/7453/7453 
f 7454/7454/7454 7455/7455/7455 7456/7456/7456 
f 7455/7455/7455 7454/7454/7454 7457/7457/7457 
f 7458/7458/7458 7459/7459/7459 7460/7460/7460 
f 7458/7458/7458 7461/7461/7461 7459/7459/7459 
f 7462/7462/7462 7463/7463/7463 7464/7464/7464 
f 7463/7463/7463 7462/7462/7462 7465/7465/7465 
f 7466/7466/7466 7467/7467/7467 7468/7468/7468 
f 7469/7469/7469 7470/7470/7470 7471/7471/7471 
f 7472/7472/7472 7471/7471/7471 7470/7470/7470 
f 7473/7473/7473 7474/7474/7474 7475/7475/7475 
f 7475/7475/7475 7476/7476/7476 7473/7473/7473 
f 7477/7477/7477 7478/7478/7478 7479/7479/7479 
f 7478/7478/7478 7477/7477/7477 7480/7480/7480 
f 7481/7481/7481 7482/7482/7482 7479/7479/7479 
f 7482/7482/7482 7481/7481/7481 7483/7483/7483 
f 7484/7484/7484 7485/7485/7485 7486/7486/7486 
f 7486/7486/7486 7485/7485/7485 7487/7487/7487 
f 7488/7488/7488 7489/7489/7489 7490/7490/7490 
f 7489/7489/7489 7488/7488/7488 7491/7491/7491 
f 7492/7492/7492 7493/7493/7493 7494/7494/7494 
f 7495/7495/7495 7493/7493/7493 7492/7492/7492 
f 7493/7493/7493 7495/7495/7495 7496/7496/7496 
f 7497/7497/7497 7498/7498/7498 7499/7499/7499 
f 7498/7498/7498 7497/7497/7497 7500/7500/7500 
f 7501/7501/7501 7502/7502/7502 7503/7503/7503 
f 7502/7502/7502 7501/7501/7501 7504/7504/7504 
f 7505/7505/7505 7506/7506/7506 7507/7507/7507 
f 7506/7506/7506 7505/7505/7505 7508/7508/7508 
f 7509/7509/7509 7510/7510/7510 7511/7511/7511 
f 7512/7512/7512 7513/7513/7513 7510/7510/7510 
f 7513/7513/7513 7512/7512/7512 7514/7514/7514 
f 7515/7515/7515 7516/7516/7516 7517/7517/7517 
f 7517/7517/7517 7516/7516/7516 7518/7518/7518 
f 7519/7519/7519 7520/7520/7520 7521/7521/7521 
f 7520/7520/7520 7522/7522/7522 7521/7521/7521 
f 7523/7523/7523 7522/7522/7522 7524/7524/7524 
f 7524/7524/7524 7522/7522/7522 7525/7525/7525 
f 7522/7522/7522 7526/7526/7526 7525/7525/7525 
f 7527/7527/7527 7528/7528/7528 7529/7529/7529 
f 7529/7529/7529 7528/7528/7528 7530/7530/7530 
f 7531/7531/7531 7532/7532/7532 7533/7533/7533 
f 7532/7532/7532 7531/7531/7531 7534/7534/7534 
f 7535/7535/7535 7536/7536/7536 7537/7537/7537 
f 7536/7536/7536 7535/7535/7535 7538/7538/7538 
f 7539/7539/7539 7540/7540/7540 7541/7541/7541 
f 7540/7540/7540 7539/7539/7539 7542/7542/7542 
f 7543/7543/7543 7544/7544/7544 7545/7545/7545 
f 7543/7543/7543 7545/7545/7545 7546/7546/7546 
f 7545/7545/7545 7547/7547/7547 7546/7546/7546 
f 7548/7548/7548 7549/7549/7549 7550/7550/7550 
f 7549/7549/7549 7548/7548/7548 7551/7551/7551 
f 7552/7552/7552 7553/7553/7553 7551/7551/7551 
f 7553/7553/7553 7552/7552/7552 7554/7554/7554 
f 7553/7553/7553 7554/7554/7554 7555/7555/7555 
f 7556/7556/7556 7557/7557/7557 7558/7558/7558 
f 7558/7558/7558 7559/7559/7559 7556/7556/7556 
f 7559/7559/7559 7558/7558/7558 7560/7560/7560 
f 7561/7561/7561 7562/7562/7562 7557/7557/7557 
f 7562/7562/7562 7561/7561/7561 7563/7563/7563 
f 7564/7564/7564 7565/7565/7565 7566/7566/7566 
f 7567/7567/7567 7565/7565/7565 7564/7564/7564 
f 7565/7565/7565 7567/7567/7567 7568/7568/7568 
f 7569/7569/7569 7570/7570/7570 7571/7571/7571 
f 7570/7570/7570 7569/7569/7569 7572/7572/7572 
f 7573/7573/7573 7574/7574/7574 7575/7575/7575 
f 7575/7575/7575 7574/7574/7574 7576/7576/7576 
f 7577/7577/7577 7578/7578/7578 7579/7579/7579 
f 7578/7578/7578 7577/7577/7577 7580/7580/7580 
f 7581/7581/7581 7582/7582/7582 7583/7583/7583 
f 7584/7584/7584 7585/7585/7585 7586/7586/7586 
f 7585/7585/7585 7584/7584/7584 7587/7587/7587 
f 7588/7588/7588 7589/7589/7589 7590/7590/7590 
f 7591/7591/7591 7592/7592/7592 7593/7593/7593 
f 7594/7594/7594 7595/7595/7595 7596/7596/7596 
f 7595/7595/7595 7594/7594/7594 7597/7597/7597 
f 7598/7598/7598 7599/7599/7599 7600/7600/7600 
f 7598/7598/7598 7601/7601/7601 7599/7599/7599 
f 7601/7601/7601 7598/7598/7598 7602/7602/7602 
f 7601/7601/7601 7602/7602/7602 7603/7603/7603 
f 7604/7604/7604 7605/7605/7605 7606/7606/7606 
f 7605/7605/7605 7604/7604/7604 7607/7607/7607 
f 7608/7608/7608 7609/7609/7609 7610/7610/7610 
f 7611/7611/7611 7612/7612/7612 7613/7613/7613 
f 7612/7612/7612 7611/7611/7611 7614/7614/7614 
f 7615/7615/7615 7616/7616/7616 7617/7617/7617 
f 7618/7618/7618 7619/7619/7619 7620/7620/7620 
f 7620/7620/7620 7619/7619/7619 7621/7621/7621 
f 7622/7622/7622 7623/7623/7623 7624/7624/7624 
f 7625/7625/7625 7626/7626/7626 7627/7627/7627 
f 7628/7628/7628 7625/7625/7625 7627/7627/7627 
f 7626/7626/7626 7625/7625/7625 7629/7629/7629 
f 7630/7630/7630 7629/7629/7629 7631/7631/7631 
f 7631/7631/7631 7632/7632/7632 7630/7630/7630 
f 7633/7633/7633 7634/7634/7634 7635/7635/7635 
f 7636/7636/7636 7635/7635/7635 7634/7634/7634 
f 7637/7637/7637 7638/7638/7638 7639/7639/7639 
f 7639/7639/7639 7638/7638/7638 7640/7640/7640 
f 7640/7640/7640 7641/7641/7641 7642/7642/7642 
f 7643/7643/7643 7642/7642/7642 7641/7641/7641 
f 7644/7644/7644 7643/7643/7643 7645/7645/7645 
f 7646/7646/7646 7645/7645/7645 7643/7643/7643 
f 7645/7645/7645 7646/7646/7646 7647/7647/7647 
f 7648/7648/7648 7647/7647/7647 7646/7646/7646 
f 7649/7649/7649 7650/7650/7650 7651/7651/7651 
f 7650/7650/7650 7649/7649/7649 7652/7652/7652 
f 7653/7653/7653 7654/7654/7654 7655/7655/7655 
f 7656/7656/7656 7657/7657/7657 7658/7658/7658 
f 7657/7657/7657 7656/7656/7656 7659/7659/7659 
f 7660/7660/7660 7661/7661/7661 7662/7662/7662 
f 7662/7662/7662 7663/7663/7663 7660/7660/7660 
f 7664/7664/7664 7665/7665/7665 7666/7666/7666 
f 7665/7665/7665 7667/7667/7667 7666/7666/7666 
f 7668/7668/7668 7669/7669/7669 7670/7670/7670 
f 7669/7669/7669 7671/7671/7671 7670/7670/7670 
f 7671/7671/7671 7672/7672/7672 7673/7673/7673 
f 7674/7674/7674 7671/7671/7671 7673/7673/7673 
f 7675/7675/7675 7676/7676/7676 7677/7677/7677 
f 7676/7676/7676 7678/7678/7678 7677/7677/7677 
f 7679/7679/7679 7680/7680/7680 7678/7678/7678 
f 7680/7680/7680 7679/7679/7679 7681/7681/7681 
f 7682/7682/7682 7683/7683/7683 7684/7684/7684 
f 7684/7684/7684 7683/7683/7683 7685/7685/7685 
f 7686/7686/7686 7687/7687/7687 7688/7688/7688 
f 7687/7687/7687 7686/7686/7686 7689/7689/7689 
f 7690/7690/7690 7691/7691/7691 7692/7692/7692 
f 7692/7692/7692 7693/7693/7693 7690/7690/7690 
f 7694/7694/7694 7692/7692/7692 7695/7695/7695 
f 7695/7695/7695 7696/7696/7696 7694/7694/7694 
f 7697/7697/7697 7698/7698/7698 7699/7699/7699 
f 7700/7700/7700 7701/7701/7701 7702/7702/7702 
f 7701/7701/7701 7700/7700/7700 7703/7703/7703 
f 7704/7704/7704 7705/7705/7705 7706/7706/7706 
f 7704/7704/7704 7706/7706/7706 7707/7707/7707 
f 7708/7708/7708 7709/7709/7709 7710/7710/7710 
f 7709/7709/7709 7708/7708/7708 7711/7711/7711 
f 7712/7712/7712 7713/7713/7713 7714/7714/7714 
f 7712/7712/7712 7714/7714/7714 7715/7715/7715 
f 7716/7716/7716 7717/7717/7717 7718/7718/7718 
f 7716/7716/7716 7718/7718/7718 7719/7719/7719 
f 7720/7720/7720 7721/7721/7721 7722/7722/7722 
f 7721/7721/7721 7720/7720/7720 7723/7723/7723 
f 7724/7724/7724 7725/7725/7725 7726/7726/7726 
f 7725/7725/7725 7724/7724/7724 7727/7727/7727 
f 7728/7728/7728 7729/7729/7729 7730/7730/7730 
f 7728/7728/7728 7730/7730/7730 7731/7731/7731 
f 7732/7732/7732 7733/7733/7733 7734/7734/7734 
f 7734/7734/7734 7733/7733/7733 7735/7735/7735 
f 7736/7736/7736 7737/7737/7737 7738/7738/7738 
f 7739/7739/7739 7740/7740/7740 7741/7741/7741 
f 7742/7742/7742 7743/7743/7743 7744/7744/7744 
f 7742/7742/7742 7745/7745/7745 7743/7743/7743 
f 7746/7746/7746 7747/7747/7747 7745/7745/7745 
f 7747/7747/7747 7746/7746/7746 7748/7748/7748 
f 7749/7749/7749 7750/7750/7750 7751/7751/7751 
f 7749/7749/7749 7751/7751/7751 7752/7752/7752 
f 7753/7753/7753 7754/7754/7754 7755/7755/7755 
f 7754/7754/7754 7753/7753/7753 7756/7756/7756 
f 7756/7756/7756 7757/7757/7757 7758/7758/7758 
f 7759/7759/7759 7758/7758/7758 7757/7757/7757 
f 7760/7760/7760 7761/7761/7761 7762/7762/7762 
f 7762/7762/7762 7761/7761/7761 7763/7763/7763 
f 7764/7764/7764 7765/7765/7765 7766/7766/7766 
f 7765/7765/7765 7764/7764/7764 7767/7767/7767 
f 7768/7768/7768 7769/7769/7769 7770/7770/7770 
f 7769/7769/7769 7771/7771/7771 7770/7770/7770 
f 7772/7772/7772 7773/7773/7773 7774/7774/7774 
f 7775/7775/7775 7773/7773/7773 7772/7772/7772 
f 7776/7776/7776 7777/7777/7777 7778/7778/7778 
f 7777/7777/7777 7776/7776/7776 7779/7779/7779 
f 7780/7780/7780 7781/7781/7781 7782/7782/7782 
f 7782/7782/7782 7781/7781/7781 7783/7783/7783 
f 7784/7784/7784 7785/7785/7785 7786/7786/7786 
f 7787/7787/7787 7788/7788/7788 7789/7789/7789 
f 7787/7787/7787 7790/7790/7790 7788/7788/7788 
f 7791/7791/7791 7792/7792/7792 7789/7789/7789 
f 7792/7792/7792 7791/7791/7791 7793/7793/7793 
f 7794/7794/7794 7795/7795/7795 7796/7796/7796 
f 7797/7797/7797 7798/7798/7798 7799/7799/7799 
f 7798/7798/7798 7797/7797/7797 7800/7800/7800 
f 7801/7801/7801 7800/7800/7800 7802/7802/7802 
f 7800/7800/7800 7801/7801/7801 7803/7803/7803 
f 7803/7803/7803 7804/7804/7804 7805/7805/7805 
f 7805/7805/7805 7806/7806/7806 7803/7803/7803 
f 7807/7807/7807 7808/7808/7808 7806/7806/7806 
f 7808/7808/7808 7807/7807/7807 7809/7809/7809 
f 7810/7810/7810 7811/7811/7811 7812/7812/7812 
f 7811/7811/7811 7810/7810/7810 7813/7813/7813 
f 7814/7814/7814 7815/7815/7815 7812/7812/7812 
f 7815/7815/7815 7814/7814/7814 7816/7816/7816 
f 7816/7816/7816 7817/7817/7817 7815/7815/7815 
f 7818/7818/7818 7819/7819/7819 7817/7817/7817 
f 7819/7819/7819 7818/7818/7818 7820/7820/7820 
f 7821/7821/7821 7822/7822/7822 7823/7823/7823 
f 7824/7824/7824 7825/7825/7825 7826/7826/7826 
f 7825/7825/7825 7824/7824/7824 7827/7827/7827 
f 7828/7828/7828 7829/7829/7829 7830/7830/7830 
f 7830/7830/7830 7829/7829/7829 7831/7831/7831 
f 7832/7832/7832 7828/7828/7828 7833/7833/7833 
f 7832/7832/7832 7833/7833/7833 7834/7834/7834 
f 7835/7835/7835 7836/7836/7836 7837/7837/7837 
f 7836/7836/7836 7835/7835/7835 7838/7838/7838 
f 7839/7839/7839 7840/7840/7840 7841/7841/7841 
f 7841/7841/7841 7840/7840/7840 7842/7842/7842 
f 7843/7843/7843 7844/7844/7844 7845/7845/7845 
f 7844/7844/7844 7843/7843/7843 7846/7846/7846 
f 7847/7847/7847 7848/7848/7848 7849/7849/7849 
f 7850/7850/7850 7851/7851/7851 7852/7852/7852 
f 7851/7851/7851 7850/7850/7850 7853/7853/7853 
f 7854/7854/7854 7855/7855/7855 7856/7856/7856 
f 7857/7857/7857 7858/7858/7858 7859/7859/7859 
f 7858/7858/7858 7857/7857/7857 7860/7860/7860 
f 7861/7861/7861 7862/7862/7862 7863/7863/7863 
f 7862/7862/7862 7861/7861/7861 7864/7864/7864 
f 7865/7865/7865 7866/7866/7866 7867/7867/7867 
f 7866/7866/7866 7865/7865/7865 7868/7868/7868 
f 7869/7869/7869 7870/7870/7870 7871/7871/7871 
f 7870/7870/7870 7869/7869/7869 7872/7872/7872 
f 7873/7873/7873 7874/7874/7874 7875/7875/7875 
f 7874/7874/7874 7876/7876/7876 7875/7875/7875 
f 7877/7877/7877 7878/7878/7878 7879/7879/7879 
f 7878/7878/7878 7877/7877/7877 7880/7880/7880 
f 7881/7881/7881 7882/7882/7882 7883/7883/7883 
f 7884/7884/7884 7885/7885/7885 7886/7886/7886 
f 7885/7885/7885 7884/7884/7884 7887/7887/7887 
f 7888/7888/7888 7889/7889/7889 7890/7890/7890 
f 7889/7889/7889 7888/7888/7888 7891/7891/7891 
f 7892/7892/7892 7893/7893/7893 7894/7894/7894 
f 7893/7893/7893 7895/7895/7895 7894/7894/7894 
f 7896/7896/7896 7897/7897/7897 7898/7898/7898 
f 7896/7896/7896 7898/7898/7898 7899/7899/7899 
f 7900/7900/7900 7901/7901/7901 7902/7902/7902 
f 7902/7902/7902 7903/7903/7903 7904/7904/7904 
f 7905/7905/7905 7906/7906/7906 7907/7907/7907 
f 7908/7908/7908 7907/7907/7907 7906/7906/7906 
f 7909/7909/7909 7910/7910/7910 7911/7911/7911 
f 7910/7910/7910 7909/7909/7909 7912/7912/7912 
f 7913/7913/7913 7914/7914/7914 7915/7915/7915 
f 7914/7914/7914 7913/7913/7913 7916/7916/7916 
f 7917/7917/7917 7918/7918/7918 7919/7919/7919 
f 7918/7918/7918 7917/7917/7917 7920/7920/7920 
f 7921/7921/7921 7922/7922/7922 7920/7920/7920 
f 7922/7922/7922 7921/7921/7921 7923/7923/7923 
f 7924/7924/7924 7925/7925/7925 7926/7926/7926 
f 7925/7925/7925 7924/7924/7924 7927/7927/7927 
f 7927/7927/7927 7924/7924/7924 7928/7928/7928 
f 7929/7929/7929 7928/7928/7928 7924/7924/7924 
f 7930/7930/7930 7931/7931/7931 7929/7929/7929 
f 7931/7931/7931 7930/7930/7930 7932/7932/7932 
f 7933/7933/7933 7934/7934/7934 7935/7935/7935 
f 7936/7936/7936 7935/7935/7935 7934/7934/7934 
f 7937/7937/7937 7938/7938/7938 7939/7939/7939 
f 7940/7940/7940 7941/7941/7941 7942/7942/7942 
f 7941/7941/7941 7940/7940/7940 7943/7943/7943 
f 7944/7944/7944 7945/7945/7945 7946/7946/7946 
f 7946/7946/7946 7945/7945/7945 7947/7947/7947 
f 7948/7948/7948 7949/7949/7949 7950/7950/7950 
f 7950/7950/7950 7949/7949/7949 7951/7951/7951 
f 7948/7948/7948 7952/7952/7952 7949/7949/7949 
f 7952/7952/7952 7948/7948/7948 7953/7953/7953 
f 7954/7954/7954 7955/7955/7955 7956/7956/7956 
f 7956/7956/7956 7955/7955/7955 7957/7957/7957 
f 7955/7955/7955 7954/7954/7954 7958/7958/7958 
f 7959/7959/7959 7960/7960/7960 7961/7961/7961 
f 7959/7959/7959 7961/7961/7961 7962/7962/7962 
f 7963/7963/7963 7964/7964/7964 7965/7965/7965 
f 7964/7964/7964 7963/7963/7963 7966/7966/7966 
f 7967/7967/7967 7648/7648/7648 7968/7968/7968 
f 7969/7969/7969 7968/7968/7968 7648/7648/7648 
f 7969/7969/7969 7970/7970/7970 7968/7968/7968 
f 7971/7971/7971 7970/7970/7970 7969/7969/7969 
f 7972/7972/7972 7973/7973/7973 7970/7970/7970 
f 7974/7974/7974 7973/7973/7973 7972/7972/7972 
f 7975/7975/7975 7976/7976/7976 7977/7977/7977 
f 7976/7976/7976 7975/7975/7975 7978/7978/7978 
f 7979/7979/7979 7980/7980/7980 7981/7981/7981 
f 7982/7982/7982 7983/7983/7983 7980/7980/7980 
f 7983/7983/7983 7982/7982/7982 7984/7984/7984 
f 7985/7985/7985 7986/7986/7986 7984/7984/7984 
f 7986/7986/7986 7985/7985/7985 7987/7987/7987 
f 7988/7988/7988 7989/7989/7989 7990/7990/7990 
f 7989/7989/7989 7988/7988/7988 7991/7991/7991 
f 7992/7992/7992 7993/7993/7993 7990/7990/7990 
f 7993/7993/7993 7992/7992/7992 7994/7994/7994 
f 7995/7995/7995 7996/7996/7996 7994/7994/7994 
f 7996/7996/7996 7995/7995/7995 7997/7997/7997 
f 7998/7998/7998 7999/7999/7999 8000/8000/8000 
f 8001/8001/8001 8002/8002/8002 7999/7999/7999 
f 8002/8002/8002 8001/8001/8001 8003/8003/8003 
f 8004/8004/8004 8005/8005/8005 8006/8006/8006 
f 8005/8005/8005 8004/8004/8004 8007/8007/8007 
f 8008/8008/8008 8009/8009/8009 8010/8010/8010 
f 8008/8008/8008 8010/8010/8010 8011/8011/8011 
f 8012/8012/8012 8013/8013/8013 8014/8014/8014 
f 8015/8015/8015 8016/8016/8016 8017/8017/8017 
f 8016/8016/8016 8018/8018/8018 8017/8017/8017 
f 8019/8019/8019 8018/8018/8018 8016/8016/8016 
f 8020/8020/8020 8021/8021/8021 8018/8018/8018 
f 8022/8022/8022 8021/8021/8021 8020/8020/8020 
f 8022/8022/8022 8023/8023/8023 8024/8024/8024 
f 8025/8025/8025 8023/8023/8023 8022/8022/8022 
f 8026/8026/8026 8027/8027/8027 8028/8028/8028 
f 8029/8029/8029 8026/8026/8026 8030/8030/8030 
f 8031/8031/8031 8032/8032/8032 8033/8033/8033 
f 8034/8034/8034 8035/8035/8035 8036/8036/8036 
f 8037/8037/8037 8038/8038/8038 8039/8039/8039 
f 8040/8040/8040 8039/8039/8039 8038/8038/8038 
f 8041/8041/8041 8042/8042/8042 8043/8043/8043 
f 8044/8044/8044 8045/8045/8045 8046/8046/8046 

