# This file is brought to you by Roblox Corporation
# Generated by Roblox Studio

mtllib hair1.mtl

g Handle1

v -14.1498 2.36887 -27.486 
v -14.1258 2.2912 -27.5451 
v -14.1289 2.37558 -27.5027 
v -14.1355 2.28433 -27.5357 
v -14.1258 2.2912 -27.5451 
v -14.1144 2.19743 -27.618 
v -14.1884 2.21318 -28.2495 
v -14.1199 2.35456 -28.2052 
v -14.1407 2.22616 -28.1685 
v -14.193 2.32255 -28.3124 
v -14.1448 2.55823 -27.4883 
v -14.2066 2.66372 -27.4687 
v -14.1766 2.55402 -27.456 
v -14.1714 2.66464 -27.5062 
v -14.1578 2.45493 -27.462 
v -14.1448 2.55823 -27.4883 
v -14.1303 2.46019 -27.4872 
v -14.1578 2.45493 -27.462 
v -14.1289 2.37558 -27.5027 
v -14.1498 2.36887 -27.486 
v -14.4503 2.56229 -28.769 
v -14.497 2.44369 -28.8008 
v -14.4853 2.56643 -28.7957 
v -14.4726 2.43845 -28.7866 
v -14.497 2.44369 -28.8008 
v -14.5538 2.29861 -28.7501 
v -14.1245 2.49477 -28.2511 
v -14.2456 2.58102 -28.4292 
v -14.1535 2.63687 -28.2954 
v -14.2122 2.44176 -28.3729 
v -14.1245 2.49477 -28.2511 
v -14.193 2.32255 -28.3124 
v -14.1199 2.35456 -28.2052 
v -14.0735 2.41322 -28.154 
v -14.0928 2.50777 -28.2625 
v -14.0585 2.53498 -28.2272 
v -14.1037 2.38834 -28.1772 
v -14.0735 2.41322 -28.154 
v -14.1349 2.27956 -28.0519 
v -14.3165 1.81254 -28.1702 
v -14.2047 1.95475 -27.9911 
v -14.2346 1.82344 -27.9865 
v -14.3047 1.95729 -28.2111 
v -14.0585 2.53498 -28.2272 
v -14.1147 2.63598 -28.3084 
v -14.0791 2.65918 -28.2706 
v -14.0928 2.50777 -28.2625 
v -14.1662 2.27698 -27.6602 
v -14.2515 2.37468 -27.5594 
v -14.1852 2.25556 -27.6412 
v -14.2024 2.40178 -27.5991 
v -14.1662 2.27698 -27.6602 
v -14.1159 2.17642 -27.7533 
v -15.3496 2.15107 -27.1388 
v -15.3237 2.06614 -27.154 
v -15.2896 2.145 -27.1328 
v -15.3575 2.07329 -27.1509 
v -15.3237 2.06614 -27.154 
v -15.3785 1.99471 -27.2121 
v -14.3293 2.0695 -27.7206 
v -14.3325 1.98077 -27.7828 
v -14.304 2.11164 -27.7662 
v -14.3573 1.88572 -27.7496 
v -14.1846 2.11569 -28.1999 
v -14.1407 2.22616 -28.1685 
v -14.1536 2.11781 -28.161 
v -14.1884 2.21318 -28.2495 
v -14.1846 2.11569 -28.1999 
v -14.142 2.02404 -28.1815 
v -14.1312 2.38374 -27.5289 
v -14.1303 2.46019 -27.4872 
v -14.1289 2.37558 -27.5027 
v -14.1348 2.4627 -27.5246 
v -14.3047 1.95729 -28.2111 
v -14.1763 2.07826 -27.9997 
v -14.2047 1.95475 -27.9911 
v -14.2931 2.14484 -28.2384 
v -14.1535 2.63687 -28.2954 
v -14.2456 2.58102 -28.4292 
v -14.295 2.72433 -28.4459 
v -14.1973 2.75983 -28.3067 
v -14.4465 1.80197 -28.3641 
v -14.4074 1.8787 -28.3308 
v -14.4179 1.78301 -28.3147 
v -14.4366 1.92134 -28.3945 
v -14.2999 2.28796 -27.711 
v -14.304 2.11164 -27.7662 
v -14.2794 2.28201 -27.7641 
v -14.3293 2.0695 -27.7206 
v -14.2931 2.14484 -28.2384 
v -14.151 2.26576 -28.0043 
v -14.1763 2.07826 -27.9997 
v -14.2631 2.33831 -28.2449 
v -14.3887 2.07322 -28.3701 
v -14.4083 2.23531 -28.4704 
v -14.3636 2.30435 -28.3989 
v -14.4226 2.10076 -28.4429 
v -14.3887 2.07322 -28.3701 
v -14.4366 1.92134 -28.3945 
v -14.4074 1.8787 -28.3308 
v -14.3003 1.66829 -28.085 
v -14.2346 1.82344 -27.9865 
v -14.2486 1.68783 -27.9777 
v -14.3165 1.81254 -28.1702 
v -14.2782 2.24353 -28.4347 
v -14.2915 2.25096 -28.5174 
v -14.2811 2.31676 -28.508 
v -14.2746 2.34587 -28.3877 
v -14.3325 1.98077 -27.7828 
v -14.2047 1.95475 -27.9911 
v -14.1763 2.07826 -27.9997 
v -14.304 2.11164 -27.7662 
v -15.5414 1.99674 -27.4151 
v -15.5433 1.93242 -27.465 
v -15.5294 1.92932 -27.4583 
v -15.5657 1.99153 -27.4262 
v -15.5433 1.93242 -27.465 
v -15.5399 1.89417 -27.5169 
v -14.274 2.49595 -28.5369 
v -14.2746 2.34587 -28.3877 
v -14.2811 2.31676 -28.508 
v -14.2586 2.50651 -28.3745 
v -15.6113 2.25521 -27.233 
v -15.5318 2.28531 -27.1232 
v -15.6275 2.29224 -27.2206 
v -15.547 2.30237 -27.1166 
v -15.5318 2.28531 -27.1232 
v -15.4593 2.36016 -27.0385 
v -14.2973 2.52103 -27.5062 
v -14.2484 2.67116 -27.5764 
v -14.337 2.66453 -27.4961 
v -14.2264 2.54203 -27.5734 
v -14.2973 2.52103 -27.5062 
v -14.2024 2.40178 -27.5991 
v -14.2515 2.37468 -27.5594 
v -14.1714 2.66464 -27.5062 
v -14.2636 2.80203 -27.5234 
v -14.2066 2.66372 -27.4687 
v -14.222 2.79943 -27.5626 
v -14.1289 2.37558 -27.5027 
v -14.1295 2.29848 -27.5578 
v -14.1312 2.38374 -27.5289 
v -14.1258 2.2912 -27.5451 
v -14.1295 2.29848 -27.5578 
v -14.1144 2.19743 -27.618 
v -15.6177 2.06881 -28.6183 
v -15.5995 1.98921 -28.591 
v -15.6305 2.06551 -28.6016 
v -15.6083 1.99003 -28.5833 
v -15.5995 1.98921 -28.591 
v -15.5903 1.92174 -28.5387 
v -14.2586 2.50651 -28.3745 
v -14.274 2.49595 -28.5369 
v -14.2899 2.60572 -28.5346 
v -14.2651 2.58574 -28.3636 
v -14.3512 1.83152 -27.8171 
v -14.2346 1.82344 -27.9865 
v -14.2047 1.95475 -27.9911 
v -14.3325 1.98077 -27.7828 
v -14.2794 2.28201 -27.7641 
v -14.2684 2.46953 -27.7766 
v -14.2999 2.28796 -27.711 
v -14.2885 2.52311 -27.7269 
v -14.3573 1.88572 -27.7496 
v -14.344 1.85968 -27.8036 
v -14.3325 1.98077 -27.7828 
v -14.3551 1.80256 -27.7663 
v -14.6062 1.89427 -28.5072 
v -14.5422 1.97836 -28.4713 
v -14.5542 1.85644 -28.4363 
v -14.5963 1.97812 -28.5292 
v -14.5336 2.10918 -28.5022 
v -14.5422 1.97836 -28.4713 
v -14.9209 2.0988 -28.7642 
v -14.9751 2.03963 -28.7242 
v -14.949 2.1116 -28.7687 
v -14.99 2.04931 -28.729 
v -14.9751 2.03963 -28.7242 
v -15.0461 1.99629 -28.6822 
v -14.5084 1.95488 -27.5581 
v -14.5055 2.09719 -27.5104 
v -14.5625 1.97034 -27.4774 
v -14.5453 2.11149 -27.4574 
v -14.9669 2.36413 -28.9423 
v -14.9555 2.27929 -28.9492 
v -14.9978 2.35161 -28.9373 
v -14.9741 2.27588 -28.9459 
v -14.9555 2.27929 -28.9492 
v -14.9622 2.18932 -28.9272 
v -14.2631 2.33831 -28.2449 
v -14.152 2.47866 -28.006 
v -14.151 2.26576 -28.0043 
v -14.2721 2.50185 -28.2303 
v -14.1536 2.11781 -28.161 
v -14.1407 2.22616 -28.1685 
v -14.1663 2.11193 -28.1133 
v -14.1793 2.24133 -28.0832 
v -14.1663 2.11193 -28.1133 
v -14.142 2.02404 -28.1815 
v -14.304 2.11164 -27.7662 
v -14.1763 2.07826 -27.9997 
v -14.151 2.26576 -28.0043 
v -14.2794 2.28201 -27.7641 
v -14.151 2.26576 -28.0043 
v -14.2684 2.46953 -27.7766 
v -14.152 2.47866 -28.006 
v -14.8842 2.17027 -28.7963 
v -14.9209 2.0988 -28.7642 
v -14.9231 2.18044 -28.7982 
v -14.949 2.1116 -28.7687 
v -14.2592 2.32346 -28.2955 
v -14.2842 2.05052 -28.2777 
v -14.3636 2.30435 -28.3989 
v -14.3887 2.07322 -28.3701 
v -14.2842 2.05052 -28.2777 
v -14.4074 1.8787 -28.3308 
v -14.3073 1.87133 -28.2384 
v -14.4074 1.8787 -28.3308 
v -14.311 1.76784 -28.2104 
v -14.3912 1.744 -28.2776 
v -14.311 1.76784 -28.2104 
v -14.3619 1.64747 -28.1985 
v -14.3182 1.67026 -28.1653 
v -14.3619 1.64747 -28.1985 
v -14.3281 1.5707 -28.0915 
v -15.501 2.0356 -28.5761 
v -15.5569 2.0005 -28.5083 
v -15.5536 2.04763 -28.5525 
v -15.5279 1.98459 -28.5155 
v -15.5524 1.96435 -28.4639 
v -15.5569 2.0005 -28.5083 
v -15.5636 1.97288 -28.4636 
v -15.5524 1.96435 -28.4639 
v -15.5727 1.96016 -28.4273 
v -14.1685 2.77599 -28.3258 
v -14.2341 2.9362 -28.2807 
v -14.1395 2.79596 -28.2888 
v -14.266 2.91888 -28.3143 
v -14.1685 2.77599 -28.3258 
v -14.0791 2.65918 -28.2706 
v -14.1147 2.63598 -28.3084 
v -14.5055 2.09719 -27.5104 
v -14.4982 2.26106 -27.4759 
v -14.5453 2.11149 -27.4574 
v -14.5311 2.29001 -27.4372 
v -14.1199 2.35456 -28.2052 
v -14.1793 2.24133 -28.0832 
v -14.1407 2.22616 -28.1685 
v -14.1678 2.38842 -28.0851 
v -14.1973 2.75983 -28.3067 
v -14.295 2.72433 -28.4459 
v -14.3467 2.84838 -28.4107 
v -14.2535 2.85804 -28.2812 
v -14.2651 2.58574 -28.3636 
v -14.2899 2.60572 -28.5346 
v -14.3195 2.71467 -28.5073 
v -14.287 2.66496 -28.3399 
v -14.4407 2.58449 -28.6188 
v -14.3195 2.71467 -28.5073 
v -14.2899 2.60572 -28.5346 
v -14.4745 2.6983 -28.5924 
v -14.4142 2.47704 -28.6187 
v -14.4407 2.58449 -28.6188 
v -14.274 2.49595 -28.5369 
v -14.274 2.49595 -28.5369 
v -14.3826 2.32045 -28.5731 
v -14.2811 2.31676 -28.508 
v -14.3693 2.25438 -28.5588 
v -14.3826 2.32045 -28.5731 
v -14.2915 2.25096 -28.5174 
v -14.2592 2.32346 -28.2955 
v -14.2721 2.50185 -28.2303 
v -14.2631 2.33831 -28.2449 
v -14.2771 2.54227 -28.2686 
v -14.2585 2.65025 -27.694 
v -14.272 2.78823 -27.6062 
v -14.2484 2.67116 -27.5764 
v -14.2698 2.74019 -27.7252 
v -14.287 2.66496 -28.3399 
v -14.3195 2.71467 -28.5073 
v -14.3531 2.81479 -28.4619 
v -14.3086 2.74192 -28.3091 
v -14.4125 2.38883 -28.4766 
v -14.3595 2.49538 -28.3758 
v -14.3545 2.39835 -28.3914 
v -14.4366 2.55024 -28.4606 
v -14.3636 2.30435 -28.3989 
v -14.4125 2.38883 -28.4766 
v -14.4083 2.23531 -28.4704 
v -14.4366 1.92134 -28.3945 
v -14.5542 1.85644 -28.4363 
v -14.5422 1.97836 -28.4713 
v -14.4465 1.80197 -28.3641 
v -14.3531 2.81479 -28.4619 
v -14.391 2.90791 -28.3967 
v -14.3086 2.74192 -28.3091 
v -14.3306 2.81896 -28.2704 
v -14.222 2.79943 -27.5626 
v -14.3198 2.90719 -27.5857 
v -14.2636 2.80203 -27.5234 
v -14.2752 2.90477 -27.6248 
v -14.2093 2.41957 -27.665 
v -14.2264 2.54203 -27.5734 
v -14.2024 2.40178 -27.5991 
v -14.2389 2.54553 -27.6724 
v -14.2389 2.54553 -27.6724 
v -14.2484 2.67116 -27.5764 
v -14.2264 2.54203 -27.5734 
v -14.2585 2.65025 -27.694 
v -14.4983 2.77365 -28.616 
v -14.4708 2.66186 -28.7191 
v -14.5384 2.7955 -28.6505 
v -14.5087 2.67213 -28.7512 
v -14.4708 2.66186 -28.7191 
v -14.4853 2.56643 -28.7957 
v -14.4503 2.56229 -28.769 
v -14.3357 2.71008 -27.7697 
v -14.2885 2.52311 -27.7269 
v -14.3029 2.64807 -27.8018 
v -14.2684 2.46953 -27.7766 
v -14.4226 2.10076 -28.4429 
v -14.5422 1.97836 -28.4713 
v -14.5336 2.10918 -28.5022 
v -14.4366 1.92134 -28.3945 
v -14.3047 1.95729 -28.2111 
v -14.3165 1.81254 -28.1702 
v -14.3073 1.87133 -28.2384 
v -14.311 1.76784 -28.2104 
v -14.1245 2.49477 -28.2511 
v -14.2104 2.65385 -28.1342 
v -14.179 2.5318 -28.1063 
v -14.1535 2.63687 -28.2954 
v -14.1678 2.38842 -28.0851 
v -14.1245 2.49477 -28.2511 
v -14.1199 2.35456 -28.2052 
v -14.5699 2.26885 -28.6035 
v -14.5398 2.38499 -28.5345 
v -14.5338 2.24151 -28.531 
v -14.5712 2.44958 -28.5919 
v -14.5336 2.10918 -28.5022 
v -14.5699 2.26885 -28.6035 
v -14.5963 1.97812 -28.5292 
v -15.115 2.17045 -28.872 
v -15.1419 2.0788 -28.8629 
v -15.1847 2.16398 -28.8436 
v -15.1872 2.09164 -28.8415 
v -15.1419 2.0788 -28.8629 
v -15.1994 2.02897 -28.8168 
v -15.1747 2.01732 -28.8206 
v -15.1994 2.02897 -28.8168 
v -15.2171 1.97571 -28.7677 
v -15.4055 2.12576 -27.2747 
v -15.5346 2.24618 -27.3132 
v -15.5103 2.11706 -27.3026 
v -15.4101 2.27269 -27.2747 
v -15.499 2.01873 -27.3244 
v -15.4055 2.12576 -27.2747 
v -15.4174 2.00991 -27.3109 
v -15.499 2.01873 -27.3244 
v -15.453 1.93541 -27.3846 
v -15.5007 1.94441 -27.3797 
v -15.453 1.93541 -27.3846 
v -15.5183 1.89563 -27.4683 
v -14.342 1.72023 -27.7994 
v -14.4222 1.78897 -27.7332 
v -14.389 1.70048 -27.7752 
v -14.3551 1.80256 -27.7663 
v -14.342 1.72023 -27.7994 
v -14.3061 1.58763 -27.8899 
v -14.957 2.68486 -27.1332 
v -14.8959 2.58085 -27.0773 
v -14.8535 2.67647 -27.1212 
v -14.9701 2.61053 -27.0911 
v -14.9991 2.52593 -27.0872 
v -14.8959 2.58085 -27.0773 
v -14.9604 2.49731 -27.0886 
v -14.9991 2.52593 -27.0872 
v -15.0286 2.43077 -27.1251 
v -14.8651 2.34227 -28.7979 
v -14.9118 2.25141 -28.813 
v -14.916 2.33833 -28.8069 
v -14.8649 2.24917 -28.8101 
v -14.8842 2.17027 -28.7963 
v -14.9118 2.25141 -28.813 
v -14.9231 2.18044 -28.7982 
v -14.3595 2.49538 -28.3758 
v -14.2592 2.32346 -28.2955 
v -14.3545 2.39835 -28.3914 
v -14.3636 2.30435 -28.3989 
v -14.2771 2.54227 -28.2686 
v -14.6164 1.82989 -28.4997 
v -14.5542 1.85644 -28.4363 
v -14.5683 1.80151 -28.4495 
v -14.6062 1.89427 -28.5072 
v -14.5368 2.18703 -28.632 
v -14.6328 2.05521 -28.711 
v -14.6202 2.19679 -28.6919 
v -14.58 2.03648 -28.6824 
v -14.152 2.47866 -28.006 
v -14.3029 2.64807 -27.8018 
v -14.2684 2.46953 -27.7766 
v -14.209 2.72471 -28.0068 
v -14.5779 1.88027 -27.4858 
v -14.5463 1.8664 -27.567 
v -14.5084 1.95488 -27.5581 
v -14.5625 1.97034 -27.4774 
v -14.5779 1.88027 -27.4858 
v -14.5638 1.78906 -27.5184 
v -14.5796 1.8103 -27.4758 
v -14.5638 1.78906 -27.5184 
v -14.5643 1.73954 -27.4323 
v -14.4982 2.26106 -27.4759 
v -14.5063 2.41346 -27.4684 
v -14.5311 2.29001 -27.4372 
v -14.5371 2.45442 -27.4425 
v -15.6275 2.29224 -27.2206 
v -15.6921 2.32122 -27.3285 
v -15.6113 2.25521 -27.233 
v -15.6851 2.26778 -27.3548 
v -14.335 2.98971 -27.7074 
v -14.2727 2.87 -27.6724 
v -14.3302 2.95071 -27.7465 
v -14.2752 2.90477 -27.6248 
v -14.222 2.79943 -27.5626 
v -14.2727 2.87 -27.6724 
v -14.2247 2.77162 -27.6123 
v -14.222 2.79943 -27.5626 
v -14.1787 2.64947 -27.5547 
v -14.1714 2.66464 -27.5062 
v -14.1448 2.55823 -27.4883 
v -14.1787 2.64947 -27.5547 
v -14.1514 2.55281 -27.533 
v -14.1448 2.55823 -27.4883 
v -14.1348 2.4627 -27.5246 
v -14.1303 2.46019 -27.4872 
v -15.6385 2.16076 -28.6135 
v -15.6177 2.06881 -28.6183 
v -15.657 2.1495 -28.595 
v -15.6305 2.06551 -28.6016 
v -14.5307 2.88683 -27.4623 
v -14.429 2.71543 -27.4736 
v -14.4451 2.80706 -27.5645 
v -14.5141 2.76646 -27.376 
v -14.152 2.47866 -28.006 
v -14.2721 2.50185 -28.2303 
v -14.316 2.6763 -28.1977 
v -14.209 2.72471 -28.0068 
v -14.2842 2.05052 -28.2777 
v -14.2592 2.32346 -28.2955 
v -14.2931 2.14484 -28.2384 
v -14.2631 2.33831 -28.2449 
v -14.4982 2.26106 -27.4759 
v -14.3685 2.09974 -27.5784 
v -14.3528 2.26593 -27.5524 
v -14.5055 2.09719 -27.5104 
v -14.5055 2.09719 -27.5104 
v -14.387 1.9579 -27.6097 
v -14.5084 1.95488 -27.5581 
v -14.5336 2.10918 -28.5022 
v -14.4083 2.23531 -28.4704 
v -14.4226 2.10076 -28.4429 
v -14.5338 2.24151 -28.531 
v -15.6577 2.04517 -27.6049 
v -15.7067 2.07904 -27.6728 
v -15.7014 2.07173 -27.6812 
v -15.6614 2.0494 -27.6016 
v -15.6577 2.04517 -27.6049 
v -15.6056 2.04651 -27.5153 
v -15.5243 2.55541 -27.2354 
v -15.4703 2.49511 -27.1891 
v -15.4655 2.56246 -27.2118 
v -15.5152 2.49119 -27.2024 
v -15.4872 2.42376 -27.196 
v -15.4703 2.49511 -27.1891 
v -15.462 2.4302 -27.1936 
v -15.4872 2.42376 -27.196 
v -15.4384 2.37116 -27.2272 
v -14.2931 2.14484 -28.2384 
v -14.3047 1.95729 -28.2111 
v -14.2842 2.05052 -28.2777 
v -14.3073 1.87133 -28.2384 
v -15.5438 2.11699 -27.4285 
v -15.63 2.20098 -27.4539 
v -15.5988 2.1032 -27.4553 
v -15.5722 2.23703 -27.4054 
v -15.572 2.01895 -27.4991 
v -15.5438 2.11699 -27.4285 
v -15.5284 2.01739 -27.4844 
v -15.572 2.01895 -27.4991 
v -15.5483 1.95057 -27.5839 
v -14.1535 2.63687 -28.2954 
v -14.2413 2.73011 -28.1412 
v -14.2104 2.65385 -28.1342 
v -14.1973 2.75983 -28.3067 
v -15.7145 2.32625 -28.5542 
v -15.7821 2.34723 -28.4763 
v -15.7203 2.33723 -28.5576 
v -15.7763 2.32986 -28.4645 
v -15.7145 2.32625 -28.5542 
v -15.6364 2.36444 -28.682 
v -14.3304 2.90356 -27.6863 
v -14.2698 2.74019 -27.7252 
v -14.3185 2.82864 -27.7738 
v -14.272 2.78823 -27.6062 
v -14.5692 3.08293 -28.3231 
v -14.5543 3.00279 -28.4096 
v -14.614 3.10744 -28.3416 
v -14.5959 3.03294 -28.4397 
v -14.5543 3.00279 -28.4096 
v -14.5707 2.92812 -28.5289 
v -14.5308 2.89752 -28.494 
v -14.4983 2.77365 -28.616 
v -14.5707 2.92812 -28.5289 
v -14.5384 2.7955 -28.6505 
v -14.5141 2.76646 -27.376 
v -14.4097 2.56895 -27.347 
v -14.429 2.71543 -27.4736 
v -14.4903 2.58721 -27.2796 
v -14.4618 2.49549 -27.2249 
v -14.4097 2.56895 -27.347 
v -14.3993 2.48698 -27.2706 
v -14.4618 2.49549 -27.2249 
v -14.3817 2.43438 -27.1955 
v -14.4213 2.44133 -27.1687 
v -14.7146 2.50241 -27.2555 
v -14.5801 2.61968 -27.3845 
v -14.7224 2.62512 -27.2801 
v -14.5677 2.50112 -27.339 
v -14.7146 2.50241 -27.2555 
v -14.566 2.37594 -27.2957 
v -14.7149 2.36691 -27.2396 
v -15.6566 2.15558 -27.441 
v -15.6035 2.07141 -27.403 
v -15.6411 2.16649 -27.4041 
v -15.6161 2.06941 -27.4363 
v -14.706 1.9063 -28.5489 
v -14.5963 1.97812 -28.5292 
v -14.6062 1.89427 -28.5072 
v -14.7087 2.00872 -28.5659 
v -14.2024 2.40178 -27.5991 
v -14.1758 2.29145 -27.6898 
v -14.2093 2.41957 -27.665 
v -14.1662 2.27698 -27.6602 
v -14.1758 2.29145 -27.6898 
v -14.1159 2.17642 -27.7533 
v -15.5616 2.1224 -28.5791 
v -15.5802 2.2203 -28.5875 
v -15.4915 2.12839 -28.6189 
v -15.5011 2.24167 -28.6366 
v -15.4915 2.12839 -28.6189 
v -15.5536 2.04763 -28.5525 
v -15.501 2.0356 -28.5761 
v -15.6161 2.06941 -27.4363 
v -15.5657 1.99153 -27.4262 
v -15.6035 2.07141 -27.403 
v -15.5738 1.99851 -27.4512 
v -14.3254 1.69211 -28.1336 
v -14.311 1.76784 -28.2104 
v -14.3165 1.81254 -28.1702 
v -14.3182 1.67026 -28.1653 
v -14.3254 1.69211 -28.1336 
v -14.3281 1.5707 -28.0915 
v -15.7958 2.08822 -27.9603 
v -15.7651 2.07692 -28.0051 
v -15.7327 2.0278 -27.9264 
v -15.7514 2.03696 -27.9061 
v -15.7327 2.0278 -27.9264 
v -15.7074 2.00416 -27.8461 
v -15.6449 2.09591 -27.594 
v -15.7247 2.13909 -27.6516 
v -15.715 2.1258 -27.6688 
v -15.6497 2.10261 -27.5848 
v -15.6449 2.09591 -27.594 
v -15.5219 2.0872 -27.515 
v -15.8257 2.52922 -27.5696 
v -15.8349 2.42496 -27.5812 
v -15.7967 2.52564 -27.5312 
v -15.8161 2.41662 -27.5547 
v -15.8349 2.42496 -27.5812 
v -15.8273 2.32566 -27.606 
v -15.8347 2.33343 -27.6192 
v -15.8273 2.32566 -27.606 
v -15.8243 2.25725 -27.6806 
v -14.4081 2.86284 -27.8344 
v -14.3357 2.71008 -27.7697 
v -14.3724 2.79763 -27.8456 
v -14.3029 2.64807 -27.8018 
v -15.7755 2.13018 -28.1023 
v -15.8043 2.18263 -28.1402 
v -15.7977 2.17892 -28.1528 
v -15.7807 2.1336 -28.0963 
v -15.7755 2.13018 -28.1023 
v -15.7598 2.09118 -28.0281 
v -14.6408 2.52519 -28.6707 
v -14.6914 2.72924 -28.6176 
v -14.5289 2.516 -28.5405 
v -14.5629 2.70209 -28.5024 
v -14.5289 2.516 -28.5405 
v -14.5162 2.36696 -28.5795 
v -14.6253 2.3718 -28.6855 
v -14.5162 2.36696 -28.5795 
v -14.6202 2.19679 -28.6919 
v -14.5368 2.18703 -28.632 
v -14.391 2.90791 -28.3967 
v -14.4454 2.9772 -28.3067 
v -14.3306 2.81896 -28.2704 
v -14.3719 2.8855 -28.2192 
v -15.7821 2.01318 -27.9588 
v -15.8117 2.0526 -27.9882 
v -15.8053 2.05234 -27.9968 
v -15.7868 2.01436 -27.9544 
v -15.7821 2.01318 -27.9588 
v -15.7576 1.98383 -27.9027 
v -15.6125 2.28874 -28.7112 
v -15.6747 2.34342 -28.6224 
v -15.6195 2.31466 -28.7187 
v -15.667 2.30228 -28.6008 
v -15.6125 2.28874 -28.7112 
v -15.5529 2.31092 -28.8275 
v -14.4366 2.55024 -28.4606 
v -14.3849 2.62655 -28.3416 
v -14.3595 2.49538 -28.3758 
v -14.4796 2.68783 -28.4285 
v -14.2752 2.90477 -27.6248 
v -14.3764 2.99389 -27.6703 
v -14.3198 2.90719 -27.5857 
v -14.335 2.98971 -27.7074 
v -15.937 2.72155 -27.8595 
v -15.9534 2.65016 -27.9056 
v -15.9345 2.70652 -27.834 
v -15.9505 2.63374 -27.8863 
v -15.9534 2.65016 -27.9056 
v -15.9467 2.58471 -27.9407 
v -15.952 2.60108 -27.9537 
v -15.8225 2.2426 -28.1811 
v -15.7977 2.17892 -28.1528 
v -15.8299 2.24361 -28.1639 
v -15.8043 2.18263 -28.1402 
v -14.2535 2.85804 -28.2812 
v -14.3467 2.84838 -28.4107 
v -14.4039 2.94254 -28.3348 
v -14.3153 2.92867 -28.2277 
v -14.3007 1.68366 -27.8771 
v -14.2486 1.68783 -27.9777 
v -14.2346 1.82344 -27.9865 
v -14.3512 1.83152 -27.8171 
v -14.6928 1.83408 -28.5352 
v -14.6062 1.89427 -28.5072 
v -14.6164 1.82989 -28.4997 
v -14.706 1.9063 -28.5489 
v -14.7774 1.83772 -27.2988 
v -14.7117 1.86192 -27.3978 
v -14.7412 1.90664 -27.3408 
v -14.7633 1.80983 -27.3202 
v -14.7774 1.83772 -27.2988 
v -14.8301 1.7921 -27.2451 
v -15.7763 2.32986 -28.4645 
v -15.8227 2.38961 -28.4245 
v -15.7821 2.34723 -28.4763 
v -15.8191 2.37186 -28.4026 
v -15.7434 2.04178 -28.0222 
v -15.7226 1.99973 -28.0181 
v -15.7381 2.03884 -27.9906 
v -15.7263 2.00468 -28.0324 
v -15.7226 1.99973 -28.0181 
v -15.7042 1.96719 -28.0547 
v -15.9022 2.81344 -27.818 
v -15.937 2.72155 -27.8595 
v -15.8973 2.80075 -27.7874 
v -15.9345 2.70652 -27.834 
v -14.3003 1.66829 -28.085 
v -14.2486 1.68783 -27.9777 
v -14.2381 1.54057 -27.9707 
v -14.4333 1.87745 -27.702 
v -14.3551 1.80256 -27.7663 
v -14.3573 1.88572 -27.7496 
v -14.4222 1.78897 -27.7332 
v -14.4319 1.9662 -27.6801 
v -14.4333 1.87745 -27.702 
v -15.7697 2.34691 -28.4363 
v -15.8242 2.43479 -28.3685 
v -15.7733 2.36795 -28.4497 
v -15.8237 2.40888 -28.3389 
v -15.7697 2.34691 -28.4363 
v -15.6833 2.3389 -28.5533 
v -14.1973 2.75983 -28.3067 
v -14.2741 2.78224 -28.1359 
v -14.2413 2.73011 -28.1412 
v -14.2535 2.85804 -28.2812 
v -14.3778 2.79366 -28.1562 
v -14.316 2.6763 -28.1977 
v -14.3679 2.80382 -28.182 
v -14.314 2.68686 -28.2295 
v -14.316 2.6763 -28.1977 
v -14.2771 2.54227 -28.2686 
v -14.2721 2.50185 -28.2303 
v -14.5084 1.95488 -27.5581 
v -14.4034 1.8537 -27.6416 
v -14.387 1.9579 -27.6097 
v -14.4919 1.84323 -27.6088 
v -14.4467 1.74621 -27.6345 
v -14.4034 1.8537 -27.6416 
v -14.3961 1.76138 -27.6607 
v -14.4467 1.74621 -27.6345 
v -14.3573 1.65285 -27.6499 
v -15.9267 2.50391 -27.9725 
v -15.9344 2.58445 -27.9245 
v -15.9307 2.5315 -27.9905 
v -15.9329 2.55416 -27.8946 
v -15.8689 2.2315 -27.9988 
v -15.8484 2.1604 -27.9952 
v -15.8642 2.22551 -27.9802 
v -15.8525 2.15971 -28.0118 
v -15.7172 2.49596 -28.5226 
v -15.7771 2.44075 -28.4669 
v -15.735 2.5117 -28.5072 
v -15.7702 2.4298 -28.4729 
v -15.7771 2.44075 -28.4669 
v -15.8275 2.39266 -28.4029 
v -14.3293 2.0695 -27.7206 
v -14.4215 2.25391 -27.6307 
v -14.4302 2.08938 -27.6543 
v -14.2999 2.28796 -27.711 
v -14.4319 1.9662 -27.6801 
v -14.3293 2.0695 -27.7206 
v -14.3573 1.88572 -27.7496 
v -15.7651 2.07692 -28.0051 
v -15.8341 2.1615 -28.0037 
v -15.7891 2.15151 -28.0768 
v -15.7958 2.08822 -27.9603 
v -14.5699 2.26885 -28.6035 
v -14.7087 2.00872 -28.5659 
v -14.7479 2.3009 -28.6327 
v -14.5963 1.97812 -28.5292 
v -15.9114 2.47933 -28.0627 
v -15.9307 2.5315 -27.9905 
v -15.9161 2.5003 -28.0693 
v -15.9267 2.50391 -27.9725 
v -14.5063 2.41346 -27.4684 
v -14.53 2.5489 -27.4859 
v -14.5371 2.45442 -27.4425 
v -14.5733 2.59545 -27.4665 
v -14.2876 2.1886 -28.5452 
v -14.2915 2.25096 -28.5174 
v -14.2669 2.17072 -28.5051 
v -14.2782 2.24353 -28.4347 
v -14.2669 2.17072 -28.5051 
v -14.2502 2.12034 -28.5917 
v -15.8867 2.40431 -27.8722 
v -15.8728 2.30054 -27.9293 
v -15.878 2.38755 -27.8493 
v -15.8793 2.31412 -27.9488 
v -15.8793 2.31412 -27.9488 
v -15.8642 2.22551 -27.9802 
v -15.8728 2.30054 -27.9293 
v -15.8689 2.2315 -27.9988 
v -15.849 2.91874 -27.7922 
v -15.9022 2.81344 -27.818 
v -15.8389 2.9088 -27.7621 
v -15.8973 2.80075 -27.7874 
v -14.3849 2.62655 -28.3416 
v -14.2771 2.54227 -28.2686 
v -14.3595 2.49538 -28.3758 
v -14.314 2.68686 -28.2295 
v -14.5338 2.24151 -28.531 
v -14.4125 2.38883 -28.4766 
v -14.4083 2.23531 -28.4704 
v -14.5398 2.38499 -28.5345 
v -15.8525 2.15971 -28.0118 
v -15.83 2.10444 -27.9926 
v -15.8484 2.1604 -27.9952 
v -15.8333 2.10012 -28.0061 
v -14.6715 1.97957 -27.4461 
v -14.7412 1.90664 -27.3408 
v -14.7117 1.86192 -27.3978 
v -14.7232 1.99916 -27.3565 
v -15.6919 2.25982 -27.469 
v -15.6411 2.16649 -27.4041 
v -15.6759 2.27658 -27.4316 
v -15.6566 2.15558 -27.441 
v -14.7479 2.3009 -28.6327 
v -14.8218 2.02899 -28.685 
v -14.9058 2.36067 -28.7223 
v -14.7087 2.00872 -28.5659 
v -14.7149 2.36691 -27.2396 
v -14.5717 2.28174 -27.2583 
v -14.566 2.37594 -27.2957 
v -14.6985 2.25118 -27.2249 
v -15.9393 2.55606 -27.9954 
v -15.952 2.60108 -27.9537 
v -15.9457 2.57093 -28.0023 
v -15.9467 2.58471 -27.9407 
v -15.8427 2.32918 -28.1931 
v -15.8225 2.2426 -28.1811 
v -15.8523 2.3267 -28.173 
v -15.8299 2.24361 -28.1639 
v -15.6829 2.19999 -27.5601 
v -15.6467 2.11973 -27.5515 
v -15.6534 2.2056 -27.5458 
v -15.666 2.11472 -27.5659 
v -15.6286 2.04341 -27.5871 
v -15.6467 2.11973 -27.5515 
v -15.6199 2.04491 -27.5773 
v -15.6286 2.04341 -27.5871 
v -15.5785 1.97961 -27.6199 
v -15.5007 1.94441 -27.3797 
v -15.499 2.01873 -27.3244 
v -15.5267 1.97614 -27.4061 
v -15.534 2.04679 -27.3817 
v -15.5267 1.97614 -27.4061 
v -15.5183 1.89563 -27.4683 
v -14.4745 2.6983 -28.5924 
v -14.3531 2.81479 -28.4619 
v -14.3195 2.71467 -28.5073 
v -14.5105 2.80565 -28.5378 
v -15.8333 2.10012 -28.0061 
v -15.8099 2.05884 -27.9784 
v -15.83 2.10444 -27.9926 
v -15.8117 2.0526 -27.9882 
v -14.3304 2.90356 -27.6863 
v -14.4919 2.98625 -27.7404 
v -14.4241 2.9133 -27.6146 
v -14.4071 2.98405 -27.7997 
v -14.4241 2.9133 -27.6146 
v -14.272 2.78823 -27.6062 
v -14.3738 2.79109 -27.5282 
v -14.337 2.66453 -27.4961 
v -14.272 2.78823 -27.6062 
v -14.2484 2.67116 -27.5764 
v -15.8983 2.48139 -28.1371 
v -15.9161 2.5003 -28.0693 
v -15.9025 2.49666 -28.137 
v -15.9114 2.47933 -28.0627 
v -15.8983 2.48139 -28.1371 
v -15.858 2.52796 -28.2232 
v -14.6715 1.97957 -27.4461 
v -14.5453 2.11149 -27.4574 
v -14.679 2.1174 -27.4242 
v -14.5625 1.97034 -27.4774 
v -15.7095 2.08291 -28.4257 
v -15.7149 2.106 -28.3575 
v -15.7157 2.09093 -28.4265 
v -15.7053 2.09357 -28.3501 
v -15.7095 2.08291 -28.4257 
v -15.7065 2.10708 -28.4977 
v -14.4071 2.98405 -27.7997 
v -14.3185 2.82864 -27.7738 
v -14.3847 2.90305 -27.8508 
v -14.3304 2.90356 -27.6863 
v -15.8697 2.78412 -27.8102 
v -15.9142 2.67728 -27.8561 
v -15.8632 2.76109 -27.7551 
v -15.9128 2.65012 -27.8111 
v -15.9142 2.67728 -27.8561 
v -15.9329 2.55416 -27.8946 
v -15.9344 2.58445 -27.9245 
v -14.5985 2.71136 -27.4291 
v -14.7578 2.83253 -27.3726 
v -14.7398 2.73169 -27.3153 
v -14.6208 2.78803 -27.4835 
v -14.7224 2.62512 -27.2801 
v -14.5985 2.71136 -27.4291 
v -14.5801 2.61968 -27.3845 
v -14.3551 1.80256 -27.7663 
v -14.3446 1.73858 -27.8353 
v -14.344 1.85968 -27.8036 
v -14.342 1.72023 -27.7994 
v -14.3446 1.73858 -27.8353 
v -14.3061 1.58763 -27.8899 
v -15.8117 2.0526 -27.9882 
v -15.7867 2.01971 -27.9495 
v -15.8099 2.05884 -27.9784 
v -15.7868 2.01436 -27.9544 
v -15.7867 2.01971 -27.9495 
v -15.7576 1.98383 -27.9027 
v -14.6526 1.88498 -27.4616 
v -14.5625 1.97034 -27.4774 
v -14.6715 1.97957 -27.4461 
v -14.5779 1.88027 -27.4858 
v -15.5802 2.2203 -28.5875 
v -15.6059 2.32478 -28.5768 
v -15.5011 2.24167 -28.6366 
v -15.5265 2.35579 -28.6288 
v -14.5063 2.41346 -27.4684 
v -14.3703 2.56597 -27.5527 
v -14.53 2.5489 -27.4859 
v -14.3529 2.42286 -27.5437 
v -14.5063 2.41346 -27.4684 
v -14.3528 2.26593 -27.5524 
v -14.4982 2.26106 -27.4759 
v -14.2486 1.68783 -27.9777 
v -14.3007 1.68366 -27.8771 
v -14.2381 1.54057 -27.9707 
v -15.7014 2.07173 -27.6812 
v -15.7432 2.13461 -27.7298 
v -15.736 2.12799 -27.7441 
v -15.7067 2.07904 -27.6728 
v -15.7378 2.16032 -28.1874 
v -15.728 2.10541 -28.1169 
v -15.7549 2.16477 -28.1738 
v -15.7384 2.10954 -28.1106 
v -15.728 2.10541 -28.1169 
v -15.7233 2.07948 -28.0448 
v -14.4215 2.25391 -27.6307 
v -14.2999 2.28796 -27.711 
v -14.4157 2.38796 -27.627 
v -14.2885 2.52311 -27.7269 
v -14.6636 2.61225 -28.8247 
v -14.7224 2.89612 -28.5943 
v -14.5625 2.58174 -28.7937 
v -14.5826 2.84584 -28.4995 
v -15.8259 2.10203 -28.0174 
v -15.8053 2.05234 -27.9968 
v -15.8333 2.10012 -28.0061 
v -15.8117 2.0526 -27.9882 
v -15.9332 2.54585 -28.0493 
v -15.9457 2.57093 -28.0023 
v -15.9389 2.55797 -28.0515 
v -15.9393 2.55606 -27.9954 
v -15.8257 2.52922 -27.5696 
v -15.7693 2.64173 -27.5422 
v -15.808 2.63859 -27.586 
v -15.7967 2.52564 -27.5312 
v -14.5572 2.53122 -28.5203 
v -14.5712 2.44958 -28.5919 
v -14.6002 2.62331 -28.551 
v -14.5398 2.38499 -28.5345 
v -15.534 2.04679 -27.3817 
v -15.5103 2.11706 -27.3026 
v -15.552 2.1159 -27.3754 
v -15.499 2.01873 -27.3244 
v -14.4081 3.05185 -27.7957 
v -14.3302 2.95071 -27.7465 
v -14.3991 3.01247 -27.8209 
v -14.335 2.98971 -27.7074 
v -15.8688 2.57611 -27.7929 
v -15.8838 2.49183 -27.8184 
v -15.854 2.56933 -27.7691 
v -15.872 2.47911 -27.7926 
v -15.8838 2.49183 -27.8184 
v -15.878 2.38755 -27.8493 
v -15.8867 2.40431 -27.8722 
v -15.6998 2.17416 -27.5014 
v -15.7292 2.20706 -27.6053 
v -15.6845 2.14218 -27.5087 
v -15.6993 2.15439 -27.6391 
v -15.6845 2.14218 -27.5087 
v -15.6785 2.172 -27.3688 
v -15.0053 1.97598 -27.3892 
v -14.9118 2.00891 -27.3477 
v -14.9814 2.15506 -27.3197 
v -15.1121 2.11577 -27.3643 
v -14.905 2.32613 -27.1851 
v -14.9574 2.41776 -27.1784 
v -14.9663 2.32058 -27.1574 
v -14.8792 2.43573 -27.2452 
v -14.679 2.1174 -27.4242 
v -14.6898 2.28771 -27.4026 
v -14.7324 2.14662 -27.3389 
v -14.7622 2.34669 -27.3094 
v -14.7232 1.99916 -27.3565 
v -14.6715 1.97957 -27.4461 
v -14.679 2.1174 -27.4242 
v -14.7324 2.14662 -27.3389 
v -15.7732 2.2174 -27.8563 
v -15.799 2.28852 -27.8236 
v -15.8142 2.31514 -27.9054 
v -15.7908 2.22599 -27.9181 
v -15.7628 2.40775 -27.546 
v -15.7322 2.37671 -27.4047 
v -15.749 2.45734 -27.455 
v -15.7383 2.31723 -27.4609 
v -15.6851 2.26778 -27.3548 
v -15.7322 2.37671 -27.4047 
v -15.6921 2.32122 -27.3285 
v -15.667 2.30228 -28.6008 
v -15.717 2.39384 -28.5417 
v -15.6747 2.34342 -28.6224 
v -15.7114 2.34602 -28.5006 
v -14.679 2.1174 -27.4242 
v -14.5311 2.29001 -27.4372 
v -14.6898 2.28771 -27.4026 
v -14.5453 2.11149 -27.4574 
v -15.6147 2.10773 -28.4865 
v -15.6432 2.19214 -28.4822 
v -15.5767 2.12206 -28.5116 
v -15.5817 2.21873 -28.5058 
v -15.5767 2.12206 -28.5116 
v -15.5898 2.03507 -28.4696 
v -15.5702 2.03569 -28.4822 
v -15.5898 2.03507 -28.4696 
v -15.5712 1.97037 -28.4262 
v -14.4796 2.68783 -28.4285 
v -14.4177 2.73066 -28.2999 
v -14.3849 2.62655 -28.3416 
v -14.5265 2.79663 -28.3641 
v -15.6147 2.10773 -28.4865 
v -15.6012 2.04287 -28.4464 
v -15.6254 2.10676 -28.438 
v -15.5898 2.03507 -28.4696 
v -15.6012 2.04287 -28.4464 
v -15.5712 1.97037 -28.4262 
v -15.7378 2.16032 -28.1874 
v -15.7752 2.24295 -28.2281 
v -15.7539 2.23982 -28.2478 
v -15.7549 2.16477 -28.1738 
v -15.8047 2.89794 -27.7767 
v -15.8697 2.78412 -27.8102 
v -15.7877 2.8743 -27.7168 
v -15.8632 2.76109 -27.7551 
v -14.5826 2.84584 -28.4995 
v -14.7224 2.89612 -28.5943 
v -14.7532 3.02703 -28.4614 
v -14.6106 2.95294 -28.37 
v -14.9978 2.35161 -28.9373 
v -15.0304 2.41874 -28.9041 
v -14.9669 2.36413 -28.9423 
v -14.9869 2.4423 -28.9083 
v -15.699 3.12349 -27.7972 
v -15.7636 3.02365 -27.7602 
v -15.6844 3.11423 -27.7763 
v -15.7779 3.033 -27.7843 
v -15.849 2.91874 -27.7922 
v -15.7636 3.02365 -27.7602 
v -15.8389 2.9088 -27.7621 
v -15.6759 2.27658 -27.4316 
v -15.6411 2.16649 -27.4041 
v -15.6191 2.23703 -27.4054 
v -15.6029 2.18108 -27.3968 
v -15.6411 2.16649 -27.4041 
v -15.5716 2.08403 -27.3934 
v -15.6035 2.07141 -27.403 
v -15.5657 1.99153 -27.4262 
v -15.5716 2.08403 -27.3934 
v -15.5414 1.99674 -27.4151 
v -14.58 2.03648 -28.6824 
v -14.6702 1.95706 -28.7514 
v -14.6328 2.05521 -28.711 
v -14.6385 1.93695 -28.7371 
v -14.6988 1.87871 -28.7986 
v -14.6702 1.95706 -28.7514 
v -14.7195 1.89194 -28.8025 
v -14.6988 1.87871 -28.7986 
v -14.7704 1.85262 -28.8589 
v -14.7913 2.45702 -28.641 
v -14.9058 2.36067 -28.7223 
v -14.9389 2.51261 -28.7119 
v -14.7479 2.3009 -28.6327 
v -15.6181 2.66962 -28.5545 
v -15.6678 2.58109 -28.5503 
v -15.6568 2.68553 -28.5286 
v -15.6973 2.59781 -28.5266 
v -15.6678 2.58109 -28.5503 
v -15.735 2.5117 -28.5072 
v -15.7172 2.49596 -28.5226 
v -14.8218 2.02899 -28.685 
v -14.9214 1.92607 -28.679 
v -14.989 2.05306 -28.6845 
v -14.811 1.90949 -28.679 
v -15.8423 2.4559 -28.3808 
v -15.8191 2.37186 -28.4026 
v -15.8396 2.44082 -28.3507 
v -15.8227 2.38961 -28.4245 
v -14.6914 2.72924 -28.6176 
v -14.7401 2.90582 -28.5109 
v -14.5629 2.70209 -28.5024 
v -14.6024 2.86071 -28.4189 
v -14.6104 2.71553 -27.5052 
v -14.5733 2.59545 -27.4665 
v -14.5571 2.66755 -27.5166 
v -14.53 2.5489 -27.4859 
v -15.7891 2.15151 -28.0768 
v -15.8575 2.2591 -28.0237 
v -15.7986 2.25258 -28.1382 
v -15.8341 2.1615 -28.0037 
v -15.8609 2.43868 -28.1824 
v -15.8427 2.32918 -28.1931 
v -15.8737 2.43131 -28.161 
v -15.8523 2.3267 -28.173 
v -15.841 2.53012 -28.31 
v -15.8237 2.40888 -28.3389 
v -15.8442 2.50921 -28.267 
v -15.8242 2.43479 -28.3685 
v -15.6269 2.10947 -27.5368 
v -15.587 2.04097 -27.5366 
v -15.5988 2.1032 -27.4553 
v -15.572 2.01895 -27.4991 
v -15.587 2.04097 -27.5366 
v -15.5483 1.95057 -27.5839 
v -15.7592 2.08088 -28.0249 
v -15.7381 2.03884 -27.9906 
v -15.7488 2.09093 -27.9754 
v -15.7434 2.04178 -28.0222 
v -15.6671 2.28743 -28.4614 
v -15.6432 2.19214 -28.4822 
v -15.6987 2.25658 -28.3849 
v -15.6642 2.17299 -28.4149 
v -15.6432 2.19214 -28.4822 
v -15.6254 2.10676 -28.438 
v -15.6147 2.10773 -28.4865 
v -14.5398 2.38499 -28.5345 
v -14.4366 2.55024 -28.4606 
v -14.4125 2.38883 -28.4766 
v -14.5572 2.53122 -28.5203 
v -14.6289 3.1434 -28.2409 
v -14.6036 3.12045 -28.1457 
v -14.5856 3.12363 -28.2344 
v -14.6419 3.13514 -28.1451 
v -14.6289 3.1434 -28.2409 
v -14.5692 3.08293 -28.3231 
v -14.614 3.10744 -28.3416 
v -15.6269 2.10947 -27.5368 
v -15.63 2.20098 -27.4539 
v -15.6587 2.1759 -27.5669 
v -15.5988 2.1032 -27.4553 
v -15.7312 2.0337 -27.8446 
v -15.7491 2.09767 -27.8585 
v -15.7505 2.08549 -27.8866 
v -15.7308 2.04525 -27.8305 
v -15.7312 2.0337 -27.8446 
v -15.7064 1.99348 -27.7867 
v -14.7087 2.00872 -28.5659 
v -14.811 1.90949 -28.679 
v -14.8218 2.02899 -28.685 
v -14.7377 1.88695 -28.618 
v -14.7962 1.79058 -28.6693 
v -14.811 1.90949 -28.679 
v -14.8397 1.81443 -28.6886 
v -14.7962 1.79058 -28.6693 
v -14.891 1.72894 -28.7215 
v -15.715 2.1258 -27.6688 
v -15.7581 2.19475 -27.7141 
v -15.7422 2.17966 -27.7394 
v -15.7247 2.13909 -27.6516 
v -14.885 2.48058 -28.7503 
v -14.916 2.33833 -28.8069 
v -14.9378 2.47635 -28.7652 
v -14.8651 2.34227 -28.7979 
v -15.7732 2.2174 -27.8563 
v -15.7908 2.22599 -27.9181 
v -15.7616 2.15398 -27.8691 
v -15.7656 2.14893 -27.9112 
v -15.7505 2.08549 -27.8866 
v -15.7616 2.15398 -27.8691 
v -15.7491 2.09767 -27.8585 
v -14.2535 2.85804 -28.2812 
v -14.3175 2.8268 -28.1238 
v -14.2741 2.78224 -28.1359 
v -14.3153 2.92867 -28.2277 
v -15.7733 2.33589 -28.285 
v -15.7539 2.23982 -28.2478 
v -15.7963 2.33687 -28.2618 
v -15.7752 2.24295 -28.2281 
v -15.0937 3.29343 -27.6783 
v -15.0911 3.26782 -27.5754 
v -15.0348 3.29447 -27.6531 
v -15.1373 3.27484 -27.6183 
v -15.2115 3.21854 -27.545 
v -15.0911 3.26782 -27.5754 
v -15.1899 3.20357 -27.5091 
v -15.2115 3.21854 -27.545 
v -15.2928 3.13653 -27.5061 
v -15.3023 3.14793 -27.53 
v -15.6358 2.14816 -28.4188 
v -15.6421 2.06692 -28.392 
v -15.682 2.13819 -28.3906 
v -15.6732 2.06973 -28.381 
v -15.6421 2.06692 -28.392 
v -15.6754 2.00203 -28.3422 
v -14.5712 2.44958 -28.5919 
v -14.7479 2.3009 -28.6327 
v -14.7913 2.45702 -28.641 
v -14.5699 2.26885 -28.6035 
v -14.209 2.72471 -28.0068 
v -14.316 2.6763 -28.1977 
v -14.3778 2.79366 -28.1562 
v -14.3135 2.85168 -28.0074 
v -15.9389 2.55797 -28.0515 
v -15.9154 2.55572 -28.1103 
v -15.9332 2.54585 -28.0493 
v -15.9186 2.56334 -28.1101 
v -15.9154 2.55572 -28.1103 
v -15.8772 2.58655 -28.1828 
v -14.589 2.68615 -28.4693 
v -14.6002 2.62331 -28.551 
v -14.6323 2.77064 -28.5068 
v -14.5572 2.53122 -28.5203 
v -14.638 2.83356 -27.5553 
v -14.6104 2.71553 -27.5052 
v -14.5907 2.78141 -27.5658 
v -14.5571 2.66755 -27.5166 
v -15.6571 2.26018 -28.5725 
v -15.6385 2.16076 -28.6135 
v -15.6824 2.24469 -28.5576 
v -15.657 2.1495 -28.595 
v -15.267 2.20671 -27.3038 
v -15.1922 2.34412 -27.3092 
v -15.2977 2.33862 -27.302 
v -15.1749 2.2311 -27.2984 
v -15.267 2.20671 -27.3038 
v -15.1571 2.12384 -27.3011 
v -15.2281 2.09453 -27.3097 
v -15.8115 2.37558 -28.1787 
v -15.7986 2.25258 -28.1382 
v -15.8723 2.37133 -28.0201 
v -15.8575 2.2591 -28.0237 
v -15.4212 2.19533 -28.6677 
v -15.3101 2.34848 -28.6989 
v -15.2813 2.21235 -28.7157 
v -15.4776 2.32271 -28.6372 
v -15.4212 2.19533 -28.6677 
v -15.283 2.0852 -28.7109 
v -15.3927 2.0713 -28.6751 
v -15.3358 1.97042 -28.7026 
v -15.3927 2.0713 -28.6751 
v -15.3929 1.97137 -28.6886 
v -15.3358 1.97042 -28.7026 
v -15.4112 1.88482 -28.7121 
v -15.682 2.13819 -28.3906 
v -15.6994 2.2107 -28.3698 
v -15.6358 2.14816 -28.4188 
v -15.6521 2.23611 -28.4369 
v -14.8301 2.20088 -27.3844 
v -14.9118 2.00891 -27.3477 
v -14.7981 2.04922 -27.3997 
v -14.9814 2.15506 -27.3197 
v -14.9118 2.00891 -27.3477 
v -14.7913 1.92952 -27.4034 
v -14.8695 1.91556 -27.3717 
v -14.8506 1.84533 -27.3815 
v -14.7913 1.92952 -27.4034 
v -14.8033 1.84173 -27.4 
v -14.8506 1.84533 -27.3815 
v -14.8609 1.77751 -27.3589 
v -14.2885 2.52311 -27.7269 
v -14.4217 2.48566 -27.6352 
v -14.4157 2.38796 -27.627 
v -14.9663 2.32058 -27.1574 
v -14.9346 2.24142 -27.1387 
v -14.905 2.32613 -27.1851 
v -14.9757 2.24813 -27.1248 
v -14.6247 3.05946 -27.8812 
v -14.6079 2.94041 -27.999 
v -14.6623 2.95518 -28.002 
v -14.5319 2.95422 -27.8669 
v -14.6247 3.05946 -27.8812 
v -14.4869 2.94218 -27.7572 
v -14.5809 3.06835 -27.7152 
v -14.5538 2.99846 -27.5833 
v -14.4869 2.94218 -27.7572 
v -14.4607 2.8903 -27.6711 
v -14.5538 2.99846 -27.5833 
v -14.4451 2.80706 -27.5645 
v -14.5307 2.88683 -27.4623 
v -15.808 2.63859 -27.586 
v -15.7349 2.75647 -27.5831 
v -15.7799 2.75184 -27.6278 
v -15.7693 2.64173 -27.5422 
v -15.7609 2.26546 -27.6839 
v -15.7227 2.2061 -27.7519 
v -15.6993 2.15439 -27.6391 
v -15.7292 2.20706 -27.6053 
v -14.266 2.91888 -28.3143 
v -14.3297 3.02233 -28.2383 
v -14.2341 2.9362 -28.2807 
v -14.363 3.00958 -28.2661 
v -14.7762 2.92797 -27.4539 
v -14.6208 2.78803 -27.4835 
v -14.6486 2.86312 -27.5536 
v -14.7578 2.83253 -27.3726 
v -15.4463 2.35119 -28.7251 
v -15.4799 2.47229 -28.6911 
v -15.3558 2.38341 -28.742 
v -15.3726 2.50469 -28.7024 
v -14.7622 2.34669 -27.3094 
v -14.7048 2.43819 -27.405 
v -14.807 2.53264 -27.3244 
v -14.6898 2.28771 -27.4026 
v -15.6059 2.32478 -28.5768 
v -15.6531 2.54406 -28.509 
v -15.5265 2.35579 -28.6288 
v -15.5738 2.57235 -28.5621 
v -15.0661 2.3383 -27.301 
v -15.2235 2.45058 -27.3199 
v -15.2055 2.29467 -27.3543 
v -15.1127 2.49723 -27.3121 
v -15.1121 2.11577 -27.3643 
v -15.0661 2.3383 -27.301 
v -14.9814 2.15506 -27.3197 
v -15.3524 2.22742 -27.1657 
v -15.2896 2.145 -27.1328 
v -15.2677 2.23399 -27.1568 
v -15.3496 2.15107 -27.1388 
v -15.6275 2.29224 -27.2206 
v -15.547 2.32484 -27.1245 
v -15.6109 2.3303 -27.2284 
v -15.547 2.30237 -27.1166 
v -15.547 2.32484 -27.1245 
v -15.4593 2.36016 -27.0385 
v -15.7878 2.26856 -27.765 
v -15.7455 2.21779 -27.6926 
v -15.7746 2.28848 -27.7325 
v -15.7581 2.19475 -27.7141 
v -14.5753 2.19784 -27.226 
v -14.6985 2.25118 -27.2249 
v -14.6585 2.16208 -27.2076 
v -14.5717 2.28174 -27.2583 
v -15.7863 2.44524 -28.298 
v -15.7733 2.33589 -28.285 
v -15.8101 2.44474 -28.274 
v -15.7963 2.33687 -28.2618 
v -14.6106 2.95294 -28.37 
v -14.7532 3.02703 -28.4614 
v -14.7727 3.10283 -28.3288 
v -14.641 3.00592 -28.2518 
v -15.6875 2.98738 -27.6987 
v -15.6244 3.10582 -27.7744 
v -15.7194 3.01433 -27.7577 
v -15.583 3.07966 -27.7161 
v -15.8047 2.89794 -27.7767 
v -15.6875 2.98738 -27.6987 
v -15.7877 2.8743 -27.7168 
v -14.5265 2.79663 -28.3641 
v -14.4599 2.81425 -28.2458 
v -14.4177 2.73066 -28.2999 
v -14.5546 2.87919 -28.2833 
v -14.9307 1.89404 -27.3953 
v -14.8695 1.91556 -27.3717 
v -14.9118 2.00891 -27.3477 
v -15.0053 1.97598 -27.3892 
v -14.894 1.83945 -27.3808 
v -14.8695 1.91556 -27.3717 
v -14.8506 1.84533 -27.3815 
v -14.894 1.83945 -27.3808 
v -14.8609 1.77751 -27.3589 
v -14.5105 2.80565 -28.5378 
v -14.391 2.90791 -28.3967 
v -14.3531 2.81479 -28.4619 
v -14.5445 2.89707 -28.4584 
v -14.9814 2.15506 -27.3197 
v -14.9004 2.35212 -27.3629 
v -15.0661 2.3383 -27.301 
v -14.8301 2.20088 -27.3844 
v -15.1847 2.16398 -28.8436 
v -15.1998 2.25902 -28.8218 
v -15.115 2.17045 -28.872 
v -15.1016 2.28408 -28.8323 
v -15.7053 2.09357 -28.3501 
v -15.7293 2.14979 -28.2938 
v -15.7149 2.106 -28.3575 
v -15.7179 2.13735 -28.2794 
v -15.799 2.28852 -27.8236 
v -15.8097 2.37315 -27.788 
v -15.8107 2.40871 -27.8657 
v -15.8142 2.31514 -27.9054 
v -15.7431 2.45994 -28.4833 
v -15.7534 2.54207 -28.4431 
v -15.679 2.49677 -28.5204 
v -15.6731 2.56651 -28.5024 
v -14.6898 2.28771 -27.4026 
v -14.5371 2.45442 -27.4425 
v -14.7048 2.43819 -27.405 
v -14.5311 2.29001 -27.4372 
v -14.9174 2.65337 -28.6752 
v -14.9378 2.47635 -28.7652 
v -14.971 2.65325 -28.6934 
v -14.885 2.48058 -28.7503 
v -15.8341 2.1615 -28.0037 
v -15.7797 2.12692 -27.9158 
v -15.803 2.19986 -27.9265 
v -15.7958 2.08822 -27.9603 
v -14.6024 2.86071 -28.4189 
v -14.7401 2.90582 -28.5109 
v -14.7675 3.00383 -28.3954 
v -14.6144 2.94492 -28.3267 
v -15.7238 2.08811 -28.0588 
v -15.7774 2.13048 -28.0421 
v -15.7311 2.12569 -28.0936 
v -15.7592 2.08088 -28.0249 
v -14.7809 2.96948 -27.4431 
v -14.8672 3.13976 -27.6151 
v -14.8618 3.0441 -27.4169 
v -14.7389 3.05238 -27.6451 
v -14.8618 3.0441 -27.4169 
v -14.8035 2.97191 -27.3344 
v -14.8594 3.0171 -27.3215 
v -14.3357 2.71008 -27.7697 
v -14.4283 2.56577 -27.6438 
v -14.2885 2.52311 -27.7269 
v -14.446 2.65419 -27.6653 
v -14.4217 2.48566 -27.6352 
v -14.4283 2.56577 -27.6438 
v -15.8477 2.65804 -27.789 
v -15.8688 2.57611 -27.7929 
v -15.8317 2.65574 -27.7672 
v -15.854 2.56933 -27.7691 
v -15.7114 2.34602 -28.5006 
v -15.7431 2.45994 -28.4833 
v -15.717 2.39384 -28.5417 
v -15.7399 2.4126 -28.4155 
v -15.746 2.06226 -27.8867 
v -15.7958 2.08822 -27.9603 
v -15.7514 2.03696 -27.9061 
v -15.7797 2.12692 -27.9158 
v -15.746 2.06226 -27.8867 
v -15.7074 2.00416 -27.8461 
v -15.8227 2.38961 -28.4245 
v -15.8423 2.4559 -28.3808 
v -15.8037 2.40832 -28.4341 
v -15.8169 2.46787 -28.3996 
v -15.8432 2.16445 -28.0248 
v -15.8259 2.10203 -28.0174 
v -15.8525 2.15971 -28.0118 
v -15.8333 2.10012 -28.0061 
v -15.8226 2.74046 -28.2541 
v -15.8401 2.63373 -28.2736 
v -15.8168 2.72495 -28.1915 
v -15.8427 2.61871 -28.2189 
v -15.8401 2.63373 -28.2736 
v -15.8442 2.50921 -28.267 
v -15.841 2.53012 -28.31 
v -15.7068 2.35188 -28.4872 
v -15.6819 2.22896 -28.5284 
v -15.7134 2.33051 -28.4602 
v -15.6824 2.24469 -28.5576 
v -15.7725 2.21664 -27.7735 
v -15.7358 2.14631 -27.718 
v -15.7643 2.22583 -27.7557 
v -15.7432 2.13461 -27.7298 
v -15.4258 2.43701 -27.3058 
v -15.5845 2.55121 -27.4238 
v -15.5665 2.40048 -27.3548 
v -15.4421 2.59073 -27.364 
v -15.5665 2.40048 -27.3548 
v -15.4101 2.27269 -27.2747 
v -15.5346 2.24618 -27.3132 
v -15.1343 2.03246 -27.2898 
v -15.2281 2.09453 -27.3097 
v -15.1795 2.0049 -27.2997 
v -15.1571 2.12384 -27.3011 
v -15.8117 2.54774 -28.3723 
v -15.8169 2.46787 -28.3996 
v -15.8404 2.54616 -28.3479 
v -15.8423 2.4559 -28.3808 
v -15.6247 2.8783 -28.3857 
v -15.7308 2.75194 -28.3718 
v -15.705 2.85226 -28.3181 
v -15.6486 2.76849 -28.4524 
v -15.749 2.64062 -28.4074 
v -15.7308 2.75194 -28.3718 
v -15.6639 2.65435 -28.4824 
v -15.749 2.64062 -28.4074 
v -15.6731 2.56651 -28.5024 
v -15.7534 2.54207 -28.4431 
v -15.5681 2.76104 -28.5342 
v -15.6181 2.66962 -28.5545 
v -15.6141 2.7748 -28.5111 
v -15.6568 2.68553 -28.5286 
v -15.3779 2.08633 -27.1758 
v -15.3496 2.15107 -27.1388 
v -15.3809 2.1457 -27.1906 
v -15.3575 2.07329 -27.1509 
v -15.3779 2.08633 -27.1758 
v -15.3785 1.99471 -27.2121 
v -15.734 2.86366 -27.6835 
v -15.7799 2.75184 -27.6278 
v -15.6921 2.86783 -27.6394 
v -15.7349 2.75647 -27.5831 
v -15.8227 2.38961 -28.4245 
v -15.7717 2.36635 -28.4771 
v -15.7821 2.34723 -28.4763 
v -15.8037 2.40832 -28.4341 
v -15.8594 2.70558 -28.0429 
v -15.887 2.555 -28.1057 
v -15.8757 2.69058 -28.0153 
v -15.8725 2.5676 -28.1288 
v -15.8609 2.43868 -28.1824 
v -15.887 2.555 -28.1057 
v -15.8737 2.43131 -28.161 
v -15.4799 2.47229 -28.6911 
v -15.4463 2.35119 -28.7251 
v -15.5343 2.42468 -28.5996 
v -15.4853 2.30854 -28.6448 
v -15.887 2.555 -28.1057 
v -15.8637 2.4256 -28.1373 
v -15.8755 2.54085 -28.0803 
v -15.8737 2.43131 -28.161 
v -15.6531 2.54406 -28.509 
v -15.6588 2.65484 -28.4606 
v -15.5738 2.57235 -28.5621 
v -15.5782 2.68096 -28.5158 
v -14.3153 2.92867 -28.2277 
v -14.4644 2.99734 -28.2318 
v -14.4085 2.97259 -28.1507 
v -14.4039 2.94254 -28.3348 
v -14.8742 3.18701 -27.7194 
v -14.7489 3.0941 -27.8097 
v -14.8846 3.20108 -27.8317 
v -14.7359 3.08145 -27.7324 
v -14.8742 3.18701 -27.7194 
v -14.7389 3.05238 -27.6451 
v -14.8672 3.13976 -27.6151 
v -15.7529 2.83284 -28.2778 
v -15.8226 2.74046 -28.2541 
v -15.7936 2.83537 -28.2301 
v -15.781 2.73481 -28.2999 
v -15.796 2.63463 -28.3094 
v -15.8226 2.74046 -28.2541 
v -15.8401 2.63373 -28.2736 
v -15.7847 2.65499 -28.3531 
v -15.8117 2.54774 -28.3723 
v -15.8118 2.66202 -28.3311 
v -15.8404 2.54616 -28.3479 
v -14.9286 2.83245 -28.5757 
v -14.971 2.65325 -28.6934 
v -14.9809 2.83959 -28.5926 
v -14.9174 2.65337 -28.6752 
v -15.4132 2.25311 -28.7692 
v -15.4463 2.35119 -28.7251 
v -15.3465 2.28113 -28.7845 
v -15.3558 2.38341 -28.742 
v -14.8157 2.6105 -28.6015 
v -14.9389 2.51261 -28.7119 
v -14.9627 2.62431 -28.6666 
v -14.7913 2.45702 -28.641 
v -14.4299 1.70017 -28.3556 
v -14.4179 1.78301 -28.3147 
v -14.4199 1.7092 -28.323 
v -14.4465 1.80197 -28.3641 
v -14.4299 1.70017 -28.3556 
v -14.398 1.60309 -28.3925 
v -15.5738 1.99851 -27.4512 
v -15.5433 1.93242 -27.465 
v -15.5657 1.99153 -27.4262 
v -15.5459 1.94218 -27.4771 
v -15.5433 1.93242 -27.465 
v -15.5399 1.89417 -27.5169 
v -15.18 2.94619 -28.5883 
v -15.2446 2.7865 -28.751 
v -15.2697 2.95274 -28.5873 
v -15.295 2.79106 -28.739 
v -15.8003 2.35883 -27.8039 
v -15.7863 2.45888 -27.7906 
v -15.7994 2.45038 -27.8309 
v -15.7881 2.37326 -27.7652 
v -15.8003 2.35883 -27.8039 
v -15.7746 2.28848 -27.7325 
v -15.7878 2.26856 -27.765 
v -14.9389 2.51261 -28.7119 
v -15.2268 2.4516 -28.6329 
v -15.1268 2.56454 -28.6371 
v -14.9627 2.62431 -28.6666 
v -14.9389 2.51261 -28.7119 
v -15.1516 2.31345 -28.6915 
v -14.9058 2.36067 -28.7223 
v -14.9058 2.36067 -28.7223 
v -14.989 2.05306 -28.6845 
v -14.8218 2.02899 -28.685 
v -15.7209 2.91882 -28.2416 
v -15.7936 2.83537 -28.2301 
v -15.7578 2.91718 -28.1987 
v -15.7529 2.83284 -28.2778 
v -15.7774 2.13048 -28.0421 
v -15.7488 2.09093 -27.9754 
v -15.7586 2.16058 -27.978 
v -15.7592 2.08088 -28.0249 
v -15.7416 2.56086 -27.494 
v -15.6569 2.48215 -27.4122 
v -15.6406 2.56378 -27.4411 
v -15.749 2.45734 -27.455 
v -15.3341 2.63617 -28.6594 
v -15.2176 2.53134 -28.7493 
v -15.3063 2.49332 -28.7167 
v -15.2379 2.66254 -28.6928 
v -15.552 2.1159 -27.3754 
v -15.5346 2.24618 -27.3132 
v -15.5722 2.23703 -27.4054 
v -15.5103 2.11706 -27.3026 
v -15.5878 2.34215 -27.4339 
v -15.5346 2.24618 -27.3132 
v -14.4012 2.6918 -27.5827 
v -14.53 2.5489 -27.4859 
v -14.3703 2.56597 -27.5527 
v -14.5571 2.66755 -27.5166 
v -14.6607 2.8915 -28.4221 
v -14.6249 2.85314 -28.3261 
v -14.6114 2.76597 -28.4064 
v -14.6636 2.9709 -28.3148 
v -15.2977 2.33862 -27.302 
v -15.2235 2.45058 -27.3199 
v -15.322 2.46355 -27.3209 
v -15.1922 2.34412 -27.3092 
v -15.8575 2.2591 -28.0237 
v -15.803 2.19986 -27.9265 
v -15.8002 2.28047 -27.9082 
v -15.8341 2.1615 -28.0037 
v -15.5969 2.74982 -27.4152 
v -15.6355 2.76904 -27.4806 
v -15.6188 2.72966 -27.4179 
v -15.6058 2.79001 -27.4686 
v -15.6722 2.96926 -27.7508 
v -15.734 2.86366 -27.6835 
v -15.6392 2.97833 -27.7123 
v -15.6921 2.86783 -27.6394 
v -14.7913 2.45702 -28.641 
v -14.6002 2.62331 -28.551 
v -14.5712 2.44958 -28.5919 
v -14.8157 2.6105 -28.6015 
v -15.5343 2.24371 -28.4952 
v -15.4776 2.32271 -28.6372 
v -15.4212 2.19533 -28.6677 
v -15.5001 2.15215 -28.5453 
v -15.4212 2.19533 -28.6677 
v -15.4611 2.06481 -28.5887 
v -15.3927 2.0713 -28.6751 
v -15.6987 2.25658 -28.3849 
v -15.7121 2.35185 -28.344 
v -15.6671 2.28743 -28.4614 
v -15.6878 2.39057 -28.4232 
v -15.682 2.13819 -28.3906 
v -15.6836 2.07861 -28.3484 
v -15.6893 2.13338 -28.3341 
v -15.6732 2.06973 -28.381 
v -15.6836 2.07861 -28.3484 
v -15.6754 2.00203 -28.3422 
v -15.3928 3.07307 -27.5341 
v -15.3023 3.14793 -27.53 
v -15.3949 3.08003 -27.5467 
v -15.2928 3.13653 -27.5061 
v -15.3928 3.07307 -27.5341 
v -15.5145 2.9913 -27.5921 
v -15.79 2.6095 -28.1423 
v -15.8744 2.4813 -28.009 
v -15.8566 2.58663 -27.9925 
v -15.8148 2.49835 -28.1779 
v -15.8115 2.37558 -28.1787 
v -15.8744 2.4813 -28.009 
v -15.8723 2.37133 -28.0201 
v -15.6883 2.1965 -27.5926 
v -15.666 2.11472 -27.5659 
v -15.6829 2.19999 -27.5601 
v -15.667 2.11775 -27.5903 
v -15.6274 2.04841 -27.5992 
v -15.666 2.11472 -27.5659 
v -15.6286 2.04341 -27.5871 
v -15.6274 2.04841 -27.5992 
v -15.5785 1.97961 -27.6199 
v -14.4452 2.92604 -28.0061 
v -14.485 2.88349 -27.9067 
v -14.3724 2.79763 -27.8456 
v -14.3135 2.85168 -28.0074 
v -14.3724 2.79763 -27.8456 
v -14.209 2.72471 -28.0068 
v -14.3029 2.64807 -27.8018 
v -14.5572 2.53122 -28.5203 
v -14.4796 2.68783 -28.4285 
v -14.4366 2.55024 -28.4606 
v -14.589 2.68615 -28.4693 
v -14.6636 2.9709 -28.3148 
v -14.6224 2.91787 -28.2198 
v -14.6249 2.85314 -28.3261 
v -14.6701 2.99861 -28.1902 
v -14.4081 3.05185 -27.7957 
v -14.4748 3.06666 -27.8669 
v -14.4441 3.05638 -27.7647 
v -14.506 3.06717 -27.8419 
v -14.4441 3.05638 -27.7647 
v -14.335 2.98971 -27.7074 
v -14.3764 2.99389 -27.6703 
v -15.7247 2.13909 -27.6516 
v -15.6476 2.11464 -27.5825 
v -15.716 2.15951 -27.643 
v -15.6497 2.10261 -27.5848 
v -15.6476 2.11464 -27.5825 
v -15.5219 2.0872 -27.515 
v -14.6758 1.78332 -28.5287 
v -14.6164 1.82989 -28.4997 
v -14.6182 1.78236 -28.5059 
v -14.6928 1.83408 -28.5352 
v -15.8477 2.65804 -27.789 
v -15.807 2.73905 -27.784 
v -15.8227 2.7377 -27.805 
v -15.8317 2.65574 -27.7672 
v -15.8297 2.80879 -27.9807 
v -15.8757 2.69058 -28.0153 
v -15.846 2.79954 -27.9502 
v -15.8594 2.70558 -28.0429 
v -15.7449 2.69775 -27.7744 
v -15.7819 2.59396 -27.7701 
v -15.7774 2.59121 -27.7445 
v -15.8079 2.50009 -27.8028 
v -15.7774 2.59121 -27.7445 
v -15.7996 2.47904 -27.7495 
v -15.8097 2.37315 -27.788 
v -15.8079 2.50009 -27.8028 
v -15.8107 2.40871 -27.8657 
v -15.5878 2.34215 -27.4339 
v -15.6711 2.41018 -27.5256 
v -15.655 2.30437 -27.4791 
v -15.5954 2.44381 -27.4792 
v -15.5722 2.23703 -27.4054 
v -15.5878 2.34215 -27.4339 
v -15.63 2.20098 -27.4539 
v -14.3679 2.80382 -28.182 
v -14.4177 2.73066 -28.2999 
v -14.4599 2.81425 -28.2458 
v -14.314 2.68686 -28.2295 
v -14.3679 2.80382 -28.182 
v -14.5273 2.88248 -28.1683 
v -14.4177 2.73066 -28.2999 
v -14.3849 2.62655 -28.3416 
v -15.6363 2.82442 -27.5445 
v -15.5851 2.91268 -27.5844 
v -15.6217 2.89357 -27.6114 
v -15.6018 2.84319 -27.5226 
v -15.6363 2.82442 -27.5445 
v -15.6058 2.79001 -27.4686 
v -15.6355 2.76904 -27.4806 
v -14.641 3.00592 -28.2518 
v -14.7727 3.10283 -28.3288 
v -14.7894 3.13168 -28.2055 
v -14.6574 3.02115 -28.1533 
v -14.6486 2.86312 -27.5536 
v -14.8048 3.0063 -27.5577 
v -14.7762 2.92797 -27.4539 
v -14.6776 2.92804 -27.6427 
v -15.7132 2.68283 -27.5286 
v -15.6406 2.56378 -27.4411 
v -15.6126 2.67959 -27.4808 
v -15.7416 2.56086 -27.494 
v -15.5343 2.24371 -28.4952 
v -15.5839 2.33 -28.4399 
v -15.4776 2.32271 -28.6372 
v -15.5346 2.44201 -28.5992 
v -15.6984 2.34918 -27.6453 
v -15.655 2.30437 -27.4791 
v -15.6711 2.41018 -27.5256 
v -15.6822 2.25514 -27.6025 
v -15.6587 2.1759 -27.5669 
v -15.655 2.30437 -27.4791 
v -15.63 2.20098 -27.4539 
v -15.664 2.41861 -27.3864 
v -15.749 2.45734 -27.455 
v -15.7322 2.37671 -27.4047 
v -15.6569 2.48215 -27.4122 
v -15.9389 2.55797 -28.0515 
v -15.9457 2.57093 -28.0023 
v -15.9325 2.56998 -28.0512 
v -15.9362 2.58491 -28.0071 
v -14.9596 2.75845 -27.2094 
v -14.8535 2.67647 -27.1212 
v -14.8357 2.76451 -27.2115 
v -14.957 2.68486 -27.1332 
v -15.3063 2.49332 -28.7167 
v -15.1877 2.41855 -28.8089 
v -15.253 2.37107 -28.7802 
v -15.2176 2.53134 -28.7493 
v -15.7227 2.2061 -27.7519 
v -15.7787 2.3292 -27.7303 
v -15.7424 2.28585 -27.8342 
v -15.7609 2.26546 -27.6839 
v -14.6114 2.76597 -28.4064 
v -14.6323 2.77064 -28.5068 
v -14.6607 2.8915 -28.4221 
v -14.589 2.68615 -28.4693 
v -15.736 2.12799 -27.7441 
v -15.7725 2.21664 -27.7735 
v -15.7625 2.21266 -27.7915 
v -15.7432 2.13461 -27.7298 
v -14.4611 2.72919 -27.683 
v -14.4081 2.86284 -27.8344 
v -14.5119 2.85383 -27.7517 
v -14.3357 2.71008 -27.7697 
v -14.446 2.65419 -27.6653 
v -14.4611 2.72919 -27.683 
v -14.616 2.94509 -27.9993 
v -14.5562 2.90938 -28.1116 
v -14.5917 2.94918 -28.0787 
v -14.5562 2.90938 -28.1116 
v -14.5791 2.9335 -28.1777 
v -14.5273 2.88248 -28.1683 
v -14.5546 2.87919 -28.2833 
v -14.5273 2.88248 -28.1683 
v -14.4599 2.81425 -28.2458 
v -14.5791 2.9335 -28.1777 
v -15.846 2.79954 -27.9502 
v -15.8757 2.69058 -28.0153 
v -15.8319 2.7809 -27.9228 
v -15.8619 2.67155 -27.9883 
v -15.8757 2.69058 -28.0153 
v -15.8755 2.54085 -28.0803 
v -15.887 2.555 -28.1057 
v -14.8792 2.43573 -27.2452 
v -14.957 2.54771 -27.2152 
v -14.9574 2.41776 -27.1784 
v -14.8874 2.58456 -27.328 
v -15.6716 2.4352 -28.5574 
v -15.717 2.39384 -28.5417 
v -15.7431 2.45994 -28.4833 
v -15.679 2.49677 -28.5204 
v -15.716 2.15951 -27.643 
v -15.7581 2.19475 -27.7141 
v -15.7247 2.13909 -27.6516 
v -15.7455 2.21779 -27.6926 
v -15.0661 2.3383 -27.301 
v -14.9319 2.49825 -27.3796 
v -15.1127 2.49723 -27.3121 
v -14.9004 2.35212 -27.3629 
v -14.8387 2.66999 -27.3766 
v -14.807 2.53264 -27.3244 
v -14.7327 2.56877 -27.434 
v -14.7048 2.43819 -27.405 
v -15.5343 2.42468 -28.5996 
v -15.5647 2.54568 -28.5497 
v -15.4799 2.47229 -28.6911 
v -15.5078 2.60237 -28.6377 
v -15.1973 1.98488 -27.3446 
v -15.1281 1.93652 -27.2799 
v -15.1795 2.0049 -27.2997 
v -15.1356 1.92056 -27.3004 
v -15.1281 1.93652 -27.2799 
v -15.0802 1.88635 -27.2544 
v -15.6166 3.03797 -27.8264 
v -15.6722 2.96926 -27.7508 
v -15.5886 3.05812 -27.7962 
v -15.6392 2.97833 -27.7123 
v -15.2697 2.95274 -28.5873 
v -15.2674 3.04781 -28.4816 
v -15.18 2.94619 -28.5883 
v -15.1621 3.04062 -28.4778 
v -15.4799 2.47229 -28.6911 
v -15.5078 2.60237 -28.6377 
v -15.3726 2.50469 -28.7024 
v -15.3914 2.62762 -28.6406 
v -15.5855 2.68351 -27.3515 
v -15.5422 2.67867 -27.2613 
v -15.5884 2.70443 -27.3455 
v -15.5457 2.69324 -27.2609 
v -14.8409 2.85731 -27.3525 
v -15.0181 3.0072 -27.4792 
v -14.9767 2.84546 -27.3189 
v -14.8799 2.99049 -27.5399 
v -15.6824 2.24469 -28.5576 
v -15.6534 2.14425 -28.5677 
v -15.6819 2.22896 -28.5284 
v -15.657 2.1495 -28.595 
v -15.76 2.52624 -27.6011 
v -15.749 2.45734 -27.455 
v -15.7416 2.56086 -27.494 
v -15.7628 2.40775 -27.546 
v -15.727 2.98554 -27.9431 
v -15.7562 2.93991 -27.9027 
v -15.7162 2.98633 -27.9258 
v -15.7678 2.94084 -27.924 
v -15.8068 2.87526 -27.9214 
v -15.7562 2.93991 -27.9027 
v -15.7952 2.86445 -27.8953 
v -15.8068 2.87526 -27.9214 
v -15.846 2.79954 -27.9502 
v -15.7952 2.86445 -27.8953 
v -15.8319 2.7809 -27.9228 
v -15.6762 2.98486 -28.1952 
v -15.7578 2.91718 -28.1987 
v -15.7107 2.97548 -28.1572 
v -15.7209 2.91882 -28.2416 
v -14.6701 2.99861 -28.1902 
v -14.6199 2.94714 -28.0974 
v -14.6224 2.91787 -28.2198 
v -14.6587 2.97471 -28.0664 
v -15.7359 2.61179 -27.8568 
v -15.7927 2.45809 -27.8309 
v -15.7864 2.46028 -27.8157 
v -15.7958 2.32537 -27.8044 
v -15.7864 2.46028 -27.8157 
v -15.7884 2.33113 -27.7836 
v -15.7958 2.32537 -27.8044 
v -15.7643 2.22583 -27.7557 
v -15.7725 2.21664 -27.7735 
v -15.5407 2.79967 -27.2902 
v -15.5837 2.75792 -27.3823 
v -15.5467 2.75491 -27.2876 
v -15.5661 2.81524 -27.368 
v -15.7002 2.9017 -28.2974 
v -15.7635 2.79201 -28.2952 
v -15.7053 2.89652 -28.2747 
v -15.7602 2.7943 -28.3237 
v -15.8118 2.66202 -28.3311 
v -15.7635 2.79201 -28.2952 
v -15.8135 2.65817 -28.2963 
v -15.8404 2.54616 -28.3479 
v -15.8135 2.65817 -28.2963 
v -15.8398 2.5364 -28.3123 
v -15.8404 2.54616 -28.3479 
v -15.8396 2.44082 -28.3507 
v -15.8423 2.4559 -28.3808 
v -15.8723 2.37133 -28.0201 
v -15.8002 2.28047 -27.9082 
v -15.7835 2.36531 -27.8773 
v -15.8575 2.2591 -28.0237 
v -15.7377 2.78536 -28.3386 
v -15.7847 2.65499 -28.3531 
v -15.7602 2.7943 -28.3237 
v -15.8118 2.66202 -28.3311 
v -15.7422 2.17966 -27.7394 
v -15.7878 2.26856 -27.765 
v -15.7657 2.25635 -27.7961 
v -15.7581 2.19475 -27.7141 
v -15.7762 2.56161 -28.2875 
v -15.7863 2.44524 -28.298 
v -15.8029 2.56154 -28.2646 
v -15.8101 2.44474 -28.274 
v -15.5647 2.54568 -28.5497 
v -15.5901 2.6725 -28.4881 
v -15.5078 2.60237 -28.6377 
v -15.5264 2.7338 -28.5623 
v -15.4307 2.209 -28.7122 
v -15.4853 2.30854 -28.6448 
v -15.4132 2.25311 -28.7692 
v -15.4463 2.35119 -28.7251 
v -15.5739 2.72076 -27.3479 
v -15.6188 2.72966 -27.4179 
v -15.5884 2.70443 -27.3455 
v -15.5969 2.74982 -27.4152 
v -15.6029 2.9675 -28.2909 
v -15.705 2.85226 -28.3181 
v -15.6734 2.93564 -28.2442 
v -15.6247 2.8783 -28.3857 
v -15.3609 2.50558 -28.6439 
v -15.5346 2.44201 -28.5992 
v -15.5692 2.55292 -28.5429 
v -15.4027 2.61602 -28.5848 
v -15.3609 2.50558 -28.6439 
v -15.4776 2.32271 -28.6372 
v -15.3101 2.34848 -28.6989 
v -15.7165 2.34918 -28.5545 
v -15.7821 2.34723 -28.4763 
v -15.7717 2.36635 -28.4771 
v -15.7203 2.33723 -28.5576 
v -15.7165 2.34918 -28.5545 
v -15.6364 2.36444 -28.682 
v -15.7752 2.24295 -28.2281 
v -15.7542 2.17948 -28.1569 
v -15.7732 2.2566 -28.2025 
v -15.7549 2.16477 -28.1738 
v -15.8737 2.43131 -28.161 
v -15.8422 2.32878 -28.1531 
v -15.8637 2.4256 -28.1373 
v -15.8523 2.3267 -28.173 
v -15.583 3.07966 -27.7161 
v -15.5265 3.16406 -27.8289 
v -15.6244 3.10582 -27.7744 
v -15.479 3.1466 -27.7702 
v -15.7963 2.33687 -28.2618 
v -15.7732 2.2566 -28.2025 
v -15.7918 2.34487 -28.2305 
v -15.7752 2.24295 -28.2281 
v -15.2677 2.23399 -27.1568 
v -15.3687 2.31537 -27.2109 
v -15.3524 2.22742 -27.1657 
v -15.2521 2.3386 -27.1975 
v -15.7898 2.53165 -27.8444 
v -15.8566 2.58663 -27.9925 
v -15.8744 2.4813 -28.009 
v -15.7783 2.44758 -27.8603 
v -15.8744 2.4813 -28.009 
v -15.7835 2.36531 -27.8773 
v -15.8723 2.37133 -28.0201 
v -15.7021 2.08977 -27.6682 
v -15.7432 2.13461 -27.7298 
v -15.7067 2.07904 -27.6728 
v -15.7358 2.14631 -27.718 
v -15.796 2.63463 -28.3094 
v -15.8016 2.54426 -28.3334 
v -15.8401 2.63373 -28.2736 
v -15.841 2.53012 -28.31 
v -15.6004 2.95903 -27.6919 
v -15.6217 2.89357 -27.6114 
v -15.5653 2.98118 -27.667 
v -15.5851 2.91268 -27.5844 
v -15.5422 2.67867 -27.2613 
v -15.5091 2.70866 -27.1709 
v -15.5457 2.69324 -27.2609 
v -15.5116 2.71626 -27.1741 
v -15.5091 2.70866 -27.1709 
v -15.4945 2.78461 -27.0905 
v -14.9917 3.03476 -28.4476 
v -15.0098 3.11361 -28.3328 
v -14.9436 3.02201 -28.4302 
v -14.9665 3.09612 -28.3162 
v -14.9436 3.02201 -28.4302 
v -14.9809 2.83959 -28.5926 
v -14.9286 2.83245 -28.5757 
v -15.6682 2.59037 -27.6107 
v -15.6993 2.4037 -27.5249 
v -15.6866 2.41727 -27.4994 
v -15.6993 2.4037 -27.5249 
v -15.6759 2.27658 -27.4316 
v -15.6919 2.25982 -27.469 
v -14.616 2.94509 -27.9993 
v -14.5284 2.96231 -28.0804 
v -14.5742 3.00359 -28.0884 
v -14.5284 2.96231 -28.0804 
v -14.5113 3.01344 -28.1961 
v -14.4437 2.93752 -28.1523 
v -14.3719 2.8855 -28.2192 
v -14.5113 3.01344 -28.1961 
v -14.4454 2.9772 -28.3067 
v -14.7236 2.19175 -28.6701 
v -14.6253 2.3718 -28.6855 
v -14.6202 2.19679 -28.6919 
v -14.7671 2.35293 -28.6707 
v -15.8101 2.44474 -28.274 
v -15.7918 2.34487 -28.2305 
v -15.8049 2.44525 -28.2407 
v -15.7963 2.33687 -28.2618 
v -14.6182 1.78236 -28.5059 
v -14.5683 1.80151 -28.4495 
v -14.5827 1.76618 -28.4692 
v -14.6164 1.82989 -28.4997 
v -14.601 1.72951 -28.5053 
v -14.6182 1.78236 -28.5059 
v -14.6176 1.74381 -28.5218 
v -14.601 1.72951 -28.5053 
v -14.613 1.70423 -28.5417 
v -15.7121 2.35185 -28.344 
v -15.7208 2.45857 -28.2906 
v -15.6878 2.39057 -28.4232 
v -15.7014 2.50177 -28.3659 
v -15.5185 2.85578 -28.4889 
v -15.5681 2.76104 -28.5342 
v -15.5716 2.86749 -28.4682 
v -15.6141 2.7748 -28.5111 
v -15.2662 2.07824 -27.3751 
v -15.1795 2.0049 -27.2997 
v -15.2281 2.09453 -27.3097 
v -15.1973 1.98488 -27.3446 
v -15.765 2.6045 -27.8241 
v -15.7521 2.67793 -27.8065 
v -15.8237 2.67677 -27.967 
v -15.7846 2.74883 -27.9364 
v -15.9148 2.57008 -28.1072 
v -15.9389 2.55797 -28.0515 
v -15.9325 2.56998 -28.0512 
v -15.9186 2.56334 -28.1101 
v -15.9148 2.57008 -28.1072 
v -15.8772 2.58655 -28.1828 
v -15.7549 2.16477 -28.1738 
v -15.7383 2.12046 -28.103 
v -15.7542 2.17948 -28.1569 
v -15.7384 2.10954 -28.1106 
v -15.7383 2.12046 -28.103 
v -15.7233 2.07948 -28.0448 
v -15.1042 3.13879 -28.4057 
v -15.1146 3.18866 -28.2586 
v -14.962 3.1586 -28.3744 
v -14.9605 3.19905 -28.2263 
v -15.8227 2.7377 -27.805 
v -15.7717 2.81543 -27.8229 
v -15.7854 2.8111 -27.8422 
v -15.807 2.73905 -27.784 
v -15.7939 2.87343 -27.949 
v -15.846 2.79954 -27.9502 
v -15.8068 2.87526 -27.9214 
v -15.8297 2.80879 -27.9807 
v -15.5346 2.44201 -28.5992 
v -15.5839 2.33 -28.4399 
v -15.6336 2.42567 -28.3747 
v -15.5692 2.55292 -28.5429 
v -15.106 1.95303 -27.277 
v -15.1795 2.0049 -27.2997 
v -15.1281 1.93652 -27.2799 
v -15.1343 2.03246 -27.2898 
v -15.106 1.95303 -27.277 
v -15.0802 1.88635 -27.2544 
v -15.3634 2.99073 -28.6248 
v -15.4078 3.00248 -28.5296 
v -15.3841 3.02499 -28.5341 
v -15.4021 2.95726 -28.6092 
v -15.3599 2.93743 -28.7072 
v -15.4021 2.95726 -28.6092 
v -15.3634 2.99073 -28.6248 
v -15.401 2.90546 -28.6783 
v -15.3599 2.93743 -28.7072 
v -15.405 2.8466 -28.7407 
v -15.3749 2.867 -28.7752 
v -15.7936 2.83537 -28.2301 
v -15.8226 2.74046 -28.2541 
v -15.7853 2.81365 -28.1679 
v -15.8168 2.72495 -28.1915 
v -15.1632 3.09667 -27.5292 
v -15.0942 3.18109 -27.6128 
v -15.1728 3.14778 -27.6166 
v -15.0842 3.12334 -27.5145 
v -15.1632 3.09667 -27.5292 
v -15.0725 3.0489 -27.4403 
v -15.1574 3.02879 -27.4682 
v -14.5733 2.59545 -27.4665 
v -14.7048 2.43819 -27.405 
v -14.5371 2.45442 -27.4425 
v -14.7327 2.56877 -27.434 
v -15.1127 2.49723 -27.3121 
v -15.244 2.57451 -27.3585 
v -15.2235 2.45058 -27.3199 
v -15.1336 2.62192 -27.3517 
v -15.7521 2.67793 -27.8065 
v -15.7171 2.77103 -27.7895 
v -15.7846 2.74883 -27.9364 
v -15.7498 2.81461 -27.9173 
v -15.6974 2.5019 -27.6467 
v -15.6954 2.32253 -27.6103 
v -15.6885 2.32865 -27.5857 
v -15.6954 2.32253 -27.6103 
v -15.6829 2.19999 -27.5601 
v -15.6883 2.1965 -27.5926 
v -15.7743 2.68348 -28.2345 
v -15.8008 2.55522 -28.2301 
v -15.7782 2.67265 -28.1994 
v -15.8029 2.56154 -28.2646 
v -15.8029 2.56154 -28.2646 
v -15.8049 2.44525 -28.2407 
v -15.8008 2.55522 -28.2301 
v -15.8101 2.44474 -28.274 
v -14.6144 2.94492 -28.3267 
v -14.7675 3.00383 -28.3954 
v -14.7863 3.05918 -28.2473 
v -14.6224 2.98416 -28.202 
v -15.3162 3.06448 -28.4038 
v -15.4415 2.90794 -28.5165 
v -15.4207 3.03016 -28.38 
v -15.3503 2.93991 -28.556 
v -14.8874 2.58456 -27.328 
v -14.9674 2.68575 -27.2664 
v -14.957 2.54771 -27.2152 
v -14.898 2.68021 -27.3482 
v -15.7399 2.4126 -28.4155 
v -15.7534 2.54207 -28.4431 
v -15.7431 2.45994 -28.4833 
v -15.7491 2.50061 -28.3492 
v -15.3101 2.34848 -28.6989 
v -15.3609 2.50558 -28.6439 
v -15.2253 2.38676 -28.7714 
v -15.257 2.56277 -28.684 
v -15.3609 2.50558 -28.6439 
v -15.4027 2.61602 -28.5848 
v -14.957 2.54771 -27.2152 
v -15.0979 2.65037 -27.3025 
v -15.0732 2.52392 -27.2601 
v -14.9674 2.68575 -27.2664 
v -15.0125 2.68637 -28.7075 
v -15.1384 2.65034 -28.71 
v -15.1739 2.77898 -28.6215 
v -15.0244 2.81107 -28.6187 
v -15.6994 2.2107 -28.3698 
v -15.6893 2.13338 -28.3341 
v -15.6917 2.18769 -28.3049 
v -15.682 2.13819 -28.3906 
v -14.4465 1.80197 -28.3641 
v -14.5054 1.74528 -28.3993 
v -14.5542 1.85644 -28.4363 
v -14.4299 1.70017 -28.3556 
v -14.5054 1.74528 -28.3993 
v -14.398 1.60309 -28.3925 
v -14.9627 2.62431 -28.6666 
v -14.8415 2.74276 -28.5353 
v -14.8157 2.6105 -28.6015 
v -14.9867 2.72707 -28.606 
v -15.194 2.37141 -27.1911 
v -15.0798 2.39112 -27.0778 
v -15.1562 2.45027 -27.1496 
v -15.0937 2.33507 -27.0898 
v -15.1542 2.94761 -27.4201 
v -15.0649 2.96743 -27.3823 
v -15.1574 3.02879 -27.4682 
v -15.0725 3.0489 -27.4403 
v -14.5571 2.66755 -27.5166 
v -14.4437 2.79636 -27.634 
v -14.5907 2.78141 -27.5658 
v -14.4012 2.6918 -27.5827 
v -15.0701 3.28198 -27.7305 
v -15.0348 3.29447 -27.6531 
v -15.0236 3.28148 -27.7294 
v -15.0937 3.29343 -27.6783 
v -15.765 2.6045 -27.8241 
v -15.8237 2.67677 -27.967 
v -15.8566 2.58663 -27.9925 
v -15.7898 2.53165 -27.8444 
v -15.5901 2.6725 -28.4881 
v -15.5983 2.78139 -28.4049 
v -15.5264 2.7338 -28.5623 
v -15.5357 2.84718 -28.465 
v -15.7028 2.88124 -27.9099 
v -15.6467 2.95573 -27.8373 
v -15.6702 2.93648 -27.9182 
v -15.679 2.87143 -27.8003 
v -15.679 2.87143 -27.8003 
v -15.7028 2.88124 -27.9099 
v -15.7498 2.81461 -27.9173 
v -15.7171 2.77103 -27.7895 
v -14.8799 2.99049 -27.5399 
v -15.0379 3.08291 -27.575 
v -15.0181 3.0072 -27.4792 
v -14.9029 3.03607 -27.6365 
v -15.1562 2.45027 -27.1496 
v -15.281 2.4723 -27.2691 
v -15.194 2.37141 -27.1911 
v -15.2148 2.55191 -27.2259 
v -15.9457 2.57093 -28.0023 
v -15.952 2.60108 -27.9537 
v -15.9362 2.58491 -28.0071 
v -15.9383 2.61458 -27.9633 
v -15.4378 2.94538 -27.5109 
v -15.2956 3.07 -27.6221 
v -15.4217 3.0537 -27.6441 
v -15.3176 2.95178 -27.4847 
v -15.4378 2.94538 -27.5109 
v -15.3497 2.79086 -27.3854 
v -15.4515 2.79753 -27.3965 
v -15.2534 2.68688 -27.3068 
v -15.1309 2.81627 -27.4062 
v -15.2699 2.81024 -27.3893 
v -15.1183 2.70139 -27.3344 
v -14.616 2.94509 -27.9993 
v -14.5869 2.95536 -27.9052 
v -14.5651 2.91331 -27.8432 
v -14.5612 2.9305 -27.8027 
v -14.5651 2.91331 -27.8432 
v -14.5119 2.85383 -27.7517 
v -14.3804 2.87283 -28.0955 
v -14.3153 2.92867 -28.2277 
v -14.4085 2.97259 -28.1507 
v -14.3175 2.8268 -28.1238 
v -15.5583 3.17263 -27.8894 
v -15.6155 3.18169 -27.8309 
v -15.5444 3.19091 -27.8787 
v -15.6204 3.16618 -27.8524 
v -15.6979 3.11415 -27.8226 
v -15.6155 3.18169 -27.8309 
v -15.699 3.12349 -27.7972 
v -15.6979 3.11415 -27.8226 
v -15.7779 3.033 -27.7843 
v -15.7707 3.02662 -27.8122 
v -14.9862 2.80683 -27.3378 
v -14.898 2.68021 -27.3482 
v -14.9173 2.78145 -27.3918 
v -14.9674 2.68575 -27.2664 
v -14.632 2.87447 -27.6528 
v -14.7114 2.96107 -27.7608 
v -14.6768 2.90694 -27.6492 
v -14.6593 2.94124 -27.797 
v -14.638 2.83356 -27.5553 
v -14.632 2.87447 -27.6528 
v -14.5907 2.78141 -27.5658 
v -15.2521 2.3386 -27.1975 
v -15.3934 2.41567 -27.2694 
v -15.3687 2.31537 -27.2109 
v -15.2432 2.45111 -27.2478 
v -15.5735 3.0159 -27.7897 
v -15.6004 2.95903 -27.6919 
v -15.5439 3.03948 -27.7733 
v -15.5653 2.98118 -27.667 
v -15.1316 2.57273 -27.029 
v -15.0835 2.63744 -27.0384 
v -15.1113 2.63614 -27.0639 
v -15.1439 2.57879 -27.0421 
v -15.2224 2.48954 -27.0353 
v -15.1316 2.57273 -27.029 
v -14.8614 2.77765 -27.4507 
v -14.8387 2.66999 -27.3766 
v -14.7629 2.68833 -27.4831 
v -14.7327 2.56877 -27.434 
v -15.414 2.72957 -28.7509 
v -15.5042 2.63995 -28.7949 
v -15.4737 2.70617 -28.7086 
v -15.4557 2.65935 -28.8288 
v -15.4737 2.70617 -28.7086 
v -15.3503 2.93991 -28.556 
v -15.4415 2.90794 -28.5165 
v -15.2148 2.55191 -27.2259 
v -15.1183 2.70139 -27.3344 
v -15.2534 2.68688 -27.3068 
v -15.0982 2.58592 -27.2482 
v -15.6079 2.79287 -27.4727 
v -15.5757 2.85575 -27.4375 
v -15.5713 2.90809 -27.5091 
v -15.6123 2.8433 -27.5612 
v -15.6079 2.79287 -27.4727 
v -15.5661 2.81524 -27.368 
v -15.5837 2.75792 -27.3823 
v -14.8157 2.6105 -28.6015 
v -14.6323 2.77064 -28.5068 
v -14.6002 2.62331 -28.551 
v -14.8415 2.74276 -28.5353 
v -15.3208 2.20011 -27.3829 
v -15.2281 2.09453 -27.3097 
v -15.267 2.20671 -27.3038 
v -15.2662 2.07824 -27.3751 
v -14.6776 2.92804 -27.6427 
v -14.8447 3.06269 -27.6811 
v -14.8048 3.0063 -27.5577 
v -14.706 2.97748 -27.7488 
v -15.7994 2.45038 -27.8309 
v -15.767 2.54465 -27.81 
v -15.7829 2.54077 -27.847 
v -15.7863 2.45888 -27.7906 
v -15.6166 3.03797 -27.8264 
v -15.5451 3.09543 -27.898 
v -15.5742 3.06084 -27.9069 
v -15.5886 3.05812 -27.7962 
v -15.7015 2.44499 -27.6884 
v -15.6711 2.41018 -27.5256 
v -15.6873 2.50754 -27.5774 
v -15.6984 2.34918 -27.6453 
v -15.7381 2.64594 -27.6415 
v -15.6847 2.79385 -27.5923 
v -15.7117 2.73737 -27.6801 
v -15.7132 2.68283 -27.5286 
v -15.7381 2.64594 -27.6415 
v -15.7416 2.56086 -27.494 
v -15.76 2.52624 -27.6011 
v -15.7137 2.29597 -28.3224 
v -15.668 2.42915 -28.375 
v -15.6563 2.34076 -28.4138 
v -15.7204 2.39261 -28.2581 
v -15.7137 2.29597 -28.3224 
v -15.6521 2.23611 -28.4369 
v -15.6994 2.2107 -28.3698 
v -15.5884 2.70443 -27.3455 
v -15.5369 2.70459 -27.2654 
v -15.5739 2.72076 -27.3479 
v -15.5457 2.69324 -27.2609 
v -15.2674 3.04781 -28.4816 
v -15.2665 3.12382 -28.3524 
v -15.1621 3.04062 -28.4778 
v -15.1536 3.10711 -28.3459 
v -15.322 2.46355 -27.3209 
v -15.244 2.57451 -27.3585 
v -15.3384 2.57035 -27.3589 
v -15.2235 2.45058 -27.3199 
v -15.253 2.37107 -28.7802 
v -15.1559 2.31897 -28.8742 
v -15.1916 2.28101 -28.8491 
v -15.1877 2.41855 -28.8089 
v -14.9869 2.4423 -28.9083 
v -15.0304 2.41874 -28.9041 
v -15.0661 2.48258 -28.8526 
v -15.0005 2.51688 -28.8538 
v -15.5692 2.55292 -28.5429 
v -15.6336 2.42567 -28.3747 
v -15.668 2.52288 -28.3066 
v -15.5925 2.66023 -28.4747 
v -15.1916 2.28101 -28.8491 
v -15.1229 2.22827 -28.9207 
v -15.1444 2.21533 -28.899 
v -15.1559 2.31897 -28.8742 
v -15.1292 2.15208 -28.9235 
v -15.1229 2.22827 -28.9207 
v -15.1171 2.15164 -28.9399 
v -15.6375 2.97864 -28.2516 
v -15.7053 2.89652 -28.2747 
v -15.6437 2.96986 -28.2334 
v -15.7002 2.9017 -28.2974 
v -15.2534 2.68688 -27.3068 
v -15.3782 2.75977 -27.4342 
v -15.3441 2.61359 -27.3575 
v -15.2699 2.81024 -27.3893 
v -15.8242 2.43479 -28.3685 
v -15.841 2.53012 -28.31 
v -15.7945 2.45829 -28.3794 
v -15.8016 2.54426 -28.3334 
v -15.7208 2.45857 -28.2906 
v -15.7182 2.58078 -28.2293 
v -15.7014 2.50177 -28.3659 
v -15.7067 2.62195 -28.2891 
v -15.7707 3.02662 -27.8122 
v -15.849 2.91874 -27.7922 
v -15.7779 3.033 -27.7843 
v -15.8327 2.9138 -27.8208 
v -15.3179 3.11638 -28.2793 
v -15.4207 3.03016 -28.38 
v -15.4193 3.08749 -28.2723 
v -15.3162 3.06448 -28.4038 
v -14.8832 1.82067 -28.6895 
v -14.811 1.90949 -28.679 
v -14.8397 1.81443 -28.6886 
v -14.9214 1.92607 -28.679 
v -14.8832 1.82067 -28.6895 
v -14.891 1.72894 -28.7215 
v -14.9285 3.1236 -28.6763 
v -14.8501 3.13241 -28.7314 
v -14.9448 3.06564 -28.7044 
v -14.8523 3.16297 -28.7103 
v -15.2148 2.55191 -27.2259 
v -15.3441 2.61359 -27.3575 
v -15.281 2.4723 -27.2691 
v -15.2534 2.68688 -27.3068 
v -15.0244 2.81107 -28.6187 
v -15.1739 2.77898 -28.6215 
v -15.1927 2.89913 -28.5303 
v -15.0272 2.91286 -28.518 
v -15.5572 3.03861 -28.1204 
v -15.5808 3.02118 -28.21 
v -15.6186 3.00625 -28.1116 
v -15.6471 2.9886 -28.1733 
v -15.5808 3.02118 -28.21 
v -15.6734 2.93564 -28.2442 
v -15.6029 2.9675 -28.2909 
v -15.5954 2.44381 -27.4792 
v -15.5878 2.34215 -27.4339 
v -15.5665 2.40048 -27.3548 
v -15.5346 2.24618 -27.3132 
v -15.7578 2.91718 -28.1987 
v -15.7936 2.83537 -28.2301 
v -15.7509 2.88863 -28.1451 
v -15.7853 2.81365 -28.1679 
v -15.5884 2.70443 -27.3455 
v -15.6188 2.72966 -27.4179 
v -15.5855 2.68351 -27.3515 
v -15.6166 2.70289 -27.4311 
v -15.6747 2.34342 -28.6224 
v -15.717 2.39384 -28.5417 
v -15.645 2.3799 -28.6241 
v -15.6716 2.4352 -28.5574 
v -14.3317 2.17739 -28.5618 
v -14.2915 2.25096 -28.5174 
v -14.2876 2.1886 -28.5452 
v -14.3693 2.25438 -28.5588 
v -14.3317 2.17739 -28.5618 
v -14.2502 2.12034 -28.5917 
v -15.817 2.72759 -27.8283 
v -15.8477 2.65804 -27.789 
v -15.8227 2.7377 -27.805 
v -15.8411 2.65428 -27.8147 
v -15.8411 2.65428 -27.8147 
v -15.8688 2.57611 -27.7929 
v -15.8477 2.65804 -27.789 
v -15.859 2.57835 -27.8196 
v -15.76 2.93135 -27.945 
v -15.8068 2.87526 -27.9214 
v -15.7678 2.94084 -27.924 
v -15.7939 2.87343 -27.949 
v -14.9674 2.68575 -27.2664 
v -15.1245 2.7597 -27.3629 
v -15.0979 2.65037 -27.3025 
v -14.9862 2.80683 -27.3378 
v -14.9574 2.41776 -27.1784 
v -15.0732 2.52392 -27.2601 
v -15.0482 2.40556 -27.223 
v -14.957 2.54771 -27.2152 
v -14.9663 2.32058 -27.1574 
v -15.0282 2.31095 -27.1901 
v -14.9574 2.41776 -27.1784 
v -15.6702 2.93648 -27.9182 
v -15.5984 3.00973 -27.9009 
v -15.6331 2.9752 -27.9463 
v -15.6467 2.95573 -27.8373 
v -15.733 2.78347 -28.1902 
v -15.7782 2.67265 -28.1994 
v -15.7374 2.76803 -28.1587 
v -15.7743 2.68348 -28.2345 
v -15.6603 2.05577 -27.6009 
v -15.7067 2.07904 -27.6728 
v -15.6614 2.0494 -27.6016 
v -15.7021 2.08977 -27.6682 
v -15.6603 2.05577 -27.6009 
v -15.6056 2.04651 -27.5153 
v -14.6512 2.74364 -27.3675 
v -14.5307 2.88683 -27.4623 
v -14.6844 2.87341 -27.4419 
v -14.5141 2.76646 -27.376 
v -14.6512 2.74364 -27.3675 
v -14.4903 2.58721 -27.2796 
v -14.5901 2.55099 -27.2903 
v -15.7958 2.19488 -28.0699 
v -15.7586 2.16058 -27.978 
v -15.7617 2.23698 -27.9918 
v -15.7774 2.13048 -28.0421 
v -15.2432 2.45111 -27.2478 
v -15.4136 2.52035 -27.3247 
v -15.3934 2.41567 -27.2694 
v -15.2424 2.54934 -27.3071 
v -15.5207 2.65596 -27.3619 
v -15.4515 2.79753 -27.3965 
v -15.5075 2.74886 -27.4674 
v -15.4594 2.691 -27.3117 
v -15.5207 2.65596 -27.3619 
v -15.5269 2.60567 -27.2875 
v -15.4619 2.62568 -27.2527 
v -15.5269 2.60567 -27.2875 
v -15.4655 2.56246 -27.2118 
v -15.5243 2.55541 -27.2354 
v -15.0054 2.58945 -28.7843 
v -15.1024 2.55117 -28.7864 
v -15.1384 2.65034 -28.71 
v -15.0125 2.68637 -28.7075 
v -15.062 2.89828 -27.3219 
v -15.1542 2.94761 -27.4201 
v -15.1485 2.87229 -27.3599 
v -15.0649 2.96743 -27.3823 
v -15.3682 2.32606 -27.3973 
v -15.267 2.20671 -27.3038 
v -15.2977 2.33862 -27.302 
v -15.3208 2.20011 -27.3829 
v -15.6368 3.01701 -28.1402 
v -15.7107 2.97548 -28.1572 
v -15.6683 3.00045 -28.1099 
v -15.6762 2.98486 -28.1952 
v -15.4718 2.95092 -28.4202 
v -15.5185 2.85578 -28.4889 
v -15.5316 2.95963 -28.402 
v -15.5716 2.86749 -28.4682 
v -14.8087 2.48752 -28.6609 
v -14.8544 2.66455 -28.6029 
v -14.6408 2.52519 -28.6707 
v -14.6914 2.72924 -28.6176 
v -14.6408 2.52519 -28.6707 
v -14.7671 2.35293 -28.6707 
v -14.6253 2.3718 -28.6855 
v -15.5954 2.44381 -27.4792 
v -15.6873 2.50754 -27.5774 
v -15.6711 2.41018 -27.5256 
v -15.6006 2.52779 -27.523 
v -15.5467 2.75491 -27.2876 
v -15.5009 2.81194 -27.2035 
v -15.5407 2.79967 -27.2902 
v -15.5012 2.78326 -27.192 
v -15.4775 2.84552 -27.1165 
v -15.5009 2.81194 -27.2035 
v -15.4774 2.85792 -27.1292 
v -15.4775 2.84552 -27.1165 
v -15.4806 2.94429 -27.0772 
v -15.4017 2.42807 -27.4133 
v -15.2977 2.33862 -27.302 
v -15.322 2.46355 -27.3209 
v -15.3682 2.32606 -27.3973 
v -15.4207 2.78507 -28.7854 
v -15.405 2.8466 -28.7407 
v -15.3749 2.867 -28.7752 
v -15.4032 2.79161 -28.8169 
v -14.8357 2.76451 -27.2115 
v -14.9767 2.84546 -27.3189 
v -14.9596 2.75845 -27.2094 
v -14.8409 2.85731 -27.3525 
v -15.0982 2.58592 -27.2482 
v -15.1562 2.45027 -27.1496 
v -15.0731 2.49326 -27.1747 
v -15.2148 2.55191 -27.2259 
v -15.4027 2.61602 -28.5848 
v -15.5692 2.55292 -28.5429 
v -15.5925 2.66023 -28.4747 
v -15.4357 2.73681 -28.5085 
v -15.7326 2.87618 -27.9001 
v -15.7854 2.8111 -27.8422 
v -15.7221 2.88207 -27.8844 
v -15.7717 2.81543 -27.8229 
v -15.5713 2.90809 -27.5091 
v -15.4985 2.87026 -27.4303 
v -15.4807 2.91371 -27.491 
v -15.5757 2.85575 -27.4375 
v -14.5612 2.9305 -27.8027 
v -14.5009 2.87593 -27.7073 
v -14.5119 2.85383 -27.7517 
v -14.4611 2.72919 -27.683 
v -15.6847 2.79385 -27.5923 
v -15.5716 2.90274 -27.6466 
v -15.6595 2.88472 -27.6869 
v -15.5878 2.80013 -27.5505 
v -15.6847 2.79385 -27.5923 
v -15.6126 2.67959 -27.4808 
v -15.7132 2.68283 -27.5286 
v -15.3017 2.77446 -28.5667 
v -15.4357 2.73681 -28.5085 
v -15.4659 2.85104 -28.4164 
v -15.334 2.89396 -28.4584 
v -15.3017 2.77446 -28.5667 
v -15.4027 2.61602 -28.5848 
v -15.257 2.56277 -28.684 
v -15.8569 2.23999 -28.0125 
v -15.8432 2.16445 -28.0248 
v -15.8689 2.2315 -27.9988 
v -15.8525 2.15971 -28.0118 
v -15.7121 2.52418 -28.1631 
v -15.7297 2.39797 -28.207 
v -15.7338 2.39444 -28.1911 
v -15.7297 2.39797 -28.207 
v -15.7326 2.29103 -28.2182 
v -15.7242 2.29793 -28.2408 
v -15.7264 2.22382 -28.2689 
v -15.7326 2.29103 -28.2182 
v -15.7365 2.21171 -28.2474 
v -15.7733 2.36795 -28.4497 
v -15.8242 2.43479 -28.3685 
v -15.7584 2.3883 -28.4497 
v -15.7945 2.45829 -28.3794 
v -15.7584 2.3883 -28.4497 
v -15.6833 2.3389 -28.5533 
v -15.5993 3.01638 -28.1907 
v -15.5705 3.05212 -28.1585 
v -15.5916 3.02827 -28.2042 
v -15.5801 3.03768 -28.1513 
v -15.5916 3.02827 -28.2042 
v -15.6437 2.96986 -28.2334 
v -15.5993 3.01638 -28.1907 
v -15.6375 2.97864 -28.2516 
v -15.3137 2.93592 -28.4009 
v -15.2667 2.86999 -28.5009 
v -15.3205 2.86493 -28.5022 
v -15.3376 2.763 -28.588 
v -15.2667 2.86999 -28.5009 
v -15.2424 2.78361 -28.6242 
v -15.2379 2.66254 -28.6928 
v -15.3376 2.763 -28.588 
v -15.3341 2.63617 -28.6594 
v -15.6006 2.52779 -27.523 
v -15.6895 2.59321 -27.632 
v -15.6873 2.50754 -27.5774 
v -15.6079 2.63726 -27.5775 
v -15.681 2.89406 -28.309 
v -15.7377 2.78536 -28.3386 
v -15.7002 2.9017 -28.2974 
v -15.7602 2.7943 -28.3237 
v -15.7434 2.04178 -28.0222 
v -15.7592 2.08088 -28.0249 
v -15.7221 2.05317 -28.0429 
v -15.7238 2.08811 -28.0588 
v -15.6059 2.32478 -28.5768 
v -15.5911 2.21634 -28.494 
v -15.6118 2.30626 -28.4787 
v -15.5802 2.2203 -28.5875 
v -15.7026 2.53299 -27.7283 
v -15.6873 2.50754 -27.5774 
v -15.6895 2.59321 -27.632 
v -15.7015 2.44499 -27.6884 
v -15.1127 2.49723 -27.3121 
v -14.9524 2.59402 -27.4196 
v -15.1336 2.62192 -27.3517 
v -14.9319 2.49825 -27.3796 
v -14.9029 3.03607 -27.6365 
v -15.0489 3.13219 -27.6794 
v -15.0379 3.08291 -27.575 
v -14.9177 3.06195 -27.7246 
v -15.5534 2.9187 -28.0197 
v -15.5467 2.97495 -28.2148 
v -15.5827 2.96128 -28.1999 
v -15.5467 2.97495 -28.2148 
v -15.6245 2.88616 -28.3207 
v -15.5596 2.90649 -28.3553 
v -15.5733 2.79188 -28.4489 
v -15.6245 2.88616 -28.3207 
v -15.6495 2.76869 -28.399 
v -15.5733 2.79188 -28.4489 
v -15.5782 2.68096 -28.5158 
v -15.6588 2.65484 -28.4606 
v -15.6595 2.88472 -27.6869 
v -15.7117 2.73737 -27.6801 
v -15.6847 2.79385 -27.5923 
v -15.6795 2.8229 -27.7522 
v -15.5983 2.78139 -28.4049 
v -15.5902 2.86186 -28.305 
v -15.5357 2.84718 -28.465 
v -15.5357 2.93664 -28.3455 
v -14.6593 2.94124 -27.797 
v -14.6857 2.98421 -27.8839 
v -14.7114 2.96107 -27.7608 
v -14.6327 2.96216 -27.9073 
v -14.947 3.13745 -28.4881 
v -15.0611 3.1075 -28.5215 
v -15.1042 3.13879 -28.4057 
v -14.962 3.1586 -28.3744 
v -14.947 3.13745 -28.4881 
v -15.0046 3.10422 -28.6116 
v -14.9222 3.1351 -28.5636 
v -15.4515 2.79753 -27.3965 
v -15.3745 2.67416 -27.3161 
v -15.3497 2.79086 -27.3854 
v -15.4594 2.691 -27.3117 
v -15.4619 2.62568 -27.2527 
v -15.3745 2.67416 -27.3161 
v -15.392 2.60081 -27.2709 
v -14.616 2.94509 -27.9993 
v -14.4844 2.88087 -28.0968 
v -14.4861 2.89217 -28.1082 
v -14.3778 2.79366 -28.1562 
v -14.4861 2.89217 -28.1082 
v -14.3679 2.80382 -28.182 
v -14.8846 2.86953 -27.5393 
v -14.8614 2.77765 -27.4507 
v -14.7946 2.7975 -27.555 
v -14.7629 2.68833 -27.4831 
v -15.8523 2.3267 -28.173 
v -15.8218 2.25068 -28.1488 
v -15.8422 2.32878 -28.1531 
v -15.8299 2.24361 -28.1639 
v -15.6325 2.85349 -28.1089 
v -15.6807 2.75451 -28.1935 
v -15.7056 2.72768 -28.171 
v -15.7067 2.62195 -28.2891 
v -15.7056 2.72768 -28.171 
v -15.7182 2.58078 -28.2293 
v -15.6432 2.19214 -28.4822 
v -15.6671 2.28743 -28.4614 
v -15.5817 2.21873 -28.5058 
v -15.5883 2.31339 -28.4829 
v -15.0272 2.91286 -28.518 
v -15.1927 2.89913 -28.5303 
v -15.1921 3.00081 -28.4365 
v -15.0244 2.98132 -28.4059 
v -15.555 2.96936 -27.5863 
v -15.438 3.03166 -27.6653 
v -15.5379 3.02477 -27.682 
v -15.4561 2.97424 -27.5629 
v -15.555 2.96936 -27.5863 
v -15.4807 2.91371 -27.491 
v -15.5713 2.90809 -27.5091 
v -15.5757 2.85575 -27.4375 
v -15.5089 2.83756 -27.3723 
v -15.4985 2.87026 -27.4303 
v -15.5661 2.81524 -27.368 
v -15.0622 3.12301 -27.9021 
v -15.0272 3.2473 -27.7888 
v -15.0118 3.21755 -27.7838 
v -15.0272 3.2473 -27.7888 
v -14.997 3.24453 -27.7199 
v -15.0236 3.28148 -27.7294 
v -14.997 3.24453 -27.7199 
v -15.0348 3.29447 -27.6531 
v -14.9978 3.24332 -27.642 
v -15.0348 3.29447 -27.6531 
v -15.0555 3.21602 -27.5674 
v -15.0911 3.26782 -27.5754 
v -15.0911 3.26782 -27.5754 
v -15.1661 3.16599 -27.5067 
v -15.1899 3.20357 -27.5091 
v -15.5611 2.92971 -28.3549 
v -15.5042 3.02867 -28.3271 
v -15.5316 2.95963 -28.402 
v -15.5372 2.9912 -28.292 
v -15.5802 2.2203 -28.5875 
v -15.5708 2.13449 -28.5018 
v -15.5911 2.21634 -28.494 
v -15.5616 2.1224 -28.5791 
v -15.4537 2.72023 -28.8047 
v -15.4207 2.78507 -28.7854 
v -15.4032 2.79161 -28.8169 
v -15.4472 2.71636 -28.8251 
v -15.4941 2.64964 -28.7949 
v -15.4537 2.72023 -28.8047 
v -15.6744 3.00662 -27.9736 
v -15.7162 2.98633 -27.9258 
v -15.6665 3.01379 -27.9628 
v -15.727 2.98554 -27.9431 
v -15.5372 2.9912 -28.292 
v -15.4908 3.07033 -28.2466 
v -15.5042 3.02867 -28.3271 
v -15.5216 3.03311 -28.2293 
v -15.2446 2.7865 -28.751 
v -15.2861 2.73753 -28.8209 
v -15.295 2.79106 -28.739 
v -15.3189 2.74086 -28.8089 
v -15.5925 2.66023 -28.4747 
v -15.668 2.52288 -28.3066 
v -15.6738 2.61587 -28.2414 
v -15.6078 2.76283 -28.3884 
v -15.5943 2.84769 -28.4184 
v -15.5316 2.95963 -28.402 
v -15.5716 2.86749 -28.4682 
v -15.5611 2.92971 -28.3549 
v -15.7137 2.29597 -28.3224 
v -15.6917 2.18769 -28.3049 
v -15.6924 2.2577 -28.2551 
v -15.6994 2.2107 -28.3698 
v -15.7264 2.22382 -28.2689 
v -15.7201 2.16669 -28.3091 
v -15.7365 2.21171 -28.2474 
v -15.7293 2.14979 -28.2938 
v -15.7242 2.97295 -27.9582 
v -15.7678 2.94084 -27.924 
v -15.727 2.98554 -27.9431 
v -15.76 2.93135 -27.945 
v -15.6521 2.36595 -27.3287 
v -15.7322 2.37671 -27.4047 
v -15.6921 2.32122 -27.3285 
v -15.664 2.41861 -27.3864 
v -15.5716 2.86749 -28.4682 
v -15.6284 2.7642 -28.4609 
v -15.5943 2.84769 -28.4184 
v -15.6141 2.7748 -28.5111 
v -15.7463 2.70075 -28.1006 
v -15.8566 2.58663 -27.9925 
v -15.8237 2.67677 -27.967 
v -15.79 2.6095 -28.1423 
v -15.2253 2.38676 -28.7714 
v -15.1998 2.25902 -28.8218 
v -15.3101 2.34848 -28.6989 
v -15.2499 2.22936 -28.7415 
v -15.1998 2.25902 -28.8218 
v -15.2214 2.1592 -28.7715 
v -15.1847 2.16398 -28.8436 
v -14.8727 2.49577 -27.3191 
v -14.8699 2.29279 -27.3251 
v -14.8219 2.30374 -27.3086 
v -14.8699 2.29279 -27.3251 
v -14.7835 2.16021 -27.307 
v -14.8353 2.13834 -27.3388 
v -15.657 2.1495 -28.595 
v -15.6267 2.0687 -28.5814 
v -15.6534 2.14425 -28.5677 
v -15.6305 2.06551 -28.6016 
v -15.013 2.90518 -27.4296 
v -14.9661 2.94903 -27.5431 
v -15.0468 2.98378 -27.5469 
v -14.9432 2.87745 -27.4561 
v -14.9661 2.94903 -27.5431 
v -15.0012 3.0009 -27.6491 
v -15.013 2.90518 -27.4296 
v -14.9173 2.78145 -27.3918 
v -14.9862 2.80683 -27.3378 
v -15.4794 2.92016 -28.3452 
v -15.6078 2.76283 -28.3884 
v -15.5971 2.85295 -28.281 
v -15.4659 2.85104 -28.4164 
v -15.4824 2.95945 -28.2656 
v -15.4794 2.92016 -28.3452 
v -15.6078 2.76283 -28.3884 
v -15.4357 2.73681 -28.5085 
v -15.5925 2.66023 -28.4747 
v -15.475 2.99846 -28.0992 
v -15.4487 3.04395 -28.2219 
v -15.4524 3.0404 -28.2234 
v -15.4266 3.05759 -28.3348 
v -15.4524 3.0404 -28.2234 
v -15.4335 3.05085 -28.3359 
v -15.4183 3.03471 -28.4377 
v -15.4266 3.05759 -28.3348 
v -15.4063 3.04655 -28.4381 
v -15.3841 3.02499 -28.5341 
v -15.4183 3.03471 -28.4377 
v -15.4078 3.00248 -28.5296 
v -15.859 2.57835 -27.8196 
v -15.8838 2.49183 -27.8184 
v -15.8688 2.57611 -27.7929 
v -15.8687 2.50069 -27.8433 
v -15.2665 3.12382 -28.3524 
v -15.2659 3.16949 -28.2039 
v -15.1536 3.10711 -28.3459 
v -15.1563 3.14079 -28.203 
v -15.6079 2.63726 -27.5775 
v -15.6787 2.67722 -27.695 
v -15.6895 2.59321 -27.632 
v -15.6057 2.75794 -27.6691 
v -15.8086 2.27411 -28.0995 
v -15.7617 2.23698 -27.9918 
v -15.7632 2.31281 -28.0028 
v -15.7958 2.19488 -28.0699 
v -15.7787 2.3292 -27.7303 
v -15.7015 2.44499 -27.6884 
v -15.782 2.42407 -27.7697 
v -15.6984 2.34918 -27.6453 
v -15.6921 2.32122 -27.3285 
v -15.6109 2.3303 -27.2284 
v -15.6521 2.36595 -27.3287 
v -15.6275 2.29224 -27.2206 
v -15.7437 2.68078 -28.2548 
v -15.7762 2.56161 -28.2875 
v -15.7743 2.68348 -28.2345 
v -15.8029 2.56154 -28.2646 
v -15.6752 2.36312 -28.4975 
v -15.6571 2.26018 -28.5725 
v -15.7068 2.35188 -28.4872 
v -15.6824 2.24469 -28.5576 
v -15.4865 3.08425 -28.1732 
v -15.5216 3.03311 -28.2293 
v -15.5109 3.04973 -28.172 
v -15.4908 3.07033 -28.2466 
v -15.5732 2.80723 -27.6215 
v -15.4603 2.92748 -27.7053 
v -15.5489 2.89962 -27.74 
v -15.4621 2.84967 -27.5695 
v -15.5732 2.80723 -27.6215 
v -15.4565 2.73434 -27.453 
v -15.5854 2.69046 -27.5166 
v -15.4421 2.59073 -27.364 
v -15.4565 2.73434 -27.453 
v -15.5845 2.55121 -27.4238 
v -15.444 2.62237 -27.4824 
v -15.3751 2.76235 -27.4776 
v -15.4572 2.71269 -27.5439 
v -15.356 2.66719 -27.4051 
v -15.444 2.62237 -27.4824 
v -15.3384 2.57035 -27.3589 
v -15.427 2.52493 -27.439 
v -15.427 2.52493 -27.439 
v -15.322 2.46355 -27.3209 
v -15.4017 2.42807 -27.4133 
v -15.7805 2.79608 -27.8602 
v -15.8227 2.7377 -27.805 
v -15.7854 2.8111 -27.8422 
v -15.817 2.72759 -27.8283 
v -15.4979 3.12653 -27.9156 
v -15.5265 3.16406 -27.8289 
v -15.4552 3.17548 -27.8913 
v -15.5469 3.11637 -27.8864 
v -15.5265 3.16406 -27.8289 
v -15.6272 3.07559 -27.8442 
v -15.6244 3.10582 -27.7744 
v -15.6272 3.07559 -27.8442 
v -15.7194 3.01433 -27.7577 
v -15.7028 2.99784 -27.8261 
v -14.7224 2.62512 -27.2801 
v -14.898 2.68021 -27.3482 
v -14.8874 2.58456 -27.328 
v -14.7398 2.73169 -27.3153 
v -15.6095 2.80765 -28.1796 
v -15.7255 2.74066 -28.1204 
v -15.6677 2.82235 -28.0948 
v -15.6428 2.72466 -28.2142 
v -15.6811 2.60929 -28.2376 
v -15.7255 2.74066 -28.1204 
v -15.7806 2.62805 -28.1361 
v -15.6811 2.60929 -28.2376 
v -15.8137 2.49194 -28.1433 
v -15.721 2.47235 -28.2476 
v -15.8184 2.37082 -28.13 
v -15.8137 2.49194 -28.1433 
v -15.7315 2.35078 -28.2331 
v -15.7397 2.25163 -28.1937 
v -15.8184 2.37082 -28.13 
v -15.8086 2.27411 -28.0995 
v -15.7464 2.17588 -28.1449 
v -15.7958 2.19488 -28.0699 
v -15.7397 2.25163 -28.1937 
v -15.7311 2.12569 -28.0936 
v -15.7958 2.19488 -28.0699 
v -15.7774 2.13048 -28.0421 
v -14.8791 3.10479 -27.7995 
v -14.7329 2.98952 -27.8898 
v -14.899 3.08187 -27.8982 
v -14.7271 3.00754 -27.8363 
v -14.8791 3.10479 -27.7995 
v -14.706 2.97748 -27.7488 
v -14.8447 3.06269 -27.6811 
v -14.7191 2.98752 -27.5579 
v -14.5809 3.06835 -27.7152 
v -14.7536 3.04781 -27.6946 
v -14.5538 2.99846 -27.5833 
v -14.6844 2.87341 -27.4419 
v -14.5538 2.99846 -27.5833 
v -14.5307 2.88683 -27.4623 
v -15.7237 2.7055 -28.2663 
v -15.7308 2.75194 -28.3718 
v -15.749 2.64062 -28.4074 
v -15.7389 2.6036 -28.2999 
v -15.7491 2.50061 -28.3492 
v -15.7534 2.54207 -28.4431 
v -15.5264 2.7338 -28.5623 
v -15.427 2.85113 -28.4629 
v -15.4118 2.74697 -28.5582 
v -15.5357 2.84718 -28.465 
v -15.5264 2.7338 -28.5623 
v -15.3914 2.62762 -28.6406 
v -15.5078 2.60237 -28.6377 
v -15.1336 2.62192 -27.3517 
v -15.2535 2.67268 -27.4193 
v -15.244 2.57451 -27.3585 
v -15.1433 2.73297 -27.4099 
v -15.8184 2.37082 -28.13 
v -15.7632 2.31281 -28.0028 
v -15.7638 2.39168 -28.0103 
v -15.8086 2.27411 -28.0995 
v -15.4999 2.53593 -27.49 
v -15.4136 2.52035 -27.3247 
v -15.4328 2.62372 -27.3663 
v -15.4792 2.42903 -27.453 
v -15.7149 2.106 -28.3575 
v -15.7293 2.14979 -28.2938 
v -15.7092 2.12269 -28.3641 
v -15.7201 2.16669 -28.3091 
v -15.5227 3.06932 -27.8025 
v -15.5175 3.06474 -27.8786 
v -15.5617 2.99284 -27.8147 
v -15.5519 2.99819 -27.8834 
v -15.5617 2.99284 -27.8147 
v -15.5379 3.02477 -27.682 
v -15.5855 2.94665 -27.726 
v -15.5994 2.8974 -27.643 
v -15.5379 3.02477 -27.682 
v -15.555 2.96936 -27.5863 
v -15.6123 2.8433 -27.5612 
v -15.5994 2.8974 -27.643 
v -15.5713 2.90809 -27.5091 
v -15.3836 3.01655 -28.268 
v -15.4794 2.92016 -28.3452 
v -15.4824 2.95945 -28.2656 
v -15.3629 2.97652 -28.3629 
v -15.4794 2.92016 -28.3452 
v -15.334 2.89396 -28.4584 
v -15.4659 2.85104 -28.4164 
v -15.4206 3.11211 -28.1798 
v -15.4238 3.10462 -28.1058 
v -15.3251 3.13349 -28.1753 
v -15.3329 3.11807 -28.0909 
v -15.3251 3.13349 -28.1753 
v -15.4193 3.08749 -28.2723 
v -15.3179 3.11638 -28.2793 
v -14.616 2.94509 -27.9993 
v -14.5475 2.98605 -27.9381 
v -14.5201 2.94994 -27.9525 
v -14.4749 2.99917 -27.8704 
v -14.5201 2.94994 -27.9525 
v -14.4422 2.93494 -27.902 
v -14.4749 2.99917 -27.8704 
v -14.3847 2.90305 -27.8508 
v -14.4071 2.98405 -27.7997 
v -15.1899 3.20357 -27.5091 
v -15.2779 3.11232 -27.5037 
v -15.1661 3.16599 -27.5067 
v -15.2928 3.13653 -27.5061 
v -15.7787 2.14084 -28.0909 
v -15.8043 2.18263 -28.1402 
v -15.7807 2.1336 -28.0963 
v -15.7989 2.19201 -28.1298 
v -15.7787 2.14084 -28.0909 
v -15.7598 2.09118 -28.0281 
v -14.8021 3.10768 -28.0975 
v -14.6713 2.99058 -28.0343 
v -14.6644 3.01646 -28.0882 
v -14.8096 3.05109 -28.0016 
v -14.8021 3.10768 -28.0975 
v -14.6574 3.02115 -28.1533 
v -14.7894 3.13168 -28.2055 
v -14.616 2.94509 -27.9993 
v -14.5097 2.92614 -27.8938 
v -14.485 2.88349 -27.9067 
v -14.4081 2.86284 -27.8344 
v -14.485 2.88349 -27.9067 
v -14.3724 2.79763 -27.8456 
v -15.4398 3.06811 -28.2506 
v -15.5042 3.02867 -28.3271 
v -15.4908 3.07033 -28.2466 
v -15.4444 3.02427 -28.3382 
v -15.4718 2.95092 -28.4202 
v -15.5042 3.02867 -28.3271 
v -15.5316 2.95963 -28.402 
v -15.6141 2.7748 -28.5111 
v -15.6622 2.68282 -28.4797 
v -15.6284 2.7642 -28.4609 
v -15.6568 2.68553 -28.5286 
v -15.3809 2.85558 -27.5278 
v -15.2764 3.00061 -27.5804 
v -15.3878 2.92858 -27.6113 
v -15.268 2.91567 -27.4753 
v -15.3809 2.85558 -27.5278 
v -15.2699 2.81024 -27.3893 
v -15.3782 2.75977 -27.4342 
v -15.563 3.04496 -27.9526 
v -15.5742 3.06084 -27.9069 
v -15.5396 3.07196 -27.9601 
v -15.5451 3.09543 -27.898 
v -15.6369 2.71069 -28.2055 
v -15.7031 2.60396 -28.1685 
v -15.6787 2.70036 -28.1379 
v -15.6573 2.62066 -28.243 
v -15.717 2.49578 -28.206 
v -15.6655 2.52166 -28.3103 
v -15.7031 2.60396 -28.1685 
v -15.6655 2.52166 -28.3103 
v -15.7204 2.39261 -28.2581 
v -15.668 2.42915 -28.375 
v -15.2253 2.38676 -28.7714 
v -15.1268 2.56454 -28.6371 
v -15.1022 2.4031 -28.7491 
v -15.257 2.56277 -28.684 
v -15.1393 2.65145 -28.5792 
v -15.1268 2.56454 -28.6371 
v -15.2253 2.38676 -28.7714 
v -15.1016 2.28408 -28.8323 
v -15.1998 2.25902 -28.8218 
v -15.6327 2.94382 -27.7841 
v -15.5362 2.99989 -27.8507 
v -15.6032 2.9666 -27.8713 
v -15.5592 2.97041 -27.7452 
v -15.6595 2.88472 -27.6869 
v -15.5716 2.90274 -27.6466 
v -15.6327 2.94382 -27.7841 
v -15.4217 3.0537 -27.6441 
v -15.2891 3.10445 -27.7812 
v -15.4044 3.09796 -27.7894 
v -15.2956 3.07 -27.6221 
v -15.1039 3.2052 -27.7155 
v -15.193 3.16342 -27.7918 
v -15.1831 3.16942 -27.7103 
v -15.1139 3.19899 -27.8067 
v -15.1728 3.14778 -27.6166 
v -15.1039 3.2052 -27.7155 
v -15.0942 3.18109 -27.6128 
v -15.7609 2.26546 -27.6839 
v -15.6984 2.34918 -27.6453 
v -15.7787 2.3292 -27.7303 
v -15.6973 2.31074 -27.6228 
v -15.7609 2.26546 -27.6839 
v -15.6904 2.26432 -27.5828 
v -15.7292 2.20706 -27.6053 
v -15.5954 2.44381 -27.4792 
v -15.5845 2.55121 -27.4238 
v -15.6006 2.52779 -27.523 
v -15.5665 2.40048 -27.3548 
v -14.5907 2.78141 -27.5658 
v -14.4437 2.79636 -27.634 
v -14.5009 2.87593 -27.7073 
v -14.632 2.87447 -27.6528 
v -15.3384 2.57035 -27.3589 
v -15.2535 2.67268 -27.4193 
v -15.356 2.66719 -27.4051 
v -15.244 2.57451 -27.3585 
v -14.7398 2.73169 -27.3153 
v -14.9173 2.78145 -27.3918 
v -14.898 2.68021 -27.3482 
v -14.7578 2.83253 -27.3726 
v -15.728 2.83246 -27.7356 
v -15.7799 2.75184 -27.6278 
v -15.734 2.86366 -27.6835 
v -15.7734 2.72469 -27.6849 
v -15.7977 2.62119 -27.6407 
v -15.7799 2.75184 -27.6278 
v -15.808 2.63859 -27.586 
v -15.8129 2.52558 -27.6157 
v -15.808 2.63859 -27.586 
v -15.7977 2.62119 -27.6407 
v -15.8257 2.52922 -27.5696 
v -15.7509 2.88863 -28.1451 
v -15.7076 2.9373 -28.1191 
v -15.7578 2.91718 -28.1987 
v -15.7107 2.97548 -28.1572 
v -15.6201 2.97366 -28.2624 
v -15.681 2.89406 -28.309 
v -15.6375 2.97864 -28.2516 
v -15.7002 2.9017 -28.2974 
v -15.7028 2.99784 -27.8261 
v -15.8047 2.89794 -27.7767 
v -15.7194 3.01433 -27.7577 
v -15.7716 2.88735 -27.8336 
v -15.6974 2.5019 -27.6467 
v -15.6885 2.32865 -27.5857 
v -15.6683 2.33075 -27.5768 
v -15.6885 2.32865 -27.5857 
v -15.6534 2.2056 -27.5458 
v -15.6829 2.19999 -27.5601 
v -15.74 2.58363 -27.8208 
v -15.782 2.42407 -27.7697 
v -15.7026 2.53299 -27.7283 
v -15.7015 2.44499 -27.6884 
v -15.8299 2.24361 -28.1639 
v -15.7989 2.19201 -28.1298 
v -15.8218 2.25068 -28.1488 
v -15.8043 2.18263 -28.1402 
v -15.6881 2.61749 -27.7778 
v -15.6895 2.59321 -27.632 
v -15.6787 2.67722 -27.695 
v -15.7026 2.53299 -27.7283 
v -15.6188 2.72966 -27.4179 
v -15.6355 2.76904 -27.4806 
v -15.6166 2.70289 -27.4311 
v -15.6338 2.73814 -27.5032 
v -14.7146 2.50241 -27.2555 
v -14.8874 2.58456 -27.328 
v -14.8671 2.47599 -27.3233 
v -14.7224 2.62512 -27.2801 
v -15.6924 2.2577 -28.2551 
v -15.7204 2.39261 -28.2581 
v -15.7137 2.29597 -28.3224 
v -15.692 2.3498 -28.1843 
v -14.4452 2.92604 -28.0061 
v -14.3778 2.79366 -28.1562 
v -14.4844 2.88087 -28.0968 
v -14.3135 2.85168 -28.0074 
v -15.0285 3.14952 -28.2232 
v -14.9992 3.11183 -28.1309 
v -14.9868 3.12724 -28.2144 
v -15.0432 3.13363 -28.129 
v -15.0285 3.14952 -28.2232 
v -14.9665 3.09612 -28.3162 
v -15.0098 3.11361 -28.3328 
v -15.6455 2.65112 -28.2126 
v -15.6983 2.4859 -28.3722 
v -15.7061 2.47013 -28.3532 
v -15.6983 2.4859 -28.3722 
v -15.7134 2.33051 -28.4602 
v -15.7068 2.35188 -28.4872 
v -15.5616 2.1224 -28.5791 
v -15.5611 2.07467 -28.5013 
v -15.5708 2.13449 -28.5018 
v -15.5536 2.04763 -28.5525 
v -15.5742 3.02619 -28.213 
v -15.6201 2.97366 -28.2624 
v -15.5916 3.02827 -28.2042 
v -15.6375 2.97864 -28.2516 
v -15.7239 2.54176 -27.9388 
v -15.7063 2.65475 -27.8512 
v -15.6926 2.61187 -27.9642 
v -15.74 2.58363 -27.8208 
v -15.782 2.42407 -27.7697 
v -15.7549 2.37799 -27.8808 
v -15.7424 2.28585 -27.8342 
v -15.782 2.42407 -27.7697 
v -15.7787 2.3292 -27.7303 
v -15.6057 2.75794 -27.6691 
v -15.6625 2.76742 -27.7721 
v -15.6787 2.67722 -27.695 
v -15.587 2.85033 -27.7839 
v -14.8805 2.92794 -28.3438 
v -15.0351 2.91595 -28.4468 
v -15.0582 2.98355 -28.3506 
v -14.8875 2.95189 -28.2742 
v -14.8805 2.92794 -28.3438 
v -14.8638 2.85074 -28.4468 
v -15.0112 2.82893 -28.5323 
v -14.8638 2.85074 -28.4468 
v -14.9867 2.72707 -28.606 
v -14.8415 2.74276 -28.5353 
v -15.6043 2.33768 -28.7145 
v -15.6747 2.34342 -28.6224 
v -15.645 2.3799 -28.6241 
v -15.6195 2.31466 -28.7187 
v -15.6043 2.33768 -28.7145 
v -15.5529 2.31092 -28.8275 
v -15.1336 2.62192 -27.3517 
v -14.9713 2.69432 -27.4799 
v -15.1433 2.73297 -27.4099 
v -14.9524 2.59402 -27.4196 
v -15.0005 2.51688 -28.8538 
v -15.0661 2.48258 -28.8526 
v -15.1024 2.55117 -28.7864 
v -15.0054 2.58945 -28.7843 
v -15.3927 2.0713 -28.6751 
v -15.4286 1.9561 -28.6465 
v -15.4611 2.06481 -28.5887 
v -15.3929 1.97137 -28.6886 
v -15.4286 1.9561 -28.6465 
v -15.4112 1.88482 -28.7121 
v -15.1147 2.71676 -27.1469 
v -15.0612 2.84009 -27.2626 
v -15.1408 2.80907 -27.2969 
v -15.0588 2.73781 -27.1232 
v -15.0612 2.84009 -27.2626 
v -15.1485 2.87229 -27.3599 
v -15.062 2.89828 -27.3219 
v -15.1085 2.67395 -27.0969 
v -15.0588 2.73781 -27.1232 
v -15.0641 2.68688 -27.072 
v -15.1085 2.67395 -27.0969 
v -15.0835 2.63744 -27.0384 
v -15.1113 2.63614 -27.0639 
v -15.6969 2.78938 -28.2306 
v -15.6788 2.87076 -28.1813 
v -15.705 2.85226 -28.3181 
v -15.6734 2.93564 -28.2442 
v -15.6795 2.8229 -27.7522 
v -15.6595 2.88472 -27.6869 
v -15.6327 2.94382 -27.7841 
v -15.6408 2.88189 -27.8262 
v -15.1473 2.07957 -28.9188 
v -15.1292 2.15208 -28.9235 
v -15.1171 2.15164 -28.9399 
v -15.141 2.07535 -28.9266 
v -15.1872 1.99021 -28.8806 
v -15.1473 2.07957 -28.9188 
v -15.4792 2.42903 -27.453 
v -15.3934 2.41567 -27.2694 
v -15.4136 2.52035 -27.3247 
v -15.4503 2.32776 -27.3867 
v -15.4176 2.25122 -27.2993 
v -15.3934 2.41567 -27.2694 
v -15.3687 2.31537 -27.2109 
v -14.7625 3.07099 -27.8866 
v -14.894 3.1328 -27.9843 
v -14.892 3.17279 -27.9262 
v -14.7733 3.03316 -27.9279 
v -14.8846 3.20108 -27.8317 
v -14.7625 3.07099 -27.8866 
v -14.7489 3.0941 -27.8097 
v -15.5489 2.89962 -27.74 
v -15.6057 2.75794 -27.6691 
v -15.5732 2.80723 -27.6215 
v -15.587 2.85033 -27.7839 
v -15.6057 2.75794 -27.6691 
v -15.5854 2.69046 -27.5166 
v -15.6079 2.63726 -27.5775 
v -15.6006 2.52779 -27.523 
v -15.5854 2.69046 -27.5166 
v -15.5845 2.55121 -27.4238 
v -14.616 2.94509 -27.9993 
v -14.5471 3.03329 -27.9376 
v -14.5289 3.01609 -27.9403 
v -14.4748 3.06666 -27.8669 
v -14.5289 3.01609 -27.9403 
v -14.4568 3.03381 -27.8798 
v -14.4748 3.06666 -27.8669 
v -14.3991 3.01247 -27.8209 
v -14.4081 3.05185 -27.7957 
v -14.8523 3.16297 -28.7103 
v -14.802 3.20609 -28.729 
v -14.8501 3.13241 -28.7314 
v -14.8083 3.21449 -28.7189 
v -14.802 3.20609 -28.729 
v -14.7929 3.27734 -28.7046 
v -15.3687 2.31537 -27.2109 
v -15.3931 2.19158 -27.2317 
v -15.3524 2.22742 -27.1657 
v -15.4176 2.25122 -27.2993 
v -15.8327 2.9138 -27.8208 
v -15.9022 2.81344 -27.818 
v -15.849 2.91874 -27.7922 
v -15.8804 2.81235 -27.8433 
v -15.4378 2.94538 -27.5109 
v -15.5075 2.74886 -27.4674 
v -15.4515 2.79753 -27.3965 
v -15.4895 2.87117 -27.5944 
v -14.5938 2.78104 -28.6507 
v -14.5707 2.92812 -28.5289 
v -14.5384 2.7955 -28.6505 
v -14.6326 2.91757 -28.5277 
v -14.5938 2.78104 -28.6507 
v -14.5087 2.67213 -28.7512 
v -14.5567 2.65682 -28.7462 
v -14.5087 2.67213 -28.7512 
v -14.5275 2.56041 -28.7842 
v -14.4853 2.56643 -28.7957 
v -14.616 2.94509 -27.9993 
v -14.6587 2.97471 -28.0664 
v -14.6682 2.95418 -28.0024 
v -14.6199 2.94714 -28.0974 
v -15.7237 2.7055 -28.2663 
v -15.6969 2.78938 -28.2306 
v -15.7308 2.75194 -28.3718 
v -15.705 2.85226 -28.3181 
v -14.8301 2.20088 -27.3844 
v -14.7622 2.34669 -27.3094 
v -14.9004 2.35212 -27.3629 
v -14.7324 2.14662 -27.3389 
v -15.174 3.01024 -27.5887 
v -15.0489 3.13219 -27.6794 
v -15.1981 3.07371 -27.6744 
v -15.0379 3.08291 -27.575 
v -15.174 3.01024 -27.5887 
v -15.0181 3.0072 -27.4792 
v -15.1538 2.92583 -27.5149 
v -14.4853 2.56643 -28.7957 
v -14.5226 2.44925 -28.7889 
v -14.5275 2.56041 -28.7842 
v -14.497 2.44369 -28.8008 
v -14.5226 2.44925 -28.7889 
v -14.5538 2.29861 -28.7501 
v -14.638 2.83356 -27.5553 
v -14.7629 2.68833 -27.4831 
v -14.6104 2.71553 -27.5052 
v -14.7946 2.7975 -27.555 
v -14.7327 2.56877 -27.434 
v -14.6104 2.71553 -27.5052 
v -14.5733 2.59545 -27.4665 
v -15.6671 2.28743 -28.4614 
v -15.6878 2.39057 -28.4232 
v -15.5883 2.31339 -28.4829 
v -15.6028 2.41434 -28.4474 
v -15.6568 2.68553 -28.5286 
v -15.6964 2.60153 -28.4854 
v -15.6622 2.68282 -28.4797 
v -15.6973 2.59781 -28.5266 
v -14.566 2.11859 -27.1856 
v -14.6585 2.16208 -27.2076 
v -14.6121 2.09437 -27.1755 
v -14.5753 2.19784 -27.226 
v -15.5421 2.9642 -28.0197 
v -15.5797 2.90694 -28.1885 
v -15.5534 2.9187 -28.0197 
v -15.5306 2.9809 -28.1992 
v -15.5357 2.93664 -28.3455 
v -15.5797 2.90694 -28.1885 
v -15.5902 2.86186 -28.305 
v -15.0937 2.33507 -27.0898 
v -15.003 2.36921 -26.9971 
v -15.0798 2.39112 -27.0778 
v -15.0079 2.34519 -26.9939 
v -15.003 2.36921 -26.9971 
v -14.934 2.38141 -26.9 
v -15.7806 2.62805 -28.1361 
v -15.8137 2.49194 -28.1433 
v -15.721 2.60723 -28.009 
v -15.7577 2.48705 -28.0127 
v -15.8137 2.49194 -28.1433 
v -15.7638 2.39168 -28.0103 
v -15.8184 2.37082 -28.13 
v -14.4454 2.9772 -28.3067 
v -14.5706 2.96253 -28.3579 
v -14.5958 3.00166 -28.236 
v -14.5113 3.01344 -28.1961 
v -14.4454 2.9772 -28.3067 
v -14.5445 2.89707 -28.4584 
v -14.391 2.90791 -28.3967 
v -15.9153 2.72566 -27.8795 
v -15.9534 2.65016 -27.9056 
v -15.937 2.72155 -27.8595 
v -15.9347 2.65976 -27.9201 
v -15.9383 2.61458 -27.9633 
v -15.9534 2.65016 -27.9056 
v -15.952 2.60108 -27.9537 
v -14.3403 2.98919 -28.2132 
v -14.2341 2.9362 -28.2807 
v -14.3297 3.02233 -28.2383 
v -14.256 2.91051 -28.2459 
v -15.1469 2.8478 -27.4432 
v -15.0468 2.98378 -27.5469 
v -15.1747 2.9177 -27.549 
v -15.013 2.90518 -27.4296 
v -15.1469 2.8478 -27.4432 
v -14.9862 2.80683 -27.3378 
v -15.1245 2.7597 -27.3629 
v -14.6326 2.91757 -28.5277 
v -14.5959 3.03294 -28.4397 
v -14.5707 2.92812 -28.5289 
v -14.6576 3.02193 -28.4315 
v -15.8239 2.43145 -27.612 
v -15.8257 2.52922 -27.5696 
v -15.8129 2.52558 -27.6157 
v -15.8349 2.42496 -27.5812 
v -15.6476 2.61702 -28.3804 
v -15.6588 2.65484 -28.4606 
v -15.6531 2.54406 -28.509 
v -15.6473 2.51159 -28.4209 
v -15.6531 2.54406 -28.509 
v -15.6118 2.30626 -28.4787 
v -15.6059 2.32478 -28.5768 
v -14.6114 2.76597 -28.4064 
v -14.6249 2.85314 -28.3261 
v -14.5265 2.79663 -28.3641 
v -14.5546 2.87919 -28.2833 
v -14.5265 2.79663 -28.3641 
v -14.589 2.68615 -28.4693 
v -14.4796 2.68783 -28.4285 
v -14.1395 2.79596 -28.2888 
v -14.256 2.91051 -28.2459 
v -14.1702 2.7779 -28.252 
v -14.2341 2.9362 -28.2807 
v -14.1154 2.65088 -28.2351 
v -14.1395 2.79596 -28.2888 
v -14.0791 2.65918 -28.2706 
v -14.9432 2.87745 -27.4561 
v -14.8048 3.0063 -27.5577 
v -14.9661 2.94903 -27.5431 
v -14.7762 2.92797 -27.4539 
v -14.9432 2.87745 -27.4561 
v -14.7578 2.83253 -27.3726 
v -14.9173 2.78145 -27.3918 
v -14.4765 2.91852 -28.0526 
v -14.4085 2.97259 -28.1507 
v -14.5036 2.97997 -28.0726 
v -14.3804 2.87283 -28.0955 
v -15.5279 2.95422 -28.0191 
v -15.5209 3.02907 -28.0601 
v -15.5292 3.01363 -28.0751 
v -15.4964 3.07009 -28.1125 
v -15.5292 3.01363 -28.0751 
v -15.5137 3.04081 -28.1253 
v -15.4964 3.07009 -28.1125 
v -15.5109 3.04973 -28.172 
v -15.4865 3.08425 -28.1732 
v -15.3878 2.92858 -27.6113 
v -15.3017 3.06249 -27.7105 
v -15.4052 2.96945 -27.7191 
v -15.2764 3.00061 -27.5804 
v -15.3809 2.1457 -27.1906 
v -15.3524 2.22742 -27.1657 
v -15.3931 2.19158 -27.2317 
v -15.3496 2.15107 -27.1388 
v -15.7034 2.76361 -28.0623 
v -15.8237 2.67677 -27.967 
v -15.7846 2.74883 -27.9364 
v -15.7463 2.70075 -28.1006 
v -15.6787 2.67722 -27.695 
v -15.6612 2.7048 -27.8414 
v -15.6881 2.61749 -27.7778 
v -15.6625 2.76742 -27.7721 
v -15.6078 2.76283 -28.3884 
v -15.6738 2.61587 -28.2414 
v -15.6413 2.69883 -28.1828 
v -15.5971 2.85295 -28.281 
v -15.8932 2.50888 -28.1331 
v -15.9161 2.5003 -28.0693 
v -15.9009 2.51665 -28.0709 
v -15.9025 2.49666 -28.137 
v -15.8932 2.50888 -28.1331 
v -15.858 2.52796 -28.2232 
v -15.656 2.92085 -28.1324 
v -15.6186 3.00625 -28.1116 
v -15.6471 2.9886 -28.1733 
v -15.6287 2.93445 -28.098 
v -15.6734 2.93564 -28.2442 
v -15.656 2.92085 -28.1324 
v -15.6788 2.87076 -28.1813 
v -14.6634 2.5653 -28.9087 
v -14.6636 2.61225 -28.8247 
v -14.5874 2.54146 -28.9111 
v -14.5625 2.58174 -28.7937 
v -15.6305 2.06551 -28.6016 
v -15.6084 1.99479 -28.5724 
v -15.6267 2.0687 -28.5814 
v -15.6083 1.99003 -28.5833 
v -15.6084 1.99479 -28.5724 
v -15.5903 1.92174 -28.5387 
v -15.1908 3.06837 -28.335 
v -15.0452 3.0365 -28.2118 
v -15.0311 3.021 -28.3018 
v -15.1957 3.10435 -28.2097 
v -15.1908 3.06837 -28.335 
v -15.0244 2.98132 -28.4059 
v -15.1921 3.00081 -28.4365 
v -15.6926 2.61187 -27.9642 
v -15.6684 2.7225 -27.8894 
v -15.6611 2.71049 -28.0017 
v -15.7063 2.65475 -27.8512 
v -14.9627 2.62431 -28.6666 
v -15.1268 2.56454 -28.6371 
v -15.1393 2.65145 -28.5792 
v -14.9867 2.72707 -28.606 
v -14.7679 3.04354 -28.0862 
v -14.6157 2.94067 -27.9912 
v -14.6092 2.98594 -28.084 
v -14.7317 2.9578 -27.9578 
v -14.7679 3.04354 -28.0862 
v -14.6224 2.98416 -28.202 
v -14.7863 3.05918 -28.2473 
v -14.0791 2.65918 -28.2706 
v -14.0961 2.53848 -28.1964 
v -14.0585 2.53498 -28.2272 
v -14.1154 2.65088 -28.2351 
v -15.7854 2.8111 -27.8422 
v -15.7293 2.86008 -27.9109 
v -15.7805 2.79608 -27.8602 
v -15.7326 2.87618 -27.9001 
v -15.8687 2.50069 -27.8433 
v -15.8867 2.40431 -27.8722 
v -15.8838 2.49183 -27.8184 
v -15.8698 2.41774 -27.8915 
v -15.2928 3.13653 -27.5061 
v -15.3853 3.06063 -27.5323 
v -15.2779 3.11232 -27.5037 
v -15.3928 3.07307 -27.5341 
v -15.5145 2.9913 -27.5921 
v -15.6069 3.01913 -28.0977 
v -15.6683 3.00045 -28.1099 
v -15.6345 3.00425 -28.0737 
v -15.6368 3.01701 -28.1402 
v -15.0798 2.39112 -27.0778 
v -15.0352 2.42149 -27.1015 
v -15.0731 2.49326 -27.1747 
v -15.1562 2.45027 -27.1496 
v -15.5175 3.06474 -27.8786 
v -15.5191 3.03416 -27.947 
v -15.5519 2.99819 -27.8834 
v -15.5491 2.97616 -27.9464 
v -15.4613 2.79327 -27.5054 
v -15.5088 2.62614 -27.5345 
v -15.4478 2.71421 -27.4228 
v -15.5114 2.70514 -27.5972 
v -15.5088 2.62614 -27.5345 
v -15.4328 2.62372 -27.3663 
v -15.4999 2.53593 -27.49 
v -15.4908 3.07033 -28.2466 
v -15.4446 3.08558 -28.1738 
v -15.4398 3.06811 -28.2506 
v -15.4865 3.08425 -28.1732 
v -15.5587 2.92813 -28.0248 
v -15.5622 2.99861 -28.0457 
v -15.5684 2.99417 -28.0557 
v -15.5622 2.99861 -28.0457 
v -15.5719 3.03117 -28.0856 
v -15.5622 3.04262 -28.0763 
v -15.5628 3.05639 -28.1158 
v -15.5719 3.03117 -28.0856 
v -15.5733 3.04153 -28.1168 
v -15.5628 3.05639 -28.1158 
v -15.5801 3.03768 -28.1513 
v -15.5705 3.05212 -28.1585 
v -14.4611 2.72919 -27.683 
v -14.5009 2.87593 -27.7073 
v -14.4437 2.79636 -27.634 
v -14.446 2.65419 -27.6653 
v -15.5971 2.85295 -28.281 
v -15.5723 2.90056 -28.1715 
v -15.4824 2.95945 -28.2656 
v -15.4759 2.96904 -28.1638 
v -15.4744 3.01307 -28.0024 
v -15.4752 3.08068 -27.9796 
v -15.4626 3.0809 -27.9723 
v -15.4752 3.08068 -27.9796 
v -15.4784 3.14594 -27.9214 
v -15.4946 3.14614 -27.9348 
v -15.5444 3.19091 -27.8787 
v -15.4784 3.14594 -27.9214 
v -15.5287 3.188 -27.859 
v -15.5444 3.19091 -27.8787 
v -15.6012 3.17457 -27.8093 
v -15.6155 3.18169 -27.8309 
v -15.6844 3.11423 -27.7763 
v -15.699 3.12349 -27.7972 
v -15.6012 3.17457 -27.8093 
v -15.7063 2.65475 -27.8512 
v -15.74 2.58363 -27.8208 
v -15.6881 2.61749 -27.7778 
v -15.7026 2.53299 -27.7283 
v -15.5661 2.81524 -27.368 
v -15.5028 2.82053 -27.3035 
v -15.5089 2.83756 -27.3723 
v -15.5407 2.79967 -27.2902 
v -15.6617 2.85536 -28.1574 
v -15.733 2.78347 -28.1902 
v -15.6806 2.85394 -28.1346 
v -15.705 2.78011 -28.2114 
v -15.7437 2.68078 -28.2548 
v -15.733 2.78347 -28.1902 
v -15.7743 2.68348 -28.2345 
v -15.605 2.78354 -28.1651 
v -15.6787 2.70036 -28.1379 
v -15.6436 2.77994 -28.1115 
v -15.6369 2.71069 -28.2055 
v -15.5534 2.9187 -28.0197 
v -15.5523 2.90037 -27.8911 
v -15.5341 2.9349 -27.8734 
v -15.5341 2.9349 -27.8734 
v -15.587 2.85033 -27.7839 
v -15.5489 2.89962 -27.74 
v -15.5279 2.95422 -28.0191 
v -15.5383 3.01924 -27.9021 
v -15.5157 3.03335 -27.8968 
v -15.5735 3.0159 -27.7897 
v -15.5157 3.03335 -27.8968 
v -15.5439 3.03948 -27.7733 
v -15.5227 3.06932 -27.8025 
v -15.4351 3.06245 -27.8748 
v -15.5175 3.06474 -27.8786 
v -15.432 3.07269 -27.7964 
v -15.5379 3.02477 -27.682 
v -15.432 3.07269 -27.7964 
v -15.438 3.03166 -27.6653 
v -15.7741 2.43933 -27.8641 
v -15.8003 2.35883 -27.8039 
v -15.7994 2.45038 -27.8309 
v -15.7742 2.34847 -27.8366 
v -15.7657 2.25635 -27.7961 
v -15.8003 2.35883 -27.8039 
v -15.7878 2.26856 -27.765 
v -14.4333 1.87745 -27.702 
v -14.4319 1.9662 -27.6801 
v -14.4034 1.8537 -27.6416 
v -14.387 1.9579 -27.6097 
v -14.4034 1.8537 -27.6416 
v -14.3966 1.76075 -27.6961 
v -14.3961 1.76138 -27.6607 
v -14.3966 1.76075 -27.6961 
v -14.3573 1.65285 -27.6499 
v -14.9087 2.93395 -27.646 
v -14.8526 2.9307 -27.7839 
v -14.9291 2.97781 -27.7776 
v -14.8281 2.88204 -27.6561 
v -14.8846 2.86953 -27.5393 
v -14.7946 2.7975 -27.555 
v -14.9087 2.93395 -27.646 
v -15.3948 2.84565 -27.5776 
v -15.4572 2.71269 -27.5439 
v -15.3751 2.76235 -27.4776 
v -15.4647 2.7857 -27.6301 
v -14.9767 2.84546 -27.3189 
v -15.1538 2.92583 -27.5149 
v -15.1039 2.77416 -27.3627 
v -15.0181 3.0072 -27.4792 
v -15.5534 2.9187 -28.0197 
v -15.5942 2.8479 -28.0099 
v -15.6092 2.80729 -27.9459 
v -15.5536 2.04763 -28.5525 
v -15.5599 2.0259 -28.4854 
v -15.5611 2.07467 -28.5013 
v -15.5569 2.0005 -28.5083 
v -14.616 2.94509 -27.9993 
v -14.4861 2.89217 -28.1082 
v -14.5562 2.90938 -28.1116 
v -14.4861 2.89217 -28.1082 
v -14.5273 2.88248 -28.1683 
v -14.3679 2.80382 -28.182 
v -15.4655 2.56246 -27.2118 
v -15.392 2.60081 -27.2709 
v -15.4619 2.62568 -27.2527 
v -15.4117 2.54112 -27.2387 
v -15.6611 2.71049 -28.0017 
v -15.6092 2.80729 -27.9459 
v -15.6225 2.78159 -28.0042 
v -15.6684 2.7225 -27.8894 
v -15.5942 2.8479 -28.0099 
v -15.6092 2.80729 -27.9459 
v -15.6092 2.80729 -27.9459 
v -15.7282 2.649 -27.8807 
v -15.7167 2.65153 -27.8558 
v -15.7829 2.54077 -27.847 
v -15.767 2.54465 -27.81 
v -15.0565 3.14729 -27.7851 
v -14.9389 3.05443 -27.8572 
v -15.0622 3.12425 -27.8846 
v -14.9295 3.06495 -27.7943 
v -15.0565 3.14729 -27.7851 
v -14.9177 3.06195 -27.7246 
v -15.0489 3.13219 -27.6794 
v -15.5357 2.84718 -28.465 
v -15.4348 2.9411 -28.3491 
v -15.427 2.85113 -28.4629 
v -15.5357 2.93664 -28.3455 
v -15.5534 2.9187 -28.0197 
v -15.5491 2.97616 -27.9464 
v -15.5421 2.9642 -28.0197 
v -15.5191 3.03416 -27.947 
v -15.3257 2.90204 -28.5384 
v -15.3356 2.98155 -28.4361 
v -15.2697 2.95274 -28.5873 
v -15.2674 3.04781 -28.4816 
v -15.2697 2.95274 -28.5873 
v -15.3214 2.76031 -28.7066 
v -15.295 2.79106 -28.739 
v -14.9867 2.72707 -28.606 
v -15.1393 2.65145 -28.5792 
v -15.159 2.76372 -28.5044 
v -15.0112 2.82893 -28.5323 
v -15.727 2.98554 -27.9431 
v -15.6769 2.99491 -27.9789 
v -15.7242 2.97295 -27.9582 
v -15.6744 3.00662 -27.9736 
v -15.6973 2.59781 -28.5266 
v -15.7313 2.51947 -28.4802 
v -15.6964 2.60153 -28.4854 
v -15.735 2.5117 -28.5072 
v -15.7771 2.44075 -28.4669 
v -15.7313 2.51947 -28.4802 
v -15.7734 2.44759 -28.455 
v -15.7771 2.44075 -28.4669 
v -15.8275 2.39266 -28.4029 
v -15.6878 2.39057 -28.4232 
v -15.7014 2.50177 -28.3659 
v -15.6028 2.41434 -28.4474 
v -15.6198 2.52426 -28.3935 
v -15.5534 2.9187 -28.0197 
v -15.6162 2.85219 -27.8823 
v -15.5523 2.90037 -27.8911 
v -15.6162 2.85219 -27.8823 
v -15.587 2.85033 -27.7839 
v -15.6625 2.76742 -27.7721 
v -15.734 2.86366 -27.6835 
v -15.6656 2.93504 -27.7888 
v -15.728 2.83246 -27.7356 
v -15.6722 2.96926 -27.7508 
v -15.4243 3.13618 -27.9473 
v -15.4552 3.17548 -27.8913 
v -15.3819 3.12486 -27.9236 
v -15.4028 3.16529 -27.847 
v -15.4552 3.17548 -27.8913 
v -15.479 3.1466 -27.7702 
v -15.5265 3.16406 -27.8289 
v -15.3017 3.06249 -27.7105 
v -15.189 3.05189 -27.8751 
v -15.323 3.06756 -27.8665 
v -15.167 3.03733 -27.7359 
v -15.3017 3.06249 -27.7105 
v -15.1488 2.98656 -27.5986 
v -15.2764 3.00061 -27.5804 
v -15.2764 3.00061 -27.5804 
v -15.1374 2.90527 -27.4935 
v -15.268 2.91567 -27.4753 
v -15.2699 2.81024 -27.3893 
v -15.1374 2.90527 -27.4935 
v -15.1309 2.81627 -27.4062 
v -14.8875 2.95189 -28.2742 
v -15.0582 2.98355 -28.3506 
v -15.0764 3.02513 -28.2551 
v -14.8923 2.96886 -28.2249 
v -15.8804 2.81235 -27.8433 
v -15.937 2.72155 -27.8595 
v -15.9022 2.81344 -27.818 
v -15.9153 2.72566 -27.8795 
v -14.4437 2.79636 -27.634 
v -14.4012 2.6918 -27.5827 
v -14.446 2.65419 -27.6653 
v -14.4283 2.56577 -27.6438 
v -15.7359 2.61179 -27.8568 
v -15.7841 2.45461 -27.8446 
v -15.7927 2.45809 -27.8309 
v -15.7841 2.45461 -27.8446 
v -15.7958 2.32537 -27.8044 
v -15.7829 2.32224 -27.8229 
v -15.7625 2.21266 -27.7915 
v -15.7958 2.32537 -27.8044 
v -15.7725 2.21664 -27.7735 
v -15.2165 2.71986 -28.6023 
v -15.1432 2.67152 -28.705 
v -15.189 2.62155 -28.6825 
v -15.1847 2.74447 -28.6223 
v -14.9909 2.79154 -27.5469 
v -15.1515 2.90526 -27.5924 
v -15.1497 2.83 -27.4889 
v -15.0076 2.86339 -27.6201 
v -15.1433 2.73297 -27.4099 
v -14.9909 2.79154 -27.5469 
v -14.9713 2.69432 -27.4799 
v -15.7014 2.50177 -28.3659 
v -15.7067 2.62195 -28.2891 
v -15.6198 2.52426 -28.3935 
v -15.6374 2.63944 -28.3204 
v -15.6684 2.7225 -27.8894 
v -15.7063 2.65475 -27.8512 
v -15.6612 2.7048 -27.8414 
v -15.6881 2.61749 -27.7778 
v -15.0565 3.14729 -27.7851 
v -15.212 3.08615 -27.8608 
v -15.2106 3.10213 -27.7691 
v -15.0622 3.12425 -27.8846 
v -15.1981 3.07371 -27.6744 
v -15.0565 3.14729 -27.7851 
v -15.0489 3.13219 -27.6794 
v -15.5587 2.92813 -28.0248 
v -15.6569 2.91598 -27.9646 
v -15.6503 2.92018 -27.955 
v -15.7326 2.87618 -27.9001 
v -15.6503 2.92018 -27.955 
v -15.7221 2.88207 -27.8844 
v -15.7263 2.00468 -28.0324 
v -15.7434 2.04178 -28.0222 
v -15.7169 2.013 -28.0417 
v -15.7221 2.05317 -28.0429 
v -15.7169 2.013 -28.0417 
v -15.7042 1.96719 -28.0547 
v -15.4217 3.0537 -27.6441 
v -15.4659 3.00114 -27.8055 
v -15.4755 2.95287 -27.7038 
v -15.4044 3.09796 -27.7894 
v -15.4895 2.87117 -27.5944 
v -15.4217 3.0537 -27.6441 
v -15.4378 2.94538 -27.5109 
v -15.5534 2.9187 -28.0197 
v -15.6166 2.89865 -28.0791 
v -15.6175 2.88393 -28.0684 
v -15.6175 2.88393 -28.0684 
v -15.6806 2.85394 -28.1346 
v -15.6803 2.83392 -28.1128 
v -15.6806 2.85394 -28.1346 
v -15.7374 2.76803 -28.1587 
v -15.733 2.78347 -28.1902 
v -15.3017 2.77446 -28.5667 
v -15.1824 2.84702 -28.4342 
v -15.159 2.76372 -28.5044 
v -15.334 2.89396 -28.4584 
v -15.3017 2.77446 -28.5667 
v -15.1393 2.65145 -28.5792 
v -15.257 2.56277 -28.684 
v -15.5534 2.9187 -28.0197 
v -15.6092 2.80729 -27.9459 
v -15.6072 2.80203 -27.9225 
v -15.6684 2.7225 -27.8894 
v -15.6072 2.80203 -27.9225 
v -15.6612 2.7048 -27.8414 
v -14.7445 2.05865 -27.2948 
v -14.8353 2.13834 -27.3388 
v -14.782 2.0346 -27.3217 
v -14.7835 2.16021 -27.307 
v -15.4865 3.08425 -28.1732 
v -15.4612 3.07632 -28.1084 
v -15.4446 3.08558 -28.1738 
v -15.4964 3.07009 -28.1125 
v -14.8565 3.15728 -28.7844 
v -14.8249 3.22611 -28.7777 
v -14.8533 3.15523 -28.7944 
v -14.8533 3.15523 -28.7944 
v -14.9285 3.09246 -28.7656 
v -14.9265 3.08161 -28.7878 
v -15.0224 3.01493 -28.7546 
v -14.9285 3.09246 -28.7656 
v -15.0151 3.03966 -28.7231 
v -15.5641 1.9855 -28.4569 
v -15.5569 2.0005 -28.5083 
v -15.5636 1.97288 -28.4636 
v -15.5599 2.0259 -28.4854 
v -15.5641 1.9855 -28.4569 
v -15.5727 1.96016 -28.4273 
v -14.4071 2.98405 -27.7997 
v -14.5367 3.00011 -27.8229 
v -14.4919 2.98625 -27.7404 
v -14.4749 2.99917 -27.8704 
v -15.7031 2.60396 -28.1685 
v -15.717 2.49578 -28.206 
v -15.6692 2.57317 -28.0921 
v -15.685 2.46031 -28.1266 
v -15.717 2.49578 -28.206 
v -15.692 2.3498 -28.1843 
v -15.7204 2.39261 -28.2581 
v -15.0046 3.10422 -28.6116 
v -15.1256 3.00565 -28.5292 
v -15.0611 3.1075 -28.5215 
v -15.0504 3.02062 -28.6349 
v -15.0046 3.10422 -28.6116 
v -14.9448 3.06564 -28.7044 
v -14.9285 3.1236 -28.6763 
v -15.8698 2.41774 -27.8915 
v -15.8793 2.31412 -27.9488 
v -15.8867 2.40431 -27.8722 
v -15.8642 2.32643 -27.9638 
v -15.8569 2.23999 -28.0125 
v -15.8793 2.31412 -27.9488 
v -15.8689 2.2315 -27.9988 
v -15.5534 2.9187 -28.0197 
v -15.5341 2.9349 -27.8734 
v -15.4583 2.97481 -27.8513 
v -15.5489 2.89962 -27.74 
v -15.4583 2.97481 -27.8513 
v -15.4603 2.92748 -27.7053 
v -14.7149 2.36691 -27.2396 
v -14.8671 2.47599 -27.3233 
v -14.8452 2.33496 -27.3255 
v -14.7146 2.50241 -27.2555 
v -15.5114 2.70514 -27.5972 
v -15.4613 2.79327 -27.5054 
v -15.4735 2.86259 -27.6164 
v -15.5177 2.77025 -27.6855 
v -15.4044 3.09796 -27.7894 
v -15.4516 3.01481 -27.9023 
v -15.4659 3.00114 -27.8055 
v -15.3911 3.08631 -27.9197 
v -15.5587 2.92813 -28.0248 
v -15.5611 3.01659 -27.9798 
v -15.5446 3.035 -27.9962 
v -15.563 3.04496 -27.9526 
v -15.5446 3.035 -27.9962 
v -15.5396 3.07196 -27.9601 
v -15.5971 2.85295 -28.281 
v -15.6413 2.69883 -28.1828 
v -15.6065 2.76743 -28.1326 
v -15.5723 2.90056 -28.1715 
v -15.7716 2.88735 -27.8336 
v -15.8697 2.78412 -27.8102 
v -15.8047 2.89794 -27.7767 
v -15.8302 2.77958 -27.8551 
v -14.7079 2.05987 -28.6942 
v -14.6202 2.19679 -28.6919 
v -14.6328 2.05521 -28.711 
v -14.7236 2.19175 -28.6701 
v -14.6702 1.95706 -28.7514 
v -14.7079 2.05987 -28.6942 
v -14.7133 1.96556 -28.7408 
v -15.0012 3.0009 -27.6491 
v -15.0877 3.04375 -27.6955 
v -15.0468 2.98378 -27.5469 
v -15.037 3.01148 -27.7571 
v -15.5534 2.9187 -28.0197 
v -15.5725 2.96077 -27.9488 
v -15.5491 2.97616 -27.9464 
v -15.6032 2.9666 -27.8713 
v -15.5491 2.97616 -27.9464 
v -15.5362 2.99989 -27.8507 
v -15.9307 2.5315 -27.9905 
v -15.901 2.60086 -27.9451 
v -15.9061 2.55066 -28.0015 
v -15.9344 2.58445 -27.9245 
v -15.9009 2.51665 -28.0709 
v -15.9307 2.5315 -27.9905 
v -15.9161 2.5003 -28.0693 
v -15.4206 3.11211 -28.1798 
v -15.4628 3.02626 -28.1374 
v -15.4238 3.10462 -28.1058 
v -15.4596 3.0223 -28.1749 
v -14.6227 1.81227 -27.4536 
v -14.5779 1.88027 -27.4858 
v -14.6526 1.88498 -27.4616 
v -14.5796 1.8103 -27.4758 
v -14.6227 1.81227 -27.4536 
v -14.5643 1.73954 -27.4323 
v -15.7107 2.97548 -28.1572 
v -15.7076 2.9373 -28.1191 
v -15.6709 2.958 -28.094 
v -15.6683 3.00045 -28.1099 
v -15.6408 2.88189 -27.8262 
v -15.6327 2.94382 -27.7841 
v -15.6032 2.9666 -27.8713 
v -15.6012 2.91591 -27.8951 
v -15.5534 2.9187 -28.0197 
v -15.6005 2.85195 -28.0778 
v -15.6 2.83246 -28.0419 
v -15.6436 2.77994 -28.1115 
v -15.6 2.83246 -28.0419 
v -15.6284 2.74931 -28.0549 
v -15.1989 2.99761 -28.4259 
v -15.2058 2.85271 -28.5308 
v -15.2203 2.84493 -28.5196 
v -15.1847 2.74447 -28.6223 
v -15.2203 2.84493 -28.5196 
v -15.2165 2.71986 -28.6023 
v -15.4044 3.09796 -27.7894 
v -15.2962 3.08161 -27.9142 
v -15.3911 3.08631 -27.9197 
v -15.2891 3.10445 -27.7812 
v -14.807 2.53264 -27.3244 
v -14.9524 2.59402 -27.4196 
v -14.9319 2.49825 -27.3796 
v -14.8387 2.66999 -27.3766 
v -14.9004 2.35212 -27.3629 
v -14.807 2.53264 -27.3244 
v -14.7622 2.34669 -27.3094 
v -15.2603 2.76372 -27.4986 
v -15.1515 2.90526 -27.5924 
v -15.2657 2.85724 -27.612 
v -15.1497 2.83 -27.4889 
v -15.2603 2.76372 -27.4986 
v -15.1433 2.73297 -27.4099 
v -15.2535 2.67268 -27.4193 
v -14.8447 3.06269 -27.6811 
v -14.9661 2.94903 -27.5431 
v -14.8048 3.0063 -27.5577 
v -15.0012 3.0009 -27.6491 
v -15.5534 2.9187 -28.0197 
v -15.5827 2.96128 -28.1999 
v -15.5898 2.92356 -28.1847 
v -15.6245 2.88616 -28.3207 
v -15.5898 2.92356 -28.1847 
v -15.6247 2.83896 -28.2736 
v -14.6682 2.95418 -28.0024 
v -14.6327 2.96216 -27.9073 
v -14.616 2.94509 -27.9993 
v -14.6857 2.98421 -27.8839 
v -15.6169 2.89252 -27.9793 
v -15.7028 2.88124 -27.9099 
v -15.6702 2.93648 -27.9182 
v -15.6338 2.85491 -27.9949 
v -15.6703 2.81039 -28.0289 
v -15.7028 2.88124 -27.9099 
v -15.7498 2.81461 -27.9173 
v -15.6703 2.81039 -28.0289 
v -15.7846 2.74883 -27.9364 
v -15.7034 2.76361 -28.0623 
v -15.4193 3.08749 -28.2723 
v -15.4596 3.0223 -28.1749 
v -15.4206 3.11211 -28.1798 
v -15.4547 2.99434 -28.2374 
v -14.4012 2.6918 -27.5827 
v -14.3703 2.56597 -27.5527 
v -14.4283 2.56577 -27.6438 
v -14.4217 2.48566 -27.6352 
v -15.2037 2.92312 -28.3553 
v -15.0764 3.02513 -28.2551 
v -15.0582 2.98355 -28.3506 
v -15.2184 2.97582 -28.2667 
v -15.0582 2.98355 -28.3506 
v -15.1824 2.84702 -28.4342 
v -15.0351 2.91595 -28.4468 
v -15.1824 2.84702 -28.4342 
v -15.0112 2.82893 -28.5323 
v -15.159 2.76372 -28.5044 
v -15.4735 2.86259 -27.6164 
v -15.2955 2.94802 -27.7472 
v -15.4896 2.91881 -27.7639 
v -15.2834 2.89319 -27.6337 
v -15.4735 2.86259 -27.6164 
v -15.2721 2.81978 -27.5319 
v -15.4613 2.79327 -27.5054 
v -15.4478 2.71421 -27.4228 
v -15.2721 2.81978 -27.5319 
v -15.2573 2.73333 -27.4577 
v -15.4328 2.62372 -27.3663 
v -15.2573 2.73333 -27.4577 
v -15.2477 2.64173 -27.3826 
v -15.4328 2.62372 -27.3663 
v -15.2424 2.54934 -27.3071 
v -15.4136 2.52035 -27.3247 
v -14.6914 2.72924 -28.6176 
v -14.8544 2.66455 -28.6029 
v -14.8893 2.82515 -28.4961 
v -14.7401 2.90582 -28.5109 
v -15.3307 3.00432 -28.2334 
v -15.3288 3.01639 -28.1223 
v -15.1957 3.10435 -28.2097 
v -15.2043 3.11061 -28.0677 
v -15.1957 3.10435 -28.2097 
v -15.3301 2.97626 -28.3046 
v -15.1908 3.06837 -28.335 
v -15.1921 3.00081 -28.4365 
v -15.3301 2.97626 -28.3046 
v -15.3181 2.90528 -28.3699 
v -15.6399 2.72688 -28.3306 
v -15.6247 2.83896 -28.2736 
v -15.6495 2.76869 -28.399 
v -15.6245 2.88616 -28.3207 
v -14.616 2.94509 -27.9993 
v -14.5036 2.97997 -28.0726 
v -14.54 2.99899 -28.1082 
v -14.4085 2.97259 -28.1507 
v -14.54 2.99899 -28.1082 
v -14.4644 2.99734 -28.2318 
v -15.5587 2.92813 -28.0248 
v -15.5964 2.97979 -27.9888 
v -15.5624 3.00153 -27.9762 
v -15.5964 2.97979 -27.9888 
v -15.5784 3.01732 -27.9386 
v -15.6132 2.98891 -27.9675 
v -15.5784 3.01732 -27.9386 
v -15.6331 2.9752 -27.9463 
v -15.5984 3.00973 -27.9009 
v -15.5534 2.9187 -28.0197 
v -15.598 2.88526 -28.0612 
v -15.5942 2.8479 -28.0099 
v -15.7638 2.52722 -27.88 
v -15.7994 2.45038 -27.8309 
v -15.7829 2.54077 -27.847 
v -15.7741 2.43933 -27.8641 
v -15.4703 2.49511 -27.1891 
v -15.4117 2.54112 -27.2387 
v -15.4655 2.56246 -27.2118 
v -15.4329 2.48942 -27.2168 
v -15.4703 2.49511 -27.1891 
v -15.4463 2.43771 -27.213 
v -15.462 2.4302 -27.1936 
v -15.4463 2.43771 -27.213 
v -15.4384 2.37116 -27.2272 
v -15.1397 2.96742 -28.59 
v -15.0655 3.01428 -28.6613 
v -15.0934 2.97518 -28.6882 
v -15.0904 3.0125 -28.5767 
v -15.1397 2.96742 -28.59 
v -15.1186 3.03853 -28.4592 
v -15.1843 2.99078 -28.4648 
v -15.1799 3.11837 -28.174 
v -15.1186 3.03853 -28.4592 
v -15.6325 2.85349 -28.1089 
v -15.6366 2.76011 -28.2161 
v -15.6807 2.75451 -28.1935 
v -15.6374 2.63944 -28.3204 
v -15.6807 2.75451 -28.1935 
v -15.7067 2.62195 -28.2891 
v -15.6682 2.59037 -27.6107 
v -15.6866 2.41727 -27.4994 
v -15.6557 2.42082 -27.4936 
v -15.6759 2.27658 -27.4316 
v -15.6557 2.42082 -27.4936 
v -15.6191 2.23703 -27.4054 
v -15.8239 2.43145 -27.612 
v -15.8266 2.34098 -27.6322 
v -15.8349 2.42496 -27.5812 
v -15.8347 2.33343 -27.6192 
v -15.8266 2.34098 -27.6322 
v -15.8243 2.25725 -27.6806 
v -15.6476 2.61702 -28.3804 
v -15.6399 2.72688 -28.3306 
v -15.6588 2.65484 -28.4606 
v -15.6495 2.76869 -28.399 
v -15.5534 2.9187 -28.0197 
v -15.6066 2.90045 -28.0944 
v -15.6166 2.89865 -28.0791 
v -15.6066 2.90045 -28.0944 
v -15.6806 2.85394 -28.1346 
v -15.6617 2.85536 -28.1574 
v -15.0711 3.12816 -28.2289 
v -15.0854 3.11444 -28.145 
v -15.0285 3.14952 -28.2232 
v -15.0432 3.13363 -28.129 
v -15.0285 3.14952 -28.2232 
v -15.0536 3.0908 -28.3291 
v -15.0098 3.11361 -28.3328 
v -14.7727 3.10283 -28.3288 
v -14.953 3.03219 -28.345 
v -14.9615 3.05666 -28.2434 
v -14.7894 3.13168 -28.2055 
v -14.7727 3.10283 -28.3288 
v -14.9361 2.96546 -28.4599 
v -14.7532 3.02703 -28.4614 
v -14.9361 2.96546 -28.4599 
v -14.7224 2.89612 -28.5943 
v -14.8879 2.80043 -28.577 
v -15.2603 2.76372 -27.4986 
v -15.3948 2.84565 -27.5776 
v -15.3751 2.76235 -27.4776 
v -15.2657 2.85724 -27.612 
v -15.356 2.66719 -27.4051 
v -15.2603 2.76372 -27.4986 
v -15.2535 2.67268 -27.4193 
v -15.0098 3.11361 -28.3328 
v -15.0368 3.01171 -28.4333 
v -15.0536 3.0908 -28.3291 
v -14.9917 3.03476 -28.4476 
v -14.9809 2.83959 -28.5926 
v -15.0368 3.01171 -28.4333 
v -15.0264 2.82031 -28.5672 
v -15.2894 2.79978 -28.438 
v -15.3181 2.90528 -28.3699 
v -15.1927 2.89913 -28.5303 
v -15.1921 3.00081 -28.4365 
v -15.7255 2.74066 -28.1204 
v -15.7806 2.62805 -28.1361 
v -15.6611 2.71049 -28.0017 
v -15.721 2.60723 -28.009 
v -15.5534 2.9187 -28.0197 
v -15.6072 2.80203 -27.9225 
v -15.6162 2.85219 -27.8823 
v -15.6072 2.80203 -27.9225 
v -15.6625 2.76742 -27.7721 
v -15.6612 2.7048 -27.8414 
v -15.3948 2.84565 -27.5776 
v -15.401 2.90991 -27.721 
v -15.4647 2.7857 -27.6301 
v -15.4645 2.83891 -27.7432 
v -14.971 2.65325 -28.6934 
v -14.9378 2.47635 -28.7652 
v -15.0157 2.63352 -28.6647 
v -14.9787 2.45747 -28.7337 
v -15.6363 2.82442 -27.5445 
v -15.6177 2.85694 -27.6442 
v -15.6336 2.7915 -27.575 
v -15.6217 2.89357 -27.6114 
v -15.6338 2.73814 -27.5032 
v -15.6363 2.82442 -27.5445 
v -15.6355 2.76904 -27.4806 
v -15.5534 2.9187 -28.0197 
v -15.5716 2.84811 -28.1066 
v -15.6005 2.85195 -28.0778 
v -15.5716 2.84811 -28.1066 
v -15.6436 2.77994 -28.1115 
v -15.605 2.78354 -28.1651 
v -14.9291 2.97781 -27.7776 
v -14.8572 2.94821 -27.9182 
v -14.9508 2.9843 -27.9315 
v -14.8526 2.9307 -27.7839 
v -15.5534 2.9187 -28.0197 
v -15.4592 2.94652 -28.0785 
v -15.5278 2.90666 -28.0942 
v -15.5278 2.90666 -28.0942 
v -15.4759 2.96904 -28.1638 
v -15.5723 2.90056 -28.1715 
v -15.5534 2.9187 -28.0197 
v -15.5278 2.90666 -28.0942 
v -15.5539 2.83645 -28.0669 
v -15.5723 2.90056 -28.1715 
v -15.5539 2.83645 -28.0669 
v -15.6065 2.76743 -28.1326 
v -15.7121 2.52418 -28.1631 
v -15.7338 2.39444 -28.1911 
v -15.7232 2.39034 -28.1788 
v -15.7326 2.29103 -28.2182 
v -15.7232 2.39034 -28.1788 
v -15.7192 2.28469 -28.1993 
v -15.7365 2.21171 -28.2474 
v -15.7192 2.28469 -28.1993 
v -15.7239 2.20241 -28.2286 
v -15.7365 2.21171 -28.2474 
v -15.7179 2.13735 -28.2794 
v -15.7293 2.14979 -28.2938 
v -15.2917 2.99056 -27.9402 
v -15.377 3.08955 -28.1054 
v -15.4014 2.95002 -27.9971 
v -15.2733 3.14457 -28.0693 
v -15.377 3.08955 -28.1054 
v -15.2659 3.16949 -28.2039 
v -15.3611 3.09682 -28.2164 
v -15.2659 3.16949 -28.2039 
v -15.3482 3.0474 -28.33 
v -15.2665 3.12382 -28.3524 
v -15.2674 3.04781 -28.4816 
v -15.3482 3.0474 -28.33 
v -15.3356 2.98155 -28.4361 
v -14.616 2.94509 -27.9993 
v -14.6327 2.96216 -27.9073 
v -14.5869 2.95536 -27.9052 
v -14.6327 2.96216 -27.9073 
v -14.5612 2.9305 -27.8027 
v -14.6593 2.94124 -27.797 
v -14.632 2.87447 -27.6528 
v -14.5612 2.9305 -27.8027 
v -14.5009 2.87593 -27.7073 
v -15.1057 2.61854 -28.7876 
v -15.189 2.62155 -28.6825 
v -15.1432 2.67152 -28.705 
v -15.1464 2.55641 -28.7723 
v -14.616 2.94509 -27.9993 
v -14.5135 2.99257 -28.079 
v -14.5089 3.01509 -28.0814 
v -14.4286 3.0112 -28.1518 
v -14.5089 3.01509 -28.0814 
v -14.4246 3.04344 -28.1628 
v -14.4286 3.0112 -28.1518 
v -14.3297 3.02233 -28.2383 
v -14.3403 2.98919 -28.2132 
v -15.0735 3.06855 -27.9198 
v -14.9413 2.97715 -27.911 
v -14.9299 3.06287 -27.9377 
v -15.077 2.96674 -27.8737 
v -15.0735 3.06855 -27.9198 
v -14.9318 3.1416 -27.9952 
v -15.0904 3.16361 -28.0093 
v -14.9318 3.1416 -27.9952 
v -14.9437 3.19909 -28.0887 
v -15.1099 3.19423 -28.1212 
v -14.9437 3.19909 -28.0887 
v -14.9605 3.19905 -28.2263 
v -15.1146 3.18866 -28.2586 
v -14.6856 2.92518 -27.9473 
v -14.8096 3.05109 -28.0016 
v -14.8205 2.94665 -27.8969 
v -14.6713 2.99058 -28.0343 
v -15.1139 3.19899 -27.8067 
v -15.202 3.13582 -27.8655 
v -15.193 3.16342 -27.7918 
v -15.1261 3.16664 -27.8909 
v -15.383 2.94984 -28.0114 
v -15.4592 2.94652 -28.0785 
v -15.5534 2.9187 -28.0197 
v -15.3964 2.99822 -28.0635 
v -15.4592 2.94652 -28.0785 
v -15.3963 3.03259 -28.1667 
v -15.4759 2.96904 -28.1638 
v -15.3963 3.03259 -28.1667 
v -15.4824 2.95945 -28.2656 
v -15.3836 3.01655 -28.268 
v -15.5357 2.93664 -28.3455 
v -15.4412 2.98459 -28.2009 
v -15.4348 2.9411 -28.3491 
v -15.5306 2.9809 -28.1992 
v -15.6436 2.77994 -28.1115 
v -15.6787 2.70036 -28.1379 
v -15.6284 2.74931 -28.0549 
v -15.6507 2.66904 -28.0696 
v -15.6787 2.70036 -28.1379 
v -15.7031 2.60396 -28.1685 
v -15.6507 2.66904 -28.0696 
v -15.6692 2.57317 -28.0921 
v -14.9865 3.08407 -27.6449 
v -14.8742 3.18701 -27.7194 
v -15.0003 3.11814 -27.733 
v -14.8672 3.13976 -27.6151 
v -14.6576 3.02193 -28.4315 
v -14.614 3.10744 -28.3416 
v -14.5959 3.03294 -28.4397 
v -14.6671 3.08934 -28.3327 
v -15.6823 2.20565 -27.498 
v -15.7292 2.20706 -27.6053 
v -15.6998 2.17416 -27.5014 
v -15.6904 2.26432 -27.5828 
v -15.6823 2.20565 -27.498 
v -15.6785 2.172 -27.3688 
v -15.7157 2.09093 -28.4265 
v -15.7149 2.106 -28.3575 
v -15.7132 2.10153 -28.4263 
v -15.7092 2.12269 -28.3641 
v -15.7132 2.10153 -28.4263 
v -15.7065 2.10708 -28.4977 
v -14.5119 2.85383 -27.7517 
v -14.4081 2.86284 -27.8344 
v -14.5097 2.92614 -27.8938 
v -14.5651 2.91331 -27.8432 
v -14.5097 2.92614 -27.8938 
v -14.616 2.94509 -27.9993 
v -15.491 2.8796 -28.0242 
v -15.5117 2.86912 -27.9076 
v -15.5534 2.9187 -28.0197 
v -15.4775 2.95547 -27.885 
v -15.5117 2.86912 -27.9076 
v -15.4896 2.91881 -27.7639 
v -15.5297 2.81906 -27.7937 
v -15.5177 2.77025 -27.6855 
v -15.4896 2.91881 -27.7639 
v -15.4735 2.86259 -27.6164 
v -15.6225 2.78159 -28.0042 
v -15.5942 2.8479 -28.0099 
v -15.6677 2.82235 -28.0948 
v -15.598 2.88526 -28.0612 
v -15.3629 2.97652 -28.3629 
v -15.2184 2.97582 -28.2667 
v -15.2037 2.92312 -28.3553 
v -15.3836 3.01655 -28.268 
v -15.2037 2.92312 -28.3553 
v -15.334 2.89396 -28.4584 
v -15.1824 2.84702 -28.4342 
v -15.4207 3.03016 -28.38 
v -15.448 2.93917 -28.3197 
v -15.4547 2.99434 -28.2374 
v -15.4193 3.08749 -28.2723 
v -14.8301 2.20088 -27.3844 
v -14.7981 2.04922 -27.3997 
v -14.7324 2.14662 -27.3389 
v -14.7232 1.99916 -27.3565 
v -14.104 2.41884 -28.1369 
v -14.0585 2.53498 -28.2272 
v -14.0961 2.53848 -28.1964 
v -14.0735 2.41322 -28.154 
v -14.104 2.41884 -28.1369 
v -14.1349 2.27956 -28.0519 
v -14.9809 2.83959 -28.5926 
v -14.971 2.65325 -28.6934 
v -15.0264 2.82031 -28.5672 
v -15.0157 2.63352 -28.6647 
v -14.899 3.08187 -27.8982 
v -14.7386 2.95366 -27.945 
v -14.9094 3.02954 -27.9832 
v -14.7329 2.98952 -27.8898 
v -15.5534 2.9187 -28.0197 
v -15.5721 2.92314 -27.9615 
v -15.5725 2.96077 -27.9488 
v -15.5725 2.96077 -27.9488 
v -15.6012 2.91591 -27.8951 
v -15.6032 2.9666 -27.8713 
v -14.9378 2.47635 -28.7652 
v -14.916 2.33833 -28.8069 
v -14.9787 2.45747 -28.7337 
v -14.9523 2.32712 -28.7717 
v -15.3976 2.13726 -28.8035 
v -15.4307 2.209 -28.7122 
v -15.3894 2.1775 -28.8306 
v -15.4132 2.25311 -28.7692 
v -15.3894 2.1775 -28.8306 
v -15.3844 2.11465 -28.9083 
v -15.3804 2.13884 -28.9119 
v -15.3844 2.11465 -28.9083 
v -15.3885 2.14818 -29.017 
v -15.4413 2.98218 -27.9759 
v -15.4666 3.00791 -28.0926 
v -15.4723 2.94575 -27.9994 
v -15.4303 3.06078 -28.0399 
v -15.4238 3.10462 -28.1058 
v -15.4666 3.00791 -28.0926 
v -15.4628 3.02626 -28.1374 
v -14.7882 2.58563 -28.7528 
v -14.8879 2.80043 -28.577 
v -14.6636 2.61225 -28.8247 
v -14.7224 2.89612 -28.5943 
v -15.6225 2.78159 -28.0042 
v -15.6677 2.82235 -28.0948 
v -15.7255 2.74066 -28.1204 
v -15.6611 2.71049 -28.0017 
v -14.8923 2.96886 -28.2249 
v -14.6701 2.99861 -28.1902 
v -14.8875 2.95189 -28.2742 
v -14.8944 2.96746 -28.1589 
v -14.6636 2.9709 -28.3148 
v -14.6701 2.99861 -28.1902 
v -14.8805 2.92794 -28.3438 
v -14.6607 2.8915 -28.4221 
v -14.8638 2.85074 -28.4468 
v -14.6607 2.8915 -28.4221 
v -14.8415 2.74276 -28.5353 
v -14.6323 2.77064 -28.5068 
v -14.9285 3.1236 -28.6763 
v -14.9222 3.1351 -28.5636 
v -14.8845 3.14281 -28.6217 
v -15.0046 3.10422 -28.6116 
v -14.8356 3.16935 -28.6721 
v -14.9285 3.1236 -28.6763 
v -14.8523 3.16297 -28.7103 
v -15.8302 2.77958 -27.8551 
v -15.9142 2.67728 -27.8561 
v -15.8697 2.78412 -27.8102 
v -15.8742 2.6832 -27.8896 
v -15.0934 2.97518 -28.6882 
v -15.0151 3.03966 -28.7231 
v -15.0224 3.01493 -28.7546 
v -15.0655 3.01428 -28.6613 
v -14.3529 2.42286 -27.5437 
v -14.4217 2.48566 -27.6352 
v -14.3703 2.56597 -27.5527 
v -14.4157 2.38796 -27.627 
v -15.5587 2.92813 -28.0248 
v -15.5497 2.99854 -28.044 
v -15.5622 2.99861 -28.0457 
v -15.5497 2.99854 -28.044 
v -15.5622 3.04262 -28.0763 
v -15.5446 3.04251 -28.0747 
v -15.5446 3.05681 -28.1168 
v -15.5622 3.04262 -28.0763 
v -15.5628 3.05639 -28.1158 
v -15.5446 3.05681 -28.1168 
v -15.5705 3.05212 -28.1585 
v -15.5526 3.05195 -28.1639 
v -15.5742 3.02619 -28.213 
v -15.5705 3.05212 -28.1585 
v -15.5916 3.02827 -28.2042 
v -15.088 3.03733 -28.1621 
v -14.889 2.96615 -28.0972 
v -14.8944 2.96746 -28.1589 
v -15.0958 3.01015 -28.0573 
v -15.088 3.03733 -28.1621 
v -14.8923 2.96886 -28.2249 
v -15.0764 3.02513 -28.2551 
v -15.8742 2.6832 -27.8896 
v -15.9344 2.58445 -27.9245 
v -15.9142 2.67728 -27.8561 
v -15.901 2.60086 -27.9451 
v -15.5534 2.9187 -28.0197 
v -15.5565 2.86819 -28.1152 
v -15.598 2.88526 -28.0612 
v -15.5565 2.86819 -28.1152 
v -15.6677 2.82235 -28.0948 
v -15.6095 2.80765 -28.1796 
v -15.4332 2.98579 -27.9838 
v -15.3911 3.08631 -27.9197 
v -15.3835 3.02579 -28.0188 
v -15.4516 3.01481 -27.9023 
v -15.1847 2.16398 -28.8436 
v -15.2086 2.10045 -28.7912 
v -15.2214 2.1592 -28.7715 
v -15.1872 2.09164 -28.8415 
v -15.401 2.90991 -27.721 
v -15.4019 2.94254 -27.8819 
v -15.4645 2.83891 -27.7432 
v -15.4577 2.87206 -27.8925 
v -15.6722 2.96926 -27.7508 
v -15.6096 2.99745 -27.8467 
v -15.6656 2.93504 -27.7888 
v -15.6166 3.03797 -27.8264 
v -14.9596 2.75845 -27.2094 
v -15.1039 2.77416 -27.3627 
v -15.0543 2.67483 -27.2633 
v -14.9767 2.84546 -27.3189 
v -15.036 2.63336 -27.2026 
v -14.9596 2.75845 -27.2094 
v -14.957 2.68486 -27.1332 
v -15.4049 2.92256 -27.996 
v -15.323 3.06756 -27.8665 
v -15.3284 3.00187 -28.0375 
v -15.413 2.96899 -27.8446 
v -15.4052 2.96945 -27.7191 
v -15.323 3.06756 -27.8665 
v -15.3017 3.06249 -27.7105 
v -14.8935 3.06683 -28.0204 
v -14.8025 2.9785 -28.0267 
v -14.8926 2.99163 -28.0525 
v -14.7859 2.96111 -27.9712 
v -14.8935 3.06683 -28.0204 
v -14.7733 3.03316 -27.9279 
v -14.894 3.1328 -27.9843 
v -14.7009 1.95656 -27.2334 
v -14.6707 1.93977 -27.1951 
v -14.6738 1.9423 -27.1932 
v -14.6965 1.94585 -27.2413 
v -14.6707 1.93977 -27.1951 
v -14.6482 1.94663 -27.1527 
v -14.6249 2.85314 -28.3261 
v -14.6224 2.91787 -28.2198 
v -14.5546 2.87919 -28.2833 
v -14.5791 2.9335 -28.1777 
v -15.4768 2.8257 -27.217 
v -15.5407 2.79967 -27.2902 
v -15.5009 2.81194 -27.2035 
v -15.5028 2.82053 -27.3035 
v -15.6092 2.80729 -27.9459 
v -15.717 2.63646 -27.9026 
v -15.7282 2.649 -27.8807 
v -15.717 2.63646 -27.9026 
v -15.7829 2.54077 -27.847 
v -15.7638 2.52722 -27.88 
v -15.4896 2.91881 -27.7639 
v -15.3162 2.9759 -27.8928 
v -15.4775 2.95547 -27.885 
v -15.2955 2.94802 -27.7472 
v -15.5587 2.92813 -28.0248 
v -15.6569 2.90439 -27.969 
v -15.6569 2.91598 -27.9646 
v -15.6569 2.90439 -27.969 
v -15.7326 2.87618 -27.9001 
v -15.7293 2.86008 -27.9109 
v -15.6217 2.89357 -27.6114 
v -15.5955 2.91919 -27.7189 
v -15.6177 2.85694 -27.6442 
v -15.6004 2.95903 -27.6919 
v -15.1509 2.95392 -27.7298 
v -15.0076 2.86339 -27.6201 
v -15.0204 2.90997 -27.7477 
v -15.1515 2.90526 -27.5924 
v -14.4618 2.49549 -27.2249 
v -14.5901 2.55099 -27.2903 
v -14.5274 2.45361 -27.2289 
v -14.4903 2.58721 -27.2796 
v -14.4618 2.49549 -27.2249 
v -14.4577 2.41007 -27.1635 
v -14.4213 2.44133 -27.1687 
v -14.9094 3.02954 -27.9832 
v -14.7474 2.89902 -28.026 
v -14.9161 2.95148 -28.068 
v -14.7386 2.95366 -27.945 
v -15.2471 2.68542 -28.5253 
v -15.2894 2.79978 -28.438 
v -15.1739 2.77898 -28.6215 
v -15.1927 2.89913 -28.5303 
v -14.9837 2.95248 -28.062 
v -14.9508 2.9843 -27.9315 
v -14.8669 2.92622 -28.0008 
v -14.8572 2.94821 -27.9182 
v -15.5279 2.95422 -28.0191 
v -15.5427 2.99396 -27.8976 
v -15.5383 3.01924 -27.9021 
v -15.5427 2.99396 -27.8976 
v -15.5735 3.0159 -27.7897 
v -15.5699 2.97632 -27.8008 
v -14.9368 2.97854 -27.4317 
v -14.8672 3.13976 -27.6151 
v -14.9865 3.08407 -27.6449 
v -14.8618 3.0441 -27.4169 
v -14.6985 2.25118 -27.2249 
v -14.8452 2.33496 -27.3255 
v -14.7912 2.19821 -27.3071 
v -14.7149 2.36691 -27.2396 
v -14.6585 2.16208 -27.2076 
v -14.7912 2.19821 -27.3071 
v -14.7073 2.10674 -27.2634 
v -14.6985 2.25118 -27.2249 
v -14.4319 1.9662 -27.6801 
v -14.4302 2.08938 -27.6543 
v -14.387 1.9579 -27.6097 
v -14.3685 2.09974 -27.5784 
v -15.2733 3.14457 -28.0693 
v -15.1735 3.02763 -27.9577 
v -15.165 3.1131 -28.0523 
v -15.2917 2.99056 -27.9402 
v -15.2733 3.14457 -28.0693 
v -15.1563 3.14079 -28.203 
v -15.2659 3.16949 -28.2039 
v -15.0877 3.04375 -27.6955 
v -15.2284 2.96515 -27.8353 
v -15.2048 2.96922 -27.6825 
v -15.1184 3.03701 -27.8674 
v -15.1747 2.9177 -27.549 
v -15.0877 3.04375 -27.6955 
v -15.0468 2.98378 -27.5469 
v -14.9757 2.24813 -27.1248 
v -14.9698 2.19233 -27.0762 
v -14.9346 2.24142 -27.1387 
v -14.9891 2.20598 -27.0709 
v -14.9698 2.19233 -27.0762 
v -15.0073 2.16247 -26.9782 
v -15.4008 2.93799 -28.0483 
v -15.5534 2.9187 -28.0197 
v -15.4577 2.87206 -27.8925 
v -15.4019 2.94254 -27.8819 
v -15.2657 2.85724 -27.612 
v -15.401 2.90991 -27.721 
v -15.3948 2.84565 -27.5776 
v -15.2663 2.91849 -27.7447 
v -15.0217 2.54561 -27.125 
v -14.9701 2.61053 -27.0911 
v -15.0273 2.6043 -27.1635 
v -14.9991 2.52593 -27.0872 
v -15.0217 2.54561 -27.125 
v -15.0286 2.43077 -27.1251 
v -15.3101 3.25735 -28.2822 
v -15.3588 3.17987 -28.3621 
v -15.3212 3.23026 -28.2686 
v -15.3554 3.18994 -28.3725 
v -15.4071 3.07337 -28.4617 
v -15.3588 3.17987 -28.3621 
v -15.3836 3.01655 -28.268 
v -15.2309 2.99236 -28.1778 
v -15.2184 2.97582 -28.2667 
v -15.3963 3.03259 -28.1667 
v -15.0611 3.1075 -28.5215 
v -15.1697 3.02993 -28.4003 
v -15.1042 3.13879 -28.4057 
v -15.1256 3.00565 -28.5292 
v -15.0712 2.57599 -28.8752 
v -15.1464 2.55641 -28.7723 
v -15.1057 2.61854 -28.7876 
v -15.0999 2.52541 -28.8599 
v -15.4545 2.83192 -28.446 
v -15.448 2.93917 -28.3197 
v -15.4415 2.90794 -28.5165 
v -15.4207 3.03016 -28.38 
v -14.7946 2.7975 -27.555 
v -14.6768 2.90694 -27.6492 
v -14.8281 2.88204 -27.6561 
v -14.638 2.83356 -27.5553 
v -15.4744 3.01307 -28.0024 
v -15.4586 3.07158 -27.9738 
v -15.4322 3.07697 -27.9851 
v -15.4698 3.11299 -27.9415 
v -15.4322 3.07697 -27.9851 
v -15.4243 3.13618 -27.9473 
v -15.4698 3.11299 -27.9415 
v -15.4552 3.17548 -27.8913 
v -15.4979 3.12653 -27.9156 
v -14.616 2.94509 -27.9993 
v -14.4765 2.91852 -28.0526 
v -14.5036 2.97997 -28.0726 
v -14.916 2.33833 -28.8069 
v -14.9118 2.25141 -28.813 
v -14.9523 2.32712 -28.7717 
v -14.9416 2.25431 -28.7767 
v -14.9118 2.25141 -28.813 
v -14.9451 2.19492 -28.7679 
v -14.9231 2.18044 -28.7982 
v -15.1956 2.56574 -28.6279 
v -15.2471 2.68542 -28.5253 
v -15.1384 2.65034 -28.71 
v -15.1739 2.77898 -28.6215 
v -15.0427 2.38659 -28.8683 
v -15.0661 2.48258 -28.8526 
v -15.0304 2.41874 -28.9041 
v -15.0849 2.4263 -28.8083 
v -15.0427 2.38659 -28.8683 
v -14.9978 2.35161 -28.9373 
v -15.009 2.33777 -28.9087 
v -15.6004 2.95903 -27.6919 
v -15.5699 2.97632 -27.8008 
v -15.5955 2.91919 -27.7189 
v -15.5735 3.0159 -27.7897 
v -15.088 3.03733 -28.1621 
v -15.2309 2.99236 -28.1778 
v -15.2406 2.96846 -28.08 
v -15.0958 3.01015 -28.0573 
v -15.088 3.03733 -28.1621 
v -15.2184 2.97582 -28.2667 
v -15.0764 3.02513 -28.2551 
v -15.323 3.06756 -27.8665 
v -15.2111 2.99291 -28.034 
v -15.3284 3.00187 -28.0375 
v -15.189 3.05189 -27.8751 
v -15.1391 2.47438 -28.7261 
v -15.1956 2.56574 -28.6279 
v -15.1024 2.55117 -28.7864 
v -15.1384 2.65034 -28.71 
v -15.1024 2.55117 -28.7864 
v -15.0849 2.4263 -28.8083 
v -15.0661 2.48258 -28.8526 
v -14.616 2.94509 -27.9993 
v -14.485 2.88349 -27.9067 
v -14.4452 2.92604 -28.0061 
v -15.6455 2.65112 -28.2126 
v -15.6739 2.48938 -28.3802 
v -15.6983 2.4859 -28.3722 
v -15.6752 2.36312 -28.4975 
v -15.6983 2.4859 -28.3722 
v -15.7068 2.35188 -28.4872 
v -15.5534 2.9187 -28.0197 
v -15.5481 3.00861 -28.0574 
v -15.5872 2.98022 -28.0547 
v -15.5572 3.03861 -28.1204 
v -15.5872 2.98022 -28.0547 
v -15.6186 3.00625 -28.1116 
v -15.4775 2.95547 -27.885 
v -15.3355 2.95275 -28.0232 
v -15.5534 2.9187 -28.0197 
v -15.3162 2.9759 -27.8928 
v -14.8258 3.00021 -27.2367 
v -14.8594 3.0171 -27.3215 
v -14.8556 3.03289 -27.2366 
v -14.8035 2.97191 -27.3344 
v -14.8258 3.00021 -27.2367 
v -14.8493 3.08583 -27.1598 
v -15.0622 3.12301 -27.9021 
v -15.0604 3.25252 -27.782 
v -15.0272 3.2473 -27.7888 
v -15.0604 3.25252 -27.782 
v -15.0236 3.28148 -27.7294 
v -15.0701 3.28198 -27.7305 
v -15.3212 3.23026 -28.2686 
v -15.2691 3.27403 -28.186 
v -15.3101 3.25735 -28.2822 
v -15.2954 3.22755 -28.1856 
v -15.5457 2.69324 -27.2609 
v -15.5067 2.72195 -27.1783 
v -15.5369 2.70459 -27.2654 
v -15.5116 2.71626 -27.1741 
v -15.5067 2.72195 -27.1783 
v -15.4945 2.78461 -27.0905 
v -15.2861 2.73753 -28.8209 
v -15.3334 2.71421 -28.8981 
v -15.3189 2.74086 -28.8089 
v -15.3528 2.71694 -28.8877 
v -15.5279 2.95422 -28.0191 
v -15.4989 3.03318 -28.0546 
v -15.5209 3.02907 -28.0601 
v -15.4989 3.03318 -28.0546 
v -15.4964 3.07009 -28.1125 
v -15.4612 3.07632 -28.1084 
v -15.4641 2.96449 -28.0214 
v -15.5306 2.9809 -28.1992 
v -15.5421 2.9642 -28.0197 
v -15.4412 2.98459 -28.2009 
v -15.0891 2.97308 -27.9724 
v -15.2043 3.11061 -28.0677 
v -15.2153 3.02282 -27.9642 
v -15.0645 3.01818 -28.0902 
v -15.0645 3.01818 -28.0902 
v -15.1957 3.10435 -28.2097 
v -15.0452 3.0365 -28.2118 
v -14.9978 2.35161 -28.9373 
v -14.9741 2.27588 -28.9459 
v -15.009 2.33777 -28.9087 
v -14.9824 2.27439 -28.9286 
v -14.9741 2.27588 -28.9459 
v -14.9622 2.18932 -28.9272 
v -15.1261 3.16664 -27.8909 
v -15.2106 3.08594 -27.9367 
v -15.202 3.13582 -27.8655 
v -15.1411 3.10826 -27.9685 
v -14.3528 2.26593 -27.5524 
v -14.4157 2.38796 -27.627 
v -14.3529 2.42286 -27.5437 
v -14.4215 2.25391 -27.6307 
v -14.3528 2.26593 -27.5524 
v -14.3685 2.09974 -27.5784 
v -14.4302 2.08938 -27.6543 
v -15.6079 2.92038 -27.9784 
v -15.6702 2.93648 -27.9182 
v -15.6331 2.9752 -27.9463 
v -15.6169 2.89252 -27.9793 
v -14.9511 3.01877 -27.9298 
v -15.0746 2.98679 -28.0638 
v -15.0679 3.06911 -27.9765 
v -14.9684 2.95096 -28.0089 
v -15.0622 3.12425 -27.8846 
v -14.9511 3.01877 -27.9298 
v -14.9389 3.05443 -27.8572 
v -14.8846 3.20108 -27.8317 
v -15.0013 3.11516 -27.8867 
v -15.0039 3.12263 -27.8226 
v -14.892 3.17279 -27.9262 
v -15.0003 3.11814 -27.733 
v -14.8846 3.20108 -27.8317 
v -14.8742 3.18701 -27.7194 
v -15.0622 3.12425 -27.8846 
v -15.2085 3.03883 -27.9457 
v -15.212 3.08615 -27.8608 
v -15.0679 3.06911 -27.9765 
v -15.5534 2.9187 -28.0197 
v -15.5872 2.98022 -28.0547 
v -15.5974 2.93182 -28.0621 
v -15.5872 2.98022 -28.0547 
v -15.6287 2.93445 -28.098 
v -15.6186 3.00625 -28.1116 
v -14.6516 1.73848 -28.5314 
v -14.6182 1.78236 -28.5059 
v -14.6176 1.74381 -28.5218 
v -14.6758 1.78332 -28.5287 
v -14.6516 1.73848 -28.5314 
v -14.613 1.70423 -28.5417 
v -15.3911 3.08631 -27.9197 
v -15.3113 3.01974 -28.0117 
v -15.3835 3.02579 -28.0188 
v -15.2962 3.08161 -27.9142 
v -15.1872 2.09164 -28.8415 
v -15.2071 2.04384 -28.7949 
v -15.2086 2.10045 -28.7912 
v -15.1994 2.02897 -28.8168 
v -15.2071 2.04384 -28.7949 
v -15.2171 1.97571 -28.7677 
v -15.5175 3.06474 -27.8786 
v -15.4411 3.02848 -27.9462 
v -15.5191 3.03416 -27.947 
v -15.4351 3.06245 -27.8748 
v -15.1589 2.96853 -27.8864 
v -15.0435 2.92897 -28.0514 
v -15.1583 2.95461 -28.0558 
v -15.0272 2.93635 -27.892 
v -15.1589 2.96853 -27.8864 
v -15.0204 2.90997 -27.7477 
v -15.1509 2.95392 -27.7298 
v -15.0181 2.24118 -27.1448 
v -15.0111 2.20228 -27.0782 
v -14.9757 2.24813 -27.1248 
v -14.9891 2.20598 -27.0709 
v -14.9757 2.24813 -27.1248 
v -15.0282 2.31095 -27.1901 
v -14.9663 2.32058 -27.1574 
v -15.3866 3.09854 -28.0255 
v -15.4178 3.1509 -28.0873 
v -15.3979 3.09062 -28.0298 
v -15.3981 3.16303 -28.0784 
v -15.3866 3.09854 -28.0255 
v -15.3665 3.01022 -27.9469 
v -14.957 2.68486 -27.1332 
v -15.0273 2.6043 -27.1635 
v -14.9701 2.61053 -27.0911 
v -15.036 2.63336 -27.2026 
v -14.616 2.94509 -27.9993 
v -14.4452 2.92604 -28.0061 
v -14.4844 2.88087 -28.0968 
v -15.5587 2.92813 -28.0248 
v -15.5789 2.93537 -28.0055 
v -15.5964 2.97979 -27.9888 
v -15.5964 2.97979 -27.9888 
v -15.6002 2.93095 -27.9848 
v -15.6132 2.98891 -27.9675 
v -15.6002 2.93095 -27.9848 
v -15.6331 2.9752 -27.9463 
v -15.6079 2.92038 -27.9784 
v -14.6504 2.93588 -27.9661 
v -14.6585 3.06803 -28.0534 
v -14.6807 2.93821 -27.9687 
v -14.6245 3.06061 -28.0554 
v -14.6245 3.06061 -28.0554 
v -14.6419 3.13514 -28.1451 
v -14.6036 3.12045 -28.1457 
v -15.4303 3.06078 -28.0399 
v -15.3788 2.97747 -27.964 
v -15.3493 3.06337 -28.0216 
v -15.4413 2.98218 -27.9759 
v -15.4303 3.06078 -28.0399 
v -15.3329 3.11807 -28.0909 
v -15.4238 3.10462 -28.1058 
v -15.4019 2.94254 -27.8819 
v -15.2663 2.91849 -27.7447 
v -15.2614 2.93291 -27.8906 
v -15.401 2.90991 -27.721 
v -14.7176 2.52639 -28.9952 
v -14.5874 2.54146 -28.9111 
v -14.7263 2.51898 -28.8934 
v -14.6391 2.54168 -29.0161 
v -14.7176 2.52639 -28.9952 
v -14.7162 2.56808 -29.1192 
v -14.8387 2.66999 -27.3766 
v -14.9713 2.69432 -27.4799 
v -14.9524 2.59402 -27.4196 
v -14.8614 2.77765 -27.4507 
v -14.9978 2.06263 -28.719 
v -14.949 2.1116 -28.7687 
v -14.99 2.04931 -28.729 
v -14.9643 2.12945 -28.7483 
v -14.9978 2.06263 -28.719 
v -15.0461 1.99629 -28.6822 
v -15.2043 3.11061 -28.0677 
v -15.3288 3.01639 -28.1223 
v -15.3283 2.9606 -28.0069 
v -15.2153 3.02282 -27.9642 
v -15.1589 2.96853 -27.8864 
v -15.2466 2.91511 -28.0244 
v -15.2614 2.93291 -27.8906 
v -15.1583 2.95461 -28.0558 
v -15.2663 2.91849 -27.7447 
v -15.1589 2.96853 -27.8864 
v -15.1509 2.95392 -27.7298 
v -15.2657 2.85724 -27.612 
v -15.1515 2.90526 -27.5924 
v -15.2663 2.91849 -27.7447 
v -15.4744 3.01307 -28.0024 
v -15.4885 3.07451 -27.9763 
v -15.4752 3.08068 -27.9796 
v -15.5111 3.13299 -27.9345 
v -15.4752 3.08068 -27.9796 
v -15.4946 3.14614 -27.9348 
v -15.5111 3.13299 -27.9345 
v -15.5444 3.19091 -27.8787 
v -15.5583 3.17263 -27.8894 
v -14.8791 3.10479 -27.7995 
v -15.0543 2.99876 -27.8445 
v -15.037 3.01148 -27.7571 
v -14.899 3.08187 -27.8982 
v -15.0012 3.0009 -27.6491 
v -14.8791 3.10479 -27.7995 
v -14.8447 3.06269 -27.6811 
v -15.5587 2.92813 -28.0248 
v -15.5508 2.99453 -27.9629 
v -15.5611 3.01659 -27.9798 
v -15.5587 2.92813 -28.0248 
v -15.6108 2.9898 -28.0475 
v -15.6229 2.96418 -28.0492 
v -15.6108 2.9898 -28.0475 
v -15.6443 2.96745 -28.07 
v -15.6345 3.00425 -28.0737 
v -15.6683 3.00045 -28.1099 
v -15.6443 2.96745 -28.07 
v -15.6709 2.958 -28.094 
v -15.3894 2.1775 -28.8306 
v -15.4132 2.25311 -28.7692 
v -15.3455 2.19792 -28.8394 
v -15.3465 2.28113 -28.7845 
v -15.3455 2.19792 -28.8394 
v -15.3804 2.13884 -28.9119 
v -15.3583 2.14956 -28.9148 
v -15.3804 2.13884 -28.9119 
v -15.3885 2.14818 -29.017 
v -15.2797 3.17973 -28.1057 
v -15.2773 3.11365 -28.0315 
v -15.21 3.16917 -27.9971 
v -15.2286 3.23614 -28.0814 
v -15.0958 3.01015 -28.0573 
v -14.8669 2.92622 -28.0008 
v -14.889 2.96615 -28.0972 
v -15.1027 2.94373 -27.9823 
v -15.2797 3.17973 -28.1057 
v -15.2286 3.23614 -28.0814 
v -15.2954 3.22755 -28.1856 
v -15.2691 3.27403 -28.186 
v -14.8281 2.88204 -27.6561 
v -14.7114 2.96107 -27.7608 
v -14.8526 2.9307 -27.7839 
v -14.6768 2.90694 -27.6492 
v -14.6701 2.99861 -28.1902 
v -14.8944 2.96746 -28.1589 
v -14.889 2.96615 -28.0972 
v -14.6587 2.97471 -28.0664 
v -15.3368 2.71655 -28.791 
v -15.295 2.79106 -28.739 
v -15.3189 2.74086 -28.8089 
v -15.3214 2.76031 -28.7066 
v -15.1042 3.13879 -28.4057 
v -15.1806 3.07428 -28.2561 
v -15.1146 3.18866 -28.2586 
v -15.1697 3.02993 -28.4003 
v -14.6121 2.09437 -27.1755 
v -14.7073 2.10674 -27.2634 
v -14.6325 2.05368 -27.2028 
v -14.6585 2.16208 -27.2076 
v -14.9231 2.18044 -28.7982 
v -14.9643 2.12945 -28.7483 
v -14.9451 2.19492 -28.7679 
v -14.949 2.1116 -28.7687 
v -14.616 2.94509 -27.9993 
v -14.5917 2.94918 -28.0787 
v -14.6199 2.94714 -28.0974 
v -14.5791 2.9335 -28.1777 
v -14.6199 2.94714 -28.0974 
v -14.6224 2.91787 -28.2198 
v -14.7894 3.13168 -28.2055 
v -14.9615 3.05666 -28.2434 
v -14.9696 3.04639 -28.1548 
v -14.8021 3.10768 -28.0975 
v -15.1282 2.94176 -28.0438 
v -15.1184 3.03701 -27.8674 
v -15.0493 2.88876 -28.0068 
v -15.0543 2.99876 -27.8445 
v -15.1184 3.03701 -27.8674 
v -15.037 3.01148 -27.7571 
v -15.0877 3.04375 -27.6955 
v -15.3981 3.16303 -28.0784 
v -15.4283 3.19761 -28.1205 
v -15.4178 3.1509 -28.0873 
v -15.4019 3.20865 -28.1057 
v -15.4008 2.93799 -28.0483 
v -15.2614 2.93291 -27.8906 
v -15.2466 2.91511 -28.0244 
v -15.4019 2.94254 -27.8819 
v -14.9301 2.98398 -28.2664 
v -14.9243 3.00976 -28.1178 
v -14.7863 3.05918 -28.2473 
v -14.7679 3.04354 -28.0862 
v -14.7863 3.05918 -28.2473 
v -14.9087 2.92014 -28.3944 
v -14.7675 3.00383 -28.3954 
v -14.9087 2.92014 -28.3944 
v -14.7401 2.90582 -28.5109 
v -14.8893 2.82515 -28.4961 
v -14.363 3.00958 -28.2661 
v -14.4246 3.04344 -28.1628 
v -14.3297 3.02233 -28.2383 
v -14.4559 3.01852 -28.1827 
v -15.4737 2.64702 -28.6594 
v -15.4545 2.83192 -28.446 
v -15.4737 2.70617 -28.7086 
v -15.4415 2.90794 -28.5165 
v -15.4737 2.70617 -28.7086 
v -15.5081 2.58569 -28.7647 
v -15.5042 2.63995 -28.7949 
v -15.4093 3.15382 -28.1575 
v -15.4223 3.1892 -28.218 
v -15.4132 3.14321 -28.1646 
v -15.4158 3.20009 -28.2062 
v -15.2224 3.02455 -27.9983 
v -15.1798 2.96403 -28.0853 
v -15.2397 2.9585 -28.045 
v -15.1589 3.03845 -28.0341 
v -15.2224 3.02455 -27.9983 
v -15.1411 3.10826 -27.9685 
v -15.2106 3.08594 -27.9367 
v -15.0679 3.06911 -27.9765 
v -15.2036 2.96582 -28.0312 
v -15.2085 3.03883 -27.9457 
v -15.0746 2.98679 -28.0638 
v -14.9087 2.93395 -27.646 
v -15.0204 2.90997 -27.7477 
v -15.0076 2.86339 -27.6201 
v -14.9291 2.97781 -27.7776 
v -14.9909 2.79154 -27.5469 
v -14.9087 2.93395 -27.646 
v -14.8846 2.86953 -27.5393 
v -14.9909 2.79154 -27.5469 
v -14.8614 2.77765 -27.4507 
v -14.9713 2.69432 -27.4799 
v -15.3963 3.03259 -28.1667 
v -15.2406 2.96846 -28.08 
v -15.2309 2.99236 -28.1778 
v -15.3964 2.99822 -28.0635 
v -15.0904 3.16361 -28.0093 
v -15.1099 3.19423 -28.1212 
v -15.2058 3.05934 -28.0774 
v -15.192 3.07453 -28.1541 
v -15.5522 3.00831 -27.9389 
v -15.5742 3.06084 -27.9069 
v -15.563 3.04496 -27.9526 
v -15.565 3.01408 -27.8996 
v -15.5611 3.01659 -27.9798 
v -15.5522 3.00831 -27.9389 
v -15.5508 2.99453 -27.9629 
v -15.1146 3.18866 -28.2586 
v -15.192 3.07453 -28.1541 
v -15.1099 3.19423 -28.1212 
v -15.1806 3.07428 -28.2561 
v -15.5587 2.92813 -28.0248 
v -15.6323 2.99883 -27.9968 
v -15.6268 3.00773 -27.9905 
v -15.6323 2.99883 -27.9968 
v -15.6665 3.01379 -27.9628 
v -15.6744 3.00662 -27.9736 
v -15.5191 3.03416 -27.947 
v -15.4641 2.96449 -28.0214 
v -15.5421 2.9642 -28.0197 
v -15.4411 3.02848 -27.9462 
v -15.0597 3.07167 -28.0474 
v -15.0816 2.96917 -27.9749 
v -15.0121 3.05331 -28.0552 
v -15.0298 2.95352 -27.985 
v -15.0121 3.05331 -28.0552 
v -15.0432 3.13363 -28.129 
v -14.9992 3.11183 -28.1309 
v -14.3677 2.40645 -27.121 
v -14.4213 2.44133 -27.1687 
v -14.3865 2.41434 -27.1124 
v -14.3817 2.43438 -27.1955 
v -14.3677 2.40645 -27.121 
v -14.369 2.4113 -27.056 
v -15.6166 3.03797 -27.8264 
v -15.565 3.01408 -27.8996 
v -15.6096 2.99745 -27.8467 
v -15.5742 3.06084 -27.9069 
v -15.3963 3.08585 -28.0749 
v -15.3725 3.01051 -27.9429 
v -15.3954 3.09251 -28.0715 
v -15.3954 3.09251 -28.0715 
v -15.4132 3.14321 -28.1646 
v -15.4093 3.15382 -28.1575 
v -14.8526 2.9307 -27.7839 
v -14.6857 2.98421 -27.8839 
v -14.8572 2.94821 -27.9182 
v -14.7114 2.96107 -27.7608 
v -14.7762 3.02949 -27.8609 
v -14.6623 2.95518 -28.002 
v -14.7773 2.91288 -28.0388 
v -14.6247 3.05946 -27.8812 
v -14.7536 3.04781 -27.6946 
v -14.5809 3.06835 -27.7152 
v -14.7762 3.02949 -27.8609 
v -14.6587 2.97471 -28.0664 
v -14.889 2.96615 -28.0972 
v -14.8669 2.92622 -28.0008 
v -14.6682 2.95418 -28.0024 
v -14.6419 3.13514 -28.1451 
v -14.6289 3.1434 -28.2409 
v -14.6751 3.11516 -28.1577 
v -14.6713 3.1197 -28.242 
v -14.6289 3.1434 -28.2409 
v -14.6671 3.08934 -28.3327 
v -14.614 3.10744 -28.3416 
v -14.8572 2.94821 -27.9182 
v -14.6682 2.95418 -28.0024 
v -14.8669 2.92622 -28.0008 
v -14.6857 2.98421 -27.8839 
v -15.2773 3.11365 -28.0315 
v -15.2745 2.97587 -27.9443 
v -15.1881 3.03033 -27.8981 
v -15.21 3.16917 -27.9971 
v -14.616 2.94509 -27.9993 
v -14.5833 2.98328 -27.9085 
v -14.5475 2.98605 -27.9381 
v -14.5833 2.98328 -27.9085 
v -14.4749 2.99917 -27.8704 
v -14.5367 3.00011 -27.8229 
v -14.616 2.94509 -27.9993 
v -14.5742 3.00359 -28.0884 
v -14.6168 2.99735 -28.112 
v -14.5113 3.01344 -28.1961 
v -14.6168 2.99735 -28.112 
v -14.5958 3.00166 -28.236 
v -15.5587 2.92813 -28.0248 
v -15.6379 2.98942 -27.995 
v -15.6323 2.99883 -27.9968 
v -15.6379 2.98942 -27.995 
v -15.6744 3.00662 -27.9736 
v -15.6769 2.99491 -27.9789 
v -15.1184 3.03701 -27.8674 
v -15.224 2.88663 -28.0031 
v -15.2284 2.96515 -27.8353 
v -15.1282 2.94176 -28.0438 
v -15.4158 3.20009 -28.2062 
v -15.4285 3.23912 -28.2484 
v -15.4223 3.1892 -28.218 
v -15.4197 3.24581 -28.2313 
v -14.9108 2.96319 -27.3184 
v -14.8618 3.0441 -27.4169 
v -14.9368 2.97854 -27.4317 
v -14.8594 3.0171 -27.3215 
v -14.782 2.0346 -27.3217 
v -14.7237 1.99202 -27.2699 
v -14.7445 2.05865 -27.2948 
v -14.7335 1.97064 -27.2884 
v -14.6965 1.94585 -27.2413 
v -14.7237 1.99202 -27.2699 
v -14.7009 1.95656 -27.2334 
v -14.8021 3.10768 -28.0975 
v -14.9696 3.04639 -28.1548 
v -14.9759 3.01971 -28.0825 
v -14.8096 3.05109 -28.0016 
v -15.0958 3.01015 -28.0573 
v -15.2406 2.96846 -28.08 
v -15.2466 2.91511 -28.0244 
v -15.1027 2.94373 -27.9823 
v -14.9243 3.00976 -28.1178 
v -14.9152 2.93071 -27.9631 
v -14.7679 3.04354 -28.0862 
v -14.7317 2.9578 -27.9578 
v -15.4565 3.4595 -27.9643 
v -15.4277 3.38068 -28.0624 
v -15.4594 3.40649 -28.1011 
v -15.4063 3.31482 -28.1059 
v -15.4594 3.40649 -28.1011 
v -15.4492 3.33845 -28.1663 
v -15.0999 2.52541 -28.8599 
v -15.0581 2.5257 -28.9471 
v -15.0794 2.49611 -28.9239 
v -15.0712 2.57599 -28.8752 
v -15.0581 2.5257 -28.9471 
v -15.0855 2.4593 -28.9678 
v -15.0741 2.46782 -28.9919 
v -15.4565 3.4595 -27.9643 
v -15.4594 3.40649 -28.1011 
v -15.4579 3.38347 -28.0776 
v -15.4594 3.40649 -28.1011 
v -15.4448 3.31608 -28.1298 
v -15.4492 3.33845 -28.1663 
v -15.439 3.24874 -28.1739 
v -15.4448 3.31608 -28.1298 
v -15.4369 3.25286 -28.1348 
v -15.0435 2.92897 -28.0514 
v -14.9508 2.9843 -27.9315 
v -14.9837 2.95248 -28.062 
v -15.0272 2.93635 -27.892 
v -14.9291 2.97781 -27.7776 
v -15.0272 2.93635 -27.892 
v -15.0204 2.90997 -27.7477 
v -14.9508 2.9843 -27.9315 
v -15.077 2.96674 -27.8737 
v -15.1832 3.02284 -27.9862 
v -15.2091 2.92944 -27.9497 
v -15.0735 3.06855 -27.9198 
v -15.0904 3.16361 -28.0093 
v -15.1832 3.02284 -27.9862 
v -15.2058 3.05934 -28.0774 
v -14.6325 2.05368 -27.2028 
v -14.566 2.11859 -27.1856 
v -14.5467 2.06262 -27.1291 
v -14.5746 2.0225 -27.1312 
v -14.5467 2.06262 -27.1291 
v -14.5355 2.01722 -27.0307 
v -14.7981 2.04922 -27.3997 
v -14.7913 1.92952 -27.4034 
v -14.7232 1.99916 -27.3565 
v -14.7412 1.90664 -27.3408 
v -15.0816 2.96917 -27.9749 
v -15.1022 3.05727 -28.0729 
v -15.125 2.95984 -28.0075 
v -15.0597 3.07167 -28.0474 
v -15.1022 3.05727 -28.0729 
v -15.0432 3.13363 -28.129 
v -15.0854 3.11444 -28.145 
v -14.8096 3.05109 -28.0016 
v -14.9759 3.01971 -28.0825 
v -14.9773 2.92689 -27.941 
v -14.8205 2.94665 -27.8969 
v -15.4291 3.18341 -28.1494 
v -15.4369 3.25286 -28.1348 
v -15.439 3.24874 -28.1739 
v -15.4283 3.19761 -28.1205 
v -14.899 3.08187 -27.8982 
v -15.0583 2.96383 -27.9281 
v -15.0543 2.99876 -27.8445 
v -14.9094 3.02954 -27.9832 
v -15.3964 2.99822 -28.0635 
v -15.2466 2.91511 -28.0244 
v -15.2406 2.96846 -28.08 
v -15.383 2.94984 -28.0114 
v -14.5874 2.54146 -28.9111 
v -14.6391 2.54168 -29.0161 
v -14.6634 2.5653 -28.9087 
v -14.6815 2.55466 -29.0022 
v -14.6391 2.54168 -29.0161 
v -14.7162 2.56808 -29.1192 
v -15.4176 3.1348 -28.1062 
v -15.4283 3.19761 -28.1205 
v -15.4291 3.18341 -28.1494 
v -15.4178 3.1509 -28.0873 
v -15.5587 2.92813 -28.0248 
v -15.5901 2.99972 -28.064 
v -15.6108 2.9898 -28.0475 
v -15.5901 2.99972 -28.064 
v -15.6345 3.00425 -28.0737 
v -15.6069 3.01913 -28.0977 
v -15.5081 2.58569 -28.7647 
v -15.5538 2.56026 -28.8691 
v -15.4557 2.65935 -28.8288 
v -15.5013 2.62611 -28.9022 
v -15.5538 2.56026 -28.8691 
v -15.5416 2.62747 -28.9778 
v -15.5973 2.575 -28.9741 
v -15.6204 2.64334 -29.0495 
v -15.5416 2.62747 -28.9778 
v -15.5763 2.66471 -29.0352 
v -15.6204 2.64334 -29.0495 
v -15.6071 2.75371 -29.0903 
v -14.6636 2.61225 -28.8247 
v -14.7263 2.51898 -28.8934 
v -14.7882 2.58563 -28.7528 
v -14.6634 2.5653 -28.9087 
v -14.9842 2.37854 -27.0102 
v -15.0352 2.42149 -27.1015 
v -15.003 2.36921 -26.9971 
v -15.0798 2.39112 -27.0778 
v -15.003 2.36921 -26.9971 
v -14.934 2.38141 -26.9 
v -14.616 2.94509 -27.9993 
v -14.5662 3.03196 -27.921 
v -14.5471 3.03329 -27.9376 
v -14.506 3.06717 -27.8419 
v -14.4748 3.06666 -27.8669 
v -15.3976 3.0803 -28.0399 
v -15.4178 3.1509 -28.0873 
v -15.4176 3.1348 -28.1062 
v -15.3979 3.09062 -28.0298 
v -15.3976 3.0803 -28.0399 
v -15.3665 3.01022 -27.9469 
v -15.4557 2.65935 -28.8288 
v -15.5436 2.60885 -28.8799 
v -15.5042 2.63995 -28.7949 
v -15.5013 2.62611 -28.9022 
v -15.5416 2.62747 -28.9778 
v -15.5436 2.60885 -28.8799 
v -15.5807 2.61386 -28.9661 
v -15.4197 3.24581 -28.2313 
v -15.4217 3.2917 -28.2359 
v -15.4322 3.29178 -28.2558 
v -15.4285 3.23912 -28.2484 
v -15.4289 3.37219 -28.2015 
v -15.4352 3.42316 -28.1583 
v -15.4367 3.38534 -28.2201 
v -15.4339 3.4125 -28.1467 
v -15.4366 3.45514 -28.0545 
v -15.4352 3.42316 -28.1583 
v -14.9094 3.02954 -27.9832 
v -15.0493 2.88876 -28.0068 
v -15.0583 2.96383 -27.9281 
v -14.9161 2.95148 -28.068 
v -14.3817 2.43438 -27.1955 
v -14.404 2.40238 -27.1066 
v -14.4577 2.41007 -27.1635 
v -14.3677 2.40645 -27.121 
v -14.404 2.40238 -27.1066 
v -14.369 2.4113 -27.056 
v -14.9938 3.08452 -27.9245 
v -14.8935 3.06683 -28.0204 
v -14.9829 3.03392 -27.9607 
v -14.894 3.1328 -27.9843 
v -14.9938 3.08452 -27.9245 
v -14.892 3.17279 -27.9262 
v -15.0013 3.11516 -27.8867 
v -15.3653 2.70078 -28.8791 
v -15.3189 2.74086 -28.8089 
v -15.3528 2.71694 -28.8877 
v -15.3368 2.71655 -28.791 
v -15.3334 2.71421 -28.8981 
v -15.3943 2.71605 -28.9727 
v -15.3528 2.71694 -28.8877 
v -15.4028 2.71742 -28.9656 
v -15.3943 2.71605 -28.9727 
v -15.4718 2.74188 -29.0375 
v -14.8824 2.99657 -27.2266 
v -14.9108 2.96319 -27.3184 
v -14.8258 3.00021 -27.2367 
v -14.8035 2.97191 -27.3344 
v -14.8258 3.00021 -27.2367 
v -14.8493 3.08583 -27.1598 
v -14.6702 1.95706 -28.7514 
v -14.7195 1.89194 -28.8025 
v -14.7133 1.96556 -28.7408 
v -14.7373 1.89681 -28.7952 
v -14.7195 1.89194 -28.8025 
v -14.7704 1.85262 -28.8589 
v -15.5538 2.56026 -28.8691 
v -15.5042 2.63995 -28.7949 
v -15.5436 2.60885 -28.8799 
v -15.5081 2.58569 -28.7647 
v -15.0111 2.20228 -27.0782 
v -14.9698 2.19233 -27.0762 
v -15.0073 2.16247 -26.9782 
v -15.4263 3.37219 -28.2015 
v -15.4205 3.33385 -28.226 
v -15.4341 3.38534 -28.2201 
v -15.4321 3.34091 -28.2464 
v -15.3976 2.13726 -28.8035 
v -15.3583 2.14956 -28.9148 
v -15.3455 2.19792 -28.8394 
v -15.3844 2.11465 -28.9083 
v -15.3583 2.14956 -28.9148 
v -15.3885 2.14818 -29.017 
v -15.4217 3.2917 -28.2359 
v -15.4231 3.33385 -28.226 
v -15.4346 3.34091 -28.2464 
v -15.4322 3.29178 -28.2558 
v -15.124 2.39663 -28.9892 
v -15.0855 2.4593 -28.9678 
v -15.0741 2.46782 -28.9919 
v -15.1213 2.39544 -29.003 
v -15.1987 2.30269 -28.9833 
v -15.124 2.39663 -28.9892 
v -15.4744 3.01307 -28.0024 
v -15.4322 3.07697 -27.9851 
v -15.406 3.07 -27.9757 
v -15.4243 3.13618 -27.9473 
v -15.406 3.07 -27.9757 
v -15.3819 3.12486 -27.9236 
v -15.4369 3.25286 -28.1348 
v -15.4063 3.31482 -28.1059 
v -15.4448 3.31608 -28.1298 
v -15.404 3.25847 -28.1139 
v -15.4369 3.25286 -28.1348 
v -15.4019 3.20865 -28.1057 
v -15.4283 3.19761 -28.1205 
v -14.9829 3.03392 -27.9607 
v -14.8926 2.99163 -28.0525 
v -14.9688 2.96821 -28.0014 
v -14.8935 3.06683 -28.0204 
v -14.568 2.04508 -27.1238 
v -14.6325 2.05368 -27.2028 
v -14.5746 2.0225 -27.1312 
v -14.6121 2.09437 -27.1755 
v -14.568 2.04508 -27.1238 
v -14.5355 2.01722 -27.0307 
v -14.6121 2.09437 -27.1755 
v -14.5467 2.06262 -27.1291 
v -14.566 2.11859 -27.1856 
v -14.568 2.04508 -27.1238 
v -14.5467 2.06262 -27.1291 
v -14.5355 2.01722 -27.0307 
v -15.463 2.8646 -27.1371 
v -15.5009 2.81194 -27.2035 
v -15.4774 2.85792 -27.1292 
v -15.4768 2.8257 -27.217 
v -15.463 2.8646 -27.1371 
v -15.4806 2.94429 -27.0772 
v -15.4297 3.29178 -28.2558 
v -15.4321 3.34091 -28.2464 
v -15.4191 3.2917 -28.2359 
v -15.4205 3.33385 -28.226 
v -15.5973 2.575 -28.9741 
v -15.5436 2.60885 -28.8799 
v -15.5807 2.61386 -28.9661 
v -15.5538 2.56026 -28.8691 
v -15.4231 3.33385 -28.226 
v -15.4289 3.37219 -28.2015 
v -15.4367 3.38534 -28.2201 
v -15.4346 3.34091 -28.2464 
v -15.3368 2.71655 -28.791 
v -15.3653 2.70078 -28.8791 
v -15.2861 2.73753 -28.8209 
v -15.3334 2.71421 -28.8981 
v -15.3653 2.70078 -28.8791 
v -15.3943 2.71605 -28.9727 
v -15.4096 2.70935 -28.9618 
v -15.3943 2.71605 -28.9727 
v -15.4718 2.74188 -29.0375 
v -14.6585 3.06803 -28.0534 
v -14.6419 3.13514 -28.1451 
v -14.6829 3.05522 -28.0734 
v -14.6751 3.11516 -28.1577 
v -15.404 3.25847 -28.1139 
v -15.439 3.24874 -28.1739 
v -15.4492 3.33845 -28.1663 
v -15.4063 3.31482 -28.1059 
v -14.616 2.94509 -27.9993 
v -14.5089 3.01509 -28.0814 
v -14.5334 2.99068 -28.0921 
v -14.5089 3.01509 -28.0814 
v -14.4559 3.01852 -28.1827 
v -14.4246 3.04344 -28.1628 
v -14.9108 2.96319 -27.3184 
v -14.8824 2.99657 -27.2266 
v -14.8594 3.0171 -27.3215 
v -14.8556 3.03289 -27.2366 
v -14.8824 2.99657 -27.2266 
v -14.8493 3.08583 -27.1598 
v -14.6829 3.05522 -28.0734 
v -14.6504 2.93588 -27.9661 
v -14.6956 2.92973 -27.9931 
v -14.6245 3.06061 -28.0554 
v -14.6829 3.05522 -28.0734 
v -14.6036 3.12045 -28.1457 
v -14.6751 3.11516 -28.1577 
v -14.3865 2.41434 -27.1124 
v -14.4213 2.44133 -27.1687 
v -14.404 2.40238 -27.1066 
v -14.4577 2.41007 -27.1635 
v -14.404 2.40238 -27.1066 
v -14.369 2.4113 -27.056 
v -14.9891 2.20598 -27.0709 
v -15.0111 2.20228 -27.0782 
v -15.0073 2.16247 -26.9782 
v -15.4341 3.45514 -28.0545 
v -15.4319 3.4125 -28.1467 
v -15.433 3.42316 -28.1583 
v -15.4263 3.37219 -28.2015 
v -15.433 3.42316 -28.1583 
v -15.4341 3.38534 -28.2201 
v -15.4259 3.23912 -28.2484 
v -15.4297 3.29178 -28.2558 
v -15.4172 3.24581 -28.2313 
v -15.4191 3.2917 -28.2359 
v -14.8083 3.21449 -28.7189 
v -14.8523 3.16297 -28.7103 
v -14.8042 3.21416 -28.7018 
v -14.8356 3.16935 -28.6721 
v -14.8042 3.21416 -28.7018 
v -14.7929 3.27734 -28.7046 
v -15.5807 2.61386 -28.9661 
v -15.6204 2.64334 -29.0495 
v -15.5973 2.575 -28.9741 
v -15.6043 2.65947 -29.0321 
v -15.6204 2.64334 -29.0495 
v -15.6071 2.75371 -29.0903 
v -15.0111 2.20228 -27.0782 
v -15.0181 2.24118 -27.1448 
v -14.9698 2.19233 -27.0762 
v -14.9346 2.24142 -27.1387 
v -15.1022 3.05727 -28.0729 
v -15.0298 2.95352 -27.985 
v -15.125 2.95984 -28.0075 
v -15.0121 3.05331 -28.0552 
v -15.439 3.24874 -28.1739 
v -15.4019 3.20865 -28.1057 
v -15.4291 3.18341 -28.1494 
v -15.404 3.25847 -28.1139 
v -15.4775 2.84552 -27.1165 
v -15.5012 2.78326 -27.192 
v -15.463 2.8646 -27.1371 
v -15.4768 2.8257 -27.217 
v -15.463 2.8646 -27.1371 
v -15.4806 2.94429 -27.0772 
v -14.7263 2.51898 -28.8934 
v -14.5625 2.58174 -28.7937 
v -14.7882 2.58563 -28.7528 
v -14.5874 2.54146 -28.9111 
v -14.7386 2.95366 -27.945 
v -15.0583 2.96383 -27.9281 
v -15.0493 2.88876 -28.0068 
v -14.7474 2.89902 -28.026 
v -14.7073 2.10674 -27.2634 
v -14.5753 2.19784 -27.226 
v -14.566 2.11859 -27.1856 
v -14.6325 2.05368 -27.2028 
v -15.1832 3.02284 -27.9862 
v -14.9413 2.97715 -27.911 
v -15.2091 2.92944 -27.9497 
v -14.9299 3.06287 -27.9377 
v -15.1832 3.02284 -27.9862 
v -14.9318 3.1416 -27.9952 
v -15.2058 3.05934 -28.0774 
v -15.4132 3.20009 -28.2062 
v -15.4259 3.23912 -28.2484 
v -15.4172 3.24581 -28.2313 
v -15.4197 3.1892 -28.218 
v -15.2284 2.96515 -27.8353 
v -15.224 2.88663 -28.0031 
v -15.0543 2.99876 -27.8445 
v -15.0493 2.88876 -28.0068 
v -15.0352 2.42149 -27.1015 
v -14.9842 2.37854 -27.0102 
v -15.0937 2.33507 -27.0898 
v -15.0079 2.34519 -26.9939 
v -14.9842 2.37854 -27.0102 
v -14.934 2.38141 -26.9 
v -15.2693 2.97587 -27.9443 
v -15.2721 3.11365 -28.0315 
v -15.1829 3.03033 -27.8981 
v -15.2048 3.16917 -27.9971 
v -14.6516 1.73848 -28.5314 
v -14.5827 1.76618 -28.4692 
v -14.6758 1.78332 -28.5287 
v -14.601 1.72951 -28.5053 
v -14.6516 1.73848 -28.5314 
v -14.613 1.70423 -28.5417 
v -14.6807 2.93821 -27.9687 
v -14.6585 3.06803 -28.0534 
v -14.6956 2.92973 -27.9931 
v -14.6829 3.05522 -28.0734 
v -15.3928 3.09251 -28.0715 
v -15.4107 3.14321 -28.1646 
v -15.4067 3.15382 -28.1575 
v -15.3937 3.08585 -28.0749 
v -15.3928 3.09251 -28.0715 
v -15.3699 3.01051 -27.9429 
v -14.7733 3.03316 -27.9279 
v -14.9938 3.08452 -27.9245 
v -14.9829 3.03392 -27.9607 
v -14.7859 2.96111 -27.9712 
v -14.7733 3.03316 -27.9279 
v -15.0013 3.11516 -27.8867 
v -14.7625 3.07099 -27.8866 
v -15.3528 2.71694 -28.8877 
v -15.4096 2.70935 -28.9618 
v -15.3653 2.70078 -28.8791 
v -15.4028 2.71742 -28.9656 
v -15.4096 2.70935 -28.9618 
v -15.4718 2.74188 -29.0375 
v -14.7329 2.98952 -27.8898 
v -15.0543 2.99876 -27.8445 
v -15.0583 2.96383 -27.9281 
v -14.7386 2.95366 -27.945 
v -15.3981 3.16303 -28.0784 
v -15.4291 3.18341 -28.1494 
v -15.4019 3.20865 -28.1057 
v -15.4176 3.1348 -28.1062 
v -14.6327 2.96216 -27.9073 
v -14.8572 2.94821 -27.9182 
v -14.8669 2.92622 -28.0008 
v -14.616 2.94509 -27.9993 
v -15.2085 3.03883 -27.9457 
v -14.9684 2.95096 -28.0089 
v -14.9511 3.01877 -27.9298 
v -15.2036 2.96582 -28.0312 
v -15.4067 3.15382 -28.1575 
v -15.4197 3.1892 -28.218 
v -15.4132 3.20009 -28.2062 
v -15.4107 3.14321 -28.1646 
v -15.3866 3.09854 -28.0255 
v -15.4176 3.1348 -28.1062 
v -15.3981 3.16303 -28.0784 
v -15.3976 3.0803 -28.0399 
v -15.3866 3.09854 -28.0255 
v -15.3665 3.01022 -27.9469 
v -14.7133 1.96556 -28.7408 
v -14.6988 1.87871 -28.7986 
v -14.6385 1.93695 -28.7371 
v -14.7373 1.89681 -28.7952 
v -14.6988 1.87871 -28.7986 
v -14.7704 1.85262 -28.8589 
v -14.3993 2.48698 -27.2706 
v -14.4577 2.41007 -27.1635 
v -14.5274 2.45361 -27.2289 
v -14.3817 2.43438 -27.1955 
v -15.4744 3.01307 -28.0024 
v -15.4626 3.0809 -27.9723 
v -15.4885 3.07451 -27.9763 
v -15.4626 3.0809 -27.9723 
v -15.5111 3.13299 -27.9345 
v -15.4784 3.14594 -27.9214 
v -15.5287 3.188 -27.859 
v -15.5111 3.13299 -27.9345 
v -15.5583 3.17263 -27.8894 
v -14.9152 2.93071 -27.9631 
v -14.6092 2.98594 -28.084 
v -14.6157 2.94067 -27.9912 
v -14.9243 3.00976 -28.1178 
v -14.9759 3.01971 -28.0825 
v -14.6856 2.92518 -27.9473 
v -14.9773 2.92689 -27.941 
v -14.6713 2.99058 -28.0343 
v -14.9759 3.01971 -28.0825 
v -14.6644 3.01646 -28.0882 
v -14.9696 3.04639 -28.1548 
v -15.2234 3.23614 -28.0814 
v -15.2902 3.22755 -28.1856 
v -15.2639 3.27403 -28.186 
v -15.2745 3.17973 -28.1057 
v -15.2234 3.23614 -28.0814 
v -15.2048 3.16917 -27.9971 
v -15.2745 3.17973 -28.1057 
v -15.2721 3.11365 -28.0315 
v -15.0272 2.93635 -27.892 
v -14.8669 2.92622 -28.0008 
v -14.8572 2.94821 -27.9182 
v -15.0435 2.92897 -28.0514 
v -15.0272 2.93635 -27.892 
v -14.8526 2.9307 -27.7839 
v -15.0204 2.90997 -27.7477 
v -14.889 2.96615 -28.0972 
v -15.2466 2.91511 -28.0244 
v -15.2406 2.96846 -28.08 
v -14.8669 2.92622 -28.0008 
v -15.2309 2.99236 -28.1778 
v -14.889 2.96615 -28.0972 
v -14.8944 2.96746 -28.1589 
v -15.2309 2.99236 -28.1778 
v -14.8923 2.96886 -28.2249 
v -15.2184 2.97582 -28.2667 
v -15.4737 2.64702 -28.6594 
v -15.5081 2.58569 -28.7647 
v -15.414 2.72957 -28.7509 
v -15.4557 2.65935 -28.8288 
v -15.0272 2.93635 -27.892 
v -15.2614 2.93291 -27.8906 
v -15.2466 2.91511 -28.0244 
v -15.0435 2.92897 -28.0514 
v -15.0272 2.93635 -27.892 
v -15.0204 2.90997 -27.7477 
v -15.2663 2.91849 -27.7447 
v -15.0204 2.90997 -27.7477 
v -15.2657 2.85724 -27.612 
v -15.0076 2.86339 -27.6201 
v -15.2466 2.91511 -28.0244 
v -15.5534 2.9187 -28.0197 
v -15.4592 2.94652 -28.0785 
v -15.2406 2.96846 -28.08 
v -15.4592 2.94652 -28.0785 
v -15.2309 2.99236 -28.1778 
v -15.4759 2.96904 -28.1638 
v -15.4824 2.95945 -28.2656 
v -15.2184 2.97582 -28.2667 
v -15.0645 3.01818 -28.0902 
v -15.3283 2.9606 -28.0069 
v -15.3288 3.01639 -28.1223 
v -15.0891 2.97308 -27.9724 
v -14.7271 3.00754 -27.8363 
v -15.037 3.01148 -27.7571 
v -15.0543 2.99876 -27.8445 
v -14.7329 2.98952 -27.8898 
v -15.4744 3.01307 -28.0024 
v -15.406 3.07 -27.9757 
v -15.4586 3.07158 -27.9738 
v -15.406 3.07 -27.9757 
v -15.4698 3.11299 -27.9415 
v -15.3819 3.12486 -27.9236 
v -15.4698 3.11299 -27.9415 
v -15.4028 3.16529 -27.847 
v -15.4979 3.12653 -27.9156 
v -15.4577 2.87206 -27.8925 
v -15.2466 2.91511 -28.0244 
v -15.2614 2.93291 -27.8906 
v -15.5534 2.9187 -28.0197 
v -15.4577 2.87206 -27.8925 
v -15.2663 2.91849 -27.7447 
v -15.4645 2.83891 -27.7432 
v -15.2663 2.91849 -27.7447 
v -15.4647 2.7857 -27.6301 
v -15.2657 2.85724 -27.612 
v -14.8526 2.9307 -27.7839 
v -14.8572 2.94821 -27.9182 
v -14.6593 2.94124 -27.797 
v -14.6327 2.96216 -27.9073 
v -14.8281 2.88204 -27.6561 
v -14.632 2.87447 -27.6528 
v -15.037 3.01148 -27.7571 
v -15.2048 2.96922 -27.6825 
v -15.2284 2.96515 -27.8353 
v -15.0543 2.99876 -27.8445 
v -15.212 3.08615 -27.8608 
v -14.9511 3.01877 -27.9298 
v -14.9389 3.05443 -27.8572 
v -15.2085 3.03883 -27.9457 
v -15.316 3.23026 -28.2686 
v -15.2639 3.27403 -28.186 
v -15.2902 3.22755 -28.1856 
v -15.3049 3.25735 -28.2822 
v -14.7859 2.96111 -27.9712 
v -14.9829 3.03392 -27.9607 
v -14.9688 2.96821 -28.0014 
v -14.8025 2.9785 -28.0267 
v -14.9437 3.19909 -28.0887 
v -15.2058 3.05934 -28.0774 
v -15.192 3.07453 -28.1541 
v -14.9318 3.1416 -27.9952 
v -14.7913 1.92952 -27.4034 
v -14.8202 1.82186 -27.3144 
v -14.7412 1.90664 -27.3408 
v -14.7774 1.83772 -27.2988 
v -14.8202 1.82186 -27.3144 
v -14.8301 1.7921 -27.2451 
v -14.7762 3.02949 -27.8609 
v -14.6079 2.94041 -27.999 
v -14.5319 2.95422 -27.8669 
v -14.7773 2.91288 -28.0388 
v -15.1391 2.47438 -28.7261 
v -15.0005 2.51688 -28.8538 
v -15.0054 2.58945 -28.7843 
v -15.0849 2.4263 -28.8083 
v -15.3536 3.17987 -28.3621 
v -15.3049 3.25735 -28.2822 
v -15.316 3.23026 -28.2686 
v -15.3502 3.18994 -28.3725 
v -15.3536 3.17987 -28.3621 
v -15.4019 3.07337 -28.4617 
v -15.0622 3.12301 -27.9021 
v -15.0118 3.21755 -27.7838 
v -15.0604 3.25252 -27.782 
v -15.0118 3.21755 -27.7838 
v -15.0701 3.28198 -27.7305 
v -14.997 3.24453 -27.7199 
v -15.5117 2.86912 -27.9076 
v -15.3355 2.95275 -28.0232 
v -15.3162 2.9759 -27.8928 
v -15.491 2.8796 -28.0242 
v -15.3493 3.06337 -28.0216 
v -15.4723 2.94575 -27.9994 
v -15.4666 3.00791 -28.0926 
v -15.3788 2.97747 -27.964 
v -14.9448 3.06564 -28.7044 
v -14.8845 3.14281 -28.6217 
v -14.9222 3.1351 -28.5636 
v -15.0504 3.02062 -28.6349 
v -14.9448 3.06564 -28.7044 
v -14.8356 3.16935 -28.6721 
v -14.8501 3.13241 -28.7314 
v -14.802 3.20609 -28.729 
v -14.8356 3.16935 -28.6721 
v -14.8042 3.21416 -28.7018 
v -14.802 3.20609 -28.729 
v -14.7929 3.27734 -28.7046 
v -15.189 3.05189 -27.8751 
v -15.413 2.96899 -27.8446 
v -15.4049 2.92256 -27.996 
v -15.2111 2.99291 -28.034 
v -15.189 3.05189 -27.8751 
v -15.4052 2.96945 -27.7191 
v -15.167 3.03733 -27.7359 
v -14.8281 2.88204 -27.6561 
v -15.0076 2.86339 -27.6201 
v -15.0204 2.90997 -27.7477 
v -14.8526 2.9307 -27.7839 
v -14.8281 2.88204 -27.6561 
v -14.9909 2.79154 -27.5469 
v -14.7946 2.7975 -27.555 
v -14.9108 2.96319 -27.3184 
v -14.9368 2.97854 -27.4317 
v -14.8035 2.97191 -27.3344 
v -14.7809 2.96948 -27.4431 
v -14.9957 3.03966 -28.7231 
v -15.0741 2.97518 -28.6882 
v -15.0031 3.01493 -28.7546 
v -15.0461 3.01428 -28.6613 
v -15.2962 3.08161 -27.9142 
v -15.4516 3.01481 -27.9023 
v -15.4332 2.98579 -27.9838 
v -15.3113 3.01974 -28.0117 
v -15.3162 2.9759 -27.8928 
v -15.5297 2.81906 -27.7937 
v -15.5117 2.86912 -27.9076 
v -15.2955 2.94802 -27.7472 
v -14.3007 1.68366 -27.8771 
v -14.3003 1.66829 -28.085 
v -14.2381 1.54057 -27.9707 
v -14.7912 2.19821 -27.3071 
v -14.5717 2.28174 -27.2583 
v -14.5753 2.19784 -27.226 
v -14.7073 2.10674 -27.2634 
v -14.6224 2.98416 -28.202 
v -14.9243 3.00976 -28.1178 
v -14.9301 2.98398 -28.2664 
v -14.6092 2.98594 -28.084 
v -14.9605 3.19905 -28.2263 
v -15.192 3.07453 -28.1541 
v -15.1806 3.07428 -28.2561 
v -14.9437 3.19909 -28.0887 
v -15.3214 2.76031 -28.7066 
v -15.3368 2.71655 -28.791 
v -15.2446 2.7865 -28.751 
v -15.2861 2.73753 -28.8209 
v -15.5491 2.97616 -27.9464 
v -15.4641 2.96449 -28.0214 
v -15.4411 3.02848 -27.9462 
v -15.5534 2.9187 -28.0197 
v -15.4411 3.02848 -27.9462 
v -15.5519 2.99819 -27.8834 
v -15.4351 3.06245 -27.8748 
v -15.0849 2.4263 -28.8083 
v -14.9869 2.4423 -28.9083 
v -15.0005 2.51688 -28.8538 
v -15.0427 2.38659 -28.8683 
v -15.0452 3.0365 -28.2118 
v -15.3288 3.01639 -28.1223 
v -15.3307 3.00432 -28.2334 
v -15.0645 3.01818 -28.0902 
v -15.3301 2.97626 -28.3046 
v -15.0452 3.0365 -28.2118 
v -15.0311 3.021 -28.3018 
v -14.8669 2.92622 -28.0008 
v -14.6199 2.94714 -28.0974 
v -14.616 2.94509 -27.9993 
v -14.889 2.96615 -28.0972 
v -14.8944 2.96746 -28.1589 
v -14.6199 2.94714 -28.0974 
v -14.6224 2.91787 -28.2198 
v -14.8923 2.96886 -28.2249 
v -14.8875 2.95189 -28.2742 
v -14.6249 2.85314 -28.3261 
v -14.8805 2.92794 -28.3438 
v -14.8638 2.85074 -28.4468 
v -14.6249 2.85314 -28.3261 
v -14.6114 2.76597 -28.4064 
v -14.947 3.13745 -28.4881 
v -15.0504 3.02062 -28.6349 
v -14.9222 3.1351 -28.5636 
v -15.1256 3.00565 -28.5292 
v -15.2955 2.94802 -27.7472 
v -15.5177 2.77025 -27.6855 
v -15.5297 2.81906 -27.7937 
v -15.2834 2.89319 -27.6337 
v -15.3329 3.11807 -28.0909 
v -15.4666 3.00791 -28.0926 
v -15.4628 3.02626 -28.1374 
v -15.3493 3.06337 -28.0216 
v -15.377 3.08955 -28.1054 
v -15.1735 3.02763 -27.9577 
v -15.4014 2.95002 -27.9971 
v -15.165 3.1131 -28.0523 
v -15.377 3.08955 -28.1054 
v -15.1563 3.14079 -28.203 
v -15.3611 3.09682 -28.2164 
v -15.3482 3.0474 -28.33 
v -15.1563 3.14079 -28.203 
v -15.1536 3.10711 -28.3459 
v -15.2106 3.10213 -27.7691 
v -14.9389 3.05443 -27.8572 
v -14.9295 3.06495 -27.7943 
v -15.212 3.08615 -27.8608 
v -15.0054 2.58945 -28.7843 
v -15.1956 2.56574 -28.6279 
v -15.1391 2.47438 -28.7261 
v -15.0125 2.68637 -28.7075 
v -15.1605 3.11837 -28.174 
v -15.165 2.99078 -28.4648 
v -15.0992 3.03853 -28.4592 
v -15.1204 2.96742 -28.59 
v -15.0992 3.03853 -28.4592 
v -15.0711 3.0125 -28.5767 
v -15.1204 2.96742 -28.59 
v -15.0461 3.01428 -28.6613 
v -15.0741 2.97518 -28.6882 
v -14.8875 2.95189 -28.2742 
v -15.2184 2.97582 -28.2667 
v -15.2037 2.92312 -28.3553 
v -14.8923 2.96886 -28.2249 
v -15.1747 2.9177 -27.549 
v -15.0012 3.0009 -27.6491 
v -14.9661 2.94903 -27.5431 
v -15.2048 2.96922 -27.6825 
v -15.037 3.01148 -27.7571 
v -15.2603 2.76372 -27.4986 
v -15.0076 2.86339 -27.6201 
v -14.9909 2.79154 -27.5469 
v -15.2657 2.85724 -27.612 
v -15.5797 2.90694 -28.1885 
v -15.4641 2.96449 -28.0214 
v -15.5534 2.9187 -28.0197 
v -15.4412 2.98459 -28.2009 
v -15.4794 2.92016 -28.3452 
v -15.2184 2.97582 -28.2667 
v -15.4824 2.95945 -28.2656 
v -15.2037 2.92312 -28.3553 
v -14.6144 2.94492 -28.3267 
v -14.9301 2.98398 -28.2664 
v -14.9087 2.92014 -28.3944 
v -14.6224 2.98416 -28.202 
v -15.0031 3.01493 -28.7546 
v -14.9092 3.09246 -28.7656 
v -14.9957 3.03966 -28.7231 
v -14.9072 3.08161 -28.7878 
v -14.8339 3.15523 -28.7944 
v -14.9092 3.09246 -28.7656 
v -14.8372 3.15728 -28.7844 
v -14.8339 3.15523 -28.7944 
v -14.8055 3.22611 -28.7777 
v -15.0121 3.05331 -28.0552 
v -15.0854 3.11444 -28.145 
v -14.9992 3.11183 -28.1309 
v -15.1022 3.05727 -28.0729 
v -15.0854 3.11444 -28.145 
v -14.9868 3.12724 -28.2144 
v -15.0711 3.12816 -28.2289 
v -15.0536 3.0908 -28.3291 
v -14.9868 3.12724 -28.2144 
v -14.9665 3.09612 -28.3162 
v -14.8805 2.92794 -28.3438 
v -15.2037 2.92312 -28.3553 
v -15.1824 2.84702 -28.4342 
v -14.8875 2.95189 -28.2742 
v -14.7946 2.7975 -27.555 
v -14.632 2.87447 -27.6528 
v -14.5907 2.78141 -27.5658 
v -14.8281 2.88204 -27.6561 
v -14.962 3.1586 -28.3744 
v -15.1806 3.07428 -28.2561 
v -15.1697 3.02993 -28.4003 
v -14.9605 3.19905 -28.2263 
v -15.1256 3.00565 -28.5292 
v -14.962 3.1586 -28.3744 
v -14.947 3.13745 -28.4881 
v -15.4565 3.4595 -27.9643 
v -15.4579 3.38347 -28.0776 
v -15.4277 3.38068 -28.0624 
v -15.4448 3.31608 -28.1298 
v -15.4277 3.38068 -28.0624 
v -15.4063 3.31482 -28.1059 
v -15.5534 2.9187 -28.0197 
v -15.5539 2.83645 -28.0669 
v -15.4592 2.94652 -28.0785 
v -15.5539 2.83645 -28.0669 
v -15.4759 2.96904 -28.1638 
v -15.6065 2.76743 -28.1326 
v -14.6634 2.5653 -28.9087 
v -14.7176 2.52639 -28.9952 
v -14.7263 2.51898 -28.8934 
v -14.6815 2.55466 -29.0022 
v -14.7176 2.52639 -28.9952 
v -14.7162 2.56808 -29.1192 
v -15.0125 2.68637 -28.7075 
v -15.2471 2.68542 -28.5253 
v -15.1956 2.56574 -28.6279 
v -15.0244 2.81107 -28.6187 
v -15.4307 2.209 -28.7122 
v -15.3455 2.19792 -28.8394 
v -15.3465 2.28113 -28.7845 
v -15.3976 2.13726 -28.8035 
v -15.5587 2.92813 -28.0248 
v -15.5624 3.00153 -27.9762 
v -15.5789 2.93537 -28.0055 
v -15.5624 3.00153 -27.9762 
v -15.6002 2.93095 -27.9848 
v -15.5784 3.01732 -27.9386 
v -15.6002 2.93095 -27.9848 
v -15.5984 3.00973 -27.9009 
v -15.6079 2.92038 -27.9784 
v -14.6574 3.02115 -28.1533 
v -14.9696 3.04639 -28.1548 
v -14.9615 3.05666 -28.2434 
v -14.6644 3.01646 -28.0882 
v -14.641 3.00592 -28.2518 
v -14.6574 3.02115 -28.1533 
v -14.953 3.03219 -28.345 
v -15.2834 2.89319 -27.6337 
v -15.5114 2.70514 -27.5972 
v -15.5177 2.77025 -27.6855 
v -15.2721 2.81978 -27.5319 
v -15.5114 2.70514 -27.5972 
v -15.2573 2.73333 -27.4577 
v -15.5088 2.62614 -27.5345 
v -15.0244 2.81107 -28.6187 
v -15.2894 2.79978 -28.438 
v -15.2471 2.68542 -28.5253 
v -15.0272 2.91286 -28.518 
v -14.8638 2.85074 -28.4468 
v -15.1824 2.84702 -28.4342 
v -15.159 2.76372 -28.5044 
v -14.8805 2.92794 -28.3438 
v -15.2657 2.85724 -27.612 
v -15.4572 2.71269 -27.5439 
v -15.4647 2.7857 -27.6301 
v -15.2603 2.76372 -27.4986 
v -15.4572 2.71269 -27.5439 
v -15.2535 2.67268 -27.4193 
v -15.444 2.62237 -27.4824 
v -15.3878 2.92858 -27.6113 
v -15.167 3.03733 -27.7359 
v -15.1488 2.98656 -27.5986 
v -15.4052 2.96945 -27.7191 
v -14.894 1.83945 -27.3808 
v -14.7913 1.92952 -27.4034 
v -14.8033 1.84173 -27.4 
v -14.9307 1.89404 -27.3953 
v -14.894 1.83945 -27.3808 
v -14.8609 1.77751 -27.3589 
v -15.0039 3.12263 -27.8226 
v -14.7625 3.07099 -27.8866 
v -14.7489 3.0941 -27.8097 
v -15.0013 3.11516 -27.8867 
v -15.4659 2.85104 -28.4164 
v -15.2037 2.92312 -28.3553 
v -15.4794 2.92016 -28.3452 
v -15.1824 2.84702 -28.4342 
v -15.448 2.93917 -28.3197 
v -15.3503 2.93991 -28.556 
v -15.3162 3.06448 -28.4038 
v -15.4545 2.83192 -28.446 
v -15.4737 2.64702 -28.6594 
v -15.3503 2.93991 -28.556 
v -15.414 2.72957 -28.7509 
v -15.0543 2.67483 -27.2633 
v -14.8409 2.85731 -27.3525 
v -14.8357 2.76451 -27.2115 
v -15.1039 2.77416 -27.3627 
v -15.2521 2.3386 -27.1975 
v -15.4176 2.25122 -27.2993 
v -15.4503 2.32776 -27.3867 
v -15.2432 2.45111 -27.2478 
v -15.5534 2.9187 -28.0197 
v -15.4583 2.97481 -27.8513 
v -15.5523 2.90037 -27.8911 
v -15.4583 2.97481 -27.8513 
v -15.587 2.85033 -27.7839 
v -15.4603 2.92748 -27.7053 
v -14.9713 2.69432 -27.4799 
v -14.7946 2.7975 -27.555 
v -14.7629 2.68833 -27.4831 
v -14.9909 2.79154 -27.5469 
v -15.194 2.37141 -27.1911 
v -15.0352 2.42149 -27.1015 
v -15.0937 2.33507 -27.0898 
v -15.0731 2.49326 -27.1747 
v -15.3181 2.90528 -28.3699 
v -15.0311 3.021 -28.3018 
v -15.3301 2.97626 -28.3046 
v -15.0244 2.98132 -28.4059 
v -15.3181 2.90528 -28.3699 
v -15.0272 2.91286 -28.518 
v -15.2894 2.79978 -28.438 
v -15.2677 2.23399 -27.1568 
v -15.3931 2.19158 -27.2317 
v -15.4176 2.25122 -27.2993 
v -15.2521 2.3386 -27.1975 
v -15.5534 2.9187 -28.0197 
v -15.5523 2.90037 -27.8911 
v -15.6072 2.80203 -27.9225 
v -15.587 2.85033 -27.7839 
v -15.6072 2.80203 -27.9225 
v -15.6612 2.7048 -27.8414 
v -15.5534 2.9187 -28.0197 
v -15.5942 2.8479 -28.0099 
v -15.5565 2.86819 -28.1152 
v -15.6225 2.78159 -28.0042 
v -15.5565 2.86819 -28.1152 
v -15.6095 2.80765 -28.1796 
v -15.6072 2.80203 -27.9225 
v -15.6225 2.78159 -28.0042 
v -15.5942 2.8479 -28.0099 
v -15.5534 2.9187 -28.0197 
v -15.6072 2.80203 -27.9225 
v -15.6611 2.71049 -28.0017 
v -15.6612 2.7048 -27.8414 
v -15.5534 2.9187 -28.0197 
v -15.6 2.83246 -28.0419 
v -15.5716 2.84811 -28.1066 
v -15.6284 2.74931 -28.0549 
v -15.5716 2.84811 -28.1066 
v -15.605 2.78354 -28.1651 
v -15.6065 2.76743 -28.1326 
v -15.4824 2.95945 -28.2656 
v -15.4759 2.96904 -28.1638 
v -15.4794 2.92016 -28.3452 
v -15.6413 2.69883 -28.1828 
v -15.4659 2.85104 -28.4164 
v -15.6738 2.61587 -28.2414 
v -15.4794 2.92016 -28.3452 
v -15.4516 3.01481 -27.9023 
v -15.2962 3.08161 -27.9142 
v -15.2891 3.10445 -27.7812 
v -15.4659 3.00114 -27.8055 
v -15.2891 3.10445 -27.7812 
v -15.4755 2.95287 -27.7038 
v -15.2956 3.07 -27.6221 
v -15.4357 2.73681 -28.5085 
v -15.1824 2.84702 -28.4342 
v -15.4659 2.85104 -28.4164 
v -15.159 2.76372 -28.5044 
v -15.6611 2.71049 -28.0017 
v -15.6428 2.72466 -28.2142 
v -15.6095 2.80765 -28.1796 
v -15.6225 2.78159 -28.0042 
v -14.616 2.94509 -27.9993 
v -14.5289 3.01609 -27.9403 
v -14.5662 3.03196 -27.921 
v -14.5289 3.01609 -27.9403 
v -14.506 3.06717 -27.8419 
v -14.4568 3.03381 -27.8798 
v -14.3991 3.01247 -27.8209 
v -14.506 3.06717 -27.8419 
v -14.4441 3.05638 -27.7647 
v -15.6507 2.66904 -28.0696 
v -15.6369 2.71069 -28.2055 
v -15.605 2.78354 -28.1651 
v -15.6284 2.74931 -28.0549 
v -15.6507 2.66904 -28.0696 
v -15.6692 2.57317 -28.0921 
v -15.6573 2.62066 -28.243 
v -15.6573 2.62066 -28.243 
v -15.685 2.46031 -28.1266 
v -15.6655 2.52166 -28.3103 
v -15.5902 2.86186 -28.305 
v -15.4412 2.98459 -28.2009 
v -15.5797 2.90694 -28.1885 
v -15.4348 2.9411 -28.3491 
v -15.6467 2.95573 -27.8373 
v -15.6079 2.92038 -27.9784 
v -15.5984 3.00973 -27.9009 
v -15.6169 2.89252 -27.9793 
v -15.1981 3.07371 -27.6744 
v -14.9295 3.06495 -27.7943 
v -14.9177 3.06195 -27.7246 
v -15.2106 3.10213 -27.7691 
v -15.721 2.60723 -28.009 
v -15.6811 2.60929 -28.2376 
v -15.6428 2.72466 -28.2142 
v -15.6611 2.71049 -28.0017 
v -14.8415 2.74276 -28.5353 
v -15.159 2.76372 -28.5044 
v -15.1393 2.65145 -28.5792 
v -14.8638 2.85074 -28.4468 
v -15.5534 2.9187 -28.0197 
v -15.5491 2.97616 -27.9464 
v -15.5721 2.92314 -27.9615 
v -15.5491 2.97616 -27.9464 
v -15.6012 2.91591 -27.8951 
v -15.5362 2.99989 -27.8507 
v -15.679 2.87143 -27.8003 
v -15.6338 2.85491 -27.9949 
v -15.6169 2.89252 -27.9793 
v -15.6467 2.95573 -27.8373 
v -15.6926 2.61187 -27.9642 
v -15.6612 2.7048 -27.8414 
v -15.6881 2.61749 -27.7778 
v -15.6611 2.71049 -28.0017 
v -15.4603 2.92748 -27.7053 
v -15.6057 2.75794 -27.6691 
v -15.587 2.85033 -27.7839 
v -15.4621 2.84967 -27.5695 
v -15.3251 3.13349 -28.1753 
v -15.4628 3.02626 -28.1374 
v -15.4596 3.0223 -28.1749 
v -15.3329 3.11807 -28.0909 
v -15.4547 2.99434 -28.2374 
v -15.3251 3.13349 -28.1753 
v -15.3179 3.11638 -28.2793 
v -15.4547 2.99434 -28.2374 
v -15.3162 3.06448 -28.4038 
v -15.448 2.93917 -28.3197 
v -15.1469 2.8478 -27.4432 
v -14.9661 2.94903 -27.5431 
v -14.9432 2.87745 -27.4561 
v -15.1747 2.9177 -27.549 
v -15.4351 3.06245 -27.8748 
v -15.5617 2.99284 -27.8147 
v -15.5519 2.99819 -27.8834 
v -15.432 3.07269 -27.7964 
v -15.7239 2.54176 -27.9388 
v -15.6881 2.61749 -27.7778 
v -15.7026 2.53299 -27.7283 
v -15.6926 2.61187 -27.9642 
v -15.587 2.85033 -27.7839 
v -15.6057 2.75794 -27.6691 
v -15.6612 2.7048 -27.8414 
v -15.6881 2.61749 -27.7778 
v -15.2432 2.45111 -27.2478 
v -15.4503 2.32776 -27.3867 
v -15.4792 2.42903 -27.453 
v -15.2424 2.54934 -27.3071 
v -14.706 2.97748 -27.7488 
v -15.0012 3.0009 -27.6491 
v -15.037 3.01148 -27.7571 
v -14.7271 3.00754 -27.8363 
v -14.706 2.97748 -27.7488 
v -14.6776 2.92804 -27.6427 
v -14.9661 2.94903 -27.5431 
v -14.6486 2.86312 -27.5536 
v -14.9432 2.87745 -27.4561 
v -14.6486 2.86312 -27.5536 
v -14.9173 2.78145 -27.3918 
v -14.6208 2.78803 -27.4835 
v -14.8357 2.76451 -27.2115 
v -15.036 2.63336 -27.2026 
v -15.0543 2.67483 -27.2633 
v -14.8535 2.67647 -27.1212 
v -15.036 2.63336 -27.2026 
v -14.8959 2.58085 -27.0773 
v -15.0273 2.6043 -27.1635 
v -14.8959 2.58085 -27.0773 
v -15.0217 2.54561 -27.125 
v -14.9604 2.49731 -27.0886 
v -15.0217 2.54561 -27.125 
v -15.0286 2.43077 -27.1251 
v -15.2477 2.64173 -27.3826 
v -15.4999 2.53593 -27.49 
v -15.5088 2.62614 -27.5345 
v -15.2573 2.73333 -27.4577 
v -14.9524 2.59402 -27.4196 
v -14.7629 2.68833 -27.4831 
v -14.7327 2.56877 -27.434 
v -14.9713 2.69432 -27.4799 
v -15.0181 2.24118 -27.1448 
v -15.0282 2.31095 -27.1901 
v -14.9346 2.24142 -27.1387 
v -14.905 2.32613 -27.1851 
v -15.692 2.3498 -28.1843 
v -15.668 2.42915 -28.375 
v -15.6655 2.52166 -28.3103 
v -15.685 2.46031 -28.1266 
v -15.5362 2.99989 -27.8507 
v -15.6408 2.88189 -27.8262 
v -15.6012 2.91591 -27.8951 
v -15.5592 2.97041 -27.7452 
v -15.7171 2.77103 -27.7895 
v -15.6703 2.81039 -28.0289 
v -15.6338 2.85491 -27.9949 
v -15.679 2.87143 -27.8003 
v -14.5826 2.84584 -28.4995 
v -14.7882 2.58563 -28.7528 
v -14.5625 2.58174 -28.7937 
v -14.8879 2.80043 -28.577 
v -15.1039 2.77416 -27.3627 
v -14.8799 2.99049 -27.5399 
v -14.8409 2.85731 -27.3525 
v -15.1538 2.92583 -27.5149 
v -15.5012 2.78326 -27.192 
v -15.5467 2.75491 -27.2876 
v -15.4768 2.8257 -27.217 
v -15.5028 2.82053 -27.3035 
v -15.3809 2.85558 -27.5278 
v -15.1488 2.98656 -27.5986 
v -15.1374 2.90527 -27.4935 
v -15.3878 2.92858 -27.6113 
v -15.3809 2.85558 -27.5278 
v -15.1309 2.81627 -27.4062 
v -15.3782 2.75977 -27.4342 
v -14.5717 2.28174 -27.2583 
v -14.7912 2.19821 -27.3071 
v -14.8452 2.33496 -27.3255 
v -14.566 2.37594 -27.2957 
v -14.7629 2.68833 -27.4831 
v -14.5907 2.78141 -27.5658 
v -14.5571 2.66755 -27.5166 
v -14.7946 2.7975 -27.555 
v -15.7577 2.48705 -28.0127 
v -15.721 2.47235 -28.2476 
v -15.6811 2.60929 -28.2376 
v -15.721 2.60723 -28.009 
v -14.9669 2.36413 -28.9423 
v -15.0427 2.38659 -28.8683 
v -15.009 2.33777 -28.9087 
v -14.9869 2.4423 -28.9083 
v -15.115 2.17045 -28.872 
v -15.2499 2.22936 -28.7415 
v -15.2214 2.1592 -28.7715 
v -15.1016 2.28408 -28.8323 
v -15.2086 2.10045 -28.7912 
v -15.115 2.17045 -28.872 
v -15.1419 2.0788 -28.8629 
v -14.8157 2.6105 -28.6015 
v -15.1393 2.65145 -28.5792 
v -15.1268 2.56454 -28.6371 
v -14.8415 2.74276 -28.5353 
v -14.8832 1.82067 -28.6895 
v -14.7377 1.88695 -28.618 
v -14.9214 1.92607 -28.679 
v -14.7962 1.79058 -28.6693 
v -14.8832 1.82067 -28.6895 
v -14.891 1.72894 -28.7215 
v -15.0003 3.11814 -27.733 
v -14.7489 3.0941 -27.8097 
v -14.7359 3.08145 -27.7324 
v -15.0039 3.12263 -27.8226 
v -15.4027 2.61602 -28.5848 
v -15.159 2.76372 -28.5044 
v -15.4357 2.73681 -28.5085 
v -15.1393 2.65145 -28.5792 
v -15.3609 2.50558 -28.6439 
v -15.1268 2.56454 -28.6371 
v -15.3609 2.50558 -28.6439 
v -15.1022 2.4031 -28.7491 
v -15.3101 2.34848 -28.6989 
v -15.174 3.01024 -27.5887 
v -14.9177 3.06195 -27.7246 
v -14.9029 3.03607 -27.6365 
v -15.1981 3.07371 -27.6744 
v -15.2424 2.54934 -27.3071 
v -15.4792 2.42903 -27.453 
v -15.4999 2.53593 -27.49 
v -15.2477 2.64173 -27.3826 
v -15.6738 2.61587 -28.2414 
v -15.4357 2.73681 -28.5085 
v -15.4659 2.85104 -28.4164 
v -15.668 2.52288 -28.3066 
v -14.616 2.94509 -27.9993 
v -14.5201 2.94994 -27.9525 
v -14.5833 2.98328 -27.9085 
v -14.5201 2.94994 -27.9525 
v -14.5367 3.00011 -27.8229 
v -14.4422 2.93494 -27.902 
v -14.3847 2.90305 -27.8508 
v -14.5367 3.00011 -27.8229 
v -14.4919 2.98625 -27.7404 
v -15.1538 2.92583 -27.5149 
v -14.9029 3.03607 -27.6365 
v -14.8799 2.99049 -27.5399 
v -15.174 3.01024 -27.5887 
v -14.616 2.94509 -27.9993 
v -14.54 2.99899 -28.1082 
v -14.4765 2.91852 -28.0526 
v -14.54 2.99899 -28.1082 
v -14.3804 2.87283 -28.0955 
v -14.4644 2.99734 -28.2318 
v -15.7521 2.67793 -27.8065 
v -15.7034 2.76361 -28.0623 
v -15.6703 2.81039 -28.0289 
v -15.7171 2.77103 -27.7895 
v -15.6079 2.63726 -27.5775 
v -15.6881 2.61749 -27.7778 
v -15.6057 2.75794 -27.6691 
v -15.7026 2.53299 -27.7283 
v -15.5534 2.9187 -28.0197 
v -15.5898 2.92356 -28.1847 
v -15.5467 2.97495 -28.2148 
v -15.6247 2.83896 -28.2736 
v -15.5467 2.97495 -28.2148 
v -15.5596 2.90649 -28.3553 
v -15.6247 2.83896 -28.2736 
v -15.5733 2.79188 -28.4489 
v -15.6399 2.72688 -28.3306 
v -15.5733 2.79188 -28.4489 
v -15.6476 2.61702 -28.3804 
v -15.5782 2.68096 -28.5158 
v -15.6476 2.61702 -28.3804 
v -15.5738 2.57235 -28.5621 
v -15.6473 2.51159 -28.4209 
v -15.2956 3.07 -27.6221 
v -15.4895 2.87117 -27.5944 
v -15.4755 2.95287 -27.7038 
v -15.3176 2.95178 -27.4847 
v -15.4895 2.87117 -27.5944 
v -15.3497 2.79086 -27.3854 
v -15.5075 2.74886 -27.4674 
v -15.7549 2.37799 -27.8808 
v -15.7026 2.53299 -27.7283 
v -15.7015 2.44499 -27.6884 
v -15.7239 2.54176 -27.9388 
v -14.5542 1.85644 -28.4363 
v -14.5054 1.74528 -28.3993 
v -14.4179 1.78301 -28.3147 
v -14.4199 1.7092 -28.323 
v -14.5054 1.74528 -28.3993 
v -14.398 1.60309 -28.3925 
v -15.6924 2.2577 -28.2551 
v -15.6563 2.34076 -28.4138 
v -15.668 2.42915 -28.375 
v -15.692 2.3498 -28.1843 
v -15.432 3.07269 -27.7964 
v -15.5855 2.94665 -27.726 
v -15.5617 2.99284 -27.8147 
v -15.438 3.03166 -27.6653 
v -14.616 2.94509 -27.9993 
v -14.485 2.88349 -27.9067 
v -14.5651 2.91331 -27.8432 
v -14.485 2.88349 -27.9067 
v -14.5119 2.85383 -27.7517 
v -14.3724 2.79763 -27.8456 
v -14.616 2.94509 -27.9993 
v -14.5651 2.91331 -27.8432 
v -14.6327 2.96216 -27.9073 
v -14.6593 2.94124 -27.797 
v -14.5651 2.91331 -27.8432 
v -14.5119 2.85383 -27.7517 
v -15.5983 2.78139 -28.4049 
v -15.4348 2.9411 -28.3491 
v -15.5902 2.86186 -28.305 
v -15.427 2.85113 -28.4629 
v -15.5983 2.78139 -28.4049 
v -15.4118 2.74697 -28.5582 
v -15.5901 2.6725 -28.4881 
v -14.616 2.94509 -27.9993 
v -14.5562 2.90938 -28.1116 
v -14.4844 2.88087 -28.0968 
v -14.5273 2.88248 -28.1683 
v -14.4844 2.88087 -28.0968 
v -14.3778 2.79366 -28.1562 
v -14.4599 2.81425 -28.2458 
v -14.616 2.94509 -27.9993 
v -14.6199 2.94714 -28.0974 
v -14.5562 2.90938 -28.1116 
v -14.6224 2.91787 -28.2198 
v -14.5562 2.90938 -28.1116 
v -14.5273 2.88248 -28.1683 
v -14.6224 2.91787 -28.2198 
v -14.4599 2.81425 -28.2458 
v -14.6249 2.85314 -28.3261 
v -15.1016 2.28408 -28.8323 
v -15.3101 2.34848 -28.6989 
v -15.2499 2.22936 -28.7415 
v -15.1022 2.4031 -28.7491 
v -15.3356 2.98155 -28.4361 
v -15.1536 3.10711 -28.3459 
v -15.3482 3.0474 -28.33 
v -15.1621 3.04062 -28.4778 
v -15.5467 2.75491 -27.2876 
v -15.5837 2.75792 -27.3823 
v -15.5028 2.82053 -27.3035 
v -15.5089 2.83756 -27.3723 
v -14.9214 1.92607 -28.679 
v -14.7087 2.00872 -28.5659 
v -14.989 2.05306 -28.6845 
v -14.7377 1.88695 -28.618 
v -15.765 2.6045 -27.8241 
v -15.7463 2.70075 -28.1006 
v -15.7034 2.76361 -28.0623 
v -15.7521 2.67793 -27.8065 
v -15.668 2.52288 -28.3066 
v -15.4027 2.61602 -28.5848 
v -15.4357 2.73681 -28.5085 
v -15.6336 2.42567 -28.3747 
v -14.8415 2.74276 -28.5353 
v -14.6114 2.76597 -28.4064 
v -14.8638 2.85074 -28.4468 
v -14.589 2.68615 -28.4693 
v -14.3693 2.25438 -28.5588 
v -14.2669 2.17072 -28.5051 
v -14.2782 2.24353 -28.4347 
v -14.3317 2.17739 -28.5618 
v -14.2669 2.17072 -28.5051 
v -14.2502 2.12034 -28.5917 
v -15.0368 3.01171 -28.4333 
v -14.9665 3.09612 -28.3162 
v -15.0536 3.0908 -28.3291 
v -14.9436 3.02201 -28.4302 
v -15.0368 3.01171 -28.4333 
v -14.9286 2.83245 -28.5757 
v -15.0264 2.82031 -28.5672 
v -15.3214 2.76031 -28.7066 
v -15.18 2.94619 -28.5883 
v -15.3257 2.90204 -28.5384 
v -15.2446 2.7865 -28.751 
v -14.7536 3.04781 -27.6946 
v -14.5319 2.95422 -27.8669 
v -14.4869 2.94218 -27.7572 
v -14.7762 3.02949 -27.8609 
v -14.7536 3.04781 -27.6946 
v -14.4607 2.8903 -27.6711 
v -14.7191 2.98752 -27.5579 
v -14.5274 2.45361 -27.2289 
v -14.4097 2.56895 -27.347 
v -14.3993 2.48698 -27.2706 
v -14.5901 2.55099 -27.2903 
v -15.5592 2.97041 -27.7452 
v -15.6795 2.8229 -27.7522 
v -15.6408 2.88189 -27.8262 
v -15.5716 2.90274 -27.6466 
v -15.2535 2.67268 -27.4193 
v -14.9909 2.79154 -27.5469 
v -14.9713 2.69432 -27.4799 
v -15.2603 2.76372 -27.4986 
v -14.9713 2.69432 -27.4799 
v -15.244 2.57451 -27.3585 
v -14.9524 2.59402 -27.4196 
v -14.9524 2.59402 -27.4196 
v -15.2235 2.45058 -27.3199 
v -14.9319 2.49825 -27.3796 
v -15.2235 2.45058 -27.3199 
v -14.9004 2.35212 -27.3629 
v -15.2055 2.29467 -27.3543 
v -14.9004 2.35212 -27.3629 
v -15.1121 2.11577 -27.3643 
v -14.8301 2.20088 -27.3844 
v -15.7898 2.53165 -27.8444 
v -15.79 2.6095 -28.1423 
v -15.7463 2.70075 -28.1006 
v -15.765 2.6045 -27.8241 
v -14.6106 2.95294 -28.37 
v -14.953 3.03219 -28.345 
v -14.9361 2.96546 -28.4599 
v -14.641 3.00592 -28.2518 
v -14.8879 2.80043 -28.577 
v -14.6106 2.95294 -28.37 
v -14.5826 2.84584 -28.4995 
v -15.244 2.57451 -27.3585 
v -15.427 2.52493 -27.439 
v -15.444 2.62237 -27.4824 
v -15.2535 2.67268 -27.4193 
v -15.244 2.57451 -27.3585 
v -15.4017 2.42807 -27.4133 
v -15.2235 2.45058 -27.3199 
v -15.3745 2.67416 -27.3161 
v -15.5207 2.65596 -27.3619 
v -15.5075 2.74886 -27.4674 
v -15.3497 2.79086 -27.3854 
v -15.392 2.60081 -27.2709 
v -15.5269 2.60567 -27.2875 
v -15.3745 2.67416 -27.3161 
v -15.5269 2.60567 -27.2875 
v -15.4117 2.54112 -27.2387 
v -15.5243 2.55541 -27.2354 
v -14.616 2.94509 -27.9993 
v -14.6168 2.99735 -28.112 
v -14.5284 2.96231 -28.0804 
v -14.5958 3.00166 -28.236 
v -14.5284 2.96231 -28.0804 
v -14.4437 2.93752 -28.1523 
v -14.5958 3.00166 -28.236 
v -14.3719 2.8855 -28.2192 
v -14.5706 2.96253 -28.3579 
v -15.0264 2.82031 -28.5672 
v -14.9174 2.65337 -28.6752 
v -14.9286 2.83245 -28.5757 
v -15.0157 2.63352 -28.6647 
v -15.438 3.03166 -27.6653 
v -15.5994 2.8974 -27.643 
v -15.5855 2.94665 -27.726 
v -15.4561 2.97424 -27.5629 
v -14.9865 3.08407 -27.6449 
v -14.7359 3.08145 -27.7324 
v -14.7389 3.05238 -27.6451 
v -15.0003 3.11814 -27.733 
v -14.9865 3.08407 -27.6449 
v -14.7809 2.96948 -27.4431 
v -14.9368 2.97854 -27.4317 
v -15.4621 2.84967 -27.5695 
v -15.6079 2.63726 -27.5775 
v -15.6057 2.75794 -27.6691 
v -15.4565 2.73434 -27.453 
v -15.4421 2.59073 -27.364 
v -15.6079 2.63726 -27.5775 
v -15.6006 2.52779 -27.523 
v -15.4421 2.59073 -27.364 
v -15.5954 2.44381 -27.4792 
v -15.4258 2.43701 -27.3058 
v -15.1973 1.98488 -27.3446 
v -15.1343 2.03246 -27.2898 
v -15.106 1.95303 -27.277 
v -15.1356 1.92056 -27.3004 
v -15.106 1.95303 -27.277 
v -15.0802 1.88635 -27.2544 
v -14.7327 2.56877 -27.434 
v -14.9319 2.49825 -27.3796 
v -14.9524 2.59402 -27.4196 
v -14.7048 2.43819 -27.405 
v -14.679 2.1174 -27.4242 
v -14.7981 2.04922 -27.3997 
v -14.8301 2.20088 -27.3844 
v -14.6715 1.97957 -27.4461 
v -14.6715 1.97957 -27.4461 
v -14.7913 1.92952 -27.4034 
v -14.7117 1.86192 -27.3978 
v -14.7633 1.80983 -27.3202 
v -14.7913 1.92952 -27.4034 
v -14.8202 1.82186 -27.3144 
v -14.7633 1.80983 -27.3202 
v -14.8301 1.7921 -27.2451 
v -15.3257 2.90204 -28.5384 
v -15.1621 3.04062 -28.4778 
v -15.3356 2.98155 -28.4361 
v -15.18 2.94619 -28.5883 
v -15.0982 2.58592 -27.2482 
v -15.281 2.4723 -27.2691 
v -15.3441 2.61359 -27.3575 
v -15.1183 2.70139 -27.3344 
v -15.1245 2.7597 -27.3629 
v -14.9432 2.87745 -27.4561 
v -14.9173 2.78145 -27.3918 
v -15.1469 2.8478 -27.4432 
v -15.281 2.4723 -27.2691 
v -15.0982 2.58592 -27.2482 
v -15.0731 2.49326 -27.1747 
v -15.194 2.37141 -27.1911 
v -15.6006 2.52779 -27.523 
v -15.7026 2.53299 -27.7283 
v -15.6079 2.63726 -27.5775 
v -15.7015 2.44499 -27.6884 
v -14.6024 2.86071 -28.4189 
v -14.9087 2.92014 -28.3944 
v -14.8893 2.82515 -28.4961 
v -14.6144 2.94492 -28.3267 
v -14.8544 2.66455 -28.6029 
v -14.6024 2.86071 -28.4189 
v -14.5629 2.70209 -28.5024 
v -14.8087 2.48752 -28.6609 
v -14.8544 2.66455 -28.6029 
v -14.5289 2.516 -28.5405 
v -15.5954 2.44381 -27.4792 
v -15.7015 2.44499 -27.6884 
v -15.6006 2.52779 -27.523 
v -15.6984 2.34918 -27.6453 
v -14.7079 2.05987 -28.6942 
v -14.5368 2.18703 -28.632 
v -14.7236 2.19175 -28.6701 
v -14.58 2.03648 -28.6824 
v -14.7079 2.05987 -28.6942 
v -14.6385 1.93695 -28.7371 
v -14.7133 1.96556 -28.7408 
v -15.7638 2.39168 -28.0103 
v -15.7315 2.35078 -28.2331 
v -15.721 2.47235 -28.2476 
v -15.7577 2.48705 -28.0127 
v -15.6973 2.31074 -27.6228 
v -15.6993 2.15439 -27.6391 
v -15.7227 2.2061 -27.7519 
v -15.6904 2.26432 -27.5828 
v -15.6823 2.20565 -27.498 
v -15.6993 2.15439 -27.6391 
v -15.6845 2.14218 -27.5087 
v -15.6823 2.20565 -27.498 
v -15.6785 2.172 -27.3688 
v -15.6336 2.42567 -28.3747 
v -15.3609 2.50558 -28.6439 
v -15.4027 2.61602 -28.5848 
v -15.5839 2.33 -28.4399 
v -15.4561 2.97424 -27.5629 
v -15.6123 2.8433 -27.5612 
v -15.5994 2.8974 -27.643 
v -15.4807 2.91371 -27.491 
v -15.4807 2.91371 -27.491 
v -15.6079 2.79287 -27.4727 
v -15.6123 2.8433 -27.5612 
v -15.4985 2.87026 -27.4303 
v -15.5089 2.83756 -27.3723 
v -15.6079 2.79287 -27.4727 
v -15.5837 2.75792 -27.3823 
v -15.5716 2.90274 -27.6466 
v -15.7117 2.73737 -27.6801 
v -15.6795 2.8229 -27.7522 
v -15.5878 2.80013 -27.5505 
v -14.885 2.48058 -28.7503 
v -15.0157 2.63352 -28.6647 
v -14.9787 2.45747 -28.7337 
v -14.9174 2.65337 -28.6752 
v -15.2813 2.21235 -28.7157 
v -15.5343 2.24371 -28.4952 
v -15.5001 2.15215 -28.5453 
v -15.3101 2.34848 -28.6989 
v -15.4611 2.06481 -28.5887 
v -15.2813 2.21235 -28.7157 
v -15.283 2.0852 -28.7109 
v -15.4611 2.06481 -28.5887 
v -15.3358 1.97042 -28.7026 
v -15.4286 1.9561 -28.6465 
v -15.3358 1.97042 -28.7026 
v -15.4112 1.88482 -28.7121 
v -15.1183 2.70139 -27.3344 
v -15.3441 2.61359 -27.3575 
v -15.3782 2.75977 -27.4342 
v -15.1309 2.81627 -27.4062 
v -15.7424 2.28585 -27.8342 
v -15.7015 2.44499 -27.6884 
v -15.6984 2.34918 -27.6453 
v -15.7549 2.37799 -27.8808 
v -14.616 2.94509 -27.9993 
v -14.4844 2.88087 -28.0968 
v -14.485 2.88349 -27.9067 
v -14.3778 2.79366 -28.1562 
v -14.485 2.88349 -27.9067 
v -14.3724 2.79763 -27.8456 
v -15.7227 2.2061 -27.7519 
v -15.6984 2.34918 -27.6453 
v -15.6973 2.31074 -27.6228 
v -15.7424 2.28585 -27.8342 
v -15.7315 2.35078 -28.2331 
v -15.7632 2.31281 -28.0028 
v -15.7397 2.25163 -28.1937 
v -15.7638 2.39168 -28.0103 
v -15.7632 2.31281 -28.0028 
v -15.7464 2.17588 -28.1449 
v -15.7617 2.23698 -27.9918 
v -14.6758 1.78332 -28.5287 
v -14.5683 1.80151 -28.4495 
v -14.6928 1.83408 -28.5352 
v -14.5827 1.76618 -28.4692 
v -14.632 2.87447 -27.6528 
v -14.5119 2.85383 -27.7517 
v -14.4611 2.72919 -27.683 
v -14.6593 2.94124 -27.797 
v -15.3101 2.34848 -28.6989 
v -15.5839 2.33 -28.4399 
v -15.5343 2.24371 -28.4952 
v -15.3609 2.50558 -28.6439 
v -15.5878 2.34215 -27.4339 
v -15.6984 2.34918 -27.6453 
v -15.5954 2.44381 -27.4792 
v -15.6822 2.25514 -27.6025 
v -14.8651 2.34227 -28.7979 
v -14.9787 2.45747 -28.7337 
v -14.9523 2.32712 -28.7717 
v -14.885 2.48058 -28.7503 
v -14.9416 2.25431 -28.7767 
v -14.8651 2.34227 -28.7979 
v -14.8649 2.24917 -28.8101 
v -15.0282 2.31095 -27.1901 
v -15.0482 2.40556 -27.223 
v -14.905 2.32613 -27.1851 
v -14.8792 2.43573 -27.2452 
v -15.8742 2.6832 -27.8896 
v -15.8302 2.77958 -27.8551 
v -15.9128 2.65012 -27.8111 
v -15.8632 2.76109 -27.7551 
v -15.6917 2.18769 -28.3049 
v -15.6521 2.23611 -28.4369 
v -15.6563 2.34076 -28.4138 
v -15.6924 2.2577 -28.2551 
v -15.6917 2.18769 -28.3049 
v -15.6358 2.14816 -28.4188 
v -15.6893 2.13338 -28.3341 
v -15.6358 2.14816 -28.4188 
v -15.6836 2.07861 -28.3484 
v -15.6421 2.06692 -28.392 
v -15.6836 2.07861 -28.3484 
v -15.6754 2.00203 -28.3422 
v -15.479 3.1466 -27.7702 
v -15.4979 3.12653 -27.9156 
v -15.4028 3.16529 -27.847 
v -15.5469 3.11637 -27.8864 
v -15.479 3.1466 -27.7702 
v -15.6272 3.07559 -27.8442 
v -15.583 3.07966 -27.7161 
v -15.6875 2.98738 -27.6987 
v -15.6272 3.07559 -27.8442 
v -15.7028 2.99784 -27.8261 
v -15.5878 2.80013 -27.5505 
v -15.7381 2.64594 -27.6415 
v -15.7117 2.73737 -27.6801 
v -15.6126 2.67959 -27.4808 
v -15.3914 2.62762 -28.6406 
v -15.5901 2.6725 -28.4881 
v -15.5647 2.54568 -28.5497 
v -15.4118 2.74697 -28.5582 
v -15.5152 2.49119 -27.2024 
v -15.5243 2.55541 -27.2354 
v -15.4329 2.48942 -27.2168 
v -15.4117 2.54112 -27.2387 
v -15.7783 2.44758 -27.8603 
v -15.8148 2.49835 -28.1779 
v -15.79 2.6095 -28.1423 
v -15.7898 2.53165 -27.8444 
v -14.4177 2.73066 -28.2999 
v -14.6249 2.85314 -28.3261 
v -14.6114 2.76597 -28.4064 
v -14.4599 2.81425 -28.2458 
v -14.589 2.68615 -28.4693 
v -14.4177 2.73066 -28.2999 
v -14.3849 2.62655 -28.3416 
v -15.2662 2.07824 -27.3751 
v -15.1571 2.12384 -27.3011 
v -15.1343 2.03246 -27.2898 
v -15.1973 1.98488 -27.3446 
v -14.7913 2.45702 -28.641 
v -15.1268 2.56454 -28.6371 
v -15.2268 2.4516 -28.6329 
v -14.8157 2.6105 -28.6015 
v -15.1516 2.31345 -28.6915 
v -14.7913 2.45702 -28.641 
v -14.7479 2.3009 -28.6327 
v -15.7488 2.09093 -27.9754 
v -15.7221 2.05317 -28.0429 
v -15.7238 2.08811 -28.0588 
v -15.7381 2.03884 -27.9906 
v -15.8632 2.76109 -27.7551 
v -15.8302 2.77958 -27.8551 
v -15.7716 2.88735 -27.8336 
v -15.7877 2.8743 -27.7168 
v -15.9128 2.65012 -27.8111 
v -15.9329 2.55416 -27.8946 
v -15.8742 2.6832 -27.8896 
v -15.901 2.60086 -27.9451 
v -14.8157 2.6105 -28.6015 
v -14.589 2.68615 -28.4693 
v -14.8415 2.74276 -28.5353 
v -14.5572 2.53122 -28.5203 
v -15.7169 2.013 -28.0417 
v -15.7381 2.03884 -27.9906 
v -15.7226 1.99973 -28.0181 
v -15.7221 2.05317 -28.0429 
v -15.7169 2.013 -28.0417 
v -15.7042 1.96719 -28.0547 
v -15.3465 2.28113 -28.7845 
v -15.4853 2.30854 -28.6448 
v -15.4307 2.209 -28.7122 
v -15.3558 2.38341 -28.742 
v -14.8792 2.43573 -27.2452 
v -15.0482 2.40556 -27.223 
v -15.0732 2.52392 -27.2601 
v -14.8874 2.58456 -27.328 
v -15.7835 2.36531 -27.8773 
v -15.8115 2.37558 -28.1787 
v -15.8148 2.49835 -28.1779 
v -15.7783 2.44758 -27.8603 
v -14.898 2.68021 -27.3482 
v -14.6208 2.78803 -27.4835 
v -14.5985 2.71136 -27.4291 
v -14.9173 2.78145 -27.3918 
v -15.8115 2.37558 -28.1787 
v -15.7835 2.36531 -27.8773 
v -15.8002 2.28047 -27.9082 
v -15.7986 2.25258 -28.1382 
v -15.5265 2.35579 -28.6288 
v -15.6473 2.51159 -28.4209 
v -15.6118 2.30626 -28.4787 
v -15.5738 2.57235 -28.5621 
v -14.7981 2.04922 -27.3997 
v -14.9307 1.89404 -27.3953 
v -15.0053 1.97598 -27.3892 
v -14.7913 1.92952 -27.4034 
v -15.3682 2.32606 -27.3973 
v -15.2235 2.45058 -27.3199 
v -15.1922 2.34412 -27.3092 
v -15.4017 2.42807 -27.4133 
v -15.76 2.52624 -27.6011 
v -15.6126 2.67959 -27.4808 
v -15.6406 2.56378 -27.4411 
v -15.7381 2.64594 -27.6415 
v -14.8671 2.47599 -27.3233 
v -14.5801 2.61968 -27.3845 
v -14.5677 2.50112 -27.339 
v -14.8874 2.58456 -27.328 
v -14.8671 2.47599 -27.3233 
v -14.566 2.37594 -27.2957 
v -14.8452 2.33496 -27.3255 
v -15.1419 2.0788 -28.8629 
v -15.2071 2.04384 -28.7949 
v -15.1747 2.01732 -28.8206 
v -15.2086 2.10045 -28.7912 
v -15.2071 2.04384 -28.7949 
v -15.2171 1.97571 -28.7677 
v -15.3726 2.50469 -28.7024 
v -15.5647 2.54568 -28.5497 
v -15.5343 2.42468 -28.5996 
v -15.3914 2.62762 -28.6406 
v -14.7327 2.56877 -27.434 
v -14.5571 2.66755 -27.5166 
v -14.53 2.5489 -27.4859 
v -14.7629 2.68833 -27.4831 
v -14.7048 2.43819 -27.405 
v -14.7327 2.56877 -27.434 
v -14.5063 2.41346 -27.4684 
v -14.6898 2.28771 -27.4026 
v -14.4982 2.26106 -27.4759 
v -14.7048 2.43819 -27.405 
v -14.7048 2.43819 -27.405 
v -14.9004 2.35212 -27.3629 
v -14.9319 2.49825 -27.3796 
v -14.6898 2.28771 -27.4026 
v -14.9451 2.19492 -28.7679 
v -14.8649 2.24917 -28.8101 
v -14.9416 2.25431 -28.7767 
v -14.8842 2.17027 -28.7963 
v -15.3208 2.20011 -27.3829 
v -15.1922 2.34412 -27.3092 
v -15.1749 2.2311 -27.2984 
v -15.3682 2.32606 -27.3973 
v -15.3208 2.20011 -27.3829 
v -15.1571 2.12384 -27.3011 
v -15.2662 2.07824 -27.3751 
v -14.5856 3.12363 -28.2344 
v -14.6751 3.11516 -28.1577 
v -14.6713 3.1197 -28.242 
v -14.6036 3.12045 -28.1457 
v -14.6671 3.08934 -28.3327 
v -14.5856 3.12363 -28.2344 
v -14.5692 3.08293 -28.3231 
v -14.5543 3.00279 -28.4096 
v -14.6576 3.02193 -28.4315 
v -14.6326 2.91757 -28.5277 
v -14.5543 3.00279 -28.4096 
v -14.5308 2.89752 -28.494 
v -14.6326 2.91757 -28.5277 
v -14.4983 2.77365 -28.616 
v -14.5938 2.78104 -28.6507 
v -14.5567 2.65682 -28.7462 
v -14.4983 2.77365 -28.616 
v -14.4708 2.66186 -28.7191 
v -15.2779 3.11232 -27.5037 
v -15.3949 3.08003 -27.5467 
v -15.3023 3.14793 -27.53 
v -15.3853 3.06063 -27.5323 
v -15.3949 3.08003 -27.5467 
v -15.5145 2.9913 -27.5921 
v -15.2115 3.21854 -27.545 
v -15.2779 3.11232 -27.5037 
v -15.1661 3.16599 -27.5067 
v -15.0979 2.65037 -27.3025 
v -14.9173 2.78145 -27.3918 
v -14.898 2.68021 -27.3482 
v -15.1245 2.7597 -27.3629 
v -15.0979 2.65037 -27.3025 
v -14.8874 2.58456 -27.328 
v -15.0732 2.52392 -27.2601 
v -14.9643 2.12945 -28.7483 
v -14.8842 2.17027 -28.7963 
v -14.9451 2.19492 -28.7679 
v -14.9209 2.0988 -28.7642 
v -15.5722 2.23703 -27.4054 
v -15.6822 2.25514 -27.6025 
v -15.5878 2.34215 -27.4339 
v -15.6587 2.1759 -27.5669 
v -14.9555 2.27929 -28.9492 
v -15.009 2.33777 -28.9087 
v -14.9824 2.27439 -28.9286 
v -14.9669 2.36413 -28.9423 
v -14.9555 2.27929 -28.9492 
v -14.9622 2.18932 -28.9272 
v -15.4101 2.27269 -27.2747 
v -15.5878 2.34215 -27.4339 
v -15.4258 2.43701 -27.3058 
v -15.5954 2.44381 -27.4792 
v -15.5722 2.23703 -27.4054 
v -15.7628 2.40775 -27.546 
v -15.6406 2.56378 -27.4411 
v -15.6569 2.48215 -27.4122 
v -15.76 2.52624 -27.6011 
v -15.664 2.41861 -27.3864 
v -15.7628 2.40775 -27.546 
v -15.7383 2.31723 -27.4609 
v -15.7877 2.8743 -27.7168 
v -15.7716 2.88735 -27.8336 
v -15.7028 2.99784 -27.8261 
v -15.6875 2.98738 -27.6987 
v -14.8874 2.58456 -27.328 
v -14.5985 2.71136 -27.4291 
v -14.5801 2.61968 -27.3845 
v -14.898 2.68021 -27.3482 
v -15.9329 2.55416 -27.8946 
v -15.9267 2.50391 -27.9725 
v -15.901 2.60086 -27.9451 
v -15.9061 2.55066 -28.0015 
v -15.4872 2.42376 -27.196 
v -15.5152 2.49119 -27.2024 
v -15.4463 2.43771 -27.213 
v -15.4329 2.48942 -27.2168 
v -15.4463 2.43771 -27.213 
v -15.4384 2.37116 -27.2272 
v -15.7311 2.12569 -28.0936 
v -15.7617 2.23698 -27.9918 
v -15.7586 2.16058 -27.978 
v -15.7464 2.17588 -28.1449 
v -15.6012 3.17457 -27.8093 
v -15.5583 3.17263 -27.8894 
v -15.5287 3.188 -27.859 
v -15.6204 3.16618 -27.8524 
v -15.6012 3.17457 -27.8093 
v -15.6979 3.11415 -27.8226 
v -15.6844 3.11423 -27.7763 
v -15.5416 2.62747 -28.9778 
v -15.5763 2.66471 -29.0352 
v -15.5807 2.61386 -28.9661 
v -15.6043 2.65947 -29.0321 
v -15.5763 2.66471 -29.0352 
v -15.6071 2.75371 -29.0903 
v -15.7238 2.08811 -28.0588 
v -15.7586 2.16058 -27.978 
v -15.7488 2.09093 -27.9754 
v -15.7311 2.12569 -28.0936 
v -15.6521 2.36595 -27.3287 
v -15.7383 2.31723 -27.4609 
v -15.664 2.41861 -27.3864 
v -15.6851 2.26778 -27.3548 
v -15.5011 2.24167 -28.6366 
v -15.6118 2.30626 -28.4787 
v -15.5911 2.21634 -28.494 
v -15.5265 2.35579 -28.6288 
v -15.3558 2.38341 -28.742 
v -15.5343 2.42468 -28.5996 
v -15.4853 2.30854 -28.6448 
v -15.3726 2.50469 -28.7024 
v -14.5907 2.78141 -27.5658 
v -14.4611 2.72919 -27.683 
v -14.446 2.65419 -27.6653 
v -14.632 2.87447 -27.6528 
v -14.9643 2.12945 -28.7483 
v -14.9978 2.06263 -28.719 
v -14.9209 2.0988 -28.7642 
v -14.9751 2.03963 -28.7242 
v -14.9978 2.06263 -28.719 
v -15.0461 1.99629 -28.6822 
v -15.9153 2.72566 -27.8795 
v -15.8804 2.81235 -27.8433 
v -15.9345 2.70652 -27.834 
v -15.8973 2.80075 -27.7874 
v -15.0053 1.97598 -27.3892 
v -14.8301 2.20088 -27.3844 
v -14.7981 2.04922 -27.3997 
v -15.1121 2.11577 -27.3643 
v -14.5084 1.95488 -27.5581 
v -14.6526 1.88498 -27.4616 
v -14.6715 1.97957 -27.4461 
v -14.5463 1.8664 -27.567 
v -14.5638 1.78906 -27.5184 
v -14.6526 1.88498 -27.4616 
v -14.6227 1.81227 -27.4536 
v -14.5638 1.78906 -27.5184 
v -14.5643 1.73954 -27.4323 
v -15.9114 2.47933 -28.0627 
v -15.8932 2.50888 -28.1331 
v -15.9009 2.51665 -28.0709 
v -15.8983 2.48139 -28.1371 
v -15.8932 2.50888 -28.1331 
v -15.858 2.52796 -28.2232 
v -15.9061 2.55066 -28.0015 
v -15.9114 2.47933 -28.0627 
v -15.9267 2.50391 -27.9725 
v -15.7986 2.25258 -28.1382 
v -15.8002 2.28047 -27.9082 
v -15.803 2.19986 -27.9265 
v -15.7891 2.15151 -28.0768 
v -15.803 2.19986 -27.9265 
v -15.7651 2.07692 -28.0051 
v -15.7797 2.12692 -27.9158 
v -14.7913 2.45702 -28.641 
v -14.5572 2.53122 -28.5203 
v -14.8157 2.6105 -28.6015 
v -14.5398 2.38499 -28.5345 
v -15.2896 2.145 -27.1328 
v -15.3809 2.1457 -27.1906 
v -15.3931 2.19158 -27.2317 
v -15.2677 2.23399 -27.1568 
v -15.2896 2.145 -27.1328 
v -15.3779 2.08633 -27.1758 
v -15.3237 2.06614 -27.154 
v -15.3779 2.08633 -27.1758 
v -15.3785 1.99471 -27.2121 
v -15.4915 2.12839 -28.6189 
v -15.5911 2.21634 -28.494 
v -15.5708 2.13449 -28.5018 
v -15.5011 2.24167 -28.6366 
v -15.5611 2.07467 -28.5013 
v -15.4915 2.12839 -28.6189 
v -15.501 2.0356 -28.5761 
v -14.4319 1.9662 -27.6801 
v -14.4919 1.84323 -27.6088 
v -14.5084 1.95488 -27.5581 
v -14.4333 1.87745 -27.702 
v -14.3966 1.76075 -27.6961 
v -14.4919 1.84323 -27.6088 
v -14.4467 1.74621 -27.6345 
v -14.3966 1.76075 -27.6961 
v -14.3573 1.65285 -27.6499 
v -15.9345 2.70652 -27.834 
v -15.9505 2.63374 -27.8863 
v -15.9153 2.72566 -27.8795 
v -15.9347 2.65976 -27.9201 
v -14.5289 2.516 -28.5405 
v -14.7671 2.35293 -28.6707 
v -14.5162 2.36696 -28.5795 
v -14.8087 2.48752 -28.6609 
v -14.997 3.24453 -27.7199 
v -15.0937 3.29343 -27.6783 
v -15.0701 3.28198 -27.7305 
v -14.9978 3.24332 -27.642 
v -15.0555 3.21602 -27.5674 
v -15.0937 3.29343 -27.6783 
v -15.1373 3.27484 -27.6183 
v -14.7236 2.19175 -28.6701 
v -14.5162 2.36696 -28.5795 
v -14.7671 2.35293 -28.6707 
v -14.5368 2.18703 -28.632 
v -14.6898 2.28771 -27.4026 
v -14.8301 2.20088 -27.3844 
v -14.9004 2.35212 -27.3629 
v -14.679 2.1174 -27.4242 
v -14.5901 2.55099 -27.2903 
v -14.429 2.71543 -27.4736 
v -14.4097 2.56895 -27.347 
v -14.6512 2.74364 -27.3675 
v -14.3724 2.79763 -27.8456 
v -14.4611 2.72919 -27.683 
v -14.5119 2.85383 -27.7517 
v -14.3029 2.64807 -27.8018 
v -14.4611 2.72919 -27.683 
v -14.446 2.65419 -27.6653 
v -14.3029 2.64807 -27.8018 
v -14.4283 2.56577 -27.6438 
v -14.2684 2.46953 -27.7766 
v -14.4451 2.80706 -27.5645 
v -14.6844 2.87341 -27.4419 
v -14.7191 2.98752 -27.5579 
v -14.4607 2.8903 -27.6711 
v -14.4451 2.80706 -27.5645 
v -14.6512 2.74364 -27.3675 
v -14.429 2.71543 -27.4736 
v -14.5572 2.53122 -28.5203 
v -14.3849 2.62655 -28.3416 
v -14.589 2.68615 -28.4693 
v -14.3595 2.49538 -28.3758 
v -15.8327 2.9138 -27.8208 
v -15.7636 3.02365 -27.7602 
v -15.8389 2.9088 -27.7621 
v -15.7707 3.02662 -27.8122 
v -15.8327 2.9138 -27.8208 
v -15.8973 2.80075 -27.7874 
v -15.8804 2.81235 -27.8433 
v -14.3175 2.8268 -28.1238 
v -14.4644 2.99734 -28.2318 
v -14.4039 2.94254 -28.3348 
v -14.3804 2.87283 -28.0955 
v -15.5599 2.0259 -28.4854 
v -15.501 2.0356 -28.5761 
v -15.5611 2.07467 -28.5013 
v -15.5279 1.98459 -28.5155 
v -15.1661 3.16599 -27.5067 
v -15.1373 3.27484 -27.6183 
v -15.0555 3.21602 -27.5674 
v -15.2115 3.21854 -27.545 
v -14.3306 2.81896 -28.2704 
v -14.5706 2.96253 -28.3579 
v -14.5445 2.89707 -28.4584 
v -14.3719 2.8855 -28.2192 
v -14.989 2.05306 -28.6845 
v -14.7479 2.3009 -28.6327 
v -15.1516 2.31345 -28.6915 
v -14.7087 2.00872 -28.5659 
v -14.316 2.6763 -28.1977 
v -14.4599 2.81425 -28.2458 
v -14.4177 2.73066 -28.2999 
v -14.3778 2.79366 -28.1562 
v -14.316 2.6763 -28.1977 
v -14.3849 2.62655 -28.3416 
v -14.6928 1.83408 -28.5352 
v -14.5542 1.85644 -28.4363 
v -14.706 1.9063 -28.5489 
v -14.5683 1.80151 -28.4495 
v -14.5571 2.66755 -27.5166 
v -14.446 2.65419 -27.6653 
v -14.4283 2.56577 -27.6438 
v -14.5907 2.78141 -27.5658 
v -15.7707 3.02662 -27.8122 
v -15.6844 3.11423 -27.7763 
v -15.7636 3.02365 -27.7602 
v -15.6979 3.11415 -27.8226 
v -15.9505 2.63374 -27.8863 
v -15.9467 2.58471 -27.9407 
v -15.9347 2.65976 -27.9201 
v -15.9383 2.61458 -27.9633 
v -15.9467 2.58471 -27.9407 
v -15.9362 2.58491 -28.0071 
v -15.9393 2.55606 -27.9954 
v -15.5641 1.9855 -28.4569 
v -15.5279 1.98459 -28.5155 
v -15.5599 2.0259 -28.4854 
v -15.5524 1.96435 -28.4639 
v -15.5641 1.9855 -28.4569 
v -15.5727 1.96016 -28.4273 
v -14.3185 2.82864 -27.7738 
v -14.4241 2.9133 -27.6146 
v -14.4919 2.98625 -27.7404 
v -14.3847 2.90305 -27.8508 
v -15.6587 2.1759 -27.5669 
v -15.5722 2.23703 -27.4054 
v -15.5438 2.11699 -27.4285 
v -15.6269 2.10947 -27.5368 
v -15.552 2.1159 -27.3754 
v -15.5722 2.23703 -27.4054 
v -15.4055 2.12576 -27.2747 
v -15.4101 2.27269 -27.2747 
v -15.4055 2.12576 -27.2747 
v -15.534 2.04679 -27.3817 
v -15.4174 2.00991 -27.3109 
v -15.9393 2.55606 -27.9954 
v -15.9325 2.56998 -28.0512 
v -15.9362 2.58491 -28.0071 
v -15.9332 2.54585 -28.0493 
v -15.9154 2.55572 -28.1103 
v -15.9325 2.56998 -28.0512 
v -15.9148 2.57008 -28.1072 
v -15.9154 2.55572 -28.1103 
v -15.8772 2.58655 -28.1828 
v -14.2684 2.46953 -27.7766 
v -14.4217 2.48566 -27.6352 
v -14.4283 2.56577 -27.6438 
v -14.4217 2.48566 -27.6352 
v -14.2684 2.46953 -27.7766 
v -14.4157 2.38796 -27.627 
v -14.389 1.70048 -27.7752 
v -14.3446 1.73858 -27.8353 
v -14.3061 1.58763 -27.8899 
v -14.53 2.5489 -27.4859 
v -14.4283 2.56577 -27.6438 
v -14.4217 2.48566 -27.6352 
v -14.5571 2.66755 -27.5166 
v -14.7479 2.3009 -28.6327 
v -14.5398 2.38499 -28.5345 
v -14.7913 2.45702 -28.641 
v -14.5338 2.24151 -28.531 
v -14.7479 2.3009 -28.6327 
v -14.5336 2.10918 -28.5022 
v -14.7087 2.00872 -28.5659 
v -14.5422 1.97836 -28.4713 
v -15.7797 2.12692 -27.9158 
v -15.7327 2.0278 -27.9264 
v -15.7651 2.07692 -28.0051 
v -15.746 2.06226 -27.8867 
v -15.7327 2.0278 -27.9264 
v -15.7074 2.00416 -27.8461 
v -14.679 2.1174 -27.4242 
v -14.4982 2.26106 -27.4759 
v -14.5055 2.09719 -27.5104 
v -14.6898 2.28771 -27.4026 
v -14.5398 2.38499 -28.5345 
v -14.3595 2.49538 -28.3758 
v -14.5572 2.53122 -28.5203 
v -14.3545 2.39835 -28.3914 
v -14.5398 2.38499 -28.5345 
v -14.3636 2.30435 -28.3989 
v -14.5338 2.24151 -28.531 
v -14.316 2.6763 -28.1977 
v -14.3724 2.79763 -27.8456 
v -14.3778 2.79366 -28.1562 
v -14.3029 2.64807 -27.8018 
v -14.4217 2.48566 -27.6352 
v -14.5063 2.41346 -27.4684 
v -14.53 2.5489 -27.4859 
v -14.4157 2.38796 -27.627 
v -14.5275 2.56041 -28.7842 
v -14.4708 2.66186 -28.7191 
v -14.5567 2.65682 -28.7462 
v -14.4503 2.56229 -28.769 
v -15.6521 2.36595 -27.3287 
v -15.6109 2.3303 -27.2284 
v -15.6851 2.26778 -27.3548 
v -15.6113 2.25521 -27.233 
v -15.6109 2.3303 -27.2284 
v -15.5318 2.28531 -27.1232 
v -15.547 2.32484 -27.1245 
v -15.5318 2.28531 -27.1232 
v -15.4593 2.36016 -27.0385 
v -14.4215 2.25391 -27.6307 
v -14.4157 2.38796 -27.627 
v -14.2794 2.28201 -27.7641 
v -14.2684 2.46953 -27.7766 
v -14.5445 2.89707 -28.4584 
v -14.3086 2.74192 -28.3091 
v -14.3306 2.81896 -28.2704 
v -14.5105 2.80565 -28.5378 
v -14.4441 3.05638 -27.7647 
v -14.3302 2.95071 -27.7465 
v -14.3764 2.99389 -27.6703 
v -14.3991 3.01247 -27.8209 
v -14.2741 2.78224 -28.1359 
v -14.4039 2.94254 -28.3348 
v -14.3467 2.84838 -28.4107 
v -14.3175 2.8268 -28.1238 
v -14.316 2.6763 -28.1977 
v -14.3849 2.62655 -28.3416 
v -14.2721 2.50185 -28.2303 
v -14.3595 2.49538 -28.3758 
v -15.587 2.04097 -27.5366 
v -15.6269 2.10947 -27.5368 
v -15.5284 2.01739 -27.4844 
v -15.5438 2.11699 -27.4285 
v -15.5284 2.01739 -27.4844 
v -15.5483 1.95057 -27.5839 
v -14.4302 2.08938 -27.6543 
v -14.4215 2.25391 -27.6307 
v -14.304 2.11164 -27.7662 
v -14.2794 2.28201 -27.7641 
v -14.389 1.70048 -27.7752 
v -14.4222 1.78897 -27.7332 
v -14.3446 1.73858 -27.8353 
v -14.344 1.85968 -27.8036 
v -14.5105 2.80565 -28.5378 
v -14.287 2.66496 -28.3399 
v -14.3086 2.74192 -28.3091 
v -14.4745 2.6983 -28.5924 
v -14.5055 2.09719 -27.5104 
v -14.6715 1.97957 -27.4461 
v -14.679 2.1174 -27.4242 
v -14.5084 1.95488 -27.5581 
v -14.4157 2.38796 -27.627 
v -14.4982 2.26106 -27.4759 
v -14.5063 2.41346 -27.4684 
v -14.4215 2.25391 -27.6307 
v -14.2698 2.74019 -27.7252 
v -14.4241 2.9133 -27.6146 
v -14.3185 2.82864 -27.7738 
v -14.3738 2.79109 -27.5282 
v -14.3029 2.64807 -27.8018 
v -14.316 2.6763 -28.1977 
v -14.2721 2.50185 -28.2303 
v -14.2684 2.46953 -27.7766 
v -14.5226 2.44925 -28.7889 
v -14.4503 2.56229 -28.769 
v -14.5275 2.56041 -28.7842 
v -14.4726 2.43845 -28.7866 
v -14.5226 2.44925 -28.7889 
v -14.5538 2.29861 -28.7501 
v -14.706 1.9063 -28.5489 
v -14.5422 1.97836 -28.4713 
v -14.7087 2.00872 -28.5659 
v -14.5542 1.85644 -28.4363 
v -14.4222 1.78897 -27.7332 
v -14.4333 1.87745 -27.702 
v -14.344 1.85968 -27.8036 
v -14.3325 1.98077 -27.7828 
v -14.304 2.11164 -27.7662 
v -14.3325 1.98077 -27.7828 
v -14.4302 2.08938 -27.6543 
v -14.4319 1.9662 -27.6801 
v -14.4333 1.87745 -27.702 
v -14.3545 2.39835 -28.3914 
v -14.2721 2.50185 -28.2303 
v -14.3595 2.49538 -28.3758 
v -14.2727 2.87 -27.6724 
v -14.3764 2.99389 -27.6703 
v -14.3302 2.95071 -27.7465 
v -14.3198 2.90719 -27.5857 
v -14.304 2.11164 -27.7662 
v -14.2931 2.14484 -28.2384 
v -14.3047 1.95729 -28.2111 
v -14.3325 1.98077 -27.7828 
v -14.3047 1.95729 -28.2111 
v -14.3512 1.83152 -27.8171 
v -14.3165 1.81254 -28.1702 
v -14.3003 1.66829 -28.085 
v -14.3512 1.83152 -27.8171 
v -14.3007 1.68366 -27.8771 
v -14.4745 2.6983 -28.5924 
v -14.2651 2.58574 -28.3636 
v -14.287 2.66496 -28.3399 
v -14.4407 2.58449 -28.6188 
v -14.4215 2.25391 -27.6307 
v -14.5055 2.09719 -27.5104 
v -14.4982 2.26106 -27.4759 
v -14.4302 2.08938 -27.6543 
v -14.4302 2.08938 -27.6543 
v -14.5084 1.95488 -27.5581 
v -14.4319 1.9662 -27.6801 
v -14.3467 2.84838 -28.4107 
v -14.2413 2.73011 -28.1412 
v -14.2741 2.78224 -28.1359 
v -14.295 2.72433 -28.4459 
v -14.3887 2.07322 -28.3701 
v -14.5338 2.24151 -28.531 
v -14.5336 2.10918 -28.5022 
v -14.3636 2.30435 -28.3989 
v -14.5422 1.97836 -28.4713 
v -14.3887 2.07322 -28.3701 
v -14.4074 1.8787 -28.3308 
v -14.3545 2.39835 -28.3914 
v -14.2631 2.33831 -28.2449 
v -14.2721 2.50185 -28.2303 
v -14.3636 2.30435 -28.3989 
v -14.5422 1.97836 -28.4713 
v -14.5542 1.85644 -28.4363 
v -14.4074 1.8787 -28.3308 
v -14.4179 1.78301 -28.3147 
v -14.2684 2.46953 -27.7766 
v -14.2721 2.50185 -28.2303 
v -14.2631 2.33831 -28.2449 
v -14.2794 2.28201 -27.7641 
v -15.4174 2.00991 -27.3109 
v -15.5267 1.97614 -27.4061 
v -15.534 2.04679 -27.3817 
v -15.453 1.93541 -27.3846 
v -15.5267 1.97614 -27.4061 
v -15.5183 1.89563 -27.4683 
v -14.3826 2.32045 -28.5731 
v -14.2782 2.24353 -28.4347 
v -14.2746 2.34587 -28.3877 
v -14.3693 2.25438 -28.5588 
v -14.2585 2.65025 -27.694 
v -14.3738 2.79109 -27.5282 
v -14.2698 2.74019 -27.7252 
v -14.337 2.66453 -27.4961 
v -14.2247 2.77162 -27.6123 
v -14.3198 2.90719 -27.5857 
v -14.2727 2.87 -27.6724 
v -14.2636 2.80203 -27.5234 
v -14.1846 2.11569 -28.1999 
v -14.1793 2.24133 -28.0832 
v -14.1884 2.21318 -28.2495 
v -14.1663 2.11193 -28.1133 
v -14.1846 2.11569 -28.1999 
v -14.142 2.02404 -28.1815 
v -14.4407 2.58449 -28.6188 
v -14.2586 2.50651 -28.3745 
v -14.2651 2.58574 -28.3636 
v -14.4142 2.47704 -28.6187 
v -14.3887 2.07322 -28.3701 
v -14.3047 1.95729 -28.2111 
v -14.2931 2.14484 -28.2384 
v -14.4074 1.8787 -28.3308 
v -14.2794 2.28201 -27.7641 
v -14.2631 2.33831 -28.2449 
v -14.2931 2.14484 -28.2384 
v -14.304 2.11164 -27.7662 
v -14.2389 2.54553 -27.6724 
v -14.337 2.66453 -27.4961 
v -14.2585 2.65025 -27.694 
v -14.2973 2.52103 -27.5062 
v -14.3636 2.30435 -28.3989 
v -14.2931 2.14484 -28.2384 
v -14.2631 2.33831 -28.2449 
v -14.3887 2.07322 -28.3701 
v -14.295 2.72433 -28.4459 
v -14.2104 2.65385 -28.1342 
v -14.2413 2.73011 -28.1412 
v -14.2456 2.58102 -28.4292 
v -14.2122 2.44176 -28.3729 
v -14.2104 2.65385 -28.1342 
v -14.179 2.5318 -28.1063 
v -14.2093 2.41957 -27.665 
v -14.1758 2.29145 -27.6898 
v -14.2515 2.37468 -27.5594 
v -14.1852 2.25556 -27.6412 
v -14.1758 2.29145 -27.6898 
v -14.1159 2.17642 -27.7533 
v -14.4074 1.8787 -28.3308 
v -14.3165 1.81254 -28.1702 
v -14.3047 1.95729 -28.2111 
v -14.3912 1.744 -28.2776 
v -14.3912 1.744 -28.2776 
v -14.3254 1.69211 -28.1336 
v -14.3619 1.64747 -28.1985 
v -14.2389 2.54553 -27.6724 
v -14.2093 2.41957 -27.665 
v -14.2973 2.52103 -27.5062 
v -14.2515 2.37468 -27.5594 
v -14.1787 2.64947 -27.5547 
v -14.2636 2.80203 -27.5234 
v -14.2247 2.77162 -27.6123 
v -14.2066 2.66372 -27.4687 
v -14.3254 1.69211 -28.1336 
v -14.3619 1.64747 -28.1985 
v -14.3281 1.5707 -28.0915 
v -14.4142 2.47704 -28.6187 
v -14.2746 2.34587 -28.3877 
v -14.2586 2.50651 -28.3745 
v -14.3826 2.32045 -28.5731 
v -14.193 2.32255 -28.3124 
v -14.179 2.5318 -28.1063 
v -14.2122 2.44176 -28.3729 
v -14.1678 2.38842 -28.0851 
v -14.1884 2.21318 -28.2495 
v -14.1678 2.38842 -28.0851 
v -14.193 2.32255 -28.3124 
v -14.1793 2.24133 -28.0832 
v -14.1514 2.55281 -27.533 
v -14.2066 2.66372 -27.4687 
v -14.1787 2.64947 -27.5547 
v -14.1766 2.55402 -27.456 
v -14.1348 2.4627 -27.5246 
v -14.1766 2.55402 -27.456 
v -14.1514 2.55281 -27.533 
v -14.1578 2.45493 -27.462 
v -14.1348 2.4627 -27.5246 
v -14.1312 2.38374 -27.5289 
v -14.1578 2.45493 -27.462 
v -14.1498 2.36887 -27.486 
v -14.1312 2.38374 -27.5289 
v -14.1295 2.29848 -27.5578 
v -14.1498 2.36887 -27.486 
v -14.1355 2.28433 -27.5357 
v -14.1295 2.29848 -27.5578 
v -14.1144 2.19743 -27.618 

vn 0.685039 -0.204724 0.700787 
vn 0.732283 -0.314961 0.606299 
vn 0.685039 -0.212598 0.700787 
vn 0.724409 -0.307087 0.614173 
vn 0.732283 -0.314961 0.606299 
vn 0.76378 -0.330709 0.551181 
vn 0.834646 -0.228346 -0.496063 
vn 0.84252 -0.19685 -0.503937 
vn 0.834646 -0.220472 -0.503937 
vn 0.834646 -0.188976 -0.511811 
vn 0.685039 0.188976 0.700787 
vn 0.653543 0.385827 0.645669 
vn 0.685039 0.188976 0.700787 
vn 0.653543 0.385827 0.645669 
vn 0.677165 -0.00787402 0.732283 
vn 0.685039 0.188976 0.700787 
vn 0.677165 -0.015748 0.732283 
vn 0.677165 -0.00787402 0.732283 
vn 0.685039 -0.212598 0.700787 
vn 0.685039 -0.204724 0.700787 
vn 0.614173 0.23622 -0.755906 
vn 0.488189 -0.220472 -0.84252 
vn 0.606299 0.220472 -0.76378 
vn 0.496063 -0.212598 -0.84252 
vn 0.488189 -0.220472 -0.84252 
vn 0.377953 -0.433071 -0.818898 
vn 0.826772 -0.0787402 -0.551181 
vn 0.80315 0.0944882 -0.590551 
vn 0.80315 0.0944882 -0.590551 
vn 0.826772 -0.0787402 -0.551181 
vn 0.826772 -0.0787402 -0.551181 
vn 0.834646 -0.188976 -0.511811 
vn 0.84252 -0.19685 -0.503937 
vn 0.76378 -0.480315 -0.425197 
vn 0.771654 -0.267717 -0.574803 
vn 0.771654 -0.244094 -0.582677 
vn 0.755906 -0.511811 -0.401575 
vn 0.76378 -0.480315 -0.425197 
vn 0.740157 -0.590551 -0.330709 
vn 0.897638 -0.173228 -0.401575 
vn 0.889764 -0.181102 -0.417323 
vn 0.897638 -0.165354 -0.401575 
vn 0.889764 -0.181102 -0.425197 
vn 0.771654 -0.244094 -0.582677 
vn 0.732283 0.0393701 -0.685039 
vn 0.724409 0.0472441 -0.685039 
vn 0.771654 -0.267717 -0.574803 
vn 0.740157 -0.141732 0.653543 
vn 0.685039 -0.0787402 0.724409 
vn 0.732283 -0.141732 0.661417 
vn 0.685039 -0.0787402 0.724409 
vn 0.740157 -0.141732 0.653543 
vn 0.779528 -0.165354 0.598425 
vn -0.0787402 0.0708661 0.992126 
vn -0.0551181 -0.377953 0.929134 
vn -0.0866142 0.0944882 0.992126 
vn -0.0551181 -0.401575 0.913386 
vn -0.0551181 -0.377953 0.929134 
vn -0.0551181 -0.606299 0.795276 
vn 0.937008 -0.188976 0.283465 
vn 0.952756 -0.188976 0.251969 
vn 0.929134 -0.15748 0.338583 
vn 0.952756 -0.110236 0.275591 
vn 0.818898 -0.023622 -0.574803 
vn 0.834646 -0.220472 -0.503937 
vn 0.811024 0.00787402 -0.582677 
vn 0.834646 -0.228346 -0.496063 
vn 0.818898 -0.023622 -0.574803 
vn 0.755906 0.228346 -0.614173 
vn 0.992126 0.0629921 -0.110236 
vn 0.984252 0.102362 -0.11811 
vn 0.992126 0.0629921 -0.110236 
vn 0.984252 0.102362 -0.11811 
vn 0.889764 -0.181102 -0.425197 
vn 0.88189 -0.15748 -0.448819 
vn 0.889764 -0.181102 -0.417323 
vn 0.88189 -0.149606 -0.448819 
vn 0.80315 0.0944882 -0.590551 
vn 0.80315 0.0944882 -0.590551 
vn 0.732283 0.346457 -0.590551 
vn 0.732283 0.346457 -0.590551 
vn 0.866142 -0.102362 -0.496063 
vn 0.834646 -0.188976 -0.519685 
vn 0.88189 -0.0314961 -0.464567 
vn 0.84252 -0.188976 -0.496063 
vn 0.92126 -0.0787402 0.377953 
vn 0.929134 -0.15748 0.338583 
vn 0.92126 -0.0787402 0.377953 
vn 0.937008 -0.188976 0.283465 
vn 0.88189 -0.149606 -0.448819 
vn 0.889764 -0.0629921 -0.456693 
vn 0.88189 -0.15748 -0.448819 
vn 0.889764 -0.0393701 -0.448819 
vn 0.866142 -0.181102 -0.472441 
vn 0.874016 -0.11811 -0.472441 
vn 0.858268 -0.0551181 -0.511811 
vn 0.874016 -0.173228 -0.456693 
vn 0.866142 -0.181102 -0.472441 
vn 0.84252 -0.188976 -0.496063 
vn 0.834646 -0.188976 -0.519685 
vn 0.905512 -0.0708661 -0.417323 
vn 0.897638 -0.165354 -0.401575 
vn 0.905512 -0.0472441 -0.425197 
vn 0.897638 -0.173228 -0.401575 
vn 0.992126 0.0472441 -0.133858 
vn 0.976378 0.11811 -0.15748 
vn 0.992126 -0.0629921 -0.0787402 
vn 0.992126 -0.0629921 -0.0787402 
vn 0.826772 -0.204724 0.527559 
vn 0.826772 -0.204724 0.527559 
vn 0.850394 -0.15748 0.496063 
vn 0.850394 -0.15748 0.496063 
vn -0.275591 -0.448819 0.850394 
vn -0.370079 -0.669291 0.645669 
vn -0.362205 -0.653543 0.661417 
vn -0.275591 -0.464567 0.84252 
vn -0.370079 -0.669291 0.645669 
vn -0.417323 -0.748031 0.519685 
vn 0.992126 0.0314961 -0.0944882 
vn 0.992126 -0.0629921 -0.0787402 
vn 0.992126 -0.0629921 -0.0787402 
vn 0.992126 0.0393701 -0.0944882 
vn -0.732283 -0.472441 0.496063 
vn -0.480315 -0.566929 0.669291 
vn -0.724409 -0.472441 0.496063 
vn -0.472441 -0.566929 0.669291 
vn -0.480315 -0.566929 0.669291 
vn -0.307087 -0.566929 0.76378 
vn 0.669291 0.0551181 0.740157 
vn 0.629921 0.23622 0.740157 
vn 0.629921 0.23622 0.740157 
vn 0.669291 0.0472441 0.740157 
vn 0.669291 0.0551181 0.740157 
vn 0.685039 -0.0787402 0.724409 
vn 0.685039 -0.0787402 0.724409 
vn 0.653543 0.385827 0.645669 
vn 0.582677 0.559055 0.590551 
vn 0.653543 0.385827 0.645669 
vn 0.582677 0.559055 0.590551 
vn 0.992126 0.0629921 -0.110236 
vn 0.976378 0.149606 -0.133858 
vn 0.992126 0.0629921 -0.110236 
vn 0.976378 0.149606 -0.133858 
vn 0.976378 0.149606 -0.133858 
vn 0.96063 0.228346 -0.141732 
vn -0.700787 -0.244094 -0.669291 
vn -0.637795 -0.448819 -0.622047 
vn -0.700787 -0.259843 -0.669291 
vn -0.637795 -0.456693 -0.622047 
vn -0.637795 -0.448819 -0.622047 
vn -0.582677 -0.543307 -0.598425 
vn 0.992126 0.0393701 -0.0944882 
vn 0.992126 0.0314961 -0.0944882 
vn 0.968504 0.204724 -0.110236 
vn 0.968504 0.212598 -0.110236 
vn 0.834646 -0.11811 0.543307 
vn 0.834646 -0.102362 0.543307 
vn 0.826772 -0.204724 0.527559 
vn 0.826772 -0.204724 0.527559 
vn 0.92126 -0.0787402 0.377953 
vn 0.937008 0.0551181 0.346457 
vn 0.92126 -0.0787402 0.377953 
vn 0.944882 0.181102 0.283465 
vn 0.952756 -0.110236 0.275591 
vn 0.968504 -0.0629921 0.244094 
vn 0.952756 -0.188976 0.251969 
vn 0.984252 -0.015748 0.173228 
vn 0.716535 -0.204724 -0.661417 
vn 0.708661 -0.23622 -0.661417 
vn 0.724409 -0.173228 -0.669291 
vn 0.724409 -0.228346 -0.645669 
vn 0.779528 -0.19685 -0.598425 
vn 0.708661 -0.23622 -0.661417 
vn -0.0629921 -0.440945 -0.897638 
vn -0.0944882 -0.543307 -0.834646 
vn -0.0629921 -0.440945 -0.889764 
vn -0.102362 -0.543307 -0.834646 
vn -0.0944882 -0.543307 -0.834646 
vn -0.11811 -0.582677 -0.80315 
vn 0.80315 -0.251969 0.535433 
vn 0.76378 -0.181102 0.614173 
vn 0.80315 -0.244094 0.543307 
vn 0.755906 -0.173228 0.629921 
vn -0.23622 0.204724 -0.952756 
vn -0.15748 -0.0708661 -0.984252 
vn -0.228346 0.19685 -0.952756 
vn -0.15748 -0.0866142 -0.984252 
vn -0.15748 -0.0708661 -0.984252 
vn -0.125984 -0.228346 -0.968504 
vn 0.889764 -0.0393701 -0.448819 
vn 0.88189 0.125984 -0.456693 
vn 0.889764 -0.0629921 -0.456693 
vn 0.874016 0.141732 -0.464567 
vn 0.952756 0.015748 0.314961 
vn 0.92126 -0.0393701 0.377953 
vn 0.944882 0 0.322835 
vn 0.92126 -0.0472441 0.385827 
vn 0.944882 0 0.322835 
vn 0.96063 0.0629921 0.267717 
vn 0.850394 -0.15748 0.496063 
vn 0.850394 -0.15748 0.496063 
vn 0.88189 -0.0629921 0.472441 
vn 0.88189 -0.0629921 0.472441 
vn 0.88189 -0.0629921 0.472441 
vn 0.88189 0.102362 0.464567 
vn 0.88189 0.102362 0.464567 
vn -0.00787402 -0.283465 -0.96063 
vn -0.0629921 -0.440945 -0.897638 
vn -0.00787402 -0.291339 -0.96063 
vn -0.0629921 -0.440945 -0.889764 
vn 0.716535 0 -0.692913 
vn 0.653543 -0.188976 -0.732283 
vn 0.708661 -0.0314961 -0.700787 
vn 0.661417 -0.173228 -0.732283 
vn 0.653543 -0.188976 -0.732283 
vn 0.645669 -0.220472 -0.732283 
vn 0.645669 -0.220472 -0.732283 
vn 0.645669 -0.220472 -0.732283 
vn 0.661417 -0.275591 -0.692913 
vn 0.661417 -0.267717 -0.700787 
vn 0.661417 -0.275591 -0.692913 
vn 0.669291 -0.401575 -0.622047 
vn 0.669291 -0.409449 -0.614173 
vn 0.669291 -0.401575 -0.622047 
vn 0.677165 -0.480315 -0.559055 
vn -0.448819 -0.440945 -0.771654 
vn -0.488189 -0.637795 -0.598425 
vn -0.456693 -0.464567 -0.755906 
vn -0.480315 -0.629921 -0.614173 
vn -0.535433 -0.708661 -0.464567 
vn -0.488189 -0.637795 -0.598425 
vn -0.535433 -0.708661 -0.456693 
vn -0.535433 -0.708661 -0.464567 
vn -0.566929 -0.724409 -0.393701 
vn 0.629921 0.307087 -0.708661 
vn 0.448819 0.559055 -0.700787 
vn 0.622047 0.314961 -0.716535 
vn 0.440945 0.566929 -0.700787 
vn 0.629921 0.307087 -0.708661 
vn 0.724409 0.0472441 -0.685039 
vn 0.732283 0.0393701 -0.685039 
vn 0.76378 -0.181102 0.614173 
vn 0.740157 -0.0944882 0.669291 
vn 0.755906 -0.173228 0.629921 
vn 0.732283 -0.0314961 0.677165 
vn 0.929134 0.0393701 0.362205 
vn 0.92126 -0.0472441 0.385827 
vn 0.92126 -0.0393701 0.377953 
vn 0.929134 0.0472441 0.362205 
vn 0.732283 0.346457 -0.590551 
vn 0.732283 0.346457 -0.590551 
vn 0.629921 0.598425 -0.496063 
vn 0.622047 0.614173 -0.488189 
vn 0.968504 0.212598 -0.110236 
vn 0.968504 0.204724 -0.110236 
vn 0.944882 0.314961 -0.102362 
vn 0.944882 0.314961 -0.102362 
vn 0.456693 0.220472 -0.858268 
vn 0.393701 0.417323 -0.818898 
vn 0.456693 0.212598 -0.866142 
vn 0.393701 0.417323 -0.818898 
vn 0.503937 -0.00787402 -0.866142 
vn 0.456693 0.220472 -0.858268 
vn 0.503937 -0.023622 -0.866142 
vn 0.503937 -0.023622 -0.866142 
vn 0.519685 -0.0944882 -0.850394 
vn 0.519685 -0.0866142 -0.850394 
vn 0.472441 0.102362 -0.874016 
vn 0.519685 -0.0944882 -0.850394 
vn 0.464567 0.133858 -0.874016 
vn 0.984252 -0.0314961 0.165354 
vn 0.992126 0.110236 0.0393701 
vn 0.992126 0 0.110236 
vn 0.984252 0.173228 0.0866142 
vn 0.984252 0.149606 -0.0944882 
vn 0.96063 0.259843 -0.11811 
vn 0.984252 0.149606 -0.0944882 
vn 0.96063 0.267717 -0.11811 
vn 0.944882 0.314961 -0.102362 
vn 0.944882 0.314961 -0.102362 
vn 0.929134 0.362205 -0.102362 
vn 0.929134 0.362205 -0.102362 
vn 0.818898 0.0708661 -0.566929 
vn 0.787402 0.228346 -0.574803 
vn 0.818898 0.0866142 -0.574803 
vn 0.779528 0.267717 -0.559055 
vn 0.858268 -0.0551181 -0.511811 
vn 0.818898 0.0708661 -0.566929 
vn 0.874016 -0.11811 -0.472441 
vn 0.456693 -0.267717 -0.850394 
vn 0.472441 -0.212598 -0.858268 
vn 0.456693 -0.259843 -0.850394 
vn 0.503937 -0.110236 -0.858268 
vn 0.929134 0.362205 -0.102362 
vn 0.866142 0.496063 -0.0629921 
vn 0.929134 0.362205 -0.102362 
vn 0.874016 0.480315 -0.0708661 
vn 0.582677 0.559055 0.590551 
vn 0.511811 0.692913 0.511811 
vn 0.582677 0.559055 0.590551 
vn 0.511811 0.692913 0.511811 
vn 0.968504 0.23622 -0.0787402 
vn 0.976378 0.181102 -0.102362 
vn 0.968504 0.244094 -0.0787402 
vn 0.976378 0.181102 -0.102362 
vn 0.976378 0.181102 -0.102362 
vn 0.984252 0.149606 -0.0944882 
vn 0.976378 0.181102 -0.102362 
vn 0.984252 0.149606 -0.0944882 
vn 0.685039 0.574803 -0.448819 
vn 0.637795 0.511811 -0.574803 
vn 0.685039 0.574803 -0.448819 
vn 0.637795 0.511811 -0.574803 
vn 0.637795 0.511811 -0.574803 
vn 0.606299 0.220472 -0.76378 
vn 0.614173 0.23622 -0.755906 
vn 0.905512 0.409449 0.125984 
vn 0.944882 0.181102 0.283465 
vn 0.929134 0.299213 0.212598 
vn 0.937008 0.0551181 0.346457 
vn 0.448819 -0.228346 -0.866142 
vn 0.456693 -0.259843 -0.850394 
vn 0.448819 -0.228346 -0.866142 
vn 0.456693 -0.267717 -0.850394 
vn 0.976378 -0.0472441 0.204724 
vn 0.992126 -0.023622 0.125984 
vn 0.992126 -0.0393701 0.125984 
vn 0.984252 -0.015748 0.15748 
vn 0.929134 0.212598 0.307087 
vn 0.905512 0.322835 0.283465 
vn 0.929134 0.212598 0.307087 
vn 0.905512 0.322835 0.283465 
vn 0.929134 0.0472441 0.362205 
vn 0.929134 0.212598 0.307087 
vn 0.929134 0.0393701 0.362205 
vn 0.866142 -0.0472441 -0.496063 
vn 0.897638 0.0708661 -0.433071 
vn 0.834646 -0.110236 -0.535433 
vn 0.897638 0.149606 -0.417323 
vn 0.779528 -0.19685 -0.598425 
vn 0.866142 -0.0472441 -0.496063 
vn 0.724409 -0.228346 -0.645669 
vn -0.322835 0.165354 -0.929134 
vn -0.409449 -0.125984 -0.905512 
vn -0.338583 0.141732 -0.929134 
vn -0.409449 -0.149606 -0.897638 
vn -0.409449 -0.125984 -0.905512 
vn -0.401575 -0.433071 -0.811024 
vn -0.401575 -0.417323 -0.811024 
vn -0.401575 -0.433071 -0.811024 
vn -0.377953 -0.559055 -0.740157 
vn -0.251969 -0.110236 0.96063 
vn -0.314961 0.0866142 0.944882 
vn -0.251969 -0.11811 0.96063 
vn -0.314961 0.0866142 0.944882 
vn -0.181102 -0.440945 0.88189 
vn -0.251969 -0.110236 0.96063 
vn -0.181102 -0.425197 0.889764 
vn -0.181102 -0.440945 0.88189 
vn -0.125984 -0.732283 0.669291 
vn -0.125984 -0.748031 0.645669 
vn -0.125984 -0.732283 0.669291 
vn -0.110236 -0.858268 0.496063 
vn 0.519685 -0.307087 0.795276 
vn 0.496063 -0.212598 0.84252 
vn 0.511811 -0.291339 0.811024 
vn 0.496063 -0.212598 0.84252 
vn 0.519685 -0.307087 0.795276 
vn 0.543307 -0.370079 0.755906 
vn -0.023622 0.598425 0.795276 
vn -0.0629921 0.259843 0.96063 
vn -0.023622 0.606299 0.795276 
vn -0.0629921 0.267717 0.96063 
vn -0.141732 -0.11811 0.984252 
vn -0.0629921 0.259843 0.96063 
vn -0.149606 -0.141732 0.976378 
vn -0.141732 -0.11811 0.984252 
vn -0.19685 -0.307087 0.929134 
vn 0.15748 0.220472 -0.96063 
vn 0.0708661 -0.0472441 -1 
vn 0.15748 0.220472 -0.96063 
vn 0.0787402 -0.0393701 -1 
vn -0.00787402 -0.283465 -0.96063 
vn 0.0708661 -0.0472441 -1 
vn -0.00787402 -0.291339 -0.96063 
vn 0.732283 0.188976 -0.653543 
vn 0.716535 0 -0.692913 
vn 0.748031 0.102362 -0.661417 
vn 0.708661 -0.0314961 -0.700787 
vn 0.716535 0.244094 -0.653543 
vn 0.740157 -0.0393701 -0.677165 
vn 0.724409 -0.173228 -0.669291 
vn 0.740157 -0.0314961 -0.677165 
vn 0.716535 -0.204724 -0.661417 
vn 0.614173 0.0944882 -0.787402 
vn 0.527559 0.125984 -0.834646 
vn 0.606299 0.0944882 -0.787402 
vn 0.535433 0.11811 -0.834646 
vn 0.88189 0.102362 0.464567 
vn 0.811024 0.338583 0.472441 
vn 0.88189 0.102362 0.464567 
vn 0.787402 0.385827 0.480315 
vn 0.889764 -0.149606 0.433071 
vn 0.88189 -0.15748 0.433071 
vn 0.80315 -0.251969 0.535433 
vn 0.80315 -0.244094 0.543307 
vn 0.889764 -0.149606 0.433071 
vn 0.944882 0.133858 0.291339 
vn 0.944882 0.15748 0.283465 
vn 0.944882 0.133858 0.291339 
vn 0.929134 0.314961 0.188976 
vn 0.740157 -0.0944882 0.669291 
vn 0.724409 0.0787402 0.685039 
vn 0.732283 -0.0314961 0.677165 
vn 0.716535 0.19685 0.669291 
vn -0.724409 -0.472441 0.496063 
vn -0.874016 -0.314961 0.377953 
vn -0.732283 -0.472441 0.496063 
vn -0.874016 -0.314961 0.370079 
vn 0.850394 0.417323 -0.314961 
vn 0.905512 0.362205 -0.23622 
vn 0.850394 0.417323 -0.314961 
vn 0.905512 0.362205 -0.23622 
vn 0.929134 0.299213 -0.212598 
vn 0.905512 0.362205 -0.23622 
vn 0.929134 0.299213 -0.212598 
vn 0.929134 0.299213 -0.212598 
vn 0.952756 0.23622 -0.204724 
vn 0.952756 0.23622 -0.19685 
vn 0.968504 0.188976 -0.165354 
vn 0.952756 0.23622 -0.204724 
vn 0.968504 0.188976 -0.165354 
vn 0.968504 0.188976 -0.165354 
vn 0.984252 0.102362 -0.11811 
vn 0.984252 0.102362 -0.11811 
vn -0.685039 0.015748 -0.724409 
vn -0.700787 -0.244094 -0.669291 
vn -0.692913 0 -0.724409 
vn -0.700787 -0.259843 -0.669291 
vn 0.811024 0.472441 0.338583 
vn 0.76378 0.456693 0.456693 
vn 0.811024 0.472441 0.338583 
vn 0.76378 0.456693 0.456693 
vn 0.88189 0.125984 -0.456693 
vn 0.874016 0.141732 -0.464567 
vn 0.779528 0.370079 -0.496063 
vn 0.771654 0.393701 -0.496063 
vn 0.968504 -0.0551181 0.23622 
vn 0.984252 -0.0314961 0.165354 
vn 0.96063 -0.0944882 0.251969 
vn 0.992126 0 0.110236 
vn 0.456693 -0.110236 0.88189 
vn 0.433071 -0.228346 0.874016 
vn 0.456693 -0.110236 0.88189 
vn 0.433071 -0.228346 0.874016 
vn 0.433071 -0.228346 0.874016 
vn 0.393701 -0.299213 0.866142 
vn 0.393701 -0.299213 0.866142 
vn 0.448819 -0.228346 -0.866142 
vn 0.433071 -0.11811 -0.897638 
vn 0.448819 -0.228346 -0.866142 
vn 0.433071 -0.102362 -0.897638 
vn -0.637795 -0.732283 0.244094 
vn -0.755906 -0.653543 0.0393701 
vn -0.755906 -0.653543 0.0314961 
vn -0.637795 -0.732283 0.244094 
vn -0.637795 -0.732283 0.244094 
vn -0.559055 -0.755906 0.338583 
vn -0.409449 0.480315 0.779528 
vn -0.283465 0.165354 0.944882 
vn -0.401575 0.464567 0.787402 
vn -0.299213 0.19685 0.937008 
vn -0.11811 -0.228346 0.968504 
vn -0.283465 0.165354 0.944882 
vn -0.0944882 -0.267717 0.96063 
vn -0.11811 -0.228346 0.968504 
vn 0.0393701 -0.480315 0.874016 
vn 0.96063 -0.0944882 0.251969 
vn 0.976378 -0.0472441 0.204724 
vn 0.968504 -0.0551181 0.23622 
vn 0.992126 -0.0393701 0.125984 
vn -0.393701 -0.354331 0.850394 
vn -0.551181 -0.0866142 0.834646 
vn -0.377953 -0.377953 0.84252 
vn -0.574803 -0.0472441 0.818898 
vn -0.259843 -0.653543 0.708661 
vn -0.393701 -0.354331 0.850394 
vn -0.259843 -0.637795 0.724409 
vn -0.259843 -0.653543 0.708661 
vn -0.220472 -0.787402 0.574803 
vn 0.905512 0.322835 0.283465 
vn 0.866142 0.393701 0.307087 
vn 0.905512 0.322835 0.283465 
vn 0.866142 0.393701 0.307087 
vn -0.677165 -0.527559 -0.503937 
vn -0.779528 -0.511811 -0.362205 
vn -0.677165 -0.527559 -0.511811 
vn -0.779528 -0.511811 -0.362205 
vn -0.677165 -0.527559 -0.503937 
vn -0.653543 -0.519685 -0.551181 
vn 0.88189 0.409449 -0.220472 
vn 0.96063 0.267717 -0.11811 
vn 0.889764 0.409449 -0.220472 
vn 0.96063 0.259843 -0.11811 
vn 0.574803 0.740157 -0.346457 
vn 0.692913 0.582677 -0.425197 
vn 0.574803 0.748031 -0.338583 
vn 0.685039 0.590551 -0.425197 
vn 0.692913 0.582677 -0.425197 
vn 0.724409 0.543307 -0.417323 
vn 0.724409 0.543307 -0.417323 
vn 0.685039 0.574803 -0.448819 
vn 0.724409 0.543307 -0.417323 
vn 0.685039 0.574803 -0.448819 
vn 0.76378 0.456693 0.456693 
vn 0.661417 0.511811 0.559055 
vn 0.76378 0.456693 0.456693 
vn 0.645669 0.519685 0.559055 
vn 0.511811 0.685039 0.527559 
vn 0.661417 0.511811 0.559055 
vn 0.519685 0.669291 0.535433 
vn 0.511811 0.685039 0.527559 
vn 0.409449 0.834646 0.362205 
vn 0.409449 0.84252 0.346457 
vn 0.472441 0.244094 0.850394 
vn 0.559055 0.338583 0.755906 
vn 0.559055 0.330709 0.76378 
vn 0.480315 0.244094 0.84252 
vn 0.472441 0.244094 0.850394 
vn 0.354331 0.220472 0.913386 
vn 0.338583 0.228346 0.913386 
vn -0.866142 -0.259843 0.425197 
vn -0.84252 -0.425197 0.330709 
vn -0.866142 -0.259843 0.425197 
vn -0.84252 -0.425197 0.330709 
vn 0.338583 -0.173228 -0.92126 
vn 0.244094 -0.212598 -0.944882 
vn 0.346457 -0.165354 -0.92126 
vn 0.220472 -0.220472 -0.952756 
vn 0.968504 0.244094 -0.0787402 
vn 0.92126 0.377953 -0.0629921 
vn 0.968504 0.23622 -0.0787402 
vn 0.92126 0.385827 -0.0551181 
vn 0.92126 0.377953 -0.0629921 
vn 0.874016 0.480315 -0.0472441 
vn -0.464567 -0.259843 -0.850394 
vn -0.503937 -0.110236 -0.858268 
vn -0.464567 -0.244094 -0.850394 
vn -0.503937 -0.102362 -0.858268 
vn -0.464567 -0.244094 -0.850394 
vn -0.456693 -0.464567 -0.755906 
vn -0.448819 -0.440945 -0.771654 
vn -0.84252 -0.425197 0.330709 
vn -0.866142 -0.472441 0.165354 
vn -0.84252 -0.425197 0.330709 
vn -0.866142 -0.472441 0.165354 
vn 0.984252 0.015748 0.181102 
vn 0.984252 -0.015748 0.15748 
vn 0.992126 -0.023622 0.125984 
vn 0.984252 0.023622 0.181102 
vn 0.984252 0.015748 0.181102 
vn 0.984252 0.0472441 0.188976 
vn -0.669291 -0.685039 -0.291339 
vn -0.685039 -0.661417 -0.307087 
vn -0.574803 -0.80315 -0.173228 
vn -0.566929 -0.811024 -0.15748 
vn -0.574803 -0.80315 -0.173228 
vn -0.511811 -0.850394 -0.0866142 
vn -0.480315 -0.811024 0.338583 
vn -0.724409 -0.685039 0.0708661 
vn -0.732283 -0.685039 0.0629921 
vn -0.472441 -0.811024 0.346457 
vn -0.480315 -0.811024 0.338583 
vn -0.338583 -0.834646 0.433071 
vn -0.779528 0.11811 0.614173 
vn -0.834646 -0.0866142 0.543307 
vn -0.779528 0.125984 0.614173 
vn -0.834646 -0.0787402 0.551181 
vn -0.834646 -0.0866142 0.543307 
vn -0.874016 -0.267717 0.401575 
vn -0.874016 -0.275591 0.393701 
vn -0.874016 -0.267717 0.401575 
vn -0.889764 -0.354331 0.291339 
vn 0.732283 0.503937 -0.464567 
vn 0.905512 0.409449 0.125984 
vn 0.874016 0.480315 -0.0472441 
vn 0.929134 0.299213 0.212598 
vn -0.732283 -0.637795 -0.23622 
vn -0.795276 -0.535433 -0.283465 
vn -0.80315 -0.527559 -0.283465 
vn -0.724409 -0.645669 -0.23622 
vn -0.732283 -0.637795 -0.23622 
vn -0.692913 -0.685039 -0.212598 
vn 0.716535 0.244094 -0.653543 
vn 0.661417 0.409449 -0.629921 
vn 0.716535 0.244094 -0.653543 
vn 0.661417 0.401575 -0.629921 
vn 0.716535 0.244094 -0.653543 
vn 0.692913 0.149606 -0.708661 
vn 0.692913 0.141732 -0.708661 
vn 0.692913 0.149606 -0.708661 
vn 0.606299 0.0944882 -0.787402 
vn 0.614173 0.0944882 -0.787402 
vn 0.866142 0.496063 -0.0629921 
vn 0.748031 0.653543 0.0866142 
vn 0.874016 0.480315 -0.0708661 
vn 0.76378 0.637795 0.0629921 
vn -0.519685 -0.787402 -0.338583 
vn -0.629921 -0.622047 -0.464567 
vn -0.637795 -0.606299 -0.472441 
vn -0.511811 -0.795276 -0.322835 
vn -0.519685 -0.787402 -0.338583 
vn -0.448819 -0.858268 -0.251969 
vn -0.834646 -0.354331 -0.425197 
vn -0.88189 -0.338583 -0.322835 
vn -0.826772 -0.354331 -0.433071 
vn -0.88189 -0.338583 -0.322835 
vn -0.834646 -0.354331 -0.425197 
vn -0.80315 -0.354331 -0.480315 
vn 0.779528 0.267717 -0.559055 
vn 0.748031 0.401575 -0.535433 
vn 0.787402 0.228346 -0.574803 
vn 0.724409 0.448819 -0.519685 
vn 0.511811 0.692913 0.511811 
vn 0.417323 0.818898 0.385827 
vn 0.511811 0.692913 0.511811 
vn 0.417323 0.818898 0.385827 
vn -0.96063 0.173228 0.212598 
vn -0.992126 -0.0314961 0.141732 
vn -0.96063 0.173228 0.212598 
vn -0.992126 -0.023622 0.141732 
vn -0.992126 -0.0314961 0.141732 
vn -0.968504 -0.23622 0.0787402 
vn -0.968504 -0.23622 0.0787402 
vn -0.858268 -0.362205 -0.362205 
vn -0.80315 -0.527559 -0.283465 
vn -0.858268 -0.370079 -0.362205 
vn -0.795276 -0.535433 -0.283465 
vn 0.622047 0.614173 -0.488189 
vn 0.629921 0.598425 -0.496063 
vn 0.503937 0.811024 -0.299213 
vn 0.496063 0.818898 -0.283465 
vn 0.858268 0.0393701 0.511811 
vn 0.866142 0.0472441 0.496063 
vn 0.834646 -0.102362 0.543307 
vn 0.834646 -0.11811 0.543307 
vn 0.393701 -0.0551181 -0.913386 
vn 0.346457 -0.165354 -0.92126 
vn 0.393701 -0.0393701 -0.92126 
vn 0.338583 -0.173228 -0.92126 
vn 0.795276 -0.0944882 0.590551 
vn 0.850394 -0.0787402 0.519685 
vn 0.850394 -0.0787402 0.519685 
vn 0.811024 -0.0944882 0.574803 
vn 0.795276 -0.0944882 0.590551 
vn 0.755906 -0.11811 0.645669 
vn -0.779528 -0.511811 -0.362205 
vn -0.913386 -0.370079 -0.15748 
vn -0.779528 -0.511811 -0.362205 
vn -0.92126 -0.362205 -0.149606 
vn -0.92126 -0.362205 0.15748 
vn -0.88189 -0.472441 0.0787402 
vn -0.92126 -0.354331 0.165354 
vn -0.874016 -0.480315 0.0708661 
vn -0.88189 -0.472441 0.0787402 
vn -0.850394 -0.519685 0.0393701 
vn -0.905512 0.307087 0.299213 
vn -0.96063 0.173228 0.212598 
vn -0.905512 0.307087 0.299213 
vn -0.96063 0.173228 0.212598 
vn 0.905512 -0.0708661 -0.417323 
vn 0.905512 -0.0472441 -0.425197 
vn 0.897638 0.0393701 -0.440945 
vn 0.519685 -0.204724 0.826772 
vn 0.496063 -0.212598 0.84252 
vn 0.519685 -0.19685 0.834646 
vn 0.496063 -0.212598 0.84252 
vn 0.527559 -0.204724 0.826772 
vn 0.519685 -0.204724 0.826772 
vn -0.834646 -0.393701 -0.393701 
vn -0.952756 -0.228346 -0.19685 
vn -0.826772 -0.393701 -0.401575 
vn -0.952756 -0.220472 -0.19685 
vn -0.834646 -0.393701 -0.393701 
vn -0.732283 -0.448819 -0.511811 
vn 0.866142 0.393701 0.307087 
vn 0.811024 0.456693 0.362205 
vn 0.866142 0.393701 0.307087 
vn 0.811024 0.456693 0.362205 
vn 0.795276 0.456693 0.401575 
vn 0.937008 0.275591 0.212598 
vn 0.826772 0.417323 0.370079 
vn 0.937008 0.275591 0.212598 
vn 0.937008 0.275591 0.212598 
vn 0.984252 0.173228 0.0866142 
vn 0.992126 0.110236 0.0393701 
vn 0.393701 -0.299213 0.866142 
vn 0.385827 -0.220472 0.897638 
vn 0.393701 -0.299213 0.866142 
vn 0.385827 -0.244094 0.889764 
vn 0.401575 0.023622 0.913386 
vn 0.385827 -0.220472 0.897638 
vn 0.401575 0.0629921 0.913386 
vn 0.401575 0.023622 0.913386 
vn 0.393701 0.228346 0.889764 
vn -0.984252 -0.149606 -0.0472441 
vn -1 0.00787402 0.0629921 
vn -0.984252 -0.15748 -0.0472441 
vn -1 0.015748 0.0629921 
vn -0.952756 -0.244094 0.181102 
vn -0.937008 -0.267717 0.23622 
vn -0.952756 -0.244094 0.181102 
vn -0.937008 -0.275591 0.23622 
vn -0.629921 0.0393701 -0.771654 
vn -0.708661 -0.0629921 -0.708661 
vn -0.637795 0.0314961 -0.771654 
vn -0.700787 -0.0629921 -0.708661 
vn -0.708661 -0.0629921 -0.708661 
vn -0.740157 -0.110236 -0.661417 
vn 0.535433 -0.165354 0.826772 
vn 0.566929 -0.0708661 0.818898 
vn 0.543307 -0.15748 0.826772 
vn 0.574803 -0.0472441 0.818898 
vn 0.527559 -0.204724 0.826772 
vn 0.535433 -0.165354 0.826772 
vn 0.519685 -0.19685 0.834646 
vn -0.685039 -0.661417 -0.307087 
vn -0.795276 -0.456693 -0.401575 
vn -0.80315 -0.425197 -0.409449 
vn -0.669291 -0.685039 -0.291339 
vn 0.181102 -0.110236 -0.976378 
vn 0.220472 -0.220472 -0.952756 
vn 0.188976 -0.0629921 -0.976378 
vn 0.244094 -0.212598 -0.944882 
vn -0.96063 -0.244094 -0.133858 
vn -0.984252 -0.15748 -0.0472441 
vn -0.96063 -0.244094 -0.141732 
vn -0.984252 -0.149606 -0.0472441 
vn 0.724409 0.0787402 0.685039 
vn 0.677165 0.283465 0.677165 
vn 0.716535 0.19685 0.669291 
vn 0.614173 0.346457 0.708661 
vn 0.889764 0.409449 -0.188976 
vn 0.976378 0.11811 -0.15748 
vn 0.905512 0.377953 -0.19685 
vn 0.992126 0.0472441 -0.133858 
vn 0.905512 0.377953 -0.19685 
vn 0.811024 0.559055 -0.165354 
vn -0.952756 -0.188976 0.244094 
vn -0.96063 -0.228346 0.173228 
vn -0.952756 -0.188976 0.244094 
vn -0.96063 -0.228346 0.173228 
vn -0.96063 -0.228346 0.173228 
vn -0.952756 -0.244094 0.181102 
vn -0.96063 -0.228346 0.173228 
vn -0.952756 -0.244094 0.181102 
vn -0.80315 0.409449 0.425197 
vn -0.905512 0.307087 0.299213 
vn -0.80315 0.409449 0.425197 
vn -0.905512 0.307087 0.299213 
vn 0.669291 0.370079 -0.645669 
vn 0.716535 0.244094 -0.653543 
vn 0.732283 0.188976 -0.653543 
vn 0.629921 0.456693 -0.629921 
vn 0.433071 -0.102362 -0.897638 
vn 0.417323 0.0629921 -0.905512 
vn 0.433071 -0.11811 -0.897638 
vn 0.417323 0.0629921 -0.905512 
vn -0.937008 -0.275591 0.23622 
vn -0.913386 -0.283465 0.299213 
vn -0.937008 -0.267717 0.23622 
vn -0.913386 -0.283465 0.299213 
vn 0.858268 -0.0551181 0.511811 
vn 0.850394 -0.0787402 0.519685 
vn 0.850394 -0.0787402 0.519685 
vn 0.858268 -0.0472441 0.511811 
vn -0.913386 -0.0393701 0.409449 
vn -0.866142 -0.259843 0.425197 
vn -0.913386 -0.0393701 0.409449 
vn -0.866142 -0.259843 0.425197 
vn 0.574803 0.0314961 -0.818898 
vn 0.645669 0.023622 -0.76378 
vn 0.535433 0.0866142 -0.84252 
vn 0.661417 0.0393701 -0.748031 
vn 0.338583 0.228346 0.913386 
vn 0.220472 0.267717 0.937008 
vn 0.354331 0.220472 0.913386 
vn 0.204724 0.275591 0.937008 
vn -0.929134 -0.362205 0.015748 
vn -0.968504 -0.23622 0.0787402 
vn -0.929134 -0.370079 0.015748 
vn -0.968504 -0.23622 0.0787402 
vn -0.874016 -0.188976 -0.456693 
vn -0.858268 -0.362205 -0.362205 
vn -0.874016 -0.188976 -0.448819 
vn -0.858268 -0.370079 -0.362205 
vn -0.464567 0.015748 0.88189 
vn -0.503937 -0.283465 0.818898 
vn -0.464567 0.023622 0.88189 
vn -0.511811 -0.299213 0.811024 
vn -0.511811 -0.566929 0.637795 
vn -0.503937 -0.283465 0.818898 
vn -0.511811 -0.559055 0.645669 
vn -0.511811 -0.566929 0.637795 
vn -0.503937 -0.669291 0.543307 
vn -0.858268 -0.322835 0.409449 
vn -0.858268 -0.251969 0.448819 
vn -0.858268 -0.314961 0.409449 
vn -0.858268 -0.244094 0.448819 
vn -0.858268 -0.314961 0.409449 
vn -0.84252 -0.377953 0.377953 
vn 0.393701 0.417323 -0.818898 
vn 0.322835 0.582677 -0.748031 
vn 0.393701 0.417323 -0.818898 
vn 0.322835 0.582677 -0.748031 
vn -0.913386 -0.283465 0.299213 
vn -0.897638 -0.283465 0.338583 
vn -0.913386 -0.283465 0.299213 
vn -0.897638 -0.283465 0.338583 
vn 0.417323 0.76378 0.488189 
vn 0.228346 0.944882 0.251969 
vn 0.417323 0.76378 0.488189 
vn 0.220472 0.944882 0.251969 
vn 0.417323 0.76378 0.488189 
vn 0.551181 0.496063 0.669291 
vn 0.551181 0.496063 0.669291 
vn 0.629921 0.23622 0.740157 
vn 0.551181 0.496063 0.669291 
vn 0.629921 0.23622 0.740157 
vn -0.905512 -0.251969 -0.330709 
vn -0.96063 -0.244094 -0.141732 
vn -0.905512 -0.251969 -0.354331 
vn -0.96063 -0.244094 -0.133858 
vn -0.905512 -0.251969 -0.330709 
vn -0.826772 -0.228346 -0.511811 
vn 0.259843 -0.141732 0.952756 
vn 0.23622 -0.133858 0.96063 
vn 0.23622 -0.133858 0.96063 
vn 0.259843 -0.133858 0.952756 
vn -0.80315 -0.598425 -0.0314961 
vn -0.818898 -0.559055 0.15748 
vn -0.795276 -0.606299 -0.0629921 
vn -0.818898 -0.551181 0.15748 
vn -0.80315 -0.598425 -0.0314961 
vn -0.755906 -0.606299 -0.23622 
vn 0.771654 0.496063 -0.393701 
vn 0.889764 0.409449 -0.220472 
vn 0.787402 0.488189 -0.377953 
vn 0.88189 0.409449 -0.220472 
vn -0.889764 0.354331 0.283465 
vn -0.96063 0.204724 0.173228 
vn -0.889764 0.362205 0.283465 
vn -0.96063 0.212598 0.173228 
vn -0.96063 0.204724 0.173228 
vn -1 0.015748 0.0629921 
vn -1 0.00787402 0.0629921 
vn 0.598425 0.456693 0.661417 
vn 0.622047 0.559055 0.543307 
vn 0.598425 0.456693 0.661417 
vn 0.622047 0.559055 0.543307 
vn 0.559055 0.330709 0.76378 
vn 0.598425 0.456693 0.661417 
vn 0.559055 0.338583 0.755906 
vn 0.984252 -0.015748 0.173228 
vn 0.992126 0.110236 0.0944882 
vn 0.968504 -0.0629921 0.244094 
vn 0.984252 0.125984 0.0944882 
vn 0.992126 0.110236 0.0944882 
vn 0.968504 0.228346 0.0472441 
vn -0.897638 -0.283465 0.338583 
vn -0.897638 -0.283465 0.338583 
vn -0.897638 -0.283465 0.338583 
vn -0.897638 -0.283465 0.338583 
vn -0.897638 -0.283465 0.338583 
vn -0.897638 -0.283465 0.338583 
vn 0.314961 0 0.944882 
vn 0.259843 -0.133858 0.952756 
vn 0.259843 -0.141732 0.952756 
vn 0.330709 0.0314961 0.944882 
vn -0.503937 -0.110236 -0.858268 
vn -0.551181 0.0314961 -0.834646 
vn -0.503937 -0.102362 -0.858268 
vn -0.551181 0.0393701 -0.834646 
vn 0.425197 0.0551181 0.905512 
vn 0.370079 0.220472 0.905512 
vn 0.370079 0.228346 0.905512 
vn 0.425197 0.0551181 0.905512 
vn 0.425197 0.0551181 0.905512 
vn 0.456693 -0.110236 0.88189 
vn 0.456693 -0.110236 0.88189 
vn 0.866142 0.0472441 0.496063 
vn 0.858268 0.0393701 0.511811 
vn 0.88189 0.0866142 0.464567 
vn -0.755906 -0.653543 0.0314961 
vn -0.826772 -0.527559 -0.188976 
vn -0.826772 -0.519685 -0.19685 
vn -0.755906 -0.653543 0.0393701 
vn -0.582677 -0.622047 -0.527559 
vn -0.527559 -0.755906 -0.377953 
vn -0.582677 -0.629921 -0.511811 
vn -0.527559 -0.771654 -0.362205 
vn -0.527559 -0.755906 -0.377953 
vn -0.488189 -0.826772 -0.267717 
vn 0.566929 -0.0708661 0.818898 
vn 0.574803 -0.0472441 0.818898 
vn 0.574803 0.0314961 0.818898 
vn 0.566929 0.165354 0.811024 
vn 0.433071 0.748031 -0.503937 
vn 0.559055 0.645669 -0.527559 
vn 0.440945 0.740157 -0.511811 
vn 0.559055 0.645669 -0.519685 
vn -0.724409 -0.385827 -0.566929 
vn -0.637795 -0.606299 -0.472441 
vn -0.724409 -0.409449 -0.559055 
vn -0.629921 -0.622047 -0.464567 
vn -0.889764 -0.417323 -0.165354 
vn -0.929134 -0.370079 0.015748 
vn -0.889764 -0.417323 -0.173228 
vn -0.929134 -0.362205 0.015748 
vn -0.779528 0.11811 0.614173 
vn -0.716535 0.322835 0.614173 
vn -0.716535 0.314961 0.614173 
vn -0.779528 0.125984 0.614173 
vn 0.897638 0.220472 -0.393701 
vn 0.897638 0.149606 -0.417323 
vn 0.889764 0.275591 -0.362205 
vn 0.897638 0.0708661 -0.433071 
vn -0.858268 -0.244094 0.448819 
vn -0.88189 -0.15748 0.448819 
vn -0.88189 -0.149606 0.448819 
vn -0.858268 -0.251969 0.448819 
vn 0.755906 0.488189 -0.440945 
vn 0.850394 0.417323 -0.314961 
vn 0.755906 0.488189 -0.440945 
vn 0.850394 0.417323 -0.314961 
vn -0.84252 0.110236 0.527559 
vn -0.913386 -0.0551181 0.401575 
vn -0.84252 0.110236 0.527559 
vn -0.913386 -0.0551181 0.401575 
vn -0.913386 -0.0551181 0.401575 
vn -0.952756 -0.188976 0.244094 
vn -0.952756 -0.188976 0.244094 
vn -0.874016 -0.472441 0.102362 
vn -0.866142 -0.496063 0.015748 
vn -0.874016 -0.480315 0.0944882 
vn -0.866142 -0.496063 0.00787402 
vn -0.874016 -0.480315 0.0944882 
vn -0.88189 -0.448819 0.133858 
vn -0.251969 -0.322835 0.913386 
vn -0.259843 -0.322835 0.913386 
vn -0.259843 -0.267717 0.929134 
vn -0.267717 -0.259843 0.929134 
vn 0.464567 0.275591 0.84252 
vn 0.590551 0.259843 0.76378 
vn 0.425197 0.307087 0.850394 
vn 0.637795 0.283465 0.716535 
vn 0.84252 -0.00787402 0.543307 
vn 0.80315 0.0629921 0.590551 
vn 0.834646 0 0.551181 
vn 0.787402 0.11811 0.606299 
vn 0.858268 -0.0472441 0.511811 
vn 0.858268 -0.0551181 0.511811 
vn 0.84252 -0.00787402 0.543307 
vn 0.834646 0 0.551181 
vn -0.944882 -0.291339 0.15748 
vn -0.976378 -0.19685 0.102362 
vn -0.976378 -0.19685 0.102362 
vn -0.944882 -0.291339 0.15748 
vn -0.984252 0.015748 0.15748 
vn -0.952756 -0.165354 0.259843 
vn -0.984252 0.00787402 0.15748 
vn -0.952756 -0.15748 0.251969 
vn -0.874016 -0.314961 0.370079 
vn -0.952756 -0.165354 0.259843 
vn -0.874016 -0.314961 0.377953 
vn -0.88189 -0.338583 -0.322835 
vn -0.937008 -0.283465 -0.204724 
vn -0.88189 -0.338583 -0.322835 
vn -0.937008 -0.283465 -0.19685 
vn 0.23622 -0.133858 0.96063 
vn 0.220472 -0.0393701 0.976378 
vn 0.220472 -0.0393701 0.976378 
vn 0.23622 -0.133858 0.96063 
vn -0.448819 -0.188976 -0.874016 
vn -0.393701 0.0551181 -0.913386 
vn -0.448819 -0.149606 -0.88189 
vn -0.385827 0.0787402 -0.92126 
vn -0.448819 -0.149606 -0.88189 
vn -0.448819 -0.464567 -0.76378 
vn -0.448819 -0.440945 -0.779528 
vn -0.448819 -0.464567 -0.76378 
vn -0.425197 -0.582677 -0.692913 
vn 0.724409 0.448819 -0.519685 
vn 0.677165 0.559055 -0.488189 
vn 0.748031 0.401575 -0.535433 
vn 0.661417 0.590551 -0.472441 
vn -0.897638 -0.338583 -0.275591 
vn -0.889764 -0.377953 -0.259843 
vn -0.897638 -0.338583 -0.283465 
vn -0.88189 -0.385827 -0.259843 
vn -0.889764 -0.377953 -0.259843 
vn -0.858268 -0.433071 -0.275591 
vn -0.582677 -0.622047 -0.527559 
vn -0.637795 -0.472441 -0.614173 
vn -0.637795 -0.464567 -0.614173 
vn -0.582677 -0.629921 -0.511811 
vn -0.779528 0.456693 0.425197 
vn -0.889764 0.354331 0.283465 
vn -0.779528 0.456693 0.425197 
vn -0.889764 0.362205 0.283465 
vn 0.559055 0.645669 -0.519685 
vn 0.559055 0.645669 -0.527559 
vn 0.614173 0.700787 -0.362205 
vn 0.614173 0.708661 -0.362205 
vn -0.228346 0.19685 -0.952756 
vn -0.291339 0.417323 -0.858268 
vn -0.23622 0.204724 -0.952756 
vn -0.291339 0.425197 -0.858268 
vn -0.456693 0.685039 0.566929 
vn -0.653543 0.519685 0.551181 
vn -0.456693 0.685039 0.566929 
vn -0.653543 0.519685 0.551181 
vn -0.80315 0.409449 0.425197 
vn -0.653543 0.519685 0.551181 
vn -0.80315 0.409449 0.425197 
vn -0.188976 0.346457 0.913386 
vn -0.259843 0.0314961 0.968504 
vn -0.275591 0.181102 0.944882 
vn -0.259843 0.0314961 0.96063 
vn -0.259843 0.0314961 0.968504 
vn -0.220472 -0.188976 0.952756 
vn -0.228346 -0.19685 0.952756 
vn -0.275591 -0.464567 0.84252 
vn -0.220472 -0.188976 0.952756 
vn -0.275591 -0.448819 0.850394 
vn 0.535433 0.11811 -0.834646 
vn 0.496063 0.244094 -0.834646 
vn 0.527559 0.125984 -0.834646 
vn 0.496063 0.228346 -0.834646 
vn 0.472441 0.377953 -0.795276 
vn 0.496063 0.244094 -0.834646 
vn 0.464567 0.417323 -0.779528 
vn 0.472441 0.377953 -0.795276 
vn 0.448819 0.488189 -0.748031 
vn 0.488189 0.212598 -0.850394 
vn 0.535433 0.0866142 -0.84252 
vn 0.480315 0.267717 -0.834646 
vn 0.574803 0.0314961 -0.818898 
vn -0.433071 0.299213 -0.850394 
vn -0.551181 0.15748 -0.818898 
vn -0.433071 0.299213 -0.850394 
vn -0.551181 0.15748 -0.818898 
vn -0.551181 0.15748 -0.818898 
vn -0.637795 0.0314961 -0.771654 
vn -0.629921 0.0393701 -0.771654 
vn -0.0314961 -0.0708661 -1 
vn 0 0 -1 
vn -0.0551181 -0.0866142 -0.992126 
vn 0.00787402 0.0314961 -1 
vn -0.992126 -0.133858 0 
vn -0.92126 -0.362205 -0.149606 
vn -0.992126 -0.125984 0 
vn -0.913386 -0.370079 -0.15748 
vn 0.661417 0.409449 -0.629921 
vn 0.566929 0.598425 -0.559055 
vn 0.661417 0.401575 -0.629921 
vn 0.574803 0.598425 -0.559055 
vn 0.590551 0.425197 0.685039 
vn 0.614173 0.346457 0.708661 
vn 0.590551 0.385827 0.708661 
vn 0.677165 0.283465 0.677165 
vn -0.80315 -0.425197 -0.409449 
vn -0.874016 -0.244094 -0.417323 
vn -0.88189 -0.228346 -0.409449 
vn -0.795276 -0.456693 -0.401575 
vn -0.874016 0.00787402 -0.488189 
vn -0.874016 -0.188976 -0.456693 
vn -0.874016 0.00787402 -0.488189 
vn -0.874016 -0.188976 -0.448819 
vn -0.992126 -0.0393701 -0.0787402 
vn -0.952756 -0.220472 -0.19685 
vn -1 -0.0393701 -0.0787402 
vn -0.952756 -0.228346 -0.19685 
vn -0.897638 -0.354331 0.259843 
vn -0.88189 -0.440945 0.165354 
vn -0.897638 -0.370079 0.251969 
vn -0.88189 -0.440945 0.15748 
vn -0.88189 -0.440945 0.165354 
vn -0.897638 -0.433071 0.102362 
vn -0.937008 -0.23622 0.259843 
vn -0.92126 -0.354331 0.165354 
vn -0.937008 -0.220472 0.267717 
vn -0.92126 -0.362205 0.15748 
vn -0.92126 -0.102362 -0.370079 
vn -0.897638 -0.259843 -0.354331 
vn -0.92126 -0.102362 -0.370079 
vn -0.897638 -0.251969 -0.354331 
vn -0.897638 -0.259843 -0.354331 
vn -0.897638 -0.338583 -0.283465 
vn -0.897638 -0.338583 -0.275591 
vn 0.417323 0.0629921 -0.905512 
vn 0.385827 0.244094 -0.889764 
vn 0.417323 0.0629921 -0.905512 
vn 0.385827 0.23622 -0.889764 
vn 0.440945 0.897638 -0.0629921 
vn 0.330709 0.874016 0.354331 
vn 0.448819 0.889764 -0.0866142 
vn 0.330709 0.866142 0.370079 
vn 0.440945 0.897638 -0.0629921 
vn 0.574803 0.740157 -0.346457 
vn 0.574803 0.748031 -0.338583 
vn -0.897638 -0.354331 0.259843 
vn -0.929134 -0.228346 0.283465 
vn -0.937008 -0.220472 0.283465 
vn -0.897638 -0.370079 0.251969 
vn -0.952756 -0.23622 0.19685 
vn -0.968504 -0.204724 0.149606 
vn -0.968504 -0.204724 0.149606 
vn -0.952756 -0.23622 0.204724 
vn -0.952756 -0.23622 0.19685 
vn -0.937008 -0.244094 0.23622 
vn 0.661417 0.0393701 -0.748031 
vn 0.645669 0.0472441 -0.76378 
vn 0.645669 0.023622 -0.76378 
vn 0.653543 0.0551181 -0.755906 
vn 0.519685 0.0314961 -0.850394 
vn 0.645669 0.0472441 -0.76378 
vn 0.503937 0.0393701 -0.858268 
vn 0.519685 0.0314961 -0.850394 
vn 0.440945 0.0787402 -0.897638 
vn -0.732283 -0.685039 0.0629921 
vn -0.818898 -0.543307 -0.204724 
vn -0.818898 -0.535433 -0.212598 
vn -0.724409 -0.685039 0.0708661 
vn 0.220472 0.370079 -0.897638 
vn 0.15748 0.220472 -0.96063 
vn 0.220472 0.370079 -0.897638 
vn 0.15748 0.220472 -0.96063 
vn -0.944882 -0.291339 0.15748 
vn -0.944882 -0.291339 0.15748 
vn -0.96063 -0.228346 0.15748 
vn -0.96063 -0.228346 0.15748 
vn -0.968504 -0.204724 0.149606 
vn -0.96063 -0.228346 0.15748 
vn -0.968504 -0.204724 0.149606 
vn 0.811024 0.456693 0.362205 
vn 0.732283 0.496063 0.472441 
vn 0.811024 0.456693 0.362205 
vn 0.724409 0.496063 0.480315 
vn -0.685039 -0.275591 -0.677165 
vn -0.637795 -0.464567 -0.614173 
vn -0.685039 -0.275591 -0.677165 
vn -0.637795 -0.472441 -0.614173 
vn -0.0393701 1 0.0472441 
vn -0.173228 0.92126 0.346457 
vn -0.0314961 1 0.0393701 
vn -0.165354 0.92126 0.346457 
vn -0.338583 0.795276 0.496063 
vn -0.173228 0.92126 0.346457 
vn -0.346457 0.795276 0.503937 
vn -0.338583 0.795276 0.496063 
vn -0.503937 0.685039 0.527559 
vn -0.511811 0.677165 0.527559 
vn -0.582677 -0.173228 -0.795276 
vn -0.393701 -0.314961 -0.866142 
vn -0.559055 -0.181102 -0.811024 
vn -0.385827 -0.346457 -0.858268 
vn -0.393701 -0.314961 -0.866142 
vn -0.330709 -0.464567 -0.826772 
vn 0.204724 0.141732 -0.968504 
vn 0.188976 -0.0629921 -0.976378 
vn 0.204724 0.165354 -0.96063 
vn 0.181102 -0.110236 -0.976378 
vn 0.771654 0.393701 -0.496063 
vn 0.779528 0.370079 -0.496063 
vn 0.566929 0.645669 -0.511811 
vn 0.543307 0.661417 -0.511811 
vn -0.889764 -0.417323 -0.173228 
vn -0.826772 -0.370079 -0.433071 
vn -0.889764 -0.417323 -0.165354 
vn -0.818898 -0.370079 -0.433071 
vn -0.826772 -0.370079 -0.433071 
vn -0.779528 -0.307087 -0.543307 
vn 0.897638 0.314961 -0.299213 
vn 0.889764 0.275591 -0.362205 
vn 0.913386 0.346457 -0.220472 
vn 0.897638 0.220472 -0.393701 
vn 0.661417 0.622047 0.417323 
vn 0.590551 0.425197 0.685039 
vn 0.622047 0.511811 0.590551 
vn 0.590551 0.385827 0.708661 
vn -0.590551 0.291339 -0.748031 
vn -0.685039 0.015748 -0.724409 
vn -0.598425 0.283465 -0.748031 
vn -0.692913 0 -0.724409 
vn -0.0314961 -0.00787402 1 
vn 0.015748 0.0787402 1 
vn 0.023622 0.0944882 0.992126 
vn -0.0314961 -0.00787402 1 
vn -0.0314961 -0.00787402 1 
vn -0.11811 -0.00787402 0.992126 
vn -0.125984 -0.00787402 0.992126 
vn -0.929134 -0.0787402 -0.370079 
vn -0.88189 -0.228346 -0.409449 
vn -0.929134 -0.0866142 -0.370079 
vn -0.874016 -0.244094 -0.417323 
vn -0.330709 0.023622 -0.944882 
vn -0.338583 0.110236 -0.937008 
vn -0.330709 0.015748 -0.944882 
vn -0.338583 0.133858 -0.929134 
vn -0.330709 0.023622 -0.944882 
vn -0.307087 0.023622 -0.952756 
vn -0.307087 0.0314961 -0.952756 
vn -0.267717 0.15748 -0.952756 
vn -0.307087 0.0314961 -0.952756 
vn -0.259843 0.19685 -0.944882 
vn -0.267717 0.15748 -0.952756 
vn -0.220472 0.299213 -0.929134 
vn -0.559055 -0.181102 -0.811024 
vn -0.787402 0 -0.622047 
vn -0.582677 -0.173228 -0.795276 
vn -0.795276 0.00787402 -0.606299 
vn 0.385827 0.0314961 0.92126 
vn 0.401575 -0.00787402 0.913386 
vn 0.401575 -0.00787402 0.913386 
vn 0.377953 0.0314961 0.92126 
vn 0.401575 -0.00787402 0.913386 
vn 0.393701 -0.023622 0.92126 
vn 0.393701 -0.023622 0.92126 
vn 0.370079 0.102362 0.92126 
vn 0.393701 -0.023622 0.92126 
vn 0.377953 0.0708661 0.92126 
vn 0.370079 0.102362 0.92126 
vn 0.370079 0.244094 0.897638 
vn 0.566929 0.165354 0.811024 
vn 0.543307 0.11811 0.834646 
vn 0.574803 0.0314961 0.818898 
vn 0.425197 0.307087 0.850394 
vn 0.385827 0.448819 0.80315 
vn 0.464567 0.275591 0.84252 
vn 0.401575 0.511811 0.76378 
vn 0.669291 0.629921 -0.393701 
vn 0.566929 0.614173 -0.543307 
vn 0.566929 0.614173 -0.543307 
vn 0.685039 0.629921 -0.354331 
vn 0.669291 0.629921 -0.393701 
vn 0.795276 0.606299 -0.0314961 
vn 0.787402 0.614173 -0.0629921 
vn 0.818898 0.535433 0.204724 
vn 0.795276 0.606299 -0.0314961 
vn 0.818898 0.535433 0.204724 
vn 0.818898 0.535433 0.204724 
vn 0.811024 0.472441 0.338583 
vn 0.811024 0.472441 0.338583 
vn -0.716535 0.314961 0.614173 
vn -0.653543 0.472441 0.590551 
vn -0.661417 0.472441 0.590551 
vn -0.716535 0.322835 0.614173 
vn -0.889764 -0.440945 -0.102362 
vn -0.897638 -0.433071 -0.110236 
vn -0.866142 -0.496063 0.00787402 
vn -0.866142 -0.496063 0.015748 
vn 0.440945 0.566929 -0.700787 
vn 0.0787402 0.811024 -0.582677 
vn 0.448819 0.559055 -0.700787 
vn 0.0314961 0.826772 -0.559055 
vn 0.637795 0.653543 0.409449 
vn 0.622047 0.559055 0.543307 
vn 0.637795 0.653543 0.409449 
vn 0.622047 0.559055 0.543307 
vn -0.259843 0.283465 -0.92126 
vn -0.188976 0.314961 -0.929134 
vn -0.259843 0.275591 -0.92126 
vn -0.181102 0.322835 -0.929134 
vn 0.787402 0.11811 0.606299 
vn 0.755906 0.220472 0.614173 
vn 0.732283 0.291339 0.606299 
vn 0.80315 0.0629921 0.590551 
vn -0.551181 0.0314961 -0.834646 
vn -0.590551 0.212598 -0.779528 
vn -0.551181 0.0393701 -0.834646 
vn -0.590551 0.204724 -0.779528 
vn -0.23622 -0.165354 0.96063 
vn -0.188976 0.0472441 0.976378 
vn -0.23622 -0.165354 0.96063 
vn -0.188976 0.102362 0.976378 
vn -0.267717 -0.259843 0.929134 
vn -0.23622 -0.165354 0.96063 
vn -0.259843 -0.267717 0.929134 
vn -0.133858 0.354331 0.929134 
vn -0.0866142 0.0944882 0.992126 
vn -0.133858 0.362205 0.92126 
vn -0.0787402 0.0708661 0.992126 
vn -0.732283 0.433071 0.519685 
vn -0.755906 0.291339 0.582677 
vn -0.732283 0.440945 0.519685 
vn -0.755906 0.291339 0.590551 
vn -0.755906 0.291339 0.582677 
vn -0.724409 0.228346 0.645669 
vn -0.913386 -0.0314961 0.401575 
vn -0.866142 -0.00787402 0.496063 
vn -0.913386 -0.0314961 0.401575 
vn -0.866142 -0.00787402 0.496063 
vn 0.0866142 0.354331 0.929134 
vn 0.204724 0.275591 0.937008 
vn 0.0708661 0.370079 0.929134 
vn 0.220472 0.267717 0.937008 
vn -0.692913 -0.023622 -0.716535 
vn -0.685039 -0.275591 -0.677165 
vn -0.692913 -0.023622 -0.716535 
vn -0.685039 -0.275591 -0.677165 
vn 0.614173 0.708661 -0.362205 
vn 0.614173 0.700787 -0.362205 
vn 0.629921 0.755906 -0.165354 
vn 0.629921 0.76378 -0.149606 
vn -0.598425 0.574803 0.551181 
vn -0.370079 0.748031 0.551181 
vn -0.606299 0.574803 0.551181 
vn -0.370079 0.748031 0.551181 
vn -0.779528 0.456693 0.425197 
vn -0.598425 0.574803 0.551181 
vn -0.779528 0.456693 0.425197 
vn 0.661417 0.590551 -0.472441 
vn 0.637795 0.677165 -0.362205 
vn 0.677165 0.559055 -0.488189 
vn 0.645669 0.708661 -0.291339 
vn -0.244094 -0.220472 0.944882 
vn -0.23622 -0.19685 0.952756 
vn -0.259843 -0.322835 0.913386 
vn -0.251969 -0.322835 0.913386 
vn -0.133858 0.0944882 0.984252 
vn -0.23622 -0.19685 0.952756 
vn -0.11811 0.125984 0.984252 
vn -0.133858 0.0944882 0.984252 
vn -0.023622 0.322835 0.944882 
vn 0.322835 0.582677 -0.748031 
vn 0.212598 0.748031 -0.629921 
vn 0.322835 0.582677 -0.748031 
vn 0.212598 0.748031 -0.629921 
vn 0.377953 0.0314961 0.92126 
vn 0.354331 0.102362 0.929134 
vn 0.346457 0.125984 0.929134 
vn 0.385827 0.0314961 0.92126 
vn -0.338583 0.141732 -0.929134 
vn -0.15748 0.370079 -0.913386 
vn -0.322835 0.165354 -0.929134 
vn -0.141732 0.393701 -0.913386 
vn -0.818898 -0.551181 0.15748 
vn -0.84252 -0.456693 0.283465 
vn -0.818898 -0.559055 0.15748 
vn -0.84252 -0.456693 0.283465 
vn -0.976378 -0.19685 0.102362 
vn -1 -0.023622 0.0787402 
vn -1 -0.023622 0.0787402 
vn -0.976378 -0.19685 0.102362 
vn -0.606299 0.314961 -0.724409 
vn -0.629921 0.267717 -0.732283 
vn -0.606299 0.314961 -0.732283 
vn -0.629921 0.267717 -0.732283 
vn 0.220472 -0.0393701 0.976378 
vn 0.19685 0.133858 0.968504 
vn 0.19685 0.133858 0.968504 
vn 0.220472 -0.0393701 0.976378 
vn 0.283465 0.440945 -0.850394 
vn 0.220472 0.370079 -0.897638 
vn 0.275591 0.440945 -0.850394 
vn 0.220472 0.370079 -0.897638 
vn -0.88189 -0.149606 0.448819 
vn -0.858268 -0.204724 0.472441 
vn -0.88189 -0.133858 0.448819 
vn -0.858268 -0.204724 0.480315 
vn 0.574803 0.598425 -0.559055 
vn 0.566929 0.598425 -0.559055 
vn 0.496063 0.779528 -0.385827 
vn 0.496063 0.787402 -0.377953 
vn -0.606299 -0.456693 -0.645669 
vn -0.669291 -0.527559 -0.519685 
vn -0.677165 -0.527559 -0.503937 
vn -0.606299 -0.433071 -0.669291 
vn 0.653543 0.708661 0.275591 
vn 0.614173 0.724409 0.322835 
vn 0.653543 0.708661 0.259843 
vn 0.614173 0.724409 0.322835 
vn 0.653543 0.708661 0.259843 
vn 0.677165 0.732283 0.0629921 
vn 0.669291 0.740157 0.00787402 
vn 0.543307 0.417323 0.724409 
vn 0.551181 0.23622 0.795276 
vn 0.566929 0.165354 0.811024 
vn 0.566929 0.307087 0.76378 
vn 0.543307 0.11811 0.834646 
vn 0.551181 0.23622 0.795276 
vn -0.779528 0.259843 0.574803 
vn -0.84252 0.110236 0.527559 
vn -0.779528 0.267717 0.574803 
vn -0.84252 0.110236 0.527559 
vn -0.937008 -0.283465 -0.19685 
vn -0.984252 -0.173228 -0.0708661 
vn -0.937008 -0.283465 -0.204724 
vn -0.984252 -0.173228 -0.0708661 
vn -0.84252 -0.212598 0.496063 
vn -0.858268 -0.204724 0.480315 
vn -0.84252 -0.212598 0.496063 
vn -0.858268 -0.204724 0.472441 
vn -0.84252 -0.212598 0.496063 
vn -0.84252 -0.204724 0.503937 
vn -0.637795 0.275591 -0.724409 
vn -0.645669 0.275591 -0.716535 
vn -0.637795 0.275591 -0.724409 
vn -0.645669 0.275591 -0.716535 
vn -0.76378 -0.15748 -0.622047 
vn -0.724409 -0.385827 -0.566929 
vn -0.76378 -0.173228 -0.622047 
vn -0.724409 -0.409449 -0.559055 
vn -0.968504 0.228346 0.133858 
vn -0.992126 0.110236 0.015748 
vn -0.968504 0.228346 0.133858 
vn -0.992126 0.110236 0.015748 
vn -0.992126 0.110236 0.015748 
vn -1 -0.0393701 -0.0787402 
vn -0.992126 -0.0393701 -0.0787402 
vn -0.984252 0.023622 -0.181102 
vn -0.968504 -0.204724 -0.11811 
vn -0.984252 0.023622 -0.181102 
vn -0.968504 -0.204724 -0.11811 
vn -0.889764 -0.0708661 0.448819 
vn -0.84252 -0.015748 0.535433 
vn -0.889764 -0.0708661 0.448819 
vn -0.84252 -0.015748 0.535433 
vn -0.377953 0.23622 0.889764 
vn -0.448819 0.385827 0.80315 
vn -0.377953 0.23622 0.897638 
vn -0.448819 0.385827 0.811024 
vn -0.377953 0.23622 0.897638 
vn -0.314961 0.0866142 0.944882 
vn -0.314961 0.0866142 0.944882 
vn -0.204724 0.0629921 0.976378 
vn -0.125984 -0.00787402 0.992126 
vn -0.204724 0.0629921 0.976378 
vn -0.11811 -0.00787402 0.992126 
vn -0.622047 0.275591 -0.732283 
vn -0.645669 0.275591 -0.716535 
vn -0.622047 0.275591 -0.732283 
vn -0.645669 0.275591 -0.716535 
vn -0.629921 0.566929 -0.527559 
vn -0.669291 0.393701 -0.629921 
vn -0.629921 0.566929 -0.527559 
vn -0.669291 0.393701 -0.629921 
vn -0.661417 0.275591 -0.692913 
vn -0.669291 0.393701 -0.629921 
vn -0.661417 0.275591 -0.692913 
vn -0.661417 0.275591 -0.692913 
vn -0.629921 0.267717 -0.732283 
vn -0.629921 0.267717 -0.732283 
vn -0.299213 0.440945 -0.84252 
vn -0.433071 0.299213 -0.850394 
vn -0.307087 0.440945 -0.84252 
vn -0.433071 0.299213 -0.850394 
vn -0.826772 -0.0629921 0.559055 
vn -0.850394 0.102362 0.519685 
vn -0.850394 0.110236 0.511811 
vn -0.826772 -0.0866142 0.559055 
vn -0.826772 -0.0629921 0.559055 
vn -0.811024 -0.212598 0.551181 
vn -0.629921 0.582677 0.511811 
vn -0.661417 0.472441 0.590551 
vn -0.629921 0.582677 0.519685 
vn -0.653543 0.472441 0.590551 
vn -0.637795 0.275591 -0.724409 
vn -0.669291 0.330709 -0.669291 
vn -0.669291 0.330709 -0.661417 
vn -0.637795 0.275591 -0.724409 
vn -0.866142 0.370079 -0.330709 
vn -0.88189 0.220472 -0.425197 
vn -0.866142 0.370079 -0.338583 
vn -0.88189 0.220472 -0.425197 
vn -0.874016 0.00787402 -0.488189 
vn -0.88189 0.220472 -0.425197 
vn -0.874016 0.00787402 -0.488189 
vn -0.850394 -0.0472441 -0.519685 
vn -0.866142 -0.125984 -0.488189 
vn -0.850394 -0.0472441 -0.519685 
vn -0.866142 -0.125984 -0.488189 
vn -0.92126 -0.19685 0.330709 
vn -0.905512 -0.244094 0.346457 
vn -0.92126 -0.19685 0.330709 
vn -0.905512 -0.244094 0.346457 
vn -0.590551 0.212598 -0.779528 
vn -0.598425 0.362205 -0.716535 
vn -0.590551 0.204724 -0.779528 
vn -0.598425 0.362205 -0.716535 
vn 0.496063 0.818898 -0.283465 
vn 0.354331 0.937008 -0.023622 
vn 0.338583 0.944882 0.015748 
vn 0.503937 0.811024 -0.299213 
vn 0.606299 0.779528 0.149606 
vn 0.629921 0.771654 -0.110236 
vn 0.629921 0.76378 -0.149606 
vn 0.606299 0.779528 0.173228 
vn 0.606299 0.779528 0.149606 
vn 0.614173 0.724409 0.322835 
vn 0.614173 0.724409 0.322835 
vn -0.677165 0.425197 -0.606299 
vn -0.677165 0.283465 -0.677165 
vn -0.677165 0.425197 -0.606299 
vn -0.677165 0.275591 -0.677165 
vn -0.629921 0.23622 -0.740157 
vn -0.677165 0.283465 -0.677165 
vn -0.629921 0.228346 -0.740157 
vn -0.559055 0.267717 -0.779528 
vn -0.622047 0.275591 -0.732283 
vn -0.559055 0.267717 -0.787402 
vn -0.622047 0.275591 -0.732283 
vn 0.338583 0.527559 -0.779528 
vn 0.275591 0.440945 -0.850394 
vn 0.338583 0.527559 -0.779528 
vn 0.283465 0.440945 -0.850394 
vn -0.346457 0.417323 -0.84252 
vn -0.259843 0.283465 -0.92126 
vn -0.346457 0.401575 -0.850394 
vn -0.259843 0.275591 -0.92126 
vn 0.417323 0.417323 -0.80315 
vn 0.480315 0.267717 -0.834646 
vn 0.409449 0.425197 -0.80315 
vn 0.488189 0.212598 -0.850394 
vn 0.874016 0.275591 -0.393701 
vn 0.88189 -0.0314961 -0.464567 
vn 0.897638 0.181102 -0.409449 
vn 0.866142 -0.102362 -0.496063 
vn 0.874016 0.275591 -0.393701 
vn 0.834646 0.417323 -0.370079 
vn -0.866142 -0.472441 0.165354 
vn -0.944882 -0.307087 0.0629921 
vn -0.866142 -0.472441 0.165354 
vn -0.944882 -0.314961 0.0629921 
vn -0.944882 -0.307087 0.0629921 
vn -0.984252 -0.173228 0.0629921 
vn 0.0314961 0.724409 -0.685039 
vn -0.0393701 0.76378 -0.645669 
vn 0.023622 0.724409 -0.685039 
vn -0.0472441 0.771654 -0.637795 
vn -0.952756 0.0472441 0.307087 
vn -0.937008 0.173228 0.291339 
vn -0.937008 0.173228 0.291339 
vn -0.952756 0.0472441 0.307087 
vn -0.952756 0.0472441 0.307087 
vn -0.913386 -0.0314961 0.401575 
vn -0.913386 -0.0314961 0.401575 
vn -0.259843 0.204724 -0.944882 
vn -0.251969 0.188976 -0.952756 
vn -0.307087 0.338583 -0.889764 
vn -0.314961 0.362205 -0.874016 
vn -0.259843 0.204724 -0.944882 
vn -0.165354 0.0472441 -0.984252 
vn -0.149606 0.015748 -0.992126 
vn -0.149606 0.015748 -0.992126 
vn -0.0551181 -0.0866142 -0.992126 
vn -0.0314961 -0.0708661 -1 
vn -0.622047 0.606299 -0.496063 
vn -0.677165 0.425197 -0.606299 
vn -0.622047 0.606299 -0.496063 
vn -0.677165 0.425197 -0.606299 
vn -0.937008 -0.102362 0.330709 
vn -0.937008 -0.220472 0.267717 
vn -0.937008 -0.0866142 0.338583 
vn -0.937008 -0.23622 0.259843 
vn -0.433071 0.362205 0.826772 
vn -0.456693 0.370079 0.811024 
vn -0.433071 0.362205 0.826772 
vn -0.456693 0.370079 0.80315 
vn -0.409449 0.362205 -0.834646 
vn -0.440945 0.275591 -0.850394 
vn -0.440945 0.275591 -0.850394 
vn -0.409449 0.362205 -0.834646 
vn -0.88189 -0.149606 0.448819 
vn -0.913386 -0.0708661 0.393701 
vn -0.913386 -0.0551181 0.401575 
vn -0.88189 -0.15748 0.448819 
vn -0.952756 -0.0472441 0.307087 
vn -0.913386 -0.0708661 0.393701 
vn 0.322835 0.393701 0.858268 
vn 0.370079 0.228346 0.905512 
vn 0.370079 0.220472 0.905512 
vn 0.322835 0.393701 0.858268 
vn 0.92126 0.338583 -0.204724 
vn 0.913386 0.354331 -0.19685 
vn 0.92126 0.354331 -0.181102 
vn 0.905512 0.393701 -0.173228 
vn 0.023622 0.0944882 0.992126 
vn 0.023622 0.204724 0.976378 
vn 0.015748 0.244094 0.968504 
vn 0.015748 0.0787402 1 
vn -0.88189 -0.0866142 0.464567 
vn -0.88189 -0.133858 0.448819 
vn -0.874016 -0.0866142 0.472441 
vn -0.88189 -0.149606 0.448819 
vn -0.622047 0.598425 0.511811 
vn -0.622047 0.582677 0.527559 
vn -0.622047 0.598425 0.503937 
vn -0.622047 0.582677 0.527559 
vn -0.629921 0.685039 0.362205 
vn -0.629921 0.582677 0.511811 
vn -0.629921 0.685039 0.370079 
vn -0.629921 0.582677 0.519685 
vn 0.204724 0.165354 -0.96063 
vn 0.173228 0.322835 -0.929134 
vn 0.204724 0.141732 -0.968504 
vn 0.173228 0.330709 -0.929134 
vn -0.850394 -0.204724 -0.480315 
vn -0.850394 -0.204724 -0.480315 
vn -0.826772 -0.133858 -0.551181 
vn -0.826772 -0.141732 -0.543307 
vn -0.826772 -0.133858 -0.551181 
vn -0.795276 -0.0472441 -0.598425 
vn -0.795276 -0.00787402 -0.606299 
vn -0.92126 -0.102362 -0.370079 
vn -0.952756 0.00787402 -0.299213 
vn -0.92126 -0.102362 -0.370079 
vn -0.952756 0 -0.299213 
vn -0.984252 -0.125984 -0.110236 
vn -0.968504 -0.11811 -0.220472 
vn -0.984252 -0.125984 -0.0944882 
vn -0.968504 -0.11811 -0.228346 
vn -0.968504 -0.11811 -0.220472 
vn -0.952756 -0.125984 -0.267717 
vn -0.598425 0.645669 0.480315 
vn -0.511811 0.677165 0.527559 
vn -0.598425 0.637795 0.480315 
vn -0.503937 0.685039 0.527559 
vn -0.598425 0.645669 0.480315 
vn -0.637795 0.629921 0.448819 
vn -0.874016 0.362205 -0.338583 
vn -0.929134 0.125984 -0.338583 
vn -0.866142 0.362205 -0.338583 
vn -0.929134 0.125984 -0.338583 
vn -0.929134 -0.0787402 -0.370079 
vn -0.929134 0.125984 -0.338583 
vn -0.929134 -0.0866142 -0.370079 
vn -0.976378 -0.11811 0.165354 
vn -0.937008 -0.346457 0.00787402 
vn -0.976378 -0.11811 0.165354 
vn -0.937008 -0.338583 0.00787402 
vn -0.858268 -0.480315 -0.188976 
vn -0.937008 -0.346457 0.00787402 
vn -0.858268 -0.480315 -0.188976 
vn -0.858268 -0.480315 -0.188976 
vn -0.818898 -0.496063 -0.283465 
vn 0.291339 0.84252 0.448819 
vn 0.299213 0.84252 0.448819 
vn 0.598425 0.645669 0.480315 
vn 0.574803 0.661417 0.472441 
vn 0.598425 0.645669 0.480315 
vn 0.787402 0.385827 0.480315 
vn 0.811024 0.338583 0.472441 
vn 0.385827 0.23622 -0.889764 
vn 0.299213 0.464567 -0.834646 
vn 0.385827 0.244094 -0.889764 
vn 0.291339 0.480315 -0.826772 
vn 0.905512 0.393701 -0.173228 
vn 0.858268 0.496063 -0.125984 
vn 0.913386 0.354331 -0.19685 
vn 0.818898 0.559055 -0.0944882 
vn 0.259843 0.944882 0.188976 
vn -0.0393701 0.992126 -0.0866142 
vn 0.251969 0.944882 0.188976 
vn -0.0472441 0.992126 -0.0866142 
vn 0.251969 0.944882 0.188976 
vn 0.417323 0.818898 0.385827 
vn 0.417323 0.818898 0.385827 
vn -0.771654 0.015748 0.637795 
vn -0.582677 -0.0472441 0.811024 
vn -0.771654 0.015748 0.637795 
vn -0.582677 -0.0472441 0.811024 
vn -0.582677 -0.0472441 0.811024 
vn -0.488189 -0.0787402 0.874016 
vn 0.370079 0.141732 -0.92126 
vn 0.393701 -0.0393701 -0.92126 
vn 0.362205 0.173228 -0.92126 
vn 0.393701 -0.0551181 -0.913386 
vn -0.779528 0.259843 0.574803 
vn -0.732283 0.456693 0.503937 
vn -0.732283 0.456693 0.503937 
vn -0.779528 0.267717 0.574803 
vn -0.818898 0.488189 -0.314961 
vn -0.866142 0.370079 -0.338583 
vn -0.818898 0.488189 -0.314961 
vn -0.866142 0.370079 -0.330709 
vn -0.92126 0.338583 0.19685 
vn -0.944882 0.259843 0.204724 
vn -0.944882 0.251969 0.204724 
vn -0.984252 0.102362 0.141732 
vn -0.944882 0.251969 0.204724 
vn -0.984252 0.0944882 0.141732 
vn -1 -0.023622 0.0787402 
vn -0.984252 0.102362 0.141732 
vn -1 -0.023622 0.0787402 
vn -0.622047 0.181102 0.76378 
vn -0.590551 0.291339 0.748031 
vn -0.622047 0.165354 0.76378 
vn -0.590551 0.299213 0.748031 
vn -0.574803 -0.0472441 0.818898 
vn -0.622047 0.181102 0.76378 
vn -0.551181 -0.0866142 0.834646 
vn 0.496063 0.692913 -0.527559 
vn 0.590551 0.527559 -0.614173 
vn 0.472441 0.724409 -0.503937 
vn 0.629921 0.456693 -0.629921 
vn 0.496063 0.692913 -0.527559 
vn 0.354331 0.858268 -0.377953 
vn 0.590551 0.527559 -0.614173 
vn 0.669291 0.370079 -0.645669 
vn -0.637795 0.582677 0.496063 
vn -0.653543 0.629921 0.433071 
vn -0.653543 0.629921 0.433071 
vn -0.637795 0.582677 0.496063 
vn -0.637795 0.582677 0.496063 
vn -0.622047 0.582677 0.527559 
vn -0.622047 0.582677 0.527559 
vn 0.629921 0.76378 -0.149606 
vn 0.629921 0.755906 -0.165354 
vn 0.606299 0.795276 0.0551181 
vn 0.598425 0.795276 0.0787402 
vn 0.637795 0.653543 0.409449 
vn 0.614173 0.748031 0.259843 
vn 0.637795 0.653543 0.409449 
vn 0.614173 0.748031 0.259843 
vn -0.385827 0.440945 0.80315 
vn -0.433071 0.362205 0.826772 
vn -0.385827 0.440945 0.80315 
vn -0.433071 0.362205 0.826772 
vn -0.850394 -0.204724 -0.480315 
vn -0.88189 -0.181102 -0.433071 
vn -0.850394 -0.204724 -0.480315 
vn -0.88189 -0.181102 -0.433071 
vn -0.976378 -0.0314961 0.212598 
vn -0.96063 -0.102362 0.259843 
vn -0.976378 -0.0314961 0.212598 
vn -0.96063 -0.102362 0.259843 
vn -0.937008 -0.220472 0.283465 
vn -0.96063 -0.102362 0.259843 
vn -0.929134 -0.228346 0.283465 
vn -0.503937 0.456693 0.740157 
vn -0.456693 0.370079 0.80315 
vn -0.503937 0.464567 0.724409 
vn -0.456693 0.370079 0.811024 
vn -0.84252 0.488189 -0.244094 
vn -0.826772 0.472441 -0.307087 
vn -0.84252 0.488189 -0.244094 
vn -0.818898 0.480315 -0.314961 
vn 0 0.771654 0.637795 
vn -0.023622 0.606299 0.795276 
vn 0 0.771654 0.637795 
vn -0.023622 0.598425 0.795276 
vn -0.440945 0.275591 -0.850394 
vn -0.543307 0.251969 -0.80315 
vn -0.543307 0.251969 -0.80315 
vn -0.440945 0.275591 -0.850394 
vn -0.897638 -0.433071 -0.110236 
vn -0.937008 -0.283465 -0.188976 
vn -0.944882 -0.267717 -0.188976 
vn -0.889764 -0.440945 -0.102362 
vn 0.92126 0.354331 -0.181102 
vn 0.913386 0.346457 -0.220472 
vn 0.92126 0.338583 -0.204724 
vn 0.897638 0.314961 -0.299213 
vn -0.826772 -0.519685 -0.19685 
vn -0.84252 -0.377953 -0.385827 
vn -0.84252 -0.370079 -0.385827 
vn -0.826772 -0.527559 -0.188976 
vn 0.543307 0.433071 0.716535 
vn 0.409449 0.708661 0.582677 
vn 0.401575 0.708661 0.574803 
vn 0.543307 0.417323 0.724409 
vn 0.566929 0.307087 0.76378 
vn 0.543307 0.433071 0.716535 
vn 0.818898 0.503937 0.275591 
vn 0.740157 0.669291 0.0472441 
vn 0.80315 0.559055 0.204724 
vn 0.740157 0.669291 0.0472441 
vn 0.692913 0.716535 -0.0708661 
vn 0.669291 0.732283 -0.11811 
vn 0.645669 0.708661 -0.291339 
vn 0.669291 0.732283 -0.11811 
vn 0.637795 0.677165 -0.362205 
vn 0.692913 0.716535 -0.0708661 
vn -0.866142 0.0944882 0.488189 
vn -0.913386 -0.0866142 0.401575 
vn -0.866142 0.0944882 0.488189 
vn -0.913386 -0.0866142 0.401575 
vn -0.913386 -0.0866142 0.401575 
vn -0.92126 -0.19685 0.330709 
vn -0.92126 -0.19685 0.330709 
vn 0.637795 0.283465 0.716535 
vn 0.716535 0.283465 0.637795 
vn 0.590551 0.259843 0.76378 
vn 0.740157 0.267717 0.614173 
vn -0.614173 0.409449 -0.669291 
vn -0.614173 0.417323 -0.669291 
vn -0.606299 0.314961 -0.724409 
vn -0.606299 0.314961 -0.732283 
vn -0.771654 0.015748 0.637795 
vn -0.866142 -0.00787402 0.496063 
vn -0.771654 0.015748 0.637795 
vn -0.866142 -0.00787402 0.496063 
vn 0.346457 0.125984 0.929134 
vn 0.346457 0.267717 0.897638 
vn 0.346457 0.283465 0.897638 
vn 0.354331 0.102362 0.929134 
vn 0.692913 0.425197 0.574803 
vn 0.732283 0.291339 0.606299 
vn 0.708661 0.377953 0.590551 
vn 0.755906 0.220472 0.614173 
vn -0.850394 -0.0472441 -0.519685 
vn -0.850394 0.0708661 -0.527559 
vn -0.850394 -0.0472441 -0.519685 
vn -0.850394 0.0787402 -0.527559 
vn -0.76378 -0.385827 0.511811 
vn -0.740157 -0.401575 0.543307 
vn -0.76378 -0.393701 0.511811 
vn -0.740157 -0.393701 0.535433 
vn -0.740157 -0.401575 0.543307 
vn -0.716535 -0.393701 0.574803 
vn -0.661417 0.748031 0.0944882 
vn -0.629921 0.685039 0.362205 
vn -0.661417 0.748031 0.102362 
vn -0.629921 0.685039 0.370079 
vn 0.023622 0.724409 -0.685039 
vn 0.0944882 0.811024 -0.574803 
vn 0.0314961 0.724409 -0.685039 
vn 0.0944882 0.818898 -0.566929 
vn -0.188976 0.314961 -0.929134 
vn -0.11811 0.456693 -0.88189 
vn -0.181102 0.322835 -0.929134 
vn -0.11811 0.456693 -0.88189 
vn -0.905512 -0.228346 0.362205 
vn -0.889764 -0.212598 0.409449 
vn -0.905512 -0.228346 0.362205 
vn -0.889764 -0.212598 0.401575 
vn 0.133858 0.795276 0.598425 
vn 0.299213 0.795276 0.519685 
vn 0.11811 0.795276 0.590551 
vn 0.307087 0.80315 0.511811 
vn -0.968504 -0.204724 -0.11811 
vn -0.952756 -0.299213 0.0472441 
vn -0.968504 -0.204724 -0.11811 
vn -0.952756 -0.299213 0.0472441 
vn -0.976378 0.165354 0.11811 
vn -0.984252 0.00787402 0.15748 
vn -0.976378 0.165354 0.11811 
vn -0.984252 0.015748 0.15748 
vn -0.535433 0.818898 0.204724 
vn -0.692913 0.590551 0.425197 
vn -0.527559 0.826772 0.19685 
vn -0.692913 0.574803 0.425197 
vn -0.795276 0.330709 0.503937 
vn -0.692913 0.590551 0.425197 
vn -0.80315 0.330709 0.503937 
vn -0.795276 0.330709 0.503937 
vn -0.866142 0.0944882 0.488189 
vn -0.80315 0.330709 0.503937 
vn -0.866142 0.0944882 0.488189 
vn -0.527559 0.80315 -0.267717 
vn -0.622047 0.606299 -0.496063 
vn -0.527559 0.80315 -0.267717 
vn -0.622047 0.606299 -0.496063 
vn 0.818898 0.559055 -0.0944882 
vn 0.669291 0.740157 0.00787402 
vn 0.858268 0.496063 -0.125984 
vn 0.551181 0.826772 0.0708661 
vn -0.874016 0.377953 0.307087 
vn -0.913386 0.23622 0.322835 
vn -0.913386 0.23622 0.322835 
vn -0.929134 0 0.370079 
vn -0.913386 0.23622 0.322835 
vn -0.929134 0 0.370079 
vn -0.929134 0 0.370079 
vn -0.889764 -0.0708661 0.448819 
vn -0.889764 -0.0708661 0.448819 
vn -0.913386 0.165354 0.370079 
vn -0.92126 0.212598 0.330709 
vn -0.913386 0.165354 0.370079 
vn -0.92126 0.212598 0.330709 
vn -0.818898 0.566929 -0.0314961 
vn -0.905512 0.425197 -0.0551181 
vn -0.818898 0.566929 -0.0314961 
vn -0.905512 0.425197 -0.0551181 
vn -0.952756 0.291339 -0.00787402 
vn -0.905512 0.425197 -0.0551181 
vn -0.96063 0.291339 -0.00787402 
vn -0.992126 0.110236 0.0393701 
vn -0.96063 0.291339 -0.00787402 
vn -0.992126 0.110236 0.0393701 
vn -0.992126 0.110236 0.0393701 
vn -0.992126 -0.125984 0 
vn -0.992126 -0.133858 0 
vn -0.858268 -0.0708661 0.511811 
vn -0.874016 -0.0866142 0.472441 
vn -0.858268 -0.0708661 0.511811 
vn -0.88189 -0.0866142 0.464567 
vn -0.448819 0.338583 -0.826772 
vn -0.559055 0.267717 -0.779528 
vn -0.440945 0.338583 -0.826772 
vn -0.559055 0.267717 -0.787402 
vn -0.818898 -0.535433 -0.212598 
vn -0.818898 -0.409449 -0.409449 
vn -0.818898 -0.409449 -0.409449 
vn -0.818898 -0.543307 -0.204724 
vn -0.622047 0.228346 -0.748031 
vn -0.692913 -0.023622 -0.716535 
vn -0.622047 0.228346 -0.748031 
vn -0.692913 -0.023622 -0.716535 
vn -0.850394 0.0708661 -0.527559 
vn -0.834646 0.228346 -0.503937 
vn -0.850394 0.0787402 -0.527559 
vn -0.834646 0.228346 -0.503937 
vn -0.913386 -0.0944882 -0.393701 
vn -0.866142 -0.125984 -0.488189 
vn -0.92126 -0.0866142 -0.385827 
vn -0.866142 -0.125984 -0.488189 
vn -0.637795 0.629921 0.448819 
vn -0.622047 0.598425 0.503937 
vn -0.637795 0.629921 0.448819 
vn -0.622047 0.598425 0.511811 
vn -0.582677 0.700787 -0.409449 
vn -0.629921 0.566929 -0.527559 
vn -0.590551 0.700787 -0.409449 
vn -0.629921 0.566929 -0.527559 
vn -0.346457 0.251969 -0.905512 
vn -0.346457 0.267717 -0.897638 
vn -0.362205 0.385827 -0.850394 
vn -0.362205 0.377953 -0.850394 
vn -0.346457 0.251969 -0.905512 
vn -0.338583 0.133858 -0.929134 
vn -0.338583 0.110236 -0.937008 
vn -0.76378 0.370079 -0.527559 
vn -0.669291 0.330709 -0.661417 
vn -0.669291 0.330709 -0.669291 
vn -0.76378 0.370079 -0.527559 
vn -0.76378 0.370079 -0.527559 
vn -0.80315 0.377953 -0.464567 
vn -0.976378 -0.149606 0.165354 
vn -0.976378 -0.133858 0.15748 
vn -0.976378 -0.149606 0.165354 
vn -0.976378 -0.133858 0.15748 
vn -0.905512 -0.244094 0.346457 
vn -0.874016 -0.212598 0.440945 
vn -0.905512 -0.244094 0.346457 
vn -0.874016 -0.212598 0.440945 
vn -0.370079 0.748031 0.551181 
vn -0.110236 0.92126 0.377953 
vn -0.370079 0.748031 0.551181 
vn -0.11811 0.92126 0.377953 
vn -0.976378 -0.133858 0.165354 
vn -0.976378 -0.149606 0.165354 
vn -0.976378 -0.133858 0.165354 
vn -0.976378 -0.149606 0.165354 
vn -0.133858 0.362205 0.92126 
vn -0.188976 0.417323 0.889764 
vn -0.133858 0.354331 0.929134 
vn -0.188976 0.417323 0.889764 
vn -0.88189 0.0629921 0.464567 
vn -0.88189 0.0708661 0.464567 
vn -0.866142 -0.0551181 0.496063 
vn -0.866142 -0.0551181 0.496063 
vn -0.866142 -0.0551181 0.496063 
vn -0.858268 -0.0708661 0.511811 
vn -0.858268 -0.0708661 0.511811 
vn -0.818898 0.0629921 0.566929 
vn -0.84252 -0.015748 0.535433 
vn -0.818898 0.0629921 0.566929 
vn -0.84252 -0.015748 0.535433 
vn -0.629921 0.23622 -0.740157 
vn -0.574803 0.307087 -0.755906 
vn -0.629921 0.228346 -0.740157 
vn -0.574803 0.307087 -0.755906 
vn -0.653543 0.685039 0.314961 
vn -0.653543 0.629921 0.433071 
vn -0.653543 0.685039 0.314961 
vn -0.653543 0.629921 0.433071 
vn -0.889764 -0.212598 0.409449 
vn -0.913386 -0.188976 0.370079 
vn -0.889764 -0.212598 0.401575 
vn -0.913386 -0.181102 0.362205 
vn -0.913386 -0.188976 0.370079 
vn -0.929134 -0.173228 0.330709 
vn 0.401575 0.692913 -0.598425 
vn 0.448819 0.834646 -0.322835 
vn 0.401575 0.692913 -0.598425 
vn 0.448819 0.834646 -0.322835 
vn 0.401575 0.692913 -0.598425 
vn 0.338583 0.527559 -0.779528 
vn 0.338583 0.527559 -0.779528 
vn -0.905512 0.291339 0.299213 
vn -0.92126 0.188976 0.338583 
vn -0.92126 0.19685 0.338583 
vn -0.92126 0.188976 0.338583 
vn -0.913386 -0.0393701 0.409449 
vn -0.913386 -0.0393701 0.409449 
vn 0.456693 0.629921 0.629921 
vn 0.527559 0.692913 0.488189 
vn 0.511811 0.677165 0.519685 
vn 0.527559 0.692913 0.488189 
vn 0.622047 0.724409 0.291339 
vn 0.645669 0.724409 0.259843 
vn 0.76378 0.637795 0.0629921 
vn 0.622047 0.724409 0.291339 
vn 0.748031 0.653543 0.0866142 
vn -0.173228 0.0629921 -0.984252 
vn -0.11811 0.0314961 -0.992126 
vn -0.181102 0.0708661 -0.984252 
vn -0.11811 0.0314961 -0.992126 
vn -0.992126 -0.0314961 0.133858 
vn -0.976378 -0.133858 0.165354 
vn -0.992126 -0.0314961 0.133858 
vn -0.976378 -0.133858 0.165354 
vn 0.748031 0.149606 -0.645669 
vn 0.740157 -0.0314961 -0.677165 
vn 0.748031 0.133858 -0.653543 
vn 0.740157 -0.0393701 -0.677165 
vn 0.771654 0.283465 -0.566929 
vn 0.748031 0.149606 -0.645669 
vn 0.771654 0.283465 -0.566929 
vn 0.771654 0.283465 -0.566929 
vn 0.795276 0.346457 -0.503937 
vn -0.952756 0.00787402 -0.299213 
vn -0.976378 0.0551181 -0.212598 
vn -0.952756 0 -0.299213 
vn -0.976378 0.0551181 -0.212598 
vn -0.19685 0.566929 -0.80315 
vn -0.299213 0.440945 -0.84252 
vn -0.19685 0.566929 -0.80315 
vn -0.307087 0.440945 -0.84252 
vn -0.779528 -0.338583 0.535433 
vn -0.76378 -0.393701 0.511811 
vn -0.771654 -0.346457 0.527559 
vn -0.76378 -0.385827 0.511811 
vn -0.88189 0.181102 0.425197 
vn -0.889764 0.23622 0.385827 
vn -0.88189 0.181102 0.425197 
vn -0.889764 0.251969 0.377953 
vn -0.811024 0.527559 -0.259843 
vn -0.84252 0.488189 -0.244094 
vn -0.84252 0.488189 -0.244094 
vn -0.811024 0.527559 -0.259843 
vn -0.811024 0.527559 -0.259843 
vn -0.787402 0.559055 -0.267717 
vn -0.976378 -0.133858 0.15748 
vn -0.976378 -0.11811 0.15748 
vn -0.976378 -0.133858 0.15748 
vn -0.976378 -0.11811 0.15748 
vn -0.976378 -0.11811 0.15748 
vn -0.976378 -0.11811 0.173228 
vn -0.0787402 0.96063 -0.267717 
vn -0.0393701 0.984252 -0.173228 
vn -0.0708661 0.96063 -0.275591 
vn -0.0393701 0.992126 -0.133858 
vn -0.732283 0.456693 0.503937 
vn -0.685039 0.645669 0.338583 
vn -0.685039 0.645669 0.338583 
vn -0.732283 0.456693 0.503937 
vn -0.771654 0.511811 -0.377953 
vn -0.818898 0.488189 -0.314961 
vn -0.771654 0.503937 -0.377953 
vn -0.818898 0.488189 -0.314961 
vn -0.88189 -0.181102 -0.433071 
vn -0.88189 -0.181102 -0.433071 
vn -0.913386 -0.0629921 -0.393701 
vn -0.913386 -0.0629921 -0.393701 
vn -0.259843 0.133858 0.952756 
vn -0.204724 0.0629921 0.976378 
vn -0.259843 0.141732 0.952756 
vn -0.204724 0.0629921 0.976378 
vn -0.259843 0.133858 0.952756 
vn -0.275591 0.212598 0.937008 
vn -0.692913 0.590551 -0.409449 
vn -0.685039 0.637795 -0.354331 
vn -0.685039 0.637795 -0.354331 
vn -0.692913 0.598425 -0.409449 
vn -0.724409 0.551181 -0.417323 
vn -0.692913 0.598425 -0.409449 
vn -0.692913 0.590551 -0.409449 
vn -0.724409 0.551181 -0.417323 
vn -0.724409 0.551181 -0.417323 
vn -0.771654 0.503937 -0.393701 
vn -0.771654 0.503937 -0.393701 
vn -0.929134 0.291339 0.220472 
vn -0.968504 0.228346 0.133858 
vn -0.929134 0.291339 0.220472 
vn -0.968504 0.228346 0.133858 
vn -0.362205 0.708661 0.606299 
vn -0.377953 0.850394 0.377953 
vn -0.377953 0.84252 0.377953 
vn -0.362205 0.708661 0.606299 
vn -0.362205 0.708661 0.606299 
vn -0.385827 0.543307 0.740157 
vn -0.385827 0.551181 0.740157 
vn 0.141732 0.299213 0.944882 
vn 0.19685 0.133858 0.968504 
vn 0.19685 0.133858 0.968504 
vn 0.133858 0.299213 0.944882 
vn -0.188976 0.102362 0.976378 
vn -0.220472 0.354331 0.905512 
vn -0.188976 0.0472441 0.976378 
vn -0.23622 0.377953 0.897638 
vn -0.889764 0.23622 0.385827 
vn -0.866142 0.362205 0.330709 
vn -0.889764 0.251969 0.377953 
vn -0.866142 0.370079 0.330709 
vn -0.96063 0.0393701 0.259843 
vn -0.968504 0.015748 0.23622 
vn -0.968504 0.015748 0.23622 
vn -0.968504 0.015748 0.23622 
vn -0.976378 -0.11811 0.165354 
vn -0.976378 -0.11811 0.165354 
vn -0.952756 0.291339 0.0314961 
vn -0.992126 0.11811 0.0708661 
vn -0.952756 0.291339 0.0314961 
vn -0.992126 0.125984 0.0708661 
vn -0.992126 0.125984 0.0708661 
vn -0.992126 -0.0314961 0.133858 
vn -0.992126 0.11811 0.0708661 
vn -0.992126 -0.0314961 0.133858 
vn 0.496063 0.787402 -0.377953 
vn 0.496063 0.779528 -0.385827 
vn 0.425197 0.897638 -0.141732 
vn 0.417323 0.905512 -0.110236 
vn -0.370079 0.795276 -0.472441 
vn -0.480315 0.685039 -0.551181 
vn -0.377953 0.795276 -0.480315 
vn -0.472441 0.692913 -0.543307 
vn 0.740157 0.267717 0.614173 
vn 0.732283 0.322835 0.598425 
vn 0.716535 0.283465 0.637795 
vn 0.724409 0.346457 0.598425 
vn -0.984252 -0.173228 -0.0708661 
vn -1 -0.0314961 0.0393701 
vn -0.984252 -0.173228 -0.0708661 
vn -1 -0.0314961 0.0393701 
vn -0.661417 0.110236 -0.748031 
vn -0.527559 0.23622 -0.818898 
vn -0.669291 0.0866142 -0.732283 
vn -0.511811 0.267717 -0.818898 
vn -0.527559 0.23622 -0.818898 
vn -0.448819 0.346457 -0.826772 
vn -0.385827 0.244094 0.889764 
vn -0.338583 0.346457 0.874016 
vn -0.385827 0.244094 0.889764 
vn -0.338583 0.346457 0.874016 
vn -0.149606 0.566929 -0.811024 
vn -0.149606 0.566929 -0.811024 
vn -0.0866142 0.606299 -0.795276 
vn -0.0866142 0.606299 -0.787402 
vn -0.984252 -0.15748 0.0472441 
vn -0.984252 -0.125984 -0.0944882 
vn -0.984252 -0.165354 0.0629921 
vn -0.984252 -0.125984 -0.110236 
vn 0.503937 -0.110236 -0.858268 
vn 0.559055 0.0629921 -0.826772 
vn 0.472441 -0.212598 -0.858268 
vn 0.622047 0.314961 -0.716535 
vn 0.559055 0.0629921 -0.826772 
vn 0.629921 0.448819 -0.629921 
vn 0.409449 0.425197 -0.80315 
vn 0.330709 0.566929 -0.748031 
vn 0.417323 0.417323 -0.80315 
vn 0.338583 0.559055 -0.755906 
vn -0.692913 0.0314961 0.716535 
vn -0.716535 0.0393701 0.692913 
vn -0.692913 0.023622 0.716535 
vn -0.716535 0.0314961 0.700787 
vn -0.425197 0.519685 0.740157 
vn -0.425197 0.519685 0.740157 
vn -0.385827 0.551181 0.740157 
vn -0.385827 0.543307 0.740157 
vn 0.322835 0.393701 0.858268 
vn 0.275591 0.606299 0.748031 
vn 0.275591 0.614173 0.740157 
vn 0.322835 0.393701 0.858268 
vn 0.0314961 0.944882 -0.314961 
vn -0.0314961 1 0.0393701 
vn 0.0314961 0.937008 -0.346457 
vn -0.0393701 1 0.0472441 
vn -0.88189 0.181102 0.425197 
vn -0.88189 0.181102 0.425197 
vn -0.88189 0.0708661 0.464567 
vn -0.88189 0.0629921 0.464567 
vn -0.834646 0.228346 -0.503937 
vn -0.826772 0.385827 -0.401575 
vn -0.834646 0.228346 -0.503937 
vn -0.826772 0.385827 -0.401575 
vn -0.858268 0.448819 0.244094 
vn -0.811024 0.566929 0.125984 
vn -0.80315 0.582677 0.11811 
vn -0.858268 0.448819 0.251969 
vn -0.858268 0.448819 0.251969 
vn -0.858268 0.448819 0.244094 
vn -0.866142 0.370079 0.330709 
vn -0.866142 0.362205 0.330709 
vn 0.307087 0.80315 0.511811 
vn 0.425197 0.834646 0.354331 
vn 0.299213 0.795276 0.519685 
vn 0.433071 0.834646 0.346457 
vn -0.692913 0.023622 0.716535 
vn -0.669291 0.133858 0.732283 
vn -0.692913 0.0314961 0.716535 
vn -0.661417 0.141732 0.732283 
vn -0.826772 0.472441 -0.307087 
vn -0.755906 0.488189 -0.440945 
vn -0.818898 0.480315 -0.314961 
vn -0.755906 0.488189 -0.440945 
vn -0.165354 0.677165 0.716535 
vn -0.15748 0.88189 0.440945 
vn -0.15748 0.88189 0.440945 
vn -0.165354 0.677165 0.716535 
vn -0.165354 0.677165 0.716535 
vn -0.0472441 0.574803 0.818898 
vn -0.0472441 0.574803 0.818898 
vn 0.0708661 0.559055 0.826772 
vn 0.102362 0.606299 0.787402 
vn 0.102362 0.606299 0.787402 
vn 0.0787402 0.559055 0.826772 
vn 0.952756 0.0472441 -0.299213 
vn 0.952756 0.0866142 -0.291339 
vn 0.92126 0.299213 -0.23622 
vn 0.913386 0.314961 -0.244094 
vn 0.92126 0.299213 -0.23622 
vn 0.905512 0.251969 -0.330709 
vn 0.629921 0.511811 0.590551 
vn 0.724409 0.496063 0.480315 
vn 0.614173 0.511811 0.606299 
vn 0.732283 0.496063 0.472441 
vn -0.377953 0.653543 -0.653543 
vn -0.527559 0.732283 -0.433071 
vn -0.377953 0.653543 -0.653543 
vn -0.527559 0.732283 -0.433071 
vn -0.685039 0.661417 -0.307087 
vn -0.527559 0.732283 -0.433071 
vn -0.685039 0.661417 -0.307087 
vn -0.685039 0.661417 -0.307087 
vn -0.76378 0.543307 -0.354331 
vn -0.76378 0.543307 -0.354331 
vn 0.622047 0.519685 0.582677 
vn 0.724409 0.346457 0.598425 
vn 0.629921 0.511811 0.582677 
vn 0.732283 0.322835 0.598425 
vn 0.622047 0.724409 0.299213 
vn 0.519685 0.818898 0.259843 
vn 0.582677 0.76378 0.275591 
vn 0.503937 0.826772 0.259843 
vn 0.661417 0.622047 0.417323 
vn 0.622047 0.724409 0.299213 
vn 0.622047 0.511811 0.590551 
vn -0.188976 0.417323 0.889764 
vn -0.204724 0.448819 0.866142 
vn -0.188976 0.417323 0.889764 
vn -0.204724 0.448819 0.866142 
vn -0.614173 0.787402 0.0472441 
vn -0.653543 0.685039 0.314961 
vn -0.614173 0.787402 0.0629921 
vn -0.653543 0.685039 0.314961 
vn -0.535433 0.519685 0.669291 
vn -0.543307 0.566929 0.622047 
vn -0.543307 0.566929 0.622047 
vn -0.535433 0.519685 0.669291 
vn -0.503937 0.496063 0.700787 
vn -0.535433 0.519685 0.669291 
vn 0.645669 0.543307 0.535433 
vn 0.692913 0.425197 0.574803 
vn 0.669291 0.503937 0.551181 
vn 0.708661 0.377953 0.590551 
vn -0.551181 0.692913 -0.464567 
vn -0.503937 0.826772 -0.251969 
vn -0.551181 0.692913 -0.464567 
vn -0.503937 0.818898 -0.259843 
vn -0.551181 0.692913 -0.464567 
vn -0.472441 0.692913 -0.543307 
vn -0.480315 0.685039 -0.551181 
vn 0.00787402 0.582677 0.811024 
vn 0.0787402 0.559055 0.826772 
vn 0.0708661 0.559055 0.826772 
vn 0.00787402 0.582677 0.811024 
vn -0.913386 0.307087 0.267717 
vn -0.913386 0.307087 0.267717 
vn -0.897638 0.393701 0.188976 
vn -0.897638 0.401575 0.188976 
vn -0.913386 0.307087 0.267717 
vn -0.92126 0.212598 0.330709 
vn -0.92126 0.212598 0.330709 
vn 0.173228 0.330709 -0.929134 
vn 0.0708661 0.496063 -0.866142 
vn 0.173228 0.322835 -0.929134 
vn 0.0708661 0.496063 -0.866142 
vn -0.787402 -0.251969 0.566929 
vn -0.771654 -0.346457 0.527559 
vn -0.787402 -0.259843 0.566929 
vn -0.779528 -0.338583 0.535433 
vn 0.614173 0.748031 0.259843 
vn 0.574803 0.80315 0.15748 
vn 0.614173 0.748031 0.259843 
vn 0.574803 0.80315 0.15748 
vn -0.937008 0.173228 0.291339 
vn -0.874016 0.377953 0.307087 
vn -0.874016 0.377953 0.307087 
vn -0.937008 0.173228 0.291339 
vn -0.661417 0.748031 0.0944882 
vn -0.692913 0.692913 -0.19685 
vn -0.700787 0.685039 -0.204724 
vn -0.661417 0.748031 0.102362 
vn -0.992126 0.015748 0.149606 
vn -0.976378 -0.0314961 0.212598 
vn -0.992126 0.015748 0.141732 
vn -0.976378 -0.0314961 0.212598 
vn -0.952756 0.275591 0.110236 
vn -0.944882 0.322835 0.0629921 
vn -0.944882 0.322835 0.0708661 
vn -0.952756 0.267717 0.110236 
vn -0.952756 0.275591 0.110236 
vn -0.976378 0.165354 0.11811 
vn -0.976378 0.165354 0.11811 
vn -0.874016 0.125984 -0.464567 
vn -0.897638 0.181102 -0.393701 
vn -0.874016 0.125984 -0.464567 
vn -0.905512 0.19685 -0.385827 
vn -0.874016 0.125984 -0.464567 
vn -0.795276 0.00787402 -0.606299 
vn -0.787402 0 -0.622047 
vn -0.637795 0.629921 0.448819 
vn -0.700787 0.661417 0.275591 
vn -0.637795 0.629921 0.448819 
vn -0.700787 0.661417 0.275591 
vn 0.0944882 0.811024 -0.574803 
vn 0.15748 0.913386 -0.370079 
vn 0.0944882 0.818898 -0.566929 
vn 0.15748 0.913386 -0.370079 
vn 0.015748 0.244094 0.968504 
vn 0.023622 0.393701 0.92126 
vn 0.023622 0.409449 0.913386 
vn 0.023622 0.204724 0.976378 
vn -0.543307 0.251969 -0.80315 
vn -0.645669 0.173228 -0.748031 
vn -0.645669 0.173228 -0.748031 
vn -0.543307 0.251969 -0.80315 
vn -0.291339 0.425197 -0.858268 
vn -0.291339 0.417323 -0.858268 
vn -0.291339 0.566929 -0.771654 
vn -0.291339 0.574803 -0.76378 
vn -0.913386 -0.0629921 -0.393701 
vn -0.913386 -0.0629921 -0.393701 
vn -0.937008 0.0629921 -0.346457 
vn -0.937008 0.0629921 -0.346457 
vn -0.645669 0.173228 -0.748031 
vn -0.724409 0.0944882 -0.685039 
vn -0.716535 0.0944882 -0.692913 
vn -0.645669 0.173228 -0.748031 
vn -0.76378 0.110236 -0.629921 
vn -0.724409 0.0944882 -0.685039 
vn -0.76378 0.11811 -0.629921 
vn -0.771654 0.637795 0.0472441 
vn -0.818898 0.566929 -0.0314961 
vn -0.771654 0.637795 0.0393701 
vn -0.818898 0.566929 -0.0314961 
vn -0.606299 0.283465 0.748031 
vn -0.566929 0.448819 0.692913 
vn -0.614173 0.267717 0.740157 
vn -0.566929 0.456693 0.692913 
vn -0.574803 0.385827 -0.724409 
vn -0.574803 0.307087 -0.755906 
vn -0.566929 0.377953 -0.724409 
vn -0.574803 0.307087 -0.755906 
vn -0.976378 0.0551181 -0.212598 
vn -0.968504 0.15748 -0.188976 
vn -0.976378 0.0551181 -0.212598 
vn -0.968504 0.165354 -0.19685 
vn -0.76378 0.543307 -0.354331 
vn -0.740157 0.472441 -0.480315 
vn -0.76378 0.543307 -0.354331 
vn -0.732283 0.472441 -0.480315 
vn -0.283465 0.905512 -0.314961 
vn -0.377953 0.795276 -0.480315 
vn -0.283465 0.905512 -0.314961 
vn -0.370079 0.795276 -0.472441 
vn 0.0393701 0.19685 -0.976378 
vn 0.00787402 0.0314961 -1 
vn 0.0393701 0.19685 -0.984252 
vn 0 0 -1 
vn 0.0393701 0.19685 -0.976378 
vn 0.0629921 0.322835 -0.944882 
vn -0.574803 0.480315 -0.661417 
vn -0.559055 0.456693 -0.692913 
vn -0.598425 0.488189 -0.637795 
vn -0.582677 0.440945 -0.685039 
vn -0.661417 0.141732 0.732283 
vn -0.614173 0.267717 0.740157 
vn -0.669291 0.133858 0.732283 
vn -0.606299 0.283465 0.748031 
vn -0.0866142 0.606299 -0.787402 
vn -0.0866142 0.606299 -0.795276 
vn 0.015748 0.708661 -0.700787 
vn 0.023622 0.716535 -0.700787 
vn -0.456693 0.858268 0.23622 
vn -0.527559 0.826772 -0.204724 
vn -0.456693 0.866142 0.19685 
vn -0.527559 0.826772 -0.204724 
vn -0.527559 0.826772 -0.204724 
vn -0.590551 0.700787 -0.409449 
vn -0.582677 0.700787 -0.409449 
vn -0.976378 -0.015748 0.220472 
vn -0.952756 -0.0472441 0.307087 
vn -0.96063 -0.0393701 0.267717 
vn -0.913386 -0.0708661 0.393701 
vn -0.866142 0.377953 0.330709 
vn -0.929134 0.291339 0.220472 
vn -0.866142 0.377953 0.330709 
vn -0.929134 0.291339 0.220472 
vn -0.905512 -0.228346 0.362205 
vn -0.952756 -0.188976 0.23622 
vn -0.905512 -0.228346 0.362205 
vn -0.952756 -0.188976 0.228346 
vn -0.645669 0.496063 -0.582677 
vn -0.614173 0.417323 -0.669291 
vn -0.645669 0.488189 -0.590551 
vn -0.614173 0.409449 -0.669291 
vn 0.299213 0.433071 -0.850394 
vn 0.464567 0.133858 -0.874016 
vn 0.283465 0.456693 -0.84252 
vn 0.472441 0.102362 -0.874016 
vn 0.299213 0.433071 -0.850394 
vn 0.141732 0.606299 -0.779528 
vn -0.905512 0.251969 -0.346457 
vn -0.92126 0.244094 -0.299213 
vn -0.905512 0.251969 -0.346457 
vn -0.92126 0.244094 -0.299213 
vn -0.92126 0.244094 -0.299213 
vn -0.905512 0.251969 -0.338583 
vn -0.92126 0.244094 -0.299213 
vn -0.905512 0.244094 -0.338583 
vn -0.755906 0.464567 -0.464567 
vn -0.771654 0.503937 -0.377953 
vn -0.755906 0.464567 -0.464567 
vn -0.771654 0.511811 -0.377953 
vn -0.338583 0.346457 0.874016 
vn -0.330709 0.511811 0.795276 
vn -0.338583 0.346457 0.874016 
vn -0.330709 0.511811 0.795276 
vn -0.440945 0.220472 0.874016 
vn -0.385827 0.244094 0.889764 
vn -0.440945 0.220472 0.874016 
vn -0.385827 0.244094 0.889764 
vn -0.464567 0.314961 0.826772 
vn -0.464567 0.307087 0.826772 
vn -0.440945 0.220472 0.874016 
vn -0.80315 0.582677 0.11811 
vn -0.661417 0.748031 -0.0393701 
vn -0.669291 0.740157 -0.0314961 
vn -0.811024 0.566929 0.125984 
vn -0.889764 0.433071 0.141732 
vn -0.952756 0.291339 0.0314961 
vn -0.889764 0.433071 0.141732 
vn -0.952756 0.291339 0.0314961 
vn -0.826772 0.0944882 0.551181 
vn -0.818898 0.0629921 0.566929 
vn -0.826772 0.0944882 0.551181 
vn -0.818898 0.0629921 0.566929 
vn -0.826772 0.0944882 0.551181 
vn -0.834646 0.0866142 0.543307 
vn -0.0393701 0.480315 0.874016 
vn 0.0314961 0.645669 0.76378 
vn 0.0314961 0.645669 0.76378 
vn -0.0472441 0.480315 0.88189 
vn -0.0393701 0.480315 0.874016 
vn -0.188976 0.401575 0.897638 
vn -0.181102 0.401575 0.897638 
vn -0.92126 -0.00787402 0.385827 
vn -0.937008 -0.0866142 0.338583 
vn -0.92126 0 0.385827 
vn -0.937008 -0.102362 0.330709 
vn -0.204724 0.448819 0.866142 
vn -0.133858 0.488189 0.866142 
vn -0.204724 0.448819 0.866142 
vn -0.133858 0.488189 0.866142 
vn -0.700787 0.543307 0.456693 
vn -0.826772 0.433071 0.362205 
vn -0.826772 0.425197 0.362205 
vn -0.692913 0.559055 0.464567 
vn -0.700787 0.543307 0.456693 
vn -0.543307 0.598425 0.590551 
vn -0.527559 0.598425 0.598425 
vn -0.543307 0.598425 0.590551 
vn -0.401575 0.464567 0.787402 
vn -0.409449 0.480315 0.779528 
vn -0.220472 0.598425 -0.771654 
vn -0.228346 0.606299 -0.76378 
vn -0.149606 0.566929 -0.811024 
vn -0.149606 0.566929 -0.811024 
vn -0.464567 0.582677 0.661417 
vn -0.425197 0.519685 0.740157 
vn -0.464567 0.582677 0.669291 
vn -0.425197 0.519685 0.740157 
vn -0.771654 -0.149606 0.614173 
vn -0.787402 -0.259843 0.566929 
vn -0.779528 -0.15748 0.606299 
vn -0.787402 -0.251969 0.566929 
vn -0.401575 0.913386 0.0314961 
vn -0.527559 0.80315 -0.267717 
vn -0.401575 0.913386 0.0314961 
vn -0.527559 0.80315 -0.267717 
vn -0.11811 0.692913 -0.716535 
vn -0.19685 0.566929 -0.80315 
vn -0.11811 0.692913 -0.716535 
vn -0.19685 0.566929 -0.80315 
vn -0.11811 0.15748 -0.976378 
vn -0.220472 0.346457 -0.913386 
vn -0.11811 0.15748 -0.976378 
vn -0.228346 0.362205 -0.905512 
vn -0.11811 0.15748 -0.976378 
vn -0.11811 0.0314961 -0.992126 
vn -0.11811 0.0314961 -0.992126 
vn -0.590551 0.299213 0.748031 
vn -0.590551 0.354331 0.724409 
vn -0.590551 0.291339 0.748031 
vn -0.582677 0.346457 0.732283 
vn -0.913386 0.165354 0.370079 
vn -0.944882 0.141732 0.299213 
vn -0.913386 0.165354 0.370079 
vn -0.937008 0.141732 0.307087 
vn -0.992126 0.0629921 0.102362 
vn -0.944882 0.141732 0.299213 
vn -0.992126 0.0551181 0.0944882 
vn -0.992126 0.0629921 0.102362 
vn -1 -0.015748 -0.0314961 
vn -0.748031 -0.015748 0.661417 
vn -0.779528 -0.15748 0.606299 
vn -0.748031 -0.015748 0.661417 
vn -0.771654 -0.149606 0.614173 
vn -0.795276 0.496063 -0.362205 
vn -0.771654 0.503937 -0.393701 
vn -0.771654 0.503937 -0.393701 
vn -0.795276 0.496063 -0.362205 
vn 0 0.771654 0.637795 
vn 0.11811 0.795276 0.590551 
vn 0 0.771654 0.637795 
vn 0.133858 0.795276 0.598425 
vn 0.00787402 0.582677 0.811024 
vn -0.0787402 0.645669 0.76378 
vn -0.0787402 0.637795 0.76378 
vn 0.00787402 0.582677 0.811024 
vn -0.362205 0.377953 -0.850394 
vn -0.362205 0.385827 -0.850394 
vn -0.409449 0.472441 -0.787402 
vn -0.409449 0.472441 -0.779528 
vn -0.574803 0.811024 0.110236 
vn -0.685039 0.645669 0.338583 
vn -0.574803 0.811024 0.110236 
vn -0.685039 0.645669 0.338583 
vn -0.173228 0.795276 0.574803 
vn -0.204724 0.826772 0.527559 
vn -0.173228 0.795276 0.574803 
vn -0.212598 0.826772 0.519685 
vn 0.913386 0.314961 -0.244094 
vn 0.897638 0.220472 -0.370079 
vn 0.905512 0.251969 -0.330709 
vn 0.874016 0.133858 -0.464567 
vn -0.362205 0.614173 0.700787 
vn -0.401575 0.748031 0.535433 
vn -0.401575 0.748031 0.527559 
vn -0.362205 0.614173 0.700787 
vn -0.362205 0.614173 0.700787 
vn -0.385827 0.440945 0.80315 
vn -0.385827 0.440945 0.80315 
vn -0.440945 0.440945 -0.787402 
vn -0.440945 0.456693 -0.771654 
vn -0.417323 0.574803 -0.700787 
vn -0.425197 0.566929 -0.708661 
vn -0.440945 0.440945 -0.787402 
vn -0.448819 0.346457 -0.826772 
vn -0.511811 0.267717 -0.818898 
vn -0.787402 0.110236 -0.606299 
vn -0.76378 -0.15748 -0.622047 
vn -0.787402 0.0944882 -0.614173 
vn -0.76378 -0.173228 -0.622047 
vn -0.96063 0.204724 -0.204724 
vn -0.96063 0.125984 -0.251969 
vn -0.96063 0.133858 -0.251969 
vn -0.96063 0.125984 -0.251969 
vn -0.944882 0.110236 -0.307087 
vn -0.944882 0.110236 -0.307087 
vn -0.929134 0.15748 -0.338583 
vn -0.944882 0.110236 -0.307087 
vn -0.929134 0.15748 -0.338583 
vn -0.590551 0.425197 -0.677165 
vn -0.574803 0.385827 -0.724409 
vn -0.590551 0.425197 -0.685039 
vn -0.566929 0.377953 -0.724409 
vn -0.590551 0.425197 -0.685039 
vn -0.614173 0.448819 -0.653543 
vn -0.787402 0.614173 0.0787402 
vn -0.811024 0.582677 0.0787402 
vn -0.787402 0.614173 0.0787402 
vn -0.811024 0.582677 0.0787402 
vn -0.787402 0.614173 0.0787402 
vn -0.771654 0.637795 0.0393701 
vn -0.787402 0.614173 0.0787402 
vn -0.771654 0.637795 0.0472441 
vn -0.0629921 0.818898 -0.566929 
vn -0.181102 0.76378 -0.622047 
vn -0.181102 0.76378 -0.622047 
vn -0.346457 0.582677 -0.740157 
vn -0.181102 0.76378 -0.622047 
vn -0.346457 0.566929 -0.748031 
vn -0.409449 0.362205 -0.834646 
vn -0.346457 0.582677 -0.740157 
vn -0.409449 0.362205 -0.834646 
vn -0.582677 0.346457 0.732283 
vn -0.637795 0.417323 0.645669 
vn -0.590551 0.354331 0.724409 
vn -0.645669 0.425197 0.637795 
vn -0.307087 0.519685 -0.795276 
vn -0.448819 0.338583 -0.826772 
vn -0.307087 0.519685 -0.795276 
vn -0.440945 0.338583 -0.826772 
vn -0.637795 -0.212598 -0.740157 
vn -0.606299 -0.433071 -0.669291 
vn -0.622047 -0.244094 -0.740157 
vn -0.606299 -0.456693 -0.645669 
vn -0.976378 -0.19685 -0.0787402 
vn -0.968504 -0.212598 -0.110236 
vn -0.976378 -0.19685 -0.0787402 
vn -0.968504 -0.212598 -0.110236 
vn -0.992126 0.0944882 0.0629921 
vn -0.992126 0.015748 0.141732 
vn -0.992126 0.102362 0.0629921 
vn -0.992126 0.015748 0.149606 
vn 0.346457 0.283465 0.897638 
vn 0.370079 0.425197 0.826772 
vn 0.377953 0.440945 0.818898 
vn 0.346457 0.267717 0.897638 
vn 0.433071 0.834646 0.346457 
vn 0.496063 0.850394 0.15748 
vn 0.425197 0.834646 0.354331 
vn 0.496063 0.858268 0.141732 
vn -0.244094 0.937008 0.259843 
vn -0.393701 0.913386 -0.11811 
vn -0.362205 0.929134 -0.0314961 
vn -0.393701 0.913386 -0.11811 
vn -0.511811 0.692913 -0.503937 
vn -0.511811 0.692913 -0.511811 
vn -0.574803 0.488189 -0.653543 
vn -0.511811 0.692913 -0.503937 
vn -0.574803 0.488189 -0.653543 
vn -0.574803 0.488189 -0.653543 
vn -0.598425 0.362205 -0.716535 
vn -0.598425 0.362205 -0.716535 
vn -0.944882 0.330709 -0.0472441 
vn -0.944882 0.322835 0.0708661 
vn -0.944882 0.322835 0.0629921 
vn -0.944882 0.330709 -0.0472441 
vn -0.826772 0.385827 -0.401575 
vn -0.834646 0.496063 -0.23622 
vn -0.826772 0.385827 -0.401575 
vn -0.834646 0.496063 -0.228346 
vn 0.503937 0.826772 0.259843 
vn 0.417323 0.897638 0.125984 
vn 0.519685 0.818898 0.259843 
vn 0.338583 0.944882 -0.0314961 
vn -0.173228 0.96063 -0.204724 
vn -0.173228 0.96063 -0.204724 
vn -0.0787402 0.96063 -0.267717 
vn -0.0708661 0.96063 -0.275591 
vn -0.173228 0.96063 -0.204724 
vn -0.267717 0.952756 -0.11811 
vn -0.275591 0.952756 -0.11811 
vn -0.0472441 0.574803 0.818898 
vn 0.149606 0.559055 0.811024 
vn -0.0472441 0.574803 0.818898 
vn 0.149606 0.559055 0.811024 
vn 0.354331 0.480315 0.80315 
vn 0.149606 0.559055 0.811024 
vn 0.354331 0.480315 0.80315 
vn 0.645669 0.590551 0.488189 
vn 0.677165 0.566929 0.480315 
vn 0.677165 0.566929 0.480315 
vn 0.795276 0.456693 0.401575 
vn 0.677165 0.566929 0.480315 
vn 0.826772 0.417323 0.370079 
vn 0.606299 0.677165 0.417323 
vn 0.645669 0.543307 0.535433 
vn 0.622047 0.629921 0.464567 
vn 0.669291 0.503937 0.551181 
vn -0.874016 -0.212598 0.440945 
vn -0.84252 -0.165354 0.511811 
vn -0.874016 -0.212598 0.440945 
vn -0.84252 -0.165354 0.511811 
vn -0.795276 0.566929 -0.204724 
vn -0.866142 0.448819 -0.212598 
vn -0.905512 0.354331 -0.212598 
vn -0.968504 0.165354 -0.19685 
vn -0.905512 0.354331 -0.212598 
vn -0.968504 0.15748 -0.188976 
vn -0.393701 0.0551181 -0.913386 
vn -0.346457 0.212598 -0.913386 
vn -0.385827 0.0787402 -0.92126 
vn -0.346457 0.220472 -0.913386 
vn 0.023622 0.716535 -0.700787 
vn 0.015748 0.708661 -0.700787 
vn 0.173228 0.818898 -0.551181 
vn 0.181102 0.826772 -0.535433 
vn -0.15748 0.826772 0.535433 
vn -0.11811 0.913386 0.393701 
vn -0.11811 0.913386 0.393701 
vn -0.15748 0.834646 0.535433 
vn -0.15748 0.826772 0.535433 
vn -0.173228 0.795276 0.574803 
vn -0.173228 0.795276 0.574803 
vn -0.212598 0.826772 0.519685 
vn -0.291339 0.874016 0.393701 
vn -0.204724 0.826772 0.527559 
vn -0.299213 0.874016 0.385827 
vn 0.76378 0.299213 -0.566929 
vn 0.811024 0.393701 -0.433071 
vn 0.80315 0.370079 -0.472441 
vn 0.811024 0.393701 -0.433071 
vn 0.834646 0.527559 -0.15748 
vn 0.834646 0.535433 -0.15748 
vn 0.834646 0.527559 -0.15748 
vn 0.732283 0.590551 0.338583 
vn 0.724409 0.582677 0.362205 
vn 0.732283 0.590551 0.338583 
vn 0.480315 0.440945 0.755906 
vn 0.472441 0.440945 0.76378 
vn 0.472441 0.440945 0.76378 
vn 0.188976 0.212598 0.96063 
vn 0.173228 0.212598 0.96063 
vn -0.834646 0.511811 -0.19685 
vn -0.818898 0.551181 -0.181102 
vn -0.834646 0.511811 -0.19685 
vn -0.818898 0.551181 -0.181102 
vn -0.968504 -0.212598 -0.110236 
vn -0.976378 -0.181102 -0.0944882 
vn -0.968504 -0.212598 -0.110236 
vn -0.976378 -0.181102 -0.0944882 
vn -0.811024 0.464567 -0.346457 
vn -0.795276 0.496063 -0.362205 
vn -0.795276 0.496063 -0.362205 
vn -0.811024 0.472441 -0.346457 
vn -0.834646 0.425197 -0.346457 
vn -0.811024 0.464567 -0.346457 
vn -0.346457 0.897638 -0.259843 
vn -0.527559 0.826772 0.19685 
vn -0.330709 0.897638 -0.307087 
vn -0.535433 0.818898 0.204724 
vn -0.818898 0.551181 -0.181102 
vn -0.80315 0.582677 -0.110236 
vn -0.818898 0.551181 -0.181102 
vn -0.80315 0.582677 -0.110236 
vn -0.0393701 0.76378 -0.645669 
vn -0.0472441 0.897638 -0.433071 
vn -0.0472441 0.771654 -0.637795 
vn -0.0472441 0.905512 -0.425197 
vn -0.937008 0.0629921 -0.346457 
vn -0.937008 0.0629921 -0.346457 
vn -0.96063 0.204724 -0.204724 
vn -0.96063 0.220472 -0.188976 
vn -0.858268 0.480315 -0.188976 
vn -0.834646 0.511811 -0.19685 
vn -0.858268 0.480315 -0.188976 
vn -0.834646 0.511811 -0.19685 
vn -0.968504 -0.181102 0.181102 
vn -0.984252 -0.165354 0.0629921 
vn -0.968504 -0.188976 0.181102 
vn -0.984252 -0.15748 0.0472441 
vn -0.929134 0.15748 -0.338583 
vn -0.92126 0.173228 -0.346457 
vn -0.929134 0.15748 -0.338583 
vn -0.92126 0.173228 -0.346457 
vn -0.653543 0.496063 -0.574803 
vn -0.755906 0.464567 -0.464567 
vn -0.653543 0.496063 -0.566929 
vn -0.755906 0.464567 -0.464567 
vn -0.606299 0.535433 0.590551 
vn -0.503937 0.464567 0.724409 
vn -0.614173 0.527559 0.582677 
vn -0.503937 0.456693 0.740157 
vn -0.858268 0.480315 -0.188976 
vn -0.88189 0.448819 -0.149606 
vn -0.858268 0.480315 -0.188976 
vn -0.88189 0.448819 -0.149606 
vn -0.771654 0.543307 -0.346457 
vn -0.866142 0.362205 -0.338583 
vn -0.771654 0.535433 -0.338583 
vn -0.874016 0.362205 -0.338583 
vn -0.669291 0.0866142 -0.732283 
vn -0.811024 -0.0393701 -0.582677 
vn -0.661417 0.110236 -0.748031 
vn -0.80315 -0.0314961 -0.598425 
vn -0.811024 -0.0393701 -0.582677 
vn -0.874016 -0.0472441 -0.480315 
vn -0.88189 -0.0393701 -0.464567 
vn -0.314961 -0.0314961 0.944882 
vn -0.362205 -0.0866142 0.929134 
vn -0.354331 -0.0866142 0.929134 
vn -0.362205 -0.0866142 0.929134 
vn -0.448819 -0.11811 0.88189 
vn -0.456693 -0.11811 0.88189 
vn -0.952756 -0.299213 0.0472441 
vn -0.944882 -0.283465 0.149606 
vn -0.952756 -0.299213 0.0472441 
vn -0.944882 -0.275591 0.149606 
vn 0.472441 0.716535 0.519685 
vn 0.385827 0.826772 0.417323 
vn 0.385827 0.866142 0.330709 
vn 0.496063 0.692913 0.527559 
vn 0.385827 0.826772 0.417323 
vn 0.377953 0.905512 0.181102 
vn 0.472441 0.716535 0.519685 
vn 0.629921 0.511811 0.582677 
vn 0.622047 0.519685 0.582677 
vn -0.582677 0.653543 -0.472441 
vn -0.496063 0.559055 -0.661417 
vn -0.606299 0.692913 -0.385827 
vn -0.511811 0.574803 -0.645669 
vn -0.622047 0.748031 -0.220472 
vn -0.582677 0.653543 -0.472441 
vn -0.496063 0.559055 -0.661417 
vn -0.409449 0.472441 -0.779528 
vn -0.409449 0.472441 -0.787402 
vn -0.716535 0.692913 0.102362 
vn -0.700787 0.708661 0.023622 
vn -0.700787 0.708661 0.023622 
vn -0.685039 0.716535 -0.133858 
vn -0.700787 0.708661 0.023622 
vn -0.685039 0.716535 -0.133858 
vn -0.685039 0.685039 -0.259843 
vn -0.685039 0.716535 -0.133858 
vn -0.685039 0.685039 -0.259843 
vn -0.685039 0.637795 -0.354331 
vn -0.685039 0.685039 -0.259843 
vn -0.685039 0.637795 -0.354331 
vn -0.905512 0.244094 -0.338583 
vn -0.866142 0.267717 -0.417323 
vn -0.905512 0.251969 -0.338583 
vn -0.866142 0.275591 -0.417323 
vn 0.15748 0.913386 -0.370079 
vn 0.228346 0.976378 -0.0314961 
vn 0.15748 0.913386 -0.370079 
vn 0.228346 0.976378 -0.0393701 
vn -0.645669 0.425197 0.637795 
vn -0.677165 0.511811 0.527559 
vn -0.637795 0.417323 0.645669 
vn -0.685039 0.543307 0.480315 
vn -0.913386 0.0314961 0.409449 
vn -0.92126 0 0.385827 
vn -0.913386 0.0314961 0.409449 
vn -0.92126 -0.00787402 0.385827 
vn -0.732283 0.259843 0.629921 
vn -0.740157 0.291339 0.606299 
vn -0.740157 0.291339 0.606299 
vn -0.732283 0.267717 0.622047 
vn -0.614173 0.527559 0.582677 
vn -0.732283 0.440945 0.519685 
vn -0.606299 0.535433 0.590551 
vn -0.732283 0.433071 0.519685 
vn -0.511811 0.425197 -0.748031 
vn -0.622047 0.228346 -0.748031 
vn -0.511811 0.425197 -0.748031 
vn -0.622047 0.228346 -0.748031 
vn -0.456693 0.519685 -0.716535 
vn -0.590551 0.291339 -0.748031 
vn -0.456693 0.519685 -0.724409 
vn -0.598425 0.283465 -0.748031 
vn -0.818898 0.574803 -0.015748 
vn -0.80315 0.582677 -0.110236 
vn -0.818898 0.574803 -0.015748 
vn -0.80315 0.582677 -0.110236 
vn -0.496063 0.685039 0.543307 
vn -0.456693 0.811024 0.362205 
vn -0.456693 0.818898 0.346457 
vn -0.496063 0.677165 0.543307 
vn -0.496063 0.685039 0.543307 
vn -0.496063 0.527559 0.685039 
vn -0.496063 0.527559 0.685039 
vn -0.448819 0.385827 0.811024 
vn -0.496063 0.527559 0.685039 
vn -0.448819 0.385827 0.80315 
vn -0.708661 0.259843 0.653543 
vn -0.724409 0.393701 0.574803 
vn -0.724409 0.401575 0.559055 
vn -0.708661 0.251969 0.661417 
vn -0.708661 0.259843 0.653543 
vn -0.716535 0.125984 0.685039 
vn -0.716535 0.125984 0.685039 
vn -0.716535 0.125984 0.685039 
vn -0.748031 -0.015748 0.661417 
vn -0.748031 -0.015748 0.661417 
vn -0.858268 0.259843 -0.448819 
vn -0.905512 0.251969 -0.346457 
vn -0.858268 0.259843 -0.448819 
vn -0.905512 0.251969 -0.346457 
vn -0.448819 0.692913 -0.566929 
vn -0.543307 0.732283 -0.409449 
vn -0.440945 0.685039 -0.582677 
vn -0.543307 0.732283 -0.409449 
vn -0.543307 0.732283 -0.409449 
vn -0.645669 0.692913 -0.314961 
vn -0.645669 0.692913 -0.314961 
vn -0.645669 0.692913 -0.314961 
vn -0.716535 0.598425 -0.346457 
vn -0.716535 0.598425 -0.346457 
vn -0.322835 0.149606 0.937008 
vn -0.283465 0.299213 0.913386 
vn -0.322835 0.141732 0.937008 
vn -0.283465 0.307087 0.905512 
vn -0.535433 0.653543 -0.535433 
vn -0.629921 0.456693 -0.622047 
vn -0.519685 0.669291 -0.527559 
vn -0.629921 0.456693 -0.629921 
vn -0.669291 0.299213 -0.677165 
vn -0.629921 0.456693 -0.622047 
vn -0.669291 0.299213 -0.677165 
vn -0.669291 0.299213 -0.677165 
vn -0.732283 0.102362 -0.677165 
vn -0.732283 0.102362 -0.677165 
vn -0.779528 -0.11811 -0.614173 
vn -0.732283 0.102362 -0.677165 
vn -0.779528 -0.11811 -0.622047 
vn -0.80315 -0.244094 -0.543307 
vn -0.779528 -0.11811 -0.614173 
vn -0.80315 -0.251969 -0.543307 
vn -0.787402 -0.385827 -0.488189 
vn -0.779528 -0.409449 -0.480315 
vn -0.80315 -0.244094 -0.543307 
vn -0.677165 -0.527559 -0.503937 
vn -0.779528 -0.409449 -0.480315 
vn -0.669291 -0.527559 -0.519685 
vn 0.527559 0.84252 -0.0944882 
vn 0.456693 0.787402 -0.417323 
vn 0.456693 0.787402 -0.409449 
vn 0.527559 0.84252 -0.0944882 
vn 0.527559 0.84252 -0.0944882 
vn 0.574803 0.80315 0.15748 
vn 0.574803 0.80315 0.15748 
vn 0.00787402 0.826772 0.566929 
vn -0.0944882 0.968504 0.212598 
vn -0.0944882 0.976378 0.19685 
vn 0.00787402 0.818898 0.566929 
vn 0.0314961 0.645669 0.76378 
vn 0.00787402 0.818898 0.566929 
vn 0.0314961 0.645669 0.76378 
vn -0.976378 0.149606 0.149606 
vn -0.976378 0.149606 0.15748 
vn -0.992126 0.0787402 0.102362 
vn -0.992126 0.0787402 0.102362 
vn -1 -0.0314961 0.0393701 
vn -1 -0.0314961 0.0393701 
vn -0.0551181 0.590551 -0.80315 
vn -0.0314961 0.724409 -0.685039 
vn -0.0551181 0.590551 -0.80315 
vn -0.0314961 0.732283 -0.685039 
vn -0.0551181 0.590551 -0.80315 
vn -0.11811 0.456693 -0.88189 
vn -0.11811 0.456693 -0.88189 
vn -0.23622 0.377953 0.897638 
vn -0.330709 0.503937 0.795276 
vn -0.220472 0.354331 0.905512 
vn -0.346457 0.527559 0.771654 
vn -0.913386 0.0551181 0.401575 
vn -0.913386 0.0314961 0.409449 
vn -0.913386 0.0551181 0.401575 
vn -0.913386 0.0314961 0.409449 
vn -0.897638 0.0551181 0.440945 
vn -0.897638 0.015748 0.448819 
vn -0.897638 0.0629921 0.433071 
vn -0.897638 0.023622 0.440945 
vn -0.952756 0.23622 -0.188976 
vn -0.92126 0.173228 -0.346457 
vn -0.952756 0.23622 -0.204724 
vn -0.92126 0.173228 -0.346457 
vn -0.88189 0.472441 -0.023622 
vn -0.88189 0.464567 -0.125984 
vn -0.88189 0.472441 -0.015748 
vn -0.874016 0.456693 -0.141732 
vn -0.88189 0.472441 -0.015748 
vn -0.88189 0.472441 0.0787402 
vn -0.88189 0.472441 0.0787402 
vn -0.88189 0.448819 0.133858 
vn -0.88189 0.472441 0.0787402 
vn -0.88189 0.448819 0.133858 
vn -0.897638 0.401575 0.188976 
vn -0.88189 0.448819 0.133858 
vn -0.897638 0.393701 0.188976 
vn -0.511811 0.811024 -0.275591 
vn -0.433071 0.708661 -0.559055 
vn -0.511811 0.811024 -0.283465 
vn -0.433071 0.708661 -0.559055 
vn -0.433071 0.708661 -0.559055 
vn -0.425197 0.566929 -0.708661 
vn -0.417323 0.574803 -0.700787 
vn -0.220472 0.976378 -0.0472441 
vn -0.19685 0.92126 0.346457 
vn -0.220472 0.976378 -0.0472441 
vn -0.19685 0.92126 0.346457 
vn -0.220472 0.976378 -0.0472441 
vn -0.283465 0.905512 -0.314961 
vn -0.283465 0.905512 -0.314961 
vn 0.338583 0.559055 -0.755906 
vn 0.425197 0.574803 -0.700787 
vn 0.440945 0.582677 -0.685039 
vn 0.598425 0.566929 -0.566929 
vn 0.440945 0.582677 -0.685039 
vn 0.614173 0.566929 -0.551181 
vn 0.598425 0.566929 -0.566929 
vn 0.787402 0.488189 -0.377953 
vn 0.771654 0.496063 -0.393701 
vn 0.173228 0.212598 0.96063 
vn -0.11811 0.023622 0.992126 
vn 0.188976 0.212598 0.96063 
vn -0.125984 0.015748 0.992126 
vn -0.92126 0.00787402 0.385827 
vn -0.866142 -0.0787402 0.496063 
vn -0.92126 0.00787402 0.377953 
vn -0.866142 -0.0866142 0.496063 
vn -0.92126 0.00787402 0.385827 
vn -0.952756 0.0314961 0.314961 
vn 0.519685 0.795276 0.314961 
vn 0.425197 0.716535 0.551181 
vn 0.511811 0.787402 0.338583 
vn 0.425197 0.716535 0.551181 
vn 0.519685 0.795276 0.314961 
vn 0.598425 0.795276 0.0787402 
vn 0.606299 0.795276 0.0551181 
vn 0.637795 0.535433 -0.551181 
vn 0.645669 0.519685 -0.551181 
vn 0.653543 0.511811 -0.559055 
vn 0.732283 0.503937 -0.464567 
vn 0.653543 0.511811 -0.559055 
vn 0.874016 0.480315 -0.0472441 
vn -0.00787402 0.937008 -0.338583 
vn -0.0472441 0.826772 -0.559055 
vn -0.00787402 0.944882 -0.330709 
vn -0.0472441 0.826772 -0.559055 
vn -0.11811 0.692913 -0.716535 
vn -0.0472441 0.826772 -0.559055 
vn -0.11811 0.692913 -0.716535 
vn -0.88189 0.448819 -0.149606 
vn -0.905512 0.417323 -0.0866142 
vn -0.88189 0.448819 -0.149606 
vn -0.905512 0.417323 -0.0866142 
vn -0.559055 0.582677 0.590551 
vn -0.582677 0.653543 0.480315 
vn -0.582677 0.653543 0.480315 
vn -0.559055 0.582677 0.590551 
vn -0.559055 0.582677 0.590551 
vn -0.566929 0.456693 0.692913 
vn -0.566929 0.448819 0.692913 
vn -0.755906 0.535433 -0.385827 
vn -0.700787 0.685039 -0.204724 
vn -0.748031 0.551181 -0.377953 
vn -0.692913 0.692913 -0.19685 
vn -0.787402 0.433071 -0.440945 
vn -0.84252 0.330709 -0.425197 
vn -0.787402 0.433071 -0.440945 
vn -0.850394 0.322835 -0.417323 
vn -0.88189 0.267717 -0.377953 
vn -0.889764 0.259843 -0.377953 
vn -0.84252 0.330709 -0.425197 
vn -0.889764 0.259843 -0.377953 
vn -0.905512 0.19685 -0.385827 
vn -0.897638 0.181102 -0.393701 
vn 0.0708661 0.503937 -0.866142 
vn 0.23622 0.543307 -0.80315 
vn 0.0866142 0.503937 -0.858268 
vn 0.251969 0.535433 -0.811024 
vn 0.322835 0.535433 -0.779528 
vn 0.23622 0.543307 -0.80315 
vn 0.0708661 0.503937 -0.866142 
vn -0.141732 0.393701 -0.913386 
vn -0.15748 0.370079 -0.913386 
vn -0.433071 0.858268 0.275591 
vn -0.433071 0.897638 -0.00787402 
vn -0.433071 0.897638 -0.023622 
vn -0.433071 0.850394 0.291339 
vn -0.401575 0.748031 0.527559 
vn -0.401575 0.748031 0.535433 
vn -0.433071 0.858268 0.275591 
vn -0.15748 0.88189 0.440945 
vn -0.0629921 0.992126 0.0629921 
vn -0.0629921 1 0.0629921 
vn -0.15748 0.88189 0.440945 
vn -0.401575 0.905512 0.11811 
vn -0.425197 0.889764 -0.141732 
vn -0.401575 0.905512 0.11811 
vn -0.425197 0.889764 -0.141732 
vn -0.377953 0.84252 0.377953 
vn -0.401575 0.905512 0.11811 
vn -0.377953 0.850394 0.377953 
vn -0.755906 0.299213 0.582677 
vn -0.732283 0.267717 0.622047 
vn -0.732283 0.259843 0.629921 
vn -0.755906 0.299213 0.574803 
vn -0.755906 0.299213 0.582677 
vn -0.80315 0.370079 0.472441 
vn -0.80315 0.377953 0.464567 
vn -0.976378 -0.015748 0.220472 
vn -0.976378 0.0314961 0.19685 
vn -0.976378 0.0472441 0.19685 
vn -0.96063 -0.0393701 0.267717 
vn 0.275591 0.614173 0.740157 
vn 0.275591 0.606299 0.748031 
vn 0.19685 0.818898 0.543307 
vn 0.19685 0.818898 0.535433 
vn 0.023622 0.409449 0.913386 
vn 0.0708661 0.566929 0.818898 
vn 0.0708661 0.566929 0.818898 
vn 0.023622 0.393701 0.92126 
vn -0.283465 0.307087 0.905512 
vn -0.251969 0.472441 0.84252 
vn -0.283465 0.299213 0.913386 
vn -0.251969 0.480315 0.84252 
vn -0.905512 0.291339 -0.299213 
vn -0.952756 0.212598 -0.228346 
vn -0.905512 0.291339 -0.299213 
vn -0.952756 0.212598 -0.228346 
vn -0.968504 0.125984 -0.220472 
vn -0.952756 0.212598 -0.228346 
vn -0.968504 0.125984 -0.220472 
vn -0.96063 0.110236 -0.267717 
vn -0.968504 0.125984 -0.220472 
vn -0.968504 0.125984 -0.220472 
vn -0.96063 0.110236 -0.267717 
vn -0.866142 0.377953 0.330709 
vn -0.779528 0.401575 0.480315 
vn -0.866142 0.377953 0.330709 
vn -0.779528 0.401575 0.480315 
vn -0.220472 0.700787 -0.685039 
vn -0.307087 0.519685 -0.795276 
vn -0.220472 0.692913 -0.685039 
vn -0.307087 0.519685 -0.795276 
vn -0.716535 0.598425 -0.346457 
vn -0.700787 0.527559 -0.480315 
vn -0.716535 0.598425 -0.346457 
vn -0.700787 0.527559 -0.480315 
vn -0.409449 0.283465 0.866142 
vn -0.425197 0.228346 0.874016 
vn -0.425197 0.220472 0.874016 
vn -0.425197 0.228346 0.874016 
vn -0.464567 0.023622 0.88189 
vn -0.464567 0.015748 0.88189 
vn -0.732283 0.433071 0.519685 
vn -0.740157 0.291339 0.606299 
vn -0.748031 0.370079 0.551181 
vn -0.740157 0.291339 0.606299 
vn -0.84252 -0.165354 0.511811 
vn -0.866142 -0.0866142 0.496063 
vn -0.84252 -0.165354 0.511811 
vn -0.866142 -0.0787402 0.496063 
vn -0.984252 0.165354 -0.0314961 
vn -0.992126 0.102362 0.0629921 
vn -0.984252 0.165354 -0.0314961 
vn -0.992126 0.0944882 0.0629921 
vn -0.952756 -0.188976 0.23622 
vn -0.992126 -0.102362 0.0629921 
vn -0.952756 -0.188976 0.228346 
vn -0.992126 -0.102362 0.0551181 
vn -0.417323 0.0393701 0.905512 
vn -0.322835 0.141732 0.937008 
vn -0.417323 0.0393701 0.905512 
vn -0.322835 0.149606 0.937008 
vn -0.968504 -0.188976 0.181102 
vn -0.952756 -0.15748 0.267717 
vn -0.968504 -0.181102 0.181102 
vn -0.952756 -0.149606 0.267717 
vn 0.259843 0.826772 -0.496063 
vn 0.566929 0.645669 -0.511811 
vn 0.275591 0.826772 -0.496063 
vn 0.543307 0.661417 -0.511811 
vn 0.456693 0.889764 0.015748 
vn 0.409449 0.80315 0.425197 
vn 0.456693 0.889764 0.015748 
vn 0.409449 0.80315 0.425197 
vn 0.456693 0.889764 0.015748 
vn 0.448819 0.834646 -0.322835 
vn 0.448819 0.834646 -0.322835 
vn -0.929134 0.370079 -0.0787402 
vn -0.952756 0.275591 -0.11811 
vn -0.952756 0.275591 -0.11811 
vn -0.952756 0.275591 -0.11811 
vn -0.984252 0.023622 -0.181102 
vn -0.984252 0.023622 -0.181102 
vn -0.976378 -0.181102 -0.0944882 
vn -0.992126 -0.102362 -0.0944882 
vn -0.976378 -0.181102 -0.0944882 
vn -0.992126 -0.102362 -0.0944882 
vn -0.149606 0.84252 -0.519685 
vn -0.220472 0.700787 -0.685039 
vn -0.15748 0.834646 -0.527559 
vn -0.220472 0.692913 -0.685039 
vn -0.944882 0.23622 -0.23622 
vn -0.92126 0.322835 -0.204724 
vn -0.929134 0.322835 -0.204724 
vn -0.944882 0.228346 -0.23622 
vn -0.976378 -0.015748 -0.228346 
vn -0.976378 -0.015748 -0.228346 
vn -0.944882 -0.267717 -0.188976 
vn -0.976378 -0.015748 -0.228346 
vn -0.937008 -0.283465 -0.188976 
vn -0.685039 0.543307 0.480315 
vn -0.685039 0.622047 0.377953 
vn -0.677165 0.511811 0.527559 
vn -0.669291 0.692913 0.275591 
vn 0.283465 0.826772 -0.488189 
vn 0.283465 0.80315 -0.527559 
vn 0.299213 0.88189 -0.370079 
vn 0.307087 0.88189 -0.362205 
vn 0.283465 0.826772 -0.488189 
vn 0.291339 0.700787 -0.645669 
vn 0.299213 0.677165 -0.669291 
vn 0.291339 0.700787 -0.645669 
vn 0.338583 0.559055 -0.755906 
vn 0.330709 0.566929 -0.748031 
vn -0.685039 0.535433 -0.496063 
vn -0.645669 0.496063 -0.582677 
vn -0.645669 0.488189 -0.590551 
vn -0.685039 0.535433 -0.496063 
vn -0.685039 0.535433 -0.496063 
vn -0.708661 0.543307 -0.448819 
vn 0.377953 0.440945 0.818898 
vn 0.401575 0.535433 0.748031 
vn 0.401575 0.535433 0.740157 
vn 0.370079 0.425197 0.826772 
vn -0.291339 0.574803 -0.76378 
vn -0.291339 0.566929 -0.771654 
vn -0.228346 0.606299 -0.76378 
vn -0.220472 0.598425 -0.771654 
vn -0.795276 -0.00787402 -0.606299 
vn -0.787402 0.173228 -0.590551 
vn -0.795276 -0.0472441 -0.598425 
vn -0.787402 0.188976 -0.590551 
vn -0.787402 0.173228 -0.590551 
vn -0.779528 0.314961 -0.543307 
vn -0.496063 0.669291 0.551181 
vn -0.488189 0.653543 0.574803 
vn -0.488189 0.645669 0.582677 
vn -0.496063 0.669291 0.559055 
vn -0.488189 0.653543 0.574803 
vn -0.464567 0.582677 0.669291 
vn -0.464567 0.582677 0.661417 
vn -0.519685 0.614173 0.598425 
vn -0.496063 0.669291 0.559055 
vn -0.519685 0.614173 0.598425 
vn -0.519685 0.614173 0.598425 
vn -0.543307 0.566929 0.622047 
vn -0.543307 0.566929 0.622047 
vn -0.968504 0.181102 0.173228 
vn -0.96063 0.204724 0.173228 
vn -0.968504 0.181102 0.173228 
vn -0.96063 0.204724 0.173228 
vn -0.944882 0.330709 -0.0472441 
vn -0.944882 0.330709 -0.0472441 
vn -0.929134 0.291339 -0.220472 
vn -0.929134 0.283465 -0.228346 
vn -0.76378 0.102362 -0.637795 
vn -0.76378 0.110236 -0.629921 
vn -0.76378 0.11811 -0.629921 
vn -0.76378 0.102362 -0.637795 
vn -0.755906 0.0551181 -0.653543 
vn -0.76378 0.102362 -0.637795 
vn -0.897638 0.023622 0.440945 
vn -0.905512 0.0472441 0.425197 
vn -0.897638 0.015748 0.448819 
vn -0.905512 0.0472441 0.425197 
vn -0.897638 0.0708661 0.433071 
vn -0.905512 0.0472441 0.425197 
vn -0.897638 0.0787402 0.440945 
vn 0.645669 0.645669 -0.409449 
vn 0.645669 0.472441 -0.598425 
vn 0.645669 0.645669 -0.409449 
vn 0.645669 0.448819 -0.622047 
vn 0.629921 0.76378 -0.149606 
vn 0.645669 0.645669 -0.409449 
vn 0.629921 0.771654 -0.110236 
vn -0.858268 0.496063 0.11811 
vn -0.913386 0.346457 0.212598 
vn -0.913386 0.354331 0.212598 
vn -0.858268 0.496063 0.102362 
vn -0.913386 0.346457 0.212598 
vn -0.96063 0.173228 0.220472 
vn -0.96063 0.15748 0.212598 
vn -0.976378 0.0472441 0.19685 
vn -0.96063 0.173228 0.220472 
vn -0.976378 0.0314961 0.19685 
vn 0.259843 0.409449 -0.874016 
vn 0.354331 0.480315 -0.80315 
vn 0.370079 0.488189 -0.787402 
vn 0.574803 0.543307 -0.614173 
vn 0.370079 0.488189 -0.787402 
vn 0.582677 0.543307 -0.606299 
vn 0.574803 0.543307 -0.614173 
vn 0.755906 0.488189 -0.440945 
vn 0.755906 0.488189 -0.440945 
vn -0.582677 0.440945 -0.685039 
vn -0.622047 0.385827 -0.677165 
vn -0.559055 0.456693 -0.692913 
vn -0.637795 0.354331 -0.677165 
vn -0.622047 0.385827 -0.677165 
vn -0.661417 0.314961 -0.677165 
vn -0.897638 0.0787402 0.440945 
vn -0.88189 0.11811 0.456693 
vn -0.874016 0.125984 0.464567 
vn -0.897638 0.0708661 0.433071 
vn -0.732283 0.472441 -0.480315 
vn -0.669291 0.488189 -0.559055 
vn -0.740157 0.472441 -0.480315 
vn -0.669291 0.488189 -0.559055 
vn -0.889764 0.385827 0.251969 
vn -0.826772 0.425197 0.362205 
vn -0.826772 0.433071 0.362205 
vn -0.889764 0.385827 0.244094 
vn -0.173228 0.614173 -0.771654 
vn -0.15748 0.637795 -0.755906 
vn -0.173228 0.614173 -0.771654 
vn -0.15748 0.637795 -0.755906 
vn -0.173228 0.614173 -0.771654 
vn -0.220472 0.448819 -0.866142 
vn -0.220472 0.448819 -0.866142 
vn -0.220472 0.448819 -0.866142 
vn -0.283465 0.188976 -0.937008 
vn -0.283465 0.181102 -0.937008 
vn 0.409449 0.905512 0.141732 
vn 0.551181 0.826772 0.0708661 
vn 0.409449 0.905512 0.141732 
vn 0.669291 0.740157 0.00787402 
vn -0.976378 0.149606 0.149606 
vn -0.968504 0.181102 0.173228 
vn -0.976378 0.149606 0.15748 
vn -0.968504 0.181102 0.173228 
vn -0.456693 -0.220472 0.858268 
vn -0.409449 -0.141732 0.897638 
vn -0.401575 -0.0944882 0.913386 
vn -0.496063 -0.19685 0.850394 
vn -0.417323 0.677165 0.598425 
vn -0.338583 0.866142 0.377953 
vn -0.338583 0.858268 0.385827 
vn -0.417323 0.685039 0.598425 
vn -0.417323 0.677165 0.598425 
vn -0.480315 0.559055 0.669291 
vn -0.488189 0.559055 0.669291 
vn -0.283465 0.181102 -0.937008 
vn -0.385827 -0.0393701 -0.92126 
vn -0.283465 0.188976 -0.937008 
vn -0.385827 -0.0393701 -0.92126 
vn -0.385827 -0.0393701 -0.92126 
vn -0.440945 -0.133858 -0.88189 
vn -0.0944882 0.606299 0.787402 
vn 0.0314961 0.417323 0.905512 
vn 0.0314961 0.417323 0.905512 
vn -0.102362 0.622047 0.779528 
vn 0.133858 0.299213 0.944882 
vn 0.0314961 0.417323 0.905512 
vn 0.141732 0.299213 0.944882 
vn -0.346457 0.212598 -0.913386 
vn -0.354331 0.322835 -0.88189 
vn -0.346457 0.220472 -0.913386 
vn -0.354331 0.322835 -0.88189 
vn -0.905512 0.417323 -0.0866142 
vn -0.913386 0.401575 -0.0314961 
vn -0.905512 0.417323 -0.0866142 
vn -0.913386 0.401575 -0.0314961 
vn -0.0944882 0.527559 0.850394 
vn 0.0708661 0.370079 0.929134 
vn -0.110236 0.543307 0.834646 
vn 0.0866142 0.354331 0.929134 
vn -0.889764 0.456693 0.0472441 
vn -0.866142 0.503937 -0.0551181 
vn -0.889764 0.456693 0.0472441 
vn -0.866142 0.496063 -0.0472441 
vn -0.834646 0.496063 -0.228346 
vn -0.866142 0.503937 -0.0551181 
vn -0.834646 0.496063 -0.23622 
vn -0.716535 0.0314961 0.700787 
vn -0.771654 0.165354 0.614173 
vn -0.716535 0.0393701 0.692913 
vn -0.76378 0.15748 0.622047 
vn -0.771654 0.165354 0.614173 
vn -0.80315 0.23622 0.543307 
vn -0.84252 0.291339 0.448819 
vn -0.897638 0.149606 0.409449 
vn -0.84252 0.299213 0.448819 
vn -0.897638 0.149606 0.409449 
vn -0.897638 0.149606 0.409449 
vn -0.913386 0.0551181 0.401575 
vn -0.913386 0.0551181 0.401575 
vn 0.0787402 0.897638 -0.433071 
vn 0.0866142 0.897638 -0.433071 
vn -0.0551181 0.984252 -0.181102 
vn -0.0629921 0.984252 -0.15748 
vn 0.0787402 0.897638 -0.433071 
vn 0.212598 0.748031 -0.629921 
vn 0.212598 0.748031 -0.629921 
vn -0.645669 0.511811 -0.566929 
vn -0.685039 0.503937 -0.527559 
vn -0.645669 0.511811 -0.566929 
vn -0.685039 0.511811 -0.527559 
vn -0.755906 0.488189 -0.440945 
vn -0.685039 0.503937 -0.527559 
vn -0.755906 0.488189 -0.440945 
vn 0.622047 0.314961 0.716535 
vn 0.622047 0.370079 0.692913 
vn 0.622047 0.322835 0.716535 
vn 0.622047 0.370079 0.692913 
vn -0.354331 0.661417 0.661417 
vn -0.409449 0.76378 0.503937 
vn -0.409449 0.76378 0.503937 
vn -0.354331 0.661417 0.661417 
vn -0.354331 0.661417 0.661417 
vn -0.330709 0.511811 0.795276 
vn -0.330709 0.511811 0.795276 
vn -0.15748 0.637795 -0.755906 
vn -0.220472 0.692913 -0.685039 
vn -0.15748 0.637795 -0.755906 
vn -0.228346 0.708661 -0.669291 
vn -0.937008 0.11811 -0.322835 
vn -0.96063 0.110236 -0.267717 
vn -0.96063 0.110236 -0.267717 
vn -0.937008 0.11811 -0.322835 
vn -0.992126 -0.023622 0.110236 
vn -0.992126 -0.023622 0.110236 
vn -0.992126 -0.11811 0.015748 
vn -0.992126 -0.11811 0.015748 
vn -0.992126 -0.11811 0.015748 
vn -0.976378 -0.19685 -0.0787402 
vn -0.976378 -0.19685 -0.0787402 
vn 0.188976 0.637795 -0.748031 
vn 0.102362 0.76378 -0.637795 
vn 0.173228 0.661417 -0.732283 
vn 0.0787402 0.818898 -0.574803 
vn 0.173228 0.661417 -0.732283 
vn 0.291339 0.480315 -0.826772 
vn 0.299213 0.464567 -0.834646 
vn 0.614173 0.370079 0.692913 
vn 0.622047 0.370079 0.692913 
vn 0.614173 0.370079 0.692913 
vn 0.622047 0.370079 0.692913 
vn 0.614173 0.354331 0.708661 
vn 0.614173 0.370079 0.692913 
vn 0.614173 0.354331 0.708661 
vn -0.220472 0.653543 0.724409 
vn -0.23622 0.795276 0.559055 
vn -0.23622 0.795276 0.559055 
vn -0.220472 0.653543 0.724409 
vn -0.220472 0.653543 0.724409 
vn -0.251969 0.480315 0.84252 
vn -0.251969 0.472441 0.84252 
vn 0.503937 0.480315 0.716535 
vn 0.614173 0.511811 0.606299 
vn 0.472441 0.472441 0.740157 
vn 0.629921 0.511811 0.590551 
vn -0.937008 0.23622 0.267717 
vn -0.913386 0.393701 0.11811 
vn -0.913386 0.377953 0.133858 
vn -0.850394 0.527559 0.00787402 
vn -0.913386 0.377953 0.133858 
vn -0.850394 0.519685 0.00787402 
vn -0.850394 0.527559 0.00787402 
vn -0.818898 0.574803 -0.015748 
vn -0.818898 0.574803 -0.015748 
vn -0.582677 0.653543 0.480315 
vn -0.661417 0.708661 0.251969 
vn -0.661417 0.708661 0.244094 
vn -0.582677 0.653543 0.480315 
vn -0.850394 0.110236 0.511811 
vn -0.874016 0.125984 0.464567 
vn -0.88189 0.11811 0.456693 
vn -0.850394 0.102362 0.519685 
vn -0.692913 0.606299 -0.385827 
vn -0.771654 0.535433 -0.338583 
vn -0.692913 0.606299 -0.385827 
vn -0.771654 0.543307 -0.346457 
vn -0.984252 0.165354 -0.0314961 
vn -0.96063 0.188976 -0.188976 
vn -0.984252 0.165354 -0.0314961 
vn -0.96063 0.188976 -0.188976 
vn -0.96063 0.220472 -0.188976 
vn -0.96063 0.204724 -0.204724 
vn -0.952756 0.307087 0.00787402 
vn -0.952756 0.307087 0.0314961 
vn -0.748031 0.637795 -0.173228 
vn -0.716535 0.645669 -0.275591 
vn -0.716535 0.645669 -0.275591 
vn -0.748031 0.637795 -0.173228 
vn -0.748031 0.637795 -0.173228 
vn -0.755906 0.629921 -0.165354 
vn -0.92126 0.259843 0.291339 
vn -0.84252 0.228346 0.488189 
vn -0.92126 0.259843 0.299213 
vn -0.834646 0.228346 0.496063 
vn -0.96063 0.204724 0.173228 
vn -0.92126 0.259843 0.291339 
vn -0.96063 0.204724 0.173228 
vn 0.307087 0.905512 -0.283465 
vn 0.433071 0.748031 -0.503937 
vn 0.307087 0.905512 -0.299213 
vn 0.440945 0.740157 -0.511811 
vn -0.944882 -0.275591 0.149606 
vn -0.968504 -0.220472 0.133858 
vn -0.944882 -0.283465 0.149606 
vn -0.968504 -0.212598 0.125984 
vn -0.968504 -0.220472 0.133858 
vn -0.976378 -0.204724 0.0787402 
vn 0.314961 0.897638 -0.322835 
vn 0.425197 0.905512 -0.0629921 
vn 0.314961 0.897638 -0.314961 
vn 0.433071 0.897638 -0.0393701 
vn 0.314961 0.897638 -0.322835 
vn 0.181102 0.826772 -0.535433 
vn 0.173228 0.818898 -0.551181 
vn -0.929134 0.322835 -0.204724 
vn -0.913386 0.385827 -0.133858 
vn -0.897638 0.425197 -0.11811 
vn -0.92126 0.322835 -0.204724 
vn -0.314961 0.362205 -0.874016 
vn -0.307087 0.338583 -0.889764 
vn -0.354331 0.464567 -0.811024 
vn -0.354331 0.464567 -0.811024 
vn 0.354331 0.913386 0.188976 
vn 0.283465 0.84252 0.456693 
vn 0.338583 0.905512 0.251969 
vn 0.283465 0.84252 0.456693 
vn 0.354331 0.913386 0.188976 
vn 0.417323 0.905512 -0.110236 
vn 0.425197 0.897638 -0.141732 
vn 0.614173 0.354331 0.708661 
vn 0.590551 0.354331 0.724409 
vn 0.590551 0.354331 0.724409 
vn 0.614173 0.354331 0.708661 
vn -0.858268 0.259843 -0.448819 
vn -0.771654 0.259843 -0.582677 
vn -0.858268 0.259843 -0.448819 
vn -0.771654 0.259843 -0.582677 
vn -0.866142 0.275591 -0.417323 
vn -0.818898 0.314961 -0.472441 
vn -0.866142 0.267717 -0.417323 
vn -0.818898 0.314961 -0.472441 
vn -0.125984 0.015748 0.992126 
vn -0.307087 -0.0629921 0.952756 
vn -0.11811 0.023622 0.992126 
vn -0.314961 -0.0629921 0.944882 
vn -0.377953 -0.0944882 0.92126 
vn -0.19685 0.92126 0.330709 
vn -0.401575 0.913386 0.0314961 
vn -0.173228 0.92126 0.354331 
vn -0.401575 0.913386 0.0314961 
vn -0.181102 0.76378 0.614173 
vn -0.173228 0.755906 0.629921 
vn -0.0787402 0.637795 0.76378 
vn -0.0787402 0.645669 0.76378 
vn -0.88189 0.464567 -0.125984 
vn -0.88189 0.433071 -0.181102 
vn -0.874016 0.456693 -0.141732 
vn -0.905512 0.401575 -0.165354 
vn -0.929134 0.228346 0.299213 
vn -0.913386 0.15748 0.370079 
vn -0.913386 0.15748 0.370079 
vn -0.929134 0.228346 0.291339 
vn -0.913386 0.15748 0.370079 
vn -0.897638 0.0629921 0.433071 
vn -0.897638 0.0551181 0.440945 
vn -0.00787402 0.944882 -0.330709 
vn -0.0472441 1 -0.0472441 
vn -0.00787402 0.937008 -0.338583 
vn -0.0551181 1 -0.015748 
vn -0.866142 0.102362 0.496063 
vn -0.858268 0.19685 0.472441 
vn -0.858268 0.212598 0.472441 
vn -0.858268 0.19685 0.472441 
vn -0.84252 0.433071 0.330709 
vn -0.84252 0.425197 0.338583 
vn -0.811024 0.559055 0.149606 
vn -0.84252 0.433071 0.330709 
vn -0.811024 0.559055 0.149606 
vn -0.811024 0.559055 0.149606 
vn -0.811024 0.582677 0.0787402 
vn -0.811024 0.582677 0.0787402 
vn 0.874016 0.133858 -0.464567 
vn 0.897638 0.220472 -0.370079 
vn 0.866142 0.110236 -0.488189 
vn 0.866142 0.0866142 -0.496063 
vn -0.606299 0.692913 -0.385827 
vn -0.614173 0.787402 0.023622 
vn -0.622047 0.748031 -0.220472 
vn -0.598425 0.795276 0.102362 
vn 0.480315 0.283465 -0.834646 
vn 0.480315 0.440945 -0.755906 
vn 0.480315 0.480315 -0.740157 
vn 0.480315 0.440945 -0.755906 
vn 0.440945 0.76378 -0.472441 
vn 0.440945 0.748031 -0.496063 
vn 0.212598 0.976378 -0.0393701 
vn 0.440945 0.76378 -0.472441 
vn 0.204724 0.976378 -0.0314961 
vn 0.212598 0.976378 -0.0393701 
vn -0.173228 0.897638 0.393701 
vn -0.173228 0.905512 0.393701 
vn -0.456693 0.685039 0.566929 
vn -0.456693 0.685039 0.566929 
vn -0.173228 0.897638 0.393701 
vn -0.716535 0.543307 0.433071 
vn -0.732283 0.433071 0.519685 
vn -0.724409 0.496063 0.480315 
vn -0.748031 0.370079 0.551181 
vn -0.299213 0.874016 0.385827 
vn -0.401575 0.897638 0.188976 
vn -0.291339 0.874016 0.393701 
vn -0.409449 0.897638 0.181102 
vn -0.448819 0.795276 -0.401575 
vn -0.472441 0.614173 -0.637795 
vn -0.448819 0.80315 -0.393701 
vn -0.472441 0.606299 -0.637795 
vn -0.511811 0.425197 -0.748031 
vn -0.472441 0.614173 -0.637795 
vn -0.511811 0.425197 -0.748031 
vn -0.677165 0.574803 -0.456693 
vn -0.787402 0.433071 -0.440945 
vn -0.669291 0.582677 -0.456693 
vn -0.787402 0.433071 -0.440945 
vn -0.897638 0.433071 0.0708661 
vn -0.874016 0.488189 0.0472441 
vn -0.858268 0.503937 0.0393701 
vn -0.858268 0.503937 0.0393701 
vn -0.858268 0.496063 0.102362 
vn -0.858268 0.496063 0.11811 
vn -0.385827 0.795276 -0.472441 
vn -0.456693 0.826772 -0.330709 
vn -0.480315 0.826772 -0.283465 
vn -0.614173 0.787402 0.0472441 
vn -0.480315 0.826772 -0.283465 
vn -0.614173 0.787402 0.0629921 
vn -0.0472441 0.992126 0.11811 
vn 0.023622 0.968504 -0.251969 
vn 0.0314961 0.96063 -0.259843 
vn -0.0472441 0.992126 0.11811 
vn -0.11811 0.913386 0.393701 
vn -0.0472441 0.992126 0.11811 
vn -0.11811 0.913386 0.393701 
vn -0.818898 -0.0708661 -0.566929 
vn -0.811024 -0.23622 -0.535433 
vn -0.818898 -0.0708661 -0.566929 
vn -0.811024 -0.23622 -0.535433 
vn -0.818898 -0.409449 -0.409449 
vn -0.811024 -0.23622 -0.535433 
vn -0.818898 -0.409449 -0.409449 
vn 0.913386 0.11811 -0.393701 
vn 0.84252 0.0629921 -0.535433 
vn 0.92126 0.141732 -0.362205 
vn 0.834646 0.0629921 -0.543307 
vn 0.92126 0.141732 -0.362205 
vn 0.952756 0.267717 -0.149606 
vn 0.952756 0.275591 -0.141732 
vn 0.952756 0.267717 -0.149606 
vn 0.944882 0.338583 -0.015748 
vn 0.559055 0.787402 0.267717 
vn 0.496063 0.858268 0.125984 
vn 0.488189 0.866142 0.110236 
vn 0.566929 0.76378 0.299213 
vn 0.606299 0.677165 0.417323 
vn 0.622047 0.629921 0.464567 
vn 0.559055 0.787402 0.267717 
vn -0.740157 0.527559 0.409449 
vn -0.724409 0.401575 0.559055 
vn -0.724409 0.393701 0.574803 
vn -0.748031 0.543307 0.393701 
vn -0.566929 0.503937 0.653543 
vn -0.488189 0.559055 0.669291 
vn -0.559055 0.503937 0.653543 
vn -0.480315 0.559055 0.669291 
vn -0.850394 0.503937 0.125984 
vn -0.874016 0.480315 0.0944882 
vn -0.88189 0.472441 -0.015748 
vn -0.992126 -0.102362 -0.0944882 
vn -0.992126 -0.023622 -0.11811 
vn -0.992126 -0.102362 -0.0944882 
vn -0.992126 -0.015748 -0.11811 
vn 0.244094 0.952756 -0.173228 
vn 0.322835 0.889764 -0.330709 
vn 0.275591 0.929134 -0.244094 
vn 0.322835 0.889764 -0.330709 
vn 0.354331 0.858268 -0.377953 
vn 0.496063 0.692913 -0.527559 
vn 0.496063 0.299213 0.818898 
vn 0.354331 0.480315 0.80315 
vn 0.354331 0.480315 0.80315 
vn 0.488189 0.307087 0.818898 
vn -0.897638 0.425197 -0.11811 
vn -0.88189 0.472441 -0.015748 
vn -0.88189 0.464567 -0.0393701 
vn -0.913386 0.385827 -0.133858 
vn -0.874016 0.480315 0.0944882 
vn -0.88189 0.472441 -0.015748 
vn -0.716535 0.645669 0.259843 
vn -0.76378 0.574803 0.283465 
vn -0.76378 0.574803 0.283465 
vn -0.874016 0.377953 0.307087 
vn -0.874016 0.377953 0.307087 
vn 0.519685 0.850394 -0.0944882 
vn 0.519685 0.787402 -0.330709 
vn 0.519685 0.787402 -0.346457 
vn 0.519685 0.850394 -0.0944882 
vn 0.519685 0.850394 -0.0944882 
vn 0.496063 0.858268 0.141732 
vn 0.496063 0.850394 0.15748 
vn -0.0314961 0.732283 -0.685039 
vn -0.0393701 0.889764 -0.464567 
vn -0.0314961 0.724409 -0.685039 
vn -0.0393701 0.889764 -0.456693 
vn -0.92126 0.370079 -0.149606 
vn -0.905512 0.401575 -0.165354 
vn -0.92126 0.370079 -0.149606 
vn -0.88189 0.433071 -0.181102 
vn -0.787402 0.464567 -0.401575 
vn -0.748031 0.527559 -0.401575 
vn -0.795276 0.464567 -0.401575 
vn -0.748031 0.527559 -0.401575 
vn -0.795276 0.464567 -0.401575 
vn -0.826772 0.496063 -0.259843 
vn -0.826772 0.503937 -0.251969 
vn -0.354331 0.464567 -0.811024 
vn -0.354331 0.464567 -0.811024 
vn -0.362205 0.527559 -0.771654 
vn -0.362205 0.527559 -0.76378 
vn -0.653543 0.496063 -0.566929 
vn -0.480315 0.425197 -0.76378 
vn -0.653543 0.496063 -0.574803 
vn -0.472441 0.409449 -0.779528 
vn -0.913386 0.401575 -0.0314961 
vn -0.897638 0.440945 -0.015748 
vn -0.913386 0.401575 -0.0314961 
vn -0.897638 0.448819 -0.015748 
vn -0.818898 0.566929 -0.0708661 
vn -0.897638 0.440945 -0.015748 
vn -0.818898 0.566929 -0.0708661 
vn -0.818898 0.566929 -0.0708661 
vn -0.76378 0.637795 -0.125984 
vn -0.354331 0.322835 -0.88189 
vn -0.401575 0.417323 -0.818898 
vn -0.354331 0.322835 -0.88189 
vn -0.393701 0.417323 -0.818898 
vn -0.590551 0.80315 0.11811 
vn -0.637795 0.748031 0.181102 
vn -0.614173 0.779528 0.149606 
vn -0.637795 0.748031 0.181102 
vn -0.669291 0.692913 0.275591 
vn -0.685039 0.622047 0.377953 
vn -0.905512 0.291339 -0.299213 
vn -0.866142 0.275591 -0.417323 
vn -0.905512 0.291339 -0.299213 
vn -0.866142 0.275591 -0.417323 
vn 0.480315 0.669291 -0.566929 
vn 0.244094 0.968504 -0.0472441 
vn 0.472441 0.708661 -0.527559 
vn 0.220472 0.976378 -0.023622 
vn 0.244094 0.968504 -0.0472441 
vn -0.11811 0.92126 0.377953 
vn -0.110236 0.92126 0.377953 
vn 0.181102 0.96063 0.19685 
vn 0.125984 0.984252 -0.149606 
vn 0.11811 0.976378 -0.165354 
vn 0.181102 0.96063 0.19685 
vn 0.181102 0.96063 0.19685 
vn 0.181102 0.858268 0.488189 
vn 0.181102 0.858268 0.480315 
vn 0.181102 0.858268 0.480315 
vn 0.133858 0.724409 0.677165 
vn 0.133858 0.724409 0.677165 
vn 0.102362 0.606299 0.787402 
vn 0.133858 0.724409 0.677165 
vn 0.102362 0.606299 0.787402 
vn 0.307087 0.88189 -0.362205 
vn 0.299213 0.88189 -0.370079 
vn 0.322835 0.929134 -0.173228 
vn 0.322835 0.929134 -0.173228 
vn -0.669291 0.488189 -0.559055 
vn -0.645669 0.511811 -0.566929 
vn -0.669291 0.488189 -0.559055 
vn -0.645669 0.511811 -0.566929 
vn 0.866142 0.110236 -0.488189 
vn 0.858268 0.0708661 -0.511811 
vn 0.866142 0.0866142 -0.496063 
vn 0.850394 0.0629921 -0.527559 
vn -0.80315 0.204724 -0.559055 
vn -0.826772 0.0551181 -0.551181 
vn -0.826772 0.0551181 -0.551181 
vn -0.826772 0.0551181 -0.551181 
vn -0.84252 -0.19685 -0.503937 
vn -0.84252 -0.19685 -0.503937 
vn -0.84252 -0.370079 -0.385827 
vn -0.84252 -0.19685 -0.503937 
vn -0.84252 -0.377953 -0.385827 
vn -0.685039 0.362205 -0.629921 
vn -0.708661 0.354331 -0.614173 
vn -0.708661 0.354331 -0.614173 
vn -0.685039 0.362205 -0.629921 
vn 0.385827 0.653543 0.645669 
vn 0.346457 0.826772 0.448819 
vn 0.385827 0.661417 0.645669 
vn 0.346457 0.818898 0.456693 
vn 0.401575 0.535433 0.740157 
vn 0.385827 0.653543 0.645669 
vn 0.401575 0.535433 0.748031 
vn -0.401575 0.417323 -0.818898 
vn -0.433071 0.519685 -0.732283 
vn -0.393701 0.417323 -0.818898 
vn -0.433071 0.519685 -0.740157 
vn -0.700787 0.629921 0.330709 
vn -0.716535 0.543307 0.433071 
vn -0.708661 0.590551 0.385827 
vn -0.724409 0.496063 0.480315 
vn -0.299213 0.952756 0.023622 
vn -0.283465 0.897638 -0.330709 
vn -0.299213 0.952756 0.0314961 
vn -0.283465 0.897638 -0.330709 
vn -0.338583 0.858268 0.385827 
vn -0.299213 0.952756 0.023622 
vn -0.338583 0.866142 0.377953 
vn -0.259843 0.937008 -0.228346 
vn -0.377953 0.913386 -0.125984 
vn -0.377953 0.913386 -0.125984 
vn -0.574803 0.811024 0.110236 
vn -0.377953 0.913386 -0.125984 
vn -0.574803 0.811024 0.110236 
vn -0.685039 -0.0472441 -0.724409 
vn -0.637795 -0.212598 -0.740157 
vn -0.677165 -0.0629921 -0.732283 
vn -0.622047 -0.244094 -0.740157 
vn -0.677165 -0.0629921 -0.732283 
vn -0.708661 0.00787402 -0.708661 
vn -0.889764 0.433071 0.141732 
vn -0.850394 0.527559 0.00787402 
vn -0.889764 0.433071 0.141732 
vn -0.84252 0.535433 -0.00787402 
vn -0.889764 0.385827 0.244094 
vn -0.889764 0.433071 0.141732 
vn -0.889764 0.385827 0.251969 
vn -0.685039 0.456693 0.574803 
vn -0.708661 0.464567 0.527559 
vn -0.708661 0.464567 0.527559 
vn -0.708661 0.464567 0.527559 
vn -0.795276 0.480315 0.370079 
vn -0.795276 0.480315 0.370079 
vn -0.795276 0.480315 0.370079 
vn -0.889764 0.433071 0.141732 
vn -0.889764 0.433071 0.141732 
vn 0.338583 0.606299 -0.724409 
vn 0.314961 0.700787 -0.637795 
vn 0.338583 0.606299 -0.724409 
vn 0.314961 0.716535 -0.622047 
vn 0.338583 0.606299 -0.724409 
vn 0.322835 0.535433 -0.779528 
vn 0.251969 0.535433 -0.811024 
vn -0.818898 0.535433 0.188976 
vn -0.787402 0.574803 0.220472 
vn -0.724409 0.629921 0.275591 
vn -0.700787 0.629921 0.330709 
vn -0.724409 0.629921 0.275591 
vn -0.708661 0.590551 0.385827 
vn -0.590551 -0.0708661 0.80315 
vn -0.456693 -0.11811 0.88189 
vn -0.590551 -0.0708661 0.80315 
vn -0.448819 -0.11811 0.88189 
vn -0.0551181 1 -0.015748 
vn -0.15748 0.937008 0.299213 
vn -0.0472441 1 -0.0472441 
vn -0.181102 0.913386 0.370079 
vn -0.755906 0.535433 -0.362205 
vn -0.834646 0.417323 -0.354331 
vn -0.755906 0.543307 -0.362205 
vn -0.755906 0.543307 -0.362205 
vn -0.645669 0.661417 -0.377953 
vn -0.645669 0.661417 -0.377953 
vn -0.653543 0.677165 -0.354331 
vn -0.645669 0.661417 -0.377953 
vn -0.653543 0.677165 -0.354331 
vn -0.984252 0.0393701 -0.165354 
vn -0.992126 -0.015748 -0.11811 
vn -0.984252 0.0472441 -0.173228 
vn -0.992126 -0.023622 -0.11811 
vn -0.984252 0.0393701 -0.165354 
vn -0.976378 0.0708661 -0.220472 
vn 0.220472 0.944882 0.251969 
vn 0.00787402 1 0.015748 
vn 0.228346 0.944882 0.251969 
vn 0.00787402 1 0.00787402 
vn -0.913386 0.0393701 0.409449 
vn -0.937008 -0.0629921 0.354331 
vn -0.913386 0.0393701 0.409449 
vn -0.937008 -0.0551181 0.354331 
vn -0.937008 -0.0629921 0.354331 
vn -0.952756 -0.149606 0.267717 
vn -0.952756 -0.15748 0.267717 
vn -0.669291 0.503937 -0.543307 
vn -0.755906 0.496063 -0.417323 
vn -0.755906 0.496063 -0.425197 
vn -0.692913 0.503937 -0.511811 
vn -0.669291 0.503937 -0.543307 
vn -0.598425 0.488189 -0.637795 
vn -0.574803 0.480315 -0.661417 
vn -0.818898 0.314961 -0.472441 
vn -0.795276 0.299213 -0.527559 
vn -0.818898 0.314961 -0.472441 
vn -0.795276 0.299213 -0.527559 
vn -0.787402 0.110236 -0.606299 
vn -0.795276 0.299213 -0.527559 
vn -0.787402 0.0944882 -0.614173 
vn -0.456693 0.889764 -0.0393701 
vn -0.448819 0.889764 0.0787402 
vn -0.448819 0.88189 0.149606 
vn -0.456693 0.818898 0.346457 
vn -0.448819 0.88189 0.149606 
vn -0.456693 0.811024 0.362205 
vn -0.535433 -0.023622 0.850394 
vn -0.417323 0.0393701 0.905512 
vn -0.535433 -0.023622 0.84252 
vn -0.417323 0.0393701 0.905512 
vn -0.929134 0.228346 0.291339 
vn -0.929134 0.228346 0.299213 
vn -0.929134 0.275591 0.244094 
vn -0.929134 0.275591 0.23622 
vn -0.84252 0.535433 -0.00787402 
vn -0.787402 0.574803 -0.220472 
vn -0.850394 0.527559 0.00787402 
vn -0.779528 0.574803 -0.23622 
vn -0.811024 0.251969 -0.535433 
vn -0.80315 0.346457 -0.488189 
vn -0.795276 0.377953 -0.472441 
vn -0.755906 0.535433 -0.385827 
vn -0.795276 0.377953 -0.472441 
vn -0.748031 0.551181 -0.377953 
vn -0.952756 0.307087 0.0314961 
vn -0.952756 0.307087 0.00787402 
vn -0.92126 0.338583 0.204724 
vn -0.897638 0.346457 0.259843 
vn -0.700787 0.527559 -0.480315 
vn -0.637795 0.503937 -0.582677 
vn -0.700787 0.527559 -0.480315 
vn -0.637795 0.503937 -0.582677 
vn -0.188976 0.283465 -0.937008 
vn -0.181102 0.0708661 -0.984252 
vn -0.188976 0.283465 -0.937008 
vn -0.173228 0.0629921 -0.984252 
vn -0.125984 0.535433 -0.834646 
vn -0.188976 0.283465 -0.937008 
vn -0.125984 0.535433 -0.834646 
vn 0.377953 0.905512 0.181102 
vn 0.417323 0.905512 0.0472441 
vn 0.385827 0.866142 0.330709 
vn 0.448819 0.889764 -0.0629921 
vn -0.417323 0.724409 -0.543307 
vn -0.433071 0.818898 -0.377953 
vn -0.433071 0.84252 -0.330709 
vn -0.433071 0.897638 -0.023622 
vn -0.433071 0.84252 -0.330709 
vn -0.433071 0.897638 -0.00787402 
vn -0.653543 0.614173 -0.433071 
vn -0.614173 0.582677 -0.535433 
vn -0.661417 0.614173 -0.433071 
vn -0.614173 0.582677 -0.535433 
vn -0.716535 0.645669 -0.275591 
vn -0.653543 0.614173 -0.433071 
vn -0.716535 0.645669 -0.275591 
vn -0.92126 0.385827 -0.0944882 
vn -0.905512 0.425197 0.0472441 
vn -0.905512 0.425197 0.0551181 
vn -0.92126 0.385827 -0.102362 
vn 0.385827 0.322835 0.866142 
vn 0.330709 0.0314961 0.944882 
vn 0.314961 0 0.944882 
vn 0.393701 0.370079 0.84252 
vn 0.385827 0.322835 0.866142 
vn 0.401575 0.543307 0.740157 
vn -0.779528 0.401575 0.480315 
vn -0.779528 0.401575 0.480315 
vn -0.724409 0.330709 0.606299 
vn -0.724409 0.322835 0.606299 
vn -0.929134 0.283465 -0.228346 
vn -0.929134 0.291339 -0.220472 
vn -0.92126 0.19685 -0.346457 
vn -0.92126 0.181102 -0.354331 
vn -0.88189 0.417323 0.23622 
vn -0.889764 0.362205 0.283465 
vn -0.889764 0.354331 0.283465 
vn -0.889764 0.267717 0.370079 
vn -0.889764 0.354331 0.283465 
vn -0.889764 0.259843 0.377953 
vn -0.685039 0.448819 -0.574803 
vn -0.685039 0.417323 -0.598425 
vn -0.685039 0.417323 -0.598425 
vn -0.685039 0.362205 -0.629921 
vn -0.685039 0.417323 -0.598425 
vn -0.685039 0.362205 -0.629921 
vn -0.0629921 1 0.0629921 
vn 0.0472441 0.944882 -0.322835 
vn 0.0472441 0.944882 -0.330709 
vn -0.0629921 0.992126 0.0629921 
vn -0.425197 0.11811 0.897638 
vn -0.488189 0.307087 0.818898 
vn -0.425197 0.125984 0.897638 
vn -0.496063 0.322835 0.80315 
vn -0.401575 -0.0944882 0.913386 
vn -0.425197 0.11811 0.897638 
vn -0.409449 -0.141732 0.897638 
vn -0.409449 0.629921 0.653543 
vn -0.401575 0.795276 0.456693 
vn -0.401575 0.787402 0.464567 
vn -0.417323 0.653543 0.629921 
vn -0.409449 0.629921 0.653543 
vn -0.346457 0.527559 0.771654 
vn -0.330709 0.503937 0.795276 
vn -0.307087 0.866142 0.393701 
vn -0.23622 0.795276 0.559055 
vn -0.23622 0.795276 0.559055 
vn -0.307087 0.866142 0.401575 
vn -0.937008 0.267717 0.212598 
vn -0.952756 0.23622 0.19685 
vn -0.952756 0.244094 0.19685 
vn -0.976378 0.149606 0.165354 
vn -0.952756 0.244094 0.19685 
vn -0.976378 0.149606 0.165354 
vn 0.251969 0.952756 -0.173228 
vn 0.338583 0.944882 -0.0314961 
vn 0.251969 0.952756 -0.173228 
vn 0.417323 0.897638 0.125984 
vn -0.637795 0.299213 -0.708661 
vn -0.598425 0.519685 -0.614173 
vn -0.637795 0.283465 -0.716535 
vn -0.598425 0.527559 -0.606299 
vn -0.629921 0.614173 -0.472441 
vn -0.598425 0.519685 -0.614173 
vn -0.629921 0.614173 -0.472441 
vn -0.629921 0.614173 -0.472441 
vn -0.692913 0.606299 -0.385827 
vn -0.692913 0.606299 -0.385827 
vn -0.944882 0.291339 -0.15748 
vn -0.92126 0.385827 -0.102362 
vn -0.92126 0.385827 -0.0944882 
vn -0.944882 0.291339 -0.165354 
vn 0.858268 0.0708661 -0.511811 
vn 0.834646 0.0472441 -0.551181 
vn 0.850394 0.0629921 -0.527559 
vn 0.818898 0.0393701 -0.566929 
vn -0.307087 0.76378 -0.574803 
vn -0.291339 0.897638 -0.330709 
vn -0.307087 0.76378 -0.566929 
vn -0.291339 0.889764 -0.338583 
vn -0.307087 0.76378 -0.566929 
vn -0.346457 0.629921 -0.692913 
vn -0.338583 0.637795 -0.692913 
vn -0.346457 0.629921 -0.692913 
vn -0.362205 0.527559 -0.76378 
vn -0.362205 0.527559 -0.771654 
vn -0.102362 0.866142 0.488189 
vn -0.141732 0.937008 0.330709 
vn -0.141732 0.937008 0.314961 
vn -0.102362 0.874016 0.480315 
vn -0.102362 0.866142 0.488189 
vn -0.015748 0.76378 0.645669 
vn -0.00787402 0.755906 0.653543 
vn 0.0393701 0.637795 0.76378 
vn -0.015748 0.76378 0.645669 
vn 0.0393701 0.645669 0.76378 
vn -0.00787402 0.551181 0.834646 
vn 0.0393701 0.645669 0.76378 
vn -0.00787402 0.551181 0.834646 
vn -0.00787402 0.551181 0.834646 
vn -0.133858 0.488189 0.866142 
vn -0.133858 0.488189 0.866142 
vn -0.228346 0.362205 -0.905512 
vn -0.220472 0.346457 -0.913386 
vn -0.346457 0.543307 -0.76378 
vn -0.354331 0.559055 -0.748031 
vn -0.566929 0.795276 -0.188976 
vn -0.614173 0.771654 0.141732 
vn -0.574803 0.80315 -0.15748 
vn -0.622047 0.76378 0.188976 
vn -0.574803 0.80315 -0.15748 
vn -0.590551 0.692913 -0.417323 
vn -0.590551 0.700787 -0.401575 
vn -0.669291 0.480315 -0.559055 
vn -0.590551 0.692913 -0.417323 
vn -0.677165 0.472441 -0.559055 
vn -0.992126 0.0472441 0.141732 
vn -0.976378 0.149606 0.165354 
vn -0.992126 0.0472441 0.141732 
vn -0.976378 0.149606 0.165354 
vn 0.023622 0.889764 0.456693 
vn 0.141732 0.944882 0.307087 
vn 0.149606 0.944882 0.291339 
vn 0.338583 0.944882 0.015748 
vn 0.149606 0.944882 0.291339 
vn 0.354331 0.937008 -0.023622 
vn -0.0393701 0.551181 -0.834646 
vn -0.173228 0.700787 -0.692913 
vn -0.204724 0.740157 -0.637795 
vn -0.173228 0.700787 -0.692913 
vn -0.488189 0.826772 -0.283465 
vn -0.456693 0.826772 -0.314961 
vn -0.488189 0.826772 -0.283465 
vn -0.669291 0.740157 -0.0314961 
vn -0.661417 0.748031 -0.0393701 
vn -0.76378 0.496063 0.417323 
vn -0.748031 0.472441 0.464567 
vn -0.748031 0.464567 0.480315 
vn -0.818898 0.125984 -0.559055 
vn -0.818898 -0.0708661 -0.566929 
vn -0.818898 0.125984 -0.559055 
vn -0.818898 -0.0708661 -0.566929 
vn 0.606299 0.0866142 0.795276 
vn 0.488189 0.307087 0.818898 
vn 0.496063 0.299213 0.818898 
vn 0.598425 0.0944882 0.795276 
vn 0.606299 0.0866142 0.795276 
vn 0.716535 -0.0393701 0.692913 
vn 0.724409 -0.0393701 0.692913 
vn 0.716535 -0.0393701 0.692913 
vn 0.779528 -0.0393701 0.622047 
vn -0.614173 0.740157 -0.275591 
vn -0.677165 0.692913 -0.267717 
vn -0.669291 0.692913 -0.267717 
vn -0.614173 0.740157 -0.275591 
vn -0.614173 0.740157 -0.275591 
vn -0.551181 0.771654 -0.330709 
vn -0.551181 0.771654 -0.330709 
vn -0.535433 0.779528 -0.330709 
vn -0.551181 0.771654 -0.330709 
vn -0.393701 0.700787 -0.598425 
vn -0.425197 0.637795 -0.645669 
vn -0.417323 0.645669 -0.637795 
vn -0.433071 0.519685 -0.740157 
vn -0.417323 0.645669 -0.637795 
vn -0.433071 0.519685 -0.732283 
vn -0.212598 0.543307 0.811024 
vn -0.188976 0.480315 0.858268 
vn -0.188976 0.472441 0.858268 
vn -0.188976 0.346457 0.913386 
vn -0.188976 0.472441 0.858268 
vn -0.275591 0.181102 0.944882 
vn -0.937008 0.11811 -0.322835 
vn -0.905512 0.173228 -0.385827 
vn -0.937008 0.11811 -0.322835 
vn -0.905512 0.173228 -0.393701 
vn -0.905512 0.173228 -0.385827 
vn -0.88189 0.220472 -0.417323 
vn -0.992126 -0.023622 0.110236 
vn -0.992126 0.0472441 0.141732 
vn -0.992126 -0.023622 0.110236 
vn -0.992126 0.0472441 0.141732 
vn -0.251969 0.968504 -0.0551181 
vn -0.354331 0.92126 -0.165354 
vn -0.330709 0.929134 -0.141732 
vn -0.354331 0.92126 -0.165354 
vn -0.448819 0.80315 -0.393701 
vn -0.448819 0.795276 -0.401575 
vn -0.440945 0.88189 -0.149606 
vn -0.488189 0.826772 0.275591 
vn -0.440945 0.88189 -0.149606 
vn -0.488189 0.826772 0.275591 
vn -0.440945 0.88189 -0.149606 
vn -0.448819 0.76378 -0.472441 
vn -0.440945 0.76378 -0.464567 
vn -0.307087 0.874016 -0.377953 
vn -0.307087 0.866142 -0.393701 
vn -0.370079 0.92126 -0.0866142 
vn -0.377953 0.92126 -0.0551181 
vn -0.307087 0.874016 -0.377953 
vn -0.291339 0.700787 -0.653543 
vn -0.291339 0.708661 -0.645669 
vn -0.291339 0.700787 -0.653543 
vn -0.362205 0.527559 -0.76378 
vn -0.370079 0.519685 -0.76378 
vn 0.102362 0.708661 0.692913 
vn 0.0629921 0.84252 0.535433 
vn 0.102362 0.708661 0.700787 
vn 0.0551181 0.858268 0.511811 
vn 0.0708661 0.566929 0.818898 
vn 0.102362 0.708661 0.692913 
vn 0.0708661 0.566929 0.818898 
vn -0.440945 0.76378 -0.464567 
vn -0.503937 0.582677 -0.637795 
vn -0.448819 0.76378 -0.472441 
vn -0.503937 0.582677 -0.637795 
vn -0.559055 0.417323 -0.716535 
vn -0.503937 0.582677 -0.637795 
vn -0.559055 0.417323 -0.716535 
vn -0.779528 0.275591 -0.566929 
vn -0.677165 0.472441 -0.559055 
vn -0.779528 0.283465 -0.566929 
vn -0.669291 0.480315 -0.559055 
vn -0.779528 0.385827 0.503937 
vn -0.84252 0.291339 0.448819 
vn -0.771654 0.385827 0.503937 
vn -0.84252 0.299213 0.448819 
vn -0.92126 0.125984 -0.362205 
vn -0.929134 0.165354 -0.330709 
vn -0.929134 0.165354 -0.322835 
vn -0.929134 0.165354 -0.330709 
vn -0.96063 0.188976 -0.188976 
vn -0.96063 0.188976 -0.188976 
vn -0.740157 0.527559 0.409449 
vn -0.76378 0.614173 0.204724 
vn -0.748031 0.543307 0.393701 
vn -0.76378 0.614173 0.204724 
vn -0.606299 0.267717 -0.748031 
vn -0.645669 0.141732 -0.748031 
vn -0.606299 0.267717 -0.748031 
vn -0.645669 0.141732 -0.748031 
vn -0.992126 0.00787402 -0.0944882 
vn -0.976378 0.0629921 -0.19685 
vn -0.992126 0.00787402 -0.102362 
vn -0.976378 0.0629921 -0.19685 
vn -0.992126 -0.102362 0.0551181 
vn -0.992126 0.00787402 -0.0944882 
vn -0.992126 -0.102362 0.0629921 
vn -0.417323 0.748031 -0.519685 
vn -0.527559 0.692913 -0.496063 
vn -0.503937 0.700787 -0.503937 
vn -0.527559 0.692913 -0.496063 
vn -0.669291 0.582677 -0.456693 
vn -0.677165 0.574803 -0.456693 
vn 0.488189 0.866142 0.110236 
vn 0.409449 0.905512 -0.110236 
vn 0.401575 0.897638 -0.165354 
vn 0.496063 0.858268 0.125984 
vn -0.433071 0.858268 -0.283465 
vn -0.535433 0.84252 0.0787402 
vn -0.527559 0.850394 0.0551181 
vn -0.527559 0.850394 0.0551181 
vn -0.598425 0.795276 0.102362 
vn -0.614173 0.787402 0.023622 
vn -0.913386 0.204724 -0.346457 
vn -0.944882 0.322835 0.0629921 
vn -0.92126 0.346457 0.165354 
vn -0.897638 0.346457 0.259843 
vn -0.92126 0.346457 0.165354 
vn -0.92126 0.338583 0.204724 
vn -0.76378 -0.015748 0.653543 
vn -0.787402 -0.0787402 0.614173 
vn -0.787402 -0.0866142 0.606299 
vn -0.826772 -0.149606 0.543307 
vn -0.787402 -0.0866142 0.606299 
vn -0.826772 -0.149606 0.543307 
vn -0.858268 -0.259843 0.448819 
vn -0.826772 -0.149606 0.543307 
vn -0.850394 -0.259843 0.448819 
vn -0.858268 -0.259843 0.448819 
vn -0.84252 -0.456693 0.283465 
vn -0.84252 -0.456693 0.283465 
vn -0.527559 0.582677 0.622047 
vn -0.566929 0.740157 0.370079 
vn -0.527559 0.582677 0.622047 
vn -0.566929 0.748031 0.346457 
vn -0.566929 0.740157 0.370079 
vn -0.598425 0.795276 -0.102362 
vn -0.598425 0.787402 -0.125984 
vn -0.598425 0.795276 -0.102362 
vn -0.677165 0.653543 -0.338583 
vn -0.677165 0.661417 -0.338583 
vn -0.748031 0.527559 -0.401575 
vn -0.677165 0.653543 -0.338583 
vn -0.748031 0.527559 -0.401575 
vn 0.149606 0.976378 -0.15748 
vn 0.141732 0.992126 0.0472441 
vn 0.133858 0.992126 0.0629921 
vn 0.141732 0.992126 0.0472441 
vn 0.133858 0.937008 0.330709 
vn 0.133858 0.937008 0.314961 
vn 0.19685 0.818898 0.535433 
vn 0.133858 0.937008 0.330709 
vn 0.19685 0.818898 0.543307 
vn -0.755906 0.354331 -0.551181 
vn -0.708661 0.354331 -0.614173 
vn -0.708661 0.354331 -0.614173 
vn -0.755906 0.354331 -0.551181 
vn 0.629921 -0.0472441 0.779528 
vn 0.637795 0 0.771654 
vn 0.653543 0.0393701 0.755906 
vn 0.645669 0.15748 0.748031 
vn 0.653543 0.0393701 0.755906 
vn 0.637795 0.19685 0.748031 
vn 0.645669 0.15748 0.748031 
vn 0.622047 0.322835 0.716535 
vn 0.622047 0.314961 0.716535 
vn 0.125984 0.503937 0.850394 
vn 0.173228 0.346457 0.92126 
vn 0.11811 0.511811 0.850394 
vn 0.173228 0.346457 0.92126 
vn 0.125984 0.503937 0.850394 
vn 0.0393701 0.787402 0.622047 
vn 0.023622 0.826772 0.559055 
vn 0.0393701 0.787402 0.622047 
vn -0.023622 0.968504 0.23622 
vn -0.0314961 0.984252 0.15748 
vn -0.023622 0.968504 0.23622 
vn -0.0393701 0.992126 -0.133858 
vn -0.0393701 0.984252 -0.173228 
vn 0.393701 0.661417 0.637795 
vn 0.425197 0.716535 0.551181 
vn 0.393701 0.661417 0.637795 
vn 0.425197 0.716535 0.551181 
vn -0.425197 0.889764 -0.141732 
vn -0.448819 0.811024 -0.370079 
vn -0.425197 0.889764 -0.141732 
vn -0.448819 0.811024 -0.370079 
vn -0.346457 0.874016 0.346457 
vn -0.464567 0.826772 0.322835 
vn -0.346457 0.874016 0.346457 
vn -0.496063 0.811024 0.314961 
vn -0.464567 0.826772 0.322835 
vn -0.598425 0.795276 0.0629921 
vn -0.598425 0.795276 0.0787402 
vn -0.598425 0.795276 0.0629921 
vn -0.511811 0.811024 -0.283465 
vn -0.511811 0.811024 -0.275591 
vn -0.0393701 0.889764 -0.456693 
vn -0.0393701 0.992126 -0.110236 
vn -0.0393701 0.889764 -0.464567 
vn -0.0314961 0.992126 -0.0944882 
vn -0.889764 0.267717 0.370079 
vn -0.897638 0.149606 0.417323 
vn -0.889764 0.259843 0.377953 
vn -0.897638 0.141732 0.417323 
vn -0.897638 0.149606 0.417323 
vn -0.913386 0.0393701 0.409449 
vn -0.897638 0.141732 0.417323 
vn -0.913386 0.0393701 0.409449 
vn -0.503937 0.76378 0.401575 
vn -0.496063 0.826772 0.251969 
vn -0.496063 0.834646 0.244094 
vn -0.511811 0.755906 0.409449 
vn -0.228346 0.708661 -0.669291 
vn -0.338583 0.811024 -0.472441 
vn -0.220472 0.692913 -0.685039 
vn -0.346457 0.818898 -0.464567 
vn -0.850394 0.440945 0.275591 
vn -0.80315 0.377953 0.464567 
vn -0.858268 0.448819 0.267717 
vn -0.80315 0.370079 0.472441 
vn -0.850394 0.440945 0.275591 
vn -0.874016 0.464567 0.149606 
vn -0.96063 0.259843 -0.0551181 
vn -0.952756 0.23622 -0.188976 
vn -0.96063 0.259843 -0.0551181 
vn -0.952756 0.23622 -0.204724 
vn -0.96063 0.259843 -0.0551181 
vn -0.968504 0.23622 -0.0708661 
vn 0.401575 0.708661 0.574803 
vn 0.409449 0.708661 0.582677 
vn 0.11811 0.929134 0.338583 
vn 0.141732 0.92126 0.362205 
vn 0.11811 0.929134 0.338583 
vn -0.0314961 0.976378 0.212598 
vn -0.937008 -0.259843 0.23622 
vn -0.992126 0.0629921 0.125984 
vn -0.937008 -0.259843 0.23622 
vn -0.984252 0.133858 0.102362 
vn -0.992126 0.0629921 0.125984 
vn -0.937008 0.330709 0.11811 
vn -0.937008 0.330709 0.125984 
vn -0.929134 0.275591 0.23622 
vn -0.937008 0.330709 0.11811 
vn -0.929134 0.275591 0.244094 
vn -0.748031 0.417323 0.519685 
vn -0.748031 0.464567 0.480315 
vn -0.748031 0.417323 0.519685 
vn -0.748031 0.472441 0.464567 
vn 0.283465 0.834646 -0.472441 
vn 0.251969 0.92126 -0.283465 
vn 0.291339 0.80315 -0.519685 
vn 0.251969 0.937008 -0.244094 
vn 0.291339 0.80315 -0.519685 
vn 0.314961 0.716535 -0.622047 
vn 0.314961 0.700787 -0.637795 
vn -0.968504 0.212598 -0.11811 
vn -0.968504 0.212598 -0.110236 
vn -0.944882 0.291339 -0.165354 
vn -0.944882 0.291339 -0.15748 
vn -0.456693 -0.220472 0.858268 
vn -0.559055 -0.0866142 0.826772 
vn -0.496063 -0.19685 0.850394 
vn -0.590551 -0.00787402 0.80315 
vn 0.535433 0.362205 0.76378 
vn 0.590551 0.354331 0.724409 
vn 0.590551 0.354331 0.724409 
vn 0.543307 0.362205 0.755906 
vn 0.535433 0.362205 0.76378 
vn 0.503937 0.362205 0.779528 
vn -0.559055 0.417323 -0.716535 
vn -0.606299 0.267717 -0.748031 
vn -0.559055 0.417323 -0.716535 
vn -0.606299 0.267717 -0.748031 
vn 0.456693 0.787402 -0.409449 
vn 0.425197 0.716535 -0.551181 
vn 0.425197 0.716535 -0.551181 
vn 0.456693 0.787402 -0.417323 
vn -0.944882 0.0944882 -0.307087 
vn -0.937008 0.110236 -0.338583 
vn -0.92126 0.11811 -0.362205 
vn -0.92126 0.11811 -0.362205 
vn -0.92126 0.181102 -0.354331 
vn -0.92126 0.19685 -0.346457 
vn -0.645669 0.141732 -0.748031 
vn -0.700787 0.0393701 -0.708661 
vn -0.645669 0.141732 -0.748031 
vn -0.700787 0.0393701 -0.708661 
vn -0.968504 0.0314961 -0.251969 
vn -0.913386 -0.0944882 -0.393701 
vn -0.968504 0.0393701 -0.244094 
vn -0.92126 -0.0866142 -0.385827 
vn -0.968504 0.0393701 -0.244094 
vn -0.992126 0.141732 -0.0472441 
vn -0.992126 0.141732 -0.0314961 
vn -0.992126 0.141732 -0.0472441 
vn -0.976378 0.181102 0.0944882 
vn -0.866142 0.417323 0.283465 
vn -0.88189 0.417323 0.204724 
vn -0.866142 0.417323 0.283465 
vn -0.88189 0.417323 0.212598 
vn -0.905512 0.425197 0.0551181 
vn -0.88189 0.417323 0.204724 
vn -0.905512 0.425197 0.0472441 
vn -0.464567 0.551181 -0.692913 
vn -0.370079 0.519685 -0.76378 
vn -0.488189 0.629921 -0.606299 
vn -0.362205 0.527559 -0.76378 
vn -0.748031 0.417323 0.519685 
vn -0.748031 0.417323 0.519685 
vn -0.779528 0.385827 0.503937 
vn -0.771654 0.385827 0.503937 
vn -0.102362 0.976378 -0.173228 
vn -0.110236 0.992126 -0.0551181 
vn -0.110236 0.952756 -0.291339 
vn -0.110236 0.992126 0.0866142 
vn -0.110236 0.897638 -0.425197 
vn -0.110236 0.992126 -0.0551181 
vn -0.102362 0.889764 -0.448819 
vn -0.0393701 0.716535 -0.700787 
vn -0.0393701 0.700787 -0.708661 
vn -0.0393701 0.716535 -0.700787 
vn 0.0708661 0.496063 -0.866142 
vn 0.0708661 0.496063 -0.866142 
vn -0.370079 0.929134 -0.023622 
vn -0.275591 0.952756 -0.11811 
vn -0.370079 0.929134 -0.023622 
vn -0.267717 0.952756 -0.11811 
vn -0.582677 0.80315 0.11811 
vn -0.370079 0.929134 -0.023622 
vn -0.582677 0.80315 0.11811 
vn -0.637795 0.503937 -0.582677 
vn -0.606299 0.535433 -0.590551 
vn -0.637795 0.503937 -0.582677 
vn -0.606299 0.535433 -0.590551 
vn -0.669291 0.692913 -0.267717 
vn -0.653543 0.677165 -0.354331 
vn -0.653543 0.677165 -0.354331 
vn -0.677165 0.692913 -0.267717 
vn 0.795276 0.023622 -0.606299 
vn 0.818898 0.0393701 -0.566929 
vn 0.834646 0.0472441 -0.551181 
vn 0.787402 0.023622 -0.614173 
vn -0.125984 0.275591 0.952756 
vn -0.102362 0.433071 0.897638 
vn -0.102362 0.440945 0.889764 
vn -0.102362 0.433071 0.897638 
vn -0.0472441 0.811024 0.590551 
vn -0.0472441 0.795276 0.606299 
vn -0.015748 0.992126 0.11811 
vn -0.0472441 0.811024 0.590551 
vn -0.015748 0.992126 0.110236 
vn -0.015748 0.992126 0.11811 
vn -0.0708661 0.96063 -0.259843 
vn -0.0708661 0.96063 -0.259843 
vn -0.149606 0.84252 -0.519685 
vn -0.0708661 0.96063 -0.259843 
vn -0.15748 0.834646 -0.527559 
vn 0.299213 0.952756 0.0708661 
vn 0.23622 0.905512 0.338583 
vn 0.299213 0.952756 0.0708661 
vn 0.23622 0.905512 0.354331 
vn 0.299213 0.952756 0.0708661 
vn 0.322835 0.929134 -0.173228 
vn 0.322835 0.929134 -0.173228 
vn -0.606299 0.535433 -0.590551 
vn -0.614173 0.582677 -0.535433 
vn -0.606299 0.535433 -0.590551 
vn -0.614173 0.582677 -0.535433 
vn -0.228346 0.866142 -0.448819 
vn -0.362205 0.80315 -0.464567 
vn -0.314961 0.826772 -0.464567 
vn -0.362205 0.80315 -0.464567 
vn -0.519685 0.669291 -0.527559 
vn -0.535433 0.653543 -0.535433 
vn -0.740157 0.551181 -0.377953 
vn -0.779528 0.574803 -0.23622 
vn -0.740157 0.551181 -0.377953 
vn -0.787402 0.574803 -0.220472 
vn -0.88189 -0.0393701 -0.464567 
vn -0.913386 0 -0.409449 
vn -0.874016 -0.0472441 -0.480315 
vn -0.913386 0 -0.401575 
vn -0.76378 0.614173 0.204724 
vn -0.598425 0.779528 0.188976 
vn -0.76378 0.614173 0.204724 
vn -0.582677 0.795276 0.188976 
vn -0.866142 0.275591 -0.417323 
vn -0.84252 0.0787402 -0.527559 
vn -0.866142 0.275591 -0.417323 
vn -0.84252 0.0787402 -0.527559 
vn -0.669291 0.480315 0.566929 
vn -0.559055 0.503937 0.653543 
vn -0.669291 0.480315 0.574803 
vn -0.566929 0.503937 0.653543 
vn -0.724409 0.456693 0.511811 
vn -0.669291 0.480315 0.566929 
vn -0.724409 0.456693 0.511811 
vn -0.748031 0.622047 -0.220472 
vn -0.732283 0.677165 -0.0708661 
vn -0.748031 0.622047 -0.220472 
vn -0.732283 0.677165 -0.0629921 
vn -0.661417 0.708661 0.244094 
vn -0.732283 0.677165 -0.0708661 
vn -0.661417 0.708661 0.251969 
vn 0.622047 0.448819 -0.645669 
vn 0.574803 0.629921 -0.519685 
vn 0.574803 0.629921 -0.519685 
vn 0.614173 0.464567 -0.629921 
vn 0.622047 0.448819 -0.645669 
vn 0.645669 0.448819 -0.622047 
vn 0.645669 0.472441 -0.598425 
vn -0.818898 -0.433071 0.385827 
vn -0.590551 -0.732283 0.330709 
vn -0.590551 -0.732283 0.330709 
vn -0.818898 -0.425197 0.385827 
vn -0.590551 -0.732283 0.330709 
vn -0.433071 -0.826772 0.362205 
vn 0.102362 0.76378 -0.637795 
vn 0.015748 0.905512 -0.425197 
vn 0.0787402 0.818898 -0.574803 
vn -0.0393701 0.952756 -0.291339 
vn -0.519685 0.850394 -0.0866142 
vn -0.409449 0.897638 0.181102 
vn -0.519685 0.850394 -0.102362 
vn -0.401575 0.897638 0.188976 
vn -0.748031 0.330709 -0.574803 
vn -0.779528 0.275591 -0.566929 
vn -0.779528 0.275591 -0.566929 
vn -0.779528 0.275591 -0.566929 
vn -0.818898 0.125984 -0.559055 
vn -0.818898 0.125984 -0.559055 
vn -0.141732 0.937008 0.314961 
vn -0.141732 0.992126 0.0472441 
vn -0.141732 0.992126 0.015748 
vn -0.141732 0.937008 0.330709 
vn -0.527559 0.299213 -0.795276 
vn -0.622047 0.291339 -0.724409 
vn -0.614173 0.291339 -0.732283 
vn -0.622047 0.291339 -0.724409 
vn -0.771654 0.259843 -0.582677 
vn -0.771654 0.259843 -0.582677 
vn -0.976378 0.0629921 -0.19685 
vn -0.968504 0.0393701 -0.244094 
vn -0.976378 0.0629921 -0.19685 
vn -0.968504 0.0393701 -0.244094 
vn 0.307087 0.929134 0.212598 
vn 0.346457 0.818898 0.456693 
vn 0.307087 0.929134 0.212598 
vn 0.346457 0.826772 0.448819 
vn -0.322835 0.464567 0.826772 
vn -0.181102 0.401575 0.897638 
vn -0.314961 0.464567 0.826772 
vn -0.188976 0.401575 0.897638 
vn -0.322835 0.464567 0.826772 
vn -0.401575 0.606299 0.685039 
vn -0.409449 0.622047 0.669291 
vn 0.425197 0.716535 -0.551181 
vn 0.401575 0.692913 -0.598425 
vn 0.401575 0.692913 -0.598425 
vn 0.425197 0.716535 -0.551181 
vn -0.834646 0.149606 -0.527559 
vn -0.779528 0.275591 -0.566929 
vn -0.834646 0.149606 -0.527559 
vn -0.779528 0.283465 -0.566929 
vn 0.370079 0.88189 -0.299213 
vn 0.401575 0.897638 -0.165354 
vn 0.370079 0.88189 -0.299213 
vn 0.409449 0.905512 -0.110236 
vn -0.976378 0.141732 -0.165354 
vn -0.968504 0.0866142 -0.228346 
vn -0.968504 0.0866142 -0.228346 
vn -0.968504 0.0866142 -0.228346 
vn -0.96063 0.0314961 -0.275591 
vn -0.96063 0.0314961 -0.275591 
vn -0.614173 0.716535 0.338583 
vn -0.511811 0.755906 0.409449 
vn -0.503937 0.76378 0.401575 
vn -0.614173 0.716535 0.338583 
vn -0.606299 -0.110236 0.787402 
vn -0.535433 -0.023622 0.84252 
vn -0.606299 -0.102362 0.787402 
vn -0.535433 -0.023622 0.850394 
vn -0.653543 -0.149606 0.748031 
vn -0.606299 -0.102362 0.787402 
vn -0.645669 -0.149606 0.748031 
vn -0.606299 -0.110236 0.787402 
vn 0.84252 0.0629921 -0.535433 
vn 0.787402 0.0551181 -0.614173 
vn 0.834646 0.0629921 -0.543307 
vn 0.779528 0.0472441 -0.622047 
vn 0.141732 0.88189 0.448819 
vn -0.015748 0.685039 0.732283 
vn 0.110236 0.850394 0.519685 
vn -0.015748 0.685039 0.732283 
vn 0.141732 0.88189 0.448819 
vn 0.228346 0.976378 -0.0393701 
vn 0.228346 0.976378 -0.0314961 
vn -0.496063 0.834646 0.244094 
vn -0.566929 0.811024 -0.149606 
vn -0.496063 0.834646 0.251969 
vn -0.566929 0.811024 -0.149606 
vn -0.409449 0.76378 0.503937 
vn -0.496063 0.834646 0.244094 
vn -0.409449 0.76378 0.503937 
vn 0.401575 0.511811 0.76378 
vn 0.496063 0.653543 0.574803 
vn 0.385827 0.448819 0.80315 
vn 0.519685 0.653543 0.551181 
vn 0.496063 0.653543 0.574803 
vn 0.598425 0.677165 0.433071 
vn -0.362205 0.897638 0.244094 
vn -0.362205 0.897638 0.244094 
vn -0.582677 0.795276 0.188976 
vn -0.598425 0.779528 0.188976 
vn 0.0551181 0.858268 0.511811 
vn 0.023622 0.952756 0.299213 
vn 0.0629921 0.84252 0.535433 
vn 0.023622 0.96063 0.267717 
vn -0.787402 0.220472 0.574803 
vn -0.748031 0.370079 0.551181 
vn -0.740157 0.393701 0.543307 
vn -0.811024 0.165354 0.559055 
vn -0.787402 0.220472 0.574803 
vn -0.84252 0.0472441 0.535433 
vn -0.866142 0.456693 0.204724 
vn -0.913386 0.401575 0.0944882 
vn -0.866142 0.456693 0.204724 
vn -0.913386 0.401575 0.0944882 
vn -0.929134 0.370079 0.0551181 
vn -0.913386 0.401575 0.0944882 
vn 0.251969 0.937008 -0.244094 
vn 0.23622 0.968504 0.0551181 
vn 0.251969 0.92126 -0.283465 
vn 0.23622 0.968504 0.0866142 
vn -0.755906 0.496063 -0.425197 
vn -0.811024 0.488189 -0.307087 
vn -0.818898 0.488189 -0.299213 
vn -0.755906 0.496063 -0.417323 
vn -0.818898 0.338583 -0.464567 
vn -0.755906 0.354331 -0.551181 
vn -0.755906 0.354331 -0.551181 
vn -0.818898 0.338583 -0.464567 
vn -0.992126 0.149606 -0.023622 
vn -0.968504 0.212598 -0.110236 
vn -0.992126 0.149606 -0.023622 
vn -0.968504 0.212598 -0.11811 
vn -0.102362 0.622047 0.779528 
vn -0.181102 0.80315 0.566929 
vn -0.188976 0.826772 0.535433 
vn -0.0944882 0.606299 0.787402 
vn -0.425197 0.488189 -0.76378 
vn -0.409449 0.503937 -0.76378 
vn -0.401575 0.503937 -0.76378 
vn -0.385827 0.582677 -0.716535 
vn -0.401575 0.503937 -0.76378 
vn -0.385827 0.582677 -0.716535 
vn -0.385827 0.582677 -0.716535 
vn -0.440945 0.685039 -0.582677 
vn -0.448819 0.692913 -0.566929 
vn 0.393701 0.440945 0.811024 
vn 0.503937 0.480315 0.716535 
vn 0.472441 0.472441 0.740157 
vn -0.700787 0.0393701 -0.708661 
vn -0.76378 -0.023622 -0.645669 
vn -0.700787 0.0393701 -0.708661 
vn -0.76378 -0.023622 -0.645669 
vn -0.76378 -0.023622 -0.645669 
vn -0.795276 0.00787402 -0.606299 
vn -0.795276 0.00787402 -0.606299 
vn -0.850394 0.0787402 -0.511811 
vn -0.834646 0.149606 -0.527559 
vn -0.850394 0.0787402 -0.511811 
vn -0.834646 0.149606 -0.527559 
vn -0.866142 -0.165354 -0.472441 
vn -0.866142 -0.0787402 -0.496063 
vn -0.866142 -0.165354 -0.472441 
vn -0.866142 -0.0787402 -0.496063 
vn -0.866142 -0.165354 -0.472441 
vn -0.866142 -0.212598 -0.448819 
vn -0.866142 -0.212598 -0.456693 
vn -0.968504 0.0393701 -0.244094 
vn -0.96063 0.0314961 -0.275591 
vn -0.968504 0.0393701 -0.244094 
vn -0.96063 0.0314961 -0.275591 
vn -0.307087 0.952756 0.00787402 
vn -0.307087 0.952756 0.015748 
vn -0.322835 0.84252 0.440945 
vn -0.322835 0.850394 0.417323 
vn -0.307087 0.952756 0.00787402 
vn -0.291339 0.889764 -0.338583 
vn -0.291339 0.897638 -0.330709 
vn 0.11811 0.976378 -0.165354 
vn 0.0866142 0.929134 -0.354331 
vn 0.0866142 0.929134 -0.354331 
vn 0.125984 0.984252 -0.149606 
vn -0.858268 0.015748 -0.503937 
vn -0.850394 0.0787402 -0.511811 
vn -0.866142 0.00787402 -0.503937 
vn -0.850394 0.0787402 -0.511811 
vn -0.866142 0.00787402 -0.503937 
vn -0.866142 -0.0787402 -0.496063 
vn -0.866142 -0.0787402 -0.496063 
vn 0.11811 0.897638 0.433071 
vn 0.299213 0.84252 0.448819 
vn 0.291339 0.84252 0.448819 
vn -0.307087 0.708661 -0.629921 
vn -0.346457 0.669291 -0.661417 
vn -0.346457 0.669291 -0.661417 
vn -0.456693 0.519685 -0.716535 
vn -0.346457 0.669291 -0.661417 
vn -0.456693 0.519685 -0.724409 
vn -0.220472 0.385827 0.897638 
vn -0.354331 0.661417 0.661417 
vn -0.322835 0.598425 0.732283 
vn -0.456693 0.858268 0.23622 
vn -0.322835 0.598425 0.732283 
vn -0.456693 0.866142 0.19685 
vn -0.141732 0.992126 0.015748 
vn -0.141732 0.976378 -0.165354 
vn -0.141732 0.976378 -0.165354 
vn -0.141732 0.992126 0.0472441 
vn 0.669291 0.708661 -0.220472 
vn 0.669291 0.740157 0.00787402 
vn 0.669291 0.669291 -0.322835 
vn 0.677165 0.732283 0.0629921 
vn 0.669291 0.708661 -0.220472 
vn 0.653543 0.598425 -0.464567 
vn -0.0393701 0.677165 -0.732283 
vn 0 0.80315 -0.598425 
vn -0.00787402 0.771654 -0.629921 
vn 0 0.80315 -0.598425 
vn 0.0314961 0.937008 -0.346457 
vn 0.0314961 0.944882 -0.314961 
vn -0.866142 0.456693 0.204724 
vn -0.795276 0.472441 0.370079 
vn -0.866142 0.456693 0.204724 
vn -0.795276 0.472441 0.370079 
vn -0.700787 0.661417 0.275591 
vn -0.795276 0.598425 -0.0629921 
vn -0.700787 0.661417 0.275591 
vn -0.795276 0.598425 -0.0629921 
vn -0.795276 0.598425 -0.0629921 
vn -0.818898 0.519685 -0.251969 
vn -0.0472441 0.897638 -0.433071 
vn 0.0472441 0.984252 -0.181102 
vn -0.0472441 0.905512 -0.425197 
vn 0.0472441 0.984252 -0.173228 
vn -0.291339 0.480315 0.826772 
vn -0.267717 0.716535 0.653543 
vn -0.275591 0.645669 0.708661 
vn -0.267717 0.716535 0.653543 
vn -0.181102 0.913386 0.370079 
vn -0.15748 0.937008 0.299213 
vn -0.023622 0.992126 0.102362 
vn -0.0314961 0.992126 -0.0944882 
vn -0.023622 0.992126 0.102362 
vn -0.0393701 0.992126 -0.110236 
vn 0.448819 0.732283 0.511811 
vn 0.480315 0.818898 0.314961 
vn 0.448819 0.732283 0.511811 
vn 0.480315 0.826772 0.291339 
vn 0.480315 0.826772 0.291339 
vn 0.433071 0.897638 -0.0393701 
vn 0.425197 0.905512 -0.0629921 
vn -0.866142 -0.212598 -0.448819 
vn -0.874016 -0.220472 -0.440945 
vn -0.866142 -0.212598 -0.456693 
vn -0.874016 -0.220472 -0.440945 
vn -0.874016 -0.220472 -0.440945 
vn -0.874016 -0.212598 -0.440945 
vn -0.448819 0.811024 -0.370079 
vn -0.464567 0.708661 -0.527559 
vn -0.448819 0.811024 -0.370079 
vn -0.464567 0.708661 -0.527559 
vn 0.771654 0.023622 -0.637795 
vn 0.787402 0.023622 -0.614173 
vn 0.795276 0.023622 -0.606299 
vn 0.76378 0.0314961 -0.637795 
vn 0.771654 0.023622 -0.637795 
vn 0.779528 0.0472441 -0.622047 
vn 0.787402 0.0551181 -0.614173 
vn -0.692913 0.11811 -0.716535 
vn -0.637795 0.283465 -0.716535 
vn -0.700787 0.110236 -0.708661 
vn -0.637795 0.299213 -0.708661 
vn 0.511811 0.677165 -0.527559 
vn 0.511811 0.598425 -0.614173 
vn 0.511811 0.661417 -0.543307 
vn 0.511811 0.598425 -0.614173 
vn 0.519685 0.787402 -0.346457 
vn 0.511811 0.677165 -0.527559 
vn 0.519685 0.787402 -0.330709 
vn -0.527559 0.850394 -0.023622 
vn -0.559055 0.76378 -0.330709 
vn -0.527559 0.850394 -0.023622 
vn -0.559055 0.748031 -0.354331 
vn -0.496063 0.834646 0.244094 
vn -0.527559 0.850394 -0.023622 
vn -0.496063 0.826772 0.251969 
vn -0.283465 0.897638 -0.330709 
vn -0.283465 0.779528 -0.559055 
vn -0.283465 0.897638 -0.330709 
vn -0.283465 0.779528 -0.559055 
vn -0.685039 0.0314961 0.724409 
vn -0.76378 0.11811 0.637795 
vn -0.748031 0.102362 0.653543 
vn -0.76378 0.11811 0.637795 
vn -0.834646 0.228346 0.496063 
vn -0.84252 0.228346 0.488189 
vn 0.259843 0.354331 -0.897638 
vn 0.362205 0.173228 -0.92126 
vn 0.251969 0.370079 -0.897638 
vn 0.370079 0.141732 -0.92126 
vn 0.259843 0.354331 -0.897638 
vn 0.173228 0.456693 -0.874016 
vn 0.0472441 0.944882 -0.330709 
vn 0.0944882 0.84252 -0.527559 
vn 0.0944882 0.84252 -0.527559 
vn 0.0472441 0.944882 -0.322835 
vn -0.913386 0 -0.401575 
vn -0.929134 0.015748 -0.362205 
vn -0.913386 0 -0.409449 
vn -0.937008 0.00787402 -0.354331 
vn -0.929134 0.015748 -0.362205 
vn -0.944882 0.00787402 -0.330709 
vn 0.0314961 0.96063 -0.259843 
vn 0.0393701 0.834646 -0.543307 
vn 0.0393701 0.826772 -0.559055 
vn 0.023622 0.968504 -0.251969 
vn 0.259843 0.968504 0.023622 
vn 0.228346 0.968504 -0.0708661 
vn 0.228346 0.968504 -0.0708661 
vn 0.259843 0.968504 0.023622 
vn 0.259843 0.968504 0.023622 
vn 0.307087 0.929134 0.212598 
vn 0.307087 0.929134 0.212598 
vn -0.425197 0.582677 0.692913 
vn -0.314961 0.834646 0.448819 
vn -0.417323 0.622047 0.661417 
vn -0.307087 0.84252 0.440945 
vn -0.417323 0.622047 0.661417 
vn -0.464567 0.307087 0.826772 
vn -0.464567 0.314961 0.826772 
vn -0.582677 0.456693 0.669291 
vn -0.574803 0.417323 0.700787 
vn -0.582677 0.456693 0.669291 
vn -0.574803 0.417323 0.700787 
vn -0.582677 0.456693 0.669291 
vn -0.582677 0.464567 0.669291 
vn -0.724409 0.456693 0.511811 
vn -0.740157 0.393701 0.543307 
vn -0.748031 0.370079 0.551181 
vn -0.724409 0.456693 0.511811 
vn 0.0787402 0.88189 -0.472441 
vn 0.259843 0.826772 -0.496063 
vn 0.275591 0.826772 -0.496063 
vn -0.692913 0 -0.716535 
vn -0.708661 0 -0.708661 
vn -0.732283 0 -0.677165 
vn -0.732283 0 -0.677165 
vn -0.732283 0.0314961 -0.677165 
vn -0.732283 0.0314961 -0.677165 
vn -0.732283 0.0314961 -0.677165 
vn -0.700787 0.110236 -0.708661 
vn -0.692913 0.11811 -0.716535 
vn 0.0787402 0.551181 0.826772 
vn 0.165354 0.669291 0.724409 
vn 0.0787402 0.551181 0.826772 
vn 0.173228 0.677165 0.716535 
vn 0.173228 0.677165 0.716535 
vn 0.330709 0.866142 0.370079 
vn 0.330709 0.874016 0.354331 
vn -0.173228 0.724409 0.669291 
vn -0.15748 0.614173 0.779528 
vn -0.173228 0.724409 0.669291 
vn -0.15748 0.614173 0.779528 
vn -0.173228 0.724409 0.669291 
vn -0.19685 0.92126 0.346457 
vn -0.19685 0.92126 0.346457 
vn 0.0629921 1 0.0472441 
vn 0.023622 0.96063 0.267717 
vn 0.0708661 1 0.0314961 
vn 0.023622 0.952756 0.299213 
vn 0.133858 -0.976378 -0.165354 
vn 0.133858 -0.968504 0.204724 
vn 0.133858 -0.968504 0.212598 
vn 0.133858 -0.976378 -0.173228 
vn 0.133858 -0.976378 -0.165354 
vn 0.102362 -0.944882 -0.314961 
vn -0.496063 0.322835 0.80315 
vn -0.503937 0.433071 0.748031 
vn -0.488189 0.307087 0.818898 
vn -0.503937 0.440945 0.740157 
vn -0.724409 0.0944882 -0.677165 
vn -0.771654 0.0629921 -0.629921 
vn -0.724409 0.102362 -0.685039 
vn -0.771654 0.0629921 -0.629921 
vn -0.724409 0.0944882 -0.677165 
vn -0.700787 0.11811 -0.708661 
vn -0.622047 0.76378 0.188976 
vn -0.614173 0.771654 0.141732 
vn -0.614173 0.677165 0.409449 
vn -0.614173 0.677165 0.409449 
vn -0.346457 0.937008 -0.00787402 
vn -0.377953 0.92126 -0.11811 
vn -0.346457 0.937008 -0.00787402 
vn -0.377953 0.92126 -0.11811 
vn -0.346457 0.913386 0.220472 
vn -0.346457 0.937008 -0.00787402 
vn -0.346457 0.905512 0.228346 
vn -0.401575 0.787402 0.464567 
vn -0.401575 0.795276 0.456693 
vn -0.346457 0.913386 0.220472 
vn -0.354331 0.291339 -0.889764 
vn -0.370079 0.370079 -0.850394 
vn -0.370079 0.377953 -0.850394 
vn -0.354331 0.496063 -0.795276 
vn -0.370079 0.377953 -0.850394 
vn -0.346457 0.503937 -0.787402 
vn -0.354331 0.496063 -0.795276 
vn -0.377953 0.653543 -0.653543 
vn -0.377953 0.653543 -0.653543 
vn -0.440945 0.889764 0.125984 
vn -0.511811 0.834646 -0.212598 
vn -0.440945 0.889764 0.125984 
vn -0.511811 0.834646 -0.212598 
vn -0.307087 0.866142 0.401575 
vn -0.440945 0.889764 0.125984 
vn -0.307087 0.866142 0.393701 
vn -0.929134 -0.188976 0.322835 
vn -0.944882 -0.228346 0.23622 
vn -0.944882 -0.23622 0.220472 
vn -0.314961 0.0866142 0.944882 
vn -0.519685 0.181102 0.834646 
vn -0.503937 0.173228 0.84252 
vn -0.519685 0.181102 0.834646 
vn -0.685039 0.259843 0.685039 
vn -0.677165 0.259843 0.685039 
vn -0.724409 0.322835 0.606299 
vn -0.685039 0.259843 0.685039 
vn -0.724409 0.330709 0.606299 
vn -0.425197 0.661417 -0.622047 
vn -0.346457 0.417323 -0.84252 
vn -0.425197 0.645669 -0.637795 
vn -0.346457 0.401575 -0.850394 
vn -0.425197 0.645669 -0.637795 
vn -0.448819 0.874016 -0.173228 
vn -0.448819 0.866142 -0.19685 
vn -0.448819 0.874016 -0.173228 
vn -0.417323 0.897638 0.110236 
vn -0.732283 0.480315 0.480315 
vn -0.669291 0.440945 0.598425 
vn -0.677165 0.448819 0.582677 
vn -0.732283 0.480315 0.480315 
vn 0.23622 0.905512 0.354331 
vn 0.181102 0.84252 0.503937 
vn 0.23622 0.905512 0.338583 
vn 0.181102 0.84252 0.503937 
vn -0.732283 0.480315 0.480315 
vn -0.732283 0.480315 0.480315 
vn -0.795276 0.472441 0.370079 
vn -0.795276 0.472441 0.370079 
vn -0.188976 0.826772 0.535433 
vn -0.220472 0.929134 0.291339 
vn -0.220472 0.937008 0.267717 
vn -0.181102 0.80315 0.566929 
vn -0.110236 0.992126 -0.0551181 
vn -0.110236 0.992126 0.0866142 
vn -0.0944882 0.968504 0.228346 
vn -0.0944882 0.96063 0.259843 
vn -0.80315 0.598425 -0.00787402 
vn -0.826772 0.503937 -0.251969 
vn -0.795276 0.606299 0 
vn -0.826772 0.496063 -0.259843 
vn -0.818898 0.488189 -0.299213 
vn -0.850394 0.511811 -0.133858 
vn -0.850394 0.519685 -0.11811 
vn -0.811024 0.488189 -0.307087 
vn -0.732283 -0.0787402 0.677165 
vn -0.645669 -0.149606 0.748031 
vn -0.724409 -0.0866142 0.685039 
vn -0.653543 -0.149606 0.748031 
vn -0.795276 0.00787402 -0.606299 
vn -0.771654 0.0629921 -0.629921 
vn -0.795276 0.00787402 -0.606299 
vn -0.771654 0.0629921 -0.629921 
vn -0.0866142 0.992126 0.023622 
vn -0.0787402 0.992126 -0.0629921 
vn -0.0787402 0.984252 -0.133858 
vn -0.0393701 0.952756 -0.291339 
vn -0.0787402 0.984252 -0.133858 
vn 0.015748 0.905512 -0.425197 
vn -0.377953 0.92126 -0.0551181 
vn -0.370079 0.92126 -0.0866142 
vn -0.401575 0.88189 0.23622 
vn -0.401575 0.88189 0.259843 
vn 0.606299 0.677165 -0.417323 
vn 0.559055 0.76378 -0.314961 
vn 0.606299 0.677165 -0.417323 
vn 0.543307 0.787402 -0.275591 
vn 0.559055 0.76378 -0.314961 
vn 0.448819 0.889764 -0.0629921 
vn 0.417323 0.905512 0.0472441 
vn -0.574803 0.417323 0.700787 
vn -0.559055 0.251969 0.787402 
vn -0.574803 0.417323 0.700787 
vn -0.559055 0.251969 0.795276 
vn 0.110236 0.992126 -0.0708661 
vn 0.0708661 1 0.0314961 
vn 0.110236 0.992126 -0.0708661 
vn 0.0629921 1 0.0472441 
vn -0.393701 0.88189 -0.23622 
vn -0.291339 0.929134 0.23622 
vn -0.385827 0.905512 -0.188976 
vn -0.267717 0.913386 0.314961 
vn -0.385827 0.905512 -0.188976 
vn -0.417323 0.724409 -0.551181 
vn -0.417323 0.740157 -0.527559 
vn -0.417323 0.724409 -0.551181 
vn -0.354331 0.559055 -0.748031 
vn -0.346457 0.543307 -0.76378 
vn 0.0314961 0.826772 -0.559055 
vn -0.362205 0.858268 -0.362205 
vn 0.0787402 0.811024 -0.582677 
vn -0.409449 0.850394 -0.338583 
vn -0.984252 0.141732 0.110236 
vn -0.992126 0.149606 -0.023622 
vn -0.984252 0.141732 0.110236 
vn -0.992126 0.149606 -0.023622 
vn -0.984252 0.141732 0.110236 
vn -0.937008 0.212598 0.267717 
vn -0.937008 0.220472 0.267717 
vn -0.944882 0.149606 0.283465 
vn -0.92126 0.15748 0.354331 
vn -0.944882 0.149606 0.275591 
vn -0.92126 0.15748 0.354331 
vn -0.480315 0.629921 -0.614173 
vn -0.488189 0.582677 -0.645669 
vn -0.488189 0.582677 -0.645669 
vn -0.480315 0.629921 -0.614173 
vn -0.480315 0.629921 -0.614173 
vn -0.464567 0.708661 -0.527559 
vn -0.464567 0.708661 -0.527559 
vn -0.283465 0.779528 -0.559055 
vn -0.283465 0.716535 -0.637795 
vn -0.283465 0.779528 -0.559055 
vn -0.283465 0.716535 -0.637795 
vn -0.464567 0.755906 0.456693 
vn -0.503937 0.818898 0.267717 
vn -0.456693 0.732283 0.511811 
vn -0.511811 0.826772 0.228346 
vn -0.464567 0.566929 0.677165 
vn -0.464567 0.755906 0.456693 
vn -0.456693 0.590551 0.661417 
vn -0.464567 0.566929 0.677165 
vn -0.503937 0.440945 0.740157 
vn -0.503937 0.433071 0.748031 
vn 0.23622 0.968504 0.0866142 
vn 0.228346 0.850394 0.472441 
vn 0.23622 0.968504 0.0551181 
vn 0.228346 0.850394 0.472441 
vn -0.732283 0.574803 0.370079 
vn -0.811024 0.582677 0.0787402 
vn -0.740157 0.582677 0.330709 
vn -0.818898 0.574803 0.0629921 
vn -0.96063 -0.275591 -0.015748 
vn -0.905512 -0.181102 -0.377953 
vn -0.96063 -0.275591 -0.0551181 
vn -0.905512 -0.173228 -0.393701 
vn -0.944882 -0.23622 0.220472 
vn -0.96063 -0.275591 -0.015748 
vn -0.944882 -0.228346 0.23622 
vn -0.850394 0.519685 -0.11811 
vn -0.818898 0.574803 0.0629921 
vn -0.811024 0.582677 0.0787402 
vn -0.850394 0.511811 -0.133858 
vn 0.165354 0.503937 -0.850394 
vn -0.015748 0.661417 -0.748031 
vn -0.0629921 0.700787 -0.708661 
vn -0.015748 0.661417 -0.748031 
vn -0.330709 0.897638 -0.307087 
vn -0.346457 0.897638 -0.259843 
vn 0.0393701 0.826772 -0.559055 
vn 0.023622 0.740157 -0.677165 
vn 0.023622 0.740157 -0.677165 
vn 0.0393701 0.834646 -0.543307 
vn 0.346457 0.606299 0.716535 
vn 0.314961 0.503937 0.80315 
vn 0.346457 0.606299 0.716535 
vn 0.314961 0.503937 0.80315 
vn 0.346457 0.606299 0.716535 
vn 0.409449 0.80315 0.425197 
vn 0.409449 0.80315 0.425197 
vn 0.370079 0.92126 0.11811 
vn 0.409449 0.84252 0.346457 
vn 0.370079 0.92126 0.0944882 
vn 0.409449 0.834646 0.362205 
vn 0.370079 0.92126 0.11811 
vn 0.362205 0.929134 -0.0629921 
vn -0.84252 0.0787402 -0.527559 
vn -0.905512 -0.173228 -0.393701 
vn -0.84252 0.0787402 -0.527559 
vn -0.905512 -0.181102 -0.377953 
vn -0.968504 0.0708661 0.220472 
vn -0.984252 0.0314961 0.19685 
vn -0.968504 0.0787402 0.220472 
vn -0.968504 0.0787402 0.220472 
vn -0.944882 0.149606 0.275591 
vn -0.944882 0.149606 0.283465 
vn -0.220472 0.937008 0.267717 
vn -0.188976 0.976378 -0.0551181 
vn -0.181102 0.976378 -0.0944882 
vn -0.220472 0.929134 0.291339 
vn -0.181102 0.929134 -0.322835 
vn -0.181102 0.80315 -0.566929 
vn -0.181102 0.80315 -0.566929 
vn -0.173228 0.944882 -0.283465 
vn -0.0944882 0.976378 0.19685 
vn -0.0944882 0.968504 0.212598 
vn -0.181102 0.929134 -0.322835 
vn -0.0944882 0.96063 0.259843 
vn -0.0944882 0.968504 0.228346 
vn -0.102362 0.929134 0.354331 
vn -0.102362 0.929134 0.354331 
vn -0.574803 0.787402 0.212598 
vn -0.456693 0.874016 -0.165354 
vn -0.566929 0.795276 0.204724 
vn -0.456693 0.874016 -0.165354 
vn -0.456693 0.874016 -0.165354 
vn -0.346457 0.818898 -0.464567 
vn -0.338583 0.811024 -0.472441 
vn -0.181102 0.976378 -0.0944882 
vn -0.141732 0.96063 -0.251969 
vn -0.141732 0.96063 -0.251969 
vn -0.188976 0.976378 -0.0551181 
vn -0.669291 0.440945 0.598425 
vn -0.629921 0.393701 0.669291 
vn -0.629921 0.393701 0.669291 
vn -0.677165 0.448819 0.582677 
vn -0.299213 0.913386 -0.275591 
vn -0.188976 0.968504 -0.181102 
vn -0.19685 0.96063 -0.188976 
vn -0.188976 0.968504 -0.181102 
vn 0.00787402 1 0.00787402 
vn 0.00787402 1 0.015748 
vn -0.346457 0.850394 0.393701 
vn -0.251969 0.944882 0.204724 
vn -0.228346 0.96063 0.15748 
vn -0.0629921 0.984252 -0.15748 
vn -0.228346 0.96063 0.15748 
vn -0.0551181 0.984252 -0.181102 
vn -0.338583 0.015748 -0.937008 
vn -0.362205 0.165354 -0.913386 
vn -0.362205 0.141732 -0.92126 
vn -0.362205 0.165354 -0.913386 
vn -0.472441 0.409449 -0.779528 
vn -0.480315 0.425197 -0.76378 
vn -0.566929 0.811024 -0.149606 
vn -0.574803 0.732283 -0.362205 
vn -0.566929 0.811024 -0.149606 
vn -0.574803 0.732283 -0.362205 
vn -0.92126 0.15748 0.354331 
vn -0.897638 0.0708661 0.433071 
vn -0.92126 0.15748 0.354331 
vn -0.897638 0.0708661 0.433071 
vn -0.716535 0.685039 0.11811 
vn -0.614173 0.716535 0.338583 
vn -0.614173 0.716535 0.338583 
vn -0.724409 0.685039 0.102362 
vn -0.590551 -0.0708661 0.80315 
vn -0.779528 -0.125984 0.614173 
vn -0.590551 -0.0708661 0.80315 
vn -0.771654 -0.125984 0.622047 
vn -0.818898 -0.425197 0.385827 
vn -0.779528 -0.125984 0.614173 
vn -0.818898 -0.433071 0.385827 
vn -0.401575 0.88189 0.259843 
vn -0.401575 0.88189 0.23622 
vn -0.370079 0.80315 0.464567 
vn -0.362205 0.787402 0.496063 
vn -0.322835 0.850394 0.417323 
vn -0.322835 0.84252 0.440945 
vn -0.314961 0.716535 0.622047 
vn -0.314961 0.716535 0.622047 
vn -0.291339 0.929134 0.23622 
vn -0.204724 0.834646 0.519685 
vn -0.267717 0.913386 0.314961 
vn -0.204724 0.834646 0.519685 
vn 0.771654 0.582677 -0.244094 
vn 0.787402 0.535433 -0.307087 
vn 0.787402 0.519685 -0.314961 
vn 0.834646 0.299213 -0.456693 
vn 0.787402 0.519685 -0.314961 
vn 0.834646 0.314961 -0.448819 
vn -0.818898 0.338583 -0.464567 
vn -0.858268 0.385827 -0.330709 
vn -0.858268 0.385827 -0.330709 
vn -0.818898 0.338583 -0.464567 
vn -0.858268 0.385827 -0.330709 
vn -0.84252 0.496063 -0.220472 
vn -0.84252 0.496063 -0.220472 
vn -1 -0.0314961 0.0314961 
vn -0.992126 -0.102362 0 
vn -0.992126 -0.0944882 0.00787402 
vn -0.992126 -0.102362 0 
vn -0.992126 -0.133858 0.023622 
vn -0.992126 -0.141732 0.015748 
vn -0.992126 -0.125984 0.0629921 
vn -0.992126 -0.133858 0.023622 
vn -0.992126 -0.125984 0.0629921 
vn -0.472441 0.88189 -0.0393701 
vn -0.496063 0.866142 0.0393701 
vn -0.472441 0.88189 -0.0393701 
vn -0.503937 0.858268 0.0708661 
vn -0.511811 0.826772 0.228346 
vn -0.503937 0.858268 0.0708661 
vn -0.503937 0.818898 0.267717 
vn -0.496063 0.866142 0.0393701 
vn -0.559055 0.393701 0.724409 
vn -0.622047 0.464567 0.629921 
vn -0.559055 0.393701 0.724409 
vn -0.622047 0.464567 0.637795 
vn -0.732283 0.574803 0.370079 
vn -0.622047 0.464567 0.629921 
vn -0.740157 0.582677 0.330709 
vn 0.535433 -0.370079 -0.76378 
vn 0.535433 -0.370079 -0.76378 
vn 0.692913 -0.480315 -0.543307 
vn 0.700787 -0.480315 -0.527559 
vn 0.692913 -0.480315 -0.543307 
vn 0.779528 -0.527559 -0.330709 
vn -0.559055 -0.0866142 0.826772 
vn -0.590551 0.283465 0.755906 
vn -0.590551 -0.00787402 0.80315 
vn -0.551181 0.425197 0.716535 
vn -0.566929 0.551181 0.614173 
vn -0.543307 0.645669 0.543307 
vn -0.566929 0.551181 0.614173 
vn -0.543307 0.645669 0.535433 
vn -0.543307 0.645669 0.543307 
vn -0.488189 0.826772 0.275591 
vn -0.488189 0.826772 0.275591 
vn -0.362205 0.787402 0.496063 
vn -0.370079 0.80315 0.464567 
vn -0.338583 0.740157 0.574803 
vn -0.338583 0.740157 0.574803 
vn -0.984252 -0.133858 0.0866142 
vn -0.992126 -0.125984 0.0629921 
vn -0.992126 -0.125984 0.0629921 
vn -0.984252 -0.133858 0.0866142 
vn -0.511811 0.834646 -0.212598 
vn -0.519685 0.708661 -0.472441 
vn -0.511811 0.834646 -0.212598 
vn -0.519685 0.708661 -0.472441 
vn 0.228346 0.850394 0.472441 
vn 0.228346 0.716535 0.661417 
vn 0.228346 0.850394 0.472441 
vn 0.228346 0.716535 0.661417 
vn 0.307087 0.905512 -0.299213 
vn 0.283465 0.952756 -0.0787402 
vn 0.307087 0.905512 -0.283465 
vn 0.291339 0.952756 -0.0708661 
vn 0.283465 0.952756 -0.0787402 
vn 0.299213 0.952756 0.023622 
vn -0.976378 -0.15748 0.125984 
vn -0.984252 -0.133858 0.0866142 
vn -0.984252 -0.133858 0.0866142 
vn -0.976378 -0.15748 0.125984 
vn 0.338583 0.559055 0.755906 
vn 0.125984 0.771654 0.629921 
vn 0.165354 0.740157 0.653543 
vn 0.125984 0.771654 0.629921 
vn -0.173228 0.92126 0.354331 
vn -0.19685 0.92126 0.330709 
vn 0.795276 -0.606299 -0.0472441 
vn 0.692913 -0.677165 -0.251969 
vn 0.795276 -0.606299 -0.0472441 
vn 0.692913 -0.677165 -0.251969 
vn 0.692913 -0.677165 -0.251969 
vn 0.574803 -0.645669 -0.503937 
vn 0.574803 -0.645669 -0.503937 
vn 0.472441 -0.480315 -0.740157 
vn 0.574803 -0.645669 -0.503937 
vn 0.472441 -0.480315 -0.740157 
vn 0.472441 -0.480315 -0.740157 
vn 0.440945 -0.354331 -0.826772 
vn -0.488189 0.629921 -0.606299 
vn -0.566929 0.771654 -0.291339 
vn -0.464567 0.551181 -0.692913 
vn -0.566929 0.779528 -0.259843 
vn -0.299213 0.889764 0.346457 
vn -0.173228 0.755906 0.629921 
vn -0.299213 0.897638 0.330709 
vn -0.181102 0.76378 0.614173 
vn -0.299213 0.897638 0.330709 
vn -0.362205 0.92126 0.141732 
vn -0.480315 0.724409 -0.496063 
vn -0.354331 0.858268 -0.370079 
vn -0.346457 0.866142 -0.370079 
vn -0.0472441 0.992126 -0.0866142 
vn -0.0393701 0.992126 -0.0866142 
vn -0.968504 -0.188976 0.15748 
vn -0.976378 -0.15748 0.125984 
vn -0.976378 -0.15748 0.125984 
vn -0.968504 -0.188976 0.15748 
vn -0.968504 -0.188976 0.15748 
vn -0.968504 -0.19685 0.173228 
vn -0.503937 0.818898 -0.259843 
vn -0.370079 0.929134 0.023622 
vn -0.503937 0.826772 -0.251969 
vn -0.370079 0.929134 0.015748 
vn -0.204724 0.905512 0.377953 
vn -0.370079 0.929134 0.023622 
vn -0.19685 0.897638 0.385827 
vn -0.897638 0.0708661 0.433071 
vn -0.88189 -0.0629921 0.464567 
vn -0.88189 -0.0629921 0.464567 
vn -0.897638 0.0708661 0.433071 
vn -0.944882 -0.244094 0.212598 
vn -0.984252 -0.181102 0.0787402 
vn -0.944882 -0.251969 0.228346 
vn -0.984252 -0.149606 0.0629921 
vn -0.992126 -0.102362 0.015748 
vn -0.984252 -0.181102 0.0787402 
vn -0.519685 0.708661 -0.472441 
vn -0.519685 0.614173 -0.582677 
vn -0.519685 0.708661 -0.472441 
vn -0.519685 0.614173 -0.582677 
vn 0.0629921 -0.88189 -0.472441 
vn 0.125984 -0.976378 -0.15748 
vn 0.0629921 -0.88189 -0.472441 
vn 0.125984 -0.976378 -0.15748 
vn 0.125984 -0.976378 -0.15748 
vn 0.141732 -0.984252 0.0787402 
vn -0.590551 0.535433 -0.606299 
vn -0.606299 0.346457 -0.716535 
vn -0.606299 0.354331 -0.716535 
vn -0.598425 0.519685 -0.614173 
vn -0.590551 0.535433 -0.606299 
vn -0.559055 0.748031 -0.354331 
vn -0.559055 0.76378 -0.330709 
vn -0.692913 0.677165 0.251969 
vn -0.795276 0.606299 0 
vn -0.692913 0.677165 0.259843 
vn -0.80315 0.598425 -0.00787402 
vn 0.0472441 0.984252 -0.181102 
vn 0.173228 0.984252 0.015748 
vn 0.0472441 0.984252 -0.173228 
vn 0.173228 0.984252 0.015748 
vn 0.173228 0.984252 0.015748 
vn 0.23622 0.968504 0.102362 
vn 0.149606 -0.84252 0.519685 
vn 0.0551181 -0.992126 0.110236 
vn 0.149606 -0.850394 0.503937 
vn 0.0393701 -0.992126 0.0866142 
vn 0.149606 -0.850394 0.503937 
vn 0.173228 -0.629921 0.755906 
vn -0.125984 0.535433 -0.834646 
vn -0.0472441 0.732283 -0.677165 
vn -0.125984 0.535433 -0.834646 
vn -0.0472441 0.732283 -0.677165 
vn -0.0472441 0.732283 -0.677165 
vn -0.00787402 0.826772 -0.566929 
vn -0.889764 0.267717 0.362205 
vn -0.937008 0.220472 0.267717 
vn -0.889764 0.267717 0.362205 
vn -0.937008 0.212598 0.267717 
vn -0.102362 -0.874016 -0.480315 
vn -0.102362 -0.874016 -0.480315 
vn -0.204724 -0.913386 -0.354331 
vn 0.944882 0.251969 -0.204724 
vn 0.897638 0.204724 -0.385827 
vn 0.944882 0.251969 -0.220472 
vn 0.897638 0.204724 -0.385827 
vn 0.795276 -0.440945 0.409449 
vn 0.80315 -0.598425 0.0314961 
vn 0.795276 -0.440945 0.409449 
vn 0.80315 -0.598425 0.0314961 
vn 0.80315 -0.598425 0.0314961 
vn 0.76378 -0.614173 -0.220472 
vn -0.88189 -0.0629921 0.464567 
vn -0.897638 -0.204724 0.385827 
vn -0.897638 -0.204724 0.385827 
vn -0.88189 -0.0629921 0.464567 
vn -0.787402 0.582677 -0.19685 
vn -0.84252 0.496063 -0.220472 
vn -0.84252 0.496063 -0.220472 
vn -0.787402 0.582677 -0.19685 
vn -0.771654 0.598425 -0.204724 
vn -0.787402 0.582677 -0.19685 
vn 0.346457 0.0314961 -0.937008 
vn 0.417323 0.220472 -0.88189 
vn 0.448819 0.322835 -0.834646 
vn 0.480315 0.669291 -0.566929 
vn 0.448819 0.322835 -0.834646 
vn 0.472441 0.708661 -0.527559 
vn -0.535433 -0.00787402 0.84252 
vn -0.488189 -0.385827 0.787402 
vn -0.488189 -0.370079 0.787402 
vn -0.535433 -0.015748 0.84252 
vn -0.535433 -0.00787402 0.84252 
vn -0.559055 0.251969 0.795276 
vn -0.559055 0.251969 0.787402 
vn -0.606299 0.354331 -0.716535 
vn -0.598425 0.314961 -0.732283 
vn -0.598425 0.314961 -0.732283 
vn -0.606299 0.346457 -0.716535 
vn -0.858268 0.0629921 0.511811 
vn -0.724409 -0.0866142 0.685039 
vn -0.850394 0.0551181 0.527559 
vn -0.732283 -0.0787402 0.677165 
vn -0.858268 0.0629921 0.511811 
vn -0.92126 0.149606 0.362205 
vn -0.110236 0.543307 0.834646 
vn -0.346457 0.692913 0.629921 
vn -0.0944882 0.527559 0.850394 
vn -0.385827 0.716535 0.582677 
vn -0.346457 0.692913 0.629921 
vn -0.519685 0.755906 0.409449 
vn -0.598425 0.622047 -0.503937 
vn -0.519685 0.850394 -0.102362 
vn -0.598425 0.622047 -0.511811 
vn -0.519685 0.850394 -0.0866142 
vn -0.598425 0.622047 -0.503937 
vn -0.574803 0.409449 -0.708661 
vn 0.88189 0.0629921 -0.464567 
vn 0.897638 0.204724 -0.385827 
vn 0.88189 0.0629921 -0.464567 
vn 0.897638 0.204724 -0.385827 
vn -0.858268 0.275591 0.440945 
vn -0.889764 0.267717 0.362205 
vn -0.850394 0.275591 0.440945 
vn -0.889764 0.267717 0.362205 
vn -0.897638 -0.204724 0.385827 
vn -0.944882 -0.244094 0.212598 
vn -0.944882 -0.251969 0.228346 
vn -0.897638 -0.204724 0.385827 
vn 0.448819 -0.874016 0.188976 
vn 0.338583 -0.937008 -0.0944882 
vn 0.448819 -0.874016 0.188976 
vn 0.338583 -0.937008 -0.0944882 
vn 0.338583 -0.937008 -0.0944882 
vn 0.173228 -0.929134 -0.338583 
vn 0.173228 -0.929134 -0.338583 
vn 0.173228 -0.929134 -0.338583 
vn 0.0708661 -0.889764 -0.448819 
vn -0.700787 0.551181 0.448819 
vn -0.574803 0.787402 0.212598 
vn -0.700787 0.559055 0.448819 
vn -0.566929 0.795276 0.204724 
vn 0.858268 0.0472441 -0.519685 
vn 0.858268 0.0393701 -0.519685 
vn 0.834646 0.314961 -0.448819 
vn 0.834646 0.299213 -0.456693 
vn -0.645669 0.740157 -0.212598 
vn -0.582677 0.771654 -0.244094 
vn -0.614173 0.755906 -0.228346 
vn -0.582677 0.771654 -0.244094 
vn -0.409449 0.850394 -0.338583 
vn -0.362205 0.858268 -0.362205 
vn -0.716535 0.685039 0.11811 
vn -0.779528 0.614173 -0.125984 
vn -0.724409 0.685039 0.102362 
vn -0.795276 0.582677 -0.181102 
vn -0.779528 0.614173 -0.125984 
vn -0.80315 0.519685 -0.291339 
vn 0.291339 -0.708661 -0.645669 
vn 0.385827 -0.559055 -0.740157 
vn 0.385827 -0.559055 -0.740157 
vn 0.291339 -0.708661 -0.645669 
vn 0.291339 -0.708661 -0.645669 
vn 0.125984 -0.952756 -0.283465 
vn 0.125984 -0.952756 -0.283465 
vn -0.480315 0.779528 0.393701 
vn -0.409449 0.622047 0.669291 
vn -0.480315 0.771654 0.425197 
vn -0.401575 0.606299 0.685039 
vn -0.480315 0.771654 0.425197 
vn -0.503937 0.84252 0.204724 
vn -0.307087 0.84252 0.440945 
vn -0.314961 0.834646 0.448819 
vn -0.267717 0.889764 0.362205 
vn 0.992126 0.0866142 -0.015748 
vn 0.984252 0.141732 -0.0551181 
vn 0.984252 0.173228 -0.0787402 
vn 0.944882 0.251969 -0.204724 
vn 0.984252 0.173228 -0.0787402 
vn 0.944882 0.251969 -0.220472 
vn 0.897638 -0.0708661 -0.433071 
vn 0.88189 0.0629921 -0.464567 
vn 0.897638 -0.0708661 -0.433071 
vn 0.88189 0.0629921 -0.464567 
vn -0.858268 0.456693 0.228346 
vn -0.582677 0.80315 0.11811 
vn -0.858268 0.456693 0.228346 
vn -0.582677 0.80315 0.11811 
vn -0.858268 0.456693 0.228346 
vn -0.952756 0.181102 0.23622 
vn -0.850394 0.275591 0.440945 
vn -0.826772 0.275591 0.496063 
vn -0.858268 0.275591 0.440945 
vn -0.826772 0.275591 0.496063 
vn -0.826772 0.275591 0.496063 
vn -0.818898 0.283465 0.496063 
vn -0.102362 -0.874016 -0.480315 
vn 0.0314961 -0.669291 -0.740157 
vn -0.102362 -0.874016 -0.480315 
vn 0.0393701 -0.653543 -0.755906 
vn 0.110236 -0.692913 -0.716535 
vn 0.141732 -0.582677 -0.80315 
vn 0.141732 -0.582677 -0.80315 
vn 0.110236 -0.692913 -0.716535 
vn 0.858268 0.0393701 -0.519685 
vn 0.874016 -0.11811 -0.472441 
vn 0.874016 -0.11811 -0.472441 
vn 0.858268 0.0472441 -0.519685 
vn 0.897638 -0.346457 0.275591 
vn 0.84252 -0.535433 -0.0629921 
vn 0.897638 -0.338583 0.275591 
vn 0.84252 -0.535433 -0.0629921 
vn 0.897638 -0.338583 0.275591 
vn 0.866142 -0.15748 0.464567 
vn 0.133858 -0.968504 0.212598 
vn 0.0629921 -0.826772 0.559055 
vn 0.0393701 -0.787402 0.622047 
vn 0.133858 -0.968504 0.204724 
vn 0.023622 -0.84252 0.543307 
vn 0.023622 -0.84252 0.543307 
vn 0.0393701 -0.771654 0.629921 
vn 0.0393701 -0.771654 0.629921 
vn 0.393701 -0.267717 -0.874016 
vn 0.393701 -0.267717 -0.88189 
vn 0.535433 -0.370079 -0.76378 
vn 0.535433 -0.370079 -0.76378 
vn 0.275591 -0.559055 -0.779528 
vn 0.212598 -0.362205 -0.905512 
vn 0.212598 -0.362205 -0.905512 
vn 0.275591 -0.574803 -0.771654 
vn 0.275591 -0.559055 -0.779528 
vn 0.377953 -0.787402 -0.496063 
vn 0.385827 -0.795276 -0.464567 
vn 0.92126 -0.15748 -0.354331 
vn 0.897638 -0.0708661 -0.433071 
vn 0.897638 -0.0708661 -0.433071 
vn 0.92126 -0.15748 -0.354331 
vn 0.165354 -0.944882 0.283465 
vn 0.110236 -0.858268 0.496063 
vn 0.173228 -0.952756 0.259843 
vn 0.110236 -0.858268 0.496063 
vn 0.574803 -0.496063 -0.645669 
vn 0.661417 -0.598425 -0.448819 
vn 0.582677 -0.496063 -0.645669 
vn 0.661417 -0.598425 -0.448819 
vn 0.661417 -0.598425 -0.448819 
vn 0.700787 -0.645669 -0.299213 
vn 0.629921 -0.393701 -0.669291 
vn 0.669291 -0.440945 -0.598425 
vn 0.629921 -0.393701 -0.669291 
vn 0.677165 -0.448819 -0.582677 
vn -0.503937 -0.480315 0.716535 
vn -0.559055 -0.228346 0.795276 
vn -0.559055 -0.228346 0.795276 
vn -0.496063 -0.496063 0.716535 
vn -0.503937 -0.480315 0.716535 
vn -0.433071 -0.669291 0.606299 
vn -0.771654 0.417323 0.480315 
vn -0.700787 0.551181 0.448819 
vn -0.771654 0.417323 0.480315 
vn -0.700787 0.559055 0.448819 
vn 0.968504 -0.0787402 -0.220472 
vn 0.944882 -0.149606 -0.275591 
vn 0.944882 -0.149606 -0.283465 
vn 0.968504 -0.0708661 -0.220472 
vn 0.968504 -0.0787402 -0.220472 
vn 0.984252 -0.0314961 -0.19685 
vn -0.141732 -0.645669 0.748031 
vn -0.141732 -0.669291 0.732283 
vn -0.125984 -0.677165 0.724409 
vn -0.125984 -0.732283 0.677165 
vn -0.141732 -0.645669 0.748031 
vn -0.149606 -0.889764 0.425197 
vn -0.149606 -0.889764 0.433071 
vn -0.692913 0.677165 0.259843 
vn -0.527559 0.677165 0.511811 
vn -0.692913 0.677165 0.251969 
vn -0.527559 0.677165 0.519685 
vn -0.527559 0.677165 0.511811 
vn -0.425197 0.653543 0.629921 
vn 0.015748 -0.937008 0.338583 
vn 0.015748 -0.944882 0.330709 
vn 0.023622 -0.84252 0.543307 
vn 0.023622 -0.84252 0.543307 
vn 0.88189 -0.188976 -0.433071 
vn 0.874016 -0.11811 -0.472441 
vn 0.874016 -0.11811 -0.472441 
vn 0.88189 -0.188976 -0.433071 
vn 0.0629921 -1 0.0551181 
vn 0.0629921 -1 0.0472441 
vn 0.0629921 -0.976378 0.220472 
vn 0.0629921 -0.976378 0.220472 
vn -0.102362 -0.818898 0.559055 
vn -0.102362 -0.748031 0.653543 
vn -0.102362 -0.826772 0.551181 
vn -0.102362 -0.748031 0.653543 
vn 0.944882 -0.149606 -0.283465 
vn 0.92126 -0.15748 -0.354331 
vn 0.92126 -0.15748 -0.354331 
vn 0.944882 -0.149606 -0.275591 
vn 0.88189 -0.188976 -0.433071 
vn 0.88189 -0.188976 -0.433071 
vn 0.88189 -0.188976 -0.433071 
vn 0.88189 -0.188976 -0.433071 
vn 0.88189 -0.188976 -0.433071 
vn 0.88189 -0.188976 -0.433071 
vn -0.204724 -0.488189 0.850394 
vn -0.251969 -0.622047 0.740157 
vn -0.19685 -0.472441 0.858268 
vn -0.259843 -0.645669 0.724409 
vn -0.251969 -0.622047 0.740157 
vn -0.283465 -0.716535 0.637795 
vn -0.0708661 -0.724409 -0.685039 
vn 0.0629921 -0.88189 -0.472441 
vn -0.0708661 -0.724409 -0.685039 
vn 0.0629921 -0.88189 -0.472441 
vn -0.0393701 -0.401575 0.913386 
vn -0.0393701 -0.527559 0.850394 
vn -0.0393701 -0.503937 0.866142 
vn -0.0393701 -0.527559 0.850394 
vn -0.0314961 -0.716535 0.700787 
vn -0.0314961 -0.724409 0.685039 
vn 0.110236 -0.92126 0.377953 
vn -0.0314961 -0.716535 0.700787 
vn 0.110236 -0.92126 0.377953 
vn -0.015748 -0.889764 -0.448819 
vn -0.0314961 -0.976378 -0.204724 
vn -0.015748 -0.889764 -0.448819 
vn -0.0393701 -0.984252 -0.149606 
vn -0.00787402 -0.88189 -0.472441 
vn 0 -0.818898 -0.566929 
vn 0 -0.818898 -0.566929 
vn -0.00787402 -0.874016 -0.480315 
vn -0.00787402 -0.88189 -0.472441 
vn -0.0472441 -0.968504 -0.259843 
vn -0.0551181 -0.968504 -0.23622 
vn 0.732283 -0.480315 -0.480315 
vn 0.795276 -0.472441 -0.370079 
vn 0.795276 -0.472441 -0.370079 
vn 0.732283 -0.480315 -0.480315 
vn 0.732283 -0.480315 -0.480315 
vn 0.677165 -0.448819 -0.582677 
vn 0.732283 -0.480315 -0.480315 
vn 0.669291 -0.440945 -0.598425 
vn 0.0472441 -1 -0.023622 
vn 0.015748 -0.992126 0.11811 
vn 0.0393701 -1 -0.015748 
vn 0.015748 -0.992126 0.11811 
vn 0.0472441 -1 -0.023622 
vn 0.0472441 -0.968504 -0.251969 
vn 0.0472441 -0.96063 -0.267717 
vn -0.00787402 -0.937008 -0.362205 
vn 0.015748 -0.850394 -0.527559 
vn -0.00787402 -0.929134 -0.362205 
vn 0.015748 -0.850394 -0.527559 
vn -0.0472441 -1 -0.0393701 
vn -0.00787402 -0.937008 -0.362205 
vn -0.0472441 -1 -0.0393701 
vn -0.0472441 -1 -0.0393701 
vn -0.0551181 -0.96063 0.267717 
vn -0.0551181 -0.96063 0.267717 
vn 0.850394 -0.503937 0.165354 
vn 0.795276 -0.606299 -0.0472441 
vn 0.850394 -0.503937 0.165354 
vn 0.795276 -0.606299 -0.0472441 
vn 0.015748 -1 -0.0314961 
vn 0.015748 -1 -0.0314961 
vn 0.0472441 -0.992126 0.0866142 
vn 0.0472441 -0.992126 0.0866142 
vn 0.015748 -1 -0.0314961 
vn -0.015748 -0.96063 -0.267717 
vn -0.015748 -0.96063 -0.267717 
vn -0.015748 -0.96063 -0.267717 
vn -0.015748 -0.850394 -0.527559 
vn -0.015748 -0.84252 -0.535433 
vn 0.0629921 -0.92126 -0.377953 
vn 0.0787402 -0.944882 -0.314961 
vn 0.0472441 -0.897638 -0.448819 
vn 0.0551181 -0.913386 -0.401575 
vn 0.0472441 -0.897638 -0.448819 
vn 0.0866142 -0.992126 -0.0314961 
vn 0.0866142 -0.992126 -0.0472441 
vn 0.0629921 -0.944882 0.314961 
vn 0.0629921 -0.944882 0.330709 
vn 0.0708661 -0.976378 -0.204724 
vn 0.0787402 -0.92126 -0.385827 
vn 0.0708661 -0.976378 -0.19685 
vn 0.0787402 -0.92126 -0.385827 
vn -0.0314961 -1 0.023622 
vn -0.0393701 -1 0.015748 
vn 0.015748 -0.944882 0.330709 
vn 0.015748 -0.937008 0.338583 
vn 0.015748 -0.440945 0.897638 
vn -0.023622 -0.598425 0.80315 
vn -0.00787402 -0.559055 0.834646 
vn -0.023622 -0.598425 0.80315 
vn -0.00787402 -0.795276 0.606299 
vn 0 -0.80315 0.590551 
vn -0.00787402 -0.795276 0.606299 
vn 0.181102 -0.944882 0.267717 
vn 0.181102 -0.944882 0.259843 
vn 0.212598 -0.968504 -0.141732 
vn 0.0629921 -0.92126 -0.377953 
vn 0.220472 -0.968504 -0.141732 
vn 0.0787402 -0.944882 -0.314961 
vn 0.212598 -0.968504 -0.141732 
vn 0.338583 -0.905512 -0.259843 
vn 0.338583 -0.897638 -0.283465 
vn 0.338583 -0.905512 -0.259843 
vn 0.330709 -0.787402 -0.519685 
vn 0.330709 -0.795276 -0.503937 
vn 0.0314961 -0.96063 -0.267717 
vn 0.0629921 -1 0.0472441 
vn 0.0314961 -0.96063 -0.267717 
vn 0.0629921 -1 0.0551181 
vn -0.023622 -0.858268 -0.519685 
vn -0.0314961 -0.826772 -0.566929 
vn 0.204724 -0.968504 -0.149606 
vn 0.204724 -0.96063 -0.19685 
vn 0.165354 -0.944882 0.283465 
vn 0.173228 -0.952756 0.259843 
vn -0.110236 -0.937008 0.322835 
vn -0.102362 -0.826772 0.551181 
vn -0.110236 -0.944882 0.314961 
vn -0.102362 -0.818898 0.559055 
vn 0.866142 -0.456693 -0.204724 
vn 0.795276 -0.472441 -0.370079 
vn 0.795276 -0.472441 -0.370079 
vn 0.866142 -0.456693 -0.204724 
vn -0.125984 -0.732283 0.677165 
vn -0.125984 -0.677165 0.724409 
vn -0.110236 -0.889764 0.448819 
vn -0.110236 -0.889764 0.448819 
vn 0.456693 -0.866142 -0.204724 
vn 0.385827 -0.795276 -0.464567 
vn 0.456693 -0.874016 -0.173228 
vn 0.377953 -0.787402 -0.496063 
vn -0.590551 0.283465 0.755906 
vn -0.456693 0.76378 0.456693 
vn -0.551181 0.425197 0.716535 
vn -0.464567 0.716535 0.519685 
vn -0.456693 0.76378 0.456693 
vn -0.425197 0.850394 0.307087 
vn -0.23622 -0.937008 0.251969 
vn -0.133858 -0.897638 0.409449 
vn -0.259843 -0.944882 0.220472 
vn -0.133858 -0.897638 0.409449 
vn 0.637795 -0.417323 0.645669 
vn 0.692913 -0.370079 0.622047 
vn 0.637795 -0.417323 0.645669 
vn 0.692913 -0.370079 0.622047 
vn 0.913386 -0.401575 -0.0944882 
vn 0.866142 -0.456693 -0.204724 
vn 0.866142 -0.456693 -0.204724 
vn 0.913386 -0.401575 -0.0944882 
vn 0.913386 -0.401575 -0.0944882 
vn 0.929134 -0.370079 -0.0551181 
vn -0.417323 -0.614173 0.669291 
vn -0.456693 -0.700787 0.551181 
vn -0.472441 -0.724409 0.503937 
vn -0.456693 -0.700787 0.551181 
vn -0.480315 -0.866142 0.15748 
vn -0.480315 -0.858268 0.181102 
vn 0.480315 -0.866142 -0.125984 
vn 0.456693 -0.889764 0.0472441 
vn 0.480315 -0.866142 -0.125984 
vn 0.456693 -0.889764 0.0472441 
vn 0.574803 -0.692913 -0.433071 
vn 0.535433 -0.661417 -0.519685 
vn 0.574803 -0.692913 -0.433071 
vn 0.535433 -0.661417 -0.519685 
vn 0.574803 -0.76378 0.283465 
vn 0.582677 -0.76378 0.283465 
vn 0.551181 -0.787402 0.275591 
vn 0.551181 -0.795276 0.267717 
vn 0.574803 -0.76378 0.283465 
vn 0.732283 -0.645669 0.212598 
vn 0.700787 -0.669291 0.228346 
vn 0.897638 -0.409449 0.149606 
vn 0.732283 -0.645669 0.212598 
vn 0.92126 -0.354331 0.141732 
vn 0.897638 -0.409449 0.149606 
vn 0.976378 -0.165354 0.125984 
vn 0.338583 -0.937008 0.0944882 
vn 0.338583 -0.937008 0.0944882 
vn 0.370079 -0.88189 0.283465 
vn 0.370079 -0.88189 0.283465 
vn 0.338583 -0.937008 0.0944882 
vn 0.267717 -0.937008 -0.228346 
vn 0.267717 -0.937008 -0.228346 
vn 0 -0.858268 -0.519685 
vn 0 -0.850394 -0.527559 
vn 0.0472441 -0.96063 -0.267717 
vn 0.0472441 -0.968504 -0.251969 
vn 0 -0.858268 -0.519685 
vn -0.023622 -0.669291 -0.748031 
vn -0.023622 -0.645669 -0.76378 
vn 0.0551181 -0.992126 0.110236 
vn -0.0629921 -0.96063 -0.259843 
vn 0.0393701 -0.992126 0.0866142 
vn -0.0629921 -0.96063 -0.267717 
vn 0.653543 -0.677165 0.354331 
vn 0.677165 -0.692913 0.267717 
vn 0.653543 -0.677165 0.354331 
vn 0.677165 -0.692913 0.267717 
vn 0.417323 -0.88189 0.220472 
vn 0.425197 -0.88189 0.220472 
vn 0.362205 -0.826772 0.425197 
vn 0.362205 -0.826772 0.425197 
vn 0.480315 -0.866142 -0.125984 
vn 0.496063 -0.80315 -0.338583 
vn 0.480315 -0.866142 -0.125984 
vn 0.496063 -0.795276 -0.338583 
vn -0.96063 -0.291339 -0.023622 
vn -0.96063 -0.291339 -0.023622 
vn -0.905512 -0.417323 0.0314961 
vn 0.259843 -0.212598 -0.944882 
vn 0.259843 -0.212598 -0.944882 
vn 0.393701 -0.267717 -0.88189 
vn 0.393701 -0.267717 -0.874016 
vn -0.0472441 -0.976378 0.220472 
vn -0.0393701 -0.984252 -0.149606 
vn -0.0472441 -0.968504 0.251969 
vn -0.0314961 -0.976378 -0.204724 
vn 0.472441 -0.874016 0.102362 
vn 0.456693 -0.874016 -0.173228 
vn 0.472441 -0.874016 0.133858 
vn 0.456693 -0.866142 -0.204724 
vn 0.472441 -0.755906 0.448819 
vn 0.448819 -0.874016 0.188976 
vn 0.472441 -0.76378 0.448819 
vn 0.448819 -0.874016 0.188976 
vn 0.401575 -0.795276 0.456693 
vn 0.377953 -0.748031 0.543307 
vn 0.409449 -0.811024 0.417323 
vn 0.377953 -0.748031 0.543307 
vn 0.409449 -0.811024 0.417323 
vn 0.464567 -0.858268 0.204724 
vn 0.472441 -0.866142 0.173228 
vn 0.692913 -0.370079 0.622047 
vn 0.692913 -0.23622 0.685039 
vn 0.692913 -0.370079 0.622047 
vn 0.692913 -0.23622 0.685039 
vn 0.0944882 -0.984252 0.133858 
vn 0.0708661 -0.976378 -0.19685 
vn 0.0944882 -0.984252 0.133858 
vn 0.0708661 -0.976378 -0.204724 
vn 0.15748 -0.897638 0.417323 
vn 0.0944882 -0.984252 0.133858 
vn 0.15748 -0.889764 0.425197 
vn 0 -0.976378 -0.212598 
vn -0.0629921 -1 -0.0551181 
vn 0 -0.976378 -0.212598 
vn -0.0708661 -1 -0.0393701 
vn -0.125984 -0.984252 0.110236 
vn -0.0629921 -1 -0.0551181 
vn -0.181102 -0.944882 0.259843 
vn -0.181102 -0.952756 0.251969 
vn -0.228346 -0.88189 0.401575 
vn -0.267717 -0.811024 0.519685 
vn -0.259843 -0.826772 0.496063 
vn -0.314961 -0.692913 0.645669 
vn -0.267717 -0.811024 0.519685 
vn -0.314961 -0.677165 0.661417 
vn 0.527559 -0.811024 0.259843 
vn 0.551181 -0.795276 0.267717 
vn 0.551181 -0.787402 0.275591 
vn 0.519685 -0.811024 0.267717 
vn 0.496063 -0.795276 -0.338583 
vn 0.488189 -0.724409 -0.480315 
vn 0.496063 -0.80315 -0.338583 
vn 0.488189 -0.724409 -0.480315 
vn 0.614173 -0.771654 -0.181102 
vn 0.574803 -0.692913 -0.433071 
vn 0.614173 -0.771654 -0.173228 
vn 0.574803 -0.692913 -0.433071 
vn 0.251969 -0.874016 -0.425197 
vn 0.299213 -0.661417 -0.685039 
vn 0.299213 -0.661417 -0.685039 
vn 0.251969 -0.858268 -0.448819 
vn 0.251969 -0.874016 -0.425197 
vn 0.212598 -0.968504 0.0944882 
vn 0.212598 -0.968504 0.102362 
vn 0.291339 -0.874016 0.385827 
vn 0.212598 -0.968504 0.0944882 
vn 0.291339 -0.874016 0.385827 
vn -0.110236 -0.992126 0 
vn -0.110236 -0.944882 0.314961 
vn -0.110236 -0.992126 -0.00787402 
vn -0.110236 -0.937008 0.322835 
vn 0.637795 -0.417323 0.645669 
vn 0.582677 -0.417323 0.700787 
vn 0.637795 -0.417323 0.645669 
vn 0.582677 -0.417323 0.700787 
vn 0.535433 -0.779528 0.330709 
vn 0.551181 -0.771654 0.330709 
vn 0.551181 -0.771654 0.330709 
vn 0.614173 -0.740157 0.275591 
vn 0.551181 -0.771654 0.330709 
vn 0.614173 -0.740157 0.275591 
vn 0.614173 -0.740157 0.275591 
vn 0.677165 -0.692913 0.267717 
vn 0.677165 -0.692913 0.267717 
vn -0.0314961 -0.866142 0.496063 
vn -0.0551181 -0.96063 0.267717 
vn -0.0314961 -0.866142 0.503937 
vn -0.0551181 -0.96063 0.267717 
vn 0.149606 -0.866142 -0.472441 
vn 0.181102 -0.92126 -0.354331 
vn 0.141732 -0.850394 -0.503937 
vn 0.204724 -0.96063 -0.19685 
vn 0.204724 -0.968504 -0.149606 
vn -0.0629921 -0.677165 -0.732283 
vn -0.015748 -0.84252 -0.535433 
vn -0.0629921 -0.685039 -0.724409 
vn -0.015748 -0.850394 -0.527559 
vn 0.488189 -0.858268 0.133858 
vn 0.472441 -0.88189 -0.023622 
vn 0.472441 -0.88189 -0.023622 
vn 0.488189 -0.858268 0.133858 
vn 0.0393701 -0.811024 0.590551 
vn 0.0629921 -0.944882 0.330709 
vn 0.0629921 -0.944882 0.314961 
vn 0.0393701 -0.795276 0.606299 
vn -0.0629921 -0.858268 0.511811 
vn -0.0472441 -0.968504 0.251969 
vn -0.0708661 -0.84252 0.535433 
vn -0.0472441 -0.976378 0.220472 
vn 0.653543 -0.677165 0.354331 
vn 0.645669 -0.661417 0.377953 
vn 0.653543 -0.677165 0.354331 
vn 0.645669 -0.661417 0.377953 
vn 0.755906 -0.543307 0.362205 
vn 0.645669 -0.661417 0.377953 
vn 0.755906 -0.535433 0.362205 
vn 0.755906 -0.543307 0.362205 
vn 0.834646 -0.417323 0.354331 
vn 0.110236 -0.692913 -0.716535 
vn 0.0472441 -0.913386 -0.401575 
vn 0.0472441 -0.913386 -0.401575 
vn 0.110236 -0.692913 -0.716535 
vn 0.0472441 -0.913386 -0.401575 
vn -0.00787402 -1 0.0787402 
vn -0.00787402 -1 0.0787402 
vn 0 -0.889764 0.448819 
vn -0.00787402 -1 0.0787402 
vn 0 -0.889764 0.456693 
vn 0.00787402 -0.787402 0.614173 
vn -0.0314961 -0.866142 0.503937 
vn 0.015748 -0.779528 0.629921 
vn -0.0314961 -0.866142 0.496063 
vn -0.0944882 -0.645669 -0.755906 
vn -0.0314961 -0.826772 -0.566929 
vn -0.110236 -0.606299 -0.787402 
vn -0.023622 -0.858268 -0.519685 
vn 0.480315 -0.834646 0.267717 
vn 0.472441 -0.874016 0.133858 
vn 0.488189 -0.834646 0.267717 
vn 0.472441 -0.874016 0.102362 
vn 0.519685 -0.811024 0.267717 
vn 0.480315 -0.834646 0.267717 
vn 0.527559 -0.811024 0.259843 
vn -0.338583 -0.779528 0.527559 
vn -0.393701 -0.677165 0.622047 
vn -0.385827 -0.692913 0.606299 
vn -0.488189 -0.370079 0.787402 
vn -0.385827 -0.692913 0.606299 
vn -0.488189 -0.385827 0.787402 
vn 0.566929 -0.409449 0.716535 
vn 0.795276 -0.598425 0.0708661 
vn 0.795276 -0.598425 0.0944882 
vn 0.795276 -0.598425 0.0708661 
vn 0.834646 -0.551181 -0.015748 
vn 0.850394 -0.527559 0.0472441 
vn -0.566929 0.779528 -0.259843 
vn -0.590551 0.80315 0.110236 
vn -0.566929 0.771654 -0.291339 
vn -0.582677 0.795276 0.133858 
vn -0.590551 0.80315 0.110236 
vn -0.566929 0.787402 0.259843 
vn 0.582677 -0.417323 0.700787 
vn 0.527559 -0.464567 0.708661 
vn 0.582677 -0.417323 0.700787 
vn 0.527559 -0.464567 0.708661 
vn 0.724409 -0.251969 0.645669 
vn 0.795276 -0.440945 0.409449 
vn 0.724409 -0.251969 0.645669 
vn 0.795276 -0.440945 0.409449 
vn 0.527559 -0.448819 0.716535 
vn 0.692913 -0.448819 0.566929 
vn 0.614173 -0.448819 0.645669 
vn 0.692913 -0.448819 0.566929 
vn 0.787402 -0.425197 0.440945 
vn 0.80315 -0.425197 0.425197 
vn 0.787402 -0.425197 0.440945 
vn 0.858268 -0.377953 0.346457 
vn 0.866142 -0.377953 0.338583 
vn -0.110236 -0.992126 0.023622 
vn -0.0551181 -0.968504 -0.23622 
vn -0.11811 -0.992126 0.0551181 
vn -0.0472441 -0.968504 -0.259843 
vn -0.165354 -0.944882 0.299213 
vn -0.110236 -0.992126 0.023622 
vn -0.165354 -0.937008 0.314961 
vn 0.488189 -0.724409 -0.480315 
vn 0.464567 -0.614173 -0.637795 
vn 0.488189 -0.724409 -0.480315 
vn 0.464567 -0.622047 -0.629921 
vn 0.464567 -0.614173 -0.637795 
vn 0.456693 -0.496063 -0.732283 
vn 0.464567 -0.496063 -0.740157 
vn 0.527559 -0.464567 0.708661 
vn 0.425197 -0.582677 0.692913 
vn 0.527559 -0.464567 0.708661 
vn 0.433071 -0.582677 0.692913 
vn 0.0393701 -0.669291 0.740157 
vn 0.015748 -0.779528 0.629921 
vn 0.0393701 -0.653543 0.755906 
vn 0.00787402 -0.787402 0.614173 
vn 0.330709 -0.795276 -0.503937 
vn 0.338583 -0.637795 -0.692913 
vn 0.330709 -0.787402 -0.519685 
vn 0.338583 -0.637795 -0.692913 
vn 0.338583 -0.637795 -0.692913 
vn 0.385827 -0.464567 -0.795276 
vn 0.385827 -0.472441 -0.795276 
vn 0.23622 -0.834646 -0.503937 
vn 0.267717 -0.937008 -0.228346 
vn 0.23622 -0.826772 -0.511811 
vn 0.267717 -0.937008 -0.228346 
vn -0.125984 -0.244094 -0.96063 
vn -0.0708661 -0.0393701 -1 
vn -0.125984 -0.228346 -0.968504 
vn -0.0708661 -0.0393701 -1 
vn -0.125984 -0.244094 -0.96063 
vn -0.181102 -0.409449 -0.889764 
vn -0.133858 -0.984252 0.0708661 
vn -0.149606 -0.889764 0.433071 
vn -0.133858 -0.992126 0.0472441 
vn -0.149606 -0.889764 0.425197 
vn 0.0393701 -0.677165 0.732283 
vn 0.0393701 -0.795276 0.606299 
vn 0.0393701 -0.811024 0.590551 
vn 0.0393701 -0.661417 0.748031 
vn 0.755906 -0.566929 0.330709 
vn 0.818898 -0.496063 0.299213 
vn 0.755906 -0.566929 0.330709 
vn 0.818898 -0.488189 0.291339 
vn 0.850394 -0.503937 0.165354 
vn 0.818898 -0.496063 0.299213 
vn 0.850394 -0.503937 0.165354 
vn 0.370079 -0.692913 -0.614173 
vn 0.251969 -0.716535 -0.645669 
vn 0.377953 -0.692913 -0.614173 
vn 0.251969 -0.716535 -0.645669 
vn 0.629921 -0.401575 -0.669291 
vn 0.629921 -0.401575 -0.669291 
vn 0.637795 -0.370079 -0.677165 
vn 0.637795 -0.370079 -0.677165 
vn 0.645669 -0.755906 -0.110236 
vn 0.629921 -0.755906 -0.173228 
vn 0.637795 -0.755906 -0.15748 
vn 0.629921 -0.755906 -0.173228 
vn 0.645669 -0.700787 -0.291339 
vn 0.645669 -0.692913 -0.307087 
vn -0.0472441 -0.519685 -0.858268 
vn -0.023622 -0.645669 -0.76378 
vn -0.0472441 -0.503937 -0.866142 
vn -0.023622 -0.669291 -0.748031 
vn 0.472441 -0.425197 -0.771654 
vn 0.574803 -0.496063 -0.645669 
vn 0.582677 -0.496063 -0.645669 
vn 0.472441 -0.425197 -0.771654 
vn 0.275591 -0.740157 0.614173 
vn 0.15748 -0.889764 0.425197 
vn 0.15748 -0.897638 0.417323 
vn 0.283465 -0.732283 0.622047 
vn 0.275591 -0.740157 0.614173 
vn 0.433071 -0.582677 0.692913 
vn 0.425197 -0.582677 0.692913 
vn 0.574803 -0.409449 -0.708661 
vn 0.574803 -0.409449 -0.708661 
vn 0.629921 -0.401575 -0.669291 
vn 0.629921 -0.401575 -0.669291 
vn 0.88189 -0.464567 -0.0787402 
vn 0.88189 -0.472441 -0.023622 
vn 0.88189 -0.480315 0.00787402 
vn 0.889764 -0.448819 -0.0472441 
vn 0.88189 -0.480315 0.00787402 
vn 0.897638 -0.425197 -0.102362 
vn 0.858268 -0.464567 0.220472 
vn 0.84252 -0.527559 0.11811 
vn 0.84252 -0.535433 0.102362 
vn 0.874016 -0.488189 0.0393701 
vn 0.84252 -0.535433 0.102362 
vn 0.88189 -0.480315 0.0393701 
vn 0.874016 -0.480315 -0.0551181 
vn 0.874016 -0.480315 -0.0629921 
vn 0.88189 -0.456693 -0.110236 
vn 0.88189 -0.456693 -0.110236 
vn 0.874016 -0.480315 -0.0551181 
vn 0.913386 -0.417323 -0.015748 
vn 0.929134 -0.362205 -0.015748 
vn 0.826772 -0.511811 0.244094 
vn 0.866142 -0.472441 0.181102 
vn 0.866142 -0.464567 0.173228 
vn 0.92126 -0.385827 0.0787402 
vn 0.866142 -0.464567 0.173228 
vn 0.92126 -0.385827 0.0787402 
vn 0.850394 -0.527559 0.0472441 
vn 0.858268 -0.496063 0.11811 
vn 0.834646 -0.551181 -0.015748 
vn 0.858268 -0.456693 0.244094 
vn 0.850394 -0.448819 0.275591 
vn 0.811024 -0.354331 0.456693 
vn 0.80315 -0.338583 0.488189 
vn 0.858268 -0.456693 0.244094 
vn 0.425197 -0.88189 0.220472 
vn 0.417323 -0.88189 0.220472 
vn 0.519685 -0.850394 -0.0944882 
vn 0.519685 -0.850394 -0.0944882 
vn 0.519685 -0.850394 -0.0944882 
vn 0.590551 -0.732283 -0.338583 
vn 0.590551 -0.732283 -0.338583 
vn 0.0472441 -0.574803 0.811024 
vn 0.0393701 -0.661417 0.748031 
vn 0.0393701 -0.677165 0.732283 
vn 0.0551181 -0.566929 0.818898 
vn 0.905512 -0.425197 0.0708661 
vn 0.905512 -0.425197 0.0708661 
vn 0.88189 -0.480315 0.0393701 
vn 0.874016 -0.488189 0.0393701 
vn 0.0787402 -0.692913 0.716535 
vn -0.0629921 -0.80315 0.598425 
vn -0.0551181 -0.795276 0.606299 
vn -0.0629921 -0.80315 0.598425 
vn -0.338583 -0.874016 0.354331 
vn -0.346457 -0.874016 0.346457 
vn -0.590551 -0.795276 0.110236 
vn -0.338583 -0.874016 0.354331 
vn -0.590551 -0.795276 0.11811 
vn 0.96063 -0.275591 0.0314961 
vn 0.96063 -0.275591 0.0314961 
vn 0.92126 -0.385827 0.0787402 
vn 0.92126 -0.385827 0.0787402 
vn 0.96063 -0.275591 0.0314961 
vn 0.984252 -0.173228 0.0314961 
vn 0.984252 -0.173228 0.0393701 
vn 0.984252 -0.173228 0.0393701 
vn 0.992126 -0.11811 0.0629921 
vn 0.992126 -0.110236 0.0629921 
vn 0.496063 -0.76378 0.417323 
vn 0.488189 -0.858268 0.133858 
vn 0.488189 -0.858268 0.133858 
vn 0.496063 -0.76378 0.417323 
vn 0.897638 -0.330709 0.299213 
vn 0.866142 -0.377953 0.338583 
vn 0.858268 -0.377953 0.346457 
vn 0.897638 -0.330709 0.299213 
vn -0.0866142 -0.944882 -0.307087 
vn -0.110236 -0.992126 -0.00787402 
vn -0.0866142 -0.944882 -0.314961 
vn -0.110236 -0.992126 0 
vn 0.92126 -0.354331 0.133858 
vn 0.929134 -0.354331 0.133858 
vn 0.905512 -0.425197 0.0708661 
vn 0.905512 -0.425197 0.0708661 
vn 0.023622 -0.551181 0.834646 
vn 0.0393701 -0.653543 0.755906 
vn 0.015748 -0.535433 0.84252 
vn 0.0393701 -0.669291 0.740157 
vn 0.84252 -0.448819 0.307087 
vn 0.818898 -0.551181 0.181102 
vn 0.826772 -0.511811 0.228346 
vn 0.818898 -0.551181 0.181102 
vn 0.779528 -0.622047 0.0787402 
vn 0.771654 -0.629921 0.0708661 
vn 0.889764 -0.409449 0.212598 
vn 0.889764 -0.417323 0.204724 
vn 0.897638 -0.330709 0.299213 
vn 0.897638 -0.330709 0.299213 
vn 0.952756 -0.307087 -0.0314961 
vn 0.929134 -0.362205 -0.015748 
vn 0.952756 -0.307087 -0.0472441 
vn 0.913386 -0.417323 -0.015748 
vn 0.645669 -0.692913 -0.307087 
vn 0.685039 -0.559055 -0.464567 
vn 0.645669 -0.700787 -0.291339 
vn 0.685039 -0.551181 -0.472441 
vn 0.637795 -0.755906 0.11811 
vn 0.614173 -0.771654 -0.173228 
vn 0.637795 -0.755906 0.11811 
vn 0.614173 -0.771654 -0.181102 
vn 0.692913 -0.661417 0.291339 
vn 0.637795 -0.755906 0.11811 
vn 0.692913 -0.661417 0.291339 
vn 0.692913 -0.661417 0.291339 
vn 0.755906 -0.566929 0.330709 
vn 0.755906 -0.566929 0.330709 
vn 0.0551181 -0.716535 -0.700787 
vn 0.141732 -0.850394 -0.503937 
vn 0.0472441 -0.708661 -0.708661 
vn 0.149606 -0.866142 -0.472441 
vn 0.472441 -0.866142 0.173228 
vn 0.527559 -0.84252 -0.110236 
vn 0.464567 -0.858268 0.204724 
vn 0.527559 -0.84252 -0.102362 
vn 0.96063 -0.259843 -0.102362 
vn 0.952756 -0.307087 -0.0472441 
vn 0.968504 -0.220472 -0.125984 
vn 0.952756 -0.307087 -0.0314961 
vn 0.889764 -0.448819 -0.0472441 
vn 0.905512 -0.354331 -0.244094 
vn 0.897638 -0.425197 -0.102362 
vn 0.905512 -0.338583 -0.267717 
vn 0.637795 -0.370079 -0.677165 
vn 0.637795 -0.370079 -0.677165 
vn 0.590551 -0.354331 -0.724409 
vn 0.590551 -0.354331 -0.724409 
vn -0.149606 -0.952756 -0.275591 
vn -0.149606 -0.952756 -0.275591 
vn -0.0393701 -1 0.015748 
vn -0.0314961 -1 0.023622 
vn -0.149606 -0.952756 -0.275591 
vn -0.220472 -0.858268 -0.464567 
vn -0.220472 -0.858268 -0.464567 
vn -0.23622 -0.724409 -0.645669 
vn -0.23622 -0.732283 -0.637795 
vn -0.23622 -0.724409 -0.645669 
vn -0.228346 -0.582677 -0.779528 
vn -0.228346 -0.574803 -0.787402 
vn 0.377953 -0.692913 -0.614173 
vn 0.417323 -0.645669 -0.637795 
vn 0.370079 -0.692913 -0.614173 
vn 0.417323 -0.645669 -0.637795 
vn 0.417323 -0.645669 -0.637795 
vn 0.417323 -0.480315 -0.771654 
vn 0.417323 -0.503937 -0.755906 
vn 0.417323 -0.480315 -0.771654 
vn 0.440945 -0.244094 -0.866142 
vn 0.456693 -0.19685 -0.866142 
vn 0.440945 -0.244094 -0.866142 
vn 0.496063 -0.0314961 -0.866142 
vn 0.511811 -0.401575 -0.755906 
vn 0.511811 -0.401575 -0.755906 
vn 0.464567 -0.496063 -0.740157 
vn 0.456693 -0.496063 -0.732283 
vn -0.102362 -0.401575 -0.913386 
vn -0.0472441 -0.503937 -0.866142 
vn -0.11811 -0.377953 -0.92126 
vn -0.0472441 -0.519685 -0.858268 
vn 0.0314961 -0.669291 -0.740157 
vn 0.0472441 -0.464567 -0.88189 
vn 0.0393701 -0.653543 -0.755906 
vn 0.0393701 -0.456693 -0.889764 
vn 0.992126 -0.0708661 0.110236 
vn 0.992126 -0.0629921 0.11811 
vn 0.992126 -0.110236 0.0629921 
vn 0.992126 -0.11811 0.0629921 
vn 0.771654 -0.629921 0.0708661 
vn 0.76378 -0.637795 -0.102362 
vn 0.779528 -0.622047 0.0787402 
vn 0.76378 -0.637795 -0.110236 
vn 0.88189 -0.464567 0.102362 
vn 0.88189 -0.464567 0.102362 
vn 0.889764 -0.417323 0.204724 
vn 0.889764 -0.409449 0.212598 
vn -0.0866142 -0.692913 0.716535 
vn 0.0393701 -0.787402 0.622047 
vn 0.0629921 -0.826772 0.559055 
vn -0.0787402 -0.692913 0.716535 
vn 0.251969 -0.716535 -0.645669 
vn 0.11811 -0.76378 -0.637795 
vn 0.251969 -0.716535 -0.645669 
vn 0.11811 -0.76378 -0.637795 
vn 0.84252 -0.535433 -0.0629921 
vn 0.76378 -0.598425 -0.23622 
vn 0.84252 -0.535433 -0.0629921 
vn 0.76378 -0.598425 -0.23622 
vn 0.228346 -0.708661 -0.669291 
vn 0.23622 -0.826772 -0.511811 
vn 0.228346 -0.708661 -0.669291 
vn 0.23622 -0.834646 -0.503937 
vn 0.228346 -0.708661 -0.669291 
vn 0.23622 -0.566929 -0.787402 
vn 0.23622 -0.566929 -0.787402 
vn 0.259843 -0.212598 -0.944882 
vn 0.259843 -0.212598 -0.944882 
vn 0.110236 -0.165354 -0.976378 
vn 0.110236 -0.165354 -0.976378 
vn -0.173228 -0.440945 -0.88189 
vn -0.110236 -0.606299 -0.787402 
vn -0.188976 -0.417323 -0.889764 
vn -0.0944882 -0.645669 -0.755906 
vn 0.968504 -0.181102 0.165354 
vn 0.968504 -0.173228 0.165354 
vn 0.929134 -0.354331 0.133858 
vn 0.92126 -0.354331 0.133858 
vn 0.645669 -0.0708661 0.755906 
vn 0.692913 -0.23622 0.685039 
vn 0.645669 -0.0708661 0.755906 
vn 0.692913 -0.23622 0.685039 
vn 0.653543 -0.181102 0.732283 
vn 0.519685 -0.291339 0.80315 
vn 0.653543 -0.188976 0.732283 
vn 0.527559 -0.283465 0.80315 
vn 0.700787 -0.0551181 0.708661 
vn 0.653543 -0.181102 0.732283 
vn 0.708661 -0.0551181 0.708661 
vn -0.015748 -0.314961 0.944882 
vn 0.015748 -0.535433 0.84252 
vn -0.015748 -0.267717 0.96063 
vn 0.023622 -0.551181 0.834646 
vn -0.322835 -0.259843 0.905512 
vn -0.370079 -0.23622 0.897638 
vn -0.370079 -0.23622 0.897638 
vn -0.330709 -0.259843 0.905512 
vn -0.322835 -0.259843 0.905512 
vn -0.307087 -0.291339 0.905512 
vn -0.125984 -0.968504 -0.204724 
vn -0.133858 -0.992126 0.0472441 
vn -0.125984 -0.968504 -0.220472 
vn -0.133858 -0.984252 0.0708661 
vn 0.0551181 -0.519685 0.850394 
vn 0.0551181 -0.566929 0.818898 
vn 0.0472441 -0.574803 0.811024 
vn 0.0551181 -0.519685 0.850394 
vn 0.125984 -0.472441 0.874016 
vn 0.11811 -0.472441 0.874016 
vn 0.125984 -0.472441 0.874016 
vn 0.314961 -0.377953 0.866142 
vn 0.299213 -0.385827 0.874016 
vn -0.00787402 -0.84252 -0.535433 
vn -0.0866142 -0.944882 -0.314961 
vn -0.00787402 -0.84252 -0.535433 
vn -0.0866142 -0.944882 -0.307087 
vn 0.590551 -0.354331 -0.724409 
vn 0.590551 -0.354331 -0.724409 
vn 0.511811 -0.401575 -0.755906 
vn 0.511811 -0.401575 -0.755906 
vn 0.80315 -0.338583 0.488189 
vn 0.76378 -0.244094 0.598425 
vn 0.811024 -0.354331 0.456693 
vn 0.755906 -0.244094 0.606299 
vn -0.165354 -0.889764 0.433071 
vn -0.267717 -0.897638 0.354331 
vn -0.259843 -0.897638 0.362205 
vn -0.267717 -0.897638 0.354331 
vn -0.440945 -0.874016 0.19685 
vn -0.448819 -0.874016 0.188976 
vn -0.614173 -0.787402 0 
vn -0.440945 -0.874016 0.19685 
vn -0.614173 -0.787402 0.00787402 
vn 0.11811 -0.76378 -0.637795 
vn -0.00787402 -0.84252 -0.535433 
vn 0.11811 -0.76378 -0.637795 
vn -0.00787402 -0.84252 -0.535433 
vn -0.362205 -0.708661 -0.606299 
vn -0.480315 -0.740157 -0.472441 
vn -0.496063 -0.740157 -0.448819 
vn -0.480315 -0.740157 -0.472441 
vn -0.661417 -0.716535 -0.220472 
vn -0.653543 -0.724409 -0.23622 
vn 0.913386 -0.409449 0.023622 
vn 0.913386 -0.409449 0.023622 
vn 0.88189 -0.464567 0.102362 
vn 0.88189 -0.464567 0.102362 
vn 0.889764 -0.23622 -0.385827 
vn 0.905512 -0.338583 -0.267717 
vn 0.905512 -0.354331 -0.244094 
vn 0.889764 -0.228346 -0.393701 
vn 0.700787 -0.692913 -0.173228 
vn 0.771654 -0.637795 0.015748 
vn 0.787402 -0.614173 0.0629921 
vn 0.850394 -0.440945 0.283465 
vn 0.787402 -0.614173 0.0629921 
vn 0.850394 -0.440945 0.283465 
vn 0.850394 -0.440945 0.283465 
vn 0.889764 -0.291339 0.354331 
vn 0.889764 -0.291339 0.354331 
vn 0.889764 -0.291339 0.354331 
vn 0.905512 -0.188976 0.385827 
vn 0.905512 -0.188976 0.385827 
vn 0.905512 -0.188976 0.385827 
vn 0.889764 -0.0551181 0.448819 
vn 0.889764 -0.0551181 0.448819 
vn 0.590551 -0.732283 -0.338583 
vn 0.590551 -0.622047 -0.519685 
vn 0.590551 -0.732283 -0.338583 
vn 0.590551 -0.622047 -0.519685 
vn 0.590551 -0.622047 -0.519685 
vn 0.488189 -0.598425 -0.629921 
vn 0.488189 -0.606299 -0.629921 
vn 0.976378 -0.110236 -0.19685 
vn 0.968504 -0.220472 -0.125984 
vn 0.976378 -0.102362 -0.19685 
vn 0.96063 -0.259843 -0.102362 
vn -0.622047 0.165354 0.76378 
vn -0.700787 -0.173228 0.692913 
vn -0.653543 0.0551181 0.755906 
vn -0.700787 -0.299213 0.645669 
vn -0.700787 -0.173228 0.692913 
vn -0.685039 -0.496063 0.535433 
vn 0.984252 -0.0472441 0.188976 
vn 0.984252 -0.0472441 0.188976 
vn 0.992126 -0.0629921 0.11811 
vn 0.992126 -0.0708661 0.110236 
vn 0.527559 -0.84252 -0.102362 
vn 0.559055 -0.771654 -0.291339 
vn 0.527559 -0.84252 -0.110236 
vn 0.559055 -0.771654 -0.291339 
vn -0.385827 -0.92126 -0.0629921 
vn -0.464567 -0.866142 -0.181102 
vn -0.456693 -0.874016 -0.165354 
vn -0.464567 -0.866142 -0.181102 
vn -0.574803 -0.716535 -0.393701 
vn -0.614173 -0.637795 -0.472441 
vn -0.606299 -0.795276 0.0393701 
vn -0.440945 -0.866142 -0.244094 
vn -0.543307 -0.834646 -0.0787402 
vn -0.440945 -0.818898 -0.354331 
vn -0.440945 -0.866142 -0.244094 
vn -0.488189 -0.755906 -0.433071 
vn 0.480315 -0.614173 0.629921 
vn 0.496063 -0.76378 0.417323 
vn 0.496063 -0.76378 0.417323 
vn 0.480315 -0.614173 0.629921 
vn 0.480315 -0.614173 0.629921 
vn 0.496063 -0.448819 0.740157 
vn 0.496063 -0.448819 0.740157 
vn -0.385827 -0.92126 0.0866142 
vn -0.425197 -0.889764 0.15748 
vn -0.464567 -0.850394 0.228346 
vn -0.488189 -0.826772 0.275591 
vn -0.464567 -0.850394 0.228346 
vn -0.622047 -0.685039 0.377953 
vn -0.598425 -0.708661 0.362205 
vn -0.511811 -0.858268 0 
vn -0.488189 -0.866142 0.0866142 
vn -0.464567 -0.874016 0.15748 
vn -0.448819 -0.826772 0.338583 
vn -0.464567 -0.874016 0.15748 
vn -0.448819 -0.834646 0.330709 
vn -0.448819 -0.826772 0.338583 
vn -0.448819 -0.708661 0.543307 
vn -0.448819 -0.716535 0.535433 
vn 0.527559 -0.283465 0.80315 
vn 0.299213 -0.385827 0.874016 
vn 0.519685 -0.291339 0.80315 
vn 0.314961 -0.377953 0.866142 
vn 0.362205 -0.771654 0.519685 
vn 0.291339 -0.874016 0.385827 
vn 0.291339 -0.874016 0.385827 
vn 0.370079 -0.771654 0.519685 
vn 0.76378 -0.598425 -0.23622 
vn 0.700787 -0.637795 -0.322835 
vn 0.76378 -0.598425 -0.23622 
vn 0.700787 -0.637795 -0.322835 
vn -0.370079 -0.23622 0.897638 
vn -0.322835 -0.102362 0.937008 
vn -0.291339 -0.0393701 0.952756 
vn -0.370079 -0.23622 0.897638 
vn 0.929134 -0.370079 -0.0472441 
vn 0.929134 -0.370079 -0.0472441 
vn 0.913386 -0.409449 0.023622 
vn 0.913386 -0.409449 0.023622 
vn 0.755906 -0.244094 0.606299 
vn 0.732283 -0.149606 0.669291 
vn 0.76378 -0.244094 0.598425 
vn 0.732283 -0.149606 0.669291 
vn -0.338583 -0.543307 0.76378 
vn -0.314961 -0.677165 0.661417 
vn -0.314961 -0.692913 0.645669 
vn -0.346457 -0.511811 0.787402 
vn -0.787402 -0.291339 0.551181 
vn -0.598425 -0.629921 0.496063 
vn -0.787402 -0.283465 0.551181 
vn -0.606299 -0.622047 0.496063 
vn -0.598425 -0.629921 0.496063 
vn -0.425197 -0.818898 0.393701 
vn 0.0551181 -0.708661 0.700787 
vn 0 -0.889764 0.456693 
vn 0 -0.889764 0.448819 
vn 0.0551181 -0.708661 0.700787 
vn 0.0551181 -0.708661 0.700787 
vn 0.125984 -0.527559 0.84252 
vn 0.125984 -0.527559 0.84252 
vn 0.472441 -0.755906 0.448819 
vn 0.425197 -0.708661 0.566929 
vn 0.425197 -0.708661 0.566929 
vn 0.472441 -0.76378 0.448819 
vn -0.385827 -0.913386 -0.102362 
vn -0.259843 -0.944882 0.220472 
vn -0.393701 -0.913386 -0.133858 
vn -0.23622 -0.937008 0.251969 
vn -0.385827 -0.913386 -0.102362 
vn -0.456693 -0.779528 -0.417323 
vn -0.456693 -0.787402 -0.409449 
vn -0.0708661 -0.724409 -0.685039 
vn -0.244094 -0.590551 -0.771654 
vn -0.0708661 -0.724409 -0.685039 
vn -0.244094 -0.590551 -0.771654 
vn 0.76378 -0.637795 -0.110236 
vn 0.755906 -0.574803 -0.314961 
vn 0.76378 -0.637795 -0.102362 
vn 0.755906 -0.574803 -0.314961 
vn -0.11811 -0.574803 -0.811024 
vn -0.0629921 -0.685039 -0.724409 
vn -0.11811 -0.574803 -0.811024 
vn -0.0629921 -0.677165 -0.732283 
vn -0.11811 -0.574803 -0.811024 
vn -0.149606 -0.440945 -0.88189 
vn -0.149606 -0.440945 -0.88189 
vn -0.149606 -0.440945 -0.88189 
vn -0.141732 -0.15748 -0.976378 
vn -0.141732 -0.165354 -0.976378 
vn -0.141732 -0.15748 -0.976378 
vn -0.0866142 0.0551181 -0.992126 
vn -0.0944882 0.0472441 -0.992126 
vn -0.0866142 0.0551181 -0.992126 
vn -0.0787402 0.0787402 -0.992126 
vn -0.0787402 0.0787402 -0.992126 
vn 0.976378 -0.204724 -0.0787402 
vn 0.976378 -0.19685 -0.0787402 
vn 0.929134 -0.370079 -0.0472441 
vn 0.929134 -0.370079 -0.0472441 
vn -0.165354 -0.80315 0.574803 
vn -0.165354 -0.937008 0.314961 
vn -0.165354 -0.80315 0.574803 
vn -0.165354 -0.944882 0.299213 
vn -0.0787402 -0.692913 0.716535 
vn -0.165354 -0.80315 0.574803 
vn -0.0866142 -0.692913 0.716535 
vn 0.440945 -0.267717 -0.858268 
vn 0.440945 -0.275591 -0.850394 
vn 0.385827 -0.472441 -0.795276 
vn 0.385827 -0.464567 -0.795276 
vn 0.440945 -0.267717 -0.858268 
vn 0.456693 -0.0787402 -0.889764 
vn 0.456693 -0.0551181 -0.889764 
vn 0.307087 -0.669291 -0.677165 
vn 0.299213 -0.669291 -0.677165 
vn 0.488189 -0.606299 -0.629921 
vn 0.488189 -0.598425 -0.629921 
vn 0.102362 -0.661417 -0.740157 
vn 0.0944882 -0.661417 -0.740157 
vn 0.307087 -0.669291 -0.677165 
vn 0.0944882 -0.661417 -0.740157 
vn -0.0551181 -0.527559 -0.850394 
vn -0.0551181 -0.527559 -0.850394 
vn -0.204724 -0.889764 -0.409449 
vn -0.291339 -0.929134 -0.220472 
vn -0.299213 -0.929134 -0.204724 
vn -0.417323 -0.905512 0.0708661 
vn -0.299213 -0.929134 -0.204724 
vn -0.425197 -0.905512 0.0866142 
vn -0.417323 -0.905512 0.0708661 
vn -0.535433 -0.787402 0.299213 
vn -0.527559 -0.795276 0.291339 
vn 0.125984 -0.527559 0.84252 
vn 0.181102 -0.401575 0.897638 
vn 0.125984 -0.527559 0.84252 
vn 0.181102 -0.401575 0.897638 
vn 0.559055 -0.771654 -0.291339 
vn 0.582677 -0.732283 -0.354331 
vn 0.559055 -0.771654 -0.291339 
vn 0.582677 -0.732283 -0.354331 
vn -0.11811 -0.92126 -0.362205 
vn -0.125984 -0.968504 -0.220472 
vn -0.11811 -0.92126 -0.370079 
vn -0.125984 -0.968504 -0.204724 
vn -0.11811 -0.92126 -0.362205 
vn -0.0629921 -0.96063 -0.267717 
vn -0.0629921 -0.96063 -0.259843 
vn 0.685039 -0.551181 -0.472441 
vn 0.716535 -0.377953 -0.582677 
vn 0.685039 -0.559055 -0.464567 
vn 0.716535 -0.377953 -0.582677 
vn 0.716535 -0.251969 -0.645669 
vn 0.716535 -0.377953 -0.582677 
vn 0.716535 -0.259843 -0.645669 
vn 0.716535 -0.251969 -0.645669 
vn 0.692913 -0.188976 -0.692913 
vn 0.685039 -0.173228 -0.708661 
vn 0.582677 0.0866142 -0.811024 
vn 0.582677 0.0866142 -0.811024 
vn 0.622047 0.0314961 -0.787402 
vn 0.622047 0.0314961 -0.787402 
vn 0.622047 0.0314961 -0.787402 
vn 0.629921 -0.015748 -0.771654 
vn -0.11811 -0.377953 -0.92126 
vn -0.15748 -0.23622 -0.96063 
vn -0.102362 -0.401575 -0.913386 
vn -0.165354 -0.173228 -0.968504 
vn -0.228346 0.0866142 -0.968504 
vn -0.259843 0.015748 -0.968504 
vn -0.19685 0.0866142 -0.976378 
vn -0.267717 -0.0551181 -0.96063 
vn -0.267717 -0.0551181 -0.96063 
vn -0.314961 -0.299213 -0.897638 
vn -0.330709 -0.401575 -0.850394 
vn -0.314961 -0.685039 -0.653543 
vn -0.314961 -0.299213 -0.897638 
vn -0.291339 -0.76378 -0.574803 
vn -0.314961 -0.685039 -0.653543 
vn -0.228346 -0.88189 -0.409449 
vn 0.425197 -0.708661 0.566929 
vn 0.370079 -0.771654 0.519685 
vn 0.362205 -0.771654 0.519685 
vn 0.425197 -0.708661 0.566929 
vn 0.362205 -0.433071 -0.826772 
vn 0.362205 -0.433071 -0.826772 
vn 0.275591 -0.456693 -0.850394 
vn 0.267717 -0.456693 -0.850394 
vn -0.0551181 -0.543307 -0.834646 
vn 0.0472441 -0.708661 -0.708661 
vn -0.0551181 -0.535433 -0.84252 
vn 0.0551181 -0.716535 -0.700787 
vn 0.362205 -0.433071 -0.826772 
vn 0.362205 -0.433071 -0.826772 
vn 0.472441 -0.425197 -0.771654 
vn 0.472441 -0.425197 -0.771654 
vn 0.88189 -0.173228 -0.440945 
vn 0.889764 -0.228346 -0.393701 
vn 0.889764 -0.23622 -0.385827 
vn 0.88189 -0.173228 -0.440945 
vn -0.133858 -0.645669 0.748031 
vn -0.0708661 -0.84252 0.535433 
vn -0.141732 -0.637795 0.755906 
vn -0.0629921 -0.858268 0.511811 
vn -0.251969 -0.417323 0.874016 
vn -0.133858 -0.645669 0.748031 
vn -0.251969 -0.425197 0.866142 
vn -0.330709 -0.267717 0.905512 
vn -0.251969 -0.417323 0.874016 
vn -0.330709 -0.267717 0.905512 
vn 0.88189 -0.141732 -0.456693 
vn 0.88189 -0.173228 -0.440945 
vn 0.88189 -0.173228 -0.440945 
vn 0.88189 -0.133858 -0.456693 
vn -0.173228 -0.314961 0.929134 
vn -0.23622 -0.19685 0.952756 
vn -0.228346 -0.19685 0.952756 
vn -0.173228 -0.307087 0.937008 
vn -0.173228 -0.314961 0.929134 
vn -0.19685 -0.472441 0.858268 
vn -0.204724 -0.488189 0.850394 
vn 0.992126 -0.0393701 0.149606 
vn 0.992126 -0.0393701 0.149606 
vn 0.968504 -0.173228 0.165354 
vn 0.968504 -0.181102 0.165354 
vn 0.976378 0 -0.19685 
vn 0.984252 -0.00787402 -0.15748 
vn 0.976378 -0.00787402 -0.204724 
vn 0.984252 -0.00787402 -0.15748 
vn 1 -0.023622 -0.0787402 
vn 0.984252 -0.00787402 -0.15748 
vn 1 -0.023622 -0.0787402 
vn 1 -0.023622 -0.0787402 
vn 1 -0.0314961 -0.0393701 
vn 0.732283 -0.149606 0.669291 
vn 0.700787 -0.0708661 0.708661 
vn 0.732283 -0.149606 0.669291 
vn 0.700787 -0.0787402 0.708661 
vn 0.582677 -0.732283 -0.354331 
vn 0.598425 -0.700787 -0.385827 
vn 0.582677 -0.732283 -0.354331 
vn 0.598425 -0.700787 -0.385827 
vn 0.598425 -0.700787 -0.385827 
vn 0.629921 -0.677165 -0.370079 
vn 0.598425 -0.700787 -0.385827 
vn 0.629921 -0.677165 -0.370079 
vn 0.700787 -0.637795 -0.322835 
vn 0.629921 -0.677165 -0.370079 
vn 0.700787 -0.637795 -0.322835 
vn 0.755906 -0.574803 -0.314961 
vn 0.748031 -0.488189 -0.448819 
vn 0.755906 -0.574803 -0.314961 
vn 0.748031 -0.488189 -0.448819 
vn 0.23622 -0.291339 0.929134 
vn 0.181102 -0.401575 0.897638 
vn 0.23622 -0.291339 0.92126 
vn 0.181102 -0.401575 0.897638 
vn 0.629921 -0.0393701 0.779528 
vn 0.677165 -0.0393701 0.740157 
vn 0.629921 -0.0393701 0.771654 
vn 0.669291 -0.0393701 0.740157 
vn 0.582677 -0.110236 0.80315 
vn 0.629921 -0.0393701 0.779528 
vn 0.582677 -0.11811 0.80315 
vn 0.582677 -0.110236 0.80315 
vn 0.543307 -0.314961 0.779528 
vn 0.543307 -0.338583 0.771654 
vn 0.543307 -0.314961 0.779528 
vn 0.496063 -0.519685 0.692913 
vn 0.267717 -0.456693 -0.850394 
vn 0.275591 -0.456693 -0.850394 
vn 0.23622 -0.566929 -0.787402 
vn 0.23622 -0.566929 -0.787402 
vn 0.976378 -0.023622 -0.228346 
vn 0.976378 -0.102362 -0.19685 
vn 0.976378 -0.023622 -0.220472 
vn 0.976378 -0.110236 -0.19685 
vn -0.433071 -0.905512 0.00787402 
vn -0.559055 -0.826772 0.015748 
vn -0.559055 -0.826772 0.015748 
vn -0.811024 -0.590551 0.015748 
vn -0.559055 -0.826772 0.015748 
vn -0.811024 -0.590551 0.015748 
vn 0.976378 -0.00787402 -0.204724 
vn 0.976378 -0.023622 -0.220472 
vn 0.976378 0 -0.19685 
vn 0.976378 -0.023622 -0.228346 
vn 0.992126 -0.0393701 0.149606 
vn 0.992126 0 0.125984 
vn 0.992126 0 0.125984 
vn 0.992126 -0.0393701 0.149606 
vn 0.992126 0 0.125984 
vn 0.992126 0.0787402 0.102362 
vn 0.992126 0.0866142 0.102362 
vn -0.559055 -0.228346 0.795276 
vn -0.582677 -0.0551181 0.811024 
vn -0.582677 -0.0393701 0.811024 
vn -0.559055 -0.228346 0.795276 
vn -0.566929 -0.669291 -0.480315 
vn -0.488189 -0.755906 -0.433071 
vn -0.637795 -0.590551 -0.496063 
vn -0.440945 -0.818898 -0.354331 
vn 0.669291 -0.0393701 0.740157 
vn 0.700787 -0.0787402 0.708661 
vn 0.677165 -0.0393701 0.740157 
vn 0.700787 -0.0708661 0.708661 
vn 0.88189 -0.0472441 -0.472441 
vn 0.88189 -0.133858 -0.456693 
vn 0.88189 -0.141732 -0.456693 
vn 0.88189 -0.0472441 -0.472441 
vn 0.307087 -0.165354 0.937008 
vn 0.23622 -0.291339 0.92126 
vn 0.307087 -0.165354 0.937008 
vn 0.23622 -0.291339 0.929134 
vn 0.385827 0 0.92126 
vn 0.307087 -0.165354 0.937008 
vn 0.385827 0 0.92126 
vn 0.0472441 -0.464567 -0.88189 
vn -0.0551181 -0.417323 -0.905512 
vn 0.0393701 -0.456693 -0.889764 
vn -0.0708661 -0.417323 -0.905512 
vn 0.866142 -0.440945 0.220472 
vn 0.850394 -0.511811 0.15748 
vn 0.866142 -0.440945 0.220472 
vn 0.850394 -0.511811 0.15748 
vn 0.952756 0 0.307087 
vn 0.952756 -0.00787402 0.299213 
vn 0.984252 -0.0472441 0.188976 
vn 0.984252 -0.0472441 0.188976 
vn 0.952756 0 0.307087 
vn 0.874016 0.0708661 0.488189 
vn 0.866142 0.0708661 0.496063 
vn 0.874016 0.0708661 0.488189 
vn 0.779528 0.0866142 0.622047 
vn 0.779528 0.0866142 0.622047 
vn 0.779528 0.0866142 0.622047 
vn 0.732283 0.133858 0.661417 
vn 0.385827 -0.92126 0 
vn 0.181102 -0.944882 0.259843 
vn 0.181102 -0.944882 0.267717 
vn 0.385827 -0.92126 0 
vn 0.385827 -0.92126 0 
vn 0.566929 -0.811024 -0.133858 
vn 0.566929 -0.811024 -0.133858 
vn 0.732283 -0.669291 -0.11811 
vn 0.566929 -0.811024 -0.133858 
vn 0.732283 -0.669291 -0.11811 
vn 0.748031 -0.488189 -0.448819 
vn 0.76378 -0.385827 -0.511811 
vn 0.748031 -0.488189 -0.448819 
vn 0.76378 -0.385827 -0.511811 
vn 0.543307 -0.299213 0.779528 
vn 0.496063 -0.448819 0.740157 
vn 0.543307 -0.299213 0.779528 
vn 0.496063 -0.448819 0.740157 
vn -0.165354 -0.291339 -0.944882 
vn -0.0551181 -0.527559 -0.850394 
vn -0.165354 -0.299213 -0.937008 
vn -0.0551181 -0.527559 -0.850394 
vn 0.992126 -0.023622 -0.0866142 
vn 0.992126 -0.023622 -0.0866142 
vn 0.976378 -0.19685 -0.0787402 
vn 0.976378 -0.204724 -0.0787402 
vn -0.496063 -0.582677 0.645669 
vn -0.448819 -0.716535 0.535433 
vn -0.488189 -0.582677 0.645669 
vn -0.448819 -0.708661 0.543307 
vn -0.551181 -0.448819 0.700787 
vn -0.496063 -0.582677 0.645669 
vn -0.559055 -0.425197 0.716535 
vn 0.527559 0.11811 -0.84252 
vn 0.527559 0.11811 -0.84252 
vn 0.582677 0.0866142 -0.811024 
vn 0.582677 0.0866142 -0.811024 
vn -0.0472441 -0.165354 0.984252 
vn -0.015748 -0.267717 0.96063 
vn -0.0472441 -0.165354 0.984252 
vn -0.015748 -0.314961 0.944882 
vn -0.125984 -0.11811 0.984252 
vn -0.0472441 -0.165354 0.984252 
vn -0.173228 -0.0551181 0.984252 
vn 0.952756 0.188976 0.244094 
vn 0.944882 0.133858 0.307087 
vn 0.952756 0.19685 0.244094 
vn 0.944882 0.133858 0.307087 
vn 0.850394 -0.511811 0.15748 
vn 0.850394 -0.511811 0.15748 
vn 0.818898 -0.566929 0.023622 
vn 0.818898 -0.566929 0.023622 
vn 0.866142 -0.440945 0.220472 
vn 0.897638 -0.362205 0.23622 
vn 0.866142 -0.440945 0.220472 
vn 0.897638 -0.362205 0.23622 
vn -0.370079 -0.338583 0.866142 
vn -0.346457 -0.511811 0.787402 
vn -0.338583 -0.543307 0.76378 
vn -0.377953 -0.291339 0.874016 
vn 0.937008 0.149606 0.314961 
vn 0.944882 0.133858 0.307087 
vn 0.937008 0.149606 0.314961 
vn 0.944882 0.133858 0.307087 
vn 0.937008 0.149606 0.314961 
vn 0.929134 0.165354 0.314961 
vn 0.724409 -0.251969 0.645669 
vn 0.637795 -0.141732 0.755906 
vn 0.724409 -0.251969 0.645669 
vn 0.637795 -0.141732 0.755906 
vn -0.0708661 -0.417323 -0.905512 
vn -0.0551181 -0.417323 -0.905512 
vn -0.15748 -0.370079 -0.913386 
vn -0.173228 -0.346457 -0.92126 
vn 1 -0.00787402 -0.0787402 
vn 1 -0.00787402 -0.0787402 
vn 0.992126 -0.023622 -0.0866142 
vn 0.992126 -0.023622 -0.0866142 
vn -0.188976 -0.425197 -0.88189 
vn -0.228346 -0.574803 -0.787402 
vn -0.188976 -0.433071 -0.88189 
vn -0.228346 -0.582677 -0.779528 
vn 1 -0.00787402 -0.0787402 
vn 1 -0.00787402 -0.0787402 
vn 1 0 -0.015748 
vn 1 0.00787402 -0.015748 
vn 0.858268 0.0787402 0.511811 
vn 0.889764 -0.0551181 0.448819 
vn 0.858268 0.0787402 0.511811 
vn 0.889764 -0.0551181 0.448819 
vn -0.0787402 0.0629921 -0.992126 
vn -0.0708661 -0.0393701 -1 
vn -0.0787402 0.0629921 -0.992126 
vn -0.0708661 -0.0393701 -1 
vn 0.456693 0.0314961 -0.889764 
vn 0.456693 -0.0551181 -0.889764 
vn 0.464567 0.0314961 -0.889764 
vn 0.456693 -0.0787402 -0.889764 
vn 0.795276 -0.314961 -0.511811 
vn 0.76378 -0.385827 -0.511811 
vn 0.795276 -0.314961 -0.511811 
vn 0.76378 -0.385827 -0.511811 
vn -0.0314961 -0.188976 -0.984252 
vn -0.133858 -0.291339 -0.944882 
vn -0.023622 -0.188976 -0.984252 
vn -0.133858 -0.291339 -0.944882 
vn -0.0314961 -0.188976 -0.984252 
vn 0.110236 -0.165354 -0.976378 
vn 0.110236 -0.165354 -0.976378 
vn 0.708661 -0.0551181 0.708661 
vn 0.708661 0.0944882 0.700787 
vn 0.708661 0.0944882 0.700787 
vn 0.700787 -0.0551181 0.708661 
vn 0.708661 0.0944882 0.700787 
vn 0.692913 0.173228 0.692913 
vn 0.590551 -0.181102 0.787402 
vn 0.543307 -0.299213 0.779528 
vn 0.590551 -0.181102 0.787402 
vn 0.543307 -0.299213 0.779528 
vn -0.251969 -0.299213 -0.92126 
vn -0.188976 -0.417323 -0.889764 
vn -0.267717 -0.283465 -0.92126 
vn -0.173228 -0.440945 -0.88189 
vn -0.307087 -0.133858 -0.944882 
vn -0.251969 -0.299213 -0.92126 
vn -0.314961 -0.102362 -0.944882 
vn -0.354331 0.0551181 -0.937008 
vn -0.362205 0.0787402 -0.929134 
vn -0.307087 -0.133858 -0.944882 
vn -0.165354 -0.173228 -0.968504 
vn -0.173228 -0.0393701 -0.984252 
vn -0.15748 -0.23622 -0.96063 
vn -0.181102 0.015748 -0.984252 
vn 0.433071 0.110236 0.889764 
vn 0.385827 0 0.92126 
vn 0.385827 0 0.92126 
vn 0.440945 0.110236 0.889764 
vn 0.480315 0.0787402 -0.874016 
vn 0.464567 0.0314961 -0.889764 
vn 0.480315 0.0866142 -0.874016 
vn 0.456693 0.0314961 -0.889764 
vn 0.480315 0.0787402 -0.874016 
vn 0.527559 0.11811 -0.84252 
vn 0.527559 0.11811 -0.84252 
vn 0.00787402 -0.984252 0.181102 
vn 0.125984 -0.952756 -0.283465 
vn 0.00787402 -0.984252 0.173228 
vn 0.125984 -0.952756 -0.283465 
vn -0.11811 -0.866142 0.488189 
vn 0.00787402 -0.984252 0.181102 
vn -0.125984 -0.858268 0.496063 
vn -0.259843 -0.716535 0.645669 
vn -0.251969 -0.724409 0.637795 
vn -0.314961 -0.677165 0.669291 
vn -0.259843 -0.716535 0.645669 
vn -0.314961 -0.677165 0.661417 
vn -0.314961 -0.677165 0.669291 
vn -0.283465 -0.677165 0.677165 
vn -0.283465 -0.677165 0.677165 
vn -0.228346 -0.559055 0.795276 
vn -0.283465 -0.677165 0.677165 
vn -0.228346 -0.559055 0.795276 
vn 0.299213 -0.425197 -0.858268 
vn 0.472441 -0.346457 -0.811024 
vn 0.307087 -0.417323 -0.850394 
vn 0.464567 -0.346457 -0.811024 
vn 0.472441 -0.346457 -0.811024 
vn 0.535433 -0.322835 -0.779528 
vn 0.0314961 -0.606299 -0.795276 
vn 0.299213 -0.425197 -0.858268 
vn 0.0393701 -0.606299 -0.795276 
vn -0.15748 -0.377953 -0.913386 
vn -0.0551181 -0.535433 -0.84252 
vn -0.149606 -0.385827 -0.913386 
vn -0.0551181 -0.543307 -0.834646 
vn -0.15748 -0.377953 -0.913386 
vn -0.173228 -0.346457 -0.92126 
vn -0.15748 -0.370079 -0.913386 
vn 0.440945 0.165354 0.88189 
vn 0.440945 0.110236 0.889764 
vn 0.433071 0.110236 0.889764 
vn 0.440945 0.165354 0.88189 
vn 0.84252 0.110236 -0.519685 
vn 0.88189 -0.0472441 -0.472441 
vn 0.88189 -0.0472441 -0.472441 
vn 0.84252 0.110236 -0.519685 
vn 0.598425 0.0787402 0.795276 
vn 0.645669 -0.0708661 0.755906 
vn 0.598425 0.0787402 0.795276 
vn 0.645669 -0.0708661 0.755906 
vn 0.598425 0.0787402 0.795276 
vn 0.582677 0.149606 0.795276 
vn 0.629921 -0.0866142 -0.771654 
vn 0.661417 -0.141732 -0.740157 
vn 0.685039 -0.173228 -0.708661 
vn 0.692913 -0.188976 -0.692913 
vn 0.637795 -0.0944882 -0.771654 
vn 0.818898 -0.275591 -0.503937 
vn 0.795276 -0.314961 -0.511811 
vn 0.818898 -0.283465 -0.503937 
vn 0.795276 -0.314961 -0.511811 
vn 0.84252 -0.244094 -0.488189 
vn 0.818898 -0.275591 -0.503937 
vn 0.84252 -0.244094 -0.488189 
vn 0.818898 -0.566929 0.023622 
vn 0.818898 -0.566929 0.023622 
vn 0.732283 -0.669291 -0.11811 
vn 0.732283 -0.669291 -0.11811 
vn -0.133858 -0.291339 -0.944882 
vn -0.188976 -0.433071 -0.88189 
vn -0.133858 -0.291339 -0.944882 
vn -0.188976 -0.425197 -0.88189 
vn 0.897638 -0.362205 0.23622 
vn 0.929134 -0.283465 0.228346 
vn 0.897638 -0.362205 0.23622 
vn 0.929134 -0.283465 0.228346 
vn -0.314961 -0.00787402 -0.952756 
vn -0.165354 -0.291339 -0.944882 
vn -0.314961 -0.00787402 -0.952756 
vn -0.165354 -0.299213 -0.937008 
vn -0.314961 -0.00787402 -0.952756 
vn -0.417323 0.141732 -0.897638 
vn 0.968504 0.204724 0.133858 
vn 0.992126 0.0866142 0.102362 
vn 0.968504 0.204724 0.141732 
vn 0.992126 0.0787402 0.102362 
vn 0.401575 -0.913386 0.015748 
vn 0.110236 -0.92126 0.377953 
vn 0.110236 -0.92126 0.377953 
vn 0.401575 -0.913386 0.015748 
vn 0.401575 -0.913386 0.015748 
vn 0.645669 -0.748031 -0.149606 
vn 0.645669 -0.748031 -0.149606 
vn -0.204724 0.905512 0.377953 
vn -0.0551181 0.692913 0.716535 
vn -0.19685 0.897638 0.385827 
vn -0.0551181 0.685039 0.724409 
vn -0.0551181 0.692913 0.716535 
vn -0.00787402 0.527559 0.850394 
vn 0.952756 0.19685 0.244094 
vn 0.968504 0.204724 0.141732 
vn 0.952756 0.188976 0.244094 
vn 0.968504 0.204724 0.133858 
vn 0.866142 -0.15748 -0.472441 
vn 0.84252 -0.244094 -0.488189 
vn 0.84252 -0.244094 -0.488189 
vn 0.866142 -0.15748 -0.472441 
vn 0.826772 0.141732 0.543307 
vn 0.858268 0.0787402 0.511811 
vn 0.826772 0.141732 0.543307 
vn 0.858268 0.0787402 0.511811 
vn 0.637795 -0.141732 0.755906 
vn 0.590551 -0.181102 0.787402 
vn 0.637795 -0.141732 0.755906 
vn 0.590551 -0.181102 0.787402 
vn -0.708661 -0.488189 -0.519685 
vn -0.637795 -0.590551 -0.496063 
vn -0.732283 -0.425197 -0.527559 
vn -0.566929 -0.669291 -0.480315 
vn 0.440945 0.165354 0.88189 
vn 0.417323 0.188976 0.889764 
vn 0.440945 0.165354 0.88189 
vn 0.417323 0.188976 0.889764 
vn 0.417323 0.188976 0.889764 
vn 0.401575 0.19685 0.889764 
vn 0.897638 -0.401575 0.188976 
vn 0.88189 -0.448819 0.141732 
vn 0.897638 -0.401575 0.188976 
vn 0.88189 -0.448819 0.141732 
vn -0.0787402 0.0629921 -0.992126 
vn -0.0787402 0.0787402 -0.992126 
vn -0.0787402 0.0629921 -0.992126 
vn -0.0787402 0.0787402 -0.992126 
vn -0.543307 0.188976 -0.818898 
vn -0.669291 -0.015748 -0.740157 
vn -0.527559 0.188976 -0.826772 
vn -0.669291 -0.023622 -0.740157 
vn -0.716535 -0.433071 -0.551181 
vn -0.669291 -0.015748 -0.740157 
vn -0.716535 -0.433071 -0.551181 
vn -0.716535 -0.433071 -0.551181 
vn -0.669291 -0.645669 -0.377953 
vn 0.952756 -0.23622 0.188976 
vn 0.944882 -0.220472 0.23622 
vn 0.952756 -0.23622 0.188976 
vn 0.944882 -0.220472 0.228346 
vn 0.944882 -0.220472 0.23622 
vn 0.92126 -0.212598 0.314961 
vn 0.929134 -0.283465 0.228346 
vn 0.952756 -0.23622 0.188976 
vn 0.929134 -0.283465 0.228346 
vn 1 0.00787402 -0.015748 
vn 1 0 -0.015748 
vn 0.992126 0.149606 0.015748 
vn 0.992126 0.141732 0.015748 
vn 0.992126 0.149606 0.015748 
vn 0.937008 0.354331 -0.0393701 
vn 0.929134 0.362205 -0.0472441 
vn -0.401575 -0.149606 0.905512 
vn -0.377953 -0.291339 0.874016 
vn -0.370079 -0.338583 0.866142 
vn -0.409449 -0.102362 0.905512 
vn 0.519685 -0.267717 -0.811024 
vn 0.519685 -0.267717 -0.811024 
vn 0.574803 -0.409449 -0.708661 
vn 0.574803 -0.409449 -0.708661 
vn 0.519685 -0.267717 -0.811024 
vn 0.472441 0.0944882 -0.874016 
vn 0.472441 0.0944882 -0.874016 
vn 0.472441 0.0944882 -0.874016 
vn 0.456693 0.322835 -0.826772 
vn 0.818898 0.15748 0.551181 
vn 0.826772 0.141732 0.543307 
vn 0.818898 0.15748 0.551181 
vn 0.826772 0.141732 0.543307 
vn 0.811024 0.181102 0.551181 
vn 0.818898 0.15748 0.551181 
vn 0.811024 0.181102 0.551181 
vn -0.858268 0.133858 -0.496063 
vn -0.826772 -0.0393701 -0.566929 
vn -0.858268 0.133858 -0.496063 
vn -0.826772 -0.0393701 -0.566929 
vn -0.700787 -0.354331 -0.614173 
vn -0.826772 -0.0393701 -0.566929 
vn -0.708661 -0.338583 -0.614173 
vn -0.700787 -0.354331 -0.614173 
vn -0.614173 -0.488189 -0.614173 
vn 0.897638 -0.401575 0.188976 
vn 0.937008 -0.291339 0.19685 
vn 0.897638 -0.401575 0.188976 
vn 0.937008 -0.291339 0.19685 
vn -0.330709 -0.267717 0.905512 
vn -0.314961 -0.19685 0.929134 
vn -0.314961 -0.19685 0.929134 
vn -0.330709 -0.267717 0.905512 
vn -0.480315 -0.858268 0.181102 
vn -0.370079 -0.889764 -0.283465 
vn -0.480315 -0.866142 0.15748 
vn -0.370079 -0.889764 -0.275591 
vn -0.19685 -0.779528 -0.598425 
vn -0.370079 -0.889764 -0.283465 
vn -0.19685 -0.779528 -0.598425 
vn -0.228346 -0.19685 0.952756 
vn -0.314961 -0.19685 0.929134 
vn -0.314961 -0.19685 0.929134 
vn -0.23622 -0.19685 0.952756 
vn -0.181102 0.015748 -0.984252 
vn -0.19685 0.0866142 -0.976378 
vn -0.173228 -0.0393701 -0.984252 
vn -0.228346 0.0866142 -0.968504 
vn -0.244094 -0.590551 -0.771654 
vn -0.393701 -0.574803 -0.716535 
vn -0.244094 -0.590551 -0.771654 
vn -0.393701 -0.574803 -0.716535 
vn -0.614173 -0.637795 -0.472441 
vn -0.653543 -0.433071 -0.614173 
vn -0.574803 -0.716535 -0.393701 
vn -0.677165 -0.354331 -0.645669 
vn -0.653543 -0.433071 -0.614173 
vn -0.677165 -0.275591 -0.685039 
vn -0.677165 -0.354331 -0.645669 
vn -0.685039 -0.212598 -0.692913 
vn -0.692913 -0.11811 -0.708661 
vn -0.464567 -0.653543 -0.590551 
vn -0.464567 -0.661417 -0.590551 
vn -0.456693 -0.787402 -0.409449 
vn -0.456693 -0.779528 -0.417323 
vn -0.464567 -0.653543 -0.590551 
vn -0.393701 -0.574803 -0.716535 
vn -0.393701 -0.574803 -0.716535 
vn -0.590551 -0.251969 0.76378 
vn -0.559055 -0.425197 0.716535 
vn -0.551181 -0.448819 0.700787 
vn -0.590551 -0.23622 0.771654 
vn 0.866142 -0.496063 0.0314961 
vn 0.80315 -0.590551 -0.110236 
vn 0.866142 -0.496063 0.0314961 
vn 0.80315 -0.590551 -0.110236 
vn 0.866142 -0.496063 0.0314961 
vn 0.88189 -0.448819 0.141732 
vn 0.88189 -0.448819 0.141732 
vn -0.76378 -0.645669 -0.0314961 
vn -0.653543 -0.724409 -0.23622 
vn -0.76378 -0.645669 -0.0393701 
vn -0.661417 -0.716535 -0.220472 
vn 0.811024 0.23622 0.527559 
vn 0.811024 0.181102 0.551181 
vn 0.811024 0.181102 0.551181 
vn 0.811024 0.23622 0.527559 
vn 0.0393701 -0.606299 -0.795276 
vn -0.19685 -0.779528 -0.598425 
vn -0.19685 -0.779528 -0.598425 
vn 0.0314961 -0.606299 -0.795276 
vn -0.629921 -0.637795 0.440945 
vn -0.527559 -0.795276 0.291339 
vn -0.629921 -0.637795 0.433071 
vn -0.535433 -0.787402 0.299213 
vn -0.291339 -0.0393701 0.952756 
vn -0.173228 -0.0551181 0.984252 
vn -0.125984 -0.11811 0.984252 
vn -0.322835 -0.102362 0.937008 
vn -0.76378 -0.433071 0.480315 
vn -0.598425 -0.708661 0.362205 
vn -0.716535 -0.511811 0.472441 
vn -0.622047 -0.685039 0.377953 
vn -0.76378 -0.433071 0.480315 
vn -0.795276 -0.346457 0.503937 
vn -0.582677 -0.0393701 0.811024 
vn -0.543307 0.102362 0.834646 
vn -0.527559 0.141732 0.834646 
vn -0.582677 -0.0551181 0.811024 
vn -0.779528 -0.330709 -0.535433 
vn -0.732283 -0.425197 -0.527559 
vn -0.787402 -0.291339 -0.543307 
vn -0.708661 -0.488189 -0.519685 
vn 0.80315 -0.590551 -0.110236 
vn 0.645669 -0.748031 -0.149606 
vn 0.80315 -0.590551 -0.110236 
vn 0.645669 -0.748031 -0.149606 
vn 0.937008 -0.291339 0.19685 
vn 0.968504 -0.15748 0.181102 
vn 0.937008 -0.291339 0.19685 
vn 0.968504 -0.15748 0.181102 
vn 0.968504 -0.15748 0.181102 
vn 0.984252 -0.0708661 0.133858 
vn 0.984252 -0.0708661 0.133858 
vn 0.818898 0.283465 0.496063 
vn 0.811024 0.23622 0.527559 
vn 0.811024 0.23622 0.527559 
vn 0.818898 0.283465 0.496063 
vn 0.818898 0.283465 0.496063 
vn 0.818898 0.291339 0.488189 
vn -0.748031 -0.637795 -0.181102 
vn -0.748031 -0.637795 -0.181102 
vn -0.614173 -0.787402 0.00787402 
vn -0.614173 -0.787402 0 
vn 0.84252 0.110236 -0.519685 
vn 0.84252 0.110236 -0.519685 
vn 0.755906 0.314961 -0.566929 
vn 0.76378 0.307087 -0.566929 
vn 0.582677 0.0708661 -0.811024 
vn 0.637795 -0.0944882 -0.771654 
vn 0.582677 0.0708661 -0.811024 
vn 0.629921 -0.0866142 -0.771654 
vn 0.582677 0.0708661 -0.811024 
vn 0.543307 0.291339 -0.787402 
vn 0.543307 0.291339 -0.787402 
vn 0.984252 -0.0708661 0.133858 
vn 0.976378 -0.0393701 0.19685 
vn 0.984252 -0.0708661 0.133858 
vn 0.976378 -0.0393701 0.19685 
vn 0.937008 -0.0787402 0.346457 
vn 0.976378 -0.0393701 0.19685 
vn 0.929134 -0.0866142 0.354331 
vn 0.937008 -0.0787402 0.346457 
vn 0.897638 -0.125984 0.417323 
vn -0.692913 -0.11811 -0.708661 
vn -0.677165 -0.11811 -0.724409 
vn -0.685039 -0.212598 -0.692913 
vn -0.677165 -0.11811 -0.724409 
vn -0.692913 -0.11811 -0.708661 
vn -0.692913 -0.0314961 -0.716535 
vn -0.787402 0.0629921 -0.614173 
vn -0.787402 0.0629921 -0.614173 
vn -0.80315 0.00787402 -0.590551 
vn -0.826772 -0.212598 -0.527559 
vn -0.787402 -0.291339 -0.543307 
vn -0.834646 -0.19685 -0.519685 
vn -0.779528 -0.330709 -0.535433 
vn -0.417323 0.0393701 0.905512 
vn -0.409449 -0.102362 0.905512 
vn -0.401575 -0.149606 0.905512 
vn -0.417323 0.0944882 0.905512 
vn -0.417323 0.0393701 0.905512 
vn -0.409449 0.181102 0.897638 
vn -0.440945 0.19685 0.874016 
vn -0.456693 0.204724 0.866142 
vn 0.929134 0.362205 -0.0472441 
vn 0.88189 0.456693 -0.102362 
vn 0.937008 0.354331 -0.0393701 
vn 0.88189 0.456693 -0.110236 
vn 0.88189 0.456693 -0.102362 
vn 0.866142 0.488189 -0.133858 
vn -0.425197 0.173228 -0.889764 
vn -0.362205 0.0787402 -0.929134 
vn -0.433071 0.181102 -0.88189 
vn -0.354331 0.0551181 -0.937008 
vn -0.606299 -0.0787402 0.787402 
vn -0.590551 -0.23622 0.771654 
vn -0.590551 -0.251969 0.76378 
vn -0.606299 -0.0866142 0.787402 
vn -0.606299 -0.0787402 0.787402 
vn -0.629921 0.0629921 0.779528 
vn -0.629921 0.0866142 0.771654 
vn -0.944882 -0.322835 0.00787402 
vn -0.811024 -0.590551 0.015748 
vn -0.811024 -0.590551 0.015748 
vn -0.952756 -0.307087 0.00787402 
vn -0.834646 -0.19685 -0.519685 
vn -0.866142 -0.0866142 -0.488189 
vn -0.826772 -0.212598 -0.527559 
vn -0.874016 -0.0708661 -0.488189 
vn -0.181102 -0.275591 0.944882 
vn -0.228346 -0.559055 0.795276 
vn -0.228346 -0.559055 0.795276 
vn -0.181102 -0.275591 0.944882 
vn 0.866142 -0.15748 -0.472441 
vn 0.858268 0.00787402 -0.519685 
vn 0.866142 -0.15748 -0.472441 
vn 0.858268 0.00787402 -0.519685 
vn 0.858268 0.00787402 -0.519685 
vn 0.740157 0.165354 -0.645669 
vn 0.740157 0.173228 -0.653543 
vn 0.740157 0.165354 -0.645669 
vn 0.637795 0.220472 -0.740157 
vn -0.692913 0.0708661 -0.716535 
vn -0.692913 -0.0314961 -0.716535 
vn -0.692913 0.0629921 -0.716535 
vn -0.692913 -0.11811 -0.708661 
vn -0.629921 -0.637795 0.433071 
vn -0.708661 -0.511811 0.488189 
vn -0.629921 -0.637795 0.440945 
vn -0.708661 -0.511811 0.488189 
vn -0.590551 -0.795276 0.11811 
vn -0.724409 -0.685039 -0.0551181 
vn -0.724409 -0.685039 -0.0551181 
vn -0.590551 -0.795276 0.110236 
vn -0.850394 -0.519685 0.0944882 
vn -0.76378 -0.645669 -0.0393701 
vn -0.84252 -0.527559 0.0944882 
vn -0.76378 -0.645669 -0.0314961 
vn -0.76378 -0.433071 0.480315 
vn -0.795276 -0.346457 0.503937 
vn -0.84252 -0.188976 0.511811 
vn -0.834646 -0.204724 0.511811 
vn 0.692913 0.472441 -0.551181 
vn 0.76378 0.307087 -0.566929 
vn 0.692913 0.472441 -0.543307 
vn 0.755906 0.314961 -0.566929 
vn 0.692913 0.472441 -0.543307 
vn 0.669291 0.551181 -0.503937 
vn -0.692913 0.15748 -0.700787 
vn -0.692913 0.0708661 -0.716535 
vn -0.692913 0.149606 -0.708661 
vn -0.692913 0.0629921 -0.716535 
vn -0.787402 0.0629921 -0.614173 
vn -0.748031 0.133858 -0.645669 
vn -0.787402 0.0629921 -0.614173 
vn -0.740157 0.141732 -0.653543 
vn -0.708661 -0.511811 0.488189 
vn -0.755906 -0.409449 0.511811 
vn -0.708661 -0.511811 0.488189 
vn -0.755906 -0.409449 0.511811 
vn -0.433071 0.181102 -0.88189 
vn -0.527559 0.188976 -0.826772 
vn -0.425197 0.173228 -0.889764 
vn -0.543307 0.188976 -0.818898 
vn -0.874016 -0.0708661 -0.488189 
vn -0.88189 0.0629921 -0.464567 
vn -0.866142 -0.0866142 -0.488189 
vn -0.88189 0.0708661 -0.464567 
vn -0.850394 -0.425197 -0.314961 
vn -0.748031 -0.637795 -0.181102 
vn -0.748031 -0.637795 -0.181102 
vn -0.850394 -0.425197 -0.314961 
vn -0.952756 -0.307087 0.00787402 
vn -0.944882 -0.322835 0.00787402 
vn -0.992126 -0.102362 -0.00787402 
vn -0.992126 -0.0944882 -0.00787402 
vn -0.0708661 0.0708661 0.992126 
vn -0.181102 -0.275591 0.944882 
vn -0.181102 -0.275591 0.944882 
vn -0.0708661 0.0708661 0.992126 
vn -0.0708661 0.0708661 0.992126 
vn 0.00787402 0.244094 0.968504 
vn -0.527559 0.141732 0.834646 
vn -0.456693 0.204724 0.866142 
vn -0.440945 0.19685 0.874016 
vn -0.543307 0.102362 0.834646 
vn -0.748031 0.133858 -0.645669 
vn -0.716535 0.173228 -0.677165 
vn -0.740157 0.141732 -0.653543 
vn -0.708661 0.188976 -0.685039 
vn -0.692913 0.149606 -0.708661 
vn -0.708661 0.188976 -0.685039 
vn -0.692913 0.15748 -0.700787 
vn -0.700787 0.19685 -0.685039 
vn -0.716535 0.173228 -0.677165 
vn -0.850394 -0.0708661 0.519685 
vn -0.84252 -0.188976 0.511811 
vn -0.834646 -0.204724 0.511811 
vn -0.795276 -0.590551 -0.15748 
vn -0.724409 -0.685039 -0.0551181 
vn -0.724409 -0.685039 -0.0551181 
vn -0.795276 -0.590551 -0.15748 
vn -0.992126 0.133858 -0.0314961 
vn -0.992126 0.133858 -0.023622 
vn -0.992126 0.110236 -0.0629921 
vn -0.992126 0.11811 -0.0629921 
vn -0.992126 0.110236 -0.0629921 
vn -1 -0.023622 -0.0708661 
vn -1 -0.023622 -0.0708661 
vn -0.96063 -0.291339 -0.023622 
vn -1 -0.023622 -0.0708661 
vn -0.96063 -0.291339 -0.023622 
vn -0.755906 -0.409449 0.511811 
vn -0.795276 -0.275591 0.543307 
vn -0.755906 -0.409449 0.511811 
vn -0.795276 -0.275591 0.543307 
vn -0.88189 0.0708661 -0.464567 
vn -0.874016 0.133858 -0.464567 
vn -0.88189 0.0629921 -0.464567 
vn -0.866142 0.141732 -0.472441 
vn -0.866142 0.141732 -0.472441 
vn -0.858268 0.133858 -0.496063 
vn -0.858268 0.133858 -0.496063 
vn -0.84252 -0.527559 0.0944882 
vn -0.905512 -0.385827 0.165354 
vn -0.850394 -0.519685 0.0944882 
vn -0.905512 -0.385827 0.165354 
vn -0.629921 0.188976 0.748031 
vn -0.629921 0.0866142 0.771654 
vn -0.637795 0.181102 0.748031 
vn -0.629921 0.0629921 0.779528 
vn -0.614173 0.220472 0.755906 
vn -0.629921 0.188976 0.748031 
vn -0.606299 0.23622 0.76378 
vn -0.850394 -0.0708661 0.519685 
vn -0.850394 0.0393701 0.519685 
vn -0.84252 -0.188976 0.511811 
vn -0.850394 0.0708661 0.519685 
vn -0.614173 0.220472 0.755906 
vn -0.622047 0.165354 0.76378 
vn -0.606299 0.23622 0.76378 
vn -0.653543 0.0551181 0.755906 
vn -0.992126 -0.0944882 -0.00787402 
vn -0.992126 -0.102362 -0.00787402 
vn -1 0.0708661 -0.015748 
vn -1 0.0866142 -0.015748 
vn 0.543307 0.291339 -0.787402 
vn 0.519685 0.464567 -0.716535 
vn 0.543307 0.291339 -0.787402 
vn 0.519685 0.464567 -0.716535 
vn 0.519685 0.464567 -0.716535 
vn 0.503937 0.559055 -0.661417 
vn -0.84252 -0.0629921 0.535433 
vn -0.787402 -0.283465 0.551181 
vn -0.84252 -0.0472441 0.527559 
vn -0.787402 -0.291339 0.551181 
vn -0.897638 -0.267717 -0.354331 
vn -0.850394 -0.425197 -0.314961 
vn -0.850394 -0.425197 -0.314961 
vn -0.897638 -0.267717 -0.354331 
vn -0.850394 -0.488189 -0.204724 
vn -0.795276 -0.590551 -0.15748 
vn -0.795276 -0.590551 -0.15748 
vn -0.84252 -0.488189 -0.204724 
vn -0.968504 -0.188976 0.141732 
vn -0.992126 0 0.0944882 
vn -0.992126 0 0.0944882 
vn -0.976378 -0.188976 0.141732 
vn -0.968504 -0.188976 0.141732 
vn -0.905512 -0.385827 0.173228 
vn -0.795276 -0.275591 0.543307 
vn -0.834646 -0.0944882 0.543307 
vn -0.795276 -0.275591 0.543307 
vn -0.834646 -0.0944882 0.543307 
vn -0.826772 0.15748 0.535433 
vn -0.818898 0.165354 0.543307 
vn -0.834646 0.15748 0.535433 
vn -0.826772 0.165354 0.543307 
vn -1 0.0866142 -0.015748 
vn -1 0.0708661 -0.015748 
vn -0.992126 0.133858 -0.023622 
vn -0.992126 0.133858 -0.0314961 
vn -0.905512 -0.212598 -0.362205 
vn -0.897638 -0.267717 -0.354331 
vn -0.897638 -0.267717 -0.354331 
vn -0.905512 -0.212598 -0.362205 
vn -0.850394 0.0708661 0.519685 
vn -0.834646 0.15748 0.535433 
vn -0.850394 0.0393701 0.519685 
vn -0.826772 0.15748 0.535433 
vn -0.905512 -0.385827 0.165354 
vn -0.952756 -0.251969 0.173228 
vn -0.905512 -0.385827 0.165354 
vn -0.952756 -0.251969 0.173228 
vn -0.976378 -0.133858 0.15748 
vn -0.952756 -0.251969 0.173228 
vn -0.976378 -0.133858 0.15748 
vn -0.905512 -0.188976 -0.385827 
vn -0.897638 -0.220472 -0.385827 
vn -0.905512 -0.188976 -0.385827 
vn -0.897638 -0.220472 -0.385827 
vn -0.897638 -0.220472 -0.385827 
vn -0.889764 -0.259843 -0.362205 
vn -0.826772 0.165354 0.543307 
vn -0.850394 0.165354 0.503937 
vn -0.818898 0.165354 0.543307 
vn -0.850394 0.165354 0.496063 
vn -0.850394 0.165354 0.496063 
vn -0.889764 0.15748 0.433071 
vn -0.889764 0.15748 0.433071 
vn -0.905512 -0.212598 -0.362205 
vn -0.905512 -0.188976 -0.385827 
vn -0.905512 -0.212598 -0.362205 
vn -0.905512 -0.188976 -0.385827 
vn -0.897638 -0.370079 -0.244094 
vn -0.84252 -0.488189 -0.204724 
vn -0.850394 -0.488189 -0.204724 
vn -0.897638 -0.370079 -0.244094 
vn -0.889764 0.15748 0.433071 
vn -0.889764 0.15748 0.433071 
vn -0.905512 0.15748 0.401575 
vn -0.834646 -0.0944882 0.543307 
vn -0.84252 -0.0472441 0.527559 
vn -0.834646 -0.0944882 0.543307 
vn -0.84252 -0.0629921 0.535433 
vn -0.992126 -0.023622 0.110236 
vn -0.976378 -0.133858 0.15748 
vn -0.976378 -0.133858 0.15748 
vn -0.992126 -0.023622 0.110236 
vn -0.992126 0 0.0944882 
vn -0.992126 -0.023622 0.110236 
vn -0.992126 -0.023622 0.110236 
vn -0.992126 0 0.0944882 
vn -0.92126 -0.244094 -0.299213 
vn -0.897638 -0.370079 -0.244094 
vn -0.897638 -0.370079 -0.244094 
vn -0.92126 -0.244094 -0.299213 
vn -0.929134 -0.0944882 -0.346457 
vn -0.92126 -0.244094 -0.299213 
vn -0.92126 -0.244094 -0.299213 
vn -0.929134 -0.0944882 -0.346457 
vn -0.929134 -0.0944882 -0.346457 
vn -0.937008 0.0314961 -0.346457 
vn -0.929134 -0.0944882 -0.346457 
vn -0.937008 0.0314961 -0.346457 
vn -0.937008 0.0314961 -0.346457 
vn -0.952756 0.0393701 -0.299213 
vn -0.937008 0.0314961 -0.346457 
vn -0.952756 0.0393701 -0.299213 
vn -0.952756 0.0393701 -0.299213 
vn -0.968504 0.00787402 -0.259843 

vt 0.329877 0.544169 
vt 0.466193 0.504505 
vt 0.466193 0.544169 
vt 0.329877 0.504505 
vt 0.466193 0.504505 
vt 0.329877 0.464841 
vt 0.193561 0.558592 
vt 0.057245 0.605468 
vt 0.057245 0.558592 
vt 0.193561 0.605468 
vt 0.466193 0.623497 
vt 0.329877 0.663161 
vt 0.329877 0.623497 
vt 0.466193 0.663161 
vt 0.329877 0.583833 
vt 0.466193 0.623497 
vt 0.466193 0.583833 
vt 0.329877 0.583833 
vt 0.466193 0.544169 
vt 0.329877 0.544169 
vt 0.329877 0.558592 
vt 0.466193 0.511717 
vt 0.466193 0.558592 
vt 0.329877 0.511717 
vt 0.466193 0.511717 
vt 0.329877 0.464841 
vt 0.057245 0.652343 
vt 0.193561 0.699219 
vt 0.057245 0.699219 
vt 0.193561 0.652343 
vt 0.057245 0.652343 
vt 0.193561 0.605468 
vt 0.057245 0.605468 
vt 0.057245 0.522134 
vt 0.193561 0.579426 
vt 0.057245 0.579426 
vt 0.193561 0.522134 
vt 0.057245 0.522134 
vt 0.057245 0.464842 
vt 0.168507 0.562949 
vt 0.057245 0.605468 
vt 0.057245 0.558592 
vt 0.193561 0.605468 
vt 0.057245 0.579426 
vt 0.193561 0.636718 
vt 0.057245 0.636718 
vt 0.193561 0.579426 
vt 0.466193 0.511717 
vt 0.329877 0.558592 
vt 0.329877 0.511717 
vt 0.466193 0.558592 
vt 0.466193 0.511717 
vt 0.329877 0.464841 
vt 0.057245 0.544169 
vt 0.193561 0.504505 
vt 0.193561 0.544169 
vt 0.057245 0.504505 
vt 0.193561 0.504505 
vt 0.057245 0.464842 
vt 0.057245 0.605468 
vt 0.193561 0.558592 
vt 0.193561 0.605468 
vt 0.057245 0.558592 
vt 0.193561 0.511717 
vt 0.057245 0.558592 
vt 0.057245 0.511717 
vt 0.193561 0.558592 
vt 0.193561 0.511717 
vt 0.057245 0.464842 
vt 0.193561 0.544169 
vt 0.057245 0.583833 
vt 0.057245 0.544169 
vt 0.193561 0.583833 
vt 0.193561 0.605468 
vt 0.057245 0.652343 
vt 0.057245 0.605468 
vt 0.193561 0.652343 
vt 0.057245 0.699219 
vt 0.193561 0.699219 
vt 0.193561 0.746094 
vt 0.057245 0.746094 
vt 0.466193 0.544169 
vt 0.329877 0.583833 
vt 0.329877 0.544169 
vt 0.466193 0.583833 
vt 0.057245 0.652343 
vt 0.193561 0.605468 
vt 0.19254 0.668208 
vt 0.057245 0.605468 
vt 0.193561 0.652343 
vt 0.057245 0.715039 
vt 0.057245 0.652343 
vt 0.193557 0.710088 
vt 0.329877 0.623497 
vt 0.466193 0.663161 
vt 0.329877 0.663161 
vt 0.466193 0.623497 
vt 0.329877 0.623497 
vt 0.466193 0.583833 
vt 0.329877 0.583833 
vt 0.132561 0.514985 
vt 0.057245 0.558592 
vt 0.057245 0.511717 
vt 0.168507 0.562949 
vt 0.329877 0.544169 
vt 0.466193 0.544169 
vt 0.466193 0.583833 
vt 0.329877 0.583833 
vt 0.329877 0.605468 
vt 0.466193 0.605468 
vt 0.466193 0.652343 
vt 0.329877 0.652343 
vt 0.456892 0.385836 
vt 0.252418 0.312174 
vt 0.456892 0.312174 
vt 0.252418 0.385836 
vt 0.252418 0.312174 
vt 0.252418 0.238513 
vt 0.466193 0.663161 
vt 0.329877 0.583833 
vt 0.466193 0.583833 
vt 0.329877 0.663161 
vt 0.329877 0.544169 
vt 0.329877 0.504505 
vt 0.466193 0.544169 
vt 0.466193 0.504505 
vt 0.329877 0.504505 
vt 0.329877 0.464841 
vt 0.329877 0.605468 
vt 0.466193 0.652343 
vt 0.329877 0.652343 
vt 0.466193 0.605468 
vt 0.329877 0.605468 
vt 0.466193 0.558592 
vt 0.329877 0.558592 
vt 0.466193 0.663161 
vt 0.329877 0.71784 
vt 0.329877 0.663161 
vt 0.466193 0.71784 
vt 0.057245 0.544169 
vt 0.193561 0.504505 
vt 0.193561 0.544169 
vt 0.057245 0.504505 
vt 0.193561 0.504505 
vt 0.057245 0.464842 
vt 0.057245 0.612164 
vt 0.057245 0.538503 
vt 0.261719 0.612164 
vt 0.261719 0.538503 
vt 0.057245 0.538503 
vt 0.057245 0.464842 
vt 0.329877 0.663161 
vt 0.466193 0.663161 
vt 0.466193 0.702824 
vt 0.329877 0.702824 
vt 0.345301 0.5595 
vt 0.466193 0.558592 
vt 0.466193 0.605468 
vt 0.329877 0.605468 
vt 0.19254 0.668208 
vt 0.194813 0.725893 
vt 0.057245 0.652343 
vt 0.057245 0.746094 
vt 0.057245 0.558592 
vt 0.193561 0.535155 
vt 0.193561 0.558592 
vt 0.057245 0.535155 
vt 0.466193 0.602343 
vt 0.329877 0.636718 
vt 0.329877 0.602343 
vt 0.466193 0.636718 
vt 0.329877 0.671093 
vt 0.329877 0.636718 
vt 0.329877 0.533592 
vt 0.329877 0.499217 
vt 0.466193 0.533592 
vt 0.466193 0.499217 
vt 0.329877 0.499217 
vt 0.329877 0.464841 
vt 0.193561 0.583833 
vt 0.193561 0.623497 
vt 0.057245 0.583833 
vt 0.057245 0.623497 
vt 0.329877 0.544169 
vt 0.329877 0.504505 
vt 0.466193 0.544169 
vt 0.466193 0.504505 
vt 0.329877 0.504505 
vt 0.329877 0.464841 
vt 0.193557 0.710088 
vt 0.057245 0.772365 
vt 0.057245 0.715039 
vt 0.193561 0.782667 
vt 0.466193 0.511717 
vt 0.466193 0.558592 
vt 0.329877 0.511717 
vt 0.329877 0.558592 
vt 0.329877 0.511717 
vt 0.329877 0.464841 
vt 0.329877 0.652343 
vt 0.466193 0.652343 
vt 0.466193 0.715039 
vt 0.329505 0.716259 
vt 0.466193 0.715039 
vt 0.329915 0.7724 
vt 0.466193 0.772365 
vt 0.329877 0.567967 
vt 0.329877 0.533592 
vt 0.466193 0.567967 
vt 0.466193 0.533592 
vt 0.057245 0.699219 
vt 0.057245 0.652343 
vt 0.193561 0.699219 
vt 0.193561 0.652343 
vt 0.057245 0.652343 
vt 0.193561 0.605468 
vt 0.057245 0.605468 
vt 0.193561 0.605468 
vt 0.057245 0.558592 
vt 0.193561 0.558592 
vt 0.057245 0.558592 
vt 0.193561 0.511717 
vt 0.057245 0.511717 
vt 0.193561 0.511717 
vt 0.057245 0.464842 
vt 0.329877 0.583833 
vt 0.466193 0.544169 
vt 0.466193 0.583833 
vt 0.329877 0.544169 
vt 0.329877 0.504505 
vt 0.466193 0.544169 
vt 0.466193 0.504505 
vt 0.329877 0.504505 
vt 0.329877 0.464841 
vt 0.193561 0.69401 
vt 0.057245 0.751302 
vt 0.057245 0.69401 
vt 0.193561 0.751302 
vt 0.193561 0.69401 
vt 0.057245 0.636718 
vt 0.193561 0.636718 
vt 0.193561 0.623497 
vt 0.193561 0.663161 
vt 0.057245 0.623497 
vt 0.057245 0.663161 
vt 0.466193 0.605468 
vt 0.329877 0.558592 
vt 0.466193 0.558592 
vt 0.329877 0.605468 
vt 0.057245 0.746094 
vt 0.193561 0.746094 
vt 0.193561 0.792969 
vt 0.057245 0.792969 
vt 0.329877 0.702824 
vt 0.466193 0.702824 
vt 0.466193 0.742488 
vt 0.329877 0.742488 
vt 0.193561 0.702824 
vt 0.057245 0.742488 
vt 0.057245 0.702824 
vt 0.193561 0.742488 
vt 0.193561 0.663161 
vt 0.193561 0.702824 
vt 0.057245 0.663161 
vt 0.057245 0.663161 
vt 0.193561 0.583833 
vt 0.057245 0.583833 
vt 0.193561 0.544169 
vt 0.193561 0.583833 
vt 0.057245 0.544169 
vt 0.466193 0.699219 
vt 0.329877 0.782667 
vt 0.329877 0.709357 
vt 0.466193 0.792969 
vt 0.193561 0.652343 
vt 0.057245 0.699219 
vt 0.057245 0.652343 
vt 0.193561 0.699219 
vt 0.329877 0.742488 
vt 0.466193 0.742488 
vt 0.466193 0.782152 
vt 0.329877 0.782152 
vt 0.466193 0.702824 
vt 0.329877 0.742488 
vt 0.329877 0.702824 
vt 0.466193 0.742488 
vt 0.329877 0.663161 
vt 0.466193 0.702824 
vt 0.466193 0.663161 
vt 0.057245 0.583833 
vt 0.193561 0.544169 
vt 0.193561 0.583833 
vt 0.057245 0.544169 
vt 0.466193 0.782152 
vt 0.466193 0.821816 
vt 0.329877 0.782152 
vt 0.329877 0.821816 
vt 0.466193 0.71784 
vt 0.329877 0.765229 
vt 0.329877 0.71784 
vt 0.466193 0.765229 
vt 0.193561 0.558592 
vt 0.057245 0.605468 
vt 0.057245 0.558592 
vt 0.193561 0.605468 
vt 0.193561 0.605468 
vt 0.057245 0.652343 
vt 0.057245 0.605468 
vt 0.193561 0.652343 
vt 0.329877 0.652343 
vt 0.329877 0.605468 
vt 0.466193 0.652343 
vt 0.466193 0.605468 
vt 0.329877 0.605468 
vt 0.466193 0.558592 
vt 0.329877 0.558592 
vt 0.057245 0.792969 
vt 0.057245 0.746094 
vt 0.193561 0.792969 
vt 0.194813 0.725893 
vt 0.057245 0.623497 
vt 0.193561 0.583833 
vt 0.193561 0.623497 
vt 0.057245 0.583833 
vt 0.329877 0.605468 
vt 0.329877 0.558592 
vt 0.466193 0.605468 
vt 0.466193 0.558592 
vt 0.466193 0.652343 
vt 0.329877 0.699219 
vt 0.329877 0.652343 
vt 0.466193 0.699219 
vt 0.329877 0.605468 
vt 0.466193 0.652343 
vt 0.466193 0.605468 
vt 0.466193 0.705469 
vt 0.329877 0.739844 
vt 0.329877 0.705469 
vt 0.466193 0.739844 
vt 0.329877 0.671093 
vt 0.466193 0.705469 
vt 0.466193 0.636718 
vt 0.329877 0.583833 
vt 0.329877 0.544169 
vt 0.466193 0.583833 
vt 0.466193 0.544169 
vt 0.329877 0.544169 
vt 0.466193 0.504505 
vt 0.329877 0.504505 
vt 0.466193 0.504505 
vt 0.329877 0.464841 
vt 0.193561 0.605468 
vt 0.057245 0.652343 
vt 0.057245 0.605468 
vt 0.193561 0.652343 
vt 0.057245 0.558592 
vt 0.193561 0.605468 
vt 0.193561 0.558592 
vt 0.057245 0.558592 
vt 0.193561 0.511717 
vt 0.057245 0.511717 
vt 0.193561 0.511717 
vt 0.057245 0.464842 
vt 0.466193 0.511717 
vt 0.329877 0.535155 
vt 0.329877 0.511717 
vt 0.466193 0.535155 
vt 0.466193 0.511717 
vt 0.329877 0.464841 
vt 0.057245 0.583833 
vt 0.193561 0.544169 
vt 0.193561 0.583833 
vt 0.057245 0.544169 
vt 0.057245 0.504505 
vt 0.193561 0.544169 
vt 0.193561 0.504505 
vt 0.057245 0.504505 
vt 0.057245 0.464842 
vt 0.329877 0.636718 
vt 0.466193 0.602343 
vt 0.466193 0.636718 
vt 0.329877 0.602343 
vt 0.329877 0.567967 
vt 0.466193 0.602343 
vt 0.466193 0.567967 
vt 0.193561 0.792969 
vt 0.057245 0.699219 
vt 0.193561 0.746094 
vt 0.193561 0.699219 
vt 0.057245 0.792969 
vt 0.466193 0.567967 
vt 0.329877 0.602343 
vt 0.329877 0.567967 
vt 0.466193 0.602343 
vt 0.329877 0.623497 
vt 0.466193 0.583833 
vt 0.466193 0.623497 
vt 0.329877 0.583833 
vt 0.466193 0.772365 
vt 0.329877 0.839845 
vt 0.329915 0.7724 
vt 0.466193 0.839845 
vt 0.057245 0.544169 
vt 0.193561 0.544169 
vt 0.193561 0.583833 
vt 0.057245 0.583833 
vt 0.057245 0.544169 
vt 0.193561 0.504505 
vt 0.057245 0.504505 
vt 0.193561 0.504505 
vt 0.057245 0.464842 
vt 0.193561 0.663161 
vt 0.193561 0.702824 
vt 0.057245 0.663161 
vt 0.057245 0.702824 
vt 0.466193 0.544169 
vt 0.466193 0.583833 
vt 0.329877 0.544169 
vt 0.329877 0.583833 
vt 0.057245 0.811282 
vt 0.193561 0.765229 
vt 0.193561 0.811281 
vt 0.057245 0.765229 
vt 0.057245 0.71784 
vt 0.193561 0.765229 
vt 0.193561 0.71784 
vt 0.057245 0.71784 
vt 0.193561 0.663161 
vt 0.057245 0.663161 
vt 0.057245 0.623497 
vt 0.193561 0.663161 
vt 0.193561 0.623497 
vt 0.057245 0.623497 
vt 0.193561 0.583833 
vt 0.057245 0.583833 
vt 0.057245 0.685826 
vt 0.057245 0.612164 
vt 0.261719 0.685826 
vt 0.261719 0.612164 
vt 0.057245 0.779099 
vt 0.193561 0.723644 
vt 0.193561 0.779099 
vt 0.057245 0.723644 
vt 0.057245 0.772365 
vt 0.193561 0.782667 
vt 0.193561 0.839845 
vt 0.057245 0.839845 
vt 0.466193 0.652343 
vt 0.466193 0.699219 
vt 0.329877 0.652343 
vt 0.329877 0.709357 
vt 0.329877 0.663161 
vt 0.466193 0.623497 
vt 0.466193 0.663161 
vt 0.329877 0.623497 
vt 0.329877 0.623497 
vt 0.466193 0.583833 
vt 0.329877 0.583833 
vt 0.193561 0.623497 
vt 0.057245 0.663161 
vt 0.057245 0.623497 
vt 0.193561 0.663161 
vt 0.057245 0.538503 
vt 0.261719 0.612164 
vt 0.057245 0.612164 
vt 0.261719 0.538503 
vt 0.057245 0.538503 
vt 0.057245 0.464842 
vt 0.329877 0.605468 
vt 0.466193 0.558592 
vt 0.466193 0.605468 
vt 0.329877 0.558592 
vt 0.329877 0.511717 
vt 0.466193 0.558592 
vt 0.466193 0.511717 
vt 0.329877 0.511717 
vt 0.329877 0.464841 
vt 0.329877 0.652343 
vt 0.329877 0.605468 
vt 0.466193 0.652343 
vt 0.466193 0.605468 
vt 0.193561 0.533789 
vt 0.057245 0.580665 
vt 0.057245 0.533789 
vt 0.193561 0.580665 
vt 0.057245 0.486914 
vt 0.193561 0.533789 
vt 0.193561 0.486914 
vt 0.057245 0.486914 
vt 0.057245 0.440038 
vt 0.466193 0.699219 
vt 0.329877 0.746094 
vt 0.329877 0.699219 
vt 0.466193 0.746094 
vt 0.466193 0.499217 
vt 0.261719 0.533592 
vt 0.261719 0.499217 
vt 0.466193 0.533592 
vt 0.466193 0.499217 
vt 0.261719 0.464841 
vt 0.057245 0.767984 
vt 0.193561 0.699219 
vt 0.193561 0.767984 
vt 0.057245 0.699219 
vt 0.329877 0.792969 
vt 0.329877 0.746094 
vt 0.466193 0.792969 
vt 0.466193 0.746094 
vt 0.329877 0.746094 
vt 0.466193 0.699219 
vt 0.329877 0.699219 
vt 0.329877 0.652343 
vt 0.466193 0.699219 
vt 0.466193 0.652343 
vt 0.057245 0.723644 
vt 0.193561 0.652343 
vt 0.193561 0.723644 
vt 0.057245 0.652343 
vt 0.057245 0.605468 
vt 0.193561 0.652343 
vt 0.193561 0.605468 
vt 0.057245 0.605468 
vt 0.193561 0.558592 
vt 0.057245 0.558592 
vt 0.057245 0.677159 
vt 0.193561 0.707491 
vt 0.057245 0.707491 
vt 0.193561 0.677159 
vt 0.057245 0.677159 
vt 0.193561 0.646828 
vt 0.057245 0.646828 
vt 0.047943 0.533158 
vt 0.252418 0.459497 
vt 0.252418 0.533158 
vt 0.047943 0.459497 
vt 0.193561 0.602343 
vt 0.057245 0.636718 
vt 0.057245 0.602343 
vt 0.193561 0.636718 
vt 0.057245 0.558592 
vt 0.193561 0.511717 
vt 0.193561 0.558592 
vt 0.057245 0.511717 
vt 0.193561 0.511717 
vt 0.057245 0.464842 
vt 0.466193 0.623497 
vt 0.466193 0.663161 
vt 0.329877 0.623497 
vt 0.329877 0.663161 
vt 0.329877 0.623497 
vt 0.466193 0.583833 
vt 0.329877 0.583833 
vt 0.047943 0.459497 
vt 0.252418 0.385836 
vt 0.252418 0.459497 
vt 0.047943 0.385836 
vt 0.329877 0.511717 
vt 0.466193 0.558592 
vt 0.329877 0.558592 
vt 0.466193 0.511717 
vt 0.329877 0.511717 
vt 0.329877 0.464841 
vt 0.380654 0.610689 
vt 0.264159 0.610689 
vt 0.264159 0.581312 
vt 0.380654 0.581312 
vt 0.264159 0.581312 
vt 0.264159 0.551935 
vt 0.057245 0.522134 
vt 0.261719 0.579426 
vt 0.057245 0.579426 
vt 0.261719 0.522134 
vt 0.057245 0.522134 
vt 0.057245 0.464842 
vt 0.057245 0.605468 
vt 0.057245 0.558592 
vt 0.193561 0.605468 
vt 0.193561 0.558592 
vt 0.057245 0.558592 
vt 0.193561 0.511717 
vt 0.057245 0.511717 
vt 0.193561 0.511717 
vt 0.057245 0.464842 
vt 0.057245 0.839845 
vt 0.057245 0.792969 
vt 0.193561 0.839845 
vt 0.193561 0.792969 
vt 0.029398 0.444 
vt 0.258618 0.488464 
vt 0.029398 0.488464 
vt 0.258618 0.444 
vt 0.029398 0.444 
vt 0.029398 0.399536 
vt 0.466193 0.702824 
vt 0.466193 0.767853 
vt 0.329877 0.702824 
vt 0.329877 0.767853 
vt 0.329877 0.702824 
vt 0.329877 0.663161 
vt 0.466193 0.663161 
vt 0.329877 0.663161 
vt 0.466193 0.623497 
vt 0.329877 0.623497 
vt 0.466193 0.821816 
vt 0.466193 0.86148 
vt 0.329877 0.821816 
vt 0.329877 0.86148 
vt 0.057245 0.499217 
vt 0.261719 0.533592 
vt 0.057245 0.533592 
vt 0.261719 0.499217 
vt 0.057245 0.499217 
vt 0.057245 0.464842 
vt 0.466193 0.504505 
vt 0.261719 0.544169 
vt 0.261719 0.504505 
vt 0.466193 0.544169 
vt 0.466193 0.504505 
vt 0.261719 0.464841 
vt 0.466193 0.742488 
vt 0.329877 0.782152 
vt 0.329877 0.742488 
vt 0.466193 0.782152 
vt 0.466193 0.765229 
vt 0.329877 0.811282 
vt 0.329877 0.765229 
vt 0.466193 0.811282 
vt 0.057245 0.671093 
vt 0.057245 0.636718 
vt 0.193561 0.671093 
vt 0.193561 0.636718 
vt 0.057245 0.636718 
vt 0.193561 0.602343 
vt 0.057245 0.602343 
vt 0.029398 0.532928 
vt 0.029398 0.488464 
vt 0.258618 0.532928 
vt 0.258618 0.488464 
vt 0.057245 0.792969 
vt 0.193561 0.792969 
vt 0.193561 0.839845 
vt 0.057245 0.839845 
vt 0.380684 0.505366 
vt 0.466193 0.511717 
vt 0.466193 0.558592 
vt 0.345301 0.5595 
vt 0.193561 0.567967 
vt 0.057245 0.602343 
vt 0.057245 0.567967 
vt 0.193561 0.602343 
vt 0.057245 0.504505 
vt 0.193561 0.544169 
vt 0.057245 0.544169 
vt 0.193561 0.504505 
vt 0.057245 0.504505 
vt 0.057245 0.464842 
vt 0.466193 0.533592 
vt 0.261719 0.567967 
vt 0.261719 0.533592 
vt 0.466193 0.567967 
vt 0.054144 0.522466 
vt 0.19046 0.482803 
vt 0.19046 0.522466 
vt 0.054144 0.482803 
vt 0.19046 0.482803 
vt 0.054144 0.443139 
vt 0.057245 0.705469 
vt 0.057245 0.671093 
vt 0.193561 0.705469 
vt 0.193561 0.671093 
vt 0.132561 0.514985 
vt 0.057245 0.511717 
vt 0.057245 0.464842 
vt 0.329877 0.558592 
vt 0.466193 0.535155 
vt 0.466193 0.558592 
vt 0.329877 0.535155 
vt 0.329877 0.579325 
vt 0.329877 0.558592 
vt 0.466193 0.511717 
vt 0.261719 0.558592 
vt 0.261719 0.511717 
vt 0.466193 0.558592 
vt 0.466193 0.511717 
vt 0.261719 0.464841 
vt 0.466193 0.746094 
vt 0.329877 0.792969 
vt 0.329877 0.746094 
vt 0.466193 0.792969 
vt 0.329877 0.88672 
vt 0.329877 0.839845 
vt 0.466193 0.88672 
vt 0.466193 0.839845 
vt 0.329877 0.839845 
vt 0.466193 0.792969 
vt 0.329877 0.782667 
vt 0.329877 0.583833 
vt 0.466193 0.544169 
vt 0.466193 0.583833 
vt 0.329877 0.544169 
vt 0.329877 0.504505 
vt 0.466193 0.544169 
vt 0.466193 0.504505 
vt 0.329877 0.504505 
vt 0.329877 0.464841 
vt 0.193561 0.556044 
vt 0.057245 0.583833 
vt 0.057245 0.556044 
vt 0.193561 0.583833 
vt 0.261719 0.636718 
vt 0.466193 0.602343 
vt 0.466193 0.636718 
vt 0.261719 0.602343 
vt 0.057245 0.544169 
vt 0.261719 0.504505 
vt 0.261719 0.544169 
vt 0.057245 0.504505 
vt 0.261719 0.504505 
vt 0.057245 0.464842 
vt 0.466193 0.605468 
vt 0.329877 0.652343 
vt 0.329877 0.605468 
vt 0.466193 0.652343 
vt 0.329877 0.579325 
vt 0.466193 0.605468 
vt 0.466193 0.558592 
vt 0.264159 0.610689 
vt 0.380654 0.640066 
vt 0.264159 0.640066 
vt 0.380654 0.610689 
vt 0.057245 0.705469 
vt 0.193561 0.636718 
vt 0.193561 0.705469 
vt 0.057245 0.636718 
vt 0.193774 0.524736 
vt 0.057245 0.556044 
vt 0.057245 0.524726 
vt 0.193561 0.556044 
vt 0.193561 0.702824 
vt 0.193561 0.742488 
vt 0.057245 0.702824 
vt 0.057245 0.742488 
vt 0.466193 0.504505 
vt 0.466193 0.544169 
vt 0.329877 0.504505 
vt 0.329877 0.544169 
vt 0.329877 0.504505 
vt 0.329877 0.464841 
vt 0.261719 0.705469 
vt 0.466193 0.671093 
vt 0.466193 0.705469 
vt 0.261719 0.671093 
vt 0.261719 0.671093 
vt 0.466193 0.636718 
vt 0.466193 0.671093 
vt 0.261719 0.636718 
vt 0.057245 0.739844 
vt 0.057245 0.705469 
vt 0.193561 0.739844 
vt 0.193561 0.705469 
vt 0.193561 0.819124 
vt 0.057245 0.792969 
vt 0.193561 0.792969 
vt 0.057245 0.839845 
vt 0.193561 0.663161 
vt 0.057245 0.702824 
vt 0.057245 0.663161 
vt 0.193561 0.702824 
vt 0.261719 0.602343 
vt 0.466193 0.567967 
vt 0.466193 0.602343 
vt 0.261719 0.567967 
vt 0.193561 0.583833 
vt 0.057245 0.544169 
vt 0.193561 0.544169 
vt 0.057245 0.583833 
vt 0.047943 0.60682 
vt 0.252418 0.533158 
vt 0.252418 0.60682 
vt 0.047943 0.533158 
vt 0.329877 0.636718 
vt 0.466193 0.567967 
vt 0.466193 0.636718 
vt 0.329877 0.567967 
vt 0.057245 0.646828 
vt 0.193561 0.616497 
vt 0.193561 0.646828 
vt 0.057245 0.616497 
vt 0.193561 0.567967 
vt 0.057245 0.602343 
vt 0.057245 0.567967 
vt 0.193561 0.602343 
vt 0.029398 0.577392 
vt 0.029398 0.532928 
vt 0.258618 0.577392 
vt 0.258618 0.532928 
vt 0.104346 0.473223 
vt 0.207194 0.395416 
vt 0.207194 0.473223 
vt 0.104346 0.395416 
vt 0.104346 0.317609 
vt 0.207194 0.395416 
vt 0.207194 0.317609 
vt 0.104346 0.317609 
vt 0.104346 0.239802 
vt 0.466193 0.511717 
vt 0.466193 0.558592 
vt 0.329877 0.511717 
vt 0.329877 0.558592 
vt 0.329877 0.511717 
vt 0.329877 0.464841 
vt 0.193561 0.742488 
vt 0.057245 0.782152 
vt 0.057245 0.742488 
vt 0.193561 0.782152 
vt 0.261719 0.567967 
vt 0.466193 0.533592 
vt 0.466193 0.567967 
vt 0.261719 0.533592 
vt 0.466193 0.767984 
vt 0.329877 0.839845 
vt 0.329877 0.767984 
vt 0.466193 0.839845 
vt 0.329877 0.767984 
vt 0.466193 0.699219 
vt 0.329877 0.699219 
vt 0.329877 0.652343 
vt 0.466193 0.699219 
vt 0.466193 0.652343 
vt 0.193561 0.504505 
vt 0.057245 0.524726 
vt 0.057245 0.504505 
vt 0.193774 0.524736 
vt 0.193561 0.504505 
vt 0.057245 0.464842 
vt 0.329877 0.583833 
vt 0.466193 0.623497 
vt 0.329877 0.623497 
vt 0.466193 0.583833 
vt 0.466193 0.538503 
vt 0.261719 0.612164 
vt 0.261719 0.538503 
vt 0.466193 0.612164 
vt 0.466193 0.538503 
vt 0.261719 0.464841 
vt 0.057245 0.839845 
vt 0.193561 0.767984 
vt 0.193561 0.839845 
vt 0.057245 0.767984 
vt 0.057245 0.663161 
vt 0.057245 0.623497 
vt 0.193561 0.663161 
vt 0.193561 0.623497 
vt 0.057245 0.623497 
vt 0.193561 0.583833 
vt 0.057245 0.583833 
vt 0.193561 0.737822 
vt 0.057245 0.768153 
vt 0.057245 0.737822 
vt 0.193561 0.768153 
vt 0.057245 0.707491 
vt 0.193561 0.737822 
vt 0.193561 0.707491 
vt 0.057245 0.535155 
vt 0.193561 0.511717 
vt 0.193561 0.535155 
vt 0.057245 0.511717 
vt 0.193561 0.511717 
vt 0.057245 0.464842 
vt 0.261719 0.533592 
vt 0.466193 0.499217 
vt 0.466193 0.533592 
vt 0.261719 0.499217 
vt 0.466193 0.499217 
vt 0.261719 0.464841 
vt 0.329877 0.544169 
vt 0.466193 0.583833 
vt 0.329877 0.583833 
vt 0.466193 0.544169 
vt 0.466193 0.663161 
vt 0.466193 0.702824 
vt 0.329877 0.663161 
vt 0.329877 0.702824 
vt 0.329877 0.702824 
vt 0.466193 0.742488 
vt 0.329877 0.742488 
vt 0.466193 0.702824 
vt 0.329877 0.702824 
vt 0.466193 0.663161 
vt 0.329877 0.663161 
vt 0.466193 0.511717 
vt 0.380684 0.505366 
vt 0.443287 0.444881 
vt 0.057245 0.612164 
vt 0.261719 0.685826 
vt 0.057245 0.685826 
vt 0.261719 0.612164 
vt 0.057245 0.558592 
vt 0.057245 0.511717 
vt 0.261719 0.558592 
vt 0.261719 0.511717 
vt 0.057245 0.511717 
vt 0.057245 0.464842 
vt 0.329877 0.652343 
vt 0.466193 0.652343 
vt 0.329877 0.699219 
vt 0.466193 0.746094 
vt 0.417285 0.650287 
vt 0.417285 0.732985 
vt 0.297039 0.650287 
vt 0.297039 0.732985 
vt 0.057245 0.567967 
vt 0.057245 0.533592 
vt 0.261719 0.567967 
vt 0.261719 0.533592 
vt 0.193561 0.533592 
vt 0.057245 0.567967 
vt 0.057245 0.533592 
vt 0.193561 0.567967 
vt 0.057245 0.605468 
vt 0.193561 0.652343 
vt 0.057245 0.652343 
vt 0.193561 0.605468 
vt 0.329877 0.774219 
vt 0.466193 0.739844 
vt 0.466193 0.774219 
vt 0.329877 0.739844 
vt 0.329877 0.558592 
vt 0.466193 0.605468 
vt 0.329877 0.605468 
vt 0.466193 0.558592 
vt 0.057245 0.86148 
vt 0.193561 0.811281 
vt 0.193561 0.86148 
vt 0.057245 0.811282 
vt 0.261719 0.774219 
vt 0.261719 0.739844 
vt 0.466193 0.774219 
vt 0.466193 0.739844 
vt 0.261719 0.739844 
vt 0.466193 0.705469 
vt 0.261719 0.705469 
vt 0.466193 0.511717 
vt 0.466193 0.558592 
vt 0.329877 0.511717 
vt 0.329877 0.558592 
vt 0.329877 0.511717 
vt 0.329877 0.464841 
vt 0.329877 0.583833 
vt 0.466193 0.583833 
vt 0.466193 0.623497 
vt 0.329877 0.623497 
vt 0.193561 0.565457 
vt 0.057245 0.605468 
vt 0.057245 0.565457 
vt 0.193561 0.605468 
vt 0.193561 0.623497 
vt 0.193561 0.663161 
vt 0.057245 0.623497 
vt 0.057245 0.663161 
vt 0.057245 0.583833 
vt 0.193561 0.583833 
vt 0.193561 0.623497 
vt 0.057245 0.623497 
vt 0.041743 0.594798 
vt 0.041743 0.65209 
vt 0.450691 0.65209 
vt 0.450691 0.594798 
vt 0.329877 0.663161 
vt 0.466193 0.623497 
vt 0.466193 0.663161 
vt 0.329877 0.623497 
vt 0.329877 0.583833 
vt 0.466193 0.623497 
vt 0.466193 0.583833 
vt 0.466193 0.544169 
vt 0.261719 0.583833 
vt 0.261719 0.544169 
vt 0.466193 0.583833 
vt 0.329877 0.623497 
vt 0.466193 0.663161 
vt 0.329877 0.663161 
vt 0.466193 0.623497 
vt 0.466193 0.579426 
vt 0.466193 0.636718 
vt 0.329877 0.579426 
vt 0.329877 0.636718 
vt 0.329877 0.579426 
vt 0.466193 0.522134 
vt 0.329877 0.522134 
vt 0.466193 0.522134 
vt 0.329877 0.464841 
vt 0.466193 0.782152 
vt 0.329877 0.821816 
vt 0.329877 0.782152 
vt 0.466193 0.821816 
vt 0.057245 0.579426 
vt 0.193561 0.522134 
vt 0.193561 0.579426 
vt 0.057245 0.522134 
vt 0.193561 0.522134 
vt 0.057245 0.464842 
vt 0.057245 0.558592 
vt 0.261719 0.605468 
vt 0.057245 0.605468 
vt 0.261719 0.558592 
vt 0.057245 0.702824 
vt 0.057245 0.663161 
vt 0.193561 0.702824 
vt 0.193561 0.663161 
vt 0.297039 0.732985 
vt 0.417285 0.732985 
vt 0.417285 0.774335 
vt 0.297039 0.774335 
vt 0.466193 0.544169 
vt 0.466193 0.583833 
vt 0.329877 0.544169 
vt 0.329877 0.583833 
vt 0.057245 0.808595 
vt 0.193561 0.774219 
vt 0.193561 0.808594 
vt 0.057245 0.774219 
vt 0.057245 0.739844 
vt 0.193561 0.774219 
vt 0.193561 0.739844 
vt 0.252418 0.60682 
vt 0.252418 0.533158 
vt 0.456892 0.60682 
vt 0.456892 0.533158 
vt 0.252418 0.533158 
vt 0.456892 0.459497 
vt 0.252418 0.459497 
vt 0.252418 0.385836 
vt 0.456892 0.459497 
vt 0.456892 0.385836 
vt 0.329877 0.583833 
vt 0.466193 0.544169 
vt 0.466193 0.583833 
vt 0.329877 0.544169 
vt 0.329877 0.504505 
vt 0.466193 0.544169 
vt 0.466193 0.504505 
vt 0.329877 0.504505 
vt 0.329877 0.464841 
vt 0.329877 0.671093 
vt 0.466193 0.636718 
vt 0.466193 0.671093 
vt 0.329877 0.636718 
vt 0.057245 0.623497 
vt 0.057245 0.583833 
vt 0.261719 0.623497 
vt 0.261719 0.583833 
vt 0.057245 0.583833 
vt 0.261719 0.544169 
vt 0.057245 0.544169 
vt 0.057245 0.567967 
vt 0.193561 0.533592 
vt 0.193561 0.567967 
vt 0.057245 0.533592 
vt 0.261719 0.602343 
vt 0.466193 0.567967 
vt 0.466193 0.602343 
vt 0.261719 0.567967 
vt 0.466193 0.767853 
vt 0.466193 0.821816 
vt 0.329877 0.767853 
vt 0.329877 0.821816 
vt 0.057245 0.782152 
vt 0.057245 0.742488 
vt 0.193561 0.782152 
vt 0.193561 0.742488 
vt 0.264159 0.640066 
vt 0.380654 0.669443 
vt 0.264159 0.669443 
vt 0.380654 0.640066 
vt 0.029398 0.621856 
vt 0.029398 0.577392 
vt 0.258618 0.621856 
vt 0.258618 0.577392 
vt 0.261719 0.605468 
vt 0.466193 0.558592 
vt 0.466193 0.605468 
vt 0.261719 0.558592 
vt 0.329877 0.533789 
vt 0.329877 0.486914 
vt 0.466193 0.533789 
vt 0.466193 0.486914 
vt 0.329877 0.486914 
vt 0.329877 0.440038 
vt 0.054144 0.56213 
vt 0.19046 0.522466 
vt 0.19046 0.56213 
vt 0.054144 0.522466 
vt 0.057245 0.69401 
vt 0.057245 0.636718 
vt 0.193561 0.69401 
vt 0.193561 0.636718 
vt 0.057245 0.636718 
vt 0.193561 0.579426 
vt 0.057245 0.579426 
vt 0.193561 0.702824 
vt 0.057245 0.742488 
vt 0.057245 0.702824 
vt 0.193561 0.742488 
vt 0.466193 0.839845 
vt 0.329877 0.88672 
vt 0.329877 0.839845 
vt 0.466193 0.88672 
vt 0.466193 0.839845 
vt 0.329877 0.792969 
vt 0.466193 0.792969 
vt 0.329877 0.533789 
vt 0.466193 0.580665 
vt 0.329877 0.580665 
vt 0.466193 0.533789 
vt 0.450691 0.422921 
vt 0.041743 0.480213 
vt 0.450691 0.480213 
vt 0.041743 0.422921 
vt 0.450691 0.422921 
vt 0.450691 0.365629 
vt 0.329877 0.567967 
vt 0.466193 0.533592 
vt 0.466193 0.567967 
vt 0.329877 0.533592 
vt 0.329877 0.499217 
vt 0.466193 0.533592 
vt 0.466193 0.499217 
vt 0.329877 0.499217 
vt 0.329877 0.464841 
vt 0.057245 0.579426 
vt 0.261719 0.636718 
vt 0.057245 0.636718 
vt 0.261719 0.579426 
vt 0.329877 0.671093 
vt 0.466193 0.636718 
vt 0.466193 0.671093 
vt 0.329877 0.636718 
vt 0.041743 0.594798 
vt 0.450691 0.594798 
vt 0.041743 0.537505 
vt 0.450691 0.537505 
vt 0.450691 0.480213 
vt 0.041743 0.537505 
vt 0.041743 0.480213 
vt 0.466193 0.792969 
vt 0.329877 0.839845 
vt 0.329877 0.792969 
vt 0.466193 0.839845 
vt 0.057245 0.652343 
vt 0.057245 0.605468 
vt 0.261719 0.652343 
vt 0.261719 0.605468 
vt 0.329877 0.759487 
vt 0.466193 0.685826 
vt 0.466193 0.759487 
vt 0.329877 0.685826 
vt 0.329877 0.612164 
vt 0.466193 0.685826 
vt 0.466193 0.612164 
vt 0.329877 0.612164 
vt 0.457675 0.559958 
vt 0.325699 0.559959 
vt 0.329877 0.558592 
vt 0.329877 0.511717 
vt 0.466193 0.558592 
vt 0.466193 0.511717 
vt 0.329877 0.511717 
vt 0.329877 0.464841 
vt 0.057245 0.739844 
vt 0.193561 0.705469 
vt 0.193561 0.739844 
vt 0.057245 0.705469 
vt 0.057245 0.839845 
vt 0.193561 0.839845 
vt 0.170491 0.887819 
vt 0.057245 0.88672 
vt 0.057245 0.533592 
vt 0.193561 0.499217 
vt 0.193561 0.533592 
vt 0.057245 0.499217 
vt 0.193561 0.499217 
vt 0.057245 0.464842 
vt 0.329877 0.808594 
vt 0.466193 0.774219 
vt 0.466193 0.808594 
vt 0.329877 0.774219 
vt 0.057245 0.821816 
vt 0.057245 0.782152 
vt 0.193561 0.821816 
vt 0.193561 0.782152 
vt 0.057245 0.759487 
vt 0.057245 0.685826 
vt 0.261719 0.759487 
vt 0.261719 0.685826 
vt 0.057245 0.623497 
vt 0.193561 0.663161 
vt 0.057245 0.663161 
vt 0.193561 0.623497 
vt 0.057245 0.623497 
vt 0.193561 0.583833 
vt 0.057245 0.583833 
vt 0.264159 0.69882 
vt 0.264159 0.669443 
vt 0.380654 0.69882 
vt 0.380654 0.669443 
vt 0.466193 0.605468 
vt 0.329877 0.652343 
vt 0.329877 0.605468 
vt 0.466193 0.652343 
vt 0.466193 0.605468 
vt 0.329877 0.558592 
vt 0.466193 0.558592 
vt 0.329877 0.511717 
vt 0.466193 0.558592 
vt 0.466193 0.511717 
vt 0.329877 0.511717 
vt 0.329877 0.464841 
vt 0.466193 0.558592 
vt 0.466193 0.605468 
vt 0.329877 0.558592 
vt 0.329877 0.605468 
vt 0.193561 0.623497 
vt 0.057245 0.583833 
vt 0.193561 0.583833 
vt 0.057245 0.623497 
vt 0.057245 0.583833 
vt 0.193561 0.544169 
vt 0.057245 0.544169 
vt 0.057245 0.504505 
vt 0.193561 0.544169 
vt 0.193561 0.504505 
vt 0.057245 0.504505 
vt 0.057245 0.464842 
vt 0.466193 0.746094 
vt 0.329877 0.721736 
vt 0.329877 0.699219 
vt 0.057245 0.565457 
vt 0.193561 0.535155 
vt 0.193561 0.565457 
vt 0.057245 0.535155 
vt 0.057245 0.933596 
vt 0.193561 0.980471 
vt 0.057245 0.980471 
vt 0.193561 0.933596 
vt 0.057245 0.933596 
vt 0.193561 0.88672 
vt 0.057245 0.88672 
vt 0.057245 0.839845 
vt 0.193561 0.88672 
vt 0.193561 0.839845 
vt 0.057245 0.839845 
vt 0.193561 0.779099 
vt 0.057245 0.779099 
vt 0.057245 0.652343 
vt 0.193561 0.699219 
vt 0.057245 0.699219 
vt 0.193561 0.652343 
vt 0.466193 0.605468 
vt 0.329877 0.605468 
vt 0.329877 0.558592 
vt 0.466193 0.558592 
vt 0.193561 0.751302 
vt 0.057245 0.808595 
vt 0.057245 0.751302 
vt 0.193561 0.808594 
vt 0.057245 0.798484 
vt 0.193561 0.768153 
vt 0.193561 0.798484 
vt 0.057245 0.768153 
vt 0.466193 0.652343 
vt 0.466193 0.699219 
vt 0.329877 0.652343 
vt 0.329877 0.699219 
vt 0.057245 0.663161 
vt 0.193561 0.702824 
vt 0.057245 0.702824 
vt 0.193561 0.663161 
vt 0.466193 0.702824 
vt 0.466193 0.782152 
vt 0.329877 0.702824 
vt 0.329877 0.782152 
vt 0.466193 0.663161 
vt 0.329877 0.702824 
vt 0.329877 0.663161 
vt 0.466193 0.702824 
vt 0.329877 0.623497 
vt 0.466193 0.663161 
vt 0.466193 0.623497 
vt 0.057245 0.583833 
vt 0.193561 0.544169 
vt 0.193561 0.583833 
vt 0.057245 0.544169 
vt 0.057245 0.544169 
vt 0.193561 0.504505 
vt 0.193561 0.544169 
vt 0.057245 0.504505 
vt 0.193561 0.504505 
vt 0.057245 0.464842 
vt 0.261719 0.69401 
vt 0.466193 0.636718 
vt 0.466193 0.69401 
vt 0.261719 0.636718 
vt 0.193561 0.586166 
vt 0.057245 0.616497 
vt 0.057245 0.586166 
vt 0.193561 0.616497 
vt 0.057245 0.699219 
vt 0.057245 0.652343 
vt 0.261719 0.699219 
vt 0.261719 0.652343 
vt 0.297039 0.774335 
vt 0.417285 0.774335 
vt 0.417285 0.815684 
vt 0.297039 0.815684 
vt 0.193561 0.742488 
vt 0.057245 0.782152 
vt 0.057245 0.742488 
vt 0.193561 0.782152 
vt 0.057245 0.702824 
vt 0.193561 0.742488 
vt 0.193561 0.702824 
vt 0.466193 0.821816 
vt 0.329877 0.86148 
vt 0.329877 0.821816 
vt 0.466193 0.86148 
vt 0.329877 0.544169 
vt 0.466193 0.544169 
vt 0.466193 0.583833 
vt 0.329877 0.583833 
vt 0.329877 0.504505 
vt 0.466193 0.544169 
vt 0.466193 0.504505 
vt 0.329877 0.504505 
vt 0.329877 0.464841 
vt 0.193561 0.782152 
vt 0.057245 0.821816 
vt 0.057245 0.782152 
vt 0.193561 0.821816 
vt 0.057245 0.623497 
vt 0.193561 0.663161 
vt 0.057245 0.663161 
vt 0.193561 0.623497 
vt 0.466193 0.583833 
vt 0.466193 0.623497 
vt 0.329877 0.583833 
vt 0.329877 0.623497 
vt 0.466193 0.612164 
vt 0.261719 0.685826 
vt 0.261719 0.612164 
vt 0.466193 0.685826 
vt 0.041743 0.65209 
vt 0.041743 0.709382 
vt 0.450691 0.709382 
vt 0.450691 0.65209 
vt 0.261719 0.623497 
vt 0.261719 0.663161 
vt 0.057245 0.623497 
vt 0.057245 0.663161 
vt 0.329877 0.663161 
vt 0.466193 0.702824 
vt 0.329877 0.702824 
vt 0.466193 0.663161 
vt 0.329877 0.705469 
vt 0.466193 0.671093 
vt 0.466193 0.705469 
vt 0.329877 0.671093 
vt 0.031169 0.640066 
vt 0.147664 0.610689 
vt 0.147664 0.640066 
vt 0.031169 0.610689 
vt 0.329877 0.821816 
vt 0.466193 0.821816 
vt 0.466193 0.86148 
vt 0.329877 0.86148 
vt 0.326776 0.56213 
vt 0.463093 0.601794 
vt 0.326776 0.601794 
vt 0.463093 0.56213 
vt 0.193561 0.605468 
vt 0.057245 0.699219 
vt 0.057245 0.605468 
vt 0.193561 0.699219 
vt 0.057245 0.605468 
vt 0.193561 0.558592 
vt 0.057245 0.558592 
vt 0.466193 0.792969 
vt 0.329877 0.746094 
vt 0.466193 0.746094 
vt 0.329877 0.771457 
vt 0.329877 0.721736 
vt 0.329877 0.746094 
vt 0.261719 0.808594 
vt 0.261719 0.774219 
vt 0.466193 0.808594 
vt 0.466193 0.774219 
vt 0.466193 0.583833 
vt 0.261719 0.623497 
vt 0.261719 0.583833 
vt 0.466193 0.623497 
vt 0.147664 0.581312 
vt 0.031169 0.610689 
vt 0.031169 0.581312 
vt 0.147664 0.610689 
vt 0.147664 0.581312 
vt 0.031169 0.551935 
vt 0.261719 0.567967 
vt 0.261719 0.602343 
vt 0.057245 0.567967 
vt 0.057245 0.602343 
vt 0.057245 0.602343 
vt 0.057245 0.567967 
vt 0.261719 0.602343 
vt 0.261719 0.567967 
vt 0.261719 0.699219 
vt 0.261719 0.652343 
vt 0.466193 0.699219 
vt 0.466193 0.652343 
vt 0.261719 0.652343 
vt 0.466193 0.605468 
vt 0.261719 0.605468 
vt 0.261719 0.833148 
vt 0.466193 0.759487 
vt 0.466193 0.833148 
vt 0.261719 0.759487 
vt 0.261719 0.759487 
vt 0.466193 0.685826 
vt 0.466193 0.759487 
vt 0.261719 0.685826 
vt 0.193561 0.699219 
vt 0.057245 0.746094 
vt 0.057245 0.699219 
vt 0.193561 0.746094 
vt 0.057245 0.699219 
vt 0.193561 0.652343 
vt 0.057245 0.652343 
vt 0.193561 0.544169 
vt 0.057245 0.583833 
vt 0.057245 0.544169 
vt 0.193561 0.583833 
vt 0.057245 0.636718 
vt 0.057245 0.602343 
vt 0.261719 0.636718 
vt 0.261719 0.602343 
vt 0.057245 0.782152 
vt 0.261719 0.742488 
vt 0.261719 0.782152 
vt 0.057245 0.742488 
vt 0.261719 0.702824 
vt 0.261719 0.742488 
vt 0.057245 0.702824 
vt 0.261719 0.702824 
vt 0.057245 0.663161 
vt 0.261719 0.663161 
vt 0.057245 0.663161 
vt 0.057245 0.623497 
vt 0.261719 0.663161 
vt 0.261719 0.623497 
vt 0.329877 0.504505 
vt 0.466193 0.544169 
vt 0.329877 0.544169 
vt 0.466193 0.504505 
vt 0.329877 0.504505 
vt 0.329877 0.464841 
vt 0.057245 0.746094 
vt 0.057245 0.699219 
vt 0.193561 0.746094 
vt 0.193561 0.699219 
vt 0.261719 0.567967 
vt 0.057245 0.533592 
vt 0.261719 0.533592 
vt 0.057245 0.567967 
vt 0.029398 0.710784 
vt 0.258618 0.66632 
vt 0.258618 0.710784 
vt 0.029398 0.66632 
vt 0.029398 0.621856 
vt 0.258618 0.66632 
vt 0.258618 0.621856 
vt 0.057245 0.699219 
vt 0.057245 0.652343 
vt 0.193561 0.699219 
vt 0.193561 0.652343 
vt 0.258618 0.66632 
vt 0.487839 0.621856 
vt 0.487839 0.66632 
vt 0.258618 0.621856 
vt 0.466193 0.782152 
vt 0.466193 0.821816 
vt 0.329877 0.782152 
vt 0.329877 0.821816 
vt 0.057245 0.839845 
vt 0.193561 0.88672 
vt 0.057245 0.88672 
vt 0.193561 0.839845 
vt 0.057245 0.746094 
vt 0.193561 0.792969 
vt 0.057245 0.792969 
vt 0.193561 0.746094 
vt 0.057245 0.746094 
vt 0.193561 0.699219 
vt 0.057245 0.699219 
vt 0.057245 0.746094 
vt 0.261719 0.699219 
vt 0.261719 0.746094 
vt 0.057245 0.699219 
vt 0.057245 0.652343 
vt 0.261719 0.699219 
vt 0.261719 0.652343 
vt 0.057245 0.671093 
vt 0.057245 0.636718 
vt 0.261719 0.671093 
vt 0.261719 0.636718 
vt 0.329877 0.751334 
vt 0.466193 0.705469 
vt 0.466193 0.751334 
vt 0.329877 0.705469 
vt 0.466193 0.605468 
vt 0.466193 0.652343 
vt 0.329877 0.605468 
vt 0.329877 0.652343 
vt 0.329877 0.705469 
vt 0.466193 0.671093 
vt 0.466193 0.705469 
vt 0.329877 0.671093 
vt 0.466193 0.504505 
vt 0.329877 0.544169 
vt 0.329877 0.504505 
vt 0.466193 0.544169 
vt 0.466193 0.504505 
vt 0.329877 0.464841 
vt 0.047943 0.385836 
vt 0.252418 0.312174 
vt 0.252418 0.385836 
vt 0.047943 0.312174 
vt 0.252418 0.312174 
vt 0.047943 0.238513 
vt 0.329877 0.746094 
vt 0.329877 0.652343 
vt 0.466193 0.746094 
vt 0.466193 0.652343 
vt 0.261719 0.751302 
vt 0.466193 0.808594 
vt 0.261719 0.808594 
vt 0.466193 0.751302 
vt 0.261719 0.751302 
vt 0.466193 0.69401 
vt 0.261719 0.69401 
vt 0.057245 0.671093 
vt 0.193561 0.671093 
vt 0.193561 0.705469 
vt 0.057245 0.705469 
vt 0.057245 0.671093 
vt 0.193561 0.636718 
vt 0.057245 0.636718 
vt 0.057245 0.636718 
vt 0.193561 0.567967 
vt 0.057245 0.567967 
vt 0.057245 0.792969 
vt 0.261719 0.746094 
vt 0.261719 0.792969 
vt 0.057245 0.746094 
vt 0.054144 0.601794 
vt 0.19046 0.56213 
vt 0.19046 0.601794 
vt 0.054144 0.56213 
vt 0.057245 0.702824 
vt 0.193561 0.663161 
vt 0.193561 0.702824 
vt 0.057245 0.663161 
vt 0.057245 0.742488 
vt 0.466193 0.702824 
vt 0.057245 0.702824 
vt 0.466193 0.742488 
vt 0.329877 0.605468 
vt 0.466193 0.652343 
vt 0.329877 0.652343 
vt 0.466193 0.605468 
vt 0.329877 0.674487 
vt 0.466193 0.652343 
vt 0.466193 0.782152 
vt 0.329877 0.742488 
vt 0.466193 0.742488 
vt 0.329877 0.782152 
vt 0.466193 0.84297 
vt 0.329877 0.877345 
vt 0.329877 0.84297 
vt 0.466193 0.877345 
vt 0.057245 0.663161 
vt 0.193561 0.702824 
vt 0.057245 0.702824 
vt 0.193561 0.663161 
vt 0.031169 0.669443 
vt 0.147664 0.640066 
vt 0.147664 0.669443 
vt 0.031169 0.640066 
vt 0.466193 0.652343 
vt 0.261719 0.699219 
vt 0.261719 0.652343 
vt 0.466193 0.699219 
vt 0.057245 0.792969 
vt 0.057245 0.746094 
vt 0.193561 0.792969 
vt 0.193561 0.746094 
vt 0.193561 0.739844 
vt 0.057245 0.774219 
vt 0.057245 0.739844 
vt 0.193561 0.774219 
vt 0.193561 0.652343 
vt 0.057245 0.652343 
vt 0.057245 0.605468 
vt 0.193561 0.605468 
vt 0.057245 0.605468 
vt 0.193561 0.558592 
vt 0.057245 0.558592 
vt 0.193561 0.69401 
vt 0.193561 0.751302 
vt 0.057245 0.69401 
vt 0.057245 0.751302 
vt 0.057245 0.558592 
vt 0.193561 0.511717 
vt 0.193561 0.558592 
vt 0.057245 0.511717 
vt 0.193561 0.511717 
vt 0.057245 0.464842 
vt 0.420539 0.513833 
vt 0.325699 0.559959 
vt 0.307486 0.513833 
vt 0.457675 0.559958 
vt 0.420539 0.513833 
vt 0.329877 0.464841 
vt 0.264159 0.757574 
vt 0.380654 0.728197 
vt 0.380654 0.757574 
vt 0.264159 0.728197 
vt 0.264159 0.69882 
vt 0.380654 0.728197 
vt 0.380654 0.69882 
vt 0.310043 0.473223 
vt 0.412891 0.395416 
vt 0.412891 0.473223 
vt 0.310043 0.395416 
vt 0.310043 0.317609 
vt 0.412891 0.395416 
vt 0.412891 0.317609 
vt 0.310043 0.317609 
vt 0.310043 0.239802 
vt 0.466193 0.933596 
vt 0.391396 0.935793 
vt 0.349651 0.883424 
vt 0.466193 0.88672 
vt 0.349651 0.883424 
vt 0.466193 0.839845 
vt 0.329877 0.839845 
vt 0.193561 0.742488 
vt 0.057245 0.782152 
vt 0.057245 0.742488 
vt 0.193561 0.782152 
vt 0.466193 0.877345 
vt 0.329877 0.91172 
vt 0.329877 0.877345 
vt 0.466193 0.91172 
vt 0.466193 0.86148 
vt 0.466193 0.901143 
vt 0.329877 0.86148 
vt 0.329877 0.901143 
vt 0.329877 0.86148 
vt 0.466193 0.811282 
vt 0.329877 0.811282 
vt 0.261719 0.579426 
vt 0.466193 0.522134 
vt 0.466193 0.579426 
vt 0.261719 0.522134 
vt 0.466193 0.522134 
vt 0.261719 0.464841 
vt 0.193561 0.533592 
vt 0.057245 0.567967 
vt 0.057245 0.533592 
vt 0.193561 0.567967 
vt 0.261719 0.808594 
vt 0.466193 0.84297 
vt 0.261719 0.84297 
vt 0.466193 0.808594 
vt 0.029398 0.755248 
vt 0.258618 0.710784 
vt 0.258618 0.755248 
vt 0.029398 0.710784 
vt 0.041743 0.881258 
vt 0.450691 0.823966 
vt 0.041743 0.823966 
vt 0.450691 0.766674 
vt 0.041743 0.823966 
vt 0.041743 0.766674 
vt 0.041743 0.709382 
vt 0.450691 0.766674 
vt 0.450691 0.709382 
vt 0.193561 0.62754 
vt 0.057245 0.674415 
vt 0.057245 0.62754 
vt 0.193561 0.674415 
vt 0.193561 0.580665 
vt 0.193561 0.62754 
vt 0.057245 0.580665 
vt 0.057245 0.88672 
vt 0.193561 0.839845 
vt 0.193561 0.88672 
vt 0.057245 0.839845 
vt 0.057245 0.88672 
vt 0.193561 0.910722 
vt 0.193561 0.839845 
vt 0.193561 0.819124 
vt 0.261719 0.746094 
vt 0.466193 0.792969 
vt 0.261719 0.792969 
vt 0.466193 0.746094 
vt 0.261719 0.746094 
vt 0.466193 0.699219 
vt 0.261719 0.699219 
vt 0.297039 0.815684 
vt 0.417285 0.815684 
vt 0.417285 0.857034 
vt 0.297039 0.857034 
vt 0.193561 0.798484 
vt 0.057245 0.828815 
vt 0.057245 0.798484 
vt 0.193561 0.828815 
vt 0.057245 0.742488 
vt 0.193561 0.702824 
vt 0.193561 0.742488 
vt 0.057245 0.702824 
vt 0.193561 0.652343 
vt 0.193561 0.699219 
vt 0.057245 0.652343 
vt 0.057245 0.699219 
vt 0.329877 0.674415 
vt 0.466193 0.62754 
vt 0.466193 0.674415 
vt 0.329877 0.62754 
vt 0.329877 0.580665 
vt 0.466193 0.62754 
vt 0.466193 0.580665 
vt 0.193561 0.623497 
vt 0.057245 0.663161 
vt 0.057245 0.623497 
vt 0.193561 0.663161 
vt 0.466193 0.533592 
vt 0.466193 0.567967 
vt 0.329877 0.533592 
vt 0.329877 0.567967 
vt 0.057245 0.623497 
vt 0.193561 0.583833 
vt 0.193561 0.623497 
vt 0.057245 0.583833 
vt 0.057245 0.702824 
vt 0.466193 0.663161 
vt 0.057245 0.663161 
vt 0.466193 0.702824 
vt 0.329877 0.605468 
vt 0.466193 0.652343 
vt 0.329877 0.652343 
vt 0.466193 0.605468 
vt 0.329877 0.84297 
vt 0.466193 0.808594 
vt 0.466193 0.84297 
vt 0.329877 0.808594 
vt 0.057245 0.685826 
vt 0.261719 0.759487 
vt 0.057245 0.759487 
vt 0.261719 0.685826 
vt 0.329877 0.792969 
vt 0.466193 0.839845 
vt 0.329877 0.839845 
vt 0.466193 0.792969 
vt 0.329877 0.771457 
vt 0.329877 0.792969 
vt 0.466193 0.980471 
vt 0.329877 0.940807 
vt 0.466193 0.940807 
vt 0.329877 0.940807 
vt 0.466193 0.901143 
vt 0.329877 0.901143 
vt 0.466193 0.86148 
vt 0.329877 0.901143 
vt 0.329877 0.86148 
vt 0.466193 0.901143 
vt 0.258618 0.755248 
vt 0.258618 0.710784 
vt 0.487839 0.755248 
vt 0.487839 0.710784 
vt 0.258618 0.710784 
vt 0.487839 0.66632 
vt 0.258618 0.66632 
vt 0.193561 0.605468 
vt 0.057245 0.652343 
vt 0.057245 0.605468 
vt 0.193561 0.652343 
vt 0.057245 0.583833 
vt 0.261719 0.583833 
vt 0.261719 0.623497 
vt 0.057245 0.623497 
vt 0.466193 0.579426 
vt 0.261719 0.636718 
vt 0.261719 0.579426 
vt 0.466193 0.636718 
vt 0.057245 0.663161 
vt 0.193561 0.702824 
vt 0.057245 0.702824 
vt 0.193561 0.663161 
vt 0.057245 0.742488 
vt 0.057245 0.702824 
vt 0.193561 0.742488 
vt 0.193561 0.702824 
vt 0.193561 0.699219 
vt 0.193561 0.746094 
vt 0.057245 0.699219 
vt 0.057245 0.746094 
vt 0.329877 0.544169 
vt 0.466193 0.504505 
vt 0.466193 0.544169 
vt 0.329877 0.504505 
vt 0.466193 0.504505 
vt 0.329877 0.464841 
vt 0.057245 0.839845 
vt 0.057245 0.792969 
vt 0.193561 0.839845 
vt 0.193561 0.792969 
vt 0.466193 0.746094 
vt 0.466193 0.792969 
vt 0.329877 0.746094 
vt 0.329877 0.792969 
vt 0.466193 0.699219 
vt 0.466193 0.746094 
vt 0.329877 0.699219 
vt 0.329877 0.746094 
vt 0.057245 0.605468 
vt 0.057245 0.558592 
vt 0.261719 0.605468 
vt 0.261719 0.558592 
vt 0.193561 0.672741 
vt 0.057245 0.742488 
vt 0.057245 0.669033 
vt 0.193561 0.742488 
vt 0.261719 0.759487 
vt 0.466193 0.685826 
vt 0.466193 0.759487 
vt 0.261719 0.685826 
vt 0.329877 0.702824 
vt 0.466193 0.663161 
vt 0.466193 0.702824 
vt 0.329877 0.663161 
vt 0.258618 0.874622 
vt 0.487839 0.844176 
vt 0.487839 0.874622 
vt 0.258618 0.844176 
vt 0.258618 0.799712 
vt 0.487839 0.844176 
vt 0.487839 0.799712 
vt 0.258618 0.799712 
vt 0.258618 0.755248 
vt 0.487839 0.799712 
vt 0.487839 0.755248 
vt 0.057245 0.839845 
vt 0.261719 0.792969 
vt 0.261719 0.839845 
vt 0.057245 0.792969 
vt 0.466193 0.91172 
vt 0.329877 0.946096 
vt 0.329877 0.91172 
vt 0.466193 0.946096 
vt 0.466193 0.980471 
vt 0.261719 0.90681 
vt 0.466193 0.90681 
vt 0.261719 0.833148 
vt 0.466193 0.90681 
vt 0.466193 0.833148 
vt 0.261719 0.833148 
vt 0.466193 0.759487 
vt 0.261719 0.759487 
vt 0.466193 0.605468 
vt 0.329877 0.652343 
vt 0.329877 0.605468 
vt 0.466193 0.652343 
vt 0.261719 0.739844 
vt 0.466193 0.705469 
vt 0.466193 0.739844 
vt 0.261719 0.705469 
vt 0.261719 0.671093 
vt 0.466193 0.705469 
vt 0.466193 0.671093 
vt 0.261719 0.636718 
vt 0.466193 0.671093 
vt 0.466193 0.636718 
vt 0.261719 0.636718 
vt 0.466193 0.602343 
vt 0.261719 0.602343 
vt 0.031169 0.69882 
vt 0.147664 0.669443 
vt 0.147664 0.69882 
vt 0.031169 0.669443 
vt 0.057245 0.705469 
vt 0.057245 0.671093 
vt 0.261719 0.705469 
vt 0.261719 0.671093 
vt 0.057245 0.636718 
vt 0.261719 0.69401 
vt 0.057245 0.69401 
vt 0.261719 0.636718 
vt 0.057245 0.746094 
vt 0.057245 0.699219 
vt 0.261719 0.746094 
vt 0.261719 0.699219 
vt 0.193561 0.746094 
vt 0.193561 0.792969 
vt 0.057245 0.746094 
vt 0.057245 0.792969 
vt 0.193561 0.605468 
vt 0.193561 0.652343 
vt 0.057245 0.605468 
vt 0.057245 0.652343 
vt 0.466193 0.605468 
vt 0.261719 0.652343 
vt 0.261719 0.605468 
vt 0.466193 0.652343 
vt 0.057245 0.821816 
vt 0.261719 0.782152 
vt 0.261719 0.821816 
vt 0.057245 0.782152 
vt 0.329877 0.699219 
vt 0.466193 0.699219 
vt 0.466193 0.746094 
vt 0.329877 0.746094 
vt 0.329877 0.699219 
vt 0.466193 0.652343 
vt 0.329877 0.652343 
vt 0.057245 0.499217 
vt 0.261719 0.533592 
vt 0.057245 0.533592 
vt 0.261719 0.499217 
vt 0.057245 0.499217 
vt 0.057245 0.464842 
vt 0.261719 0.605468 
vt 0.466193 0.558592 
vt 0.466193 0.605468 
vt 0.261719 0.558592 
vt 0.258618 0.621856 
vt 0.487839 0.577392 
vt 0.487839 0.621856 
vt 0.258618 0.577392 
vt 0.193561 0.782152 
vt 0.057245 0.821816 
vt 0.057245 0.782152 
vt 0.193561 0.821816 
vt 0.261719 0.652343 
vt 0.466193 0.605468 
vt 0.466193 0.652343 
vt 0.261719 0.605468 
vt 0.193561 0.583833 
vt 0.057245 0.623497 
vt 0.057245 0.583833 
vt 0.193561 0.623497 
vt 0.147664 0.757574 
vt 0.031169 0.757574 
vt 0.031169 0.728197 
vt 0.147664 0.728197 
vt 0.031169 0.728197 
vt 0.147664 0.69882 
vt 0.031169 0.69882 
vt 0.466193 0.612164 
vt 0.261719 0.685826 
vt 0.261719 0.612164 
vt 0.466193 0.685826 
vt 0.057245 0.652343 
vt 0.057245 0.605468 
vt 0.261719 0.652343 
vt 0.261719 0.605468 
vt 0.261719 0.839845 
vt 0.261719 0.792969 
vt 0.466193 0.839845 
vt 0.466193 0.792969 
vt 0.057245 0.558592 
vt 0.057245 0.511717 
vt 0.261719 0.558592 
vt 0.261719 0.511717 
vt 0.057245 0.511717 
vt 0.057245 0.464842 
vt 0.466193 0.808594 
vt 0.466193 0.84297 
vt 0.329877 0.808594 
vt 0.329877 0.84297 
vt 0.329877 0.808594 
vt 0.466193 0.751334 
vt 0.329877 0.751334 
vt 0.252418 0.754142 
vt 0.047943 0.680481 
vt 0.252418 0.680481 
vt 0.047943 0.680481 
vt 0.252418 0.60682 
vt 0.047943 0.60682 
vt 0.466193 0.980471 
vt 0.329877 0.940807 
vt 0.466193 0.940807 
vt 0.329877 0.940807 
vt 0.466193 0.901143 
vt 0.329877 0.901143 
vt 0.329877 0.86148 
vt 0.466193 0.901143 
vt 0.466193 0.86148 
vt 0.193561 0.623497 
vt 0.057245 0.663161 
vt 0.057245 0.623497 
vt 0.193561 0.663161 
vt 0.261719 0.699219 
vt 0.466193 0.652343 
vt 0.466193 0.699219 
vt 0.261719 0.652343 
vt 0.466193 0.533592 
vt 0.329877 0.567967 
vt 0.329877 0.533592 
vt 0.466193 0.567967 
vt 0.329877 0.499217 
vt 0.466193 0.533592 
vt 0.466193 0.499217 
vt 0.329877 0.499217 
vt 0.329877 0.464841 
vt 0.193561 0.751302 
vt 0.193561 0.808594 
vt 0.057245 0.751302 
vt 0.057245 0.808595 
vt 0.057245 0.702824 
vt 0.057245 0.663161 
vt 0.261719 0.702824 
vt 0.261719 0.663161 
vt 0.329877 0.583833 
vt 0.466193 0.544169 
vt 0.466193 0.583833 
vt 0.329877 0.544169 
vt 0.147664 0.786951 
vt 0.147664 0.816328 
vt 0.031169 0.786951 
vt 0.031169 0.816328 
vt 0.329877 0.499217 
vt 0.466193 0.533592 
vt 0.329877 0.533592 
vt 0.466193 0.499217 
vt 0.329877 0.499217 
vt 0.329877 0.464841 
vt 0.261719 0.558592 
vt 0.466193 0.511717 
vt 0.466193 0.558592 
vt 0.261719 0.511717 
vt 0.466193 0.511717 
vt 0.261719 0.464841 
vt 0.466193 0.746094 
vt 0.466193 0.792969 
vt 0.329877 0.746094 
vt 0.329877 0.792969 
vt 0.261719 0.84297 
vt 0.466193 0.877345 
vt 0.261719 0.877345 
vt 0.466193 0.84297 
vt 0.029398 0.799712 
vt 0.258618 0.755248 
vt 0.258618 0.799712 
vt 0.029398 0.755248 
vt 0.057245 0.699219 
vt 0.193561 0.699219 
vt 0.193561 0.746094 
vt 0.057245 0.746094 
vt 0.193561 0.504505 
vt 0.057245 0.544169 
vt 0.057245 0.504505 
vt 0.193561 0.544169 
vt 0.193561 0.504505 
vt 0.057245 0.464842 
vt 0.466193 0.746094 
vt 0.057245 0.792969 
vt 0.466193 0.792969 
vt 0.057245 0.746094 
vt 0.466193 0.699219 
vt 0.057245 0.746094 
vt 0.466193 0.746094 
vt 0.057245 0.699219 
vt 0.466193 0.699219 
vt 0.057245 0.652343 
vt 0.466193 0.652343 
vt 0.261719 0.746094 
vt 0.261719 0.699219 
vt 0.466193 0.746094 
vt 0.466193 0.699219 
vt 0.466193 0.768153 
vt 0.057245 0.798484 
vt 0.466193 0.798484 
vt 0.057245 0.768153 
vt 0.466193 0.768153 
vt 0.057245 0.737822 
vt 0.466193 0.737822 
vt 0.466193 0.742488 
vt 0.329877 0.702824 
vt 0.466193 0.702824 
vt 0.329877 0.742488 
vt 0.466193 0.702824 
vt 0.329877 0.742488 
vt 0.329877 0.702824 
vt 0.466193 0.742488 
vt 0.147664 0.816328 
vt 0.147664 0.845705 
vt 0.031169 0.816328 
vt 0.031169 0.845705 
vt 0.412891 0.628837 
vt 0.310043 0.55103 
vt 0.412891 0.55103 
vt 0.310043 0.55103 
vt 0.412891 0.473223 
vt 0.310043 0.473223 
vt 0.261719 0.792969 
vt 0.466193 0.746094 
vt 0.466193 0.792969 
vt 0.261719 0.746094 
vt 0.261719 0.746094 
vt 0.466193 0.699219 
vt 0.466193 0.746094 
vt 0.261719 0.699219 
vt 0.329877 0.86148 
vt 0.466193 0.86148 
vt 0.466193 0.901143 
vt 0.329877 0.901143 
vt 0.329877 0.782152 
vt 0.466193 0.733863 
vt 0.466193 0.782152 
vt 0.329877 0.733863 
vt 0.193561 0.652343 
vt 0.057245 0.699219 
vt 0.057245 0.652343 
vt 0.193561 0.699219 
vt 0.466193 0.623497 
vt 0.261719 0.663161 
vt 0.261719 0.623497 
vt 0.466193 0.663161 
vt 0.193561 0.663161 
vt 0.193561 0.702824 
vt 0.057245 0.663161 
vt 0.057245 0.702824 
vt 0.193561 0.702824 
vt 0.193561 0.723796 
vt 0.466193 0.652343 
vt 0.329877 0.699219 
vt 0.329877 0.652343 
vt 0.466193 0.699219 
vt 0.329877 0.702824 
vt 0.466193 0.702824 
vt 0.466193 0.742488 
vt 0.329877 0.742488 
vt 0.057245 0.605468 
vt 0.193561 0.558592 
vt 0.193561 0.605468 
vt 0.057245 0.558592 
vt 0.057245 0.544169 
vt 0.193561 0.504505 
vt 0.193561 0.544169 
vt 0.057245 0.504505 
vt 0.193561 0.504505 
vt 0.057245 0.464842 
vt 0.466193 0.705469 
vt 0.329877 0.739844 
vt 0.329877 0.705469 
vt 0.466193 0.739844 
vt 0.329877 0.605468 
vt 0.466193 0.558592 
vt 0.466193 0.605468 
vt 0.329877 0.558592 
vt 0.466193 0.707491 
vt 0.057245 0.707491 
vt 0.466193 0.737822 
vt 0.057245 0.737822 
vt 0.329877 0.782152 
vt 0.466193 0.821816 
vt 0.329877 0.821816 
vt 0.466193 0.782152 
vt 0.329877 0.833148 
vt 0.466193 0.759487 
vt 0.466193 0.833148 
vt 0.329877 0.759487 
vt 0.147664 0.786951 
vt 0.031169 0.786951 
vt 0.031169 0.757574 
vt 0.147664 0.757574 
vt 0.193561 0.792969 
vt 0.193561 0.839845 
vt 0.057245 0.792969 
vt 0.057245 0.839845 
vt 0.031169 0.875082 
vt 0.147664 0.904459 
vt 0.031169 0.904459 
vt 0.147664 0.875082 
vt 0.147664 0.875082 
vt 0.031169 0.875082 
vt 0.031169 0.845705 
vt 0.147664 0.845705 
vt 0.193561 0.742488 
vt 0.057245 0.782152 
vt 0.057245 0.742488 
vt 0.193561 0.782152 
vt 0.466193 0.605468 
vt 0.329877 0.652343 
vt 0.329877 0.605468 
vt 0.466193 0.652343 
vt 0.466193 0.567967 
vt 0.466193 0.602343 
vt 0.329877 0.567967 
vt 0.329877 0.602343 
vt 0.057245 0.792969 
vt 0.193561 0.839845 
vt 0.057245 0.839845 
vt 0.193561 0.792969 
vt 0.057245 0.792969 
vt 0.193561 0.746094 
vt 0.057245 0.746094 
vt 0.057245 0.699219 
vt 0.193561 0.746094 
vt 0.057245 0.746094 
vt 0.193561 0.699219 
vt 0.193561 0.980471 
vt 0.057245 0.940807 
vt 0.193561 0.940807 
vt 0.057245 0.901143 
vt 0.193561 0.940807 
vt 0.193561 0.901143 
vt 0.345257 0.892213 
vt 0.466193 0.839845 
vt 0.466193 0.88672 
vt 0.329877 0.839845 
vt 0.329877 0.877345 
vt 0.466193 0.84297 
vt 0.466193 0.877345 
vt 0.329877 0.84297 
vt 0.329877 0.808594 
vt 0.466193 0.84297 
vt 0.466193 0.808594 
vt 0.329877 0.808594 
vt 0.466193 0.774219 
vt 0.329877 0.774219 
vt 0.057245 0.746094 
vt 0.193561 0.699219 
vt 0.193561 0.746094 
vt 0.057245 0.699219 
vt 0.193561 0.86148 
vt 0.057245 0.901143 
vt 0.057245 0.86148 
vt 0.193561 0.901143 
vt 0.057245 0.821816 
vt 0.193561 0.86148 
vt 0.193561 0.821816 
vt 0.193561 0.623497 
vt 0.057245 0.663161 
vt 0.057245 0.623497 
vt 0.193561 0.663161 
vt 0.261719 0.88672 
vt 0.261719 0.839845 
vt 0.466193 0.88672 
vt 0.466193 0.839845 
vt 0.057245 0.495173 
vt 0.057245 0.525504 
vt 0.466193 0.525504 
vt 0.466193 0.495173 
vt 0.466193 0.464841 
vt 0.057245 0.495173 
vt 0.057245 0.782152 
vt 0.057245 0.742488 
vt 0.193561 0.782152 
vt 0.193561 0.742488 
vt 0.329877 0.663161 
vt 0.466193 0.623497 
vt 0.466193 0.663161 
vt 0.329877 0.623497 
vt 0.466193 0.663161 
vt 0.329877 0.733863 
vt 0.466193 0.733863 
vt 0.057245 0.652343 
vt 0.193561 0.699219 
vt 0.057245 0.699219 
vt 0.193561 0.652343 
vt 0.329877 0.699219 
vt 0.466193 0.699219 
vt 0.466193 0.746094 
vt 0.329877 0.746094 
vt 0.329877 0.699219 
vt 0.466193 0.652343 
vt 0.329877 0.652343 
vt 0.193561 0.774219 
vt 0.057245 0.808595 
vt 0.057245 0.774219 
vt 0.193561 0.808594 
vt 0.329877 0.623497 
vt 0.466193 0.583833 
vt 0.466193 0.623497 
vt 0.329877 0.583833 
vt 0.193561 0.828815 
vt 0.057245 0.859146 
vt 0.057245 0.828815 
vt 0.193561 0.859146 
vt 0.261719 0.808594 
vt 0.466193 0.865887 
vt 0.261719 0.865887 
vt 0.466193 0.808594 
vt 0.057245 0.839845 
vt 0.193561 0.88672 
vt 0.057245 0.88672 
vt 0.193561 0.839845 
vt 0.329877 0.721291 
vt 0.466193 0.674415 
vt 0.466193 0.721291 
vt 0.329877 0.674415 
vt 0.329877 0.742488 
vt 0.466193 0.782152 
vt 0.329877 0.782152 
vt 0.466193 0.742488 
vt 0.329877 0.742488 
vt 0.466193 0.702824 
vt 0.329877 0.702824 
vt 0.466193 0.652343 
vt 0.329877 0.699219 
vt 0.329877 0.652343 
vt 0.466193 0.699219 
vt 0.466193 0.652343 
vt 0.329877 0.605468 
vt 0.466193 0.605468 
vt 0.261719 0.605468 
vt 0.466193 0.558592 
vt 0.466193 0.605468 
vt 0.261719 0.558592 
vt 0.466193 0.792969 
vt 0.466193 0.839845 
vt 0.329877 0.792969 
vt 0.329877 0.839845 
vt 0.057245 0.702824 
vt 0.193561 0.742488 
vt 0.057245 0.742488 
vt 0.193561 0.702824 
vt 0.057245 0.663161 
vt 0.466193 0.623497 
vt 0.057245 0.623497 
vt 0.466193 0.663161 
vt 0.329877 0.583833 
vt 0.466193 0.583833 
vt 0.466193 0.623497 
vt 0.329877 0.623497 
vt 0.057245 0.746094 
vt 0.193561 0.746094 
vt 0.193561 0.792969 
vt 0.057245 0.792969 
vt 0.057245 0.623497 
vt 0.466193 0.583833 
vt 0.057245 0.583833 
vt 0.466193 0.623497 
vt 0.057245 0.544169 
vt 0.466193 0.583833 
vt 0.466193 0.544169 
vt 0.261719 0.774219 
vt 0.466193 0.739844 
vt 0.466193 0.774219 
vt 0.261719 0.739844 
vt 0.466193 0.699219 
vt 0.329877 0.746094 
vt 0.329877 0.699219 
vt 0.466193 0.746094 
vt 0.261719 0.558592 
vt 0.261719 0.605468 
vt 0.057245 0.558592 
vt 0.057245 0.605468 
vt 0.193561 0.808594 
vt 0.193561 0.865887 
vt 0.057245 0.808595 
vt 0.057245 0.865887 
vt 0.329877 0.774219 
vt 0.466193 0.739844 
vt 0.466193 0.774219 
vt 0.329877 0.739844 
vt 0.329877 0.821816 
vt 0.466193 0.782152 
vt 0.466193 0.821816 
vt 0.329877 0.782152 
vt 0.193561 0.499217 
vt 0.057245 0.533592 
vt 0.057245 0.499217 
vt 0.193561 0.533592 
vt 0.193561 0.499217 
vt 0.057245 0.464842 
vt 0.057245 0.605468 
vt 0.193561 0.558592 
vt 0.193561 0.605468 
vt 0.057245 0.558592 
vt 0.466193 0.652343 
vt 0.329877 0.699219 
vt 0.329877 0.652343 
vt 0.466193 0.699219 
vt 0.329877 0.742488 
vt 0.466193 0.742488 
vt 0.466193 0.782152 
vt 0.329877 0.782152 
vt 0.057245 0.901143 
vt 0.057245 0.86148 
vt 0.261719 0.901143 
vt 0.261719 0.86148 
vt 0.057245 0.86148 
vt 0.261719 0.821816 
vt 0.057245 0.821816 
vt 0.329877 0.699219 
vt 0.329877 0.674487 
vt 0.466193 0.699219 
vt 0.466193 0.652343 
vt 0.261719 0.792969 
vt 0.261719 0.746094 
vt 0.466193 0.792969 
vt 0.466193 0.746094 
vt 0.261719 0.605468 
vt 0.261719 0.652343 
vt 0.057245 0.605468 
vt 0.057245 0.652343 
vt 0.261719 0.544169 
vt 0.261719 0.583833 
vt 0.057245 0.544169 
vt 0.057245 0.583833 
vt 0.193561 0.504505 
vt 0.057245 0.544169 
vt 0.057245 0.504505 
vt 0.193561 0.544169 
vt 0.193561 0.504505 
vt 0.057245 0.464842 
vt 0.057245 0.84297 
vt 0.261719 0.808594 
vt 0.261719 0.84297 
vt 0.057245 0.808595 
vt 0.057245 0.808595 
vt 0.261719 0.774219 
vt 0.261719 0.808594 
vt 0.057245 0.774219 
vt 0.029398 0.844176 
vt 0.258618 0.799712 
vt 0.258618 0.844176 
vt 0.029398 0.799712 
vt 0.466193 0.699219 
vt 0.329877 0.746094 
vt 0.329877 0.699219 
vt 0.466193 0.746094 
vt 0.466193 0.605468 
vt 0.329877 0.652343 
vt 0.329877 0.605468 
vt 0.466193 0.652343 
vt 0.466193 0.565457 
vt 0.329877 0.565457 
vt 0.466193 0.605468 
vt 0.031169 0.904459 
vt 0.147664 0.933836 
vt 0.031169 0.933836 
vt 0.147664 0.904459 
vt 0.261719 0.839845 
vt 0.466193 0.792969 
vt 0.466193 0.839845 
vt 0.261719 0.792969 
vt 0.466193 0.538503 
vt 0.261719 0.612164 
vt 0.261719 0.538503 
vt 0.466193 0.612164 
vt 0.466193 0.538503 
vt 0.261719 0.464841 
vt 0.329877 0.723644 
vt 0.466193 0.779099 
vt 0.329877 0.779099 
vt 0.466193 0.723644 
vt 0.329877 0.723644 
vt 0.466193 0.652343 
vt 0.329877 0.652343 
vt 0.054144 0.641458 
vt 0.19046 0.601794 
vt 0.19046 0.641458 
vt 0.054144 0.601794 
vt 0.193561 0.663161 
vt 0.057245 0.702824 
vt 0.057245 0.663161 
vt 0.193561 0.702824 
vt 0.329877 0.699219 
vt 0.466193 0.746094 
vt 0.329877 0.746094 
vt 0.466193 0.699219 
vt 0.329877 0.699219 
vt 0.329877 0.652343 
vt 0.466193 0.652343 
vt 0.329877 0.652343 
vt 0.466193 0.605468 
vt 0.329877 0.605468 
vt 0.329877 0.663161 
vt 0.466193 0.663161 
vt 0.466193 0.702824 
vt 0.329877 0.702824 
vt 0.057245 0.677159 
vt 0.466193 0.707491 
vt 0.466193 0.677159 
vt 0.057245 0.707491 
vt 0.329877 0.663161 
vt 0.466193 0.623497 
vt 0.466193 0.663161 
vt 0.329877 0.623497 
vt 0.057245 0.88278 
vt 0.261719 0.839845 
vt 0.261719 0.88278 
vt 0.057245 0.839845 
vt 0.057245 0.742488 
vt 0.057245 0.702824 
vt 0.261719 0.742488 
vt 0.261719 0.702824 
vt 0.193561 0.702824 
vt 0.193561 0.767853 
vt 0.057245 0.702824 
vt 0.057245 0.767853 
vt 0.057245 0.702824 
vt 0.193561 0.663161 
vt 0.057245 0.663161 
vt 0.193561 0.674415 
vt 0.057245 0.721291 
vt 0.057245 0.674415 
vt 0.193561 0.721291 
vt 0.329877 0.605468 
vt 0.466193 0.558592 
vt 0.466193 0.605468 
vt 0.329877 0.558592 
vt 0.329877 0.511717 
vt 0.466193 0.558592 
vt 0.466193 0.511717 
vt 0.329877 0.511717 
vt 0.329877 0.464841 
vt 0.329877 0.702824 
vt 0.466193 0.663161 
vt 0.466193 0.702824 
vt 0.329877 0.663161 
vt 0.057245 0.605468 
vt 0.057245 0.652343 
vt 0.466193 0.652343 
vt 0.466193 0.605468 
vt 0.193561 0.623497 
vt 0.057245 0.669033 
vt 0.057245 0.623497 
vt 0.193561 0.672741 
vt 0.193561 0.652343 
vt 0.057245 0.605468 
vt 0.193561 0.605468 
vt 0.057245 0.652343 
vt 0.329877 0.746094 
vt 0.466193 0.746094 
vt 0.466193 0.792969 
vt 0.329877 0.792969 
vt 0.261719 0.91172 
vt 0.261719 0.877345 
vt 0.466193 0.91172 
vt 0.466193 0.877345 
vt 0.057245 0.746094 
vt 0.193561 0.699219 
vt 0.193561 0.746094 
vt 0.057245 0.699219 
vt 0.057245 0.901143 
vt 0.057245 0.86148 
vt 0.193561 0.901143 
vt 0.193561 0.86148 
vt 0.057245 0.782152 
vt 0.193561 0.821816 
vt 0.057245 0.821816 
vt 0.193561 0.782152 
vt 0.057245 0.782152 
vt 0.193561 0.742488 
vt 0.057245 0.742488 
vt 0.057245 0.742488 
vt 0.193561 0.742488 
vt 0.193561 0.782152 
vt 0.057245 0.782152 
vt 0.057245 0.742488 
vt 0.193561 0.723796 
vt 0.057245 0.702824 
vt 0.057245 0.636718 
vt 0.057245 0.602343 
vt 0.261719 0.636718 
vt 0.261719 0.602343 
vt 0.261719 0.980471 
vt 0.057245 0.90681 
vt 0.261719 0.90681 
vt 0.057245 0.90681 
vt 0.261719 0.833148 
vt 0.057245 0.833148 
vt 0.057245 0.759487 
vt 0.261719 0.833148 
vt 0.261719 0.759487 
vt 0.261719 0.511717 
vt 0.261719 0.558592 
vt 0.057245 0.511717 
vt 0.057245 0.558592 
vt 0.057245 0.511717 
vt 0.057245 0.464842 
vt 0.466193 0.808594 
vt 0.261719 0.84297 
vt 0.261719 0.808594 
vt 0.466193 0.84297 
vt 0.261719 0.808594 
vt 0.466193 0.774219 
vt 0.466193 0.808594 
vt 0.261719 0.774219 
vt 0.057245 0.86148 
vt 0.466193 0.821816 
vt 0.057245 0.821816 
vt 0.057245 0.782152 
vt 0.466193 0.821816 
vt 0.466193 0.782152 
vt 0.466193 0.742488 
vt 0.057245 0.782152 
vt 0.057245 0.742488 
vt 0.193561 0.721291 
vt 0.057245 0.768166 
vt 0.057245 0.721291 
vt 0.193561 0.768166 
vt 0.057245 0.739844 
vt 0.057245 0.705469 
vt 0.261719 0.739844 
vt 0.261719 0.705469 
vt 0.463093 0.522466 
vt 0.463093 0.56213 
vt 0.326776 0.522466 
vt 0.326776 0.56213 
vt 0.057245 0.702824 
vt 0.193561 0.663161 
vt 0.193561 0.702824 
vt 0.057245 0.663161 
vt 0.329877 0.768166 
vt 0.466193 0.721291 
vt 0.466193 0.768166 
vt 0.329877 0.721291 
vt 0.057245 0.702824 
vt 0.193561 0.742488 
vt 0.057245 0.742488 
vt 0.193561 0.702824 
vt 0.193561 0.782152 
vt 0.057245 0.821816 
vt 0.057245 0.782152 
vt 0.193561 0.821816 
vt 0.466193 0.980471 
vt 0.329877 0.940807 
vt 0.466193 0.940807 
vt 0.329877 0.940807 
vt 0.466193 0.901143 
vt 0.329877 0.901143 
vt 0.329877 0.86148 
vt 0.466193 0.901143 
vt 0.466193 0.86148 
vt 0.329877 0.86148 
vt 0.329877 0.821816 
vt 0.466193 0.821816 
vt 0.466193 0.821816 
vt 0.329877 0.782152 
vt 0.466193 0.782152 
vt 0.329877 0.821816 
vt 0.193561 0.839845 
vt 0.193561 0.88672 
vt 0.057245 0.839845 
vt 0.057245 0.88672 
vt 0.193561 0.901143 
vt 0.057245 0.940807 
vt 0.057245 0.901143 
vt 0.193561 0.940807 
vt 0.329877 0.699219 
vt 0.466193 0.699219 
vt 0.466193 0.746094 
vt 0.329877 0.746094 
vt 0.329877 0.699219 
vt 0.466193 0.652343 
vt 0.329877 0.652343 
vt 0.057245 0.746094 
vt 0.193561 0.699219 
vt 0.193561 0.746094 
vt 0.057245 0.699219 
vt 0.057245 0.652343 
vt 0.193561 0.699219 
vt 0.193561 0.652343 
vt 0.466193 0.980471 
vt 0.329877 0.933596 
vt 0.466193 0.933596 
vt 0.329877 0.88672 
vt 0.466193 0.933596 
vt 0.466193 0.88672 
vt 0.057245 0.821816 
vt 0.057245 0.782152 
vt 0.193561 0.821816 
vt 0.193561 0.782152 
vt 0.258618 0.577392 
vt 0.487839 0.532928 
vt 0.487839 0.577392 
vt 0.258618 0.532928 
vt 0.193561 0.980471 
vt 0.057245 0.923179 
vt 0.193561 0.923179 
vt 0.057245 0.865887 
vt 0.193561 0.923179 
vt 0.193561 0.865887 
vt 0.466193 0.636718 
vt 0.466193 0.69401 
vt 0.329877 0.636718 
vt 0.329877 0.69401 
vt 0.329877 0.782152 
vt 0.466193 0.782152 
vt 0.466193 0.821816 
vt 0.329877 0.821816 
vt 0.057245 0.792969 
vt 0.193561 0.839845 
vt 0.057245 0.839845 
vt 0.193561 0.792969 
vt 0.057245 0.792969 
vt 0.193561 0.746094 
vt 0.057245 0.746094 
vt 0.057245 0.699219 
vt 0.193561 0.652343 
vt 0.193561 0.699219 
vt 0.057245 0.652343 
vt 0.193561 0.980471 
vt 0.057245 0.90681 
vt 0.193561 0.90681 
vt 0.057245 0.90681 
vt 0.193561 0.833148 
vt 0.057245 0.833148 
vt 0.193561 0.833148 
vt 0.057245 0.759487 
vt 0.193561 0.759487 
vt 0.057245 0.759487 
vt 0.193561 0.685826 
vt 0.057245 0.685826 
vt 0.057245 0.685826 
vt 0.193561 0.612164 
vt 0.057245 0.612164 
vt 0.466193 0.742488 
vt 0.261719 0.782152 
vt 0.261719 0.742488 
vt 0.466193 0.782152 
vt 0.057245 0.663161 
vt 0.193561 0.623497 
vt 0.193561 0.663161 
vt 0.057245 0.623497 
vt 0.057245 0.558592 
vt 0.057245 0.605468 
vt 0.466193 0.605468 
vt 0.466193 0.558592 
vt 0.466193 0.511717 
vt 0.057245 0.558592 
vt 0.258618 0.910872 
vt 0.487839 0.874622 
vt 0.487838 0.910872 
vt 0.258618 0.874622 
vt 0.466193 0.782152 
vt 0.261719 0.821816 
vt 0.261719 0.782152 
vt 0.466193 0.821816 
vt 0.329877 0.652343 
vt 0.329877 0.605468 
vt 0.466193 0.652343 
vt 0.466193 0.605468 
vt 0.057245 0.792969 
vt 0.193561 0.792969 
vt 0.193561 0.839845 
vt 0.057245 0.839845 
vt 0.466193 0.702824 
vt 0.261719 0.742488 
vt 0.261719 0.702824 
vt 0.466193 0.742488 
vt 0.057245 0.652343 
vt 0.193561 0.605468 
vt 0.193561 0.652343 
vt 0.057245 0.605468 
vt 0.057245 0.759487 
vt 0.057245 0.685826 
vt 0.261719 0.759487 
vt 0.261719 0.685826 
vt 0.029398 0.874622 
vt 0.258618 0.844176 
vt 0.258618 0.874622 
vt 0.029398 0.844176 
vt 0.193561 0.583833 
vt 0.057245 0.623497 
vt 0.057245 0.583833 
vt 0.193561 0.623497 
vt 0.261719 0.702824 
vt 0.466193 0.663161 
vt 0.466193 0.702824 
vt 0.261719 0.663161 
vt 0.264159 0.786951 
vt 0.380654 0.757574 
vt 0.380654 0.786951 
vt 0.264159 0.757574 
vt 0.057245 0.663161 
vt 0.057245 0.623497 
vt 0.193561 0.663161 
vt 0.193561 0.623497 
vt 0.057245 0.623497 
vt 0.193561 0.583833 
vt 0.057245 0.583833 
vt 0.068132 0.784499 
vt 0.47708 0.710837 
vt 0.068132 0.710837 
vt 0.47708 0.710837 
vt 0.068132 0.637176 
vt 0.47708 0.637176 
vt 0.261719 0.685826 
vt 0.466193 0.612164 
vt 0.466193 0.685826 
vt 0.261719 0.612164 
vt 0.057245 0.792969 
vt 0.193561 0.839845 
vt 0.057245 0.839845 
vt 0.193561 0.792969 
vt 0.193561 0.839845 
vt 0.193561 0.863077 
vt 0.057245 0.792969 
vt 0.193561 0.746094 
vt 0.057245 0.746094 
vt 0.329877 0.88672 
vt 0.466193 0.839845 
vt 0.466193 0.88672 
vt 0.329877 0.839845 
vt 0.329877 0.900468 
vt 0.329877 0.88672 
vt 0.466193 0.839845 
vt 0.329877 0.792969 
vt 0.466193 0.792969 
vt 0.057245 0.980471 
vt 0.466193 0.933596 
vt 0.057245 0.933596 
vt 0.466193 0.88672 
vt 0.057245 0.933596 
vt 0.057245 0.88672 
vt 0.057245 0.839845 
vt 0.466193 0.88672 
vt 0.466193 0.839845 
vt 0.466193 0.792969 
vt 0.057245 0.839845 
vt 0.057245 0.792969 
vt 0.057245 0.774219 
vt 0.261719 0.739844 
vt 0.261719 0.774219 
vt 0.057245 0.739844 
vt 0.466193 0.839845 
vt 0.466193 0.88672 
vt 0.329877 0.839845 
vt 0.329877 0.88672 
vt 0.193561 0.768166 
vt 0.057245 0.815042 
vt 0.057245 0.768166 
vt 0.193561 0.815042 
vt 0.054144 0.681122 
vt 0.19046 0.641458 
vt 0.19046 0.681122 
vt 0.054144 0.641458 
vt 0.057245 0.652343 
vt 0.193561 0.699219 
vt 0.057245 0.699219 
vt 0.193561 0.652343 
vt 0.057245 0.583833 
vt 0.193561 0.544169 
vt 0.193561 0.583833 
vt 0.057245 0.544169 
vt 0.057245 0.792969 
vt 0.057245 0.746094 
vt 0.261719 0.792969 
vt 0.261719 0.746094 
vt 0.057245 0.833148 
vt 0.057245 0.759487 
vt 0.261719 0.833148 
vt 0.261719 0.759487 
vt 0.261719 0.86148 
vt 0.466193 0.821816 
vt 0.466193 0.86148 
vt 0.261719 0.821816 
vt 0.057245 0.839845 
vt 0.193561 0.88672 
vt 0.057245 0.88672 
vt 0.193561 0.839845 
vt 0.057245 0.839845 
vt 0.193561 0.792969 
vt 0.057245 0.792969 
vt 0.193561 0.746094 
vt 0.193561 0.792969 
vt 0.057245 0.746094 
vt 0.329877 0.782152 
vt 0.466193 0.821816 
vt 0.329877 0.821816 
vt 0.466193 0.782152 
vt 0.329877 0.782152 
vt 0.466193 0.742488 
vt 0.329877 0.742488 
vt 0.329877 0.742488 
vt 0.466193 0.702824 
vt 0.329877 0.702824 
vt 0.057245 0.877345 
vt 0.261719 0.84297 
vt 0.261719 0.877345 
vt 0.057245 0.84297 
vt 0.329877 0.86148 
vt 0.466193 0.821816 
vt 0.466193 0.86148 
vt 0.329877 0.821816 
vt 0.466193 0.821816 
vt 0.329877 0.782152 
vt 0.466193 0.782152 
vt 0.329877 0.782152 
vt 0.466193 0.742488 
vt 0.329877 0.742488 
vt 0.466193 0.707491 
vt 0.329877 0.737822 
vt 0.329877 0.707491 
vt 0.466193 0.737822 
vt 0.326776 0.879441 
vt 0.463093 0.839777 
vt 0.463093 0.879441 
vt 0.326776 0.839777 
vt 0.326776 0.800113 
vt 0.463093 0.839777 
vt 0.463093 0.800113 
vt 0.326776 0.800113 
vt 0.463093 0.760449 
vt 0.326776 0.760449 
vt 0.463093 0.720785 
vt 0.463093 0.760449 
vt 0.326776 0.720785 
vt 0.326776 0.681122 
vt 0.463093 0.720785 
vt 0.463093 0.681122 
vt 0.326776 0.641458 
vt 0.463093 0.641458 
vt 0.326776 0.681122 
vt 0.326776 0.601794 
vt 0.463093 0.641458 
vt 0.463093 0.601794 
vt 0.057245 0.889478 
vt 0.193561 0.919809 
vt 0.057245 0.919809 
vt 0.193561 0.889478 
vt 0.057245 0.889478 
vt 0.193561 0.859146 
vt 0.057245 0.859146 
vt 0.329877 0.839845 
vt 0.466193 0.88672 
vt 0.329877 0.88672 
vt 0.466193 0.839845 
vt 0.329877 0.779099 
vt 0.466193 0.839845 
vt 0.466193 0.779099 
vt 0.466193 0.742488 
vt 0.261719 0.742488 
vt 0.261719 0.702824 
vt 0.466193 0.702824 
vt 0.466193 0.663161 
vt 0.261719 0.663161 
vt 0.466193 0.792969 
vt 0.329877 0.839845 
vt 0.329877 0.792969 
vt 0.466193 0.839845 
vt 0.466193 0.792969 
vt 0.329877 0.746094 
vt 0.466193 0.746094 
vt 0.466193 0.742488 
vt 0.329877 0.782152 
vt 0.329877 0.742488 
vt 0.466193 0.782152 
vt 0.054144 0.720785 
vt 0.19046 0.681122 
vt 0.19046 0.720785 
vt 0.054144 0.681122 
vt 0.329877 0.742488 
vt 0.466193 0.702824 
vt 0.466193 0.742488 
vt 0.329877 0.702824 
vt 0.261719 0.612164 
vt 0.261719 0.685826 
vt 0.057245 0.612164 
vt 0.057245 0.685826 
vt 0.466193 0.88672 
vt 0.466193 0.914833 
vt 0.329877 0.88672 
vt 0.329877 0.914833 
vt 0.329877 0.88672 
vt 0.466193 0.839845 
vt 0.329877 0.839845 
vt 0.329877 0.792969 
vt 0.466193 0.839845 
vt 0.466193 0.792969 
vt 0.329877 0.746094 
vt 0.329877 0.792969 
vt 0.466193 0.746094 
vt 0.057245 0.86148 
vt 0.193561 0.821816 
vt 0.193561 0.86148 
vt 0.057245 0.821816 
vt 0.193561 0.821816 
vt 0.057245 0.782152 
vt 0.193561 0.782152 
vt 0.466193 0.86148 
vt 0.466193 0.901143 
vt 0.329877 0.86148 
vt 0.329877 0.901143 
vt 0.329877 0.86148 
vt 0.466193 0.821816 
vt 0.329877 0.821816 
vt 0.193561 0.980471 
vt 0.057245 0.933596 
vt 0.193561 0.933596 
vt 0.057245 0.88672 
vt 0.193561 0.933596 
vt 0.193561 0.88672 
vt 0.057245 0.88672 
vt 0.193561 0.839845 
vt 0.057245 0.839845 
vt 0.057245 0.612164 
vt 0.189178 0.559959 
vt 0.193561 0.612164 
vt 0.057245 0.559959 
vt 0.487839 0.444 
vt 0.258618 0.488464 
vt 0.258618 0.444 
vt 0.487839 0.488464 
vt 0.487839 0.444 
vt 0.258618 0.399536 
vt 0.417285 0.898383 
vt 0.297039 0.939732 
vt 0.297039 0.898383 
vt 0.417285 0.939732 
vt 0.417285 0.898383 
vt 0.297039 0.857034 
vt 0.417285 0.857034 
vt 0.193561 0.980471 
vt 0.057245 0.88672 
vt 0.193561 0.88672 
vt 0.057245 0.839845 
vt 0.193561 0.88672 
vt 0.193561 0.839845 
vt 0.057245 0.821816 
vt 0.261719 0.782152 
vt 0.261719 0.821816 
vt 0.057245 0.782152 
vt 0.057245 0.742488 
vt 0.261719 0.782152 
vt 0.261719 0.742488 
vt 0.261719 0.663161 
vt 0.466193 0.623497 
vt 0.466193 0.663161 
vt 0.261719 0.623497 
vt 0.329877 0.792969 
vt 0.466193 0.839845 
vt 0.329877 0.839845 
vt 0.466193 0.792969 
vt 0.329877 0.792969 
vt 0.466193 0.746094 
vt 0.329877 0.746094 
vt 0.057245 0.914129 
vt 0.057245 0.88672 
vt 0.193561 0.914129 
vt 0.193561 0.88672 
vt 0.329877 0.839845 
vt 0.466193 0.792969 
vt 0.466193 0.839845 
vt 0.329877 0.792969 
vt 0.466193 0.746094 
vt 0.329877 0.746094 
vt 0.466193 0.792969 
vt 0.329877 0.746094 
vt 0.466193 0.699219 
vt 0.329877 0.699219 
vt 0.466193 0.663161 
vt 0.329877 0.702824 
vt 0.329877 0.663161 
vt 0.466193 0.702824 
vt 0.329877 0.72013 
vt 0.329877 0.702824 
vt 0.466193 0.663161 
vt 0.329877 0.623497 
vt 0.466193 0.623497 
vt 0.057245 0.86148 
vt 0.193561 0.901143 
vt 0.057245 0.901143 
vt 0.193561 0.86148 
vt 0.057245 0.821816 
vt 0.193561 0.821816 
vt 0.057245 0.86148 
vt 0.057245 0.839845 
vt 0.193561 0.88672 
vt 0.057245 0.88672 
vt 0.193561 0.839845 
vt 0.057245 0.828815 
vt 0.466193 0.859146 
vt 0.466193 0.828815 
vt 0.057245 0.859146 
vt 0.466193 0.798484 
vt 0.057245 0.828815 
vt 0.057245 0.798484 
vt 0.057245 0.605468 
vt 0.193561 0.652343 
vt 0.057245 0.652343 
vt 0.193561 0.605468 
vt 0.057245 0.605468 
vt 0.193561 0.558592 
vt 0.057245 0.558592 
vt 0.329877 0.699219 
vt 0.466193 0.746094 
vt 0.329877 0.746094 
vt 0.466193 0.699219 
vt 0.329877 0.821816 
vt 0.466193 0.821816 
vt 0.466193 0.86148 
vt 0.329877 0.86148 
vt 0.057245 0.742488 
vt 0.193561 0.782152 
vt 0.057245 0.782152 
vt 0.193561 0.742488 
vt 0.466193 0.737822 
vt 0.329877 0.768153 
vt 0.329877 0.737822 
vt 0.466193 0.768153 
vt 0.329877 0.746094 
vt 0.466193 0.699219 
vt 0.466193 0.746094 
vt 0.329877 0.699219 
vt 0.329877 0.652343 
vt 0.466193 0.699219 
vt 0.466193 0.652343 
vt 0.329877 0.605468 
vt 0.466193 0.652343 
vt 0.329877 0.652343 
vt 0.466193 0.605468 
vt 0.466193 0.792969 
vt 0.466193 0.839845 
vt 0.261719 0.792969 
vt 0.261719 0.839845 
vt 0.057245 0.774219 
vt 0.057245 0.739844 
vt 0.261719 0.774219 
vt 0.261719 0.739844 
vt 0.329877 0.742488 
vt 0.466193 0.702824 
vt 0.466193 0.742488 
vt 0.329877 0.702824 
vt 0.207194 0.628837 
vt 0.104346 0.55103 
vt 0.207194 0.55103 
vt 0.104346 0.55103 
vt 0.207194 0.473223 
vt 0.104346 0.473223 
vt 0.057245 0.792969 
vt 0.057245 0.699219 
vt 0.193561 0.792969 
vt 0.193561 0.699219 
vt 0.258618 0.532928 
vt 0.487839 0.488464 
vt 0.487839 0.532928 
vt 0.258618 0.488464 
vt 0.329877 0.815042 
vt 0.466193 0.768166 
vt 0.466193 0.815042 
vt 0.329877 0.768166 
vt 0.261719 0.652343 
vt 0.261719 0.699219 
vt 0.057245 0.652343 
vt 0.057245 0.699219 
vt 0.466193 0.677159 
vt 0.329877 0.707491 
vt 0.329877 0.677159 
vt 0.466193 0.707491 
vt 0.193561 0.652343 
vt 0.057245 0.699219 
vt 0.057245 0.652343 
vt 0.193561 0.699219 
vt 0.057245 0.933596 
vt 0.170491 0.887819 
vt 0.119957 0.93799 
vt 0.057245 0.88672 
vt 0.466193 0.877345 
vt 0.329877 0.91172 
vt 0.329877 0.877345 
vt 0.466193 0.91172 
vt 0.466193 0.877345 
vt 0.329877 0.84297 
vt 0.466193 0.84297 
vt 0.466193 0.980471 
vt 0.261719 0.90681 
vt 0.466193 0.90681 
vt 0.261719 0.90681 
vt 0.466193 0.833148 
vt 0.261719 0.833148 
vt 0.057245 0.623497 
vt 0.193561 0.583833 
vt 0.193561 0.623497 
vt 0.057245 0.583833 
vt 0.057245 0.808595 
vt 0.057245 0.774219 
vt 0.261719 0.808594 
vt 0.261719 0.774219 
vt 0.329877 0.792969 
vt 0.466193 0.839845 
vt 0.329877 0.839845 
vt 0.466193 0.792969 
vt 0.466193 0.699219 
vt 0.329877 0.699219 
vt 0.329877 0.652343 
vt 0.466193 0.699219 
vt 0.466193 0.652343 
vt 0.193561 0.815042 
vt 0.057245 0.861917 
vt 0.057245 0.815042 
vt 0.193561 0.861917 
vt 0.329877 0.808594 
vt 0.466193 0.808594 
vt 0.466193 0.84297 
vt 0.329877 0.84297 
vt 0.329877 0.808594 
vt 0.329877 0.774219 
vt 0.466193 0.774219 
vt 0.329877 0.774219 
vt 0.466193 0.739844 
vt 0.329877 0.739844 
vt 0.057245 0.504505 
vt 0.261719 0.544169 
vt 0.057245 0.544169 
vt 0.261719 0.504505 
vt 0.057245 0.504505 
vt 0.057245 0.464842 
vt 0.057245 0.742488 
vt 0.193561 0.782152 
vt 0.057245 0.782152 
vt 0.193561 0.742488 
vt 0.329877 0.623497 
vt 0.466193 0.623497 
vt 0.466193 0.663161 
vt 0.329877 0.663161 
vt 0.057245 0.558592 
vt 0.193561 0.511717 
vt 0.193561 0.558592 
vt 0.057245 0.511717 
vt 0.193561 0.511717 
vt 0.057245 0.464842 
vt 0.466193 0.586166 
vt 0.057245 0.646828 
vt 0.466193 0.646828 
vt 0.057245 0.586166 
vt 0.057245 0.646828 
vt 0.466193 0.677159 
vt 0.057245 0.677159 
vt 0.466193 0.555835 
vt 0.057245 0.586166 
vt 0.057245 0.555835 
vt 0.466193 0.555835 
vt 0.057245 0.525504 
vt 0.466193 0.525504 
vt 0.466193 0.782152 
vt 0.466193 0.821816 
vt 0.261719 0.782152 
vt 0.261719 0.821816 
vt 0.329877 0.821816 
vt 0.466193 0.821816 
vt 0.466193 0.86148 
vt 0.329877 0.86148 
vt 0.057245 0.504505 
vt 0.057245 0.544169 
vt 0.466193 0.544169 
vt 0.466193 0.504505 
vt 0.466193 0.464841 
vt 0.057245 0.504505 
vt 0.329877 0.702824 
vt 0.466193 0.663161 
vt 0.466193 0.702824 
vt 0.329877 0.663161 
vt 0.329877 0.623497 
vt 0.466193 0.663161 
vt 0.466193 0.623497 
vt 0.193561 0.839845 
vt 0.057245 0.88672 
vt 0.057245 0.839845 
vt 0.193561 0.88672 
vt 0.057245 0.792969 
vt 0.193561 0.839845 
vt 0.193561 0.792969 
vt 0.466193 0.88672 
vt 0.329877 0.839845 
vt 0.466193 0.839845 
vt 0.329877 0.88672 
vt 0.329877 0.839845 
vt 0.466193 0.792969 
vt 0.329877 0.792969 
vt 0.329877 0.746094 
vt 0.466193 0.792969 
vt 0.466193 0.746094 
vt 0.193561 0.980471 
vt 0.057245 0.940807 
vt 0.193561 0.940807 
vt 0.057245 0.901143 
vt 0.193561 0.940807 
vt 0.193561 0.901143 
vt 0.057245 0.901143 
vt 0.193561 0.86148 
vt 0.057245 0.86148 
vt 0.057245 0.558592 
vt 0.193561 0.511717 
vt 0.193561 0.558592 
vt 0.057245 0.511717 
vt 0.193561 0.511717 
vt 0.057245 0.464842 
vt 0.466193 0.623497 
vt 0.329877 0.583833 
vt 0.466193 0.583833 
vt 0.329877 0.623497 
vt 0.329877 0.739844 
vt 0.466193 0.705469 
vt 0.466193 0.739844 
vt 0.329877 0.705469 
vt 0.466193 0.792969 
vt 0.329877 0.746094 
vt 0.466193 0.746094 
vt 0.329877 0.792969 
vt 0.193561 0.652343 
vt 0.057245 0.699219 
vt 0.057245 0.652343 
vt 0.193561 0.699219 
vt 0.193561 0.652343 
vt 0.057245 0.605468 
vt 0.193561 0.605468 
vt 0.057245 0.605468 
vt 0.193561 0.558592 
vt 0.057245 0.558592 
vt 0.329877 0.980471 
vt 0.466193 0.946096 
vt 0.466193 0.980471 
vt 0.329877 0.946096 
vt 0.466193 0.742488 
vt 0.466193 0.782152 
vt 0.261719 0.742488 
vt 0.261719 0.782152 
vt 0.329877 0.623497 
vt 0.466193 0.663161 
vt 0.329877 0.663161 
vt 0.466193 0.623497 
vt 0.329877 0.782152 
vt 0.466193 0.821816 
vt 0.329877 0.821816 
vt 0.466193 0.782152 
vt 0.329877 0.782152 
vt 0.466193 0.742488 
vt 0.329877 0.742488 
vt 0.057245 0.558592 
vt 0.193561 0.511717 
vt 0.193561 0.558592 
vt 0.057245 0.511717 
vt 0.193561 0.511717 
vt 0.057245 0.464842 
vt 0.466193 0.821816 
vt 0.329877 0.782152 
vt 0.466193 0.782152 
vt 0.329877 0.821816 
vt 0.329877 0.742488 
vt 0.466193 0.782152 
vt 0.466193 0.742488 
vt 0.466193 0.69401 
vt 0.466193 0.751302 
vt 0.329877 0.69401 
vt 0.329877 0.751302 
vt 0.261719 0.623497 
vt 0.466193 0.583833 
vt 0.466193 0.623497 
vt 0.261719 0.583833 
vt 0.193561 0.555835 
vt 0.057245 0.586166 
vt 0.057245 0.555835 
vt 0.193561 0.586166 
vt 0.057245 0.980471 
vt 0.193561 0.933596 
vt 0.193561 0.980471 
vt 0.057245 0.933596 
vt 0.057245 0.88672 
vt 0.193561 0.933596 
vt 0.193561 0.88672 
vt 0.329877 0.558592 
vt 0.466193 0.511717 
vt 0.466193 0.558592 
vt 0.329877 0.511717 
vt 0.466193 0.511717 
vt 0.329877 0.464841 
vt 0.054144 0.800113 
vt 0.054144 0.760449 
vt 0.19046 0.800113 
vt 0.19046 0.760449 
vt 0.054144 0.760449 
vt 0.19046 0.720785 
vt 0.054144 0.720785 
vt 0.057245 0.86148 
vt 0.193561 0.86148 
vt 0.193561 0.901143 
vt 0.057245 0.901143 
vt 0.057245 0.86148 
vt 0.193561 0.821816 
vt 0.057245 0.821816 
vt 0.329877 0.671093 
vt 0.466193 0.636718 
vt 0.466193 0.671093 
vt 0.329877 0.636718 
vt 0.329877 0.602343 
vt 0.466193 0.636718 
vt 0.466193 0.602343 
vt 0.329877 0.808594 
vt 0.466193 0.751302 
vt 0.466193 0.808594 
vt 0.329877 0.751302 
vt 0.329877 0.792969 
vt 0.466193 0.839845 
vt 0.329877 0.839845 
vt 0.466193 0.792969 
vt 0.329877 0.792969 
vt 0.466193 0.746094 
vt 0.329877 0.746094 
vt 0.193561 0.699219 
vt 0.057245 0.746094 
vt 0.057245 0.699219 
vt 0.193561 0.746094 
vt 0.329877 0.558592 
vt 0.466193 0.605468 
vt 0.329877 0.605468 
vt 0.466193 0.558592 
vt 0.193561 0.821816 
vt 0.057245 0.821816 
vt 0.057245 0.782152 
vt 0.193561 0.782152 
vt 0.057245 0.782152 
vt 0.193561 0.702824 
vt 0.057245 0.702824 
vt 0.193561 0.821816 
vt 0.193561 0.86148 
vt 0.057245 0.821816 
vt 0.057245 0.86148 
vt 0.057245 0.821816 
vt 0.193561 0.782152 
vt 0.057245 0.782152 
vt 0.466193 0.69401 
vt 0.329877 0.751302 
vt 0.329877 0.69401 
vt 0.466193 0.751302 
vt 0.329877 0.636718 
vt 0.466193 0.69401 
vt 0.466193 0.636718 
vt 0.329877 0.798484 
vt 0.466193 0.828815 
vt 0.329877 0.828815 
vt 0.466193 0.798484 
vt 0.329877 0.798484 
vt 0.466193 0.768153 
vt 0.329877 0.768153 
vt 0.376016 0.932497 
vt 0.466193 0.88672 
vt 0.466193 0.933596 
vt 0.345257 0.892213 
vt 0.466193 0.980471 
vt 0.261719 0.940807 
vt 0.466193 0.940807 
vt 0.261719 0.901143 
vt 0.466193 0.940807 
vt 0.466193 0.901143 
vt 0.261719 0.901143 
vt 0.466193 0.86148 
vt 0.261719 0.86148 
vt 0.329877 0.839845 
vt 0.466193 0.88672 
vt 0.329877 0.88672 
vt 0.466193 0.839845 
vt 0.329877 0.544169 
vt 0.466193 0.583833 
vt 0.329877 0.583833 
vt 0.466193 0.544169 
vt 0.264159 0.816328 
vt 0.380654 0.786951 
vt 0.380654 0.816328 
vt 0.264159 0.786951 
vt 0.466193 0.815042 
vt 0.329877 0.861917 
vt 0.329877 0.815042 
vt 0.466193 0.861917 
vt 0.057245 0.839845 
vt 0.193561 0.839845 
vt 0.193561 0.88672 
vt 0.057245 0.88672 
vt 0.329877 0.504505 
vt 0.466193 0.524726 
vt 0.329656 0.524715 
vt 0.466193 0.504505 
vt 0.329877 0.504505 
vt 0.329877 0.464841 
vt 0.466193 0.86148 
vt 0.261719 0.901143 
vt 0.261719 0.86148 
vt 0.466193 0.901143 
vt 0.261719 0.821816 
vt 0.466193 0.86148 
vt 0.466193 0.821816 
vt 0.417285 0.608937 
vt 0.417285 0.650287 
vt 0.297039 0.608937 
vt 0.297039 0.650287 
vt 0.261719 0.612164 
vt 0.466193 0.538503 
vt 0.466193 0.612164 
vt 0.261719 0.538503 
vt 0.466193 0.538503 
vt 0.261719 0.464841 
vt 0.466193 0.86148 
vt 0.329877 0.901143 
vt 0.329877 0.86148 
vt 0.466193 0.901143 
vt 0.466193 0.86148 
vt 0.329877 0.821816 
vt 0.466193 0.821816 
vt 0.329877 0.839845 
vt 0.466193 0.88672 
vt 0.329877 0.88672 
vt 0.466193 0.839845 
vt 0.057245 0.705469 
vt 0.193561 0.705469 
vt 0.193561 0.739844 
vt 0.057245 0.739844 
vt 0.466193 0.940807 
vt 0.329877 0.980471 
vt 0.329877 0.940807 
vt 0.466193 0.980471 
vt 0.466193 0.940807 
vt 0.329877 0.901143 
vt 0.466193 0.901143 
vt 0.466193 0.636718 
vt 0.329877 0.579426 
vt 0.466193 0.579426 
vt 0.329877 0.636718 
vt 0.261719 0.877345 
vt 0.057245 0.91172 
vt 0.057245 0.877345 
vt 0.261719 0.91172 
vt 0.057245 0.739844 
vt 0.261719 0.705469 
vt 0.261719 0.739844 
vt 0.057245 0.705469 
vt 0.057245 0.559959 
vt 0.170072 0.513833 
vt 0.189178 0.559959 
vt 0.057245 0.513833 
vt 0.057245 0.464842 
vt 0.057245 0.915206 
vt 0.261719 0.88278 
vt 0.261719 0.915206 
vt 0.057245 0.88278 
vt 0.057245 0.558592 
vt 0.193561 0.558592 
vt 0.193561 0.605468 
vt 0.057245 0.605468 
vt 0.466193 0.914833 
vt 0.466193 0.942541 
vt 0.329877 0.914833 
vt 0.329877 0.942541 
vt 0.466193 0.821816 
vt 0.329877 0.782152 
vt 0.466193 0.782152 
vt 0.329877 0.821816 
vt 0.329877 0.782152 
vt 0.466193 0.742488 
vt 0.329877 0.742488 
vt 0.261719 0.821816 
vt 0.057245 0.86148 
vt 0.057245 0.821816 
vt 0.261719 0.86148 
vt 0.466193 0.980471 
vt 0.261719 0.946096 
vt 0.466193 0.946096 
vt 0.261719 0.946096 
vt 0.466193 0.91172 
vt 0.261719 0.91172 
vt 0.261719 0.877345 
vt 0.466193 0.91172 
vt 0.466193 0.877345 
vt 0.261719 0.877345 
vt 0.466193 0.84297 
vt 0.261719 0.84297 
vt 0.193561 0.86148 
vt 0.057245 0.86148 
vt 0.057245 0.821816 
vt 0.193561 0.821816 
vt 0.466193 0.88672 
vt 0.466193 0.913916 
vt 0.329877 0.900468 
vt 0.329877 0.913916 
vt 0.193561 0.980471 
vt 0.057245 0.946096 
vt 0.193561 0.946096 
vt 0.057245 0.946096 
vt 0.193561 0.91172 
vt 0.057245 0.91172 
vt 0.057245 0.877345 
vt 0.193561 0.91172 
vt 0.193561 0.877345 
vt 0.057245 0.877345 
vt 0.193561 0.84297 
vt 0.057245 0.84297 
vt 0.193561 0.808594 
vt 0.057245 0.808595 
vt 0.193561 0.84297 
vt 0.057245 0.839845 
vt 0.057245 0.792969 
vt 0.193561 0.839845 
vt 0.193561 0.792969 
vt 0.057245 0.652343 
vt 0.193561 0.605468 
vt 0.193561 0.652343 
vt 0.057245 0.605468 
vt 0.057245 0.88672 
vt 0.261719 0.839845 
vt 0.261719 0.88672 
vt 0.057245 0.839845 
vt 0.057245 0.792969 
vt 0.261719 0.839845 
vt 0.261719 0.792969 
vt 0.329877 0.88672 
vt 0.466193 0.839845 
vt 0.466193 0.88672 
vt 0.329877 0.839845 
vt 0.466193 0.980471 
vt 0.329877 0.933596 
vt 0.466193 0.933596 
vt 0.466193 0.933596 
vt 0.329877 0.88672 
vt 0.466193 0.88672 
vt 0.466193 0.980471 
vt 0.261719 0.933596 
vt 0.466193 0.933596 
vt 0.261719 0.88672 
vt 0.466193 0.933596 
vt 0.466193 0.88672 
vt 0.057245 0.88672 
vt 0.193561 0.914833 
vt 0.057245 0.914833 
vt 0.193561 0.88672 
vt 0.057245 0.839845 
vt 0.193561 0.88672 
vt 0.193561 0.839845 
vt 0.057245 0.808595 
vt 0.261719 0.751302 
vt 0.261719 0.808594 
vt 0.057245 0.751302 
vt 0.057245 0.69401 
vt 0.261719 0.751302 
vt 0.261719 0.69401 
vt 0.193561 0.544169 
vt 0.193561 0.583833 
vt 0.057245 0.544169 
vt 0.057245 0.583833 
vt 0.057245 0.544169 
vt 0.193561 0.504505 
vt 0.057245 0.504505 
vt 0.193561 0.504505 
vt 0.057245 0.464842 
vt 0.057245 0.86148 
vt 0.193561 0.901143 
vt 0.057245 0.901143 
vt 0.193561 0.86148 
vt 0.057245 0.821816 
vt 0.193561 0.821816 
vt 0.057245 0.86148 
vt 0.466193 0.86148 
vt 0.329877 0.821816 
vt 0.466193 0.821816 
vt 0.329877 0.86148 
vt 0.466193 0.669033 
vt 0.329877 0.742488 
vt 0.329877 0.663161 
vt 0.466193 0.742488 
vt 0.466193 0.980471 
vt 0.395801 0.956265 
vt 0.466193 0.933596 
vt 0.057245 0.583833 
vt 0.193561 0.544169 
vt 0.193561 0.583833 
vt 0.057245 0.544169 
vt 0.193561 0.980471 
vt 0.057245 0.933596 
vt 0.193561 0.933596 
vt 0.057245 0.933596 
vt 0.193561 0.910722 
vt 0.057245 0.88672 
vt 0.057245 0.605468 
vt 0.193561 0.652343 
vt 0.057245 0.652343 
vt 0.193561 0.605468 
vt 0.329877 0.88672 
vt 0.466193 0.933596 
vt 0.329877 0.933596 
vt 0.466193 0.88672 
vt 0.395801 0.956265 
vt 0.466193 0.933596 
vt 0.466193 0.980471 
vt 0.261719 0.923179 
vt 0.466193 0.923179 
vt 0.261719 0.865887 
vt 0.466193 0.865887 
vt 0.057245 0.86148 
vt 0.193561 0.901143 
vt 0.057245 0.901143 
vt 0.193561 0.86148 
vt 0.057245 0.86148 
vt 0.193561 0.821816 
vt 0.057245 0.821816 
vt 0.466193 0.839845 
vt 0.329877 0.88672 
vt 0.329877 0.839845 
vt 0.466193 0.88672 
vt 0.329877 0.980471 
vt 0.329877 0.942541 
vt 0.466193 0.980471 
vt 0.466193 0.942541 
vt 0.193561 0.746094 
vt 0.193561 0.792969 
vt 0.057245 0.746094 
vt 0.057245 0.792969 
vt 0.057245 0.746094 
vt 0.193561 0.652343 
vt 0.057245 0.652343 
vt 0.057245 0.739844 
vt 0.193561 0.739844 
vt 0.193561 0.774219 
vt 0.057245 0.774219 
vt 0.258618 0.874622 
vt 0.029398 0.910872 
vt 0.029398 0.874622 
vt 0.258618 0.910872 
vt 0.261719 0.583833 
vt 0.466193 0.544169 
vt 0.466193 0.583833 
vt 0.261719 0.544169 
vt 0.261719 0.504505 
vt 0.466193 0.544169 
vt 0.466193 0.504505 
vt 0.261719 0.504505 
vt 0.261719 0.464841 
vt 0.466193 0.751302 
vt 0.466193 0.808594 
vt 0.329877 0.751302 
vt 0.329877 0.808594 
vt 0.193561 0.955668 
vt 0.057245 0.908792 
vt 0.193561 0.908792 
vt 0.057245 0.908792 
vt 0.193561 0.861917 
vt 0.057245 0.861917 
vt 0.466193 0.746094 
vt 0.329877 0.792969 
vt 0.329877 0.746094 
vt 0.466193 0.792969 
vt 0.057245 0.901143 
vt 0.057245 0.86148 
vt 0.193561 0.901143 
vt 0.193561 0.86148 
vt 0.057245 0.86148 
vt 0.193561 0.821816 
vt 0.057245 0.821816 
vt 0.057245 0.88672 
vt 0.193561 0.933596 
vt 0.057245 0.933596 
vt 0.193561 0.88672 
vt 0.057245 0.88672 
vt 0.193561 0.839845 
vt 0.057245 0.839845 
vt 0.057245 0.839845 
vt 0.193561 0.792969 
vt 0.057245 0.792969 
vt 0.057245 0.746094 
vt 0.193561 0.792969 
vt 0.193561 0.746094 
vt 0.329877 0.84297 
vt 0.466193 0.84297 
vt 0.466193 0.877345 
vt 0.329877 0.877345 
vt 0.329877 0.705469 
vt 0.466193 0.671093 
vt 0.466193 0.705469 
vt 0.329877 0.671093 
vt 0.057245 0.821816 
vt 0.057245 0.782152 
vt 0.193561 0.821816 
vt 0.193561 0.782152 
vt 0.261719 0.980471 
vt 0.057245 0.90681 
vt 0.261719 0.90681 
vt 0.057245 0.90681 
vt 0.261719 0.833148 
vt 0.057245 0.833148 
vt 0.057245 0.759487 
vt 0.261719 0.833148 
vt 0.261719 0.759487 
vt 0.098821 0.562182 
vt 0.44449 0.513755 
vt 0.098821 0.513755 
vt 0.44449 0.562182 
vt 0.193561 0.821816 
vt 0.057245 0.86148 
vt 0.057245 0.821816 
vt 0.193561 0.86148 
vt 0.057245 0.782152 
vt 0.193561 0.821816 
vt 0.193561 0.782152 
vt 0.466193 0.808594 
vt 0.466193 0.865887 
vt 0.329877 0.808594 
vt 0.329877 0.865887 
vt 0.057245 0.88672 
vt 0.057245 0.839845 
vt 0.193561 0.88672 
vt 0.193561 0.839845 
vt 0.466193 0.86148 
vt 0.329877 0.901143 
vt 0.329877 0.86148 
vt 0.466193 0.901143 
vt 0.329877 0.821816 
vt 0.466193 0.86148 
vt 0.466193 0.821816 
vt 0.466193 0.980471 
vt 0.261719 0.946096 
vt 0.466193 0.946096 
vt 0.261719 0.91172 
vt 0.466193 0.946096 
vt 0.466193 0.91172 
vt 0.463093 0.482803 
vt 0.463093 0.522466 
vt 0.326776 0.482803 
vt 0.326776 0.522466 
vt 0.326776 0.482803 
vt 0.326776 0.443139 
vt 0.466193 0.839845 
vt 0.329877 0.88672 
vt 0.329877 0.839845 
vt 0.466193 0.88672 
vt 0.329877 0.792969 
vt 0.466193 0.839845 
vt 0.466193 0.792969 
vt 0.466193 0.980471 
vt 0.261719 0.933596 
vt 0.466193 0.933596 
vt 0.466193 0.933596 
vt 0.261719 0.88672 
vt 0.466193 0.88672 
vt 0.261719 0.88672 
vt 0.466193 0.839845 
vt 0.261719 0.839845 
vt 0.466193 0.742488 
vt 0.329877 0.782152 
vt 0.329877 0.742488 
vt 0.466193 0.782152 
vt 0.466193 0.742488 
vt 0.329877 0.72013 
vt 0.466193 0.702824 
vt 0.193561 0.980471 
vt 0.057245 0.933596 
vt 0.193561 0.933596 
vt 0.057245 0.88672 
vt 0.193561 0.933596 
vt 0.193561 0.88672 
vt 0.068132 0.563515 
vt 0.47708 0.637176 
vt 0.47708 0.563515 
vt 0.068132 0.637176 
vt 0.261719 0.86148 
vt 0.057245 0.901143 
vt 0.057245 0.86148 
vt 0.261719 0.901143 
vt 0.329877 0.511717 
vt 0.193561 0.464841 
vt 0.193561 0.511717 
vt 0.193561 0.511717 
vt 0.329877 0.558592 
vt 0.193561 0.558592 
vt 0.193561 0.605468 
vt 0.329877 0.558592 
vt 0.329877 0.605468 
vt 0.193561 0.504505 
vt 0.057245 0.544169 
vt 0.057245 0.504505 
vt 0.193561 0.544169 
vt 0.193561 0.504505 
vt 0.057245 0.464842 
vt 0.466193 0.839845 
vt 0.329877 0.88672 
vt 0.329877 0.839845 
vt 0.466193 0.88672 
vt 0.057245 0.792969 
vt 0.057245 0.746094 
vt 0.193561 0.792969 
vt 0.193561 0.746094 
vt 0.057245 0.746094 
vt 0.193561 0.699219 
vt 0.057245 0.699219 
vt 0.057245 0.652343 
vt 0.193561 0.699219 
vt 0.057245 0.699219 
vt 0.193561 0.652343 
vt 0.057245 0.652343 
vt 0.193561 0.605468 
vt 0.057245 0.605468 
vt 0.057245 0.705469 
vt 0.261719 0.671093 
vt 0.261719 0.705469 
vt 0.057245 0.671093 
vt 0.057245 0.636718 
vt 0.261719 0.671093 
vt 0.261719 0.636718 
vt 0.193561 0.980471 
vt 0.057245 0.933596 
vt 0.193561 0.933596 
vt 0.057245 0.88672 
vt 0.193561 0.933596 
vt 0.193561 0.88672 
vt 0.466193 0.646828 
vt 0.329877 0.677159 
vt 0.329877 0.646828 
vt 0.466193 0.677159 
vt 0.329877 0.821816 
vt 0.466193 0.821816 
vt 0.466193 0.86148 
vt 0.329877 0.86148 
vt 0.466193 0.88672 
vt 0.329877 0.933596 
vt 0.329877 0.88672 
vt 0.466193 0.933596 
vt 0.193561 0.980471 
vt 0.077513 0.940566 
vt 0.20355 0.940565 
vt 0.057245 0.914129 
vt 0.20355 0.940565 
vt 0.193561 0.914129 
vt 0.057245 0.88672 
vt 0.193561 0.88672 
vt 0.194676 0.913707 
vt 0.057245 0.913916 
vt 0.329877 0.702824 
vt 0.466193 0.663161 
vt 0.466193 0.702824 
vt 0.329877 0.663161 
vt 0.193561 0.583833 
vt 0.057245 0.623497 
vt 0.057245 0.583833 
vt 0.193561 0.623497 
vt 0.057245 0.544169 
vt 0.193561 0.583833 
vt 0.193561 0.544169 
vt 0.193561 0.863077 
vt 0.057245 0.88672 
vt 0.057245 0.839845 
vt 0.193561 0.88672 
vt 0.193561 0.980471 
vt 0.057245 0.940807 
vt 0.193561 0.940807 
vt 0.057245 0.901143 
vt 0.193561 0.940807 
vt 0.193561 0.901143 
vt 0.466193 0.556043 
vt 0.329877 0.583833 
vt 0.329877 0.556044 
vt 0.466193 0.583833 
vt 0.329656 0.524715 
vt 0.466193 0.556043 
vt 0.466193 0.524726 
vt 0.057245 0.86148 
vt 0.193561 0.901143 
vt 0.057245 0.901143 
vt 0.193561 0.86148 
vt 0.329877 0.504505 
vt 0.466193 0.544169 
vt 0.329877 0.544169 
vt 0.466193 0.504505 
vt 0.329877 0.504505 
vt 0.329877 0.464841 
vt 0.261719 0.839845 
vt 0.466193 0.839845 
vt 0.466193 0.88278 
vt 0.261719 0.88278 
vt 0.329877 0.86148 
vt 0.466193 0.86148 
vt 0.466193 0.901143 
vt 0.329877 0.901143 
vt 0.193561 0.980471 
vt 0.057245 0.933596 
vt 0.193561 0.933596 
vt 0.057245 0.88672 
vt 0.193561 0.933596 
vt 0.193561 0.88672 
vt 0.098821 0.659036 
vt 0.44449 0.610609 
vt 0.098821 0.610609 
vt 0.44449 0.562182 
vt 0.098821 0.610609 
vt 0.098821 0.562182 
vt 0.057245 0.88672 
vt 0.193561 0.933596 
vt 0.057245 0.933596 
vt 0.193561 0.88672 
vt 0.466193 0.702824 
vt 0.329877 0.742488 
vt 0.329877 0.702824 
vt 0.466193 0.742488 
vt 0.329877 0.663161 
vt 0.466193 0.702824 
vt 0.466193 0.663161 
vt 0.329877 0.821816 
vt 0.466193 0.86148 
vt 0.329877 0.86148 
vt 0.466193 0.821816 
vt 0.329877 0.821816 
vt 0.466193 0.782152 
vt 0.329877 0.782152 
vt 0.466193 0.859146 
vt 0.329877 0.828815 
vt 0.466193 0.828815 
vt 0.329877 0.859146 
vt 0.193561 0.980471 
vt 0.057245 0.940807 
vt 0.193561 0.940807 
vt 0.057245 0.901143 
vt 0.193561 0.940807 
vt 0.193561 0.901143 
vt 0.057245 0.980471 
vt 0.193561 0.940807 
vt 0.193561 0.980471 
vt 0.057245 0.940807 
vt 0.264159 0.904459 
vt 0.380654 0.875082 
vt 0.380654 0.904459 
vt 0.264159 0.875082 
vt 0.264159 0.845705 
vt 0.380654 0.875082 
vt 0.380654 0.845705 
vt 0.264159 0.845705 
vt 0.380654 0.816328 
vt 0.264159 0.816328 
vt 0.057245 0.821816 
vt 0.193561 0.86148 
vt 0.057245 0.86148 
vt 0.193561 0.821816 
vt 0.057245 0.782152 
vt 0.057245 0.742488 
vt 0.193561 0.782152 
vt 0.193561 0.742488 
vt 0.193561 0.84297 
vt 0.057245 0.877345 
vt 0.057245 0.84297 
vt 0.193561 0.877345 
vt 0.057245 0.84297 
vt 0.193561 0.808594 
vt 0.057245 0.808595 
vt 0.193561 0.808594 
vt 0.057245 0.774219 
vt 0.193561 0.774219 
vt 0.057245 0.86148 
vt 0.193561 0.901143 
vt 0.057245 0.901143 
vt 0.193561 0.86148 
vt 0.057245 0.86148 
vt 0.193561 0.821816 
vt 0.057245 0.821816 
vt 0.057245 0.782152 
vt 0.193561 0.821816 
vt 0.193561 0.782152 
vt 0.057245 0.742488 
vt 0.193561 0.782152 
vt 0.193561 0.742488 
vt 0.057245 0.742488 
vt 0.193561 0.702824 
vt 0.057245 0.702824 
vt 0.057245 0.767853 
vt 0.193561 0.767853 
vt 0.193561 0.821816 
vt 0.057245 0.821816 
vt 0.193561 0.901143 
vt 0.193561 0.940807 
vt 0.057245 0.901143 
vt 0.057245 0.940807 
vt 0.057245 0.901143 
vt 0.193561 0.86148 
vt 0.057245 0.86148 
vt 0.057245 0.821816 
vt 0.193561 0.86148 
vt 0.193561 0.821816 
vt 0.193561 0.86148 
vt 0.193561 0.901143 
vt 0.057245 0.86148 
vt 0.057245 0.901143 
vt 0.193561 0.980471 
vt 0.057245 0.933596 
vt 0.193561 0.933596 
vt 0.057245 0.88672 
vt 0.193561 0.933596 
vt 0.193561 0.88672 
vt 0.147664 0.99259 
vt 0.031169 0.963213 
vt 0.147664 0.963213 
vt 0.031169 0.963213 
vt 0.147664 0.948524 
vt 0.031169 0.948524 
vt 0.147664 0.948524 
vt 0.031169 0.933836 
vt 0.147664 0.933836 
vt 0.135116 0.960583 
vt 0.099508 0.920919 
vt 0.16052 0.918197 
vt 0.057245 0.865887 
vt 0.261719 0.808594 
vt 0.261719 0.865887 
vt 0.057245 0.808595 
vt 0.057245 0.558592 
vt 0.193561 0.605468 
vt 0.057245 0.605468 
vt 0.193561 0.558592 
vt 0.057245 0.558592 
vt 0.193561 0.511717 
vt 0.057245 0.511717 
vt 0.193561 0.511717 
vt 0.057245 0.464842 
vt 0.193561 0.699219 
vt 0.329877 0.652343 
vt 0.193561 0.652343 
vt 0.329877 0.699219 
vt 0.193561 0.699219 
vt 0.329877 0.746094 
vt 0.193561 0.746094 
vt 0.329877 0.792969 
vt 0.329877 0.746094 
vt 0.466193 0.980471 
vt 0.329877 0.923179 
vt 0.466193 0.923179 
vt 0.329877 0.865887 
vt 0.466193 0.923179 
vt 0.466193 0.865887 
vt 0.456892 0.754142 
vt 0.252418 0.680481 
vt 0.456892 0.680481 
vt 0.252418 0.60682 
vt 0.456892 0.680481 
vt 0.456892 0.60682 
vt 0.329877 0.558592 
vt 0.329877 0.511717 
vt 0.466193 0.558592 
vt 0.466193 0.511717 
vt 0.329877 0.511717 
vt 0.329877 0.464841 
vt 0.193561 0.821816 
vt 0.193561 0.86148 
vt 0.057245 0.821816 
vt 0.057245 0.86148 
vt 0.261719 0.980471 
vt 0.057245 0.933596 
vt 0.261719 0.933596 
vt 0.057245 0.933596 
vt 0.261719 0.88672 
vt 0.057245 0.88672 
vt 0.193561 0.877345 
vt 0.193561 0.91172 
vt 0.057245 0.877345 
vt 0.057245 0.91172 
vt 0.057245 0.877345 
vt 0.193561 0.84297 
vt 0.057245 0.84297 
vt 0.056546 0.815684 
vt 0.176793 0.815684 
vt 0.176793 0.857034 
vt 0.056546 0.857034 
vt 0.056546 0.815684 
vt 0.176793 0.774335 
vt 0.056546 0.774335 
vt 0.176793 0.774335 
vt 0.056546 0.732985 
vt 0.176793 0.732985 
vt 0.193561 0.821816 
vt 0.057245 0.86148 
vt 0.057245 0.821816 
vt 0.193561 0.86148 
vt 0.057245 0.782152 
vt 0.193561 0.821816 
vt 0.193561 0.782152 
vt 0.057245 0.84297 
vt 0.193561 0.808594 
vt 0.193561 0.84297 
vt 0.057245 0.808595 
vt 0.057245 0.751334 
vt 0.193561 0.808594 
vt 0.193561 0.751334 
vt 0.193561 0.782152 
vt 0.193561 0.821816 
vt 0.057245 0.782152 
vt 0.057245 0.821816 
vt 0.054144 0.839777 
vt 0.054144 0.800113 
vt 0.19046 0.839777 
vt 0.19046 0.800113 
vt 0.466193 0.955668 
vt 0.329877 0.908792 
vt 0.466193 0.908792 
vt 0.329877 0.908792 
vt 0.466193 0.861917 
vt 0.329877 0.861917 
vt 0.466193 0.86148 
vt 0.466193 0.901143 
vt 0.329877 0.86148 
vt 0.329877 0.901143 
vt 0.057245 0.705469 
vt 0.057245 0.671093 
vt 0.193561 0.705469 
vt 0.193561 0.671093 
vt 0.261719 0.746094 
vt 0.057245 0.792969 
vt 0.057245 0.746094 
vt 0.261719 0.792969 
vt 0.057245 0.699219 
vt 0.261719 0.746094 
vt 0.261719 0.699219 
vt 0.466193 0.980471 
vt 0.329877 0.933596 
vt 0.466193 0.933596 
vt 0.329877 0.933596 
vt 0.466193 0.88672 
vt 0.329877 0.88672 
vt 0.057245 0.901143 
vt 0.193561 0.940807 
vt 0.057245 0.940807 
vt 0.193561 0.901143 
vt 0.466193 0.980471 
vt 0.329877 0.933596 
vt 0.466193 0.933596 
vt 0.466193 0.933596 
vt 0.329877 0.913916 
vt 0.466193 0.913916 
vt 0.193561 0.980471 
vt 0.057245 0.933596 
vt 0.193561 0.933596 
vt 0.057245 0.913916 
vt 0.193561 0.933596 
vt 0.194676 0.913707 
vt 0.466193 0.980471 
vt 0.261719 0.90681 
vt 0.466193 0.90681 
vt 0.261719 0.833148 
vt 0.466193 0.90681 
vt 0.466193 0.833148 
vt 0.261719 0.759487 
vt 0.466193 0.833148 
vt 0.466193 0.759487 
vt 0.261719 0.759487 
vt 0.466193 0.685826 
vt 0.261719 0.685826 
vt 0.057245 0.980471 
vt 0.193561 0.933596 
vt 0.193561 0.980471 
vt 0.057245 0.933596 
vt 0.193561 0.933596 
vt 0.057245 0.88672 
vt 0.193561 0.88672 
vt 0.057245 0.88672 
vt 0.193561 0.839845 
vt 0.057245 0.839845 
vt 0.057245 0.792969 
vt 0.193561 0.839845 
vt 0.193561 0.792969 
vt 0.466193 0.980471 
vt 0.329877 0.940807 
vt 0.466193 0.940807 
vt 0.329877 0.940807 
vt 0.466193 0.901143 
vt 0.329877 0.901143 
vt 0.329877 0.86148 
vt 0.466193 0.901143 
vt 0.466193 0.86148 
vt 0.44449 0.465328 
vt 0.098821 0.513755 
vt 0.44449 0.513755 
vt 0.098821 0.465328 
vt 0.466193 0.980471 
vt 0.329877 0.923179 
vt 0.466193 0.923179 
vt 0.329877 0.865887 
vt 0.466193 0.923179 
vt 0.466193 0.865887 
vt 0.329877 0.865887 
vt 0.466193 0.808594 
vt 0.329877 0.808594 
vt 0.466193 0.933596 
vt 0.329877 0.980471 
vt 0.329877 0.933596 
vt 0.466193 0.980471 
vt 0.466193 0.933596 
vt 0.329877 0.88672 
vt 0.466193 0.88672 
vt 0.329877 0.88672 
vt 0.329877 0.839845 
vt 0.466193 0.839845 
vt 0.329877 0.839845 
vt 0.329877 0.792969 
vt 0.466193 0.792969 
vt 0.297039 0.981082 
vt 0.417285 0.939732 
vt 0.417285 0.981082 
vt 0.297039 0.939732 
vt 0.057245 0.859146 
vt 0.466193 0.889478 
vt 0.466193 0.859146 
vt 0.057245 0.889478 
vt 0.057245 0.980471 
vt 0.193561 0.940807 
vt 0.193561 0.980471 
vt 0.057245 0.940807 
vt 0.193561 0.940807 
vt 0.057245 0.901143 
vt 0.193561 0.901143 
vt 0.057245 0.901143 
vt 0.193561 0.86148 
vt 0.057245 0.86148 
vt 0.466193 0.88672 
vt 0.329877 0.933596 
vt 0.329877 0.88672 
vt 0.466193 0.933596 
vt 0.057245 0.88672 
vt 0.057245 0.839845 
vt 0.193561 0.88672 
vt 0.193561 0.839845 
vt 0.057245 0.839845 
vt 0.057245 0.792969 
vt 0.193561 0.839845 
vt 0.193561 0.792969 
vt 0.329877 0.699219 
vt 0.466193 0.746094 
vt 0.329877 0.746094 
vt 0.466193 0.699219 
vt 0.193561 0.746094 
vt 0.057245 0.792969 
vt 0.057245 0.746094 
vt 0.193561 0.792969 
vt 0.193561 0.511717 
vt 0.057245 0.558592 
vt 0.057245 0.511717 
vt 0.193561 0.558592 
vt 0.193561 0.511717 
vt 0.057245 0.464842 
vt 0.261719 0.538503 
vt 0.261719 0.612164 
vt 0.057245 0.538503 
vt 0.057245 0.612164 
vt 0.057245 0.538503 
vt 0.057245 0.464842 
vt 0.329877 0.839845 
vt 0.466193 0.839845 
vt 0.466193 0.88672 
vt 0.329877 0.88672 
vt 0.466193 0.88672 
vt 0.466193 0.980471 
vt 0.329877 0.980471 
vt 0.329877 0.940807 
vt 0.466193 0.980471 
vt 0.466193 0.940807 
vt 0.329877 0.940807 
vt 0.466193 0.901143 
vt 0.329877 0.901143 
vt 0.329877 0.86148 
vt 0.466193 0.901143 
vt 0.466193 0.86148 
vt 0.19046 0.879441 
vt 0.16052 0.918197 
vt 0.075919 0.878533 
vt 0.099508 0.920919 
vt 0.466193 0.821816 
vt 0.329877 0.86148 
vt 0.329877 0.821816 
vt 0.466193 0.86148 
vt 0.329877 0.821816 
vt 0.466193 0.782152 
vt 0.329877 0.782152 
vt 0.057245 0.782152 
vt 0.193561 0.782152 
vt 0.193561 0.821816 
vt 0.057245 0.821816 
vt 0.329877 0.623497 
vt 0.329877 0.583833 
vt 0.466193 0.623497 
vt 0.466193 0.583833 
vt 0.329877 0.522134 
vt 0.466193 0.579426 
vt 0.329877 0.579426 
vt 0.466193 0.522134 
vt 0.329877 0.522134 
vt 0.329877 0.464841 
vt 0.057245 0.751334 
vt 0.057245 0.705469 
vt 0.193561 0.751334 
vt 0.193561 0.705469 
vt 0.057245 0.919809 
vt 0.193561 0.95014 
vt 0.057245 0.95014 
vt 0.193561 0.919809 
vt 0.466193 0.980471 
vt 0.329877 0.940807 
vt 0.466193 0.940807 
vt 0.466193 0.940807 
vt 0.329877 0.901143 
vt 0.466193 0.901143 
vt 0.057245 0.671093 
vt 0.057245 0.636718 
vt 0.193561 0.671093 
vt 0.193561 0.636718 
vt 0.193561 0.558592 
vt 0.193561 0.605468 
vt 0.057245 0.558592 
vt 0.057245 0.605468 
vt 0.057245 0.558592 
vt 0.193561 0.511717 
vt 0.057245 0.511717 
vt 0.193561 0.511717 
vt 0.057245 0.464842 
vt 0.057245 0.980471 
vt 0.193561 0.940807 
vt 0.193561 0.980471 
vt 0.057245 0.940807 
vt 0.057245 0.901143 
vt 0.193561 0.940807 
vt 0.193561 0.901143 
vt 0.176793 0.659294 
vt 0.176793 0.732985 
vt 0.056546 0.650287 
vt 0.056546 0.732985 
vt 0.19046 0.879441 
vt 0.075919 0.878533 
vt 0.054144 0.839777 
vt 0.19046 0.839777 
vt 0.193561 0.91172 
vt 0.057245 0.91172 
vt 0.193561 0.897463 
vt 0.193561 0.929485 
vt 0.057245 0.877345 
vt 0.057245 0.91172 
vt 0.193561 0.877345 
vt 0.057245 0.84297 
vt 0.193561 0.84297 
vt 0.057245 0.84297 
vt 0.193561 0.808594 
vt 0.057245 0.808595 
vt 0.466193 0.605468 
vt 0.329877 0.652343 
vt 0.329877 0.605468 
vt 0.466193 0.652343 
vt 0.329877 0.558592 
vt 0.466193 0.605468 
vt 0.466193 0.558592 
vt 0.329877 0.663161 
vt 0.466193 0.623497 
vt 0.466193 0.663161 
vt 0.329877 0.623497 
vt 0.193561 0.652343 
vt 0.329877 0.605468 
vt 0.193561 0.605468 
vt 0.329877 0.652343 
vt 0.057245 0.702824 
vt 0.193561 0.742488 
vt 0.057245 0.742488 
vt 0.193561 0.702824 
vt 0.261719 0.980471 
vt 0.057245 0.946096 
vt 0.261719 0.946096 
vt 0.057245 0.946096 
vt 0.261719 0.91172 
vt 0.057245 0.91172 
vt 0.057245 0.877345 
vt 0.261719 0.91172 
vt 0.261719 0.877345 
vt 0.057245 0.877345 
vt 0.261719 0.84297 
vt 0.057245 0.84297 
vt 0.057245 0.808595 
vt 0.261719 0.84297 
vt 0.261719 0.808594 
vt 0.466193 0.91172 
vt 0.329877 0.946096 
vt 0.329877 0.91172 
vt 0.466193 0.946096 
vt 0.466193 0.91172 
vt 0.329877 0.877345 
vt 0.466193 0.877345 
vt 0.329877 0.623497 
vt 0.466193 0.583833 
vt 0.466193 0.623497 
vt 0.329877 0.583833 
vt 0.463093 0.958768 
vt 0.326776 0.919104 
vt 0.463093 0.919104 
vt 0.326776 0.919104 
vt 0.463093 0.879441 
vt 0.326776 0.879441 
vt 0.329877 0.980471 
vt 0.466193 0.933596 
vt 0.466193 0.980471 
vt 0.329877 0.933596 
vt 0.057245 0.583833 
vt 0.193561 0.544169 
vt 0.193561 0.583833 
vt 0.057245 0.544169 
vt 0.466193 0.901143 
vt 0.466193 0.940807 
vt 0.329877 0.901143 
vt 0.329877 0.940807 
vt 0.466193 0.792969 
vt 0.329877 0.839845 
vt 0.329877 0.792969 
vt 0.466193 0.839845 
vt 0.466193 0.623497 
vt 0.329877 0.663161 
vt 0.329877 0.623497 
vt 0.466193 0.669033 
vt 0.329877 0.583833 
vt 0.466193 0.623497 
vt 0.466193 0.583833 
vt 0.329877 0.980471 
vt 0.466193 0.933596 
vt 0.466193 0.980471 
vt 0.329877 0.933596 
vt 0.329877 0.88672 
vt 0.466193 0.933596 
vt 0.466193 0.88672 
vt 0.057245 0.933596 
vt 0.193561 0.980471 
vt 0.057245 0.980471 
vt 0.193561 0.933596 
vt 0.057245 0.933596 
vt 0.193561 0.88672 
vt 0.057245 0.88672 
vt 0.068132 0.416192 
vt 0.47708 0.342531 
vt 0.068132 0.342531 
vt 0.47708 0.416192 
vt 0.47708 0.342531 
vt 0.47708 0.268869 
vt 0.193561 0.86148 
vt 0.193561 0.901143 
vt 0.057245 0.86148 
vt 0.057245 0.901143 
vt 0.193561 0.558592 
vt 0.057245 0.605468 
vt 0.057245 0.558592 
vt 0.193561 0.605468 
vt 0.261719 0.980471 
vt 0.057245 0.923179 
vt 0.261719 0.923179 
vt 0.057245 0.923179 
vt 0.261719 0.865887 
vt 0.057245 0.865887 
vt 0.057245 0.901143 
vt 0.193561 0.940807 
vt 0.057245 0.940807 
vt 0.193561 0.901143 
vt 0.261719 0.980471 
vt 0.057245 0.946096 
vt 0.261719 0.946096 
vt 0.057245 0.946096 
vt 0.261719 0.91172 
vt 0.057245 0.91172 
vt 0.261719 0.792969 
vt 0.057245 0.839845 
vt 0.057245 0.792969 
vt 0.261719 0.839845 
vt 0.057245 0.901143 
vt 0.193561 0.86148 
vt 0.193561 0.901143 
vt 0.057245 0.86148 
vt 0.466193 0.605468 
vt 0.329877 0.652343 
vt 0.329877 0.605468 
vt 0.466193 0.652343 
vt 0.466193 0.605468 
vt 0.329877 0.558592 
vt 0.466193 0.558592 
vt 0.057245 0.95014 
vt 0.193561 0.980471 
vt 0.057245 0.980471 
vt 0.193561 0.95014 
vt 0.193561 0.742488 
vt 0.193561 0.782152 
vt 0.057245 0.742488 
vt 0.057245 0.782152 
vt 0.057245 0.980471 
vt 0.057245 0.940807 
vt 0.193561 0.980471 
vt 0.193561 0.940807 
vt 0.261719 0.980471 
vt 0.057245 0.933596 
vt 0.261719 0.933596 
vt 0.057245 0.933596 
vt 0.261719 0.88672 
vt 0.057245 0.88672 
vt 0.329877 0.605468 
vt 0.466193 0.699219 
vt 0.329877 0.699219 
vt 0.466193 0.605468 
vt 0.466193 0.616497 
vt 0.329877 0.646828 
vt 0.329877 0.616497 
vt 0.466193 0.646828 
vt 0.466193 0.586166 
vt 0.329877 0.616497 
vt 0.329877 0.586166 
vt 0.466193 0.616497 
vt 0.193561 0.583833 
vt 0.193561 0.623497 
vt 0.057245 0.583833 
vt 0.057245 0.623497 
vt 0.466193 0.933596 
vt 0.329877 0.980471 
vt 0.329877 0.933596 
vt 0.466193 0.980471 
vt 0.466193 0.933596 
vt 0.329877 0.88672 
vt 0.466193 0.88672 
vt 0.466193 0.88672 
vt 0.329877 0.933596 
vt 0.329877 0.88672 
vt 0.466193 0.933596 
vt 0.329877 0.839845 
vt 0.466193 0.88672 
vt 0.466193 0.839845 
vt 0.057245 0.535155 
vt 0.193561 0.501776 
vt 0.193561 0.535155 
vt 0.057245 0.501776 
vt 0.193561 0.501776 
vt 0.057245 0.464842 
vt 0.466193 0.980471 
vt 0.329877 0.980471 
vt 0.329877 0.940807 
vt 0.466193 0.940807 
vt 0.193561 0.86148 
vt 0.057245 0.901143 
vt 0.057245 0.86148 
vt 0.193561 0.901143 
vt 0.329877 0.504505 
vt 0.466193 0.544169 
vt 0.329877 0.544169 
vt 0.466193 0.504505 
vt 0.329877 0.504505 
vt 0.329877 0.464841 
vt 0.466193 0.671093 
vt 0.057245 0.567967 
vt 0.057245 0.671093 
vt 0.466193 0.567967 
vt 0.466193 0.464841 
vt 0.057245 0.567967 
vt 0.466193 0.86148 
vt 0.329877 0.901143 
vt 0.329877 0.86148 
vt 0.466193 0.901143 
vt 0.057245 0.699219 
vt 0.193561 0.746094 
vt 0.057245 0.746094 
vt 0.193561 0.699219 
vt 0.44449 0.416901 
vt 0.098821 0.465328 
vt 0.44449 0.465328 
vt 0.098821 0.416901 
vt 0.193561 0.733863 
vt 0.193561 0.782152 
vt 0.057245 0.733863 
vt 0.057245 0.782152 
vt 0.329877 0.821816 
vt 0.466193 0.86148 
vt 0.329877 0.86148 
vt 0.466193 0.821816 
vt 0.466193 0.980471 
vt 0.329877 0.940807 
vt 0.466193 0.940807 
vt 0.329877 0.901143 
vt 0.466193 0.940807 
vt 0.466193 0.901143 
vt 0.329877 0.901143 
vt 0.466193 0.86148 
vt 0.329877 0.86148 
vt 0.466193 0.980471 
vt 0.376016 0.932497 
vt 0.466193 0.933596 
vt 0.057245 0.636718 
vt 0.057245 0.602343 
vt 0.193561 0.636718 
vt 0.193561 0.602343 
vt 0.057245 0.602343 
vt 0.193561 0.567967 
vt 0.057245 0.567967 
vt 0.193561 0.702824 
vt 0.193561 0.742488 
vt 0.057245 0.702824 
vt 0.057245 0.742488 
vt 0.193561 0.583833 
vt 0.057245 0.623497 
vt 0.057245 0.583833 
vt 0.193561 0.623497 
vt 0.193561 0.583833 
vt 0.057245 0.544169 
vt 0.193561 0.544169 
vt 0.261719 0.839845 
vt 0.057245 0.88672 
vt 0.057245 0.839845 
vt 0.261719 0.88672 
vt 0.057245 0.91172 
vt 0.193561 0.91172 
vt 0.193561 0.946096 
vt 0.057245 0.946096 
vt 0.057245 0.91172 
vt 0.193561 0.877345 
vt 0.057245 0.877345 
vt 0.057245 0.933596 
vt 0.193561 0.980471 
vt 0.057245 0.980471 
vt 0.193561 0.933596 
vt 0.193561 0.663161 
vt 0.193561 0.702824 
vt 0.057245 0.663161 
vt 0.057245 0.702824 
vt 0.057245 0.663161 
vt 0.193561 0.623497 
vt 0.057245 0.623497 
vt 0.466193 0.980471 
vt 0.391396 0.935793 
vt 0.466193 0.933596 
vt 0.261719 0.980471 
vt 0.057245 0.90681 
vt 0.261719 0.90681 
vt 0.057245 0.833148 
vt 0.261719 0.90681 
vt 0.261719 0.833148 
vt 0.261719 0.980471 
vt 0.057245 0.940807 
vt 0.261719 0.940807 
vt 0.057245 0.901143 
vt 0.261719 0.940807 
vt 0.261719 0.901143 
vt 0.057245 0.940807 
vt 0.193561 0.980471 
vt 0.057245 0.980471 
vt 0.193561 0.940807 
vt 0.193561 0.511717 
vt 0.057245 0.558592 
vt 0.057245 0.511717 
vt 0.193561 0.558592 
vt 0.193561 0.511717 
vt 0.057245 0.464842 
vt 0.466193 0.980471 
vt 0.329877 0.90681 
vt 0.466193 0.90681 
vt 0.329877 0.90681 
vt 0.466193 0.833148 
vt 0.329877 0.833148 
vt 0.057245 0.671093 
vt 0.466193 0.774219 
vt 0.466193 0.671093 
vt 0.057245 0.774219 
vt 0.261719 0.558592 
vt 0.466193 0.511717 
vt 0.466193 0.558592 
vt 0.261719 0.511717 
vt 0.466193 0.511717 
vt 0.261719 0.464841 
vt 0.329877 0.605468 
vt 0.329877 0.558592 
vt 0.466193 0.605468 
vt 0.466193 0.558592 
vt 0.261719 0.980471 
vt 0.057245 0.940807 
vt 0.261719 0.940807 
vt 0.057245 0.940807 
vt 0.261719 0.901143 
vt 0.057245 0.901143 
vt 0.329877 0.980471 
vt 0.466193 0.933596 
vt 0.466193 0.980471 
vt 0.329877 0.933596 
vt 0.329877 0.980471 
vt 0.466193 0.940807 
vt 0.466193 0.980471 
vt 0.329877 0.940807 
vt 0.329877 0.940807 
vt 0.466193 0.901143 
vt 0.329877 0.901143 
vt 0.057245 0.544169 
vt 0.057245 0.504505 
vt 0.193561 0.544169 
vt 0.193561 0.504505 
vt 0.057245 0.504505 
vt 0.057245 0.464842 
vt 0.057245 0.889478 
vt 0.466193 0.919809 
vt 0.466193 0.889478 
vt 0.057245 0.919809 
vt 0.057245 0.663161 
vt 0.193561 0.702824 
vt 0.057245 0.702824 
vt 0.193561 0.663161 
vt 0.057245 0.663161 
vt 0.057245 0.623497 
vt 0.193561 0.623497 
vt 0.264159 0.933836 
vt 0.380654 0.904459 
vt 0.380654 0.933836 
vt 0.264159 0.904459 
vt 0.193561 0.940807 
vt 0.057245 0.980471 
vt 0.057245 0.940807 
vt 0.193561 0.980471 
vt 0.057245 0.901143 
vt 0.193561 0.940807 
vt 0.193561 0.901143 
vt 0.466193 0.792969 
vt 0.329877 0.839845 
vt 0.329877 0.792969 
vt 0.466193 0.839845 
vt 0.329877 0.746094 
vt 0.466193 0.792969 
vt 0.466193 0.746094 
vt 0.466193 0.901143 
vt 0.329877 0.940807 
vt 0.329877 0.901143 
vt 0.466193 0.940807 
vt 0.466193 0.980471 
vt 0.261719 0.940807 
vt 0.466193 0.940807 
vt 0.261719 0.940807 
vt 0.466193 0.901143 
vt 0.261719 0.901143 
vt 0.193561 0.499217 
vt 0.057245 0.533592 
vt 0.057245 0.499217 
vt 0.193561 0.533592 
vt 0.193561 0.499217 
vt 0.057245 0.464842 
vt 0.057245 0.933596 
vt 0.193561 0.980471 
vt 0.057245 0.980471 
vt 0.193561 0.933596 
vt 0.057245 0.544169 
vt 0.193561 0.504505 
vt 0.193561 0.544169 
vt 0.057245 0.504505 
vt 0.193561 0.504505 
vt 0.057245 0.464842 
vt 0.057245 0.914833 
vt 0.193561 0.942541 
vt 0.057245 0.942541 
vt 0.193561 0.914833 
vt 0.057245 0.940807 
vt 0.193561 0.980471 
vt 0.057245 0.980471 
vt 0.193561 0.940807 
vt 0.057245 0.940807 
vt 0.193561 0.901143 
vt 0.057245 0.901143 
vt 0.329877 0.535155 
vt 0.339909 0.500219 
vt 0.466193 0.535155 
vt 0.437285 0.501776 
vt 0.466193 0.535155 
vt 0.329877 0.565457 
vt 0.466193 0.565457 
vt 0.294847 0.917763 
vt 0.395554 0.863344 
vt 0.395554 0.917763 
vt 0.294847 0.863344 
vt 0.294847 0.917763 
vt 0.395554 0.972182 
vt 0.466193 0.583833 
vt 0.329877 0.544169 
vt 0.466193 0.544169 
vt 0.329877 0.583833 
vt 0.066127 0.987062 
vt 0.057245 0.933596 
vt 0.119957 0.93799 
vt 0.380654 0.99259 
vt 0.264159 0.963213 
vt 0.380654 0.963213 
vt 0.380654 0.963213 
vt 0.264159 0.948524 
vt 0.380654 0.948524 
vt 0.264159 0.948524 
vt 0.380654 0.933836 
vt 0.264159 0.933836 
vt 0.329877 0.980471 
vt 0.466193 0.933596 
vt 0.466193 0.980471 
vt 0.329877 0.933596 
vt 0.329877 0.933596 
vt 0.466193 0.88672 
vt 0.329877 0.88672 
vt 0.466193 0.940807 
vt 0.329877 0.980471 
vt 0.329877 0.940807 
vt 0.466193 0.980471 
vt 0.466193 0.940807 
vt 0.329877 0.901143 
vt 0.466193 0.901143 
vt 0.057245 0.940807 
vt 0.193561 0.901143 
vt 0.193561 0.940807 
vt 0.057245 0.901143 
vt 0.176793 0.567588 
vt 0.297039 0.608937 
vt 0.176793 0.608937 
vt 0.297039 0.567588 
vt 0.176793 0.567588 
vt 0.176793 0.526239 
vt 0.466193 0.742488 
vt 0.329877 0.782152 
vt 0.329877 0.742488 
vt 0.466193 0.782152 
vt 0.193561 0.499217 
vt 0.057245 0.533592 
vt 0.057245 0.499217 
vt 0.193561 0.533592 
vt 0.193561 0.499217 
vt 0.057245 0.464842 
vt 0.057245 0.940807 
vt 0.193561 0.940807 
vt 0.193561 0.980471 
vt 0.057245 0.980471 
vt 0.466193 0.940807 
vt 0.329877 0.980471 
vt 0.329877 0.940807 
vt 0.466193 0.980471 
vt 0.329877 0.901143 
vt 0.466193 0.940807 
vt 0.466193 0.901143 
vt 0.329877 0.86148 
vt 0.466193 0.86148 
vt 0.329877 0.901143 
vt 0.466193 0.980471 
vt 0.329877 0.946096 
vt 0.466193 0.946096 
vt 0.329877 0.91172 
vt 0.466193 0.946096 
vt 0.466193 0.91172 
vt 0.329877 0.91172 
vt 0.466193 0.877345 
vt 0.329877 0.877345 
vt 0.466193 0.889478 
vt 0.329877 0.919809 
vt 0.329877 0.889478 
vt 0.466193 0.919809 
vt 0.329877 0.859146 
vt 0.466193 0.889478 
vt 0.466193 0.859146 
vt 0.466193 0.980471 
vt 0.33462 0.941305 
vt 0.466193 0.940565 
vt 0.466193 0.980471 
vt 0.278495 0.942161 
vt 0.466193 0.942161 
vt 0.278495 0.942161 
vt 0.466193 0.915206 
vt 0.261719 0.915206 
vt 0.261719 0.88278 
vt 0.466193 0.915206 
vt 0.466193 0.88278 
vt 0.466193 0.558592 
vt 0.466193 0.605468 
vt 0.329877 0.558592 
vt 0.329877 0.605468 
vt 0.329877 0.558592 
vt 0.466193 0.511717 
vt 0.329877 0.511717 
vt 0.466193 0.511717 
vt 0.329877 0.464841 
vt 0.057245 0.877345 
vt 0.057245 0.92475 
vt 0.466193 0.92475 
vt 0.466193 0.877345 
vt 0.466193 0.946096 
vt 0.329877 0.980471 
vt 0.329877 0.946096 
vt 0.466193 0.980471 
vt 0.057245 0.877345 
vt 0.466193 0.877345 
vt 0.057245 0.774219 
vt 0.466193 0.774219 
vt 0.329877 0.86148 
vt 0.466193 0.901143 
vt 0.329877 0.901143 
vt 0.466193 0.86148 
vt 0.057245 0.91172 
vt 0.193561 0.929485 
vt 0.193561 0.946096 
vt 0.057245 0.946096 
vt 0.193561 0.605468 
vt 0.057245 0.652343 
vt 0.057245 0.605468 
vt 0.193561 0.652343 
vt 0.057245 0.746094 
vt 0.193561 0.792969 
vt 0.057245 0.792969 
vt 0.193561 0.746094 
vt 0.466193 0.555835 
vt 0.329877 0.586166 
vt 0.329877 0.555835 
vt 0.466193 0.586166 
vt 0.057245 0.567967 
vt 0.193561 0.533592 
vt 0.193561 0.567967 
vt 0.057245 0.533592 
vt 0.193561 0.980471 
vt 0.057245 0.940807 
vt 0.193561 0.940807 
vt 0.057245 0.901143 
vt 0.193561 0.940807 
vt 0.193561 0.901143 
vt 0.056546 0.857034 
vt 0.176793 0.857034 
vt 0.176793 0.898383 
vt 0.056546 0.898383 
vt 0.057245 0.980471 
vt 0.057245 0.933596 
vt 0.193561 0.980471 
vt 0.193561 0.933596 
vt 0.057245 0.933596 
vt 0.193561 0.88672 
vt 0.057245 0.88672 
vt 0.294847 0.863344 
vt 0.395554 0.808925 
vt 0.395554 0.863344 
vt 0.294847 0.808925 
vt 0.057245 0.980471 
vt 0.193561 0.940807 
vt 0.193561 0.980471 
vt 0.057245 0.940807 
vt 0.193561 0.901143 
vt 0.193561 0.940807 
vt 0.057245 0.901143 
vt 0.057245 0.940807 
vt 0.057245 0.901143 
vt 0.193561 0.86148 
vt 0.057245 0.86148 
vt 0.193561 0.86148 
vt 0.057245 0.821816 
vt 0.193561 0.821816 
vt 0.193561 0.808594 
vt 0.057245 0.865887 
vt 0.057245 0.808595 
vt 0.193561 0.865887 
vt 0.193561 0.663161 
vt 0.193561 0.733863 
vt 0.057245 0.663161 
vt 0.057245 0.733863 
vt 0.057245 0.663161 
vt 0.193561 0.623497 
vt 0.057245 0.623497 
vt 0.294847 0.88753 
vt 0.19414 0.845204 
vt 0.19414 0.88753 
vt 0.294847 0.845204 
vt 0.466193 0.95014 
vt 0.057245 0.980471 
vt 0.466193 0.980471 
vt 0.057245 0.95014 
vt 0.466193 0.95014 
vt 0.057245 0.919809 
vt 0.466193 0.919809 
vt 0.466193 0.940807 
vt 0.329877 0.980471 
vt 0.329877 0.940807 
vt 0.466193 0.980471 
vt 0.466193 0.86148 
vt 0.329877 0.901143 
vt 0.329877 0.86148 
vt 0.466193 0.901143 
vt 0.329877 0.821816 
vt 0.466193 0.86148 
vt 0.466193 0.821816 
vt 0.329877 0.821816 
vt 0.466193 0.782152 
vt 0.329877 0.782152 
vt 0.466193 0.901143 
vt 0.329877 0.940807 
vt 0.329877 0.901143 
vt 0.466193 0.940807 
vt 0.057245 0.88672 
vt 0.057245 0.839845 
vt 0.193561 0.88672 
vt 0.193561 0.839845 
vt 0.330444 0.913936 
vt 0.466193 0.88672 
vt 0.466193 0.914129 
vt 0.329877 0.88672 
vt 0.466193 0.940565 
vt 0.330444 0.913936 
vt 0.33462 0.941305 
vt 0.057245 0.792969 
vt 0.193561 0.839845 
vt 0.057245 0.839845 
vt 0.193561 0.792969 
vt 0.487839 0.977568 
vt 0.258618 0.933104 
vt 0.487839 0.933104 
vt 0.258618 0.933104 
vt 0.487838 0.910872 
vt 0.258618 0.910872 
vt 0.057245 0.942541 
vt 0.193561 0.980471 
vt 0.057245 0.980471 
vt 0.193561 0.942541 
vt 0.466193 0.946096 
vt 0.466193 0.980471 
vt 0.329877 0.946096 
vt 0.329877 0.980471 
vt 0.329877 0.946096 
vt 0.466193 0.91172 
vt 0.329877 0.91172 
vt 0.193561 0.511717 
vt 0.057245 0.558592 
vt 0.057245 0.511717 
vt 0.193561 0.558592 
vt 0.193561 0.511717 
vt 0.057245 0.464842 
vt 0.466193 0.839845 
vt 0.329877 0.88672 
vt 0.329877 0.839845 
vt 0.466193 0.88672 
vt 0.19414 0.929856 
vt 0.294847 0.972182 
vt 0.294847 0.929856 
vt 0.294847 0.929856 
vt 0.19414 0.88753 
vt 0.294847 0.88753 
vt 0.329877 0.901143 
vt 0.466193 0.940807 
vt 0.329877 0.940807 
vt 0.466193 0.901143 
vt 0.329877 0.933596 
vt 0.466193 0.980471 
vt 0.329877 0.980471 
vt 0.466193 0.933596 
vt 0.329877 0.88672 
vt 0.466193 0.88672 
vt 0.329877 0.933596 
vt 0.057245 0.946096 
vt 0.193561 0.946096 
vt 0.193561 0.980471 
vt 0.057245 0.980471 
vt 0.057245 0.88672 
vt 0.057245 0.839845 
vt 0.193561 0.88672 
vt 0.193561 0.839845 
vt 0.057245 0.839845 
vt 0.193561 0.792969 
vt 0.057245 0.792969 
vt 0.329877 0.940807 
vt 0.466193 0.980471 
vt 0.329877 0.980471 
vt 0.466193 0.940807 
vt 0.057245 0.92475 
vt 0.057245 0.980471 
vt 0.466193 0.980471 
vt 0.466193 0.92475 
vt 0.466193 0.980471 
vt 0.329877 0.933596 
vt 0.466193 0.933596 
vt 0.329877 0.933596 
vt 0.466193 0.88672 
vt 0.329877 0.88672 
vt 0.193561 0.980471 
vt 0.057245 0.940807 
vt 0.193561 0.940807 
vt 0.057245 0.901143 
vt 0.193561 0.940807 
vt 0.193561 0.901143 
vt 0.258618 0.977568 
vt 0.029398 0.933104 
vt 0.258618 0.933104 
vt 0.029398 0.933104 
vt 0.258618 0.910872 
vt 0.029398 0.910872 
vt 0.466193 0.933596 
vt 0.329877 0.980471 
vt 0.329877 0.933596 
vt 0.466193 0.980471 
vt 0.294847 0.845204 
vt 0.19414 0.802878 
vt 0.19414 0.845204 
vt 0.294847 0.802878 
vt 0.329877 0.558592 
vt 0.466193 0.605468 
vt 0.329877 0.605468 
vt 0.466193 0.558592 
vt 0.47708 0.563515 
vt 0.068132 0.489853 
vt 0.068132 0.563515 
vt 0.47708 0.489853 
vt 0.47708 0.416192 
vt 0.068132 0.489853 
vt 0.068132 0.416192 
vt 0.056546 0.898383 
vt 0.176793 0.898383 
vt 0.176793 0.939732 
vt 0.056546 0.939733 
vt 0.057245 0.946096 
vt 0.193561 0.946096 
vt 0.193561 0.980471 
vt 0.057245 0.980471 
vt 0.193561 0.940807 
vt 0.193561 0.980471 
vt 0.057245 0.940807 
vt 0.057245 0.980471 
vt 0.19414 0.591248 
vt 0.294847 0.645667 
vt 0.19414 0.645667 
vt 0.294847 0.700086 
vt 0.19414 0.645667 
vt 0.19414 0.700086 
vt 0.098821 0.416901 
vt 0.44449 0.368474 
vt 0.098821 0.368474 
vt 0.44449 0.416901 
vt 0.44449 0.368474 
vt 0.098821 0.320048 
vt 0.44449 0.320048 
vt 0.093433 0.591248 
vt 0.19414 0.645667 
vt 0.093433 0.645667 
vt 0.19414 0.645667 
vt 0.093433 0.700086 
vt 0.19414 0.700086 
vt 0.19414 0.754506 
vt 0.093433 0.700086 
vt 0.093433 0.754506 
vt 0.329877 0.980471 
vt 0.466193 0.940807 
vt 0.466193 0.980471 
vt 0.329877 0.940807 
vt 0.466193 0.901143 
vt 0.329877 0.940807 
vt 0.329877 0.901143 
vt 0.466193 0.940807 
vt 0.057245 0.980471 
vt 0.193561 0.933596 
vt 0.193561 0.980471 
vt 0.057245 0.933596 
vt 0.057245 0.88672 
vt 0.193561 0.933596 
vt 0.193561 0.88672 
vt 0.329877 0.555835 
vt 0.193561 0.555835 
vt 0.193561 0.525504 
vt 0.329877 0.525504 
vt 0.193561 0.525504 
vt 0.193561 0.495173 
vt 0.329877 0.583833 
vt 0.329877 0.544169 
vt 0.466193 0.583833 
vt 0.466193 0.544169 
vt 0.057245 0.980471 
vt 0.193561 0.946096 
vt 0.193561 0.980471 
vt 0.057245 0.946096 
vt 0.193561 0.946096 
vt 0.057245 0.91172 
vt 0.193561 0.91172 
vt 0.056546 0.939733 
vt 0.176793 0.939732 
vt 0.176793 0.981082 
vt 0.056546 0.981082 
vt 0.19414 0.808925 
vt 0.093433 0.754506 
vt 0.19414 0.754506 
vt 0.093433 0.808925 
vt 0.466193 0.919809 
vt 0.329877 0.95014 
vt 0.329877 0.919809 
vt 0.466193 0.95014 
vt 0.466193 0.940807 
vt 0.329877 0.980471 
vt 0.329877 0.940807 
vt 0.466193 0.980471 
vt 0.297039 0.608937 
vt 0.297039 0.567588 
vt 0.417285 0.608937 
vt 0.417285 0.567588 
vt 0.297039 0.567588 
vt 0.297039 0.526239 
vt 0.19414 0.863344 
vt 0.093433 0.808925 
vt 0.19414 0.808925 
vt 0.093433 0.863344 
vt 0.261719 0.980471 
vt 0.094609 0.942161 
vt 0.278495 0.942161 
vt 0.094609 0.942161 
vt 0.261719 0.915206 
vt 0.057245 0.915206 
vt 0.193561 0.623497 
vt 0.193561 0.583833 
vt 0.329877 0.623497 
vt 0.329877 0.583833 
vt 0.193561 0.583833 
vt 0.329877 0.544169 
vt 0.193561 0.544169 
vt 0.193561 0.504505 
vt 0.329877 0.544169 
vt 0.329877 0.504505 
vt 0.193561 0.504505 
vt 0.193561 0.464841 
vt 0.056546 0.650287 
vt 0.176793 0.608937 
vt 0.176793 0.659294 
vt 0.056546 0.608937 
vt 0.193561 0.511717 
vt 0.193561 0.558592 
vt 0.057245 0.511717 
vt 0.057245 0.558592 
vt 0.057245 0.511717 
vt 0.057245 0.464842 
vt 0.466193 0.980471 
vt 0.329877 0.940807 
vt 0.466193 0.940807 
vt 0.329877 0.901143 
vt 0.466193 0.901143 
vt 0.19414 0.917763 
vt 0.093433 0.863344 
vt 0.19414 0.863344 
vt 0.093433 0.917763 
vt 0.19414 0.917763 
vt 0.19414 0.972182 
vt 0.329877 0.623497 
vt 0.466193 0.583833 
vt 0.466193 0.623497 
vt 0.329877 0.583833 
vt 0.329877 0.544169 
vt 0.466193 0.583833 
vt 0.466193 0.544169 
vt 0.294847 0.802878 
vt 0.294847 0.760552 
vt 0.19414 0.760552 
vt 0.19414 0.802878 
vt 0.294847 0.6759 
vt 0.19414 0.633574 
vt 0.19414 0.6759 
vt 0.294847 0.633574 
vt 0.19414 0.591248 
vt 0.19414 0.633574 
vt 0.466193 0.95014 
vt 0.329877 0.980471 
vt 0.329877 0.95014 
vt 0.466193 0.980471 
vt 0.193561 0.558592 
vt 0.329877 0.511717 
vt 0.329877 0.558592 
vt 0.193561 0.511717 
vt 0.329877 0.511717 
vt 0.193561 0.464841 
vt 0.329877 0.88672 
vt 0.466193 0.933596 
vt 0.329877 0.933596 
vt 0.466193 0.88672 
vt 0.329877 0.88672 
vt 0.466193 0.839845 
vt 0.329877 0.839845 
vt 0.193561 0.558592 
vt 0.057245 0.605468 
vt 0.057245 0.558592 
vt 0.193561 0.605468 
vt 0.329877 0.558592 
vt 0.329877 0.511717 
vt 0.466193 0.558592 
vt 0.466193 0.511717 
vt 0.329877 0.511717 
vt 0.329877 0.464841 
vt 0.329877 0.511717 
vt 0.329877 0.558592 
vt 0.193561 0.511717 
vt 0.193561 0.558592 
vt 0.193561 0.511717 
vt 0.193561 0.464841 
vt 0.057245 0.544169 
vt 0.057245 0.504505 
vt 0.193561 0.544169 
vt 0.193561 0.504505 
vt 0.057245 0.504505 
vt 0.057245 0.464842 
vt 0.193561 0.583833 
vt 0.057245 0.623497 
vt 0.057245 0.583833 
vt 0.193561 0.623497 
vt 0.339909 0.500219 
vt 0.193561 0.501776 
vt 0.193561 0.464841 
vt 0.294847 0.6759 
vt 0.294847 0.718226 
vt 0.19414 0.6759 
vt 0.19414 0.718226 
vt 0.193561 0.558592 
vt 0.329877 0.511717 
vt 0.329877 0.558592 
vt 0.193561 0.511717 
vt 0.329877 0.511717 
vt 0.193561 0.464841 
vt 0.294847 0.760552 
vt 0.294847 0.718226 
vt 0.19414 0.718226 
vt 0.19414 0.760552 
vt 0.098821 0.271621 
vt 0.098821 0.320048 
vt 0.44449 0.320048 
vt 0.44449 0.271621 
vt 0.44449 0.223194 
vt 0.098821 0.271621 
vt 0.193561 0.980471 
vt 0.057245 0.940807 
vt 0.193561 0.940807 
vt 0.057245 0.901143 
vt 0.193561 0.940807 
vt 0.193561 0.901143 
vt 0.395554 0.754505 
vt 0.294847 0.700086 
vt 0.395553 0.700086 
vt 0.294847 0.754505 
vt 0.395554 0.754505 
vt 0.294847 0.808925 
vt 0.395554 0.808925 
vt 0.329877 0.933596 
vt 0.466193 0.980471 
vt 0.329877 0.980471 
vt 0.466193 0.933596 
vt 0.466193 0.525504 
vt 0.329877 0.555835 
vt 0.329877 0.525504 
vt 0.466193 0.555835 
vt 0.466193 0.525504 
vt 0.329877 0.495173 
vt 0.057245 0.555835 
vt 0.193561 0.525504 
vt 0.193561 0.555835 
vt 0.057245 0.525504 
vt 0.193561 0.525504 
vt 0.057245 0.495173 
vt 0.193561 0.511717 
vt 0.057245 0.558592 
vt 0.057245 0.511717 
vt 0.193561 0.558592 
vt 0.193561 0.511717 
vt 0.057245 0.464842 
vt 0.19414 0.760552 
vt 0.19414 0.718226 
vt 0.294847 0.760552 
vt 0.294847 0.718226 
vt 0.193561 0.544169 
vt 0.057245 0.583833 
vt 0.057245 0.544169 
vt 0.193561 0.583833 
vt 0.294847 0.718226 
vt 0.294847 0.6759 
vt 0.19414 0.6759 
vt 0.19414 0.718226 
vt 0.193561 0.605468 
vt 0.193561 0.558592 
vt 0.329877 0.605468 
vt 0.329877 0.558592 
vt 0.193561 0.558592 
vt 0.329877 0.511717 
vt 0.193561 0.511717 
vt 0.329877 0.511717 
vt 0.193561 0.464841 
vt 0.057245 0.933596 
vt 0.057245 0.88672 
vt 0.193561 0.933596 
vt 0.193561 0.88672 
vt 0.294847 0.754505 
vt 0.19414 0.754506 
vt 0.19414 0.700086 
vt 0.294847 0.700086 
vt 0.193561 0.980471 
vt 0.057245 0.923179 
vt 0.193561 0.923179 
vt 0.057245 0.923179 
vt 0.193561 0.865887 
vt 0.057245 0.865887 
vt 0.329877 0.558592 
vt 0.329877 0.511717 
vt 0.466193 0.558592 
vt 0.466193 0.511717 
vt 0.329877 0.511717 
vt 0.329877 0.464841 
vt 0.193561 0.933596 
vt 0.329877 0.980471 
vt 0.193561 0.980471 
vt 0.329877 0.933596 
vt 0.193561 0.933596 
vt 0.329877 0.88672 
vt 0.193561 0.88672 
vt 0.466193 0.511717 
vt 0.466193 0.558592 
vt 0.329877 0.511717 
vt 0.329877 0.558592 
vt 0.329877 0.511717 
vt 0.329877 0.464841 
vt 0.437285 0.501776 
vt 0.339909 0.500219 
vt 0.329877 0.464841 
vt 0.19414 0.591248 
vt 0.294847 0.633574 
vt 0.19414 0.633574 
vt 0.294847 0.6759 
vt 0.19414 0.633574 
vt 0.19414 0.6759 
vt 0.19414 0.802878 
vt 0.19414 0.760552 
vt 0.294847 0.802878 
vt 0.294847 0.760552 
vt 0.466193 0.511717 
vt 0.466193 0.558592 
vt 0.329877 0.511717 
vt 0.329877 0.558592 
vt 0.329877 0.511717 
vt 0.329877 0.464841 
vt 0.057245 0.544169 
vt 0.193561 0.504505 
vt 0.193561 0.544169 
vt 0.057245 0.504505 
vt 0.193561 0.504505 
vt 0.057245 0.464842 
vt 0.339909 0.500219 
vt 0.329877 0.535155 
vt 0.193561 0.501776 
vt 0.193561 0.535155 
vt 0.193561 0.946096 
vt 0.329877 0.980471 
vt 0.193561 0.980471 
vt 0.329877 0.946096 
vt 0.19414 0.754506 
vt 0.294847 0.808925 
vt 0.19414 0.808925 
vt 0.294847 0.754505 
vt 0.329877 0.511717 
vt 0.329877 0.558592 
vt 0.193561 0.511717 
vt 0.193561 0.558592 
vt 0.193561 0.511717 
vt 0.193561 0.464841 
vt 0.176793 0.608937 
vt 0.297039 0.650287 
vt 0.176793 0.659294 
vt 0.297039 0.608937 
vt 0.193561 0.95014 
vt 0.329877 0.95014 
vt 0.329877 0.980471 
vt 0.193561 0.980471 
vt 0.329877 0.586166 
vt 0.193561 0.586166 
vt 0.193561 0.555835 
vt 0.329877 0.555835 
vt 0.193561 0.933596 
vt 0.329877 0.980471 
vt 0.193561 0.980471 
vt 0.329877 0.933596 
vt 0.193561 0.933596 
vt 0.329877 0.88672 
vt 0.193561 0.88672 
vt 0.294847 0.845204 
vt 0.19414 0.802878 
vt 0.294847 0.802878 
vt 0.19414 0.845204 
vt 0.329877 0.933596 
vt 0.329877 0.980471 
vt 0.193561 0.933596 
vt 0.193561 0.980471 
vt 0.193561 0.558592 
vt 0.193561 0.511717 
vt 0.329877 0.558592 
vt 0.329877 0.511717 
vt 0.193561 0.511717 
vt 0.193561 0.464841 
vt 0.057245 0.980471 
vt 0.057245 0.92475 
vt 0.466193 0.980471 
vt 0.466193 0.92475 
vt 0.193561 0.499217 
vt 0.329877 0.533592 
vt 0.193561 0.533592 
vt 0.329877 0.499217 
vt 0.193561 0.499217 
vt 0.193561 0.464841 
vt 0.057245 0.980471 
vt 0.057245 0.933596 
vt 0.193561 0.980471 
vt 0.193561 0.933596 
vt 0.294847 0.929856 
vt 0.19414 0.88753 
vt 0.294847 0.88753 
vt 0.19414 0.929856 
vt 0.294847 0.929856 
vt 0.294847 0.972182 
vt 0.193561 0.88672 
vt 0.329877 0.88672 
vt 0.329877 0.933596 
vt 0.193561 0.933596 
vt 0.193561 0.88672 
vt 0.329877 0.839845 
vt 0.193561 0.839845 
vt 0.057245 0.558592 
vt 0.193561 0.511717 
vt 0.193561 0.558592 
vt 0.057245 0.511717 
vt 0.193561 0.511717 
vt 0.057245 0.464842 
vt 0.193561 0.919809 
vt 0.329877 0.919809 
vt 0.329877 0.95014 
vt 0.193561 0.95014 
vt 0.294847 0.863344 
vt 0.19414 0.808925 
vt 0.294847 0.808925 
vt 0.19414 0.863344 
vt 0.193561 0.940807 
vt 0.329877 0.940807 
vt 0.329877 0.980471 
vt 0.193561 0.980471 
vt 0.329877 0.940807 
vt 0.193561 0.980471 
vt 0.193561 0.940807 
vt 0.329877 0.980471 
vt 0.294847 0.88753 
vt 0.19414 0.845204 
vt 0.294847 0.845204 
vt 0.19414 0.88753 
vt 0.294847 0.917763 
vt 0.19414 0.863344 
vt 0.294847 0.863344 
vt 0.19414 0.917763 
vt 0.294847 0.917763 
vt 0.294847 0.972182 
vt 0.193561 0.544169 
vt 0.329877 0.504505 
vt 0.329877 0.544169 
vt 0.193561 0.504505 
vt 0.329877 0.504505 
vt 0.193561 0.464841 
vt 0.193561 0.605468 
vt 0.329877 0.558592 
vt 0.329877 0.605468 
vt 0.193561 0.558592 
vt 0.329877 0.980471 
vt 0.193561 0.946096 
vt 0.329877 0.946096 
vt 0.193561 0.946096 
vt 0.329877 0.91172 
vt 0.193561 0.91172 
vt 0.193561 0.877345 
vt 0.329877 0.91172 
vt 0.329877 0.877345 
vt 0.193561 0.980471 
vt 0.329877 0.940807 
vt 0.329877 0.980471 
vt 0.193561 0.940807 
vt 0.176793 0.939732 
vt 0.297039 0.981082 
vt 0.176793 0.981082 
vt 0.297039 0.939732 
vt 0.176793 0.939732 
vt 0.297039 0.898383 
vt 0.176793 0.898383 
vt 0.466193 0.877345 
vt 0.057245 0.774219 
vt 0.466193 0.774219 
vt 0.057245 0.877345 
vt 0.466193 0.877345 
vt 0.466193 0.92475 
vt 0.057245 0.877345 
vt 0.057245 0.92475 
vt 0.329877 0.940807 
vt 0.193561 0.980471 
vt 0.193561 0.940807 
vt 0.329877 0.980471 
vt 0.329877 0.940807 
vt 0.193561 0.901143 
vt 0.329877 0.901143 
vt 0.329877 0.946096 
vt 0.193561 0.980471 
vt 0.193561 0.946096 
vt 0.329877 0.980471 
vt 0.193561 0.91172 
vt 0.329877 0.946096 
vt 0.329877 0.91172 
vt 0.193561 0.91172 
vt 0.329877 0.877345 
vt 0.193561 0.877345 
vt 0.193561 0.663161 
vt 0.193561 0.623497 
vt 0.329877 0.663161 
vt 0.329877 0.623497 
vt 0.193561 0.940807 
vt 0.329877 0.940807 
vt 0.329877 0.980471 
vt 0.193561 0.980471 
vt 0.193561 0.940807 
vt 0.193561 0.901143 
vt 0.329877 0.901143 
vt 0.193561 0.901143 
vt 0.329877 0.86148 
vt 0.193561 0.86148 
vt 0.329877 0.980471 
vt 0.193561 0.980471 
vt 0.193561 0.940807 
vt 0.329877 0.940807 
vt 0.193561 0.940807 
vt 0.329877 0.901143 
vt 0.193561 0.901143 
vt 0.193561 0.86148 
vt 0.329877 0.86148 
vt 0.329877 0.940807 
vt 0.193561 0.980471 
vt 0.193561 0.940807 
vt 0.329877 0.980471 
vt 0.193561 0.889478 
vt 0.329877 0.889478 
vt 0.329877 0.919809 
vt 0.193561 0.919809 
vt 0.329877 0.980471 
vt 0.193561 0.940807 
vt 0.329877 0.940807 
vt 0.193561 0.940807 
vt 0.329877 0.901143 
vt 0.193561 0.901143 
vt 0.329877 0.901143 
vt 0.193561 0.86148 
vt 0.329877 0.86148 
vt 0.329877 0.940807 
vt 0.193561 0.980471 
vt 0.193561 0.940807 
vt 0.329877 0.980471 
vt 0.329877 0.940807 
vt 0.193561 0.901143 
vt 0.329877 0.901143 
vt 0.193561 0.901143 
vt 0.329877 0.86148 
vt 0.193561 0.86148 
vt 0.329877 0.901143 
vt 0.329877 0.940807 
vt 0.193561 0.901143 
vt 0.193561 0.940807 
vt 0.329877 0.86148 
vt 0.193561 0.86148 
vt 0.193561 0.88672 
vt 0.329877 0.88672 
vt 0.329877 0.933596 
vt 0.193561 0.933596 
vt 0.329877 0.901143 
vt 0.193561 0.940807 
vt 0.193561 0.901143 
vt 0.329877 0.940807 
vt 0.057245 0.671093 
vt 0.466193 0.774219 
vt 0.057245 0.774219 
vt 0.466193 0.671093 
vt 0.193561 0.933596 
vt 0.329877 0.933596 
vt 0.329877 0.980471 
vt 0.193561 0.980471 
vt 0.329877 0.839845 
vt 0.193561 0.88672 
vt 0.193561 0.839845 
vt 0.329877 0.88672 
vt 0.329877 0.544169 
vt 0.329877 0.504505 
vt 0.466193 0.544169 
vt 0.466193 0.504505 
vt 0.329877 0.504505 
vt 0.329877 0.464841 
vt 0.329877 0.933596 
vt 0.193561 0.980471 
vt 0.193561 0.933596 
vt 0.329877 0.980471 
vt 0.193561 0.663161 
vt 0.329877 0.623497 
vt 0.329877 0.663161 
vt 0.193561 0.623497 
vt 0.057245 0.567967 
vt 0.466193 0.671093 
vt 0.057245 0.671093 
vt 0.466193 0.567967 
vt 0.057245 0.567967 
vt 0.466193 0.464841 
vt 0.329877 0.980471 
vt 0.193561 0.90681 
vt 0.329877 0.90681 
vt 0.193561 0.90681 
vt 0.329877 0.833148 
vt 0.193561 0.833148 
vt 0.329877 0.940807 
vt 0.193561 0.980471 
vt 0.193561 0.940807 
vt 0.329877 0.980471 
vt 0.329877 0.940807 
vt 0.193561 0.980471 
vt 0.193561 0.940807 
vt 0.329877 0.980471 
vt 0.193561 0.605468 
vt 0.329877 0.605468 
vt 0.329877 0.652343 
vt 0.193561 0.652343 
vt 0.193561 0.605468 
vt 0.329877 0.558592 
vt 0.193561 0.558592 
vt 0.193561 0.511717 
vt 0.329877 0.558592 
vt 0.329877 0.511717 
vt 0.193561 0.511717 
vt 0.193561 0.464841 
vt 0.193561 0.933596 
vt 0.329877 0.933596 
vt 0.329877 0.980471 
vt 0.193561 0.980471 
vt 0.193561 0.933596 
vt 0.329877 0.88672 
vt 0.193561 0.88672 
vt 0.193561 0.86148 
vt 0.329877 0.86148 
vt 0.329877 0.901143 
vt 0.193561 0.901143 
vt 0.193561 0.86148 
vt 0.329877 0.821816 
vt 0.193561 0.821816 
vt 0.329877 0.558592 
vt 0.329877 0.605468 
vt 0.193561 0.558592 
vt 0.193561 0.605468 
vt 0.329877 0.605468 
vt 0.193561 0.652343 
vt 0.193561 0.605468 
vt 0.329877 0.652343 
vt 0.193561 0.933596 
vt 0.329877 0.933596 
vt 0.329877 0.980471 
vt 0.193561 0.980471 
vt 0.193561 0.940807 
vt 0.329877 0.901143 
vt 0.329877 0.940807 
vt 0.193561 0.901143 
vt 0.291771 0.508995 
vt 0.235296 0.505366 
vt 0.263421 0.42855 
vt 0.329877 0.616497 
vt 0.193561 0.616497 
vt 0.193561 0.586166 
vt 0.329877 0.586166 
vt 0.329877 0.901143 
vt 0.193561 0.940807 
vt 0.193561 0.901143 
vt 0.329877 0.940807 
vt 0.329877 0.792969 
vt 0.193561 0.839845 
vt 0.193561 0.792969 
vt 0.329877 0.839845 
vt 0.193561 0.652343 
vt 0.193561 0.605468 
vt 0.329877 0.652343 
vt 0.329877 0.605468 
vt 0.329877 0.942541 
vt 0.193561 0.980471 
vt 0.193561 0.942541 
vt 0.329877 0.980471 
vt 0.193561 0.942541 
vt 0.329877 0.914833 
vt 0.193561 0.914833 
vt 0.193561 0.623497 
vt 0.329877 0.583833 
vt 0.329877 0.623497 
vt 0.193561 0.583833 
vt 0.329877 0.901143 
vt 0.193561 0.940807 
vt 0.193561 0.901143 
vt 0.329877 0.940807 
vt 0.193561 0.86148 
vt 0.329877 0.901143 
vt 0.329877 0.86148 
vt 0.193561 0.980471 
vt 0.329877 0.946096 
vt 0.329877 0.980471 
vt 0.193561 0.946096 
vt 0.193561 0.929485 
vt 0.329877 0.946096 
vt 0.329877 0.91172 
vt 0.193561 0.91172 
vt 0.193561 0.897463 
vt 0.329877 0.877345 
vt 0.193561 0.877345 
vt 0.193561 0.84297 
vt 0.329877 0.877345 
vt 0.329877 0.84297 
vt 0.329877 0.699219 
vt 0.193561 0.652343 
vt 0.329877 0.652343 
vt 0.193561 0.699219 
vt 0.193561 0.901143 
vt 0.329877 0.86148 
vt 0.329877 0.901143 
vt 0.193561 0.86148 
vt 0.329877 0.901143 
vt 0.193561 0.940807 
vt 0.193561 0.901143 
vt 0.329877 0.940807 
vt 0.193561 0.933596 
vt 0.329877 0.980471 
vt 0.193561 0.980471 
vt 0.329877 0.933596 
vt 0.193561 0.933596 
vt 0.329877 0.88672 
vt 0.193561 0.88672 
vt 0.193561 0.839845 
vt 0.329877 0.88672 
vt 0.329877 0.839845 
vt 0.329877 0.86148 
vt 0.193561 0.901143 
vt 0.193561 0.86148 
vt 0.329877 0.901143 
vt 0.329877 0.663161 
vt 0.193561 0.702824 
vt 0.193561 0.663161 
vt 0.329877 0.702824 
vt 0.329877 0.792969 
vt 0.193561 0.746094 
vt 0.329877 0.746094 
vt 0.193561 0.699219 
vt 0.329877 0.746094 
vt 0.329877 0.699219 
vt 0.193561 0.699219 
vt 0.329877 0.652343 
vt 0.193561 0.652343 
vt 0.329877 0.84297 
vt 0.193561 0.877345 
vt 0.193561 0.84297 
vt 0.329877 0.877345 
vt 0.329877 0.839845 
vt 0.193561 0.863077 
vt 0.193561 0.839845 
vt 0.329877 0.88672 
vt 0.193561 0.88672 
vt 0.329877 0.821816 
vt 0.193561 0.86148 
vt 0.193561 0.821816 
vt 0.329877 0.86148 
vt 0.193561 0.933596 
vt 0.329877 0.980471 
vt 0.193561 0.980471 
vt 0.329877 0.933596 
vt 0.193561 0.821816 
vt 0.329877 0.86148 
vt 0.193561 0.86148 
vt 0.329877 0.821816 
vt 0.329877 0.86148 
vt 0.193561 0.901143 
vt 0.193561 0.86148 
vt 0.329877 0.901143 
vt 0.193561 0.605468 
vt 0.329877 0.558592 
vt 0.329877 0.605468 
vt 0.193561 0.558592 
vt 0.193561 0.511717 
vt 0.329877 0.558592 
vt 0.329877 0.511717 
vt 0.193561 0.511717 
vt 0.193561 0.464841 
vt 0.329877 0.946096 
vt 0.193561 0.91172 
vt 0.329877 0.91172 
vt 0.193561 0.946096 
vt 0.193561 0.91172 
vt 0.329877 0.877345 
vt 0.193561 0.877345 
vt 0.193561 0.84297 
vt 0.329877 0.877345 
vt 0.329877 0.84297 
vt 0.329877 0.808594 
vt 0.193561 0.84297 
vt 0.193561 0.808594 
vt 0.329877 0.84297 
vt 0.329877 0.821816 
vt 0.193561 0.86148 
vt 0.193561 0.821816 
vt 0.329877 0.86148 
vt 0.329877 0.746094 
vt 0.193561 0.792969 
vt 0.193561 0.746094 
vt 0.329877 0.792969 
vt 0.193561 0.699219 
vt 0.329877 0.746094 
vt 0.329877 0.699219 
vt 0.294847 0.591248 
vt 0.395553 0.645667 
vt 0.294847 0.645667 
vt 0.395553 0.700086 
vt 0.294847 0.645667 
vt 0.294847 0.700086 
vt 0.329877 0.980471 
vt 0.193561 0.933596 
vt 0.329877 0.933596 
vt 0.193561 0.933596 
vt 0.329877 0.913916 
vt 0.194676 0.913707 
vt 0.056546 0.608937 
vt 0.176793 0.567588 
vt 0.176793 0.608937 
vt 0.056546 0.567588 
vt 0.176793 0.567588 
vt 0.056546 0.526239 
vt 0.329877 0.702824 
vt 0.193561 0.742488 
vt 0.193561 0.702824 
vt 0.329877 0.742488 
vt 0.193561 0.605468 
vt 0.329877 0.558592 
vt 0.329877 0.605468 
vt 0.193561 0.558592 
vt 0.264159 0.99259 
vt 0.147664 0.963213 
vt 0.264159 0.963213 
vt 0.147664 0.963213 
vt 0.264159 0.948524 
vt 0.147664 0.948524 
vt 0.264159 0.948524 
vt 0.147664 0.933836 
vt 0.264159 0.933836 
vt 0.297039 0.857034 
vt 0.176793 0.898383 
vt 0.176793 0.857034 
vt 0.297039 0.898383 
vt 0.297039 0.815684 
vt 0.297039 0.857034 
vt 0.176793 0.815684 
vt 0.193561 0.86148 
vt 0.329877 0.821816 
vt 0.329877 0.86148 
vt 0.193561 0.821816 
vt 0.329877 0.821816 
vt 0.193561 0.782152 
vt 0.329877 0.782152 
vt 0.329877 0.742488 
vt 0.193561 0.782152 
vt 0.193561 0.742488 
vt 0.329877 0.782152 
vt 0.329877 0.774219 
vt 0.193561 0.808594 
vt 0.193561 0.774219 
vt 0.329877 0.808594 
vt 0.193561 0.86148 
vt 0.329877 0.821816 
vt 0.329877 0.86148 
vt 0.193561 0.821816 
vt 0.329877 0.821816 
vt 0.193561 0.782152 
vt 0.329877 0.782152 
vt 0.329877 0.839845 
vt 0.193561 0.88672 
vt 0.193561 0.839845 
vt 0.329877 0.88672 
vt 0.329877 0.504505 
vt 0.193561 0.544169 
vt 0.193561 0.504505 
vt 0.329877 0.544169 
vt 0.329877 0.504505 
vt 0.193561 0.464841 
vt 0.329877 0.792969 
vt 0.193561 0.839845 
vt 0.193561 0.792969 
vt 0.329877 0.839845 
vt 0.193561 0.782152 
vt 0.329877 0.821816 
vt 0.193561 0.821816 
vt 0.329877 0.782152 
vt 0.193561 0.782152 
vt 0.329877 0.733863 
vt 0.329877 0.782152 
vt 0.193561 0.733863 
vt 0.193561 0.663161 
vt 0.329877 0.733863 
vt 0.329877 0.663161 
vt 0.329877 0.623497 
vt 0.193561 0.672741 
vt 0.193561 0.623497 
vt 0.329877 0.663161 
vt 0.193561 0.623497 
vt 0.329877 0.623497 
vt 0.329877 0.663161 
vt 0.193561 0.663161 
vt 0.329877 0.980471 
vt 0.193561 0.933596 
vt 0.329877 0.933596 
vt 0.193561 0.933596 
vt 0.329877 0.88672 
vt 0.193561 0.88672 
vt 0.329877 0.782152 
vt 0.193561 0.821816 
vt 0.193561 0.782152 
vt 0.329877 0.821816 
vt 0.329877 0.605468 
vt 0.193561 0.558592 
vt 0.329877 0.558592 
vt 0.193561 0.605468 
vt 0.193561 0.821816 
vt 0.329877 0.86148 
vt 0.193561 0.86148 
vt 0.329877 0.821816 
vt 0.193561 0.821816 
vt 0.329877 0.782152 
vt 0.193561 0.782152 
vt 0.193561 0.583833 
vt 0.329877 0.583833 
vt 0.329877 0.623497 
vt 0.193561 0.623497 
vt 0.329877 0.955668 
vt 0.193561 0.908792 
vt 0.329877 0.908792 
vt 0.193561 0.861917 
vt 0.329877 0.908792 
vt 0.329877 0.861917 
vt 0.326776 0.958768 
vt 0.19046 0.919104 
vt 0.326776 0.919104 
vt 0.19046 0.879441 
vt 0.326776 0.919104 
vt 0.326776 0.879441 
vt 0.193561 0.933596 
vt 0.329877 0.933596 
vt 0.329877 0.956265 
vt 0.329877 0.980471 
vt 0.193561 0.933596 
vt 0.329877 0.88672 
vt 0.193561 0.88672 
vt 0.329877 0.980471 
vt 0.193561 0.933596 
vt 0.329877 0.933596 
vt 0.193561 0.88672 
vt 0.329877 0.933596 
vt 0.329877 0.88672 
vt 0.194676 0.913707 
vt 0.329877 0.900468 
vt 0.329877 0.913916 
vt 0.329877 0.88672 
vt 0.193561 0.88672 
vt 0.329877 0.839845 
vt 0.193561 0.839845 
vt 0.329877 0.88672 
vt 0.329877 0.933596 
vt 0.193561 0.933596 
vt 0.193561 0.88672 
vt 0.329877 0.88672 
vt 0.193561 0.88672 
vt 0.329877 0.839845 
vt 0.193561 0.839845 
vt 0.193561 0.742488 
vt 0.329877 0.782152 
vt 0.193561 0.782152 
vt 0.329877 0.742488 
vt 0.19046 0.839777 
vt 0.326776 0.839777 
vt 0.326776 0.879441 
vt 0.19046 0.879441 
vt 0.329877 0.980471 
vt 0.193561 0.940807 
vt 0.329877 0.940807 
vt 0.193561 0.940807 
vt 0.329877 0.901143 
vt 0.193561 0.901143 
vt 0.193561 0.86148 
vt 0.329877 0.901143 
vt 0.329877 0.86148 
vt 0.193561 0.839845 
vt 0.329877 0.839845 
vt 0.329877 0.88672 
vt 0.193561 0.88672 
vt 0.193561 0.839845 
vt 0.193561 0.792969 
vt 0.329877 0.792969 
vt 0.329877 0.792969 
vt 0.193561 0.746094 
vt 0.329877 0.746094 
vt 0.193561 0.88672 
vt 0.329877 0.933596 
vt 0.193561 0.933596 
vt 0.329877 0.88672 
vt 0.147664 0.904459 
vt 0.264159 0.933836 
vt 0.147664 0.933836 
vt 0.264159 0.904459 
vt 0.329877 0.821816 
vt 0.193561 0.86148 
vt 0.193561 0.821816 
vt 0.329877 0.86148 
vt 0.19046 0.800113 
vt 0.326776 0.800113 
vt 0.326776 0.839777 
vt 0.19046 0.839777 
vt 0.329877 0.739844 
vt 0.193561 0.774219 
vt 0.193561 0.739844 
vt 0.329877 0.774219 
vt 0.329877 0.980471 
vt 0.193561 0.940807 
vt 0.329877 0.940807 
vt 0.193561 0.940807 
vt 0.329877 0.901143 
vt 0.193561 0.901143 
vt 0.147664 0.875082 
vt 0.264159 0.875082 
vt 0.264159 0.904459 
vt 0.147664 0.904459 
vt 0.329877 0.839845 
vt 0.193561 0.88672 
vt 0.193561 0.839845 
vt 0.329877 0.88672 
vt 0.193561 0.88672 
vt 0.329877 0.839845 
vt 0.329877 0.88672 
vt 0.193561 0.839845 
vt 0.329877 0.86148 
vt 0.193561 0.901143 
vt 0.193561 0.86148 
vt 0.329877 0.901143 
vt 0.193561 0.821816 
vt 0.329877 0.86148 
vt 0.329877 0.821816 
vt 0.193561 0.821816 
vt 0.329877 0.782152 
vt 0.193561 0.782152 
vt 0.329877 0.792969 
vt 0.193561 0.839845 
vt 0.193561 0.792969 
vt 0.329877 0.839845 
vt 0.193561 0.914833 
vt 0.329877 0.88672 
vt 0.329877 0.914833 
vt 0.193561 0.88672 
vt 0.329877 0.792969 
vt 0.193561 0.839845 
vt 0.193561 0.792969 
vt 0.329877 0.839845 
vt 0.193561 0.861917 
vt 0.193561 0.815042 
vt 0.329877 0.861917 
vt 0.329877 0.815042 
vt 0.193561 0.663161 
vt 0.329877 0.663161 
vt 0.329877 0.702824 
vt 0.193561 0.702824 
vt 0.193561 0.859146 
vt 0.329877 0.859146 
vt 0.329877 0.889478 
vt 0.193561 0.889478 
vt 0.193561 0.859146 
vt 0.193561 0.828815 
vt 0.329877 0.828815 
vt 0.193561 0.798484 
vt 0.329877 0.798484 
vt 0.193561 0.798484 
vt 0.329877 0.768153 
vt 0.193561 0.768153 
vt 0.193561 0.623497 
vt 0.329877 0.583833 
vt 0.329877 0.623497 
vt 0.193561 0.583833 
vt 0.329877 0.583833 
vt 0.193561 0.544169 
vt 0.329877 0.544169 
vt 0.193561 0.544169 
vt 0.329877 0.504505 
vt 0.193561 0.504505 
vt 0.329877 0.504505 
vt 0.193561 0.464841 
vt 0.193561 0.742488 
vt 0.329877 0.742488 
vt 0.329877 0.782152 
vt 0.193561 0.782152 
vt 0.329877 0.742488 
vt 0.193561 0.782152 
vt 0.193561 0.742488 
vt 0.329877 0.782152 
vt 0.329877 0.535155 
vt 0.329877 0.565457 
vt 0.193561 0.535155 
vt 0.193561 0.565457 
vt 0.193561 0.699219 
vt 0.329877 0.699219 
vt 0.329877 0.746094 
vt 0.193561 0.746094 
vt 0.193561 0.901143 
vt 0.329877 0.86148 
vt 0.329877 0.901143 
vt 0.193561 0.86148 
vt 0.147664 0.845705 
vt 0.264159 0.845705 
vt 0.264159 0.875082 
vt 0.147664 0.875082 
vt 0.297039 0.732985 
vt 0.176793 0.659294 
vt 0.297039 0.650287 
vt 0.176793 0.732985 
vt 0.329877 0.663161 
vt 0.193561 0.742488 
vt 0.193561 0.672741 
vt 0.329877 0.742488 
vt 0.329877 0.558592 
vt 0.329877 0.605468 
vt 0.193561 0.558592 
vt 0.193561 0.605468 
vt 0.329877 0.792969 
vt 0.193561 0.839845 
vt 0.193561 0.792969 
vt 0.329877 0.839845 
vt 0.329877 0.792969 
vt 0.193561 0.746094 
vt 0.329877 0.746094 
vt 0.193561 0.616497 
vt 0.329877 0.616497 
vt 0.329877 0.646828 
vt 0.193561 0.646828 
vt 0.329877 0.782152 
vt 0.193561 0.821816 
vt 0.193561 0.782152 
vt 0.329877 0.821816 
vt 0.19046 0.760449 
vt 0.326776 0.760449 
vt 0.326776 0.800113 
vt 0.19046 0.800113 
vt 0.329877 0.544169 
vt 0.193561 0.583833 
vt 0.193561 0.544169 
vt 0.329877 0.583833 
vt 0.329877 0.583833 
vt 0.193561 0.623497 
vt 0.193561 0.583833 
vt 0.329877 0.623497 
vt 0.193561 0.544169 
vt 0.329877 0.583833 
vt 0.329877 0.544169 
vt 0.329877 0.705469 
vt 0.193561 0.739844 
vt 0.193561 0.705469 
vt 0.329877 0.739844 
vt 0.193561 0.499217 
vt 0.329877 0.533592 
vt 0.193561 0.533592 
vt 0.329877 0.499217 
vt 0.193561 0.499217 
vt 0.193561 0.464841 
vt 0.329877 0.746094 
vt 0.193561 0.792969 
vt 0.193561 0.746094 
vt 0.329877 0.792969 
vt 0.193561 0.723796 
vt 0.329877 0.742488 
vt 0.193561 0.742488 
vt 0.329877 0.72013 
vt 0.193561 0.702824 
vt 0.329877 0.702824 
vt 0.193561 0.702824 
vt 0.329877 0.663161 
vt 0.193561 0.663161 
vt 0.329877 0.782152 
vt 0.193561 0.821816 
vt 0.193561 0.782152 
vt 0.329877 0.821816 
vt 0.193561 0.702824 
vt 0.329877 0.702824 
vt 0.329877 0.742488 
vt 0.193561 0.742488 
vt 0.193561 0.839845 
vt 0.329877 0.792969 
vt 0.329877 0.839845 
vt 0.193561 0.792969 
vt 0.329877 0.980471 
vt 0.193561 0.933596 
vt 0.329877 0.933596 
vt 0.193561 0.933596 
vt 0.329877 0.88672 
vt 0.193561 0.88672 
vt 0.193561 0.839845 
vt 0.329877 0.88672 
vt 0.329877 0.839845 
vt 0.329877 0.742488 
vt 0.193561 0.782152 
vt 0.193561 0.742488 
vt 0.329877 0.782152 
vt 0.329877 0.980471 
vt 0.193561 0.933596 
vt 0.329877 0.933596 
vt 0.193561 0.933596 
vt 0.329877 0.88672 
vt 0.193561 0.88672 
vt 0.147664 0.816328 
vt 0.264159 0.816328 
vt 0.264159 0.845705 
vt 0.147664 0.845705 
vt 0.193561 0.768166 
vt 0.329877 0.815042 
vt 0.193561 0.815042 
vt 0.329877 0.768166 
vt 0.329877 0.980471 
vt 0.193561 0.940807 
vt 0.329877 0.940807 
vt 0.193561 0.901143 
vt 0.329877 0.940807 
vt 0.329877 0.901143 
vt 0.193561 0.901143 
vt 0.329877 0.86148 
vt 0.193561 0.86148 
vt 0.329877 0.86148 
vt 0.193561 0.821816 
vt 0.329877 0.821816 
vt 0.193561 0.821816 
vt 0.329877 0.782152 
vt 0.193561 0.782152 
vt 0.193561 0.839845 
vt 0.329877 0.792969 
vt 0.329877 0.839845 
vt 0.193561 0.792969 
vt 0.329877 0.792969 
vt 0.193561 0.746094 
vt 0.329877 0.746094 
vt 0.329877 0.699219 
vt 0.193561 0.792969 
vt 0.193561 0.699219 
vt 0.329877 0.792969 
vt 0.193561 0.544169 
vt 0.193561 0.504505 
vt 0.329877 0.544169 
vt 0.329877 0.504505 
vt 0.193561 0.504505 
vt 0.193561 0.464841 
vt 0.193561 0.652343 
vt 0.329877 0.652343 
vt 0.329877 0.699219 
vt 0.193561 0.699219 
vt 0.193561 0.88672 
vt 0.329877 0.839845 
vt 0.329877 0.88672 
vt 0.193561 0.839845 
vt 0.329877 0.980471 
vt 0.193561 0.88672 
vt 0.329877 0.88672 
vt 0.193561 0.88672 
vt 0.329877 0.839845 
vt 0.193561 0.839845 
vt 0.329877 0.980471 
vt 0.193561 0.940807 
vt 0.329877 0.940807 
vt 0.329877 0.901143 
vt 0.193561 0.940807 
vt 0.193561 0.901143 
vt 0.193561 0.839845 
vt 0.329877 0.88672 
vt 0.193561 0.88672 
vt 0.329877 0.839845 
vt 0.193561 0.839845 
vt 0.329877 0.792969 
vt 0.193561 0.792969 
vt 0.329877 0.980471 
vt 0.193561 0.933596 
vt 0.329877 0.933596 
vt 0.193561 0.910722 
vt 0.329877 0.933596 
vt 0.329877 0.88672 
vt 0.193561 0.88672 
vt 0.329877 0.980471 
vt 0.193561 0.940807 
vt 0.329877 0.940807 
vt 0.193561 0.901143 
vt 0.329877 0.940807 
vt 0.329877 0.901143 
vt 0.193561 0.901143 
vt 0.329877 0.86148 
vt 0.193561 0.86148 
vt 0.329877 0.623497 
vt 0.193561 0.663161 
vt 0.193561 0.623497 
vt 0.329877 0.663161 
vt 0.193561 0.792969 
vt 0.329877 0.839845 
vt 0.193561 0.839845 
vt 0.329877 0.792969 
vt 0.329877 0.605468 
vt 0.329877 0.652343 
vt 0.193561 0.605468 
vt 0.193561 0.652343 
vt 0.193561 0.533592 
vt 0.329877 0.567967 
vt 0.193561 0.567967 
vt 0.329877 0.533592 
vt 0.147664 0.786951 
vt 0.264159 0.786951 
vt 0.264159 0.816328 
vt 0.147664 0.816328 
vt 0.193561 0.792969 
vt 0.329877 0.746094 
vt 0.329877 0.792969 
vt 0.193561 0.746094 
vt 0.193561 0.808594 
vt 0.329877 0.84297 
vt 0.193561 0.84297 
vt 0.329877 0.808594 
vt 0.193561 0.544169 
vt 0.329877 0.504505 
vt 0.329877 0.544169 
vt 0.193561 0.504505 
vt 0.329877 0.504505 
vt 0.193561 0.464841 
vt 0.193561 0.808594 
vt 0.329877 0.84297 
vt 0.193561 0.84297 
vt 0.329877 0.808594 
vt 0.193561 0.808594 
vt 0.329877 0.751334 
vt 0.193561 0.751334 
vt 0.193561 0.652343 
vt 0.329877 0.746094 
vt 0.193561 0.746094 
vt 0.329877 0.652343 
vt 0.329877 0.88672 
vt 0.193561 0.933596 
vt 0.193561 0.88672 
vt 0.329877 0.933596 
vt 0.329877 0.88672 
vt 0.193561 0.839845 
vt 0.329877 0.839845 
vt 0.329877 0.605468 
vt 0.193561 0.652343 
vt 0.193561 0.605468 
vt 0.329877 0.652343 
vt 0.193561 0.86148 
vt 0.329877 0.821816 
vt 0.329877 0.86148 
vt 0.193561 0.821816 
vt 0.329877 0.782152 
vt 0.193561 0.821816 
vt 0.193561 0.782152 
vt 0.329877 0.821816 
vt 0.193561 0.782152 
vt 0.329877 0.742488 
vt 0.193561 0.742488 
vt 0.193561 0.742488 
vt 0.329877 0.702824 
vt 0.193561 0.702824 
vt 0.329877 0.702824 
vt 0.193561 0.663161 
vt 0.329877 0.663161 
vt 0.193561 0.663161 
vt 0.329877 0.623497 
vt 0.193561 0.623497 
vt 0.147664 0.757574 
vt 0.264159 0.757574 
vt 0.264159 0.786951 
vt 0.147664 0.786951 
vt 0.297039 0.774335 
vt 0.176793 0.815684 
vt 0.176793 0.774335 
vt 0.297039 0.815684 
vt 0.176793 0.732985 
vt 0.297039 0.774335 
vt 0.297039 0.732985 
vt 0.193561 0.742488 
vt 0.329877 0.742488 
vt 0.329877 0.782152 
vt 0.193561 0.782152 
vt 0.193561 0.742488 
vt 0.329877 0.702824 
vt 0.193561 0.702824 
vt 0.193561 0.699219 
vt 0.329877 0.699219 
vt 0.329877 0.746094 
vt 0.193561 0.746094 
vt 0.193561 0.652343 
vt 0.329877 0.652343 
vt 0.193561 0.699219 
vt 0.329877 0.652343 
vt 0.193561 0.605468 
vt 0.329877 0.605468 
vt 0.329877 0.980471 
vt 0.193561 0.940807 
vt 0.329877 0.940807 
vt 0.193561 0.901143 
vt 0.329877 0.940807 
vt 0.329877 0.901143 
vt 0.193561 0.901143 
vt 0.329877 0.86148 
vt 0.193561 0.86148 
vt 0.193561 0.751334 
vt 0.329877 0.705469 
vt 0.329877 0.751334 
vt 0.193561 0.705469 
vt 0.193561 0.839845 
vt 0.329877 0.792969 
vt 0.329877 0.839845 
vt 0.193561 0.792969 
vt 0.329877 0.699219 
vt 0.193561 0.746094 
vt 0.193561 0.699219 
vt 0.329877 0.746094 
vt 0.329877 0.699219 
vt 0.193561 0.605468 
vt 0.329877 0.605468 
vt 0.193561 0.839845 
vt 0.329877 0.792969 
vt 0.329877 0.839845 
vt 0.193561 0.792969 
vt 0.193561 0.746094 
vt 0.329877 0.792969 
vt 0.329877 0.746094 
vt 0.193561 0.746094 
vt 0.329877 0.699219 
vt 0.193561 0.699219 
vt 0.329877 0.544169 
vt 0.193561 0.544169 
vt 0.193561 0.504505 
vt 0.329877 0.504505 
vt 0.193561 0.504505 
vt 0.193561 0.464841 
vt 0.193561 0.742488 
vt 0.329877 0.702824 
vt 0.329877 0.742488 
vt 0.193561 0.702824 
vt 0.193561 0.623497 
vt 0.329877 0.583833 
vt 0.329877 0.623497 
vt 0.193561 0.583833 
vt 0.193561 0.583833 
vt 0.329877 0.544169 
vt 0.193561 0.544169 
vt 0.193561 0.504505 
vt 0.329877 0.544169 
vt 0.329877 0.504505 
vt 0.193561 0.504505 
vt 0.193561 0.464841 
vt 0.193561 0.746094 
vt 0.329877 0.792969 
vt 0.193561 0.792969 
vt 0.329877 0.746094 
vt 0.193561 0.652343 
vt 0.329877 0.652343 
vt 0.329877 0.699219 
vt 0.193561 0.699219 
vt 0.329877 0.746094 
vt 0.193561 0.792969 
vt 0.193561 0.746094 
vt 0.329877 0.792969 
vt 0.329877 0.652343 
vt 0.193561 0.652343 
vt 0.193561 0.605468 
vt 0.329877 0.605468 
vt 0.193561 0.721291 
vt 0.329877 0.768166 
vt 0.193561 0.768166 
vt 0.329877 0.721291 
vt 0.329877 0.821816 
vt 0.193561 0.86148 
vt 0.193561 0.821816 
vt 0.329877 0.86148 
vt 0.193561 0.767853 
vt 0.329877 0.821816 
vt 0.329877 0.767853 
vt 0.193561 0.702824 
vt 0.193561 0.767853 
vt 0.329877 0.702824 
vt 0.193561 0.674415 
vt 0.329877 0.721291 
vt 0.193561 0.721291 
vt 0.329877 0.674415 
vt 0.193561 0.583833 
vt 0.329877 0.623497 
vt 0.193561 0.623497 
vt 0.329877 0.583833 
vt 0.193561 0.583833 
vt 0.329877 0.544169 
vt 0.193561 0.544169 
vt 0.19046 0.720785 
vt 0.326776 0.720785 
vt 0.326776 0.760449 
vt 0.19046 0.760449 
vt 0.193561 0.605468 
vt 0.329877 0.558592 
vt 0.329877 0.605468 
vt 0.193561 0.558592 
vt 0.193561 0.511717 
vt 0.329877 0.558592 
vt 0.329877 0.511717 
vt 0.193561 0.511717 
vt 0.193561 0.464841 
vt 0.193561 0.746094 
vt 0.329877 0.699219 
vt 0.329877 0.746094 
vt 0.193561 0.699219 
vt 0.193561 0.792969 
vt 0.329877 0.746094 
vt 0.329877 0.792969 
vt 0.193561 0.746094 
vt 0.193561 0.746094 
vt 0.329877 0.699219 
vt 0.329877 0.746094 
vt 0.193561 0.699219 
vt 0.193561 0.652343 
vt 0.329877 0.699219 
vt 0.329877 0.652343 
vt 0.193561 0.821816 
vt 0.329877 0.782152 
vt 0.329877 0.821816 
vt 0.193561 0.782152 
vt 0.329877 0.671093 
vt 0.193561 0.705469 
vt 0.193561 0.671093 
vt 0.329877 0.705469 
vt 0.329877 0.605468 
vt 0.193561 0.652343 
vt 0.193561 0.605468 
vt 0.329877 0.652343 
vt 0.193561 0.558592 
vt 0.329877 0.605468 
vt 0.329877 0.558592 
vt 0.193561 0.558592 
vt 0.329877 0.511717 
vt 0.193561 0.511717 
vt 0.329877 0.511717 
vt 0.193561 0.464841 
vt 0.193561 0.699219 
vt 0.329877 0.699219 
vt 0.329877 0.746094 
vt 0.193561 0.746094 
vt 0.329877 0.652343 
vt 0.193561 0.699219 
vt 0.193561 0.652343 
vt 0.329877 0.699219 
vt 0.329877 0.980471 
vt 0.193561 0.933596 
vt 0.329877 0.933596 
vt 0.193561 0.88672 
vt 0.329877 0.933596 
vt 0.329877 0.88672 
vt 0.329877 0.605468 
vt 0.193561 0.652343 
vt 0.193561 0.605468 
vt 0.329877 0.652343 
vt 0.326776 0.720785 
vt 0.19046 0.681122 
vt 0.326776 0.681122 
vt 0.19046 0.720785 
vt 0.19046 0.681122 
vt 0.326776 0.641458 
vt 0.19046 0.641458 
vt 0.193561 0.533592 
vt 0.329877 0.567967 
vt 0.193561 0.567967 
vt 0.329877 0.533592 
vt 0.329877 0.86148 
vt 0.193561 0.901143 
vt 0.193561 0.86148 
vt 0.329877 0.901143 
vt 0.329877 0.652343 
vt 0.193561 0.699219 
vt 0.193561 0.652343 
vt 0.329877 0.699219 
vt 0.193561 0.62754 
vt 0.329877 0.674415 
vt 0.193561 0.674415 
vt 0.329877 0.62754 
vt 0.329877 0.636718 
vt 0.193561 0.671093 
vt 0.193561 0.636718 
vt 0.329877 0.671093 
vt 0.193561 0.602343 
vt 0.329877 0.636718 
vt 0.329877 0.602343 
vt 0.329877 0.565457 
vt 0.329877 0.605468 
vt 0.193561 0.565457 
vt 0.193561 0.605468 
vt 0.329877 0.623497 
vt 0.329877 0.663161 
vt 0.193561 0.623497 
vt 0.193561 0.663161 
vt 0.193561 0.605468 
vt 0.329877 0.605468 
vt 0.329877 0.652343 
vt 0.193561 0.652343 
vt 0.193561 0.605468 
vt 0.329877 0.558592 
vt 0.193561 0.558592 
vt 0.329877 0.558592 
vt 0.193561 0.511717 
vt 0.329877 0.511717 
vt 0.193561 0.511717 
vt 0.193561 0.464841 
vt 0.193561 0.821816 
vt 0.329877 0.86148 
vt 0.193561 0.86148 
vt 0.329877 0.821816 
vt 0.193561 0.821816 
vt 0.329877 0.782152 
vt 0.193561 0.782152 
vt 0.193561 0.742488 
vt 0.329877 0.782152 
vt 0.329877 0.742488 
vt 0.193561 0.782152 
vt 0.329877 0.742488 
vt 0.329877 0.782152 
vt 0.193561 0.742488 
vt 0.329877 0.746094 
vt 0.193561 0.792969 
vt 0.193561 0.746094 
vt 0.329877 0.792969 
vt 0.329877 0.558592 
vt 0.329877 0.605468 
vt 0.193561 0.558592 
vt 0.193561 0.605468 
vt 0.147664 0.728197 
vt 0.264159 0.728197 
vt 0.264159 0.757574 
vt 0.147664 0.757574 
vt 0.329877 0.821816 
vt 0.193561 0.86148 
vt 0.193561 0.821816 
vt 0.329877 0.86148 
vt 0.193561 0.782152 
vt 0.329877 0.821816 
vt 0.329877 0.782152 
vt 0.329877 0.583833 
vt 0.193561 0.583833 
vt 0.193561 0.544169 
vt 0.329877 0.544169 
vt 0.329877 0.671093 
vt 0.193561 0.705469 
vt 0.193561 0.671093 
vt 0.329877 0.705469 
vt 0.193561 0.636718 
vt 0.329877 0.671093 
vt 0.329877 0.636718 
vt 0.19046 0.56213 
vt 0.326776 0.522466 
vt 0.326776 0.56213 
vt 0.19046 0.522466 
vt 0.193561 0.663161 
vt 0.329877 0.663161 
vt 0.329877 0.702824 
vt 0.193561 0.702824 
vt 0.193561 0.623497 
vt 0.193561 0.583833 
vt 0.329877 0.623497 
vt 0.329877 0.583833 
vt 0.193561 0.774219 
vt 0.329877 0.808594 
vt 0.193561 0.808594 
vt 0.329877 0.774219 
vt 0.326776 0.482803 
vt 0.19046 0.522466 
vt 0.19046 0.482803 
vt 0.326776 0.522466 
vt 0.326776 0.482803 
vt 0.19046 0.443139 
vt 0.329877 0.605468 
vt 0.193561 0.652343 
vt 0.193561 0.605468 
vt 0.329877 0.652343 
vt 0.193561 0.605468 
vt 0.329877 0.605468 
vt 0.329877 0.652343 
vt 0.193561 0.652343 
vt 0.147664 0.69882 
vt 0.264159 0.69882 
vt 0.264159 0.728197 
vt 0.147664 0.728197 
vt 0.329877 0.737822 
vt 0.193561 0.768153 
vt 0.193561 0.737822 
vt 0.329877 0.768153 
vt 0.264159 0.69882 
vt 0.147664 0.69882 
vt 0.147664 0.669443 
vt 0.264159 0.669443 
vt 0.329877 0.702824 
vt 0.193561 0.782152 
vt 0.193561 0.702824 
vt 0.329877 0.782152 
vt 0.193561 0.583833 
vt 0.329877 0.544169 
vt 0.329877 0.583833 
vt 0.193561 0.544169 
vt 0.329877 0.663161 
vt 0.193561 0.702824 
vt 0.193561 0.663161 
vt 0.329877 0.702824 
vt 0.329877 0.702824 
vt 0.193561 0.742488 
vt 0.193561 0.702824 
vt 0.329877 0.742488 
vt 0.329877 0.677159 
vt 0.193561 0.707491 
vt 0.193561 0.677159 
vt 0.329877 0.707491 
vt 0.329877 0.677159 
vt 0.193561 0.646828 
vt 0.329877 0.646828 
vt 0.329877 0.544169 
vt 0.193561 0.504505 
vt 0.329877 0.504505 
vt 0.193561 0.544169 
vt 0.193561 0.504505 
vt 0.193561 0.464841 
vt 0.329877 0.699219 
vt 0.193561 0.746094 
vt 0.193561 0.699219 
vt 0.329877 0.746094 
vt 0.329877 0.742488 
vt 0.193561 0.782152 
vt 0.193561 0.742488 
vt 0.329877 0.782152 
vt 0.329877 0.702824 
vt 0.329877 0.742488 
vt 0.193561 0.702824 
vt 0.329877 0.663161 
vt 0.193561 0.663161 
vt 0.329877 0.702824 
vt 0.193561 0.702824 
vt 0.329877 0.663161 
vt 0.329877 0.702824 
vt 0.193561 0.663161 
vt 0.193561 0.567967 
vt 0.329877 0.602343 
vt 0.193561 0.602343 
vt 0.329877 0.567967 
vt 0.329877 0.623497 
vt 0.193561 0.663161 
vt 0.193561 0.623497 
vt 0.329877 0.663161 
vt 0.329877 0.623497 
vt 0.193561 0.583833 
vt 0.329877 0.583833 
vt 0.329877 0.839845 
vt 0.193561 0.88672 
vt 0.193561 0.839845 
vt 0.329877 0.88672 
vt 0.193561 0.792969 
vt 0.329877 0.839845 
vt 0.329877 0.792969 
vt 0.329877 0.746094 
vt 0.193561 0.746094 
vt 0.193561 0.699219 
vt 0.329877 0.746094 
vt 0.329877 0.699219 
vt 0.193561 0.699219 
vt 0.329877 0.652343 
vt 0.193561 0.652343 
vt 0.193561 0.605468 
vt 0.329877 0.652343 
vt 0.329877 0.605468 
vt 0.189178 0.559959 
vt 0.307486 0.513833 
vt 0.325699 0.559959 
vt 0.170072 0.513833 
vt 0.307486 0.513833 
vt 0.193561 0.464841 
vt 0.329877 0.612164 
vt 0.189178 0.559959 
vt 0.193561 0.612164 
vt 0.329877 0.699219 
vt 0.193561 0.746094 
vt 0.193561 0.699219 
vt 0.329877 0.746094 
vt 0.329877 0.699219 
vt 0.193561 0.652343 
vt 0.329877 0.652343 
vt 0.193561 0.533592 
vt 0.329877 0.567967 
vt 0.193561 0.567967 
vt 0.329877 0.533592 
vt 0.193561 0.580665 
vt 0.329877 0.62754 
vt 0.193561 0.62754 
vt 0.329877 0.580665 
vt 0.329877 0.504505 
vt 0.193561 0.544169 
vt 0.193561 0.504505 
vt 0.329877 0.544169 
vt 0.329877 0.504505 
vt 0.193561 0.464841 
vt 0.193561 0.652343 
vt 0.329877 0.674487 
vt 0.193561 0.699219 
vt 0.329877 0.699219 
vt 0.329877 0.652343 
vt 0.329877 0.663161 
vt 0.193561 0.702824 
vt 0.193561 0.663161 
vt 0.329877 0.702824 
vt 0.193561 0.623497 
vt 0.329877 0.663161 
vt 0.329877 0.623497 
vt 0.193561 0.702824 
vt 0.329877 0.702824 
vt 0.329877 0.742488 
vt 0.193561 0.742488 
vt 0.329877 0.707491 
vt 0.193561 0.737822 
vt 0.193561 0.707491 
vt 0.329877 0.737822 
vt 0.193561 0.583833 
vt 0.193561 0.556044 
vt 0.329877 0.583833 
vt 0.329877 0.556044 
vt 0.329877 0.511717 
vt 0.329877 0.558592 
vt 0.193561 0.511717 
vt 0.193561 0.558592 
vt 0.193561 0.511717 
vt 0.193561 0.464841 
vt 0.326776 0.601794 
vt 0.19046 0.641458 
vt 0.19046 0.601794 
vt 0.326776 0.641458 
vt 0.193561 0.84297 
vt 0.329877 0.877345 
vt 0.193561 0.877345 
vt 0.329877 0.84297 
vt 0.193561 0.84297 
vt 0.329877 0.808594 
vt 0.193561 0.808594 
vt 0.329877 0.544169 
vt 0.329877 0.504505 
vt 0.466193 0.544169 
vt 0.466193 0.504505 
vt 0.329877 0.504505 
vt 0.329877 0.464841 
vt 0.326776 0.56213 
vt 0.19046 0.601794 
vt 0.19046 0.56213 
vt 0.326776 0.601794 
vt 0.193561 0.583833 
vt 0.329877 0.623497 
vt 0.193561 0.623497 
vt 0.329877 0.583833 
vt 0.329877 0.663161 
vt 0.193561 0.702824 
vt 0.193561 0.663161 
vt 0.329877 0.702824 
vt 0.329877 0.652343 
vt 0.193561 0.699219 
vt 0.193561 0.652343 
vt 0.329877 0.699219 
vt 0.329877 0.821816 
vt 0.193561 0.86148 
vt 0.193561 0.821816 
vt 0.329877 0.86148 
vt 0.193561 0.533592 
vt 0.193561 0.499217 
vt 0.329877 0.533592 
vt 0.329877 0.499217 
vt 0.193561 0.499217 
vt 0.193561 0.464841 
vt 0.329877 0.671093 
vt 0.329877 0.705469 
vt 0.193561 0.671093 
vt 0.193561 0.705469 
vt 0.329877 0.583833 
vt 0.193561 0.623497 
vt 0.193561 0.583833 
vt 0.329877 0.623497 
vt 0.193561 0.583833 
vt 0.329877 0.544169 
vt 0.329877 0.583833 
vt 0.193561 0.544169 
vt 0.193561 0.504505 
vt 0.329877 0.544169 
vt 0.329877 0.504505 
vt 0.193561 0.504505 
vt 0.193561 0.464841 
vt 0.193774 0.524736 
vt 0.329877 0.504505 
vt 0.329656 0.524715 
vt 0.193561 0.504505 
vt 0.329877 0.504505 
vt 0.193561 0.464841 
vt 0.329877 0.556044 
vt 0.193774 0.524736 
vt 0.193561 0.556044 
vt 0.264159 0.669443 
vt 0.147664 0.669443 
vt 0.147664 0.640066 
vt 0.264159 0.640066 
vt 0.147664 0.640066 
vt 0.264159 0.610689 
vt 0.147664 0.610689 
vt 0.193561 0.739844 
vt 0.329877 0.774219 
vt 0.193561 0.774219 
vt 0.329877 0.739844 
vt 0.193561 0.544169 
vt 0.329877 0.544169 
vt 0.329877 0.583833 
vt 0.193561 0.583833 
vt 0.193561 0.544169 
vt 0.329877 0.504505 
vt 0.193561 0.504505 
vt 0.329877 0.504505 
vt 0.193561 0.464841 
vt 0.329877 0.623497 
vt 0.193561 0.663161 
vt 0.193561 0.623497 
vt 0.329877 0.663161 
vt 0.193561 0.583833 
vt 0.329877 0.623497 
vt 0.329877 0.583833 
vt 0.193561 0.583833 
vt 0.329877 0.544169 
vt 0.329877 0.583833 
vt 0.193561 0.544169 
vt 0.193561 0.504505 
vt 0.329877 0.544169 
vt 0.329877 0.504505 
vt 0.193561 0.504505 
vt 0.193561 0.464841 
vt 0.193561 0.671093 
vt 0.193561 0.636718 
vt 0.329877 0.671093 
vt 0.329877 0.636718 
vt 0.329877 0.702824 
vt 0.193561 0.663161 
vt 0.329877 0.663161 
vt 0.193561 0.702824 
vt 0.193561 0.833148 
vt 0.329877 0.759487 
vt 0.329877 0.833148 
vt 0.193561 0.759487 
vt 0.193561 0.685826 
vt 0.329877 0.759487 
vt 0.329877 0.685826 
vt 0.193561 0.623497 
vt 0.329877 0.663161 
vt 0.193561 0.663161 
vt 0.329877 0.623497 
vt 0.193561 0.663161 
vt 0.329877 0.623497 
vt 0.329877 0.663161 
vt 0.193561 0.623497 
vt 0.329877 0.652343 
vt 0.193561 0.723644 
vt 0.193561 0.652343 
vt 0.329877 0.723644 
vt 0.193561 0.839845 
vt 0.329877 0.792969 
vt 0.329877 0.839845 
vt 0.193561 0.792969 
vt 0.329877 0.792969 
vt 0.329877 0.771457 
vt 0.193561 0.792969 
vt 0.329877 0.746094 
vt 0.194813 0.725893 
vt 0.193561 0.779099 
vt 0.329877 0.779099 
vt 0.329877 0.839845 
vt 0.193561 0.839845 
vt 0.193561 0.779099 
vt 0.329877 0.723644 
vt 0.193561 0.723644 
vt 0.193561 0.742488 
vt 0.329877 0.782152 
vt 0.193561 0.782152 
vt 0.329877 0.742488 
vt 0.329877 0.739844 
vt 0.193561 0.774219 
vt 0.193561 0.739844 
vt 0.329877 0.774219 
vt 0.329877 0.739844 
vt 0.193561 0.705469 
vt 0.329877 0.705469 
vt 0.329877 0.839845 
vt 0.193561 0.88672 
vt 0.193561 0.839845 
vt 0.329877 0.88672 
vt 0.193561 0.544169 
vt 0.329877 0.583833 
vt 0.193561 0.583833 
vt 0.329877 0.544169 
vt 0.193561 0.612164 
vt 0.329877 0.685826 
vt 0.193561 0.685826 
vt 0.329877 0.612164 
vt 0.329877 0.821816 
vt 0.193561 0.86148 
vt 0.193561 0.821816 
vt 0.329877 0.86148 
vt 0.193561 0.567967 
vt 0.329877 0.636718 
vt 0.193561 0.636718 
vt 0.329877 0.567967 
vt 0.329877 0.839845 
vt 0.193561 0.88672 
vt 0.193561 0.839845 
vt 0.329877 0.88672 
vt 0.329877 0.839845 
vt 0.193561 0.819124 
vt 0.193561 0.567967 
vt 0.329877 0.602343 
vt 0.193561 0.602343 
vt 0.329877 0.567967 
vt 0.329877 0.782152 
vt 0.193561 0.821816 
vt 0.193561 0.782152 
vt 0.329877 0.821816 
vt 0.329877 0.774219 
vt 0.193561 0.808594 
vt 0.193561 0.774219 
vt 0.329877 0.808594 
vt 0.193561 0.636718 
vt 0.193561 0.602343 
vt 0.329877 0.636718 
vt 0.329877 0.602343 
vt 0.193561 0.602343 
vt 0.329877 0.567967 
vt 0.193561 0.567967 
vt 0.193561 0.504505 
vt 0.329877 0.544169 
vt 0.193561 0.544169 
vt 0.329877 0.504505 
vt 0.193561 0.504505 
vt 0.193561 0.464841 
vt 0.193561 0.767984 
vt 0.329877 0.767984 
vt 0.329877 0.839845 
vt 0.193561 0.839845 
vt 0.329877 0.580665 
vt 0.193561 0.580665 
vt 0.193561 0.533789 
vt 0.329877 0.533789 
vt 0.329877 0.605468 
vt 0.329877 0.652343 
vt 0.193561 0.605468 
vt 0.193561 0.652343 
vt 0.193561 0.605468 
vt 0.329877 0.558592 
vt 0.193561 0.558592 
vt 0.193561 0.567967 
vt 0.329877 0.533592 
vt 0.329877 0.567967 
vt 0.193561 0.533592 
vt 0.193561 0.499217 
vt 0.329877 0.533592 
vt 0.329877 0.499217 
vt 0.193561 0.499217 
vt 0.193561 0.464841 
vt 0.194813 0.725893 
vt 0.329877 0.721736 
vt 0.329877 0.746094 
vt 0.329877 0.721736 
vt 0.194813 0.725893 
vt 0.329877 0.699219 
vt 0.310824 0.508088 
vt 0.210799 0.508995 
vt 0.264328 0.446696 
vt 0.329877 0.742488 
vt 0.193561 0.782152 
vt 0.193561 0.742488 
vt 0.329877 0.782152 
vt 0.193561 0.705469 
vt 0.329877 0.739844 
vt 0.193561 0.739844 
vt 0.329877 0.705469 
vt 0.193561 0.705469 
vt 0.329877 0.671093 
vt 0.193561 0.636718 
vt 0.329877 0.636718 
vt 0.147664 0.610689 
vt 0.264159 0.581312 
vt 0.264159 0.610689 
vt 0.147664 0.581312 
vt 0.264159 0.581312 
vt 0.147664 0.551935 
vt 0.329877 0.623497 
vt 0.193561 0.663161 
vt 0.193561 0.623497 
vt 0.329877 0.663161 
vt 0.193561 0.702824 
vt 0.329877 0.742488 
vt 0.193561 0.742488 
vt 0.329877 0.702824 
vt 0.193561 0.702824 
vt 0.329877 0.663161 
vt 0.193561 0.663161 
vt 0.193561 0.839845 
vt 0.329877 0.88672 
vt 0.193561 0.88672 
vt 0.329877 0.839845 
vt 0.193561 0.742488 
vt 0.329877 0.702824 
vt 0.329877 0.742488 
vt 0.193561 0.702824 
vt 0.193561 0.558592 
vt 0.329877 0.605468 
vt 0.193561 0.605468 
vt 0.329877 0.558592 
vt 0.193561 0.583833 
vt 0.193561 0.544169 
vt 0.329877 0.583833 
vt 0.329877 0.544169 
vt 0.193561 0.544169 
vt 0.329877 0.504505 
vt 0.193561 0.504505 
vt 0.329877 0.504505 
vt 0.193561 0.464841 
vt 0.329877 0.652343 
vt 0.329877 0.699219 
vt 0.19254 0.668208 
vt 0.194813 0.725893 
vt 0.193561 0.821816 
vt 0.329877 0.782152 
vt 0.329877 0.821816 
vt 0.193561 0.782152 
vt 0.329877 0.86148 
vt 0.193561 0.811281 
vt 0.329877 0.811282 
vt 0.193561 0.86148 
vt 0.329877 0.792969 
vt 0.193561 0.839845 
vt 0.193561 0.792969 
vt 0.329877 0.839845 
vt 0.329877 0.839845 
vt 0.193561 0.819124 
vt 0.331523 0.783941 
vt 0.193561 0.792969 
vt 0.329877 0.486914 
vt 0.329877 0.533789 
vt 0.193561 0.486914 
vt 0.193561 0.533789 
vt 0.193561 0.486914 
vt 0.193561 0.440038 
vt 0.329877 0.605468 
vt 0.329877 0.652343 
vt 0.193561 0.605468 
vt 0.19254 0.668208 
vt 0.310824 0.508088 
vt 0.329877 0.535155 
vt 0.210799 0.508995 
vt 0.193561 0.535155 
vt 0.193561 0.782152 
vt 0.329877 0.742488 
vt 0.329877 0.782152 
vt 0.193561 0.742488 
vt 0.193561 0.623497 
vt 0.329877 0.583833 
vt 0.329877 0.623497 
vt 0.193561 0.583833 
vt 0.193561 0.702824 
vt 0.329877 0.663161 
vt 0.329877 0.702824 
vt 0.193561 0.663161 
vt 0.193561 0.699219 
vt 0.329877 0.767984 
vt 0.193561 0.767984 
vt 0.329877 0.699219 
vt 0.329877 0.839845 
vt 0.193561 0.839845 
vt 0.193437 0.781922 
vt 0.329915 0.7724 
vt 0.193561 0.511717 
vt 0.329877 0.558592 
vt 0.193561 0.558592 
vt 0.329877 0.511717 
vt 0.193561 0.511717 
vt 0.193561 0.464841 
vt 0.193561 0.602343 
vt 0.329877 0.636718 
vt 0.193561 0.636718 
vt 0.329877 0.602343 
vt 0.329877 0.535155 
vt 0.329877 0.558592 
vt 0.193561 0.535155 
vt 0.193561 0.558592 
vt 0.193561 0.605468 
vt 0.193561 0.558592 
vt 0.329877 0.605468 
vt 0.329877 0.579325 
vt 0.329877 0.558592 
vt 0.193561 0.746094 
vt 0.331523 0.783941 
vt 0.193561 0.792969 
vt 0.193561 0.765229 
vt 0.329877 0.811282 
vt 0.193561 0.811281 
vt 0.329877 0.765229 
vt 0.329877 0.652343 
vt 0.193561 0.652343 
vt 0.193561 0.605468 
vt 0.329877 0.605468 
vt 0.193561 0.605468 
vt 0.310824 0.558592 
vt 0.20717 0.554056 
vt 0.235296 0.505366 
vt 0.310824 0.558592 
vt 0.291771 0.508995 
vt 0.193561 0.742488 
vt 0.329877 0.702824 
vt 0.329877 0.742488 
vt 0.193561 0.702824 
vt 0.193561 0.663161 
vt 0.329877 0.623497 
vt 0.329877 0.663161 
vt 0.193561 0.623497 
vt 0.193561 0.623497 
vt 0.329877 0.583833 
vt 0.193561 0.583833 
vt 0.193561 0.792969 
vt 0.329877 0.746094 
vt 0.329877 0.792969 
vt 0.193561 0.746094 
vt 0.329877 0.623497 
vt 0.193561 0.663161 
vt 0.193561 0.623497 
vt 0.329877 0.663161 
vt 0.193561 0.583833 
vt 0.329877 0.623497 
vt 0.329877 0.583833 
vt 0.193561 0.746094 
vt 0.329877 0.709357 
vt 0.331523 0.783941 
vt 0.193561 0.699219 
vt 0.193561 0.583833 
vt 0.193561 0.544169 
vt 0.329877 0.583833 
vt 0.329877 0.544169 
vt 0.329915 0.7724 
vt 0.193437 0.781922 
vt 0.193812 0.71024 
vt 0.329505 0.716259 
vt 0.193561 0.558592 
vt 0.329877 0.511717 
vt 0.329877 0.558592 
vt 0.193561 0.511717 
vt 0.329877 0.511717 
vt 0.193561 0.464841 
vt 0.193561 0.583833 
vt 0.329877 0.544169 
vt 0.329877 0.583833 
vt 0.193561 0.544169 
vt 0.193561 0.652343 
vt 0.329877 0.699219 
vt 0.193561 0.699219 
vt 0.329877 0.652343 
vt 0.193561 0.71784 
vt 0.329877 0.765229 
vt 0.193561 0.765229 
vt 0.329877 0.71784 
vt 0.193561 0.511717 
vt 0.329877 0.558592 
vt 0.193561 0.558592 
vt 0.329877 0.511717 
vt 0.193561 0.511717 
vt 0.193561 0.464841 
vt 0.193561 0.702824 
vt 0.329877 0.663161 
vt 0.329877 0.702824 
vt 0.193561 0.663161 
vt 0.193561 0.652343 
vt 0.329877 0.605468 
vt 0.329877 0.652343 
vt 0.193561 0.605468 
vt 0.329505 0.716259 
vt 0.193812 0.71024 
vt 0.193561 0.652343 
vt 0.329877 0.652343 
vt 0.193561 0.605468 
vt 0.329877 0.652343 
vt 0.193561 0.652343 
vt 0.329877 0.605468 
vt 0.193561 0.699219 
vt 0.329877 0.652343 
vt 0.329877 0.709357 
vt 0.193561 0.652343 
vt 0.193561 0.746094 
vt 0.329877 0.699219 
vt 0.329877 0.746094 
vt 0.193561 0.699219 
vt 0.193561 0.652343 
vt 0.329877 0.699219 
vt 0.329877 0.652343 
vt 0.193561 0.558592 
vt 0.193561 0.511717 
vt 0.329877 0.558592 
vt 0.329877 0.511717 
vt 0.193561 0.511717 
vt 0.193561 0.464841 
vt 0.193561 0.605468 
vt 0.329877 0.558592 
vt 0.329877 0.605468 
vt 0.193561 0.558592 
vt 0.193561 0.558592 
vt 0.309917 0.51081 
vt 0.208984 0.508088 
vt 0.193561 0.605468 
vt 0.193561 0.558592 
vt 0.329877 0.605468 
vt 0.329877 0.558592 
vt 0.193561 0.663161 
vt 0.329877 0.71784 
vt 0.193561 0.71784 
vt 0.329877 0.663161 
vt 0.309917 0.51081 
vt 0.208984 0.508088 
vt 0.270679 0.433994 
vt 0.193561 0.663161 
vt 0.329877 0.583833 
vt 0.329877 0.663161 
vt 0.193561 0.583833 
vt 0.193561 0.605468 
vt 0.329877 0.652343 
vt 0.193561 0.652343 
vt 0.329877 0.605468 
vt 0.193561 0.558592 
vt 0.329877 0.605468 
vt 0.193561 0.605468 
vt 0.329877 0.558592 
vt 0.193561 0.623497 
vt 0.329877 0.663161 
vt 0.193561 0.663161 
vt 0.329877 0.623497 
vt 0.193561 0.583833 
vt 0.329877 0.623497 
vt 0.193561 0.623497 
vt 0.329877 0.583833 
vt 0.193561 0.583833 
vt 0.193561 0.544169 
vt 0.329877 0.583833 
vt 0.329877 0.544169 
vt 0.193561 0.544169 
vt 0.193561 0.504505 
vt 0.329877 0.544169 
vt 0.329877 0.504505 
vt 0.193561 0.504505 
vt 0.193561 0.464841 

usemtl Handle1Mtl

f 1/1/1 2/2/2 3/3/3 
f 2/2/2 1/1/1 4/4/4 
f 5/5/5 4/4/4 6/6/6 
f 7/7/7 8/8/8 9/9/9 
f 8/8/8 7/7/7 10/10/10 
f 11/11/11 12/12/12 13/13/13 
f 12/12/12 11/11/11 14/14/14 
f 15/15/15 16/16/16 13/13/13 
f 16/16/16 15/15/15 17/17/17 
f 18/18/18 19/19/19 17/17/17 
f 19/19/19 18/18/18 20/20/20 
f 21/21/21 22/22/22 23/23/23 
f 22/22/22 21/21/21 24/24/24 
f 25/25/25 24/24/24 26/26/26 
f 27/27/27 28/28/28 29/29/29 
f 28/28/28 27/27/27 30/30/30 
f 31/31/31 32/32/32 30/30/30 
f 32/32/32 31/31/31 33/33/33 
f 34/34/34 35/35/35 36/36/36 
f 35/35/35 34/34/34 37/37/37 
f 37/37/37 38/38/38 39/39/39 
f 40/40/40 41/41/41 42/42/42 
f 41/41/41 40/40/40 43/43/43 
f 44/44/44 45/45/45 46/46/46 
f 45/45/45 44/44/44 47/47/47 
f 48/48/48 49/49/49 50/50/50 
f 49/49/49 48/48/48 51/51/51 
f 52/52/52 50/50/50 53/53/53 
f 54/54/54 55/55/55 56/56/56 
f 55/55/55 54/54/54 57/57/57 
f 58/58/58 57/57/57 59/59/59 
f 60/60/60 61/61/61 62/62/62 
f 61/61/61 60/60/60 63/63/63 
f 64/64/64 65/65/65 66/66/66 
f 65/65/65 64/64/64 67/67/67 
f 68/68/68 66/66/66 69/69/69 
f 70/70/70 71/71/71 72/72/72 
f 71/71/71 70/70/70 73/73/73 
f 74/74/74 75/75/75 76/76/76 
f 75/75/75 74/74/74 77/77/77 
f 78/78/78 79/79/79 80/80/80 
f 78/78/78 80/80/80 81/81/81 
f 82/82/82 83/83/83 84/84/84 
f 83/83/83 82/82/82 85/85/85 
f 86/86/86 87/87/87 88/88/88 
f 87/87/87 86/86/86 89/89/89 
f 90/90/90 91/91/91 92/92/92 
f 91/91/91 90/90/90 93/93/93 
f 94/94/94 95/95/95 96/96/96 
f 95/95/95 94/94/94 97/97/97 
f 98/98/98 99/99/99 97/97/97 
f 99/99/99 98/98/98 100/100/100 
f 101/101/101 102/102/102 103/103/103 
f 102/102/102 101/101/101 104/104/104 
f 105/105/105 106/106/106 107/107/107 
f 107/107/107 108/108/108 105/105/105 
f 109/109/109 110/110/110 111/111/111 
f 109/109/109 111/111/111 112/112/112 
f 113/113/113 114/114/114 115/115/115 
f 114/114/114 113/113/113 116/116/116 
f 115/115/115 117/117/117 118/118/118 
f 119/119/119 120/120/120 121/121/121 
f 120/120/120 119/119/119 122/122/122 
f 123/123/123 124/124/124 125/125/125 
f 126/126/126 125/125/125 124/124/124 
f 126/126/126 127/127/127 128/128/128 
f 129/129/129 130/130/130 131/131/131 
f 130/130/130 129/129/129 132/132/132 
f 133/133/133 134/134/134 132/132/132 
f 134/134/134 133/133/133 135/135/135 
f 136/136/136 137/137/137 138/138/138 
f 137/137/137 136/136/136 139/139/139 
f 140/140/140 141/141/141 142/142/142 
f 141/141/141 140/140/140 143/143/143 
f 144/144/144 143/143/143 145/145/145 
f 146/146/146 147/147/147 148/148/148 
f 148/148/148 147/147/147 149/149/149 
f 149/149/149 150/150/150 151/151/151 
f 152/152/152 153/153/153 154/154/154 
f 152/152/152 154/154/154 155/155/155 
f 156/156/156 157/157/157 158/158/158 
f 158/158/158 159/159/159 156/156/156 
f 160/160/160 161/161/161 162/162/162 
f 162/162/162 161/161/161 163/163/163 
f 164/164/164 165/165/165 166/166/166 
f 165/165/165 164/164/164 167/167/167 
f 168/168/168 169/169/169 170/170/170 
f 169/169/169 168/168/168 171/171/171 
f 172/172/172 173/173/173 171/171/171 
f 174/174/174 175/175/175 176/176/176 
f 176/176/176 175/175/175 177/177/177 
f 177/177/177 178/178/178 179/179/179 
f 180/180/180 181/181/181 182/182/182 
f 181/181/181 183/183/183 182/182/182 
f 184/184/184 185/185/185 186/186/186 
f 187/187/187 186/186/186 185/185/185 
f 187/187/187 188/188/188 189/189/189 
f 190/190/190 191/191/191 192/192/192 
f 191/191/191 190/190/190 193/193/193 
f 194/194/194 195/195/195 196/196/196 
f 195/195/195 197/197/197 196/196/196 
f 194/194/194 198/198/198 199/199/199 
f 200/200/200 201/201/201 202/202/202 
f 200/200/200 202/202/202 203/203/203 
f 204/204/204 205/205/205 203/203/203 
f 205/205/205 204/204/204 206/206/206 
f 207/207/207 208/208/208 209/209/209 
f 209/209/209 208/208/208 210/210/210 
f 211/211/211 212/212/212 213/213/213 
f 213/213/213 212/212/212 214/214/214 
f 215/215/215 216/216/216 214/214/214 
f 216/216/216 215/215/215 217/217/217 
f 218/218/218 217/217/217 219/219/219 
f 220/220/220 218/218/218 219/219/219 
f 221/221/221 222/222/222 220/220/220 
f 222/222/222 221/221/221 223/223/223 
f 224/224/224 223/223/223 225/225/225 
f 226/226/226 227/227/227 228/228/228 
f 227/227/227 226/226/226 229/229/229 
f 229/229/229 230/230/230 231/231/231 
f 232/232/232 231/231/231 230/230/230 
f 232/232/232 233/233/233 234/234/234 
f 235/235/235 236/236/236 237/237/237 
f 236/236/236 235/235/235 238/238/238 
f 239/239/239 237/237/237 240/240/240 
f 241/241/241 239/239/239 240/240/240 
f 242/242/242 243/243/243 244/244/244 
f 243/243/243 245/245/245 244/244/244 
f 246/246/246 247/247/247 248/248/248 
f 247/247/247 246/246/246 249/249/249 
f 250/250/250 251/251/251 252/252/252 
f 252/252/252 253/253/253 250/250/250 
f 254/254/254 255/255/255 256/256/256 
f 256/256/256 257/257/257 254/254/254 
f 258/258/258 259/259/259 260/260/260 
f 259/259/259 258/258/258 261/261/261 
f 260/260/260 262/262/262 263/263/263 
f 262/262/262 260/260/260 264/264/264 
f 265/265/265 266/266/266 262/262/262 
f 266/266/266 265/265/265 267/267/267 
f 267/267/267 268/268/268 269/269/269 
f 268/268/268 267/267/267 270/270/270 
f 271/271/271 272/272/272 273/273/273 
f 272/272/272 271/271/271 274/274/274 
f 275/275/275 276/276/276 277/277/277 
f 276/276/276 275/275/275 278/278/278 
f 279/279/279 280/280/280 281/281/281 
f 281/281/281 282/282/282 279/279/279 
f 283/283/283 284/284/284 285/285/285 
f 284/284/284 283/283/283 286/286/286 
f 287/287/287 288/288/288 285/285/285 
f 287/287/287 289/289/289 288/288/288 
f 290/290/290 291/291/291 292/292/292 
f 291/291/291 290/290/290 293/293/293 
f 294/294/294 295/295/295 296/296/296 
f 295/295/295 297/297/297 296/296/296 
f 298/298/298 299/299/299 300/300/300 
f 299/299/299 298/298/298 301/301/301 
f 302/302/302 303/303/303 304/304/304 
f 303/303/303 302/302/302 305/305/305 
f 306/306/306 307/307/307 308/308/308 
f 307/307/307 306/306/306 309/309/309 
f 310/310/310 311/311/311 312/312/312 
f 313/313/313 312/312/312 311/311/311 
f 314/314/314 315/315/315 313/313/313 
f 315/315/315 314/314/314 316/316/316 
f 317/317/317 318/318/318 319/319/319 
f 319/319/319 318/318/318 320/320/320 
f 321/321/321 322/322/322 323/323/323 
f 322/322/322 321/321/321 324/324/324 
f 325/325/325 326/326/326 327/327/327 
f 327/327/327 326/326/326 328/328/328 
f 329/329/329 330/330/330 331/331/331 
f 330/330/330 329/329/329 332/332/332 
f 333/333/333 334/334/334 331/331/331 
f 334/334/334 333/333/333 335/335/335 
f 336/336/336 337/337/337 338/338/338 
f 337/337/337 336/336/336 339/339/339 
f 340/340/340 341/341/341 338/338/338 
f 342/342/342 341/341/341 340/340/340 
f 343/343/343 344/344/344 345/345/345 
f 345/345/345 344/344/344 346/346/346 
f 347/347/347 348/348/348 346/346/346 
f 348/348/348 347/347/347 349/349/349 
f 350/350/350 349/349/349 351/351/351 
f 352/352/352 353/353/353 354/354/354 
f 353/353/353 352/352/352 355/355/355 
f 356/356/356 357/357/357 354/354/354 
f 357/357/357 356/356/356 358/358/358 
f 359/359/359 360/360/360 358/358/358 
f 360/360/360 359/359/359 361/361/361 
f 362/362/362 361/361/361 363/363/363 
f 364/364/364 365/365/365 366/366/366 
f 365/365/365 364/364/364 367/367/367 
f 368/368/368 366/366/366 369/369/369 
f 370/370/370 371/371/371 372/372/372 
f 371/371/371 370/370/370 373/373/373 
f 374/374/374 375/375/375 373/373/373 
f 375/375/375 374/374/374 376/376/376 
f 376/376/376 377/377/377 378/378/378 
f 379/379/379 380/380/380 381/381/381 
f 380/380/380 379/379/379 382/382/382 
f 382/382/382 383/383/383 384/384/384 
f 384/384/384 383/383/383 385/385/385 
f 386/386/386 387/387/387 388/388/388 
f 387/387/387 389/389/389 388/388/388 
f 387/387/387 386/386/386 390/390/390 
f 391/391/391 392/392/392 393/393/393 
f 392/392/392 391/391/391 394/394/394 
f 395/395/395 396/396/396 397/397/397 
f 396/396/396 395/395/395 398/398/398 
f 399/399/399 400/400/400 401/401/401 
f 400/400/400 399/399/399 402/402/402 
f 403/403/403 404/404/404 405/405/405 
f 403/403/403 405/405/405 406/406/406 
f 407/407/407 408/408/408 404/404/404 
f 408/408/408 407/407/407 409/409/409 
f 410/410/410 409/409/409 411/411/411 
f 412/412/412 413/413/413 414/414/414 
f 415/415/415 414/414/414 413/413/413 
f 416/416/416 417/417/417 418/418/418 
f 417/417/417 419/419/419 418/418/418 
f 420/420/420 421/421/421 422/422/422 
f 421/421/421 420/420/420 423/423/423 
f 424/424/424 425/425/425 423/423/423 
f 425/425/425 424/424/424 426/426/426 
f 427/427/427 428/428/428 426/426/426 
f 428/428/428 427/427/427 429/429/429 
f 430/430/430 431/431/431 429/429/429 
f 431/431/431 430/430/430 432/432/432 
f 433/433/433 434/434/434 432/432/432 
f 434/434/434 433/433/433 435/435/435 
f 436/436/436 437/437/437 438/438/438 
f 438/438/438 437/437/437 439/439/439 
f 440/440/440 441/441/441 442/442/442 
f 441/441/441 440/440/440 443/443/443 
f 444/444/444 445/445/445 446/446/446 
f 444/444/444 446/446/446 447/447/447 
f 448/448/448 449/449/449 450/450/450 
f 450/450/450 449/449/449 451/451/451 
f 452/452/452 453/453/453 454/454/454 
f 453/453/453 452/452/452 455/455/455 
f 456/456/456 457/457/457 453/453/453 
f 457/457/457 456/456/456 458/458/458 
f 459/459/459 460/460/460 461/461/461 
f 460/460/460 459/459/459 462/462/462 
f 463/463/463 464/464/464 465/465/465 
f 466/466/466 464/464/464 463/463/463 
f 466/466/466 467/467/467 468/468/468 
f 469/469/469 470/470/470 471/471/471 
f 470/470/470 469/469/469 472/472/472 
f 473/473/473 474/474/474 472/472/472 
f 474/474/474 473/473/473 475/475/475 
f 475/475/475 476/476/476 477/477/477 
f 478/478/478 479/479/479 480/480/480 
f 480/480/480 479/479/479 481/481/481 
f 482/482/482 483/483/483 484/484/484 
f 483/483/483 482/482/482 485/485/485 
f 486/486/486 487/487/487 484/484/484 
f 487/487/487 486/486/486 488/488/488 
f 488/488/488 489/489/489 490/490/490 
f 491/491/491 492/492/492 493/493/493 
f 492/492/492 491/491/491 494/494/494 
f 495/495/495 496/496/496 497/497/497 
f 496/496/496 495/495/495 498/498/498 
f 499/499/499 497/497/497 500/500/500 
f 501/501/501 502/502/502 503/503/503 
f 502/502/502 501/501/501 504/504/504 
f 505/505/505 506/506/506 507/507/507 
f 507/507/507 506/506/506 508/508/508 
f 509/509/509 510/510/510 508/508/508 
f 510/510/510 509/509/509 511/511/511 
f 511/511/511 512/512/512 513/513/513 
f 514/514/514 513/513/513 512/512/512 
f 515/515/515 516/516/516 517/517/517 
f 516/516/516 515/515/515 518/518/518 
f 519/519/519 520/520/520 518/518/518 
f 520/520/520 519/519/519 521/521/521 
f 522/522/522 523/523/523 521/521/521 
f 523/523/523 522/522/522 524/524/524 
f 525/525/525 526/526/526 527/527/527 
f 526/526/526 525/525/525 528/528/528 
f 529/529/529 530/530/530 528/528/528 
f 530/530/530 529/529/529 531/531/531 
f 532/532/532 533/533/533 534/534/534 
f 533/533/533 532/532/532 535/535/535 
f 536/536/536 537/537/537 538/538/538 
f 537/537/537 536/536/536 539/539/539 
f 540/540/540 541/541/541 542/542/542 
f 541/541/541 540/540/540 543/543/543 
f 544/544/544 543/543/543 545/545/545 
f 546/546/546 547/547/547 548/548/548 
f 547/547/547 549/549/549 548/548/548 
f 550/550/550 551/551/551 546/546/546 
f 551/551/551 550/550/550 552/552/552 
f 553/553/553 554/554/554 555/555/555 
f 554/554/554 553/553/553 556/556/556 
f 557/557/557 558/558/558 559/559/559 
f 558/558/558 557/557/557 560/560/560 
f 560/560/560 561/561/561 562/562/562 
f 563/563/563 564/564/564 565/565/565 
f 563/563/563 565/565/565 566/566/566 
f 566/566/566 567/567/567 568/568/568 
f 569/569/569 570/570/570 571/571/571 
f 572/572/572 570/570/570 569/569/569 
f 572/572/572 573/573/573 574/574/574 
f 575/575/575 576/576/576 577/577/577 
f 578/578/578 577/577/577 576/576/576 
f 579/579/579 580/580/580 578/578/578 
f 580/580/580 579/579/579 581/581/581 
f 582/582/582 581/581/581 583/583/583 
f 584/584/584 585/585/585 586/586/586 
f 586/586/586 585/585/585 587/587/587 
f 588/588/588 589/589/589 590/590/590 
f 591/591/591 589/589/589 588/588/588 
f 591/591/591 592/592/592 593/593/593 
f 594/594/594 595/595/595 596/596/596 
f 595/595/595 597/597/597 596/596/596 
f 594/594/594 598/598/598 599/599/599 
f 600/600/600 594/594/594 599/599/599 
f 601/601/601 602/602/602 600/600/600 
f 602/602/602 601/601/601 603/603/603 
f 604/604/604 605/605/605 606/606/606 
f 605/605/605 607/607/607 606/606/606 
f 608/608/608 609/609/609 610/610/610 
f 611/611/611 609/609/609 608/608/608 
f 611/611/611 612/612/612 613/613/613 
f 614/614/614 615/615/615 616/616/616 
f 615/615/615 614/614/614 617/617/617 
f 618/618/618 616/616/616 619/619/619 
f 620/620/620 621/621/621 622/622/622 
f 621/621/621 620/620/620 623/623/623 
f 624/624/624 625/625/625 626/626/626 
f 625/625/625 624/624/624 627/627/627 
f 628/628/628 629/629/629 630/630/630 
f 631/631/631 630/630/630 629/629/629 
f 632/632/632 633/633/633 631/631/631 
f 633/633/633 632/632/632 634/634/634 
f 635/635/635 636/636/636 637/637/637 
f 637/637/637 636/636/636 638/638/638 
f 639/639/639 640/640/640 641/641/641 
f 639/639/639 641/641/641 642/642/642 
f 643/643/643 644/644/644 645/645/645 
f 645/645/645 646/646/646 643/643/643 
f 647/647/647 648/648/648 649/649/649 
f 648/648/648 647/647/647 650/650/650 
f 651/651/651 652/652/652 653/653/653 
f 652/652/652 651/651/651 654/654/654 
f 654/654/654 655/655/655 656/656/656 
f 657/657/657 658/658/658 659/659/659 
f 658/658/658 657/657/657 660/660/660 
f 661/661/661 662/662/662 663/663/663 
f 662/662/662 661/661/661 664/664/664 
f 665/665/665 664/664/664 666/666/666 
f 667/667/667 668/668/668 669/669/669 
f 670/670/670 669/669/669 668/668/668 
f 671/671/671 672/672/672 673/673/673 
f 674/674/674 675/675/675 676/676/676 
f 675/675/675 674/674/674 677/677/677 
f 678/678/678 679/679/679 676/676/676 
f 680/680/680 681/681/681 682/682/682 
f 681/681/681 680/680/680 683/683/683 
f 684/684/684 682/682/682 685/685/685 
f 686/686/686 687/687/687 688/688/688 
f 687/687/687 686/686/686 689/689/689 
f 690/690/690 691/691/691 692/692/692 
f 693/693/693 692/692/692 691/691/691 
f 694/694/694 695/695/695 693/693/693 
f 695/695/695 694/694/694 696/696/696 
f 697/697/697 698/698/698 699/699/699 
f 698/698/698 697/697/697 700/700/700 
f 701/701/701 702/702/702 700/700/700 
f 702/702/702 701/701/701 703/703/703 
f 703/703/703 704/704/704 705/705/705 
f 706/706/706 707/707/707 708/708/708 
f 707/707/707 706/706/706 709/709/709 
f 710/710/710 711/711/711 712/712/712 
f 711/711/711 710/710/710 713/713/713 
f 714/714/714 715/715/715 716/716/716 
f 715/715/715 714/714/714 717/717/717 
f 718/718/718 717/717/717 719/719/719 
f 720/720/720 721/721/721 722/722/722 
f 721/721/721 720/720/720 723/723/723 
f 724/724/724 725/725/725 722/722/722 
f 725/725/725 724/724/724 726/726/726 
f 727/727/727 728/728/728 729/729/729 
f 728/728/728 727/727/727 730/730/730 
f 731/731/731 732/732/732 733/733/733 
f 732/732/732 731/731/731 734/734/734 
f 735/735/735 736/736/736 737/737/737 
f 736/736/736 735/735/735 738/738/738 
f 739/739/739 740/740/740 741/741/741 
f 742/742/742 741/741/741 740/740/740 
f 743/743/743 744/744/744 745/745/745 
f 744/744/744 746/746/746 745/745/745 
f 743/743/743 747/747/747 748/748/748 
f 749/749/749 750/750/750 751/751/751 
f 750/750/750 749/749/749 752/752/752 
f 753/753/753 754/754/754 755/755/755 
f 754/754/754 753/753/753 756/756/756 
f 757/757/757 758/758/758 759/759/759 
f 760/760/760 759/759/759 758/758/758 
f 761/761/761 762/762/762 763/763/763 
f 762/762/762 761/761/761 764/764/764 
f 765/765/765 766/766/766 767/767/767 
f 766/766/766 765/765/765 768/768/768 
f 769/769/769 770/770/770 771/771/771 
f 770/770/770 769/769/769 772/772/772 
f 773/773/773 774/774/774 775/775/775 
f 774/774/774 773/773/773 776/776/776 
f 777/777/777 778/778/778 779/779/779 
f 778/778/778 777/777/777 780/780/780 
f 781/781/781 782/782/782 783/783/783 
f 782/782/782 781/781/781 784/784/784 
f 785/785/785 786/786/786 787/787/787 
f 786/786/786 785/785/785 788/788/788 
f 789/789/789 790/790/790 791/791/791 
f 790/790/790 789/789/789 792/792/792 
f 793/793/793 794/794/794 795/795/795 
f 795/795/795 794/794/794 796/796/796 
f 797/797/797 798/798/798 799/799/799 
f 798/798/798 797/797/797 800/800/800 
f 801/801/801 802/802/802 800/800/800 
f 803/803/803 802/802/802 801/801/801 
f 803/803/803 804/804/804 805/805/805 
f 806/806/806 807/807/807 808/808/808 
f 807/807/807 809/809/809 808/808/808 
f 806/806/806 810/810/810 811/811/811 
f 812/812/812 813/813/813 814/814/814 
f 813/813/813 812/812/812 815/815/815 
f 816/816/816 817/817/817 818/818/818 
f 817/817/817 816/816/816 819/819/819 
f 820/820/820 821/821/821 822/822/822 
f 821/821/821 820/820/820 823/823/823 
f 824/824/824 825/825/825 820/820/820 
f 825/825/825 824/824/824 826/826/826 
f 827/827/827 828/828/828 826/826/826 
f 828/828/828 827/827/827 829/829/829 
f 830/830/830 831/831/831 832/832/832 
f 831/831/831 830/830/830 833/833/833 
f 834/834/834 832/832/832 835/835/835 
f 836/836/836 837/837/837 838/838/838 
f 837/837/837 836/836/836 839/839/839 
f 840/840/840 841/841/841 842/842/842 
f 841/841/841 840/840/840 843/843/843 
f 844/844/844 842/842/842 845/845/845 
f 846/846/846 847/847/847 848/848/848 
f 847/847/847 846/846/846 849/849/849 
f 850/850/850 851/851/851 852/852/852 
f 853/853/853 852/852/852 851/851/851 
f 854/854/854 855/855/855 853/853/853 
f 855/855/855 854/854/854 856/856/856 
f 857/857/857 858/858/858 859/859/859 
f 858/858/858 857/857/857 860/860/860 
f 861/861/861 862/862/862 859/859/859 
f 862/862/862 861/861/861 863/863/863 
f 864/864/864 865/865/865 866/866/866 
f 865/865/865 864/864/864 867/867/867 
f 868/868/868 867/867/867 869/869/869 
f 870/870/870 871/871/871 872/872/872 
f 871/871/871 870/870/870 873/873/873 
f 874/874/874 873/873/873 875/875/875 
f 876/876/876 877/877/877 878/878/878 
f 877/877/877 876/876/876 879/879/879 
f 880/880/880 881/881/881 882/882/882 
f 881/881/881 883/883/883 882/882/882 
f 884/884/884 885/885/885 886/886/886 
f 885/885/885 884/884/884 887/887/887 
f 888/888/888 889/889/889 887/887/887 
f 889/889/889 888/888/888 890/890/890 
f 891/891/891 892/892/892 893/893/893 
f 894/894/894 895/895/895 896/896/896 
f 897/897/897 895/895/895 894/894/894 
f 898/898/898 899/899/899 900/900/900 
f 901/901/901 900/900/900 899/899/899 
f 901/901/901 902/902/902 903/903/903 
f 904/904/904 905/905/905 906/906/906 
f 906/906/906 905/905/905 907/907/907 
f 908/908/908 909/909/909 910/910/910 
f 909/909/909 911/911/911 910/910/910 
f 912/912/912 913/913/913 914/914/914 
f 914/914/914 913/913/913 915/915/915 
f 916/916/916 917/917/917 918/918/918 
f 917/917/917 916/916/916 919/919/919 
f 920/920/920 921/921/921 922/922/922 
f 921/921/921 920/920/920 923/923/923 
f 924/924/924 925/925/925 926/926/926 
f 925/925/925 924/924/924 927/927/927 
f 928/928/928 929/929/929 930/930/930 
f 931/931/931 929/929/929 928/928/928 
f 932/932/932 933/933/933 934/934/934 
f 933/933/933 932/932/932 935/935/935 
f 936/936/936 937/937/937 938/938/938 
f 939/939/939 938/938/938 937/937/937 
f 940/940/940 941/941/941 939/939/939 
f 941/941/941 940/940/940 942/942/942 
f 943/943/943 944/944/944 945/945/945 
f 944/944/944 946/946/946 945/945/945 
f 943/943/943 947/947/947 948/948/948 
f 949/949/949 950/950/950 951/951/951 
f 951/951/951 952/952/952 949/949/949 
f 953/953/953 954/954/954 955/955/955 
f 954/954/954 953/953/953 956/956/956 
f 957/957/957 958/958/958 959/959/959 
f 958/958/958 960/960/960 959/959/959 
f 961/961/961 962/962/962 963/963/963 
f 963/963/963 964/964/964 961/961/961 
f 965/965/965 966/966/966 967/967/967 
f 967/967/967 968/968/968 965/965/965 
f 969/969/969 970/970/970 971/971/971 
f 970/970/970 969/969/969 972/972/972 
f 973/973/973 974/974/974 972/972/972 
f 973/973/973 975/975/975 974/974/974 
f 976/976/976 977/977/977 978/978/978 
f 977/977/977 976/976/976 979/979/979 
f 980/980/980 981/981/981 982/982/982 
f 981/981/981 980/980/980 983/983/983 
f 984/984/984 985/985/985 986/986/986 
f 985/985/985 987/987/987 986/986/986 
f 988/988/988 989/989/989 984/984/984 
f 989/989/989 988/988/988 990/990/990 
f 991/991/991 990/990/990 992/992/992 
f 993/993/993 994/994/994 995/995/995 
f 994/994/994 993/993/993 996/996/996 
f 997/997/997 998/998/998 999/999/999 
f 998/998/998 997/997/997 1000/1000/1000 
f 1001/1001/1001 1000/1000/1000 1002/1002/1002 
f 1003/1003/1003 1004/1004/1004 1005/1005/1005 
f 1004/1004/1004 1003/1003/1003 1006/1006/1006 
f 1007/1007/1007 1008/1008/1008 1009/1009/1009 
f 1010/1010/1010 1009/1009/1009 1008/1008/1008 
f 1011/1011/1011 1012/1012/1012 1013/1013/1013 
f 1013/1013/1013 1014/1014/1014 1011/1011/1011 
f 1015/1015/1015 1016/1016/1016 1017/1017/1017 
f 1016/1016/1016 1018/1018/1018 1017/1017/1017 
f 1019/1019/1019 1020/1020/1020 1021/1021/1021 
f 1020/1020/1020 1019/1019/1019 1022/1022/1022 
f 1022/1022/1022 1023/1023/1023 1024/1024/1024 
f 1025/1025/1025 1024/1024/1024 1023/1023/1023 
f 1026/1026/1026 1027/1027/1027 1028/1028/1028 
f 1028/1028/1028 1027/1027/1027 1029/1029/1029 
f 1030/1030/1030 1031/1031/1031 1029/1029/1029 
f 1031/1031/1031 1030/1030/1030 1032/1032/1032 
f 1033/1033/1033 1034/1034/1034 1032/1032/1032 
f 1035/1035/1035 1034/1034/1034 1033/1033/1033 
f 1036/1036/1036 1037/1037/1037 1038/1038/1038 
f 1037/1037/1037 1036/1036/1036 1039/1039/1039 
f 1040/1040/1040 1041/1041/1041 1039/1039/1039 
f 1041/1041/1041 1040/1040/1040 1042/1042/1042 
f 1042/1042/1042 1043/1043/1043 1044/1044/1044 
f 1045/1045/1045 1046/1046/1046 1047/1047/1047 
f 1046/1046/1046 1045/1045/1045 1048/1048/1048 
f 1049/1049/1049 1050/1050/1050 1051/1051/1051 
f 1051/1051/1051 1050/1050/1050 1052/1052/1052 
f 1053/1053/1053 1054/1054/1054 1052/1052/1052 
f 1054/1054/1054 1053/1053/1053 1055/1055/1055 
f 1056/1056/1056 1057/1057/1057 1058/1058/1058 
f 1057/1057/1057 1056/1056/1056 1059/1059/1059 
f 1060/1060/1060 1061/1061/1061 1062/1062/1062 
f 1061/1061/1061 1060/1060/1060 1063/1063/1063 
f 1064/1064/1064 1065/1065/1065 1066/1066/1066 
f 1065/1065/1065 1067/1067/1067 1066/1066/1066 
f 1068/1068/1068 1069/1069/1069 1070/1070/1070 
f 1070/1070/1070 1069/1069/1069 1071/1071/1071 
f 1072/1072/1072 1073/1073/1073 1074/1074/1074 
f 1073/1073/1073 1072/1072/1072 1075/1075/1075 
f 1076/1076/1076 1077/1077/1077 1078/1078/1078 
f 1078/1078/1078 1077/1077/1077 1079/1079/1079 
f 1080/1080/1080 1081/1081/1081 1082/1082/1082 
f 1081/1081/1081 1080/1080/1080 1083/1083/1083 
f 1084/1084/1084 1085/1085/1085 1086/1086/1086 
f 1087/1087/1087 1086/1086/1086 1085/1085/1085 
f 1087/1087/1087 1088/1088/1088 1089/1089/1089 
f 1090/1090/1090 1091/1091/1091 1092/1092/1092 
f 1091/1091/1091 1090/1090/1090 1093/1093/1093 
f 1094/1094/1094 1095/1095/1095 1096/1096/1096 
f 1096/1096/1096 1095/1095/1095 1097/1097/1097 
f 1098/1098/1098 1099/1099/1099 1097/1097/1097 
f 1099/1099/1099 1098/1098/1098 1100/1100/1100 
f 1101/1101/1101 1102/1102/1102 1103/1103/1103 
f 1102/1102/1102 1101/1101/1101 1104/1104/1104 
f 1105/1105/1105 1106/1106/1106 1107/1107/1107 
f 1106/1106/1106 1105/1105/1105 1108/1108/1108 
f 1109/1109/1109 1107/1107/1107 1110/1110/1110 
f 1111/1111/1111 1109/1109/1109 1110/1110/1110 
f 1112/1112/1112 1113/1113/1113 1114/1114/1114 
f 1113/1113/1113 1112/1112/1112 1115/1115/1115 
f 1116/1116/1116 1117/1117/1117 1118/1118/1118 
f 1117/1117/1117 1116/1116/1116 1119/1119/1119 
f 1120/1120/1120 1121/1121/1121 1119/1119/1119 
f 1122/1122/1122 1123/1123/1123 1124/1124/1124 
f 1123/1123/1123 1122/1122/1122 1125/1125/1125 
f 1125/1125/1125 1126/1126/1126 1127/1127/1127 
f 1127/1127/1127 1126/1126/1126 1128/1128/1128 
f 1128/1128/1128 1129/1129/1129 1130/1130/1130 
f 1131/1131/1131 1132/1132/1132 1133/1133/1133 
f 1134/1134/1134 1132/1132/1132 1131/1131/1131 
f 1135/1135/1135 1136/1136/1136 1137/1137/1137 
f 1136/1136/1136 1135/1135/1135 1138/1138/1138 
f 1139/1139/1139 1140/1140/1140 1141/1141/1141 
f 1140/1140/1140 1142/1142/1142 1141/1141/1141 
f 1143/1143/1143 1144/1144/1144 1142/1142/1142 
f 1144/1144/1144 1143/1143/1143 1145/1145/1145 
f 1146/1146/1146 1147/1147/1147 1148/1148/1148 
f 1147/1147/1147 1146/1146/1146 1149/1149/1149 
f 1150/1150/1150 1151/1151/1151 1152/1152/1152 
f 1152/1152/1152 1151/1151/1151 1153/1153/1153 
f 1154/1154/1154 1155/1155/1155 1156/1156/1156 
f 1155/1155/1155 1154/1154/1154 1157/1157/1157 
f 1157/1157/1157 1158/1158/1158 1159/1159/1159 
f 1160/1160/1160 1159/1159/1159 1158/1158/1158 
f 1161/1161/1161 1162/1162/1162 1160/1160/1160 
f 1162/1162/1162 1161/1161/1161 1163/1163/1163 
f 1164/1164/1164 1165/1165/1165 1166/1166/1166 
f 1167/1167/1167 1166/1166/1166 1165/1165/1165 
f 1167/1167/1167 1168/1168/1168 1169/1169/1169 
f 1170/1170/1170 1171/1171/1171 1172/1172/1172 
f 1171/1171/1171 1170/1170/1170 1173/1173/1173 
f 1174/1174/1174 1175/1175/1175 1176/1176/1176 
f 1174/1174/1174 1176/1176/1176 1177/1177/1177 
f 1178/1178/1178 1179/1179/1179 1180/1180/1180 
f 1179/1179/1179 1178/1178/1178 1181/1181/1181 
f 1182/1182/1182 1181/1181/1181 1183/1183/1183 
f 1184/1184/1184 1185/1185/1185 1186/1186/1186 
f 1185/1185/1185 1184/1184/1184 1187/1187/1187 
f 1188/1188/1188 1189/1189/1189 1190/1190/1190 
f 1190/1190/1190 1189/1189/1189 1191/1191/1191 
f 1192/1192/1192 1193/1193/1193 1194/1194/1194 
f 1195/1195/1195 1194/1194/1194 1193/1193/1193 
f 1196/1196/1196 1197/1197/1197 1198/1198/1198 
f 1197/1197/1197 1196/1196/1196 1199/1199/1199 
f 1200/1200/1200 1201/1201/1201 1199/1199/1199 
f 1201/1201/1201 1200/1200/1200 1202/1202/1202 
f 1203/1203/1203 1204/1204/1204 1205/1205/1205 
f 1205/1205/1205 1204/1204/1204 1206/1206/1206 
f 1207/1207/1207 1208/1208/1208 1209/1209/1209 
f 1208/1208/1208 1207/1207/1207 1210/1210/1210 
f 1211/1211/1211 1209/1209/1209 1212/1212/1212 
f 1213/1213/1213 1211/1211/1211 1212/1212/1212 
f 1212/1212/1212 1214/1214/1214 1215/1215/1215 
f 1216/1216/1216 1215/1215/1215 1214/1214/1214 
f 1216/1216/1216 1217/1217/1217 1218/1218/1218 
f 1219/1219/1219 1220/1220/1220 1221/1221/1221 
f 1220/1220/1220 1222/1222/1222 1221/1221/1221 
f 1223/1223/1223 1224/1224/1224 1225/1225/1225 
f 1224/1224/1224 1223/1223/1223 1226/1226/1226 
f 1227/1227/1227 1228/1228/1228 1225/1225/1225 
f 1228/1228/1228 1227/1227/1227 1229/1229/1229 
f 1230/1230/1230 1231/1231/1231 1229/1229/1229 
f 1231/1231/1231 1230/1230/1230 1232/1232/1232 
f 1232/1232/1232 1233/1233/1233 1234/1234/1234 
f 1235/1235/1235 1236/1236/1236 1237/1237/1237 
f 1238/1238/1238 1239/1239/1239 1240/1240/1240 
f 1239/1239/1239 1238/1238/1238 1241/1241/1241 
f 1242/1242/1242 1243/1243/1243 1244/1244/1244 
f 1242/1242/1242 1245/1245/1245 1243/1243/1243 
f 1246/1246/1246 1247/1247/1247 1245/1245/1245 
f 1247/1247/1247 1246/1246/1246 1248/1248/1248 
f 1248/1248/1248 1249/1249/1249 1250/1250/1250 
f 1250/1250/1250 1249/1249/1249 1251/1251/1251 
f 1252/1252/1252 1253/1253/1253 1251/1251/1251 
f 1253/1253/1253 1252/1252/1252 1254/1254/1254 
f 1255/1255/1255 1256/1256/1256 1257/1257/1257 
f 1256/1256/1256 1255/1255/1255 1258/1258/1258 
f 1259/1259/1259 1260/1260/1260 1261/1261/1261 
f 1259/1259/1259 1261/1261/1261 1262/1262/1262 
f 1263/1263/1263 1264/1264/1264 1265/1265/1265 
f 1264/1264/1264 1263/1263/1263 1266/1266/1266 
f 1267/1267/1267 1268/1268/1268 1269/1269/1269 
f 1268/1268/1268 1267/1267/1267 1270/1270/1270 
f 1271/1271/1271 1272/1272/1272 1273/1273/1273 
f 1272/1272/1272 1274/1274/1274 1273/1273/1273 
f 1275/1275/1275 1276/1276/1276 1277/1277/1277 
f 1275/1275/1275 1278/1278/1278 1276/1276/1276 
f 1279/1279/1279 1280/1280/1280 1281/1281/1281 
f 1280/1280/1280 1282/1282/1282 1281/1281/1281 
f 1283/1283/1283 1284/1284/1284 1285/1285/1285 
f 1284/1284/1284 1283/1283/1283 1286/1286/1286 
f 1287/1287/1287 1288/1288/1288 1285/1285/1285 
f 1287/1287/1287 1289/1289/1289 1288/1288/1288 
f 1290/1290/1290 1291/1291/1291 1292/1292/1292 
f 1291/1291/1291 1290/1290/1290 1293/1293/1293 
f 1294/1294/1294 1295/1295/1295 1296/1296/1296 
f 1295/1295/1295 1294/1294/1294 1297/1297/1297 
f 1298/1298/1298 1297/1297/1297 1299/1299/1299 
f 1300/1300/1300 1301/1301/1301 1302/1302/1302 
f 1301/1301/1301 1300/1300/1300 1303/1303/1303 
f 1304/1304/1304 1305/1305/1305 1306/1306/1306 
f 1305/1305/1305 1304/1304/1304 1307/1307/1307 
f 1308/1308/1308 1309/1309/1309 1310/1310/1310 
f 1310/1310/1310 1309/1309/1309 1311/1311/1311 
f 1312/1312/1312 1313/1313/1313 1314/1314/1314 
f 1314/1314/1314 1315/1315/1315 1312/1312/1312 
f 1316/1316/1316 1317/1317/1317 1318/1318/1318 
f 1317/1317/1317 1316/1316/1316 1319/1319/1319 
f 1318/1318/1318 1320/1320/1320 1321/1321/1321 
f 1322/1322/1322 1321/1321/1321 1320/1320/1320 
f 1323/1323/1323 1324/1324/1324 1325/1325/1325 
f 1324/1324/1324 1323/1323/1323 1326/1326/1326 
f 1327/1327/1327 1328/1328/1328 1329/1329/1329 
f 1329/1329/1329 1330/1330/1330 1327/1327/1327 
f 1331/1331/1331 1332/1332/1332 1327/1327/1327 
f 1332/1332/1332 1331/1331/1331 1333/1333/1333 
f 1333/1333/1333 1334/1334/1334 1335/1335/1335 
f 1336/1336/1336 1337/1337/1337 1338/1338/1338 
f 1337/1337/1337 1336/1336/1336 1339/1339/1339 
f 1340/1340/1340 1341/1341/1341 1342/1342/1342 
f 1340/1340/1340 1343/1343/1343 1341/1341/1341 
f 1344/1344/1344 1345/1345/1345 1346/1346/1346 
f 1345/1345/1345 1347/1347/1347 1346/1346/1346 
f 1348/1348/1348 1349/1349/1349 1350/1350/1350 
f 1349/1349/1349 1348/1348/1348 1351/1351/1351 
f 1352/1352/1352 1353/1353/1353 1354/1354/1354 
f 1354/1354/1354 1355/1355/1355 1352/1352/1352 
f 1356/1356/1356 1357/1357/1357 1358/1358/1358 
f 1357/1357/1357 1359/1359/1359 1358/1358/1358 
f 1360/1360/1360 1361/1361/1361 1362/1362/1362 
f 1361/1361/1361 1360/1360/1360 1363/1363/1363 
f 1364/1364/1364 1365/1365/1365 1366/1366/1366 
f 1365/1365/1365 1364/1364/1364 1367/1367/1367 
f 1368/1368/1368 1369/1369/1369 1370/1370/1370 
f 1369/1369/1369 1368/1368/1368 1371/1371/1371 
f 1372/1372/1372 1373/1373/1373 1374/1374/1374 
f 1374/1374/1374 1375/1375/1375 1372/1372/1372 
f 1376/1376/1376 1377/1377/1377 1378/1378/1378 
f 1377/1377/1377 1376/1376/1376 1379/1379/1379 
f 1380/1380/1380 1381/1381/1381 1382/1382/1382 
f 1381/1381/1381 1380/1380/1380 1383/1383/1383 
f 1384/1384/1384 1385/1385/1385 1380/1380/1380 
f 1385/1385/1385 1384/1384/1384 1386/1386/1386 
f 1387/1387/1387 1388/1388/1388 1389/1389/1389 
f 1388/1388/1388 1387/1387/1387 1390/1390/1390 
f 1391/1391/1391 1389/1389/1389 1392/1392/1392 
f 1393/1393/1393 1394/1394/1394 1395/1395/1395 
f 1395/1395/1395 1394/1394/1394 1396/1396/1396 
f 1397/1397/1397 1398/1398/1398 1399/1399/1399 
f 1398/1398/1398 1397/1397/1397 1400/1400/1400 
f 1401/1401/1401 1402/1402/1402 1403/1403/1403 
f 1402/1402/1402 1401/1401/1401 1404/1404/1404 
f 1405/1405/1405 1403/1403/1403 1406/1406/1406 
f 1407/1407/1407 1408/1408/1408 1409/1409/1409 
f 1408/1408/1408 1410/1410/1410 1409/1409/1409 
f 1411/1411/1411 1412/1412/1412 1413/1413/1413 
f 1413/1413/1413 1412/1412/1412 1414/1414/1414 
f 1415/1415/1415 1416/1416/1416 1417/1417/1417 
f 1417/1417/1417 1416/1416/1416 1418/1418/1418 
f 1419/1419/1419 1420/1420/1420 1418/1418/1418 
f 1420/1420/1420 1419/1419/1419 1421/1421/1421 
f 1422/1422/1422 1423/1423/1423 1424/1424/1424 
f 1423/1423/1423 1422/1422/1422 1425/1425/1425 
f 1426/1426/1426 1427/1427/1427 1428/1428/1428 
f 1427/1427/1427 1426/1426/1426 1429/1429/1429 
f 1430/1430/1430 1431/1431/1431 1432/1432/1432 
f 1431/1431/1431 1430/1430/1430 1433/1433/1433 
f 1434/1434/1434 1435/1435/1435 1430/1430/1430 
f 1435/1435/1435 1434/1434/1434 1436/1436/1436 
f 1437/1437/1437 1438/1438/1438 1439/1439/1439 
f 1438/1438/1438 1437/1437/1437 1440/1440/1440 
f 1441/1441/1441 1442/1442/1442 1443/1443/1443 
f 1444/1444/1444 1443/1443/1443 1442/1442/1442 
f 1445/1445/1445 1446/1446/1446 1447/1447/1447 
f 1446/1446/1446 1445/1445/1445 1448/1448/1448 
f 1448/1448/1448 1449/1449/1449 1450/1450/1450 
f 1449/1449/1449 1448/1448/1448 1451/1451/1451 
f 1452/1452/1452 1451/1451/1451 1453/1453/1453 
f 1454/1454/1454 1452/1452/1452 1453/1453/1453 
f 1455/1455/1455 1456/1456/1456 1457/1457/1457 
f 1457/1457/1457 1456/1456/1456 1458/1458/1458 
f 1459/1459/1459 1460/1460/1460 1461/1461/1461 
f 1462/1462/1462 1460/1460/1460 1459/1459/1459 
f 1462/1462/1462 1463/1463/1463 1464/1464/1464 
f 1465/1465/1465 1466/1466/1466 1467/1467/1467 
f 1467/1467/1467 1466/1466/1466 1468/1468/1468 
f 1469/1469/1469 1470/1470/1470 1471/1471/1471 
f 1470/1470/1470 1469/1469/1469 1472/1472/1472 
f 1473/1473/1473 1474/1474/1474 1475/1475/1475 
f 1474/1474/1474 1473/1473/1473 1476/1476/1476 
f 1476/1476/1476 1477/1477/1477 1478/1478/1478 
f 1479/1479/1479 1478/1478/1478 1477/1477/1477 
f 1480/1480/1480 1481/1481/1481 1482/1482/1482 
f 1483/1483/1483 1482/1482/1482 1481/1481/1481 
f 1484/1484/1484 1485/1485/1485 1486/1486/1486 
f 1485/1485/1485 1484/1484/1484 1487/1487/1487 
f 1488/1488/1488 1489/1489/1489 1490/1490/1490 
f 1489/1489/1489 1491/1491/1491 1490/1490/1490 
f 1492/1492/1492 1493/1493/1493 1494/1494/1494 
f 1492/1492/1492 1495/1495/1495 1493/1493/1493 
f 1496/1496/1496 1497/1497/1497 1498/1498/1498 
f 1497/1497/1497 1496/1496/1496 1499/1499/1499 
f 1500/1500/1500 1501/1501/1501 1499/1499/1499 
f 1501/1501/1501 1500/1500/1500 1502/1502/1502 
f 1503/1503/1503 1504/1504/1504 1505/1505/1505 
f 1504/1504/1504 1503/1503/1503 1506/1506/1506 
f 1506/1506/1506 1507/1507/1507 1508/1508/1508 
f 1509/1509/1509 1508/1508/1508 1507/1507/1507 
f 1510/1510/1510 1511/1511/1511 1512/1512/1512 
f 1513/1513/1513 1512/1512/1512 1511/1511/1511 
f 1514/1514/1514 1515/1515/1515 1516/1516/1516 
f 1515/1515/1515 1514/1514/1514 1517/1517/1517 
f 1518/1518/1518 1519/1519/1519 1520/1520/1520 
f 1519/1519/1519 1521/1521/1521 1520/1520/1520 
f 1522/1522/1522 1523/1523/1523 1524/1524/1524 
f 1523/1523/1523 1522/1522/1522 1525/1525/1525 
f 1526/1526/1526 1527/1527/1527 1528/1528/1528 
f 1527/1527/1527 1526/1526/1526 1529/1529/1529 
f 1530/1530/1530 1528/1528/1528 1531/1531/1531 
f 1532/1532/1532 1533/1533/1533 1534/1534/1534 
f 1533/1533/1533 1532/1532/1532 1535/1535/1535 
f 1536/1536/1536 1535/1535/1535 1537/1537/1537 
f 1538/1538/1538 1539/1539/1539 1540/1540/1540 
f 1541/1541/1541 1540/1540/1540 1539/1539/1539 
f 1542/1542/1542 1543/1543/1543 1544/1544/1544 
f 1543/1543/1543 1542/1542/1542 1545/1545/1545 
f 1546/1546/1546 1547/1547/1547 1545/1545/1545 
f 1547/1547/1547 1546/1546/1546 1548/1548/1548 
f 1549/1549/1549 1550/1550/1550 1551/1551/1551 
f 1551/1551/1551 1552/1552/1552 1549/1549/1549 
f 1553/1553/1553 1554/1554/1554 1550/1550/1550 
f 1554/1554/1554 1553/1553/1553 1555/1555/1555 
f 1556/1556/1556 1557/1557/1557 1554/1554/1554 
f 1557/1557/1557 1556/1556/1556 1558/1558/1558 
f 1559/1559/1559 1560/1560/1560 1561/1561/1561 
f 1560/1560/1560 1559/1559/1559 1562/1562/1562 
f 1563/1563/1563 1564/1564/1564 1565/1565/1565 
f 1564/1564/1564 1563/1563/1563 1566/1566/1566 
f 1567/1567/1567 1568/1568/1568 1569/1569/1569 
f 1568/1568/1568 1567/1567/1567 1570/1570/1570 
f 1571/1571/1571 1572/1572/1572 1573/1573/1573 
f 1572/1572/1572 1571/1571/1571 1574/1574/1574 
f 1575/1575/1575 1576/1576/1576 1577/1577/1577 
f 1576/1576/1576 1575/1575/1575 1578/1578/1578 
f 1579/1579/1579 1577/1577/1577 1580/1580/1580 
f 1581/1581/1581 1582/1582/1582 1583/1583/1583 
f 1582/1582/1582 1581/1581/1581 1584/1584/1584 
f 1585/1585/1585 1586/1586/1586 1587/1587/1587 
f 1586/1586/1586 1585/1585/1585 1588/1588/1588 
f 1589/1589/1589 1590/1590/1590 1591/1591/1591 
f 1590/1590/1590 1589/1589/1589 1592/1592/1592 
f 1593/1593/1593 1594/1594/1594 1595/1595/1595 
f 1594/1594/1594 1593/1593/1593 1596/1596/1596 
f 1597/1597/1597 1598/1598/1598 1599/1599/1599 
f 1598/1598/1598 1597/1597/1597 1600/1600/1600 
f 1601/1601/1601 1602/1602/1602 1603/1603/1603 
f 1603/1603/1603 1602/1602/1602 1604/1604/1604 
f 1605/1605/1605 1606/1606/1606 1607/1607/1607 
f 1606/1606/1606 1605/1605/1605 1608/1608/1608 
f 1609/1609/1609 1610/1610/1610 1611/1611/1611 
f 1609/1609/1609 1611/1611/1611 1612/1612/1612 
f 1613/1613/1613 1614/1614/1614 1612/1612/1612 
f 1614/1614/1614 1613/1613/1613 1615/1615/1615 
f 1616/1616/1616 1617/1617/1617 1618/1618/1618 
f 1617/1617/1617 1619/1619/1619 1618/1618/1618 
f 1620/1620/1620 1621/1621/1621 1622/1622/1622 
f 1621/1621/1621 1620/1620/1620 1623/1623/1623 
f 1624/1624/1624 1623/1623/1623 1625/1625/1625 
f 1626/1626/1626 1627/1627/1627 1628/1628/1628 
f 1627/1627/1627 1626/1626/1626 1629/1629/1629 
f 1630/1630/1630 1628/1628/1628 1631/1631/1631 
f 1632/1632/1632 1633/1633/1633 1634/1634/1634 
f 1633/1633/1633 1632/1632/1632 1635/1635/1635 
f 1635/1635/1635 1636/1636/1636 1637/1637/1637 
f 1637/1637/1637 1636/1636/1636 1638/1638/1638 
f 1639/1639/1639 1640/1640/1640 1641/1641/1641 
f 1640/1640/1640 1639/1639/1639 1642/1642/1642 
f 1642/1642/1642 1643/1643/1643 1644/1644/1644 
f 1645/1645/1645 1644/1644/1644 1643/1643/1643 
f 1645/1645/1645 1646/1646/1646 1647/1647/1647 
f 1648/1648/1648 1649/1649/1649 1650/1650/1650 
f 1648/1648/1648 1650/1650/1650 1651/1651/1651 
f 1652/1652/1652 1653/1653/1653 1651/1651/1651 
f 1653/1653/1653 1652/1652/1652 1654/1654/1654 
f 1655/1655/1655 1656/1656/1656 1657/1657/1657 
f 1656/1656/1656 1655/1655/1655 1658/1658/1658 
f 1659/1659/1659 1660/1660/1660 1661/1661/1661 
f 1660/1660/1660 1659/1659/1659 1662/1662/1662 
f 1663/1663/1663 1664/1664/1664 1665/1665/1665 
f 1664/1664/1664 1666/1666/1666 1665/1665/1665 
f 1667/1667/1667 1668/1668/1668 1663/1663/1663 
f 1668/1668/1668 1667/1667/1667 1669/1669/1669 
f 1670/1670/1670 1671/1671/1671 1672/1672/1672 
f 1671/1671/1671 1670/1670/1670 1673/1673/1673 
f 1674/1674/1674 1673/1673/1673 1675/1675/1675 
f 1676/1676/1676 1677/1677/1677 1678/1678/1678 
f 1677/1677/1677 1676/1676/1676 1679/1679/1679 
f 1680/1680/1680 1681/1681/1681 1682/1682/1682 
f 1681/1681/1681 1680/1680/1680 1683/1683/1683 
f 1684/1684/1684 1685/1685/1685 1686/1686/1686 
f 1685/1685/1685 1684/1684/1684 1687/1687/1687 
f 1688/1688/1688 1689/1689/1689 1690/1690/1690 
f 1691/1691/1691 1692/1692/1692 1689/1689/1689 
f 1692/1692/1692 1691/1691/1691 1693/1693/1693 
f 1694/1694/1694 1693/1693/1693 1695/1695/1695 
f 1694/1694/1694 1695/1695/1695 1696/1696/1696 
f 1697/1697/1697 1698/1698/1698 1699/1699/1699 
f 1698/1698/1698 1697/1697/1697 1700/1700/1700 
f 1699/1699/1699 1701/1701/1701 1702/1702/1702 
f 1701/1701/1701 1699/1699/1699 1703/1703/1703 
f 1704/1704/1704 1705/1705/1705 1706/1706/1706 
f 1705/1705/1705 1704/1704/1704 1707/1707/1707 
f 1708/1708/1708 1706/1706/1706 1709/1709/1709 
f 1710/1710/1710 1707/1707/1707 1711/1711/1711 
f 1712/1712/1712 1713/1713/1713 1714/1714/1714 
f 1713/1713/1713 1712/1712/1712 1715/1715/1715 
f 1716/1716/1716 1717/1717/1717 1715/1715/1715 
f 1717/1717/1717 1716/1716/1716 1718/1718/1718 
f 1719/1719/1719 1720/1720/1720 1721/1721/1721 
f 1721/1721/1721 1722/1722/1722 1719/1719/1719 
f 1723/1723/1723 1724/1724/1724 1725/1725/1725 
f 1724/1724/1724 1723/1723/1723 1726/1726/1726 
f 1727/1727/1727 1728/1728/1728 1729/1729/1729 
f 1728/1728/1728 1727/1727/1727 1730/1730/1730 
f 1731/1731/1731 1732/1732/1732 1733/1733/1733 
f 1732/1732/1732 1734/1734/1734 1733/1733/1733 
f 1735/1735/1735 1736/1736/1736 1737/1737/1737 
f 1736/1736/1736 1735/1735/1735 1738/1738/1738 
f 1739/1739/1739 1740/1740/1740 1738/1738/1738 
f 1740/1740/1740 1739/1739/1739 1741/1741/1741 
f 1742/1742/1742 1743/1743/1743 1744/1744/1744 
f 1743/1743/1743 1742/1742/1742 1745/1745/1745 
f 1746/1746/1746 1747/1747/1747 1748/1748/1748 
f 1748/1748/1748 1747/1747/1747 1749/1749/1749 
f 1750/1750/1750 1751/1751/1751 1752/1752/1752 
f 1751/1751/1751 1750/1750/1750 1753/1753/1753 
f 1754/1754/1754 1755/1755/1755 1756/1756/1756 
f 1755/1755/1755 1754/1754/1754 1757/1757/1757 
f 1758/1758/1758 1759/1759/1759 1760/1760/1760 
f 1759/1759/1759 1758/1758/1758 1761/1761/1761 
f 1762/1762/1762 1763/1763/1763 1764/1764/1764 
f 1763/1763/1763 1762/1762/1762 1765/1765/1765 
f 1766/1766/1766 1767/1767/1767 1768/1768/1768 
f 1767/1767/1767 1766/1766/1766 1769/1769/1769 
f 1770/1770/1770 1771/1771/1771 1772/1772/1772 
f 1770/1770/1770 1773/1773/1773 1771/1771/1771 
f 1774/1774/1774 1773/1773/1773 1775/1775/1775 
f 1776/1776/1776 1777/1777/1777 1778/1778/1778 
f 1779/1779/1779 1780/1780/1780 1778/1778/1778 
f 1780/1780/1780 1779/1779/1779 1781/1781/1781 
f 1782/1782/1782 1783/1783/1783 1784/1784/1784 
f 1783/1783/1783 1782/1782/1782 1785/1785/1785 
f 1786/1786/1786 1787/1787/1787 1788/1788/1788 
f 1789/1789/1789 1788/1788/1788 1787/1787/1787 
f 1790/1790/1790 1791/1791/1791 1789/1789/1789 
f 1791/1791/1791 1790/1790/1790 1792/1792/1792 
f 1793/1793/1793 1794/1794/1794 1795/1795/1795 
f 1794/1794/1794 1793/1793/1793 1796/1796/1796 
f 1797/1797/1797 1798/1798/1798 1799/1799/1799 
f 1799/1799/1799 1800/1800/1800 1797/1797/1797 
f 1801/1801/1801 1802/1802/1802 1803/1803/1803 
f 1802/1802/1802 1801/1801/1801 1804/1804/1804 
f 1805/1805/1805 1806/1806/1806 1807/1807/1807 
f 1806/1806/1806 1805/1805/1805 1808/1808/1808 
f 1809/1809/1809 1810/1810/1810 1811/1811/1811 
f 1811/1811/1811 1810/1810/1810 1812/1812/1812 
f 1813/1813/1813 1814/1814/1814 1815/1815/1815 
f 1814/1814/1814 1816/1816/1816 1815/1815/1815 
f 1817/1817/1817 1818/1818/1818 1819/1819/1819 
f 1818/1818/1818 1817/1817/1817 1820/1820/1820 
f 1821/1821/1821 1820/1820/1820 1822/1822/1822 
f 1823/1823/1823 1824/1824/1824 1825/1825/1825 
f 1825/1825/1825 1824/1824/1824 1826/1826/1826 
f 1827/1827/1827 1828/1828/1828 1829/1829/1829 
f 1828/1828/1828 1830/1830/1830 1829/1829/1829 
f 1831/1831/1831 1832/1832/1832 1833/1833/1833 
f 1832/1832/1832 1834/1834/1834 1833/1833/1833 
f 1835/1835/1835 1836/1836/1836 1837/1837/1837 
f 1838/1838/1838 1837/1837/1837 1836/1836/1836 
f 1839/1839/1839 1840/1840/1840 1841/1841/1841 
f 1840/1840/1840 1839/1839/1839 1842/1842/1842 
f 1843/1843/1843 1844/1844/1844 1845/1845/1845 
f 1844/1844/1844 1843/1843/1843 1846/1846/1846 
f 1847/1847/1847 1848/1848/1848 1849/1849/1849 
f 1848/1848/1848 1847/1847/1847 1850/1850/1850 
f 1851/1851/1851 1852/1852/1852 1853/1853/1853 
f 1852/1852/1852 1851/1851/1851 1854/1854/1854 
f 1854/1854/1854 1855/1855/1855 1856/1856/1856 
f 1857/1857/1857 1856/1856/1856 1855/1855/1855 
f 1858/1858/1858 1859/1859/1859 1860/1860/1860 
f 1861/1861/1861 1860/1860/1860 1859/1859/1859 
f 1862/1862/1862 1863/1863/1863 1864/1864/1864 
f 1863/1863/1863 1862/1862/1862 1865/1865/1865 
f 1866/1866/1866 1867/1867/1867 1868/1868/1868 
f 1867/1867/1867 1866/1866/1866 1869/1869/1869 
f 1870/1870/1870 1871/1871/1871 1872/1872/1872 
f 1873/1873/1873 1874/1874/1874 1871/1871/1871 
f 1874/1874/1874 1873/1873/1873 1875/1875/1875 
f 1876/1876/1876 1877/1877/1877 1875/1875/1875 
f 1877/1877/1877 1876/1876/1876 1878/1878/1878 
f 1879/1879/1879 1880/1880/1880 1881/1881/1881 
f 1880/1880/1880 1879/1879/1879 1882/1882/1882 
f 1883/1883/1883 1884/1884/1884 1885/1885/1885 
f 1884/1884/1884 1883/1883/1883 1886/1886/1886 
f 1886/1886/1886 1887/1887/1887 1888/1888/1888 
f 1888/1888/1888 1887/1887/1887 1889/1889/1889 
f 1887/1887/1887 1890/1890/1890 1891/1891/1891 
f 1891/1891/1891 1890/1890/1890 1892/1892/1892 
f 1893/1893/1893 1894/1894/1894 1892/1892/1892 
f 1894/1894/1894 1893/1893/1893 1895/1895/1895 
f 1896/1896/1896 1897/1897/1897 1898/1898/1898 
f 1897/1897/1897 1896/1896/1896 1899/1899/1899 
f 1900/1900/1900 1901/1901/1901 1902/1902/1902 
f 1902/1902/1902 1901/1901/1901 1903/1903/1903 
f 1904/1904/1904 1905/1905/1905 1906/1906/1906 
f 1905/1905/1905 1904/1904/1904 1907/1907/1907 
f 1908/1908/1908 1909/1909/1909 1910/1910/1910 
f 1911/1911/1911 1910/1910/1910 1909/1909/1909 
f 1912/1912/1912 1913/1913/1913 1914/1914/1914 
f 1913/1913/1913 1915/1915/1915 1914/1914/1914 
f 1916/1916/1916 1917/1917/1917 1918/1918/1918 
f 1917/1917/1917 1919/1919/1919 1918/1918/1918 
f 1920/1920/1920 1921/1921/1921 1922/1922/1922 
f 1921/1921/1921 1920/1920/1920 1923/1923/1923 
f 1924/1924/1924 1925/1925/1925 1926/1926/1926 
f 1925/1925/1925 1924/1924/1924 1927/1927/1927 
f 1928/1928/1928 1929/1929/1929 1930/1930/1930 
f 1928/1928/1928 1930/1930/1930 1931/1931/1931 
f 1932/1932/1932 1933/1933/1933 1929/1929/1929 
f 1933/1933/1933 1932/1932/1932 1934/1934/1934 
f 1935/1935/1935 1936/1936/1936 1937/1937/1937 
f 1936/1936/1936 1935/1935/1935 1938/1938/1938 
f 1938/1938/1938 1939/1939/1939 1940/1940/1940 
f 1941/1941/1941 1942/1942/1942 1943/1943/1943 
f 1942/1942/1942 1941/1941/1941 1944/1944/1944 
f 1945/1945/1945 1946/1946/1946 1947/1947/1947 
f 1946/1946/1946 1945/1945/1945 1948/1948/1948 
f 1949/1949/1949 1950/1950/1950 1951/1951/1951 
f 1950/1950/1950 1949/1949/1949 1952/1952/1952 
f 1953/1953/1953 1954/1954/1954 1955/1955/1955 
f 1954/1954/1954 1953/1953/1953 1956/1956/1956 
f 1957/1957/1957 1958/1958/1958 1959/1959/1959 
f 1958/1958/1958 1957/1957/1957 1960/1960/1960 
f 1961/1961/1961 1962/1962/1962 1963/1963/1963 
f 1961/1961/1961 1963/1963/1963 1964/1964/1964 
f 1965/1965/1965 1966/1966/1966 1964/1964/1964 
f 1966/1966/1966 1965/1965/1965 1967/1967/1967 
f 1968/1968/1968 1969/1969/1969 1970/1970/1970 
f 1969/1969/1969 1968/1968/1968 1971/1971/1971 
f 1972/1972/1972 1973/1973/1973 1974/1974/1974 
f 1975/1975/1975 1974/1974/1974 1973/1973/1973 
f 1976/1976/1976 1977/1977/1977 1978/1978/1978 
f 1978/1978/1978 1977/1977/1977 1979/1979/1979 
f 1980/1980/1980 1981/1981/1981 1982/1982/1982 
f 1982/1982/1982 1981/1981/1981 1983/1983/1983 
f 1983/1983/1983 1984/1984/1984 1985/1985/1985 
f 1986/1986/1986 1987/1987/1987 1988/1988/1988 
f 1987/1987/1987 1989/1989/1989 1988/1988/1988 
f 1990/1990/1990 1991/1991/1991 1986/1986/1986 
f 1991/1991/1991 1990/1990/1990 1992/1992/1992 
f 1993/1993/1993 1994/1994/1994 1995/1995/1995 
f 1996/1996/1996 1997/1997/1997 1995/1995/1995 
f 1997/1997/1997 1996/1996/1996 1998/1998/1998 
f 1999/1999/1999 2000/2000/2000 2001/2001/2001 
f 2002/2002/2002 2003/2003/2003 2001/2001/2001 
f 2003/2003/2003 2002/2002/2002 2004/2004/2004 
f 2005/2005/2005 2006/2006/2006 2004/2004/2004 
f 2005/2005/2005 2007/2007/2007 2006/2006/2006 
f 2008/2008/2008 2009/2009/2009 2010/2010/2010 
f 2009/2009/2009 2008/2008/2008 2011/2011/2011 
f 2012/2012/2012 2013/2013/2013 2014/2014/2014 
f 2013/2013/2013 2012/2012/2012 2015/2015/2015 
f 2016/2016/2016 2017/2017/2017 2018/2018/2018 
f 2017/2017/2017 2016/2016/2016 2019/2019/2019 
f 2018/2018/2018 2020/2020/2020 2021/2021/2021 
f 2021/2021/2021 2020/2020/2020 2022/2022/2022 
f 2022/2022/2022 2023/2023/2023 2024/2024/2024 
f 2025/2025/2025 2026/2026/2026 2027/2027/2027 
f 2026/2026/2026 2028/2028/2028 2027/2027/2027 
f 2029/2029/2029 2030/2030/2030 2031/2031/2031 
f 2031/2031/2031 2030/2030/2030 2032/2032/2032 
f 2033/2033/2033 2034/2034/2034 2035/2035/2035 
f 2034/2034/2034 2033/2033/2033 2036/2036/2036 
f 2037/2037/2037 2038/2038/2038 2039/2039/2039 
f 2038/2038/2038 2040/2040/2040 2039/2039/2039 
f 2041/2041/2041 2042/2042/2042 2043/2043/2043 
f 2042/2042/2042 2041/2041/2041 2044/2044/2044 
f 2044/2044/2044 2045/2045/2045 2046/2046/2046 
f 2047/2047/2047 2048/2048/2048 2049/2049/2049 
f 2048/2048/2048 2047/2047/2047 2050/2050/2050 
f 2051/2051/2051 2050/2050/2050 2052/2052/2052 
f 2053/2053/2053 2054/2054/2054 2055/2055/2055 
f 2054/2054/2054 2056/2056/2056 2055/2055/2055 
f 2057/2057/2057 2058/2058/2058 2059/2059/2059 
f 2058/2058/2058 2057/2057/2057 2060/2060/2060 
f 2061/2061/2061 2062/2062/2062 2063/2063/2063 
f 2062/2062/2062 2061/2061/2061 2064/2064/2064 
f 2065/2065/2065 2066/2066/2066 2067/2067/2067 
f 2067/2067/2067 2068/2068/2068 2065/2065/2065 
f 2069/2069/2069 2070/2070/2070 2071/2071/2071 
f 2070/2070/2070 2069/2069/2069 2072/2072/2072 
f 2073/2073/2073 2071/2071/2071 2074/2074/2074 
f 2075/2075/2075 2076/2076/2076 2077/2077/2077 
f 2076/2076/2076 2075/2075/2075 2078/2078/2078 
f 2079/2079/2079 2080/2080/2080 2081/2081/2081 
f 2080/2080/2080 2079/2079/2079 2082/2082/2082 
f 2083/2083/2083 2084/2084/2084 2082/2082/2082 
f 2084/2084/2084 2083/2083/2083 2085/2085/2085 
f 2086/2086/2086 2087/2087/2087 2088/2088/2088 
f 2088/2088/2088 2087/2087/2087 2089/2089/2089 
f 2090/2090/2090 2091/2091/2091 2092/2092/2092 
f 2091/2091/2091 2090/2090/2090 2093/2093/2093 
f 2094/2094/2094 2095/2095/2095 2093/2093/2093 
f 2095/2095/2095 2094/2094/2094 2096/2096/2096 
f 2097/2097/2097 2098/2098/2098 2099/2099/2099 
f 2098/2098/2098 2097/2097/2097 2100/2100/2100 
f 2101/2101/2101 2102/2102/2102 2103/2103/2103 
f 2102/2102/2102 2101/2101/2101 2104/2104/2104 
f 2105/2105/2105 2106/2106/2106 2107/2107/2107 
f 2106/2106/2106 2108/2108/2108 2107/2107/2107 
f 2109/2109/2109 2110/2110/2110 2111/2111/2111 
f 2112/2112/2112 2113/2113/2113 2111/2111/2111 
f 2113/2113/2113 2112/2112/2112 2114/2114/2114 
f 2115/2115/2115 2116/2116/2116 2117/2117/2117 
f 2116/2116/2116 2115/2115/2115 2118/2118/2118 
f 2119/2119/2119 2120/2120/2120 2121/2121/2121 
f 2120/2120/2120 2119/2119/2119 2122/2122/2122 
f 2123/2123/2123 2124/2124/2124 2125/2125/2125 
f 2125/2125/2125 2126/2126/2126 2123/2123/2123 
f 2127/2127/2127 2128/2128/2128 2129/2129/2129 
f 2128/2128/2128 2127/2127/2127 2130/2130/2130 
f 2131/2131/2131 2132/2132/2132 2133/2133/2133 
f 2132/2132/2132 2131/2131/2131 2134/2134/2134 
f 2135/2135/2135 2136/2136/2136 2137/2137/2137 
f 2136/2136/2136 2135/2135/2135 2138/2138/2138 
f 2139/2139/2139 2140/2140/2140 2141/2141/2141 
f 2140/2140/2140 2142/2142/2142 2141/2141/2141 
f 2142/2142/2142 2143/2143/2143 2144/2144/2144 
f 2145/2145/2145 2146/2146/2146 2147/2147/2147 
f 2146/2146/2146 2145/2145/2145 2148/2148/2148 
f 2149/2149/2149 2150/2150/2150 2151/2151/2151 
f 2151/2151/2151 2152/2152/2152 2149/2149/2149 
f 2153/2153/2153 2154/2154/2154 2155/2155/2155 
f 2154/2154/2154 2153/2153/2153 2156/2156/2156 
f 2157/2157/2157 2158/2158/2158 2159/2159/2159 
f 2158/2158/2158 2157/2157/2157 2160/2160/2160 
f 2161/2161/2161 2160/2160/2160 2162/2162/2162 
f 2163/2163/2163 2164/2164/2164 2165/2165/2165 
f 2164/2164/2164 2163/2163/2163 2166/2166/2166 
f 2167/2167/2167 2168/2168/2168 2169/2169/2169 
f 2168/2168/2168 2167/2167/2167 2170/2170/2170 
f 2171/2171/2171 2172/2172/2172 2173/2173/2173 
f 2173/2173/2173 2172/2172/2172 2174/2174/2174 
f 2175/2175/2175 2176/2176/2176 2177/2177/2177 
f 2175/2175/2175 2178/2178/2178 2176/2176/2176 
f 2179/2179/2179 2180/2180/2180 2181/2181/2181 
f 2180/2180/2180 2179/2179/2179 2182/2182/2182 
f 2183/2183/2183 2184/2184/2184 2185/2185/2185 
f 2183/2183/2183 2185/2185/2185 2186/2186/2186 
f 2187/2187/2187 2188/2188/2188 2189/2189/2189 
f 2188/2188/2188 2190/2190/2190 2189/2189/2189 
f 2191/2191/2191 2192/2192/2192 2193/2193/2193 
f 2192/2192/2192 2191/2191/2191 2194/2194/2194 
f 2195/2195/2195 2196/2196/2196 2197/2197/2197 
f 2195/2195/2195 2197/2197/2197 2198/2198/2198 
f 2199/2199/2199 2200/2200/2200 2201/2201/2201 
f 2200/2200/2200 2199/2199/2199 2202/2202/2202 
f 2203/2203/2203 2204/2204/2204 2205/2205/2205 
f 2204/2204/2204 2203/2203/2203 2206/2206/2206 
f 2207/2207/2207 2208/2208/2208 2209/2209/2209 
f 2208/2208/2208 2210/2210/2210 2209/2209/2209 
f 2211/2211/2211 2212/2212/2212 2213/2213/2213 
f 2212/2212/2212 2211/2211/2211 2214/2214/2214 
f 2215/2215/2215 2216/2216/2216 2214/2214/2214 
f 2216/2216/2216 2215/2215/2215 2217/2217/2217 
f 2218/2218/2218 2219/2219/2219 2220/2220/2220 
f 2219/2219/2219 2218/2218/2218 2221/2221/2221 
f 2222/2222/2222 2223/2223/2223 2224/2224/2224 
f 2223/2223/2223 2225/2225/2225 2226/2226/2226 
f 2227/2227/2227 2226/2226/2226 2225/2225/2225 
f 2228/2228/2228 2229/2229/2229 2230/2230/2230 
f 2229/2229/2229 2228/2228/2228 2231/2231/2231 
f 2232/2232/2232 2233/2233/2233 2234/2234/2234 
f 2233/2233/2233 2232/2232/2232 2235/2235/2235 
f 2235/2235/2235 2236/2236/2236 2237/2237/2237 
f 2238/2238/2238 2237/2237/2237 2236/2236/2236 
f 2239/2239/2239 2240/2240/2240 2238/2238/2238 
f 2240/2240/2240 2239/2239/2239 2241/2241/2241 
f 2242/2242/2242 2243/2243/2243 2244/2244/2244 
f 2243/2243/2243 2242/2242/2242 2245/2245/2245 
f 2246/2246/2246 2247/2247/2247 2248/2248/2248 
f 2247/2247/2247 2246/2246/2246 2249/2249/2249 
f 2250/2250/2250 2251/2251/2251 2248/2248/2248 
f 2250/2250/2250 2252/2252/2252 2251/2251/2251 
f 2253/2253/2253 2254/2254/2254 2255/2255/2255 
f 2254/2254/2254 2253/2253/2253 2256/2256/2256 
f 2257/2257/2257 2258/2258/2258 2259/2259/2259 
f 2259/2259/2259 2258/2258/2258 2260/2260/2260 
f 2261/2261/2261 2262/2262/2262 2263/2263/2263 
f 2263/2263/2263 2264/2264/2264 2261/2261/2261 
f 2264/2264/2264 2265/2265/2265 2266/2266/2266 
f 2267/2267/2267 2268/2268/2268 2269/2269/2269 
f 2269/2269/2269 2268/2268/2268 2270/2270/2270 
f 2271/2271/2271 2272/2272/2272 2273/2273/2273 
f 2272/2272/2272 2271/2271/2271 2274/2274/2274 
f 2275/2275/2275 2276/2276/2276 2271/2271/2271 
f 2276/2276/2276 2275/2275/2275 2277/2277/2277 
f 2278/2278/2278 2279/2279/2279 2280/2280/2280 
f 2279/2279/2279 2278/2278/2278 2281/2281/2281 
f 2282/2282/2282 2283/2283/2283 2284/2284/2284 
f 2282/2282/2282 2284/2284/2284 2285/2285/2285 
f 2286/2286/2286 2287/2287/2287 2283/2283/2283 
f 2287/2287/2287 2286/2286/2286 2288/2288/2288 
f 2289/2289/2289 2290/2290/2290 2291/2291/2291 
f 2290/2290/2290 2289/2289/2289 2292/2292/2292 
f 2293/2293/2293 2294/2294/2294 2295/2295/2295 
f 2294/2294/2294 2293/2293/2293 2296/2296/2296 
f 2297/2297/2297 2298/2298/2298 2299/2299/2299 
f 2298/2298/2298 2297/2297/2297 2300/2300/2300 
f 2301/2301/2301 2302/2302/2302 2303/2303/2303 
f 2302/2302/2302 2301/2301/2301 2304/2304/2304 
f 2305/2305/2305 2306/2306/2306 2307/2307/2307 
f 2306/2306/2306 2305/2305/2305 2308/2308/2308 
f 2309/2309/2309 2310/2310/2310 2311/2311/2311 
f 2310/2310/2310 2309/2309/2309 2312/2312/2312 
f 2313/2313/2313 2314/2314/2314 2315/2315/2315 
f 2314/2314/2314 2313/2313/2313 2316/2316/2316 
f 2317/2317/2317 2318/2318/2318 2316/2316/2316 
f 2318/2318/2318 2317/2317/2317 2319/2319/2319 
f 2320/2320/2320 2321/2321/2321 2322/2322/2322 
f 2321/2321/2321 2320/2320/2320 2323/2323/2323 
f 2324/2324/2324 2322/2322/2322 2325/2325/2325 
f 2326/2326/2326 2324/2324/2324 2325/2325/2325 
f 2327/2327/2327 2328/2328/2328 2329/2329/2329 
f 2328/2328/2328 2327/2327/2327 2330/2330/2330 
f 2331/2331/2331 2332/2332/2332 2333/2333/2333 
f 2332/2332/2332 2334/2334/2334 2333/2333/2333 
f 2335/2335/2335 2336/2336/2336 2337/2337/2337 
f 2336/2336/2336 2335/2335/2335 2338/2338/2338 
f 2339/2339/2339 2340/2340/2340 2341/2341/2341 
f 2340/2340/2340 2339/2339/2339 2342/2342/2342 
f 2343/2343/2343 2344/2344/2344 2345/2345/2345 
f 2345/2345/2345 2346/2346/2346 2343/2343/2343 
f 2347/2347/2347 2348/2348/2348 2349/2349/2349 
f 2349/2349/2349 2350/2350/2350 2347/2347/2347 
f 2351/2351/2351 2352/2352/2352 2353/2353/2353 
f 2352/2352/2352 2351/2351/2351 2354/2354/2354 
f 2355/2355/2355 2353/2353/2353 2356/2356/2356 
f 2356/2356/2356 2357/2357/2357 2355/2355/2355 
f 2358/2358/2358 2359/2359/2359 2360/2360/2360 
f 2359/2359/2359 2358/2358/2358 2361/2361/2361 
f 2362/2362/2362 2363/2363/2363 2364/2364/2364 
f 2363/2363/2363 2362/2362/2362 2365/2365/2365 
f 2366/2366/2366 2367/2367/2367 2368/2368/2368 
f 2367/2367/2367 2369/2369/2369 2368/2368/2368 
f 2370/2370/2370 2371/2371/2371 2372/2372/2372 
f 2371/2371/2371 2373/2373/2373 2372/2372/2372 
f 2374/2374/2374 2375/2375/2375 2376/2376/2376 
f 2375/2375/2375 2374/2374/2374 2377/2377/2377 
f 2378/2378/2378 2379/2379/2379 2380/2380/2380 
f 2379/2379/2379 2378/2378/2378 2381/2381/2381 
f 2382/2382/2382 2383/2383/2383 2384/2384/2384 
f 2383/2383/2383 2382/2382/2382 2385/2385/2385 
f 2386/2386/2386 2384/2384/2384 2387/2387/2387 
f 2388/2388/2388 2389/2389/2389 2390/2390/2390 
f 2389/2389/2389 2388/2388/2388 2391/2391/2391 
f 2392/2392/2392 2393/2393/2393 2394/2394/2394 
f 2393/2393/2393 2392/2392/2392 2395/2395/2395 
f 2396/2396/2396 2397/2397/2397 2398/2398/2398 
f 2398/2398/2398 2399/2399/2399 2396/2396/2396 
f 2400/2400/2400 2401/2401/2401 2402/2402/2402 
f 2402/2402/2402 2401/2401/2401 2403/2403/2403 
f 2404/2404/2404 2405/2405/2405 2403/2403/2403 
f 2405/2405/2405 2404/2404/2404 2406/2406/2406 
f 2407/2407/2407 2408/2408/2408 2409/2409/2409 
f 2410/2410/2410 2409/2409/2409 2408/2408/2408 
f 2411/2411/2411 2412/2412/2412 2413/2413/2413 
f 2413/2413/2413 2412/2412/2412 2414/2414/2414 
f 2415/2415/2415 2416/2416/2416 2417/2417/2417 
f 2416/2416/2416 2418/2418/2418 2417/2417/2417 
f 2419/2419/2419 2420/2420/2420 2421/2421/2421 
f 2420/2420/2420 2422/2422/2422 2421/2421/2421 
f 2423/2423/2423 2424/2424/2424 2425/2425/2425 
f 2424/2424/2424 2423/2423/2423 2426/2426/2426 
f 2427/2427/2427 2425/2425/2425 2428/2428/2428 
f 2429/2429/2429 2430/2430/2430 2431/2431/2431 
f 2430/2430/2430 2429/2429/2429 2432/2432/2432 
f 2433/2433/2433 2434/2434/2434 2435/2435/2435 
f 2434/2434/2434 2433/2433/2433 2436/2436/2436 
f 2437/2437/2437 2438/2438/2438 2439/2439/2439 
f 2438/2438/2438 2437/2437/2437 2440/2440/2440 
f 2441/2441/2441 2442/2442/2442 2443/2443/2443 
f 2442/2442/2442 2441/2441/2441 2444/2444/2444 
f 2445/2445/2445 2446/2446/2446 2447/2447/2447 
f 2446/2446/2446 2445/2445/2445 2448/2448/2448 
f 2449/2449/2449 2447/2447/2447 2450/2450/2450 
f 2447/2447/2447 2449/2449/2449 2451/2451/2451 
f 2452/2452/2452 2453/2453/2453 2454/2454/2454 
f 2453/2453/2453 2452/2452/2452 2455/2455/2455 
f 2456/2456/2456 2457/2457/2457 2458/2458/2458 
f 2457/2457/2457 2456/2456/2456 2459/2459/2459 
f 2460/2460/2460 2461/2461/2461 2462/2462/2462 
f 2461/2461/2461 2460/2460/2460 2463/2463/2463 
f 2464/2464/2464 2462/2462/2462 2465/2465/2465 
f 2466/2466/2466 2467/2467/2467 2468/2468/2468 
f 2467/2467/2467 2466/2466/2466 2469/2469/2469 
f 2470/2470/2470 2471/2471/2471 2469/2469/2469 
f 2471/2471/2471 2470/2470/2470 2472/2472/2472 
f 2473/2473/2473 2474/2474/2474 2475/2475/2475 
f 2474/2474/2474 2473/2473/2473 2476/2476/2476 
f 2477/2477/2477 2478/2478/2478 2479/2479/2479 
f 2478/2478/2478 2477/2477/2477 2480/2480/2480 
f 2481/2481/2481 2482/2482/2482 2483/2483/2483 
f 2482/2482/2482 2481/2481/2481 2484/2484/2484 
f 2485/2485/2485 2486/2486/2486 2484/2484/2484 
f 2484/2484/2484 2486/2486/2486 2487/2487/2487 
f 2488/2488/2488 2489/2489/2489 2487/2487/2487 
f 2489/2489/2489 2488/2488/2488 2490/2490/2490 
f 2491/2491/2491 2492/2492/2492 2493/2493/2493 
f 2493/2493/2493 2494/2494/2494 2491/2491/2491 
f 2495/2495/2495 2496/2496/2496 2497/2497/2497 
f 2496/2496/2496 2495/2495/2495 2498/2498/2498 
f 2499/2499/2499 2500/2500/2500 2501/2501/2501 
f 2500/2500/2500 2499/2499/2499 2502/2502/2502 
f 2503/2503/2503 2504/2504/2504 2505/2505/2505 
f 2504/2504/2504 2503/2503/2503 2506/2506/2506 
f 2507/2507/2507 2508/2508/2508 2509/2509/2509 
f 2509/2509/2509 2508/2508/2508 2510/2510/2510 
f 2511/2511/2511 2512/2512/2512 2513/2513/2513 
f 2512/2512/2512 2514/2514/2514 2513/2513/2513 
f 2515/2515/2515 2516/2516/2516 2511/2511/2511 
f 2516/2516/2516 2515/2515/2515 2517/2517/2517 
f 2518/2518/2518 2519/2519/2519 2520/2520/2520 
f 2519/2519/2519 2518/2518/2518 2521/2521/2521 
f 2522/2522/2522 2523/2523/2523 2524/2524/2524 
f 2523/2523/2523 2522/2522/2522 2525/2525/2525 
f 2525/2525/2525 2526/2526/2526 2527/2527/2527 
f 2527/2527/2527 2526/2526/2526 2528/2528/2528 
f 2528/2528/2528 2529/2529/2529 2530/2530/2530 
f 2531/2531/2531 2532/2532/2532 2533/2533/2533 
f 2532/2532/2532 2531/2531/2531 2534/2534/2534 
f 2535/2535/2535 2536/2536/2536 2537/2537/2537 
f 2537/2537/2537 2538/2538/2538 2535/2535/2535 
f 2539/2539/2539 2540/2540/2540 2541/2541/2541 
f 2540/2540/2540 2539/2539/2539 2542/2542/2542 
f 2543/2543/2543 2544/2544/2544 2545/2545/2545 
f 2544/2544/2544 2543/2543/2543 2546/2546/2546 
f 2547/2547/2547 2548/2548/2548 2549/2549/2549 
f 2549/2549/2549 2550/2550/2550 2547/2547/2547 
f 2551/2551/2551 2552/2552/2552 2553/2553/2553 
f 2554/2554/2554 2553/2553/2553 2552/2552/2552 
f 2555/2555/2555 2556/2556/2556 2557/2557/2557 
f 2556/2556/2556 2555/2555/2555 2558/2558/2558 
f 2559/2559/2559 2560/2560/2560 2561/2561/2561 
f 2562/2562/2562 2561/2561/2561 2560/2560/2560 
f 2563/2563/2563 2564/2564/2564 2565/2565/2565 
f 2564/2564/2564 2563/2563/2563 2566/2566/2566 
f 2567/2567/2567 2568/2568/2568 2566/2566/2566 
f 2568/2568/2568 2567/2567/2567 2569/2569/2569 
f 2570/2570/2570 2571/2571/2571 2572/2572/2572 
f 2572/2572/2572 2573/2573/2573 2570/2570/2570 
f 2574/2574/2574 2575/2575/2575 2571/2571/2571 
f 2575/2575/2575 2574/2574/2574 2576/2576/2576 
f 2577/2577/2577 2578/2578/2578 2579/2579/2579 
f 2580/2580/2580 2579/2579/2579 2578/2578/2578 
f 2581/2581/2581 2582/2582/2582 2583/2583/2583 
f 2584/2584/2584 2585/2585/2585 2583/2583/2583 
f 2585/2585/2585 2584/2584/2584 2586/2586/2586 
f 2586/2586/2586 2587/2587/2587 2588/2588/2588 
f 2589/2589/2589 2588/2588/2588 2587/2587/2587 
f 2590/2590/2590 2591/2591/2591 2592/2592/2592 
f 2592/2592/2592 2591/2591/2591 2593/2593/2593 
f 2590/2590/2590 2594/2594/2594 2595/2595/2595 
f 2596/2596/2596 2597/2597/2597 2598/2598/2598 
f 2597/2597/2597 2596/2596/2596 2599/2599/2599 
f 2600/2600/2600 2601/2601/2601 2602/2602/2602 
f 2601/2601/2601 2600/2600/2600 2603/2603/2603 
f 2604/2604/2604 2605/2605/2605 2606/2606/2606 
f 2607/2607/2607 2606/2606/2606 2608/2608/2608 
f 2608/2608/2608 2609/2609/2609 2607/2607/2607 
f 2610/2610/2610 2611/2611/2611 2609/2609/2609 
f 2611/2611/2611 2610/2610/2610 2612/2612/2612 
f 2613/2613/2613 2614/2614/2614 2615/2615/2615 
f 2614/2614/2614 2613/2613/2613 2616/2616/2616 
f 2617/2617/2617 2618/2618/2618 2619/2619/2619 
f 2619/2619/2619 2618/2618/2618 2620/2620/2620 
f 2621/2621/2621 2622/2622/2622 2623/2623/2623 
f 2622/2622/2622 2624/2624/2624 2623/2623/2623 
f 2625/2625/2625 2626/2626/2626 2627/2627/2627 
f 2626/2626/2626 2625/2625/2625 2628/2628/2628 
f 2629/2629/2629 2630/2630/2630 2631/2631/2631 
f 2630/2630/2630 2629/2629/2629 2632/2632/2632 
f 2633/2633/2633 2634/2634/2634 2635/2635/2635 
f 2634/2634/2634 2633/2633/2633 2636/2636/2636 
f 2637/2637/2637 2638/2638/2638 2639/2639/2639 
f 2638/2638/2638 2637/2637/2637 2640/2640/2640 
f 2641/2641/2641 2642/2642/2642 2643/2643/2643 
f 2644/2644/2644 2645/2645/2645 2643/2643/2643 
f 2645/2645/2645 2644/2644/2644 2646/2646/2646 
f 2646/2646/2646 2647/2647/2647 2648/2648/2648 
f 2649/2649/2649 2648/2648/2648 2647/2647/2647 
f 2649/2649/2649 2650/2650/2650 2651/2651/2651 
f 2652/2652/2652 2649/2649/2649 2651/2651/2651 
f 2653/2653/2653 2654/2654/2654 2655/2655/2655 
f 2654/2654/2654 2653/2653/2653 2656/2656/2656 
f 2657/2657/2657 2658/2658/2658 2659/2659/2659 
f 2658/2658/2658 2660/2660/2660 2659/2659/2659 
f 2661/2661/2661 2662/2662/2662 2663/2663/2663 
f 2662/2662/2662 2661/2661/2661 2664/2664/2664 
f 2665/2665/2665 2666/2666/2666 2667/2667/2667 
f 2667/2667/2667 2668/2668/2668 2665/2665/2665 
f 2669/2669/2669 2670/2670/2670 2666/2666/2666 
f 2670/2670/2670 2669/2669/2669 2671/2671/2671 
f 2672/2672/2672 2673/2673/2673 2674/2674/2674 
f 2673/2673/2673 2672/2672/2672 2675/2675/2675 
f 2676/2676/2676 2677/2677/2677 2675/2675/2675 
f 2677/2677/2677 2676/2676/2676 2678/2678/2678 
f 2679/2679/2679 2680/2680/2680 2681/2681/2681 
f 2680/2680/2680 2682/2682/2682 2683/2683/2683 
f 2684/2684/2684 2683/2683/2683 2682/2682/2682 
f 2685/2685/2685 2686/2686/2686 2687/2687/2687 
f 2687/2687/2687 2686/2686/2686 2688/2688/2688 
f 2689/2689/2689 2690/2690/2690 2691/2691/2691 
f 2690/2690/2690 2689/2689/2689 2692/2692/2692 
f 2693/2693/2693 2694/2694/2694 2695/2695/2695 
f 2694/2694/2694 2696/2696/2696 2697/2697/2697 
f 2698/2698/2698 2697/2697/2697 2696/2696/2696 
f 2699/2699/2699 2700/2700/2700 2701/2701/2701 
f 2700/2700/2700 2702/2702/2702 2701/2701/2701 
f 2703/2703/2703 2704/2704/2704 2705/2705/2705 
f 2705/2705/2705 2706/2706/2706 2703/2703/2703 
f 2707/2707/2707 2708/2708/2708 2709/2709/2709 
f 2708/2708/2708 2707/2707/2707 2710/2710/2710 
f 2711/2711/2711 2712/2712/2712 2710/2710/2710 
f 2712/2712/2712 2711/2711/2711 2713/2713/2713 
f 2714/2714/2714 2715/2715/2715 2716/2716/2716 
f 2715/2715/2715 2714/2714/2714 2717/2717/2717 
f 2718/2718/2718 2719/2719/2719 2720/2720/2720 
f 2721/2721/2721 2722/2722/2722 2720/2720/2720 
f 2722/2722/2722 2721/2721/2721 2723/2723/2723 
f 2724/2724/2724 2723/2723/2723 2725/2725/2725 
f 2726/2726/2726 2724/2724/2724 2725/2725/2725 
f 2727/2727/2727 2728/2728/2728 2726/2726/2726 
f 2728/2728/2728 2727/2727/2727 2729/2729/2729 
f 2730/2730/2730 2731/2731/2731 2728/2728/2728 
f 2731/2731/2731 2730/2730/2730 2732/2732/2732 
f 2733/2733/2733 2734/2734/2734 2735/2735/2735 
f 2734/2734/2734 2733/2733/2733 2736/2736/2736 
f 2737/2737/2737 2738/2738/2738 2739/2739/2739 
f 2738/2738/2738 2737/2737/2737 2740/2740/2740 
f 2741/2741/2741 2742/2742/2742 2743/2743/2743 
f 2743/2743/2743 2744/2744/2744 2741/2741/2741 
f 2744/2744/2744 2745/2745/2745 2746/2746/2746 
f 2747/2747/2747 2748/2748/2748 2749/2749/2749 
f 2748/2748/2748 2747/2747/2747 2750/2750/2750 
f 2751/2751/2751 2752/2752/2752 2753/2753/2753 
f 2752/2752/2752 2751/2751/2751 2754/2754/2754 
f 2755/2755/2755 2756/2756/2756 2757/2757/2757 
f 2757/2757/2757 2756/2756/2756 2758/2758/2758 
f 2759/2759/2759 2760/2760/2760 2761/2761/2761 
f 2761/2761/2761 2762/2762/2762 2759/2759/2759 
f 2763/2763/2763 2764/2764/2764 2765/2765/2765 
f 2764/2764/2764 2763/2763/2763 2766/2766/2766 
f 2767/2767/2767 2768/2768/2768 2769/2769/2769 
f 2768/2768/2768 2767/2767/2767 2770/2770/2770 
f 2771/2771/2771 2772/2772/2772 2773/2773/2773 
f 2774/2774/2774 2773/2773/2773 2772/2772/2772 
f 2775/2775/2775 2776/2776/2776 2777/2777/2777 
f 2776/2776/2776 2775/2775/2775 2778/2778/2778 
f 2779/2779/2779 2780/2780/2780 2781/2781/2781 
f 2780/2780/2780 2779/2779/2779 2782/2782/2782 
f 2783/2783/2783 2784/2784/2784 2785/2785/2785 
f 2784/2784/2784 2783/2783/2783 2786/2786/2786 
f 2787/2787/2787 2788/2788/2788 2789/2789/2789 
f 2788/2788/2788 2787/2787/2787 2790/2790/2790 
f 2791/2791/2791 2792/2792/2792 2793/2793/2793 
f 2793/2793/2793 2792/2792/2792 2794/2794/2794 
f 2795/2795/2795 2796/2796/2796 2794/2794/2794 
f 2796/2796/2796 2795/2795/2795 2797/2797/2797 
f 2798/2798/2798 2799/2799/2799 2800/2800/2800 
f 2801/2801/2801 2802/2802/2802 2800/2800/2800 
f 2802/2802/2802 2801/2801/2801 2803/2803/2803 
f 2804/2804/2804 2805/2805/2805 2806/2806/2806 
f 2805/2805/2805 2804/2804/2804 2807/2807/2807 
f 2808/2808/2808 2809/2809/2809 2810/2810/2810 
f 2809/2809/2809 2808/2808/2808 2811/2811/2811 
f 2810/2810/2810 2812/2812/2812 2813/2813/2813 
f 2814/2814/2814 2815/2815/2815 2811/2811/2811 
f 2815/2815/2815 2814/2814/2814 2816/2816/2816 
f 2817/2817/2817 2818/2818/2818 2819/2819/2819 
f 2818/2818/2818 2817/2817/2817 2820/2820/2820 
f 2821/2821/2821 2822/2822/2822 2819/2819/2819 
f 2823/2823/2823 2820/2820/2820 2824/2824/2824 
f 2824/2824/2824 2825/2825/2825 2823/2823/2823 
f 2826/2826/2826 2827/2827/2827 2828/2828/2828 
f 2829/2829/2829 2830/2830/2830 2827/2827/2827 
f 2830/2830/2830 2829/2829/2829 2831/2831/2831 
f 2832/2832/2832 2831/2831/2831 2833/2833/2833 
f 2832/2832/2832 2833/2833/2833 2834/2834/2834 
f 2835/2835/2835 2836/2836/2836 2834/2834/2834 
f 2836/2836/2836 2835/2835/2835 2837/2837/2837 
f 2838/2838/2838 2839/2839/2839 2840/2840/2840 
f 2839/2839/2839 2838/2838/2838 2841/2841/2841 
f 2842/2842/2842 2843/2843/2843 2844/2844/2844 
f 2843/2843/2843 2845/2845/2845 2844/2844/2844 
f 2846/2846/2846 2847/2847/2847 2848/2848/2848 
f 2847/2847/2847 2846/2846/2846 2849/2849/2849 
f 2850/2850/2850 2851/2851/2851 2852/2852/2852 
f 2851/2851/2851 2850/2850/2850 2853/2853/2853 
f 2854/2854/2854 2855/2855/2855 2856/2856/2856 
f 2855/2855/2855 2854/2854/2854 2857/2857/2857 
f 2858/2858/2858 2859/2859/2859 2860/2860/2860 
f 2859/2859/2859 2858/2858/2858 2861/2861/2861 
f 2862/2862/2862 2863/2863/2863 2864/2864/2864 
f 2865/2865/2865 2864/2864/2864 2863/2863/2863 
f 2866/2866/2866 2867/2867/2867 2868/2868/2868 
f 2869/2869/2869 2868/2868/2868 2867/2867/2867 
f 2870/2870/2870 2871/2871/2871 2872/2872/2872 
f 2871/2871/2871 2870/2870/2870 2873/2873/2873 
f 2874/2874/2874 2875/2875/2875 2876/2876/2876 
f 2875/2875/2875 2874/2874/2874 2877/2877/2877 
f 2878/2878/2878 2879/2879/2879 2877/2877/2877 
f 2879/2879/2879 2878/2878/2878 2880/2880/2880 
f 2880/2880/2880 2881/2881/2881 2882/2882/2882 
f 2881/2881/2881 2880/2880/2880 2883/2883/2883 
f 2884/2884/2884 2885/2885/2885 2886/2886/2886 
f 2885/2885/2885 2884/2884/2884 2887/2887/2887 
f 2888/2888/2888 2889/2889/2889 2887/2887/2887 
f 2889/2889/2889 2888/2888/2888 2890/2890/2890 
f 2891/2891/2891 2892/2892/2892 2889/2889/2889 
f 2892/2892/2892 2891/2891/2891 2893/2893/2893 
f 2894/2894/2894 2895/2895/2895 2896/2896/2896 
f 2895/2895/2895 2894/2894/2894 2897/2897/2897 
f 2898/2898/2898 2899/2899/2899 2900/2900/2900 
f 2899/2899/2899 2898/2898/2898 2901/2901/2901 
f 2902/2902/2902 2901/2901/2901 2903/2903/2903 
f 2904/2904/2904 2902/2902/2902 2903/2903/2903 
f 2905/2905/2905 2906/2906/2906 2904/2904/2904 
f 2906/2906/2906 2905/2905/2905 2907/2907/2907 
f 2908/2908/2908 2909/2909/2909 2910/2910/2910 
f 2909/2909/2909 2908/2908/2908 2911/2911/2911 
f 2912/2912/2912 2913/2913/2913 2914/2914/2914 
f 2913/2913/2913 2912/2912/2912 2915/2915/2915 
f 2915/2915/2915 2916/2916/2916 2917/2917/2917 
f 2917/2917/2917 2916/2916/2916 2918/2918/2918 
f 2919/2919/2919 2920/2920/2920 2918/2918/2918 
f 2920/2920/2920 2919/2919/2919 2921/2921/2921 
f 2921/2921/2921 2922/2922/2922 2923/2923/2923 
f 2922/2922/2922 2921/2921/2921 2924/2924/2924 
f 2925/2925/2925 2926/2926/2926 2924/2924/2924 
f 2926/2926/2926 2925/2925/2925 2927/2927/2927 
f 2927/2927/2927 2928/2928/2928 2929/2929/2929 
f 2928/2928/2928 2927/2927/2927 2930/2930/2930 
f 2931/2931/2931 2932/2932/2932 2928/2928/2928 
f 2932/2932/2932 2931/2931/2931 2933/2933/2933 
f 2934/2934/2934 2935/2935/2935 2936/2936/2936 
f 2935/2935/2935 2934/2934/2934 2937/2937/2937 
f 2938/2938/2938 2939/2939/2939 2937/2937/2937 
f 2939/2939/2939 2938/2938/2938 2940/2940/2940 
f 2941/2941/2941 2942/2942/2942 2943/2943/2943 
f 2942/2942/2942 2941/2941/2941 2944/2944/2944 
f 2945/2945/2945 2946/2946/2946 2941/2941/2941 
f 2946/2946/2946 2945/2945/2945 2947/2947/2947 
f 2948/2948/2948 2949/2949/2949 2950/2950/2950 
f 2948/2948/2948 2950/2950/2950 2951/2951/2951 
f 2950/2950/2950 2952/2952/2952 2951/2951/2951 
f 2952/2952/2952 2950/2950/2950 2953/2953/2953 
f 2954/2954/2954 2955/2955/2955 2956/2956/2956 
f 2955/2955/2955 2954/2954/2954 2957/2957/2957 
f 2958/2958/2958 2956/2956/2956 2959/2959/2959 
f 2960/2960/2960 2958/2958/2958 2959/2959/2959 
f 2961/2961/2961 2962/2962/2962 2963/2963/2963 
f 2962/2962/2962 2961/2961/2961 2964/2964/2964 
f 2965/2965/2965 2966/2966/2966 2967/2967/2967 
f 2966/2966/2966 2965/2965/2965 2968/2968/2968 
f 2969/2969/2969 2970/2970/2970 2971/2971/2971 
f 2970/2970/2970 2969/2969/2969 2972/2972/2972 
f 2973/2973/2973 2974/2974/2974 2975/2975/2975 
f 2974/2974/2974 2976/2976/2976 2975/2975/2975 
f 2977/2977/2977 2978/2978/2978 2979/2979/2979 
f 2978/2978/2978 2980/2980/2980 2979/2979/2979 
f 2981/2981/2981 2982/2982/2982 2977/2977/2977 
f 2982/2982/2982 2981/2981/2981 2983/2983/2983 
f 2984/2984/2984 2985/2985/2985 2983/2983/2983 
f 2984/2984/2984 2986/2986/2986 2985/2985/2985 
f 2987/2987/2987 2986/2986/2986 2988/2988/2988 
f 2986/2986/2986 2987/2987/2987 2989/2989/2989 
f 2990/2990/2990 2991/2991/2991 2992/2992/2992 
f 2991/2991/2991 2990/2990/2990 2993/2993/2993 
f 2994/2994/2994 2993/2993/2993 2995/2995/2995 
f 2995/2995/2995 2996/2996/2996 2994/2994/2994 
f 2997/2997/2997 2998/2998/2998 2999/2999/2999 
f 2998/2998/2998 3000/3000/3000 2999/2999/2999 
f 3001/3001/3001 3002/3002/3002 2997/2997/2997 
f 3002/3002/3002 3001/3001/3001 3003/3003/3003 
f 3004/3004/3004 3005/3005/3005 3006/3006/3006 
f 3005/3005/3005 3007/3007/3007 3008/3008/3008 
f 3009/3009/3009 3008/3008/3008 3007/3007/3007 
f 3010/3010/3010 3011/3011/3011 3009/3009/3009 
f 3011/3011/3011 3010/3010/3010 3012/3012/3012 
f 3013/3013/3013 3014/3014/3014 3015/3015/3015 
f 3014/3014/3014 3013/3013/3013 3016/3016/3016 
f 3017/3017/3017 3018/3018/3018 3019/3019/3019 
f 3018/3018/3018 3017/3017/3017 3020/3020/3020 
f 3021/3021/3021 3019/3019/3019 3022/3022/3022 
f 3023/3023/3023 3024/3024/3024 3025/3025/3025 
f 3024/3024/3024 3023/3023/3023 3026/3026/3026 
f 3027/3027/3027 3025/3025/3025 3028/3028/3028 
f 3028/3028/3028 3029/3029/3029 3027/3027/3027 
f 3030/3030/3030 3031/3031/3031 3032/3032/3032 
f 3031/3031/3031 3033/3033/3033 3034/3034/3034 
f 3034/3034/3034 3033/3033/3033 3035/3035/3035 
f 3036/3036/3036 3037/3037/3037 3038/3038/3038 
f 3037/3037/3037 3036/3036/3036 3039/3039/3039 
f 3039/3039/3039 3040/3040/3040 3041/3041/3041 
f 3041/3041/3041 3040/3040/3040 3042/3042/3042 
f 3043/3043/3043 3044/3044/3044 3045/3045/3045 
f 3044/3044/3044 3043/3043/3043 3046/3046/3046 
f 3047/3047/3047 3048/3048/3048 3049/3049/3049 
f 3048/3048/3048 3047/3047/3047 3050/3050/3050 
f 3051/3051/3051 3052/3052/3052 3050/3050/3050 
f 3052/3052/3052 3051/3051/3051 3053/3053/3053 
f 3054/3054/3054 3055/3055/3055 3056/3056/3056 
f 3057/3057/3057 3056/3056/3056 3055/3055/3055 
f 3058/3058/3058 3059/3059/3059 3060/3060/3060 
f 3059/3059/3059 3058/3058/3058 3061/3061/3061 
f 3062/3062/3062 3061/3061/3061 3063/3063/3063 
f 3061/3061/3061 3062/3062/3062 3064/3064/3064 
f 3065/3065/3065 3066/3066/3066 3062/3062/3062 
f 3066/3066/3066 3065/3065/3065 3067/3067/3067 
f 3068/3068/3068 3069/3069/3069 3070/3070/3070 
f 3069/3069/3069 3068/3068/3068 3071/3071/3071 
f 3072/3072/3072 3073/3073/3073 3071/3071/3071 
f 3074/3074/3074 3070/3070/3070 3075/3075/3075 
f 3076/3076/3076 3074/3074/3074 3075/3075/3075 
f 3077/3077/3077 3078/3078/3078 3079/3079/3079 
f 3078/3078/3078 3077/3077/3077 3080/3080/3080 
f 3080/3080/3080 3081/3081/3081 3082/3082/3082 
f 3083/3083/3083 3081/3081/3081 3080/3080/3080 
f 3084/3084/3084 3085/3085/3085 3086/3086/3086 
f 3085/3085/3085 3084/3084/3084 3087/3087/3087 
f 3088/3088/3088 3089/3089/3089 3090/3090/3090 
f 3089/3089/3089 3088/3088/3088 3091/3091/3091 
f 3092/3092/3092 3093/3093/3093 3090/3090/3090 
f 3093/3093/3093 3092/3092/3092 3094/3094/3094 
f 3095/3095/3095 3096/3096/3096 3097/3097/3097 
f 3096/3096/3096 3095/3095/3095 3098/3098/3098 
f 3099/3099/3099 3100/3100/3100 3098/3098/3098 
f 3100/3100/3100 3099/3099/3099 3101/3101/3101 
f 3102/3102/3102 3103/3103/3103 3104/3104/3104 
f 3103/3103/3103 3102/3102/3102 3105/3105/3105 
f 3106/3106/3106 3107/3107/3107 3108/3108/3108 
f 3106/3106/3106 3108/3108/3108 3109/3109/3109 
f 3110/3110/3110 3111/3111/3111 3112/3112/3112 
f 3111/3111/3111 3110/3110/3110 3113/3113/3113 
f 3114/3114/3114 3115/3115/3115 3116/3116/3116 
f 3115/3115/3115 3114/3114/3114 3117/3117/3117 
f 3118/3118/3118 3119/3119/3119 3120/3120/3120 
f 3119/3119/3119 3118/3118/3118 3121/3121/3121 
f 3122/3122/3122 3123/3123/3123 3121/3121/3121 
f 3123/3123/3123 3122/3122/3122 3124/3124/3124 
f 3125/3125/3125 3126/3126/3126 3127/3127/3127 
f 3126/3126/3126 3125/3125/3125 3128/3128/3128 
f 3129/3129/3129 3130/3130/3130 3131/3131/3131 
f 3130/3130/3130 3132/3132/3132 3131/3131/3131 
f 3133/3133/3133 3134/3134/3134 3135/3135/3135 
f 3135/3135/3135 3134/3134/3134 3136/3136/3136 
f 3137/3137/3137 3138/3138/3138 3139/3139/3139 
f 3138/3138/3138 3137/3137/3137 3140/3140/3140 
f 3141/3141/3141 3142/3142/3142 3143/3143/3143 
f 3144/3144/3144 3145/3145/3145 3143/3143/3143 
f 3145/3145/3145 3144/3144/3144 3146/3146/3146 
f 3147/3147/3147 3148/3148/3148 3149/3149/3149 
f 3149/3149/3149 3148/3148/3148 3150/3150/3150 
f 3151/3151/3151 3152/3152/3152 3153/3153/3153 
f 3152/3152/3152 3151/3151/3151 3154/3154/3154 
f 3155/3155/3155 3156/3156/3156 3157/3157/3157 
f 3156/3156/3156 3155/3155/3155 3158/3158/3158 
f 3159/3159/3159 3160/3160/3160 3161/3161/3161 
f 3161/3161/3161 3160/3160/3160 3162/3162/3162 
f 3163/3163/3163 3164/3164/3164 3165/3165/3165 
f 3164/3164/3164 3163/3163/3163 3166/3166/3166 
f 3167/3167/3167 3168/3168/3168 3169/3169/3169 
f 3168/3168/3168 3167/3167/3167 3170/3170/3170 
f 3171/3171/3171 3172/3172/3172 3173/3173/3173 
f 3172/3172/3172 3171/3171/3171 3174/3174/3174 
f 3175/3175/3175 3176/3176/3176 3177/3177/3177 
f 3176/3176/3176 3175/3175/3175 3178/3178/3178 
f 3179/3179/3179 3177/3177/3177 3180/3180/3180 
f 3181/3181/3181 3179/3179/3179 3180/3180/3180 
f 3182/3182/3182 3183/3183/3183 3184/3184/3184 
f 3185/3185/3185 3186/3186/3186 3184/3184/3184 
f 3186/3186/3186 3185/3185/3185 3187/3187/3187 
f 3188/3188/3188 3189/3189/3189 3190/3190/3190 
f 3189/3189/3189 3188/3188/3188 3191/3191/3191 
f 3192/3192/3192 3193/3193/3193 3194/3194/3194 
f 3194/3194/3194 3193/3193/3193 3195/3195/3195 
f 3196/3196/3196 3197/3197/3197 3198/3198/3198 
f 3197/3197/3197 3196/3196/3196 3199/3199/3199 
f 3196/3196/3196 3200/3200/3200 3199/3199/3199 
f 3200/3200/3200 3196/3196/3196 3201/3201/3201 
f 3202/3202/3202 3203/3203/3203 3201/3201/3201 
f 3203/3203/3203 3202/3202/3202 3204/3204/3204 
f 3205/3205/3205 3206/3206/3206 3207/3207/3207 
f 3206/3206/3206 3205/3205/3205 3208/3208/3208 
f 3209/3209/3209 3210/3210/3210 3211/3211/3211 
f 3211/3211/3211 3212/3212/3212 3209/3209/3209 
f 3210/3210/3210 3213/3213/3213 3214/3214/3214 
f 3214/3214/3214 3215/3215/3215 3210/3210/3210 
f 3216/3216/3216 3217/3217/3217 3215/3215/3215 
f 3217/3217/3217 3216/3216/3216 3218/3218/3218 
f 3219/3219/3219 3220/3220/3220 3221/3221/3221 
f 3222/3222/3222 3220/3220/3220 3219/3219/3219 
f 3222/3222/3222 3223/3223/3223 3224/3224/3224 
f 3225/3225/3225 3226/3226/3226 3227/3227/3227 
f 3226/3226/3226 3225/3225/3225 3228/3228/3228 
f 3229/3229/3229 3230/3230/3230 3231/3231/3231 
f 3231/3231/3231 3232/3232/3232 3229/3229/3229 
f 3233/3233/3233 3234/3234/3234 3235/3235/3235 
f 3234/3234/3234 3233/3233/3233 3236/3236/3236 
f 3237/3237/3237 3236/3236/3236 3238/3238/3238 
f 3239/3239/3239 3240/3240/3240 3241/3241/3241 
f 3240/3240/3240 3239/3239/3239 3242/3242/3242 
f 3243/3243/3243 3244/3244/3244 3241/3241/3241 
f 3244/3244/3244 3243/3243/3243 3245/3245/3245 
f 3246/3246/3246 3247/3247/3247 3239/3239/3239 
f 3247/3247/3247 3246/3246/3246 3248/3248/3248 
f 3249/3249/3249 3250/3250/3250 3248/3248/3248 
f 3251/3251/3251 3250/3250/3250 3249/3249/3249 
f 3252/3252/3252 3253/3253/3253 3254/3254/3254 
f 3253/3253/3253 3255/3255/3255 3254/3254/3254 
f 3256/3256/3256 3257/3257/3257 3258/3258/3258 
f 3256/3256/3256 3258/3258/3258 3259/3259/3259 
f 3260/3260/3260 3261/3261/3261 3262/3262/3262 
f 3262/3262/3262 3263/3263/3263 3260/3260/3260 
f 3263/3263/3263 3264/3264/3264 3265/3265/3265 
f 3266/3266/3266 3267/3267/3267 3268/3268/3268 
f 3267/3267/3267 3266/3266/3266 3269/3269/3269 
f 3270/3270/3270 3271/3271/3271 3269/3269/3269 
f 3271/3271/3271 3270/3270/3270 3272/3272/3272 
f 3273/3273/3273 3274/3274/3274 3275/3275/3275 
f 3274/3274/3274 3273/3273/3273 3276/3276/3276 
f 3277/3277/3277 3278/3278/3278 3275/3275/3275 
f 3278/3278/3278 3277/3277/3277 3279/3279/3279 
f 3280/3280/3280 3281/3281/3281 3282/3282/3282 
f 3281/3281/3281 3280/3280/3280 3283/3283/3283 
f 3284/3284/3284 3285/3285/3285 3282/3282/3282 
f 3285/3285/3285 3284/3284/3284 3286/3286/3286 
f 3287/3287/3287 3288/3288/3288 3286/3286/3286 
f 3288/3288/3288 3287/3287/3287 3289/3289/3289 
f 3290/3290/3290 3291/3291/3291 3292/3292/3292 
f 3291/3291/3291 3293/3293/3293 3294/3294/3294 
f 3295/3295/3295 3294/3294/3294 3293/3293/3293 
f 3296/3296/3296 3297/3297/3297 3295/3295/3295 
f 3297/3297/3297 3296/3296/3296 3298/3298/3298 
f 3299/3299/3299 3300/3300/3300 3301/3301/3301 
f 3300/3300/3300 3299/3299/3299 3302/3302/3302 
f 3303/3303/3303 3302/3302/3302 3304/3304/3304 
f 3305/3305/3305 3306/3306/3306 3307/3307/3307 
f 3306/3306/3306 3305/3305/3305 3308/3308/3308 
f 3309/3309/3309 3310/3310/3310 3311/3311/3311 
f 3310/3310/3310 3309/3309/3309 3312/3312/3312 
f 3313/3313/3313 3314/3314/3314 3315/3315/3315 
f 3314/3314/3314 3313/3313/3313 3316/3316/3316 
f 3317/3317/3317 3318/3318/3318 3319/3319/3319 
f 3318/3318/3318 3317/3317/3317 3320/3320/3320 
f 3321/3321/3321 3319/3319/3319 3322/3322/3322 
f 3323/3323/3323 3321/3321/3321 3322/3322/3322 
f 3324/3324/3324 3325/3325/3325 3323/3323/3323 
f 3325/3325/3325 3324/3324/3324 3326/3326/3326 
f 3327/3327/3327 3328/3328/3328 3329/3329/3329 
f 3328/3328/3328 3327/3327/3327 3330/3330/3330 
f 3331/3331/3331 3332/3332/3332 3333/3333/3333 
f 3332/3332/3332 3334/3334/3334 3333/3333/3333 
f 3335/3335/3335 3336/3336/3336 3337/3337/3337 
f 3336/3336/3336 3335/3335/3335 3338/3338/3338 
f 3339/3339/3339 3340/3340/3340 3341/3341/3341 
f 3340/3340/3340 3339/3339/3339 3342/3342/3342 
f 3343/3343/3343 3344/3344/3344 3342/3342/3342 
f 3344/3344/3344 3343/3343/3343 3345/3345/3345 
f 3346/3346/3346 3347/3347/3347 3348/3348/3348 
f 3347/3347/3347 3346/3346/3346 3349/3349/3349 
f 3350/3350/3350 3349/3349/3349 3351/3351/3351 
f 3352/3352/3352 3353/3353/3353 3354/3354/3354 
f 3353/3353/3353 3352/3352/3352 3355/3355/3355 
f 3356/3356/3356 3357/3357/3357 3353/3353/3353 
f 3357/3357/3357 3356/3356/3356 3358/3358/3358 
f 3359/3359/3359 3360/3360/3360 3361/3361/3361 
f 3360/3360/3360 3362/3362/3362 3361/3361/3361 
f 3363/3363/3363 3364/3364/3364 3365/3365/3365 
f 3364/3364/3364 3363/3363/3363 3366/3366/3366 
f 3367/3367/3367 3368/3368/3368 3369/3369/3369 
f 3368/3368/3368 3367/3367/3367 3370/3370/3370 
f 3371/3371/3371 3372/3372/3372 3373/3373/3373 
f 3372/3372/3372 3371/3371/3371 3374/3374/3374 
f 3375/3375/3375 3376/3376/3376 3374/3374/3374 
f 3376/3376/3376 3375/3375/3375 3377/3377/3377 
f 3378/3378/3378 3379/3379/3379 3380/3380/3380 
f 3379/3379/3379 3378/3378/3378 3381/3381/3381 
f 3382/3382/3382 3381/3381/3381 3383/3383/3383 
f 3384/3384/3384 3385/3385/3385 3386/3386/3386 
f 3386/3386/3386 3385/3385/3385 3387/3387/3387 
f 3388/3388/3388 3389/3389/3389 3387/3387/3387 
f 3389/3389/3389 3388/3388/3388 3390/3390/3390 
f 3391/3391/3391 3392/3392/3392 3393/3393/3393 
f 3391/3391/3391 3393/3393/3393 3394/3394/3394 
f 3395/3395/3395 3396/3396/3396 3392/3392/3392 
f 3396/3396/3396 3395/3395/3395 3397/3397/3397 
f 3398/3398/3398 3399/3399/3399 3400/3400/3400 
f 3399/3399/3399 3398/3398/3398 3401/3401/3401 
f 3401/3401/3401 3402/3402/3402 3403/3403/3403 
f 3404/3404/3404 3403/3403/3403 3402/3402/3402 
f 3405/3405/3405 3406/3406/3406 3407/3407/3407 
f 3406/3406/3406 3405/3405/3405 3408/3408/3408 
f 3409/3409/3409 3410/3410/3410 3411/3411/3411 
f 3410/3410/3410 3409/3409/3409 3412/3412/3412 
f 3413/3413/3413 3414/3414/3414 3412/3412/3412 
f 3414/3414/3414 3413/3413/3413 3415/3415/3415 
f 3416/3416/3416 3417/3417/3417 3418/3418/3418 
f 3417/3417/3417 3416/3416/3416 3419/3419/3419 
f 3420/3420/3420 3421/3421/3421 3422/3422/3422 
f 3421/3421/3421 3420/3420/3420 3423/3423/3423 
f 3424/3424/3424 3425/3425/3425 3426/3426/3426 
f 3424/3424/3424 3426/3426/3426 3427/3427/3427 
f 3428/3428/3428 3429/3429/3429 3427/3427/3427 
f 3429/3429/3429 3428/3428/3428 3430/3430/3430 
f 3431/3431/3431 3432/3432/3432 3433/3433/3433 
f 3432/3432/3432 3434/3434/3434 3433/3433/3433 
f 3435/3435/3435 3436/3436/3436 3431/3431/3431 
f 3436/3436/3436 3435/3435/3435 3437/3437/3437 
f 3438/3438/3438 3439/3439/3439 3440/3440/3440 
f 3439/3439/3439 3438/3438/3438 3441/3441/3441 
f 3442/3442/3442 3443/3443/3443 3440/3440/3440 
f 3444/3444/3444 3443/3443/3443 3442/3442/3442 
f 3445/3445/3445 3446/3446/3446 3447/3447/3447 
f 3446/3446/3446 3445/3445/3445 3448/3448/3448 
f 3449/3449/3449 3450/3450/3450 3448/3448/3448 
f 3450/3450/3450 3449/3449/3449 3451/3451/3451 
f 3452/3452/3452 3453/3453/3453 3454/3454/3454 
f 3453/3453/3453 3452/3452/3452 3455/3455/3455 
f 3456/3456/3456 3457/3457/3457 3458/3458/3458 
f 3457/3457/3457 3459/3459/3459 3460/3460/3460 
f 3460/3460/3460 3459/3459/3459 3461/3461/3461 
f 3462/3462/3462 3463/3463/3463 3461/3461/3461 
f 3463/3463/3463 3462/3462/3462 3464/3464/3464 
f 3465/3465/3465 3466/3466/3466 3467/3467/3467 
f 3466/3466/3466 3465/3465/3465 3468/3468/3468 
f 3469/3469/3469 3470/3470/3470 3471/3471/3471 
f 3470/3470/3470 3469/3469/3469 3472/3472/3472 
f 3473/3473/3473 3474/3474/3474 3475/3475/3475 
f 3474/3474/3474 3473/3473/3473 3476/3476/3476 
f 3477/3477/3477 3478/3478/3478 3479/3479/3479 
f 3478/3478/3478 3477/3477/3477 3480/3480/3480 
f 3481/3481/3481 3482/3482/3482 3483/3483/3483 
f 3483/3483/3483 3484/3484/3484 3481/3481/3481 
f 3485/3485/3485 3486/3486/3486 3487/3487/3487 
f 3486/3486/3486 3485/3485/3485 3488/3488/3488 
f 3488/3488/3488 3489/3489/3489 3490/3490/3490 
f 3491/3491/3491 3492/3492/3492 3493/3493/3493 
f 3492/3492/3492 3491/3491/3491 3494/3494/3494 
f 3495/3495/3495 3496/3496/3496 3493/3493/3493 
f 3495/3495/3495 3497/3497/3497 3496/3496/3496 
f 3498/3498/3498 3499/3499/3499 3500/3500/3500 
f 3499/3499/3499 3501/3501/3501 3500/3500/3500 
f 3502/3502/3502 3503/3503/3503 3504/3504/3504 
f 3503/3503/3503 3502/3502/3502 3505/3505/3505 
f 3506/3506/3506 3505/3505/3505 3507/3507/3507 
f 3508/3508/3508 3509/3509/3509 3510/3510/3510 
f 3509/3509/3509 3508/3508/3508 3511/3511/3511 
f 3512/3512/3512 3510/3510/3510 3513/3513/3513 
f 3513/3513/3513 3514/3514/3514 3512/3512/3512 
f 3515/3515/3515 3516/3516/3516 3517/3517/3517 
f 3516/3516/3516 3515/3515/3515 3518/3518/3518 
f 3519/3519/3519 3520/3520/3520 3521/3521/3521 
f 3521/3521/3521 3522/3522/3522 3519/3519/3519 
f 3523/3523/3523 3524/3524/3524 3525/3525/3525 
f 3524/3524/3524 3523/3523/3523 3526/3526/3526 
f 3527/3527/3527 3525/3525/3525 3528/3528/3528 
f 3529/3529/3529 3527/3527/3527 3528/3528/3528 
f 3530/3530/3530 3531/3531/3531 3532/3532/3532 
f 3531/3531/3531 3530/3530/3530 3533/3533/3533 
f 3534/3534/3534 3535/3535/3535 3536/3536/3536 
f 3535/3535/3535 3534/3534/3534 3537/3537/3537 
f 3538/3538/3538 3539/3539/3539 3540/3540/3540 
f 3539/3539/3539 3538/3538/3538 3541/3541/3541 
f 3542/3542/3542 3543/3543/3543 3544/3544/3544 
f 3543/3543/3543 3542/3542/3542 3545/3545/3545 
f 3543/3543/3543 3545/3545/3545 3546/3546/3546 
f 3547/3547/3547 3548/3548/3548 3549/3549/3549 
f 3548/3548/3548 3547/3547/3547 3550/3550/3550 
f 3551/3551/3551 3552/3552/3552 3553/3553/3553 
f 3553/3553/3553 3554/3554/3554 3551/3551/3551 
f 3555/3555/3555 3556/3556/3556 3557/3557/3557 
f 3556/3556/3556 3558/3558/3558 3557/3557/3557 
f 3559/3559/3559 3560/3560/3560 3561/3561/3561 
f 3560/3560/3560 3559/3559/3559 3562/3562/3562 
f 3563/3563/3563 3564/3564/3564 3561/3561/3561 
f 3564/3564/3564 3563/3563/3563 3565/3565/3565 
f 3566/3566/3566 3567/3567/3567 3568/3568/3568 
f 3567/3567/3567 3566/3566/3566 3569/3569/3569 
f 3570/3570/3570 3571/3571/3571 3572/3572/3572 
f 3573/3573/3573 3574/3574/3574 3572/3572/3572 
f 3574/3574/3574 3573/3573/3573 3575/3575/3575 
f 3575/3575/3575 3576/3576/3576 3577/3577/3577 
f 3577/3577/3577 3576/3576/3576 3578/3578/3578 
f 3579/3579/3579 3580/3580/3580 3578/3578/3578 
f 3580/3580/3580 3579/3579/3579 3581/3581/3581 
f 3582/3582/3582 3583/3583/3583 3584/3584/3584 
f 3582/3582/3582 3584/3584/3584 3585/3585/3585 
f 3586/3586/3586 3587/3587/3587 3588/3588/3588 
f 3587/3587/3587 3589/3589/3589 3588/3588/3588 
f 3590/3590/3590 3591/3591/3591 3592/3592/3592 
f 3593/3593/3593 3594/3594/3594 3592/3592/3592 
f 3594/3594/3594 3593/3593/3593 3595/3595/3595 
f 3595/3595/3595 3596/3596/3596 3597/3597/3597 
f 3598/3598/3598 3597/3597/3597 3596/3596/3596 
f 3599/3599/3599 3600/3600/3600 3598/3598/3598 
f 3600/3600/3600 3599/3599/3599 3601/3601/3601 
f 3602/3602/3602 3601/3601/3601 3603/3603/3603 
f 3601/3601/3601 3602/3602/3602 3604/3604/3604 
f 3605/3605/3605 3606/3606/3606 3607/3607/3607 
f 3608/3608/3608 3607/3607/3607 3606/3606/3606 
f 3609/3609/3609 3610/3610/3610 3611/3611/3611 
f 3610/3610/3610 3609/3609/3609 3612/3612/3612 
f 3613/3613/3613 3614/3614/3614 3615/3615/3615 
f 3614/3614/3614 3613/3613/3613 3616/3616/3616 
f 3616/3616/3616 3617/3617/3617 3618/3618/3618 
f 3619/3619/3619 3618/3618/3618 3617/3617/3617 
f 3620/3620/3620 3621/3621/3621 3622/3622/3622 
f 3621/3621/3621 3620/3620/3620 3623/3623/3623 
f 3624/3624/3624 3625/3625/3625 3626/3626/3626 
f 3627/3627/3627 3625/3625/3625 3628/3628/3628 
f 3629/3629/3629 3627/3627/3627 3628/3628/3628 
f 3630/3630/3630 3631/3631/3631 3632/3632/3632 
f 3633/3633/3633 3634/3634/3634 3631/3631/3631 
f 3634/3634/3634 3633/3633/3633 3635/3635/3635 
f 3636/3636/3636 3637/3637/3637 3638/3638/3638 
f 3637/3637/3637 3636/3636/3636 3639/3639/3639 
f 3640/3640/3640 3641/3641/3641 3636/3636/3636 
f 3641/3641/3641 3640/3640/3640 3642/3642/3642 
f 3643/3643/3643 3644/3644/3644 3645/3645/3645 
f 3644/3644/3644 3643/3643/3643 3646/3646/3646 
f 3647/3647/3647 3648/3648/3648 3646/3646/3646 
f 3648/3648/3648 3647/3647/3647 3649/3649/3649 
f 3650/3650/3650 3651/3651/3651 3652/3652/3652 
f 3651/3651/3651 3653/3653/3653 3652/3652/3652 
f 3654/3654/3654 3655/3655/3655 3650/3650/3650 
f 3655/3655/3655 3654/3654/3654 3656/3656/3656 
f 3657/3657/3657 3656/3656/3656 3658/3658/3658 
f 3659/3659/3659 3660/3660/3660 3661/3661/3661 
f 3660/3660/3660 3659/3659/3659 3662/3662/3662 
f 3662/3662/3662 3663/3663/3663 3664/3664/3664 
f 3663/3663/3663 3662/3662/3662 3665/3665/3665 
f 3666/3666/3666 3667/3667/3667 3668/3668/3668 
f 3667/3667/3667 3666/3666/3666 3669/3669/3669 
f 3670/3670/3670 3671/3671/3671 3672/3672/3672 
f 3671/3671/3671 3670/3670/3670 3673/3673/3673 
f 3674/3674/3674 3675/3675/3675 3676/3676/3676 
f 3677/3677/3677 3678/3678/3678 3679/3679/3679 
f 3678/3678/3678 3677/3677/3677 3680/3680/3680 
f 3681/3681/3681 3682/3682/3682 3683/3683/3683 
f 3684/3684/3684 3685/3685/3685 3683/3683/3683 
f 3685/3685/3685 3684/3684/3684 3686/3686/3686 
f 3687/3687/3687 3688/3688/3688 3689/3689/3689 
f 3688/3688/3688 3687/3687/3687 3690/3690/3690 
f 3691/3691/3691 3692/3692/3692 3693/3693/3693 
f 3692/3692/3692 3691/3691/3691 3694/3694/3694 
f 3695/3695/3695 3693/3693/3693 3696/3696/3696 
f 3697/3697/3697 3698/3698/3698 3699/3699/3699 
f 3700/3700/3700 3699/3699/3699 3698/3698/3698 
f 3699/3699/3699 3700/3700/3700 3701/3701/3701 
f 3702/3702/3702 3703/3703/3703 3704/3704/3704 
f 3703/3703/3703 3702/3702/3702 3705/3705/3705 
f 3706/3706/3706 3707/3707/3707 3705/3705/3705 
f 3707/3707/3707 3706/3706/3706 3708/3708/3708 
f 3709/3709/3709 3710/3710/3710 3711/3711/3711 
f 3710/3710/3710 3709/3709/3709 3712/3712/3712 
f 3713/3713/3713 3714/3714/3714 3715/3715/3715 
f 3716/3716/3716 3715/3715/3715 3714/3714/3714 
f 3717/3717/3717 3718/3718/3718 3719/3719/3719 
f 3718/3718/3718 3720/3720/3720 3719/3719/3719 
f 3721/3721/3721 3722/3722/3722 3717/3717/3717 
f 3722/3722/3722 3721/3721/3721 3723/3723/3723 
f 3724/3724/3724 3725/3725/3725 3726/3726/3726 
f 3726/3726/3726 3727/3727/3727 3724/3724/3724 
f 3728/3728/3728 3729/3729/3729 3730/3730/3730 
f 3729/3729/3729 3728/3728/3728 3731/3731/3731 
f 3732/3732/3732 3733/3733/3733 3734/3734/3734 
f 3733/3733/3733 3732/3732/3732 3735/3735/3735 
f 3736/3736/3736 3737/3737/3737 3735/3735/3735 
f 3737/3737/3737 3736/3736/3736 3738/3738/3738 
f 3738/3738/3738 3739/3739/3739 3740/3740/3740 
f 3741/3741/3741 3742/3742/3742 3743/3743/3743 
f 3742/3742/3742 3744/3744/3744 3743/3743/3743 
f 3745/3745/3745 3746/3746/3746 3747/3747/3747 
f 3748/3748/3748 3749/3749/3749 3747/3747/3747 
f 3749/3749/3749 3748/3748/3748 3750/3750/3750 
f 3751/3751/3751 3752/3752/3752 3753/3753/3753 
f 3752/3752/3752 3751/3751/3751 3754/3754/3754 
f 3755/3755/3755 3756/3756/3756 3757/3757/3757 
f 3757/3757/3757 3756/3756/3756 3758/3758/3758 
f 3759/3759/3759 3760/3760/3760 3758/3758/3758 
f 3760/3760/3760 3759/3759/3759 3761/3761/3761 
f 3762/3762/3762 3763/3763/3763 3764/3764/3764 
f 3763/3763/3763 3762/3762/3762 3765/3765/3765 
f 3766/3766/3766 3767/3767/3767 3765/3765/3765 
f 3767/3767/3767 3766/3766/3766 3768/3768/3768 
f 3769/3769/3769 3770/3770/3770 3767/3767/3767 
f 3770/3770/3770 3769/3769/3769 3771/3771/3771 
f 3772/3772/3772 3773/3773/3773 3771/3771/3771 
f 3773/3773/3773 3772/3772/3772 3774/3774/3774 
f 3775/3775/3775 3776/3776/3776 3777/3777/3777 
f 3777/3777/3777 3778/3778/3778 3775/3775/3775 
f 3779/3779/3779 3780/3780/3780 3781/3781/3781 
f 3780/3780/3780 3779/3779/3779 3782/3782/3782 
f 3783/3783/3783 3784/3784/3784 3785/3785/3785 
f 3785/3785/3785 3784/3784/3784 3786/3786/3786 
f 3787/3787/3787 3788/3788/3788 3789/3789/3789 
f 3790/3790/3790 3791/3791/3791 3789/3789/3789 
f 3791/3791/3791 3790/3790/3790 3792/3792/3792 
f 3793/3793/3793 3794/3794/3794 3792/3792/3792 
f 3794/3794/3794 3793/3793/3793 3795/3795/3795 
f 3796/3796/3796 3797/3797/3797 3798/3798/3798 
f 3797/3797/3797 3796/3796/3796 3799/3799/3799 
f 3800/3800/3800 3801/3801/3801 3802/3802/3802 
f 3801/3801/3801 3800/3800/3800 3803/3803/3803 
f 3804/3804/3804 3805/3805/3805 3802/3802/3802 
f 3805/3805/3805 3804/3804/3804 3806/3806/3806 
f 3807/3807/3807 3808/3808/3808 3809/3809/3809 
f 3808/3808/3808 3810/3810/3810 3809/3809/3809 
f 3811/3811/3811 3812/3812/3812 3813/3813/3813 
f 3814/3814/3814 3813/3813/3813 3812/3812/3812 
f 3815/3815/3815 3816/3816/3816 3817/3817/3817 
f 3816/3816/3816 3815/3815/3815 3818/3818/3818 
f 3819/3819/3819 3820/3820/3820 3817/3817/3817 
f 3820/3820/3820 3819/3819/3819 3821/3821/3821 
f 3822/3822/3822 3823/3823/3823 3824/3824/3824 
f 3823/3823/3823 3825/3825/3825 3826/3826/3826 
f 3827/3827/3827 3826/3826/3826 3825/3825/3825 
f 3828/3828/3828 3829/3829/3829 3830/3830/3830 
f 3829/3829/3829 3831/3831/3831 3830/3830/3830 
f 3828/3828/3828 3832/3832/3832 3833/3833/3833 
f 3834/3834/3834 3835/3835/3835 3836/3836/3836 
f 3835/3835/3835 3834/3834/3834 3837/3837/3837 
f 3838/3838/3838 3839/3839/3839 3836/3836/3836 
f 3839/3839/3839 3838/3838/3838 3840/3840/3840 
f 3841/3841/3841 3842/3842/3842 3843/3843/3843 
f 3844/3844/3844 3842/3842/3842 3845/3845/3845 
f 3846/3846/3846 3844/3844/3844 3845/3845/3845 
f 3847/3847/3847 3848/3848/3848 3846/3846/3846 
f 3848/3848/3848 3847/3847/3847 3849/3849/3849 
f 3850/3850/3850 3851/3851/3851 3852/3852/3852 
f 3851/3851/3851 3850/3850/3850 3853/3853/3853 
f 3854/3854/3854 3852/3852/3852 3855/3855/3855 
f 3856/3856/3856 3854/3854/3854 3855/3855/3855 
f 3857/3857/3857 3858/3858/3858 3859/3859/3859 
f 3858/3858/3858 3860/3860/3860 3861/3861/3861 
f 3861/3861/3861 3860/3860/3860 3862/3862/3862 
f 3863/3863/3863 3864/3864/3864 3865/3865/3865 
f 3864/3864/3864 3863/3863/3863 3866/3866/3866 
f 3867/3867/3867 3868/3868/3868 3869/3869/3869 
f 3868/3868/3868 3867/3867/3867 3870/3870/3870 
f 3871/3871/3871 3872/3872/3872 3873/3873/3873 
f 3874/3874/3874 3875/3875/3875 3871/3871/3871 
f 3874/3874/3874 3876/3876/3876 3875/3875/3875 
f 3877/3877/3877 3878/3878/3878 3876/3876/3876 
f 3878/3878/3878 3877/3877/3877 3879/3879/3879 
f 3880/3880/3880 3881/3881/3881 3882/3882/3882 
f 3881/3881/3881 3880/3880/3880 3883/3883/3883 
f 3884/3884/3884 3882/3882/3882 3885/3885/3885 
f 3886/3886/3886 3887/3887/3887 3888/3888/3888 
f 3887/3887/3887 3886/3886/3886 3889/3889/3889 
f 3890/3890/3890 3891/3891/3891 3892/3892/3892 
f 3893/3893/3893 3892/3892/3892 3891/3891/3891 
f 3894/3894/3894 3895/3895/3895 3893/3893/3893 
f 3895/3895/3895 3894/3894/3894 3896/3896/3896 
f 3897/3897/3897 3898/3898/3898 3899/3899/3899 
f 3898/3898/3898 3897/3897/3897 3900/3900/3900 
f 3901/3901/3901 3902/3902/3902 3900/3900/3900 
f 3902/3902/3902 3901/3901/3901 3903/3903/3903 
f 3904/3904/3904 3905/3905/3905 3906/3906/3906 
f 3905/3905/3905 3904/3904/3904 3907/3907/3907 
f 3907/3907/3907 3908/3908/3908 3909/3909/3909 
f 3910/3910/3910 3909/3909/3909 3908/3908/3908 
f 3911/3911/3911 3912/3912/3912 3913/3913/3913 
f 3914/3914/3914 3915/3915/3915 3912/3912/3912 
f 3915/3915/3915 3914/3914/3914 3916/3916/3916 
f 3917/3917/3917 3918/3918/3918 3919/3919/3919 
f 3918/3918/3918 3917/3917/3917 3920/3920/3920 
f 3921/3921/3921 3922/3922/3922 3923/3923/3923 
f 3921/3921/3921 3923/3923/3923 3924/3924/3924 
f 3925/3925/3925 3926/3926/3926 3927/3927/3927 
f 3926/3926/3926 3925/3925/3925 3928/3928/3928 
f 3929/3929/3929 3930/3930/3930 3931/3931/3931 
f 3932/3932/3932 3933/3933/3933 3930/3930/3930 
f 3933/3933/3933 3932/3932/3932 3934/3934/3934 
f 3935/3935/3935 3936/3936/3936 3937/3937/3937 
f 3935/3935/3935 3937/3937/3937 3938/3938/3938 
f 3939/3939/3939 3940/3940/3940 3941/3941/3941 
f 3940/3940/3940 3939/3939/3939 3942/3942/3942 
f 3943/3943/3943 3944/3944/3944 3945/3945/3945 
f 3944/3944/3944 3943/3943/3943 3946/3946/3946 
f 3945/3945/3945 3947/3947/3947 3948/3948/3948 
f 3948/3948/3948 3947/3947/3947 3949/3949/3949 
f 3950/3950/3950 3951/3951/3951 3952/3952/3952 
f 3951/3951/3951 3950/3950/3950 3953/3953/3953 
f 3954/3954/3954 3955/3955/3955 3956/3956/3956 
f 3957/3957/3957 3958/3958/3958 3955/3955/3955 
f 3958/3958/3958 3957/3957/3957 3959/3959/3959 
f 3960/3960/3960 3961/3961/3961 3962/3962/3962 
f 3961/3961/3961 3960/3960/3960 3963/3963/3963 
f 3964/3964/3964 3965/3965/3965 3962/3962/3962 
f 3966/3966/3966 3965/3965/3965 3964/3964/3964 
f 3967/3967/3967 3968/3968/3968 3969/3969/3969 
f 3968/3968/3968 3967/3967/3967 3970/3970/3970 
f 3971/3971/3971 3972/3972/3972 3973/3973/3973 
f 3972/3972/3972 3971/3971/3971 3974/3974/3974 
f 3974/3974/3974 3975/3975/3975 3976/3976/3976 
f 3977/3977/3977 3978/3978/3978 3979/3979/3979 
f 3977/3977/3977 3979/3979/3979 3980/3980/3980 
f 3981/3981/3981 3982/3982/3982 3983/3983/3983 
f 3981/3981/3981 3983/3983/3983 3984/3984/3984 
f 3985/3985/3985 3986/3986/3986 3987/3987/3987 
f 3986/3986/3986 3988/3988/3988 3989/3989/3989 
f 3990/3990/3990 3989/3989/3989 3988/3988/3988 
f 3991/3991/3991 3992/3992/3992 3993/3993/3993 
f 3994/3994/3994 3995/3995/3995 3992/3992/3992 
f 3995/3995/3995 3994/3994/3994 3996/3996/3996 
f 3997/3997/3997 3998/3998/3998 3999/3999/3999 
f 3998/3998/3998 3997/3997/3997 4000/4000/4000 
f 4001/4001/4001 4002/4002/4002 4003/4003/4003 
f 4002/4002/4002 4001/4001/4001 4004/4004/4004 
f 4005/4005/4005 4006/4006/4006 4003/4003/4003 
f 4006/4006/4006 4005/4005/4005 4007/4007/4007 
f 4008/4008/4008 4009/4009/4009 4010/4010/4010 
f 4009/4009/4009 4008/4008/4008 4011/4011/4011 
f 4012/4012/4012 4013/4013/4013 4011/4011/4011 
f 4013/4013/4013 4012/4012/4012 4014/4014/4014 
f 4015/4015/4015 4016/4016/4016 4017/4017/4017 
f 4016/4016/4016 4015/4015/4015 4018/4018/4018 
f 4019/4019/4019 4020/4020/4020 4021/4021/4021 
f 4022/4022/4022 4023/4023/4023 4020/4020/4020 
f 4024/4024/4024 4023/4023/4023 4022/4022/4022 
f 4025/4025/4025 4026/4026/4026 4027/4027/4027 
f 4026/4026/4026 4025/4025/4025 4028/4028/4028 
f 4029/4029/4029 4030/4030/4030 4031/4031/4031 
f 4030/4030/4030 4029/4029/4029 4032/4032/4032 
f 4033/4033/4033 4034/4034/4034 4032/4032/4032 
f 4033/4033/4033 4035/4035/4035 4034/4034/4034 
f 4036/4036/4036 4037/4037/4037 4035/4035/4035 
f 4037/4037/4037 4036/4036/4036 4038/4038/4038 
f 4039/4039/4039 4040/4040/4040 4041/4041/4041 
f 4039/4039/4039 4042/4042/4042 4040/4040/4040 
f 4043/4043/4043 4044/4044/4044 4045/4045/4045 
f 4045/4045/4045 4044/4044/4044 4046/4046/4046 
f 4047/4047/4047 4048/4048/4048 4049/4049/4049 
f 4048/4048/4048 4047/4047/4047 4050/4050/4050 
f 4051/4051/4051 4052/4052/4052 4047/4047/4047 
f 4052/4052/4052 4051/4051/4051 4053/4053/4053 
f 4054/4054/4054 4053/4053/4053 4055/4055/4055 
f 4055/4055/4055 4056/4056/4056 4054/4054/4054 
f 4057/4057/4057 4058/4058/4058 4059/4059/4059 
f 4058/4058/4058 4057/4057/4057 4060/4060/4060 
f 4061/4061/4061 4062/4062/4062 4060/4060/4060 
f 4062/4062/4062 4061/4061/4061 4063/4063/4063 
f 4064/4064/4064 4065/4065/4065 4063/4063/4063 
f 4065/4065/4065 4064/4064/4064 4066/4066/4066 
f 4067/4067/4067 4068/4068/4068 4064/4064/4064 
f 4068/4068/4068 4067/4067/4067 4069/4069/4069 
f 4070/4070/4070 4071/4071/4071 4069/4069/4069 
f 4071/4071/4071 4070/4070/4070 4072/4072/4072 
f 4073/4073/4073 4074/4074/4074 4075/4075/4075 
f 4075/4075/4075 4076/4076/4076 4073/4073/4073 
f 4077/4077/4077 4078/4078/4078 4079/4079/4079 
f 4078/4078/4078 4080/4080/4080 4079/4079/4079 
f 4081/4081/4081 4082/4082/4082 4077/4077/4077 
f 4082/4082/4082 4081/4081/4081 4083/4083/4083 
f 4084/4084/4084 4085/4085/4085 4083/4083/4083 
f 4084/4084/4084 4086/4086/4086 4085/4085/4085 
f 4087/4087/4087 4088/4088/4088 4089/4089/4089 
f 4088/4088/4088 4090/4090/4090 4089/4089/4089 
f 4091/4091/4091 4092/4092/4092 4093/4093/4093 
f 4094/4094/4094 4095/4095/4095 4092/4092/4092 
f 4094/4094/4094 4096/4096/4096 4095/4095/4095 
f 4097/4097/4097 4098/4098/4098 4099/4099/4099 
f 4100/4100/4100 4101/4101/4101 4099/4099/4099 
f 4101/4101/4101 4100/4100/4100 4102/4102/4102 
f 4103/4103/4103 4102/4102/4102 4104/4104/4104 
f 4103/4103/4103 4104/4104/4104 4105/4105/4105 
f 4106/4106/4106 4107/4107/4107 4108/4108/4108 
f 4109/4109/4109 4110/4110/4110 4111/4111/4111 
f 4110/4110/4110 4109/4109/4109 4112/4112/4112 
f 4113/4113/4113 4114/4114/4114 4115/4115/4115 
f 4114/4114/4114 4113/4113/4113 4116/4116/4116 
f 4117/4117/4117 4118/4118/4118 4116/4116/4116 
f 4118/4118/4118 4117/4117/4117 4119/4119/4119 
f 4120/4120/4120 4119/4119/4119 4121/4121/4121 
f 4122/4122/4122 4123/4123/4123 4124/4124/4124 
f 4123/4123/4123 4122/4122/4122 4125/4125/4125 
f 4126/4126/4126 4127/4127/4127 4125/4125/4125 
f 4126/4126/4126 4128/4128/4128 4127/4127/4127 
f 4129/4129/4129 4130/4130/4130 4128/4128/4128 
f 4131/4131/4131 4132/4132/4132 4133/4133/4133 
f 4132/4132/4132 4134/4134/4134 4135/4135/4135 
f 4136/4136/4136 4135/4135/4135 4134/4134/4134 
f 4137/4137/4137 4138/4138/4138 4139/4139/4139 
f 4140/4140/4140 4141/4141/4141 4138/4138/4138 
f 4141/4141/4141 4140/4140/4140 4142/4142/4142 
f 4143/4143/4143 4144/4144/4144 4145/4145/4145 
f 4146/4146/4146 4145/4145/4145 4144/4144/4144 
f 4146/4146/4146 4147/4147/4147 4148/4148/4148 
f 4149/4149/4149 4150/4150/4150 4151/4151/4151 
f 4150/4150/4150 4152/4152/4152 4151/4151/4151 
f 4153/4153/4153 4154/4154/4154 4155/4155/4155 
f 4156/4156/4156 4157/4157/4157 4155/4155/4155 
f 4157/4157/4157 4156/4156/4156 4158/4158/4158 
f 4159/4159/4159 4160/4160/4160 4161/4161/4161 
f 4160/4160/4160 4162/4162/4162 4161/4161/4161 
f 4163/4163/4163 4164/4164/4164 4159/4159/4159 
f 4164/4164/4164 4163/4163/4163 4165/4165/4165 
f 4166/4166/4166 4167/4167/4167 4168/4168/4168 
f 4168/4168/4168 4169/4169/4169 4166/4166/4166 
f 4170/4170/4170 4171/4171/4171 4167/4167/4167 
f 4171/4171/4171 4170/4170/4170 4172/4172/4172 
f 4173/4173/4173 4172/4172/4172 4174/4174/4174 
f 4174/4174/4174 4175/4175/4175 4173/4173/4173 
f 4176/4176/4176 4177/4177/4177 4178/4178/4178 
f 4177/4177/4177 4176/4176/4176 4179/4179/4179 
f 4180/4180/4180 4181/4181/4181 4178/4178/4178 
f 4181/4181/4181 4180/4180/4180 4182/4182/4182 
f 4183/4183/4183 4184/4184/4184 4185/4185/4185 
f 4184/4184/4184 4183/4183/4183 4186/4186/4186 
f 4186/4186/4186 4187/4187/4187 4188/4188/4188 
f 4189/4189/4189 4188/4188/4188 4187/4187/4187 
f 4190/4190/4190 4191/4191/4191 4192/4192/4192 
f 4191/4191/4191 4193/4193/4193 4192/4192/4192 
f 4194/4194/4194 4195/4195/4195 4196/4196/4196 
f 4196/4196/4196 4195/4195/4195 4197/4197/4197 
f 4198/4198/4198 4199/4199/4199 4200/4200/4200 
f 4201/4201/4201 4202/4202/4202 4200/4200/4200 
f 4202/4202/4202 4201/4201/4201 4203/4203/4203 
f 4204/4204/4204 4205/4205/4205 4206/4206/4206 
f 4206/4206/4206 4205/4205/4205 4207/4207/4207 
f 4208/4208/4208 4209/4209/4209 4210/4210/4210 
f 4211/4211/4211 4210/4210/4210 4209/4209/4209 
f 4212/4212/4212 4213/4213/4213 4214/4214/4214 
f 4213/4213/4213 4212/4212/4212 4215/4215/4215 
f 4216/4216/4216 4217/4217/4217 4214/4214/4214 
f 4217/4217/4217 4216/4216/4216 4218/4218/4218 
f 4219/4219/4219 4220/4220/4220 4221/4221/4221 
f 4222/4222/4222 4223/4223/4223 4221/4221/4221 
f 4223/4223/4223 4222/4222/4222 4224/4224/4224 
f 4225/4225/4225 4226/4226/4226 4227/4227/4227 
f 4226/4226/4226 4225/4225/4225 4228/4228/4228 
f 4229/4229/4229 4230/4230/4230 4231/4231/4231 
f 4232/4232/4232 4230/4230/4230 4233/4233/4233 
f 4234/4234/4234 4232/4232/4232 4233/4233/4233 
f 4235/4235/4235 4236/4236/4236 4237/4237/4237 
f 4238/4238/4238 4239/4239/4239 4236/4236/4236 
f 4238/4238/4238 4240/4240/4240 4239/4239/4239 
f 4241/4241/4241 4242/4242/4242 4243/4243/4243 
f 4242/4242/4242 4244/4244/4244 4245/4245/4245 
f 4246/4246/4246 4245/4245/4245 4244/4244/4244 
f 4244/4244/4244 4247/4247/4247 4248/4248/4248 
f 4249/4249/4249 4248/4248/4248 4247/4247/4247 
f 4250/4250/4250 4251/4251/4251 4249/4249/4249 
f 4251/4251/4251 4250/4250/4250 4252/4252/4252 
f 4253/4253/4253 4254/4254/4254 4255/4255/4255 
f 4254/4254/4254 4253/4253/4253 4256/4256/4256 
f 4257/4257/4257 4256/4256/4256 4258/4258/4258 
f 4259/4259/4259 4257/4257/4257 4258/4258/4258 
f 4260/4260/4260 4261/4261/4261 4259/4259/4259 
f 4261/4261/4261 4260/4260/4260 4262/4262/4262 
f 4263/4263/4263 4264/4264/4264 4262/4262/4262 
f 4263/4263/4263 4265/4265/4265 4264/4264/4264 
f 4266/4266/4266 4267/4267/4267 4268/4268/4268 
f 4269/4269/4269 4270/4270/4270 4268/4268/4268 
f 4270/4270/4270 4269/4269/4269 4271/4271/4271 
f 4272/4272/4272 4273/4273/4273 4271/4271/4271 
f 4272/4272/4272 4274/4274/4274 4273/4273/4273 
f 4275/4275/4275 4276/4276/4276 4277/4277/4277 
f 4276/4276/4276 4275/4275/4275 4278/4278/4278 
f 4279/4279/4279 4280/4280/4280 4281/4281/4281 
f 4280/4280/4280 4282/4282/4282 4283/4283/4283 
f 4283/4283/4283 4282/4282/4282 4284/4284/4284 
f 4285/4285/4285 4286/4286/4286 4284/4284/4284 
f 4286/4286/4286 4285/4285/4285 4287/4287/4287 
f 4288/4288/4288 4289/4289/4289 4290/4290/4290 
f 4289/4289/4289 4288/4288/4288 4291/4291/4291 
f 4292/4292/4292 4290/4290/4290 4293/4293/4293 
f 4293/4293/4293 4294/4294/4294 4292/4292/4292 
f 4294/4294/4294 4295/4295/4295 4296/4296/4296 
f 4296/4296/4296 4297/4297/4297 4294/4294/4294 
f 4297/4297/4297 4298/4298/4298 4299/4299/4299 
f 4300/4300/4300 4297/4297/4297 4299/4299/4299 
f 4301/4301/4301 4302/4302/4302 4303/4303/4303 
f 4302/4302/4302 4301/4301/4301 4304/4304/4304 
f 4305/4305/4305 4306/4306/4306 4307/4307/4307 
f 4306/4306/4306 4305/4305/4305 4308/4308/4308 
f 4309/4309/4309 4310/4310/4310 4311/4311/4311 
f 4310/4310/4310 4309/4309/4309 4312/4312/4312 
f 4313/4313/4313 4312/4312/4312 4314/4314/4314 
f 4315/4315/4315 4313/4313/4313 4314/4314/4314 
f 4316/4316/4316 4317/4317/4317 4315/4315/4315 
f 4317/4317/4317 4316/4316/4316 4318/4318/4318 
f 4319/4319/4319 4320/4320/4320 4321/4321/4321 
f 4320/4320/4320 4319/4319/4319 4322/4322/4322 
f 4323/4323/4323 4324/4324/4324 4325/4325/4325 
f 4326/4326/4326 4325/4325/4325 4324/4324/4324 
f 4327/4327/4327 4328/4328/4328 4329/4329/4329 
f 4330/4330/4330 4329/4329/4329 4328/4328/4328 
f 4331/4331/4331 4332/4332/4332 4333/4333/4333 
f 4332/4332/4332 4331/4331/4331 4334/4334/4334 
f 4335/4335/4335 4336/4336/4336 4337/4337/4337 
f 4336/4336/4336 4335/4335/4335 4338/4338/4338 
f 4339/4339/4339 4340/4340/4340 4341/4341/4341 
f 4340/4340/4340 4339/4339/4339 4342/4342/4342 
f 4343/4343/4343 4341/4341/4341 4344/4344/4344 
f 4345/4345/4345 4346/4346/4346 4347/4347/4347 
f 4347/4347/4347 4346/4346/4346 4348/4348/4348 
f 4345/4345/4345 4349/4349/4349 4350/4350/4350 
f 4351/4351/4351 4352/4352/4352 4353/4353/4353 
f 4351/4351/4351 4353/4353/4353 4354/4354/4354 
f 4355/4355/4355 4356/4356/4356 4354/4354/4354 
f 4357/4357/4357 4358/4358/4358 4359/4359/4359 
f 4360/4360/4360 4359/4359/4359 4358/4358/4358 
f 4361/4361/4361 4362/4362/4362 4360/4360/4360 
f 4362/4362/4362 4361/4361/4361 4363/4363/4363 
f 4364/4364/4364 4365/4365/4365 4363/4363/4363 
f 4364/4364/4364 4366/4366/4366 4365/4365/4365 
f 4367/4367/4367 4368/4368/4368 4369/4369/4369 
f 4368/4368/4368 4370/4370/4370 4369/4369/4369 
f 4371/4371/4371 4372/4372/4372 4373/4373/4373 
f 4372/4372/4372 4371/4371/4371 4374/4374/4374 
f 4375/4375/4375 4376/4376/4376 4371/4371/4371 
f 4376/4376/4376 4375/4375/4375 4377/4377/4377 
f 4378/4378/4378 4379/4379/4379 4380/4380/4380 
f 4378/4378/4378 4380/4380/4380 4381/4381/4381 
f 4382/4382/4382 4383/4383/4383 4384/4384/4384 
f 4384/4384/4384 4383/4383/4383 4385/4385/4385 
f 4386/4386/4386 4387/4387/4387 4388/4388/4388 
f 4387/4387/4387 4386/4386/4386 4389/4389/4389 
f 4389/4389/4389 4390/4390/4390 4391/4391/4391 
f 4392/4392/4392 4393/4393/4393 4394/4394/4394 
f 4395/4395/4395 4394/4394/4394 4393/4393/4393 
f 4396/4396/4396 4397/4397/4397 4398/4398/4398 
f 4397/4397/4397 4396/4396/4396 4399/4399/4399 
f 4400/4400/4400 4401/4401/4401 4402/4402/4402 
f 4403/4403/4403 4401/4401/4401 4404/4404/4404 
f 4405/4405/4405 4403/4403/4403 4404/4404/4404 
f 4406/4406/4406 4407/4407/4407 4408/4408/4408 
f 4409/4409/4409 4408/4408/4408 4407/4407/4407 
f 4410/4410/4410 4411/4411/4411 4412/4412/4412 
f 4411/4411/4411 4413/4413/4413 4412/4412/4412 
f 4414/4414/4414 4415/4415/4415 4410/4410/4410 
f 4415/4415/4415 4414/4414/4414 4416/4416/4416 
f 4417/4417/4417 4416/4416/4416 4418/4418/4418 
f 4419/4419/4419 4420/4420/4420 4421/4421/4421 
f 4420/4420/4420 4419/4419/4419 4422/4422/4422 
f 4422/4422/4422 4423/4423/4423 4424/4424/4424 
f 4424/4424/4424 4423/4423/4423 4425/4425/4425 
f 4426/4426/4426 4427/4427/4427 4428/4428/4428 
f 4427/4427/4427 4429/4429/4429 4428/4428/4428 
f 4430/4430/4430 4431/4431/4431 4432/4432/4432 
f 4430/4430/4430 4432/4432/4432 4433/4433/4433 
f 4434/4434/4434 4435/4435/4435 4436/4436/4436 
f 4435/4435/4435 4434/4434/4434 4437/4437/4437 
f 4438/4438/4438 4436/4436/4436 4439/4439/4439 
f 4436/4436/4436 4438/4438/4438 4440/4440/4440 
f 4440/4440/4440 4438/4438/4438 4441/4441/4441 
f 4441/4441/4441 4442/4442/4442 4440/4440/4440 
f 4443/4443/4443 4444/4444/4444 4442/4442/4442 
f 4444/4444/4444 4443/4443/4443 4445/4445/4445 
f 4446/4446/4446 4447/4447/4447 4448/4448/4448 
f 4447/4447/4447 4446/4446/4446 4449/4449/4449 
f 4450/4450/4450 4451/4451/4451 4448/4448/4448 
f 4451/4451/4451 4450/4450/4450 4452/4452/4452 
f 4453/4453/4453 4454/4454/4454 4455/4455/4455 
f 4454/4454/4454 4453/4453/4453 4456/4456/4456 
f 4457/4457/4457 4458/4458/4458 4459/4459/4459 
f 4458/4458/4458 4457/4457/4457 4460/4460/4460 
f 4461/4461/4461 4462/4462/4462 4463/4463/4463 
f 4461/4461/4461 4464/4464/4464 4462/4462/4462 
f 4465/4465/4465 4466/4466/4466 4467/4467/4467 
f 4468/4468/4468 4469/4469/4469 4467/4467/4467 
f 4469/4469/4469 4468/4468/4468 4470/4470/4470 
f 4470/4470/4470 4471/4471/4471 4472/4472/4472 
f 4473/4473/4473 4472/4472/4472 4471/4471/4471 
f 4474/4474/4474 4475/4475/4475 4473/4473/4473 
f 4475/4475/4475 4474/4474/4474 4476/4476/4476 
f 4476/4476/4476 4477/4477/4477 4478/4478/4478 
f 4478/4478/4478 4477/4477/4477 4479/4479/4479 
f 4480/4480/4480 4481/4481/4481 4482/4482/4482 
f 4481/4481/4481 4480/4480/4480 4483/4483/4483 
f 4484/4484/4484 4482/4482/4482 4485/4485/4485 
f 4485/4485/4485 4486/4486/4486 4484/4484/4484 
f 4487/4487/4487 4488/4488/4488 4489/4489/4489 
f 4488/4488/4488 4487/4487/4487 4490/4490/4490 
f 4491/4491/4491 4492/4492/4492 4493/4493/4493 
f 4494/4494/4494 4495/4495/4495 4493/4493/4493 
f 4495/4495/4495 4494/4494/4494 4496/4496/4496 
f 4497/4497/4497 4498/4498/4498 4499/4499/4499 
f 4498/4498/4498 4497/4497/4497 4500/4500/4500 
f 4501/4501/4501 4502/4502/4502 4503/4503/4503 
f 4502/4502/4502 4501/4501/4501 4504/4504/4504 
f 4505/4505/4505 4506/4506/4506 4507/4507/4507 
f 4506/4506/4506 4508/4508/4508 4507/4507/4507 
f 4509/4509/4509 4510/4510/4510 4511/4511/4511 
f 4510/4510/4510 4509/4509/4509 4512/4512/4512 
f 4513/4513/4513 4514/4514/4514 4515/4515/4515 
f 4514/4514/4514 4513/4513/4513 4516/4516/4516 
f 4517/4517/4517 4518/4518/4518 4515/4515/4515 
f 4518/4518/4518 4517/4517/4517 4519/4519/4519 
f 4520/4520/4520 4521/4521/4521 4522/4522/4522 
f 4521/4521/4521 4520/4520/4520 4523/4523/4523 
f 4524/4524/4524 4525/4525/4525 4523/4523/4523 
f 4525/4525/4525 4524/4524/4524 4526/4526/4526 
f 4527/4527/4527 4528/4528/4528 4529/4529/4529 
f 4528/4528/4528 4527/4527/4527 4530/4530/4530 
f 4531/4531/4531 4532/4532/4532 4530/4530/4530 
f 4532/4532/4532 4531/4531/4531 4533/4533/4533 
f 4534/4534/4534 4535/4535/4535 4536/4536/4536 
f 4535/4535/4535 4534/4534/4534 4537/4537/4537 
f 4538/4538/4538 4539/4539/4539 4536/4536/4536 
f 4540/4540/4540 4541/4541/4541 4542/4542/4542 
f 4541/4541/4541 4543/4543/4543 4542/4542/4542 
f 4544/4544/4544 4545/4545/4545 4546/4546/4546 
f 4545/4545/4545 4544/4544/4544 4547/4547/4547 
f 4548/4548/4548 4549/4549/4549 4550/4550/4550 
f 4551/4551/4551 4552/4552/4552 4550/4550/4550 
f 4552/4552/4552 4551/4551/4551 4553/4553/4553 
f 4554/4554/4554 4555/4555/4555 4556/4556/4556 
f 4555/4555/4555 4554/4554/4554 4557/4557/4557 
f 4558/4558/4558 4559/4559/4559 4560/4560/4560 
f 4561/4561/4561 4562/4562/4562 4560/4560/4560 
f 4562/4562/4562 4561/4561/4561 4563/4563/4563 
f 4564/4564/4564 4565/4565/4565 4566/4566/4566 
f 4565/4565/4565 4564/4564/4564 4567/4567/4567 
f 4568/4568/4568 4569/4569/4569 4570/4570/4570 
f 4569/4569/4569 4568/4568/4568 4571/4571/4571 
f 4572/4572/4572 4573/4573/4573 4574/4574/4574 
f 4573/4573/4573 4572/4572/4572 4575/4575/4575 
f 4576/4576/4576 4574/4574/4574 4577/4577/4577 
f 4578/4578/4578 4576/4576/4576 4577/4577/4577 
f 4579/4579/4579 4580/4580/4580 4581/4581/4581 
f 4580/4580/4580 4579/4579/4579 4582/4582/4582 
f 4583/4583/4583 4584/4584/4584 4585/4585/4585 
f 4584/4584/4584 4586/4586/4586 4585/4585/4585 
f 4587/4587/4587 4588/4588/4588 4589/4589/4589 
f 4589/4589/4589 4588/4588/4588 4590/4590/4590 
f 4591/4591/4591 4592/4592/4592 4593/4593/4593 
f 4594/4594/4594 4595/4595/4595 4593/4593/4593 
f 4595/4595/4595 4594/4594/4594 4596/4596/4596 
f 4597/4597/4597 4598/4598/4598 4599/4599/4599 
f 4598/4598/4598 4597/4597/4597 4600/4600/4600 
f 4601/4601/4601 4602/4602/4602 4603/4603/4603 
f 4602/4602/4602 4601/4601/4601 4604/4604/4604 
f 4605/4605/4605 4606/4606/4606 4607/4607/4607 
f 4606/4606/4606 4605/4605/4605 4608/4608/4608 
f 4609/4609/4609 4610/4610/4610 4611/4611/4611 
f 4610/4610/4610 4612/4612/4612 4611/4611/4611 
f 4613/4613/4613 4614/4614/4614 4615/4615/4615 
f 4614/4614/4614 4613/4613/4613 4616/4616/4616 
f 4617/4617/4617 4615/4615/4615 4618/4618/4618 
f 4619/4619/4619 4617/4617/4617 4618/4618/4618 
f 4620/4620/4620 4621/4621/4621 4622/4622/4622 
f 4621/4621/4621 4620/4620/4620 4623/4623/4623 
f 4624/4624/4624 4625/4625/4625 4622/4622/4622 
f 4625/4625/4625 4624/4624/4624 4626/4626/4626 
f 4627/4627/4627 4628/4628/4628 4629/4629/4629 
f 4628/4628/4628 4627/4627/4627 4630/4630/4630 
f 4631/4631/4631 4630/4630/4630 4632/4632/4632 
f 4633/4633/4633 4634/4634/4634 4635/4635/4635 
f 4633/4633/4633 4635/4635/4635 4636/4636/4636 
f 4637/4637/4637 4638/4638/4638 4639/4639/4639 
f 4638/4638/4638 4637/4637/4637 4640/4640/4640 
f 4641/4641/4641 4642/4642/4642 4643/4643/4643 
f 4644/4644/4644 4642/4642/4642 4641/4641/4641 
f 4644/4644/4644 4645/4645/4645 4646/4646/4646 
f 4647/4647/4647 4648/4648/4648 4649/4649/4649 
f 4648/4648/4648 4647/4647/4647 4650/4650/4650 
f 4650/4650/4650 4651/4651/4651 4652/4652/4652 
f 4653/4653/4653 4654/4654/4654 4655/4655/4655 
f 4654/4654/4654 4653/4653/4653 4656/4656/4656 
f 4657/4657/4657 4658/4658/4658 4659/4659/4659 
f 4658/4658/4658 4657/4657/4657 4660/4660/4660 
f 4661/4661/4661 4662/4662/4662 4663/4663/4663 
f 4662/4662/4662 4661/4661/4661 4664/4664/4664 
f 4665/4665/4665 4666/4666/4666 4667/4667/4667 
f 4666/4666/4666 4668/4668/4668 4667/4667/4667 
f 4669/4669/4669 4670/4670/4670 4671/4671/4671 
f 4669/4669/4669 4672/4672/4672 4670/4670/4670 
f 4673/4673/4673 4674/4674/4674 4675/4675/4675 
f 4676/4676/4676 4677/4677/4677 4674/4674/4674 
f 4677/4677/4677 4676/4676/4676 4678/4678/4678 
f 4679/4679/4679 4680/4680/4680 4678/4678/4678 
f 4680/4680/4680 4679/4679/4679 4681/4681/4681 
f 4682/4682/4682 4683/4683/4683 4684/4684/4684 
f 4685/4685/4685 4686/4686/4686 4687/4687/4687 
f 4687/4687/4687 4686/4686/4686 4688/4688/4688 
f 4689/4689/4689 4690/4690/4690 4688/4688/4688 
f 4690/4690/4690 4689/4689/4689 4691/4691/4691 
f 4692/4692/4692 4693/4693/4693 4694/4694/4694 
f 4693/4693/4693 4695/4695/4695 4694/4694/4694 
f 4696/4696/4696 4697/4697/4697 4698/4698/4698 
f 4697/4697/4697 4696/4696/4696 4699/4699/4699 
f 4700/4700/4700 4698/4698/4698 4701/4701/4701 
f 4702/4702/4702 4700/4700/4700 4701/4701/4701 
f 4703/4703/4703 4704/4704/4704 4705/4705/4705 
f 4704/4704/4704 4703/4703/4703 4706/4706/4706 
f 4707/4707/4707 4708/4708/4708 4709/4709/4709 
f 4709/4709/4709 4710/4710/4710 4707/4707/4707 
f 4711/4711/4711 4712/4712/4712 4708/4708/4708 
f 4712/4712/4712 4711/4711/4711 4713/4713/4713 
f 4714/4714/4714 4715/4715/4715 4716/4716/4716 
f 4715/4715/4715 4714/4714/4714 4717/4717/4717 
f 4718/4718/4718 4719/4719/4719 4720/4720/4720 
f 4719/4719/4719 4721/4721/4721 4720/4720/4720 
f 4722/4722/4722 4723/4723/4723 4718/4718/4718 
f 4723/4723/4723 4722/4722/4722 4724/4724/4724 
f 4725/4725/4725 4726/4726/4726 4727/4727/4727 
f 4728/4728/4728 4729/4729/4729 4730/4730/4730 
f 4729/4729/4729 4731/4731/4731 4732/4732/4732 
f 4733/4733/4733 4732/4732/4732 4731/4731/4731 
f 4734/4734/4734 4735/4735/4735 4736/4736/4736 
f 4735/4735/4735 4737/4737/4737 4738/4738/4738 
f 4739/4739/4739 4738/4738/4738 4737/4737/4737 
f 4740/4740/4740 4741/4741/4741 4742/4742/4742 
f 4741/4741/4741 4740/4740/4740 4743/4743/4743 
f 4744/4744/4744 4745/4745/4745 4746/4746/4746 
f 4745/4745/4745 4744/4744/4744 4747/4747/4747 
f 4748/4748/4748 4746/4746/4746 4749/4749/4749 
f 4750/4750/4750 4751/4751/4751 4752/4752/4752 
f 4753/4753/4753 4754/4754/4754 4752/4752/4752 
f 4754/4754/4754 4753/4753/4753 4755/4755/4755 
f 4756/4756/4756 4757/4757/4757 4758/4758/4758 
f 4757/4757/4757 4756/4756/4756 4759/4759/4759 
f 4760/4760/4760 4761/4761/4761 4762/4762/4762 
f 4761/4761/4761 4760/4760/4760 4763/4763/4763 
f 4764/4764/4764 4763/4763/4763 4765/4765/4765 
f 4766/4766/4766 4767/4767/4767 4768/4768/4768 
f 4768/4768/4768 4767/4767/4767 4769/4769/4769 
f 4770/4770/4770 4771/4771/4771 4772/4772/4772 
f 4773/4773/4773 4774/4774/4774 4772/4772/4772 
f 4774/4774/4774 4773/4773/4773 4775/4775/4775 
f 4776/4776/4776 4777/4777/4777 4778/4778/4778 
f 4777/4777/4777 4776/4776/4776 4779/4779/4779 
f 4780/4780/4780 4781/4781/4781 4782/4782/4782 
f 4781/4781/4781 4780/4780/4780 4783/4783/4783 
f 4784/4784/4784 4785/4785/4785 4781/4781/4781 
f 4785/4785/4785 4784/4784/4784 4786/4786/4786 
f 4787/4787/4787 4788/4788/4788 4789/4789/4789 
f 4789/4789/4789 4788/4788/4788 4790/4790/4790 
f 4790/4790/4790 4791/4791/4791 4792/4792/4792 
f 4793/4793/4793 4794/4794/4794 4795/4795/4795 
f 4794/4794/4794 4793/4793/4793 4796/4796/4796 
f 4797/4797/4797 4798/4798/4798 4799/4799/4799 
f 4797/4797/4797 4800/4800/4800 4798/4798/4798 
f 4800/4800/4800 4801/4801/4801 4802/4802/4802 
f 4803/4803/4803 4800/4800/4800 4802/4802/4802 
f 4804/4804/4804 4805/4805/4805 4806/4806/4806 
f 4805/4805/4805 4804/4804/4804 4807/4807/4807 
f 4808/4808/4808 4809/4809/4809 4810/4810/4810 
f 4809/4809/4809 4808/4808/4808 4811/4811/4811 
f 4812/4812/4812 4813/4813/4813 4810/4810/4810 
f 4813/4813/4813 4812/4812/4812 4814/4814/4814 
f 4815/4815/4815 4816/4816/4816 4817/4817/4817 
f 4816/4816/4816 4815/4815/4815 4818/4818/4818 
f 4819/4819/4819 4820/4820/4820 4817/4817/4817 
f 4820/4820/4820 4819/4819/4819 4821/4821/4821 
f 4822/4822/4822 4823/4823/4823 4824/4824/4824 
f 4823/4823/4823 4822/4822/4822 4825/4825/4825 
f 4826/4826/4826 4827/4827/4827 4828/4828/4828 
f 4829/4829/4829 4830/4830/4830 4828/4828/4828 
f 4830/4830/4830 4829/4829/4829 4831/4831/4831 
f 4832/4832/4832 4833/4833/4833 4834/4834/4834 
f 4833/4833/4833 4832/4832/4832 4835/4835/4835 
f 4836/4836/4836 4834/4834/4834 4837/4837/4837 
f 4838/4838/4838 4839/4839/4839 4840/4840/4840 
f 4839/4839/4839 4838/4838/4838 4841/4841/4841 
f 4842/4842/4842 4843/4843/4843 4844/4844/4844 
f 4843/4843/4843 4842/4842/4842 4845/4845/4845 
f 4846/4846/4846 4845/4845/4845 4847/4847/4847 
f 4848/4848/4848 4849/4849/4849 4850/4850/4850 
f 4849/4849/4849 4848/4848/4848 4851/4851/4851 
f 4852/4852/4852 4853/4853/4853 4854/4854/4854 
f 4853/4853/4853 4852/4852/4852 4855/4855/4855 
f 4856/4856/4856 4857/4857/4857 4855/4855/4855 
f 4857/4857/4857 4856/4856/4856 4858/4858/4858 
f 4859/4859/4859 4860/4860/4860 4861/4861/4861 
f 4861/4861/4861 4860/4860/4860 4862/4862/4862 
f 4863/4863/4863 4864/4864/4864 4859/4859/4859 
f 4864/4864/4864 4863/4863/4863 4865/4865/4865 
f 4866/4866/4866 4867/4867/4867 4868/4868/4868 
f 4867/4867/4867 4866/4866/4866 4869/4869/4869 
f 4870/4870/4870 4868/4868/4868 4871/4871/4871 
f 4872/4872/4872 4873/4873/4873 4874/4874/4874 
f 4873/4873/4873 4872/4872/4872 4875/4875/4875 
f 4876/4876/4876 4877/4877/4877 4878/4878/4878 
f 4879/4879/4879 4880/4880/4880 4881/4881/4881 
f 4882/4882/4882 4880/4880/4880 4883/4883/4883 
f 4883/4883/4883 4884/4884/4884 4882/4882/4882 
f 4885/4885/4885 4886/4886/4886 4884/4884/4884 
f 4886/4886/4886 4885/4885/4885 4887/4887/4887 
f 4888/4888/4888 4889/4889/4889 4890/4890/4890 
f 4889/4889/4889 4888/4888/4888 4891/4891/4891 
f 4892/4892/4892 4893/4893/4893 4889/4889/4889 
f 4893/4893/4893 4892/4892/4892 4894/4894/4894 
f 4895/4895/4895 4896/4896/4896 4897/4897/4897 
f 4896/4896/4896 4895/4895/4895 4898/4898/4898 
f 4899/4899/4899 4897/4897/4897 4900/4900/4900 
f 4900/4900/4900 4901/4901/4901 4899/4899/4899 
f 4902/4902/4902 4903/4903/4903 4904/4904/4904 
f 4903/4903/4903 4902/4902/4902 4905/4905/4905 
f 4906/4906/4906 4907/4907/4907 4908/4908/4908 
f 4907/4907/4907 4906/4906/4906 4909/4909/4909 
f 4909/4909/4909 4910/4910/4910 4911/4911/4911 
f 4912/4912/4912 4913/4913/4913 4914/4914/4914 
f 4913/4913/4913 4912/4912/4912 4915/4915/4915 
f 4916/4916/4916 4917/4917/4917 4918/4918/4918 
f 4917/4917/4917 4916/4916/4916 4919/4919/4919 
f 4920/4920/4920 4918/4918/4918 4921/4921/4921 
f 4922/4922/4922 4923/4923/4923 4924/4924/4924 
f 4924/4924/4924 4925/4925/4925 4922/4922/4922 
f 4926/4926/4926 4927/4927/4927 4928/4928/4928 
f 4927/4927/4927 4926/4926/4926 4929/4929/4929 
f 4930/4930/4930 4931/4931/4931 4928/4928/4928 
f 4931/4931/4931 4930/4930/4930 4932/4932/4932 
f 4932/4932/4932 4933/4933/4933 4934/4934/4934 
f 4933/4933/4933 4932/4932/4932 4935/4935/4935 
f 4936/4936/4936 4937/4937/4937 4938/4938/4938 
f 4939/4939/4939 4940/4940/4940 4937/4937/4937 
f 4940/4940/4940 4939/4939/4939 4941/4941/4941 
f 4942/4942/4942 4943/4943/4943 4941/4941/4941 
f 4943/4943/4943 4942/4942/4942 4944/4944/4944 
f 4945/4945/4945 4946/4946/4946 4947/4947/4947 
f 4946/4946/4946 4945/4945/4945 4948/4948/4948 
f 4949/4949/4949 4950/4950/4950 4947/4947/4947 
f 4950/4950/4950 4949/4949/4949 4951/4951/4951 
f 4952/4952/4952 4953/4953/4953 4954/4954/4954 
f 4955/4955/4955 4956/4956/4956 4957/4957/4957 
f 4958/4958/4958 4959/4959/4959 4957/4957/4957 
f 4959/4959/4959 4958/4958/4958 4960/4960/4960 
f 4961/4961/4961 4962/4962/4962 4960/4960/4960 
f 4961/4961/4961 4963/4963/4963 4962/4962/4962 
f 4964/4964/4964 4965/4965/4965 4966/4966/4966 
f 4965/4965/4965 4967/4967/4967 4966/4966/4966 
f 4968/4968/4968 4969/4969/4969 4964/4964/4964 
f 4969/4969/4969 4968/4968/4968 4970/4970/4970 
f 4971/4971/4971 4970/4970/4970 4972/4972/4972 
f 4973/4973/4973 4974/4974/4974 4975/4975/4975 
f 4975/4975/4975 4976/4976/4976 4973/4973/4973 
f 4977/4977/4977 4978/4978/4978 4979/4979/4979 
f 4978/4978/4978 4977/4977/4977 4980/4980/4980 
f 4981/4981/4981 4982/4982/4982 4983/4983/4983 
f 4982/4982/4982 4984/4984/4984 4983/4983/4983 
f 4985/4985/4985 4986/4986/4986 4987/4987/4987 
f 4986/4986/4986 4985/4985/4985 4988/4988/4988 
f 4989/4989/4989 4990/4990/4990 4991/4991/4991 
f 4991/4991/4991 4992/4992/4992 4989/4989/4989 
f 4993/4993/4993 4994/4994/4994 4995/4995/4995 
f 4994/4994/4994 4993/4993/4993 4996/4996/4996 
f 4997/4997/4997 4998/4998/4998 4999/4999/4999 
f 4998/4998/4998 4997/4997/4997 5000/5000/5000 
f 5001/5001/5001 5002/5002/5002 5003/5003/5003 
f 5002/5002/5002 5001/5001/5001 5004/5004/5004 
f 5005/5005/5005 5006/5006/5006 5007/5007/5007 
f 5006/5006/5006 5005/5005/5005 5008/5008/5008 
f 5009/5009/5009 5010/5010/5010 5011/5011/5011 
f 5010/5010/5010 5012/5012/5012 5013/5013/5013 
f 5014/5014/5014 5013/5013/5013 5012/5012/5012 
f 5015/5015/5015 5016/5016/5016 5017/5017/5017 
f 5017/5017/5017 5018/5018/5018 5015/5015/5015 
f 5019/5019/5019 5020/5020/5020 5021/5021/5021 
f 5021/5021/5021 5020/5020/5020 5022/5022/5022 
f 5023/5023/5023 5024/5024/5024 5022/5022/5022 
f 5024/5024/5024 5023/5023/5023 5025/5025/5025 
f 5026/5026/5026 5027/5027/5027 5028/5028/5028 
f 5027/5027/5027 5026/5026/5026 5029/5029/5029 
f 5030/5030/5030 5031/5031/5031 5032/5032/5032 
f 5031/5031/5031 5030/5030/5030 5033/5033/5033 
f 5034/5034/5034 5035/5035/5035 5036/5036/5036 
f 5035/5035/5035 5037/5037/5037 5036/5036/5036 
f 5038/5038/5038 5039/5039/5039 5034/5034/5034 
f 5039/5039/5039 5038/5038/5038 5040/5040/5040 
f 5041/5041/5041 5040/5040/5040 5042/5042/5042 
f 5042/5042/5042 5043/5043/5043 5041/5041/5041 
f 5044/5044/5044 5045/5045/5045 5046/5046/5046 
f 5045/5045/5045 5044/5044/5044 5047/5047/5047 
f 5048/5048/5048 5049/5049/5049 5050/5050/5050 
f 5049/5049/5049 5051/5051/5051 5050/5050/5050 
f 5052/5052/5052 5053/5053/5053 5048/5048/5048 
f 5053/5053/5053 5052/5052/5052 5054/5054/5054 
f 5055/5055/5055 5056/5056/5056 5057/5057/5057 
f 5056/5056/5056 5055/5055/5055 5058/5058/5058 
f 5059/5059/5059 5060/5060/5060 5061/5061/5061 
f 5060/5060/5060 5059/5059/5059 5062/5062/5062 
f 5063/5063/5063 5064/5064/5064 5062/5062/5062 
f 5064/5064/5064 5063/5063/5063 5065/5065/5065 
f 5066/5066/5066 5067/5067/5067 5068/5068/5068 
f 5067/5067/5067 5066/5066/5066 5069/5069/5069 
f 5070/5070/5070 5071/5071/5071 5072/5072/5072 
f 5071/5071/5071 5070/5070/5070 5073/5073/5073 
f 5074/5074/5074 5075/5075/5075 5072/5072/5072 
f 5075/5075/5075 5074/5074/5074 5076/5076/5076 
f 5077/5077/5077 5078/5078/5078 5076/5076/5076 
f 5078/5078/5078 5077/5077/5077 5079/5079/5079 
f 5080/5080/5080 5081/5081/5081 5082/5082/5082 
f 5081/5081/5081 5080/5080/5080 5083/5083/5083 
f 5084/5084/5084 5085/5085/5085 5086/5086/5086 
f 5086/5086/5086 5085/5085/5085 5087/5087/5087 
f 5088/5088/5088 5089/5089/5089 5090/5090/5090 
f 5089/5089/5089 5088/5088/5088 5091/5091/5091 
f 5092/5092/5092 5093/5093/5093 5090/5090/5090 
f 5093/5093/5093 5092/5092/5092 5094/5094/5094 
f 5095/5095/5095 5096/5096/5096 5097/5097/5097 
f 5096/5096/5096 5095/5095/5095 5098/5098/5098 
f 5099/5099/5099 5100/5100/5100 5101/5101/5101 
f 5102/5102/5102 5103/5103/5103 5101/5101/5101 
f 5103/5103/5103 5102/5102/5102 5104/5104/5104 
f 5105/5105/5105 5106/5106/5106 5107/5107/5107 
f 5106/5106/5106 5105/5105/5105 5108/5108/5108 
f 5109/5109/5109 5110/5110/5110 5111/5111/5111 
f 5110/5110/5110 5112/5112/5112 5111/5111/5111 
f 5113/5113/5113 5114/5114/5114 5109/5109/5109 
f 5114/5114/5114 5113/5113/5113 5115/5115/5115 
f 5116/5116/5116 5117/5117/5117 5118/5118/5118 
f 5117/5117/5117 5116/5116/5116 5119/5119/5119 
f 5120/5120/5120 5118/5118/5118 5121/5121/5121 
f 5122/5122/5122 5123/5123/5123 5124/5124/5124 
f 5123/5123/5123 5122/5122/5122 5125/5125/5125 
f 5126/5126/5126 5127/5127/5127 5128/5128/5128 
f 5129/5129/5129 5130/5130/5130 5126/5126/5126 
f 5130/5130/5130 5129/5129/5129 5131/5131/5131 
f 5132/5132/5132 5133/5133/5133 5134/5134/5134 
f 5133/5133/5133 5132/5132/5132 5135/5135/5135 
f 5136/5136/5136 5137/5137/5137 5138/5138/5138 
f 5137/5137/5137 5136/5136/5136 5139/5139/5139 
f 5139/5139/5139 5140/5140/5140 5141/5141/5141 
f 5140/5140/5140 5139/5139/5139 5142/5142/5142 
f 5143/5143/5143 5144/5144/5144 5145/5145/5145 
f 5145/5145/5145 5146/5146/5146 5143/5143/5143 
f 5147/5147/5147 5148/5148/5148 5149/5149/5149 
f 5150/5150/5150 5149/5149/5149 5148/5148/5148 
f 5151/5151/5151 5152/5152/5152 5150/5150/5150 
f 5152/5152/5152 5151/5151/5151 5153/5153/5153 
f 5154/5154/5154 5155/5155/5155 5156/5156/5156 
f 5155/5155/5155 5154/5154/5154 5157/5157/5157 
f 5158/5158/5158 5159/5159/5159 5160/5160/5160 
f 5160/5160/5160 5161/5161/5161 5158/5158/5158 
f 5162/5162/5162 5163/5163/5163 5164/5164/5164 
f 5165/5165/5165 5166/5166/5166 5164/5164/5164 
f 5166/5166/5166 5165/5165/5165 5167/5167/5167 
f 5168/5168/5168 5169/5169/5169 5170/5170/5170 
f 5171/5171/5171 5172/5172/5172 5169/5169/5169 
f 5173/5173/5173 5172/5172/5172 5171/5171/5171 
f 5174/5174/5174 5175/5175/5175 5176/5176/5176 
f 5177/5177/5177 5178/5178/5178 5176/5176/5176 
f 5178/5178/5178 5177/5177/5177 5179/5179/5179 
f 5180/5180/5180 5181/5181/5181 5182/5182/5182 
f 5181/5181/5181 5180/5180/5180 5183/5183/5183 
f 5184/5184/5184 5185/5185/5185 5186/5186/5186 
f 5185/5185/5185 5184/5184/5184 5187/5187/5187 
f 5188/5188/5188 5189/5189/5189 5190/5190/5190 
f 5189/5189/5189 5188/5188/5188 5191/5191/5191 
f 5192/5192/5192 5193/5193/5193 5194/5194/5194 
f 5193/5193/5193 5192/5192/5192 5195/5195/5195 
f 5196/5196/5196 5197/5197/5197 5195/5195/5195 
f 5197/5197/5197 5196/5196/5196 5198/5198/5198 
f 5199/5199/5199 5200/5200/5200 5201/5201/5201 
f 5201/5201/5201 5202/5202/5202 5199/5199/5199 
f 5203/5203/5203 5204/5204/5204 5205/5205/5205 
f 5205/5205/5205 5206/5206/5206 5203/5203/5203 
f 5207/5207/5207 5208/5208/5208 5209/5209/5209 
f 5208/5208/5208 5210/5210/5210 5209/5209/5209 
f 5211/5211/5211 5212/5212/5212 5213/5213/5213 
f 5212/5212/5212 5214/5214/5214 5215/5215/5215 
f 5216/5216/5216 5215/5215/5215 5214/5214/5214 
f 5217/5217/5217 5218/5218/5218 5219/5219/5219 
f 5218/5218/5218 5217/5217/5217 5220/5220/5220 
f 5221/5221/5221 5222/5222/5222 5219/5219/5219 
f 5221/5221/5221 5223/5223/5223 5222/5222/5222 
f 5224/5224/5224 5225/5225/5225 5226/5226/5226 
f 5227/5227/5227 5228/5228/5228 5226/5226/5226 
f 5228/5228/5228 5227/5227/5227 5229/5229/5229 
f 5229/5229/5229 5230/5230/5230 5231/5231/5231 
f 5231/5231/5231 5230/5230/5230 5232/5232/5232 
f 5233/5233/5233 5234/5234/5234 5235/5235/5235 
f 5234/5234/5234 5233/5233/5233 5236/5236/5236 
f 5237/5237/5237 5238/5238/5238 5239/5239/5239 
f 5238/5238/5238 5237/5237/5237 5240/5240/5240 
f 5241/5241/5241 5242/5242/5242 5243/5243/5243 
f 5242/5242/5242 5241/5241/5241 5244/5244/5244 
f 5244/5244/5244 5245/5245/5245 5246/5246/5246 
f 5246/5246/5246 5245/5245/5245 5247/5247/5247 
f 5248/5248/5248 5249/5249/5249 5250/5250/5250 
f 5248/5248/5248 5250/5250/5250 5251/5251/5251 
f 5251/5251/5251 5252/5252/5252 5253/5253/5253 
f 5254/5254/5254 5255/5255/5255 5256/5256/5256 
f 5256/5256/5256 5255/5255/5255 5257/5257/5257 
f 5258/5258/5258 5259/5259/5259 5260/5260/5260 
f 5259/5259/5259 5258/5258/5258 5261/5261/5261 
f 5262/5262/5262 5261/5261/5261 5263/5263/5263 
f 5264/5264/5264 5262/5262/5262 5263/5263/5263 
f 5265/5265/5265 5266/5266/5266 5267/5267/5267 
f 5267/5267/5267 5268/5268/5268 5265/5265/5265 
f 5269/5269/5269 5270/5270/5270 5271/5271/5271 
f 5270/5270/5270 5269/5269/5269 5272/5272/5272 
f 5273/5273/5273 5274/5274/5274 5275/5275/5275 
f 5274/5274/5274 5273/5273/5273 5276/5276/5276 
f 5277/5277/5277 5278/5278/5278 5279/5279/5279 
f 5278/5278/5278 5277/5277/5277 5280/5280/5280 
f 5281/5281/5281 5282/5282/5282 5283/5283/5283 
f 5283/5283/5283 5282/5282/5282 5284/5284/5284 
f 5284/5284/5284 5285/5285/5285 5286/5286/5286 
f 5287/5287/5287 5288/5288/5288 5289/5289/5289 
f 5288/5288/5288 5287/5287/5287 5290/5290/5290 
f 5291/5291/5291 5292/5292/5292 5293/5293/5293 
f 5294/5294/5294 5295/5295/5295 5293/5293/5293 
f 5295/5295/5295 5294/5294/5294 5296/5296/5296 
f 5297/5297/5297 5298/5298/5298 5299/5299/5299 
f 5299/5299/5299 5298/5298/5298 5300/5300/5300 
f 5301/5301/5301 5302/5302/5302 5300/5300/5300 
f 5302/5302/5302 5301/5301/5301 5303/5303/5303 
f 5303/5303/5303 5304/5304/5304 5305/5305/5305 
f 5305/5305/5305 5304/5304/5304 5306/5306/5306 
f 5306/5306/5306 5307/5307/5307 5308/5308/5308 
f 5309/5309/5309 5310/5310/5310 5311/5311/5311 
f 5310/5310/5310 5309/5309/5309 5312/5312/5312 
f 5313/5313/5313 5314/5314/5314 5315/5315/5315 
f 5314/5314/5314 5316/5316/5316 5315/5315/5315 
f 5313/5313/5313 5317/5317/5317 5318/5318/5318 
f 5319/5319/5319 5320/5320/5320 5321/5321/5321 
f 5321/5321/5321 5320/5320/5320 5322/5322/5322 
f 5323/5323/5323 5321/5321/5321 5322/5322/5322 
f 5324/5324/5324 5325/5325/5325 5326/5326/5326 
f 5327/5327/5327 5325/5325/5325 5324/5324/5324 
f 5327/5327/5327 5328/5328/5328 5329/5329/5329 
f 5330/5330/5330 5331/5331/5331 5332/5332/5332 
f 5331/5331/5331 5330/5330/5330 5333/5333/5333 
f 5333/5333/5333 5334/5334/5334 5335/5335/5335 
f 5335/5335/5335 5334/5334/5334 5336/5336/5336 
f 5337/5337/5337 5338/5338/5338 5339/5339/5339 
f 5339/5339/5339 5340/5340/5340 5337/5337/5337 
f 5341/5341/5341 5342/5342/5342 5343/5343/5343 
f 5342/5342/5342 5341/5341/5341 5344/5344/5344 
f 5345/5345/5345 5346/5346/5346 5344/5344/5344 
f 5347/5347/5347 5348/5348/5348 5349/5349/5349 
f 5348/5348/5348 5347/5347/5347 5350/5350/5350 
f 5351/5351/5351 5352/5352/5352 5353/5353/5353 
f 5352/5352/5352 5351/5351/5351 5354/5354/5354 
f 5355/5355/5355 5354/5354/5354 5356/5356/5356 
f 5357/5357/5357 5358/5358/5358 5359/5359/5359 
f 5358/5358/5358 5357/5357/5357 5360/5360/5360 
f 5361/5361/5361 5362/5362/5362 5360/5360/5360 
f 5362/5362/5362 5361/5361/5361 5363/5363/5363 
f 5364/5364/5364 5365/5365/5365 5366/5366/5366 
f 5365/5365/5365 5364/5364/5364 5367/5367/5367 
f 5368/5368/5368 5369/5369/5369 5370/5370/5370 
f 5370/5370/5370 5369/5369/5369 5371/5371/5371 
f 5371/5371/5371 5372/5372/5372 5373/5373/5373 
f 5374/5374/5374 5375/5375/5375 5376/5376/5376 
f 5375/5375/5375 5377/5377/5377 5376/5376/5376 
f 5374/5374/5374 5378/5378/5378 5379/5379/5379 
f 5380/5380/5380 5381/5381/5381 5382/5382/5382 
f 5382/5382/5382 5381/5381/5381 5383/5383/5383 
f 5383/5383/5383 5384/5384/5384 5385/5385/5385 
f 5386/5386/5386 5387/5387/5387 5388/5388/5388 
f 5387/5387/5387 5386/5386/5386 5389/5389/5389 
f 5390/5390/5390 5391/5391/5391 5392/5392/5392 
f 5393/5393/5393 5394/5394/5394 5395/5395/5395 
f 5396/5396/5396 5395/5395/5395 5394/5394/5394 
f 5397/5397/5397 5398/5398/5398 5399/5399/5399 
f 5398/5398/5398 5397/5397/5397 5400/5400/5400 
f 5401/5401/5401 5400/5400/5400 5402/5402/5402 
f 5403/5403/5403 5404/5404/5404 5405/5405/5405 
f 5405/5405/5405 5406/5406/5406 5403/5403/5403 
f 5407/5407/5407 5408/5408/5408 5409/5409/5409 
f 5409/5409/5409 5410/5410/5410 5407/5407/5407 
f 5410/5410/5410 5411/5411/5411 5412/5412/5412 
f 5413/5413/5413 5414/5414/5414 5415/5415/5415 
f 5416/5416/5416 5417/5417/5417 5414/5414/5414 
f 5417/5417/5417 5416/5416/5416 5418/5418/5418 
f 5419/5419/5419 5420/5420/5420 5421/5421/5421 
f 5420/5420/5420 5419/5419/5419 5422/5422/5422 
f 5423/5423/5423 5424/5424/5424 5422/5422/5422 
f 5424/5424/5424 5423/5423/5423 5425/5425/5425 
f 5426/5426/5426 5427/5427/5427 5428/5428/5428 
f 5427/5427/5427 5426/5426/5426 5429/5429/5429 
f 5430/5430/5430 5431/5431/5431 5432/5432/5432 
f 5431/5431/5431 5430/5430/5430 5433/5433/5433 
f 5434/5434/5434 5432/5432/5432 5435/5435/5435 
f 5436/5436/5436 5437/5437/5437 5438/5438/5438 
f 5437/5437/5437 5436/5436/5436 5439/5439/5439 
f 5440/5440/5440 5439/5439/5439 5441/5441/5441 
f 5442/5442/5442 5443/5443/5443 5444/5444/5444 
f 5443/5443/5443 5442/5442/5442 5445/5445/5445 
f 5446/5446/5446 5444/5444/5444 5447/5447/5447 
f 5448/5448/5448 5449/5449/5449 5450/5450/5450 
f 5449/5449/5449 5451/5451/5451 5450/5450/5450 
f 5452/5452/5452 5453/5453/5453 5454/5454/5454 
f 5453/5453/5453 5452/5452/5452 5455/5455/5455 
f 5456/5456/5456 5457/5457/5457 5458/5458/5458 
f 5458/5458/5458 5459/5459/5459 5456/5456/5456 
f 5460/5460/5460 5461/5461/5461 5462/5462/5462 
f 5462/5462/5462 5461/5461/5461 5463/5463/5463 
f 5464/5464/5464 5465/5465/5465 5463/5463/5463 
f 5465/5465/5465 5464/5464/5464 5466/5466/5466 
f 5467/5467/5467 5466/5466/5466 5468/5468/5468 
f 5469/5469/5469 5470/5470/5470 5471/5471/5471 
f 5472/5472/5472 5471/5471/5471 5470/5470/5470 
f 5473/5473/5473 5474/5474/5474 5475/5475/5475 
f 5475/5475/5475 5476/5476/5476 5473/5473/5473 
f 5477/5477/5477 5478/5478/5478 5479/5479/5479 
f 5480/5480/5480 5481/5481/5481 5479/5479/5479 
f 5481/5481/5481 5480/5480/5480 5482/5482/5482 
f 5483/5483/5483 5484/5484/5484 5485/5485/5485 
f 5485/5485/5485 5484/5484/5484 5486/5486/5486 
f 5486/5486/5486 5487/5487/5487 5488/5488/5488 
f 5489/5489/5489 5490/5490/5490 5491/5491/5491 
f 5490/5490/5490 5489/5489/5489 5492/5492/5492 
f 5493/5493/5493 5494/5494/5494 5492/5492/5492 
f 5494/5494/5494 5493/5493/5493 5495/5495/5495 
f 5496/5496/5496 5497/5497/5497 5498/5498/5498 
f 5497/5497/5497 5499/5499/5499 5498/5498/5498 
f 5496/5496/5496 5500/5500/5500 5501/5501/5501 
f 5502/5502/5502 5503/5503/5503 5504/5504/5504 
f 5505/5505/5505 5506/5506/5506 5507/5507/5507 
f 5506/5506/5506 5508/5508/5508 5509/5509/5509 
f 5510/5510/5510 5509/5509/5509 5508/5508/5508 
f 5511/5511/5511 5512/5512/5512 5513/5513/5513 
f 5513/5513/5513 5512/5512/5512 5514/5514/5514 
f 5515/5515/5515 5516/5516/5516 5517/5517/5517 
f 5516/5516/5516 5518/5518/5518 5517/5517/5517 
f 5515/5515/5515 5519/5519/5519 5520/5520/5520 
f 5521/5521/5521 5522/5522/5522 5523/5523/5523 
f 5522/5522/5522 5521/5521/5521 5524/5524/5524 
f 5525/5525/5525 5524/5524/5524 5526/5526/5526 
f 5527/5527/5527 5528/5528/5528 5529/5529/5529 
f 5528/5528/5528 5530/5530/5530 5529/5529/5529 
f 5531/5531/5531 5532/5532/5532 5533/5533/5533 
f 5532/5532/5532 5531/5531/5531 5534/5534/5534 
f 5535/5535/5535 5536/5536/5536 5537/5537/5537 
f 5536/5536/5536 5535/5535/5535 5538/5538/5538 
f 5539/5539/5539 5540/5540/5540 5541/5541/5541 
f 5541/5541/5541 5540/5540/5540 5542/5542/5542 
f 5539/5539/5539 5543/5543/5543 5544/5544/5544 
f 5545/5545/5545 5546/5546/5546 5547/5547/5547 
f 5546/5546/5546 5545/5545/5545 5548/5548/5548 
f 5549/5549/5549 5550/5550/5550 5551/5551/5551 
f 5551/5551/5551 5552/5552/5552 5549/5549/5549 
f 5553/5553/5553 5554/5554/5554 5555/5555/5555 
f 5553/5553/5553 5555/5555/5555 5556/5556/5556 
f 5557/5557/5557 5558/5558/5558 5559/5559/5559 
f 5558/5558/5558 5557/5557/5557 5560/5560/5560 
f 5561/5561/5561 5562/5562/5562 5560/5560/5560 
f 5562/5562/5562 5561/5561/5561 5563/5563/5563 
f 5564/5564/5564 5565/5565/5565 5566/5566/5566 
f 5565/5565/5565 5564/5564/5564 5567/5567/5567 
f 5568/5568/5568 5569/5569/5569 5570/5570/5570 
f 5569/5569/5569 5571/5571/5571 5570/5570/5570 
f 5572/5572/5572 5573/5573/5573 5574/5574/5574 
f 5575/5575/5575 5574/5574/5574 5573/5573/5573 
f 5575/5575/5575 5576/5576/5576 5577/5577/5577 
f 5578/5578/5578 5579/5579/5579 5580/5580/5580 
f 5580/5580/5580 5579/5579/5579 5581/5581/5581 
f 5582/5582/5582 5583/5583/5583 5584/5584/5584 
f 5583/5583/5583 5582/5582/5582 5585/5585/5585 
f 5585/5585/5585 5586/5586/5586 5587/5587/5587 
f 5588/5588/5588 5589/5589/5589 5590/5590/5590 
f 5591/5591/5591 5590/5590/5590 5589/5589/5589 
f 5592/5592/5592 5593/5593/5593 5594/5594/5594 
f 5593/5593/5593 5592/5592/5592 5595/5595/5595 
f 5595/5595/5595 5596/5596/5596 5597/5597/5597 
f 5598/5598/5598 5599/5599/5599 5600/5600/5600 
f 5600/5600/5600 5601/5601/5601 5598/5598/5598 
f 5602/5602/5602 5603/5603/5603 5599/5599/5599 
f 5603/5603/5603 5602/5602/5602 5604/5604/5604 
f 5605/5605/5605 5606/5606/5606 5607/5607/5607 
f 5606/5606/5606 5605/5605/5605 5608/5608/5608 
f 5609/5609/5609 5608/5608/5608 5610/5610/5610 
f 5611/5611/5611 5612/5612/5612 5613/5613/5613 
f 5613/5613/5613 5614/5614/5614 5611/5611/5611 
f 5615/5615/5615 5616/5616/5616 5617/5617/5617 
f 5616/5616/5616 5615/5615/5615 5618/5618/5618 
f 5619/5619/5619 5620/5620/5620 5621/5621/5621 
f 5621/5621/5621 5622/5622/5622 5619/5619/5619 
f 5623/5623/5623 5624/5624/5624 5625/5625/5625 
f 5624/5624/5624 5623/5623/5623 5626/5626/5626 
f 5627/5627/5627 5628/5628/5628 5629/5629/5629 
f 5628/5628/5628 5627/5627/5627 5630/5630/5630 
f 5631/5631/5631 5632/5632/5632 5633/5633/5633 
f 5632/5632/5632 5631/5631/5631 5634/5634/5634 
f 5634/5634/5634 5635/5635/5635 5636/5636/5636 
f 5637/5637/5637 5638/5638/5638 5639/5639/5639 
f 5638/5638/5638 5637/5637/5637 5640/5640/5640 
f 5641/5641/5641 5640/5640/5640 5642/5642/5642 
f 5643/5643/5643 5644/5644/5644 5645/5645/5645 
f 5644/5644/5644 5643/5643/5643 5646/5646/5646 
f 5647/5647/5647 5648/5648/5648 5649/5649/5649 
f 5650/5650/5650 5651/5651/5651 5649/5649/5649 
f 5651/5651/5651 5650/5650/5650 5652/5652/5652 
f 5652/5652/5652 5653/5653/5653 5654/5654/5654 
f 5654/5654/5654 5653/5653/5653 5655/5655/5655 
f 5656/5656/5656 5657/5657/5657 5658/5658/5658 
f 5657/5657/5657 5656/5656/5656 5659/5659/5659 
f 5660/5660/5660 5661/5661/5661 5662/5662/5662 
f 5661/5661/5661 5660/5660/5660 5663/5663/5663 
f 5664/5664/5664 5665/5665/5665 5663/5663/5663 
f 5665/5665/5665 5664/5664/5664 5666/5666/5666 
f 5667/5667/5667 5668/5668/5668 5669/5669/5669 
f 5668/5668/5668 5667/5667/5667 5670/5670/5670 
f 5671/5671/5671 5672/5672/5672 5673/5673/5673 
f 5672/5672/5672 5674/5674/5674 5673/5673/5673 
f 5675/5675/5675 5676/5676/5676 5677/5677/5677 
f 5676/5676/5676 5675/5675/5675 5678/5678/5678 
f 5679/5679/5679 5677/5677/5677 5680/5680/5680 
f 5681/5681/5681 5679/5679/5679 5680/5680/5680 
f 5682/5682/5682 5683/5683/5683 5684/5684/5684 
f 5683/5683/5683 5682/5682/5682 5685/5685/5685 
f 5686/5686/5686 5687/5687/5687 5684/5684/5684 
f 5687/5687/5687 5686/5686/5686 5688/5688/5688 
f 5689/5689/5689 5690/5690/5690 5688/5688/5688 
f 5690/5690/5690 5689/5689/5689 5691/5691/5691 
f 5692/5692/5692 5693/5693/5693 5694/5694/5694 
f 5694/5694/5694 5693/5693/5693 5695/5695/5695 
f 5696/5696/5696 5697/5697/5697 5698/5698/5698 
f 5698/5698/5698 5699/5699/5699 5696/5696/5696 
f 5697/5697/5697 5700/5700/5700 5701/5701/5701 
f 5702/5702/5702 5697/5697/5697 5701/5701/5701 
f 5703/5703/5703 5704/5704/5704 5702/5702/5702 
f 5704/5704/5704 5703/5703/5703 5705/5705/5705 
f 5706/5706/5706 5707/5707/5707 5708/5708/5708 
f 5706/5706/5706 5708/5708/5708 5709/5709/5709 
f 5710/5710/5710 5711/5711/5711 5709/5709/5709 
f 5711/5711/5711 5710/5710/5710 5712/5712/5712 
f 5713/5713/5713 5711/5711/5711 5712/5712/5712 
f 5711/5711/5711 5713/5713/5713 5714/5714/5714 
f 5715/5715/5715 5716/5716/5716 5717/5717/5717 
f 5716/5716/5716 5715/5715/5715 5718/5718/5718 
f 5719/5719/5719 5720/5720/5720 5721/5721/5721 
f 5721/5721/5721 5722/5722/5722 5719/5719/5719 
f 5723/5723/5723 5724/5724/5724 5725/5725/5725 
f 5726/5726/5726 5727/5727/5727 5725/5725/5725 
f 5727/5727/5727 5726/5726/5726 5728/5728/5728 
f 5729/5729/5729 5728/5728/5728 5730/5730/5730 
f 5729/5729/5729 5730/5730/5730 5731/5731/5731 
f 5732/5732/5732 5733/5733/5733 5734/5734/5734 
f 5733/5733/5733 5732/5732/5732 5735/5735/5735 
f 5736/5736/5736 5734/5734/5734 5737/5737/5737 
f 5738/5738/5738 5736/5736/5736 5737/5737/5737 
f 5739/5739/5739 5740/5740/5740 5738/5738/5738 
f 5740/5740/5740 5739/5739/5739 5741/5741/5741 
f 5742/5742/5742 5743/5743/5743 5744/5744/5744 
f 5743/5743/5743 5745/5745/5745 5744/5744/5744 
f 5744/5744/5744 5746/5746/5746 5742/5742/5742 
f 5746/5746/5746 5744/5744/5744 5747/5747/5747 
f 5748/5748/5748 5749/5749/5749 5750/5750/5750 
f 5750/5750/5750 5751/5751/5751 5748/5748/5748 
f 5752/5752/5752 5753/5753/5753 5754/5754/5754 
f 5753/5753/5753 5752/5752/5752 5755/5755/5755 
f 5756/5756/5756 5757/5757/5757 5758/5758/5758 
f 5757/5757/5757 5756/5756/5756 5759/5759/5759 
f 5760/5760/5760 5761/5761/5761 5762/5762/5762 
f 5762/5762/5762 5763/5763/5763 5760/5760/5760 
f 5764/5764/5764 5765/5765/5765 5766/5766/5766 
f 5765/5765/5765 5764/5764/5764 5767/5767/5767 
f 5768/5768/5768 5769/5769/5769 5770/5770/5770 
f 5770/5770/5770 5769/5769/5769 5771/5771/5771 
f 5771/5771/5771 5772/5772/5772 5773/5773/5773 
f 5774/5774/5774 5775/5775/5775 5776/5776/5776 
f 5775/5775/5775 5774/5774/5774 5777/5777/5777 
f 5778/5778/5778 5779/5779/5779 5780/5780/5780 
f 5779/5779/5779 5778/5778/5778 5781/5781/5781 
f 5782/5782/5782 5783/5783/5783 5784/5784/5784 
f 5783/5783/5783 5782/5782/5782 5785/5785/5785 
f 5785/5785/5785 5786/5786/5786 5787/5787/5787 
f 5788/5788/5788 5789/5789/5789 5790/5790/5790 
f 5791/5791/5791 5792/5792/5792 5790/5790/5790 
f 5792/5792/5792 5791/5791/5791 5793/5793/5793 
f 5794/5794/5794 5795/5795/5795 5796/5796/5796 
f 5795/5795/5795 5794/5794/5794 5797/5797/5797 
f 5798/5798/5798 5799/5799/5799 5800/5800/5800 
f 5799/5799/5799 5798/5798/5798 5801/5801/5801 
f 5802/5802/5802 5803/5803/5803 5804/5804/5804 
f 5804/5804/5804 5805/5805/5805 5802/5802/5802 
f 5806/5806/5806 5807/5807/5807 5803/5803/5803 
f 5807/5807/5807 5806/5806/5806 5808/5808/5808 
f 5808/5808/5808 5809/5809/5809 5810/5810/5810 
f 5810/5810/5810 5809/5809/5809 5811/5811/5811 
f 5811/5811/5811 5812/5812/5812 5813/5813/5813 
f 5814/5814/5814 5815/5815/5815 5816/5816/5816 
f 5816/5816/5816 5817/5817/5817 5814/5814/5814 
f 5818/5818/5818 5819/5819/5819 5815/5815/5815 
f 5819/5819/5819 5818/5818/5818 5820/5820/5820 
f 5821/5821/5821 5822/5822/5822 5823/5823/5823 
f 5823/5823/5823 5824/5824/5824 5821/5821/5821 
f 5825/5825/5825 5826/5826/5826 5822/5822/5822 
f 5826/5826/5826 5825/5825/5825 5827/5827/5827 
f 5828/5828/5828 5829/5829/5829 5830/5830/5830 
f 5829/5829/5829 5831/5831/5831 5830/5830/5830 
f 5832/5832/5832 5833/5833/5833 5834/5834/5834 
f 5833/5833/5833 5832/5832/5832 5835/5835/5835 
f 5836/5836/5836 5837/5837/5837 5838/5838/5838 
f 5838/5838/5838 5839/5839/5839 5836/5836/5836 
f 5840/5840/5840 5841/5841/5841 5842/5842/5842 
f 5841/5841/5841 5840/5840/5840 5843/5843/5843 
f 5844/5844/5844 5845/5845/5845 5846/5846/5846 
f 5847/5847/5847 5848/5848/5848 5849/5849/5849 
f 5847/5847/5847 5849/5849/5849 5850/5850/5850 
f 5851/5851/5851 5852/5852/5852 5853/5853/5853 
f 5852/5852/5852 5851/5851/5851 5854/5854/5854 
f 5855/5855/5855 5856/5856/5856 5857/5857/5857 
f 5856/5856/5856 5855/5855/5855 5858/5858/5858 
f 5859/5859/5859 5860/5860/5860 5861/5861/5861 
f 5861/5861/5861 5860/5860/5860 5862/5862/5862 
f 5863/5863/5863 5864/5864/5864 5865/5865/5865 
f 5864/5864/5864 5863/5863/5863 5866/5866/5866 
f 5867/5867/5867 5868/5868/5868 5863/5863/5863 
f 5868/5868/5868 5867/5867/5867 5869/5869/5869 
f 5870/5870/5870 5871/5871/5871 5872/5872/5872 
f 5871/5871/5871 5870/5870/5870 5873/5873/5873 
f 5874/5874/5874 5875/5875/5875 5876/5876/5876 
f 5875/5875/5875 5874/5874/5874 5877/5877/5877 
f 5878/5878/5878 5879/5879/5879 5876/5876/5876 
f 5879/5879/5879 5878/5878/5878 5880/5880/5880 
f 5881/5881/5881 5882/5882/5882 5883/5883/5883 
f 5882/5882/5882 5881/5881/5881 5884/5884/5884 
f 5885/5885/5885 5886/5886/5886 5884/5884/5884 
f 5885/5885/5885 5887/5887/5887 5886/5886/5886 
f 5887/5887/5887 5885/5885/5885 5888/5888/5888 
f 5889/5889/5889 5887/5887/5887 5888/5888/5888 
f 5889/5889/5889 5890/5890/5890 5887/5887/5887 
f 5890/5890/5890 5889/5889/5889 5891/5891/5891 
f 5892/5892/5892 5893/5893/5893 5891/5891/5891 
f 5893/5893/5893 5892/5892/5892 5894/5894/5894 
f 5895/5895/5895 5896/5896/5896 5897/5897/5897 
f 5896/5896/5896 5895/5895/5895 5898/5898/5898 
f 5899/5899/5899 5900/5900/5900 5901/5901/5901 
f 5900/5900/5900 5899/5899/5899 5902/5902/5902 
f 5903/5903/5903 5904/5904/5904 5905/5905/5905 
f 5904/5904/5904 5903/5903/5903 5906/5906/5906 
f 5907/5907/5907 5908/5908/5908 5909/5909/5909 
f 5908/5908/5908 5907/5907/5907 5910/5910/5910 
f 5911/5911/5911 5912/5912/5912 5910/5910/5910 
f 5912/5912/5912 5911/5911/5911 5913/5913/5913 
f 5914/5914/5914 5915/5915/5915 5913/5913/5913 
f 5915/5915/5915 5914/5914/5914 5916/5916/5916 
f 5917/5917/5917 5918/5918/5918 5919/5919/5919 
f 5918/5918/5918 5917/5917/5917 5920/5920/5920 
f 5921/5921/5921 5922/5922/5922 5923/5923/5923 
f 5922/5922/5922 5921/5921/5921 5924/5924/5924 
f 5925/5925/5925 5926/5926/5926 5927/5927/5927 
f 5928/5928/5928 5929/5929/5929 5926/5926/5926 
f 5929/5929/5929 5928/5928/5928 5930/5930/5930 
f 5931/5931/5931 5932/5932/5932 5930/5930/5930 
f 5932/5932/5932 5931/5931/5931 5933/5933/5933 
f 5934/5934/5934 5935/5935/5935 5936/5936/5936 
f 5935/5935/5935 5934/5934/5934 5937/5937/5937 
f 5938/5938/5938 5939/5939/5939 5940/5940/5940 
f 5939/5939/5939 5938/5938/5938 5941/5941/5941 
f 5941/5941/5941 5942/5942/5942 5939/5939/5939 
f 5943/5943/5943 5944/5944/5944 5945/5945/5945 
f 5944/5944/5944 5943/5943/5943 5946/5946/5946 
f 5947/5947/5947 5948/5948/5948 5949/5949/5949 
f 5948/5948/5948 5947/5947/5947 5950/5950/5950 
f 5951/5951/5951 5952/5952/5952 5953/5953/5953 
f 5952/5952/5952 5951/5951/5951 5954/5954/5954 
f 5955/5955/5955 5956/5956/5956 5957/5957/5957 
f 5956/5956/5956 5955/5955/5955 5958/5958/5958 
f 5959/5959/5959 5960/5960/5960 5961/5961/5961 
f 5960/5960/5960 5959/5959/5959 5962/5962/5962 
f 5962/5962/5962 5963/5963/5963 5964/5964/5964 
f 5964/5964/5964 5963/5963/5963 5965/5965/5965 
f 5965/5965/5965 5966/5966/5966 5967/5967/5967 
f 5968/5968/5968 5969/5969/5969 5970/5970/5970 
f 5969/5969/5969 5968/5968/5968 5971/5971/5971 
f 5972/5972/5972 5973/5973/5973 5970/5970/5970 
f 5973/5973/5973 5972/5972/5972 5974/5974/5974 
f 5975/5975/5975 5976/5976/5976 5974/5974/5974 
f 5976/5976/5976 5975/5975/5975 5977/5977/5977 
f 5978/5978/5978 5979/5979/5979 5980/5980/5980 
f 5979/5979/5979 5978/5978/5978 5981/5981/5981 
f 5982/5982/5982 5983/5983/5983 5984/5984/5984 
f 5983/5983/5983 5982/5982/5982 5985/5985/5985 
f 5986/5986/5986 5987/5987/5987 5988/5988/5988 
f 5987/5987/5987 5986/5986/5986 5989/5989/5989 
f 5990/5990/5990 5991/5991/5991 5988/5988/5988 
f 5991/5991/5991 5990/5990/5990 5992/5992/5992 
f 5993/5993/5993 5994/5994/5994 5995/5995/5995 
f 5996/5996/5996 5997/5997/5997 5994/5994/5994 
f 5997/5997/5997 5996/5996/5996 5998/5998/5998 
f 5999/5999/5999 6000/6000/6000 6001/6001/6001 
f 6002/6002/6002 6003/6003/6003 6001/6001/6001 
f 6003/6003/6003 6002/6002/6002 6004/6004/6004 
f 6005/6005/6005 6006/6006/6006 6007/6007/6007 
f 6006/6006/6006 6005/6005/6005 6008/6008/6008 
f 6009/6009/6009 6008/6008/6008 6010/6010/6010 
f 6011/6011/6011 6012/6012/6012 6013/6013/6013 
f 6012/6012/6012 6011/6011/6011 6014/6014/6014 
f 6015/6015/6015 6016/6016/6016 6017/6017/6017 
f 6016/6016/6016 6015/6015/6015 6018/6018/6018 
f 6019/6019/6019 6020/6020/6020 6021/6021/6021 
f 6022/6022/6022 6023/6023/6023 6021/6021/6021 
f 6023/6023/6023 6022/6022/6022 6024/6024/6024 
f 6025/6025/6025 6024/6024/6024 6026/6026/6026 
f 6025/6025/6025 6026/6026/6026 6027/6027/6027 
f 6028/6028/6028 6029/6029/6029 6030/6030/6030 
f 6029/6029/6029 6028/6028/6028 6031/6031/6031 
f 6030/6030/6030 6032/6032/6032 6033/6033/6033 
f 6032/6032/6032 6030/6030/6030 6034/6034/6034 
f 6035/6035/6035 6036/6036/6036 6037/6037/6037 
f 6036/6036/6036 6035/6035/6035 6038/6038/6038 
f 6039/6039/6039 6038/6038/6038 6040/6040/6040 
f 6040/6040/6040 6041/6041/6041 6039/6039/6039 
f 6042/6042/6042 6043/6043/6043 6044/6044/6044 
f 6043/6043/6043 6042/6042/6042 6045/6045/6045 
f 6046/6046/6046 6047/6047/6047 6048/6048/6048 
f 6047/6047/6047 6046/6046/6046 6049/6049/6049 
f 6050/6050/6050 6051/6051/6051 6052/6052/6052 
f 6051/6051/6051 6050/6050/6050 6053/6053/6053 
f 6054/6054/6054 6053/6053/6053 6055/6055/6055 
f 6055/6055/6055 6056/6056/6056 6054/6054/6054 
f 6057/6057/6057 6058/6058/6058 6059/6059/6059 
f 6058/6058/6058 6057/6057/6057 6060/6060/6060 
f 6061/6061/6061 6062/6062/6062 6063/6063/6063 
f 6062/6062/6062 6061/6061/6061 6064/6064/6064 
f 6065/6065/6065 6063/6063/6063 6066/6066/6066 
f 6067/6067/6067 6068/6068/6068 6069/6069/6069 
f 6068/6068/6068 6067/6067/6067 6070/6070/6070 
f 6071/6071/6071 6072/6072/6072 6073/6073/6073 
f 6072/6072/6072 6071/6071/6071 6074/6074/6074 
f 6075/6075/6075 6076/6076/6076 6077/6077/6077 
f 6076/6076/6076 6075/6075/6075 6078/6078/6078 
f 6078/6078/6078 6079/6079/6079 6080/6080/6080 
f 6080/6080/6080 6079/6079/6079 6081/6081/6081 
f 6082/6082/6082 6083/6083/6083 6084/6084/6084 
f 6083/6083/6083 6082/6082/6082 6085/6085/6085 
f 6086/6086/6086 6087/6087/6087 6088/6088/6088 
f 6088/6088/6088 6089/6089/6089 6086/6086/6086 
f 6090/6090/6090 6091/6091/6091 6092/6092/6092 
f 6093/6093/6093 6094/6094/6094 6092/6092/6092 
f 6094/6094/6094 6093/6093/6093 6095/6095/6095 
f 6096/6096/6096 6097/6097/6097 6098/6098/6098 
f 6097/6097/6097 6096/6096/6096 6099/6099/6099 
f 6100/6100/6100 6101/6101/6101 6102/6102/6102 
f 6101/6101/6101 6100/6100/6100 6103/6103/6103 
f 6104/6104/6104 6105/6105/6105 6106/6106/6106 
f 6105/6105/6105 6104/6104/6104 6107/6107/6107 
f 6108/6108/6108 6109/6109/6109 6107/6107/6107 
f 6109/6109/6109 6108/6108/6108 6110/6110/6110 
f 6111/6111/6111 6112/6112/6112 6113/6113/6113 
f 6113/6113/6113 6114/6114/6114 6111/6111/6111 
f 6115/6115/6115 6116/6116/6116 6117/6117/6117 
f 6116/6116/6116 6118/6118/6118 6119/6119/6119 
f 6119/6119/6119 6118/6118/6118 6120/6120/6120 
f 6121/6121/6121 6122/6122/6122 6123/6123/6123 
f 6124/6124/6124 6125/6125/6125 6122/6122/6122 
f 6124/6124/6124 6126/6126/6126 6125/6125/6125 
f 6127/6127/6127 6128/6128/6128 6129/6129/6129 
f 6130/6130/6130 6127/6127/6127 6129/6129/6129 
f 6131/6131/6131 6132/6132/6132 6128/6128/6128 
f 6132/6132/6132 6131/6131/6131 6133/6133/6133 
f 6134/6134/6134 6135/6135/6135 6136/6136/6136 
f 6137/6137/6137 6138/6138/6138 6135/6135/6135 
f 6139/6139/6139 6138/6138/6138 6137/6137/6137 
f 6140/6140/6140 6141/6141/6141 6142/6142/6142 
f 6141/6141/6141 6140/6140/6140 6143/6143/6143 
f 6143/6143/6143 6140/6140/6140 6144/6144/6144 
f 6145/6145/6145 6144/6144/6144 6146/6146/6146 
f 6144/6144/6144 6145/6145/6145 6147/6147/6147 
f 6148/6148/6148 6149/6149/6149 6150/6150/6150 
f 6148/6148/6148 6150/6150/6150 6151/6151/6151 
f 6152/6152/6152 6153/6153/6153 6151/6151/6151 
f 6153/6153/6153 6152/6152/6152 6154/6154/6154 
f 6155/6155/6155 6156/6156/6156 6157/6157/6157 
f 6156/6156/6156 6155/6155/6155 6158/6158/6158 
f 6159/6159/6159 6160/6160/6160 6161/6161/6161 
f 6159/6159/6159 6161/6161/6161 6162/6162/6162 
f 6163/6163/6163 6164/6164/6164 6165/6165/6165 
f 6166/6166/6166 6167/6167/6167 6165/6165/6165 
f 6167/6167/6167 6166/6166/6166 6168/6168/6168 
f 6169/6169/6169 6170/6170/6170 6168/6168/6168 
f 6170/6170/6170 6169/6169/6169 6171/6171/6171 
f 6172/6172/6172 6173/6173/6173 6174/6174/6174 
f 6172/6172/6172 6174/6174/6174 6175/6175/6175 
f 6173/6173/6173 6176/6176/6176 6177/6177/6177 
f 6177/6177/6177 6178/6178/6178 6173/6173/6173 
f 6179/6179/6179 6177/6177/6177 6180/6180/6180 
f 6180/6180/6180 6181/6181/6181 6179/6179/6179 
f 6182/6182/6182 6183/6183/6183 6184/6184/6184 
f 6183/6183/6183 6182/6182/6182 6185/6185/6185 
f 6186/6186/6186 6187/6187/6187 6188/6188/6188 
f 6186/6186/6186 6189/6189/6189 6187/6187/6187 
f 6190/6190/6190 6191/6191/6191 6192/6192/6192 
f 6191/6191/6191 6190/6190/6190 6193/6193/6193 
f 6194/6194/6194 6195/6195/6195 6196/6196/6196 
f 6194/6194/6194 6196/6196/6196 6197/6197/6197 
f 6198/6198/6198 6199/6199/6199 6200/6200/6200 
f 6199/6199/6199 6198/6198/6198 6201/6201/6201 
f 6202/6202/6202 6203/6203/6203 6204/6204/6204 
f 6205/6205/6205 6206/6206/6206 6204/6204/6204 
f 6206/6206/6206 6205/6205/6205 6207/6207/6207 
f 6208/6208/6208 6209/6209/6209 6210/6210/6210 
f 6208/6208/6208 6210/6210/6210 6211/6211/6211 
f 6212/6212/6212 6213/6213/6213 6214/6214/6214 
f 6213/6213/6213 6212/6212/6212 6215/6215/6215 
f 6216/6216/6216 6217/6217/6217 6218/6218/6218 
f 6217/6217/6217 6216/6216/6216 6219/6219/6219 
f 6220/6220/6220 6221/6221/6221 6222/6222/6222 
f 6221/6221/6221 6220/6220/6220 6223/6223/6223 
f 6224/6224/6224 6225/6225/6225 6222/6222/6222 
f 6225/6225/6225 6224/6224/6224 6226/6226/6226 
f 6227/6227/6227 6228/6228/6228 6226/6226/6226 
f 6228/6228/6228 6227/6227/6227 6229/6229/6229 
f 6230/6230/6230 6231/6231/6231 6232/6232/6232 
f 6231/6231/6231 6230/6230/6230 6233/6233/6233 
f 6234/6234/6234 6235/6235/6235 6236/6236/6236 
f 6235/6235/6235 6234/6234/6234 6237/6237/6237 
f 6238/6238/6238 6239/6239/6239 6240/6240/6240 
f 6239/6239/6239 6238/6238/6238 6241/6241/6241 
f 6242/6242/6242 6243/6243/6243 6244/6244/6244 
f 6244/6244/6244 6243/6243/6243 6245/6245/6245 
f 6246/6246/6246 6247/6247/6247 6248/6248/6248 
f 6248/6248/6248 6249/6249/6249 6246/6246/6246 
f 6250/6250/6250 6251/6251/6251 6252/6252/6252 
f 6252/6252/6252 6253/6253/6253 6250/6250/6250 
f 6251/6251/6251 6254/6254/6254 6255/6255/6255 
f 6255/6255/6255 6256/6256/6256 6251/6251/6251 
f 6256/6256/6256 6255/6255/6255 6257/6257/6257 
f 6257/6257/6257 6258/6258/6258 6256/6256/6256 
f 6259/6259/6259 6260/6260/6260 6258/6258/6258 
f 6260/6260/6260 6259/6259/6259 6261/6261/6261 
f 6262/6262/6262 6263/6263/6263 6264/6264/6264 
f 6263/6263/6263 6262/6262/6262 6265/6265/6265 
f 6266/6266/6266 6265/6265/6265 6267/6267/6267 
f 6267/6267/6267 6268/6268/6268 6266/6266/6266 
f 6269/6269/6269 6270/6270/6270 6268/6268/6268 
f 6270/6270/6270 6269/6269/6269 6271/6271/6271 
f 6272/6272/6272 6271/6271/6271 6273/6273/6273 
f 6274/6274/6274 6275/6275/6275 6276/6276/6276 
f 6276/6276/6276 6277/6277/6277 6274/6274/6274 
f 6278/6278/6278 6279/6279/6279 6280/6280/6280 
f 6279/6279/6279 6278/6278/6278 6281/6281/6281 
f 6282/6282/6282 6283/6283/6283 6284/6284/6284 
f 6283/6283/6283 6285/6285/6285 6284/6284/6284 
f 6286/6286/6286 6287/6287/6287 6288/6288/6288 
f 6288/6288/6288 6289/6289/6289 6286/6286/6286 
f 6290/6290/6290 6291/6291/6291 6292/6292/6292 
f 6291/6291/6291 6290/6290/6290 6293/6293/6293 
f 6294/6294/6294 6295/6295/6295 6296/6296/6296 
f 6294/6294/6294 6296/6296/6296 6297/6297/6297 
f 6298/6298/6298 6299/6299/6299 6300/6300/6300 
f 6299/6299/6299 6298/6298/6298 6301/6301/6301 
f 6302/6302/6302 6303/6303/6303 6304/6304/6304 
f 6303/6303/6303 6302/6302/6302 6305/6305/6305 
f 6306/6306/6306 6307/6307/6307 6308/6308/6308 
f 6307/6307/6307 6309/6309/6309 6308/6308/6308 
f 6310/6310/6310 6311/6311/6311 6312/6312/6312 
f 6311/6311/6311 6310/6310/6310 6313/6313/6313 
f 6314/6314/6314 6312/6312/6312 6315/6315/6315 
f 6315/6315/6315 6316/6316/6316 6314/6314/6314 
f 6317/6317/6317 6318/6318/6318 6319/6319/6319 
f 6319/6319/6319 6320/6320/6320 6317/6317/6317 
f 6321/6321/6321 6322/6322/6322 6323/6323/6323 
f 6322/6322/6322 6321/6321/6321 6324/6324/6324 
f 6325/6325/6325 6326/6326/6326 6327/6327/6327 
f 6325/6325/6325 6327/6327/6327 6328/6328/6328 
f 6329/6329/6329 6330/6330/6330 6331/6331/6331 
f 6330/6330/6330 6329/6329/6329 6332/6332/6332 
f 6333/6333/6333 6334/6334/6334 6335/6335/6335 
f 6334/6334/6334 6333/6333/6333 6336/6336/6336 
f 6337/6337/6337 6338/6338/6338 6335/6335/6335 
f 6338/6338/6338 6337/6337/6337 6339/6339/6339 
f 6340/6340/6340 6341/6341/6341 6342/6342/6342 
f 6341/6341/6341 6340/6340/6340 6343/6343/6343 
f 6344/6344/6344 6345/6345/6345 6346/6346/6346 
f 6345/6345/6345 6344/6344/6344 6347/6347/6347 
f 6347/6347/6347 6348/6348/6348 6349/6349/6349 
f 6350/6350/6350 6351/6351/6351 6352/6352/6352 
f 6351/6351/6351 6350/6350/6350 6353/6353/6353 
f 6354/6354/6354 6355/6355/6355 6356/6356/6356 
f 6355/6355/6355 6354/6354/6354 6357/6357/6357 
f 6358/6358/6358 6357/6357/6357 6354/6354/6354 
f 6357/6357/6357 6358/6358/6358 6359/6359/6359 
f 6360/6360/6360 6361/6361/6361 6359/6359/6359 
f 6361/6361/6361 6360/6360/6360 6362/6362/6362 
f 6363/6363/6363 6364/6364/6364 6365/6365/6365 
f 6364/6364/6364 6363/6363/6363 6366/6366/6366 
f 6367/6367/6367 6368/6368/6368 6369/6369/6369 
f 6369/6369/6369 6370/6370/6370 6367/6367/6367 
f 6371/6371/6371 6372/6372/6372 6373/6373/6373 
f 6372/6372/6372 6371/6371/6371 6374/6374/6374 
f 6375/6375/6375 6376/6376/6376 6377/6377/6377 
f 6378/6378/6378 6379/6379/6379 6377/6377/6377 
f 6379/6379/6379 6378/6378/6378 6380/6380/6380 
f 6381/6381/6381 6382/6382/6382 6380/6380/6380 
f 6381/6381/6381 6383/6383/6383 6382/6382/6382 
f 6384/6384/6384 6385/6385/6385 6386/6386/6386 
f 6385/6385/6385 6384/6384/6384 6387/6387/6387 
f 6388/6388/6388 6389/6389/6389 6390/6390/6390 
f 6391/6391/6391 6392/6392/6392 6390/6390/6390 
f 6392/6392/6392 6391/6391/6391 6393/6393/6393 
f 6394/6394/6394 6395/6395/6395 6396/6396/6396 
f 6394/6394/6394 6396/6396/6396 6397/6397/6397 
f 6398/6398/6398 6399/6399/6399 6400/6400/6400 
f 6399/6399/6399 6398/6398/6398 6401/6401/6401 
f 6402/6402/6402 6403/6403/6403 6404/6404/6404 
f 6403/6403/6403 6405/6405/6405 6406/6406/6406 
f 6406/6406/6406 6405/6405/6405 6407/6407/6407 
f 6408/6408/6408 6409/6409/6409 6407/6407/6407 
f 6409/6409/6409 6408/6408/6408 6410/6410/6410 
f 6411/6411/6411 6410/6410/6410 6412/6412/6412 
f 6413/6413/6413 6411/6411/6411 6412/6412/6412 
f 6414/6414/6414 6415/6415/6415 6413/6413/6413 
f 6415/6415/6415 6414/6414/6414 6416/6416/6416 
f 6417/6417/6417 6418/6418/6418 6419/6419/6419 
f 6418/6418/6418 6417/6417/6417 6420/6420/6420 
f 6421/6421/6421 6420/6420/6420 6422/6422/6422 
f 6422/6422/6422 6423/6423/6423 6421/6421/6421 
f 6424/6424/6424 6425/6425/6425 6426/6426/6426 
f 6425/6425/6425 6424/6424/6424 6427/6427/6427 
f 6428/6428/6428 6429/6429/6429 6430/6430/6430 
f 6430/6430/6430 6429/6429/6429 6431/6431/6431 
f 6431/6431/6431 6432/6432/6432 6433/6433/6433 
f 6434/6434/6434 6435/6435/6435 6436/6436/6436 
f 6436/6436/6436 6437/6437/6437 6434/6434/6434 
f 6438/6438/6438 6439/6439/6439 6440/6440/6440 
f 6439/6439/6439 6438/6438/6438 6441/6441/6441 
f 6442/6442/6442 6443/6443/6443 6444/6444/6444 
f 6445/6445/6445 6446/6446/6446 6444/6444/6444 
f 6446/6446/6446 6445/6445/6445 6447/6447/6447 
f 6448/6448/6448 6449/6449/6449 6450/6450/6450 
f 6451/6451/6451 6450/6450/6450 6452/6452/6452 
f 6452/6452/6452 6453/6453/6453 6451/6451/6451 
f 6454/6454/6454 6455/6455/6455 6456/6456/6456 
f 6455/6455/6455 6454/6454/6454 6457/6457/6457 
f 6458/6458/6458 6459/6459/6459 6457/6457/6457 
f 6459/6459/6459 6458/6458/6458 6460/6460/6460 
f 6461/6461/6461 6462/6462/6462 6463/6463/6463 
f 6464/6464/6464 6465/6465/6465 6462/6462/6462 
f 6464/6464/6464 6466/6466/6466 6465/6465/6465 
f 6466/6466/6466 6464/6464/6464 6467/6467/6467 
f 6468/6468/6468 6469/6469/6469 6470/6470/6470 
f 6471/6471/6471 6472/6472/6472 6469/6469/6469 
f 6471/6471/6471 6473/6473/6473 6472/6472/6472 
f 6474/6474/6474 6475/6475/6475 6473/6473/6473 
f 6475/6475/6475 6474/6474/6474 6476/6476/6476 
f 6477/6477/6477 6478/6478/6478 6479/6479/6479 
f 6478/6478/6478 6477/6477/6477 6480/6480/6480 
f 6481/6481/6481 6482/6482/6482 6483/6483/6483 
f 6482/6482/6482 6481/6481/6481 6484/6484/6484 
f 6485/6485/6485 6486/6486/6486 6487/6487/6487 
f 6486/6486/6486 6488/6488/6488 6487/6487/6487 
f 6489/6489/6489 6490/6490/6490 6491/6491/6491 
f 6490/6490/6490 6489/6489/6489 6492/6492/6492 
f 6493/6493/6493 6494/6494/6494 6495/6495/6495 
f 6495/6495/6495 6496/6496/6496 6493/6493/6493 
f 6497/6497/6497 6498/6498/6498 6499/6499/6499 
f 6498/6498/6498 6497/6497/6497 6500/6500/6500 
f 6501/6501/6501 6502/6502/6502 6503/6503/6503 
f 6502/6502/6502 6501/6501/6501 6504/6504/6504 
f 6505/6505/6505 6506/6506/6506 6507/6507/6507 
f 6506/6506/6506 6505/6505/6505 6508/6508/6508 
f 6509/6509/6509 6508/6508/6508 6510/6510/6510 
f 6511/6511/6511 6512/6512/6512 6513/6513/6513 
f 6512/6512/6512 6511/6511/6511 6514/6514/6514 
f 6515/6515/6515 6516/6516/6516 6514/6514/6514 
f 6516/6516/6516 6515/6515/6515 6517/6517/6517 
f 6518/6518/6518 6519/6519/6519 6520/6520/6520 
f 6519/6519/6519 6518/6518/6518 6521/6521/6521 
f 6522/6522/6522 6523/6523/6523 6524/6524/6524 
f 6523/6523/6523 6522/6522/6522 6525/6525/6525 
f 6526/6526/6526 6524/6524/6524 6527/6527/6527 
f 6527/6527/6527 6528/6528/6528 6526/6526/6526 
f 6529/6529/6529 6530/6530/6530 6531/6531/6531 
f 6530/6530/6530 6529/6529/6529 6532/6532/6532 
f 6533/6533/6533 6534/6534/6534 6535/6535/6535 
f 6534/6534/6534 6533/6533/6533 6536/6536/6536 
f 6537/6537/6537 6538/6538/6538 6539/6539/6539 
f 6538/6538/6538 6537/6537/6537 6540/6540/6540 
f 6541/6541/6541 6542/6542/6542 6537/6537/6537 
f 6542/6542/6542 6541/6541/6541 6543/6543/6543 
f 6544/6544/6544 6545/6545/6545 6542/6542/6542 
f 6545/6545/6545 6544/6544/6544 6546/6546/6546 
f 6547/6547/6547 6546/6546/6546 6548/6548/6548 
f 6548/6548/6548 6549/6549/6549 6547/6547/6547 
f 6550/6550/6550 6551/6551/6551 6549/6549/6549 
f 6551/6551/6551 6550/6550/6550 6552/6552/6552 
f 6553/6553/6553 6554/6554/6554 6555/6555/6555 
f 6555/6555/6555 6556/6556/6556 6553/6553/6553 
f 6557/6557/6557 6558/6558/6558 6559/6559/6559 
f 6558/6558/6558 6557/6557/6557 6560/6560/6560 
f 6561/6561/6561 6562/6562/6562 6559/6559/6559 
f 6562/6562/6562 6561/6561/6561 6563/6563/6563 
f 6564/6564/6564 6565/6565/6565 6566/6566/6566 
f 6566/6566/6566 6567/6567/6567 6564/6564/6564 
f 6568/6568/6568 6569/6569/6569 6565/6565/6565 
f 6569/6569/6569 6568/6568/6568 6570/6570/6570 
f 6571/6571/6571 6572/6572/6572 6573/6573/6573 
f 6573/6573/6573 6574/6574/6574 6571/6571/6571 
f 6572/6572/6572 6575/6575/6575 6576/6576/6576 
f 6572/6572/6572 6577/6577/6577 6575/6575/6575 
f 6578/6578/6578 6575/6575/6575 6579/6579/6579 
f 6578/6578/6578 6579/6579/6579 6580/6580/6580 
f 6581/6581/6581 6582/6582/6582 6583/6583/6583 
f 6584/6584/6584 6585/6585/6585 6582/6582/6582 
f 6584/6584/6584 6586/6586/6586 6585/6585/6585 
f 6587/6587/6587 6588/6588/6588 6586/6586/6586 
f 6588/6588/6588 6587/6587/6587 6589/6589/6589 
f 6590/6590/6590 6591/6591/6591 6592/6592/6592 
f 6591/6591/6591 6590/6590/6590 6593/6593/6593 
f 6594/6594/6594 6595/6595/6595 6596/6596/6596 
f 6595/6595/6595 6594/6594/6594 6597/6597/6597 
f 6598/6598/6598 6599/6599/6599 6600/6600/6600 
f 6599/6599/6599 6598/6598/6598 6601/6601/6601 
f 6602/6602/6602 6600/6600/6600 6603/6603/6603 
f 6604/6604/6604 6602/6602/6602 6603/6603/6603 
f 6605/6605/6605 6606/6606/6606 6607/6607/6607 
f 6606/6606/6606 6605/6605/6605 6608/6608/6608 
f 6609/6609/6609 6610/6610/6610 6608/6608/6608 
f 6610/6610/6610 6609/6609/6609 6611/6611/6611 
f 6612/6612/6612 6613/6613/6613 6611/6611/6611 
f 6613/6613/6613 6612/6612/6612 6614/6614/6614 
f 6615/6615/6615 6616/6616/6616 6617/6617/6617 
f 6615/6615/6615 6617/6617/6617 6618/6618/6618 
f 6618/6618/6618 6619/6619/6619 6620/6620/6620 
f 6621/6621/6621 6622/6622/6622 6623/6623/6623 
f 6622/6622/6622 6621/6621/6621 6624/6624/6624 
f 6625/6625/6625 6626/6626/6626 6627/6627/6627 
f 6626/6626/6626 6625/6625/6625 6628/6628/6628 
f 6629/6629/6629 6630/6630/6630 6626/6626/6626 
f 6630/6630/6630 6629/6629/6629 6631/6631/6631 
f 6632/6632/6632 6633/6633/6633 6631/6631/6631 
f 6633/6633/6633 6632/6632/6632 6634/6634/6634 
f 6634/6634/6634 6635/6635/6635 6636/6636/6636 
f 6637/6637/6637 6638/6638/6638 6639/6639/6639 
f 6638/6638/6638 6637/6637/6637 6640/6640/6640 
f 6641/6641/6641 6642/6642/6642 6643/6643/6643 
f 6643/6643/6643 6644/6644/6644 6641/6641/6641 
f 6645/6645/6645 6646/6646/6646 6647/6647/6647 
f 6646/6646/6646 6645/6645/6645 6648/6648/6648 
f 6649/6649/6649 6650/6650/6650 6651/6651/6651 
f 6649/6649/6649 6651/6651/6651 6652/6652/6652 
f 6653/6653/6653 6654/6654/6654 6655/6655/6655 
f 6654/6654/6654 6653/6653/6653 6656/6656/6656 
f 6657/6657/6657 6658/6658/6658 6659/6659/6659 
f 6658/6658/6658 6657/6657/6657 6660/6660/6660 
f 6661/6661/6661 6662/6662/6662 6659/6659/6659 
f 6662/6662/6662 6661/6661/6661 6663/6663/6663 
f 6664/6664/6664 6663/6663/6663 6665/6665/6665 
f 6663/6663/6663 6664/6664/6664 6666/6666/6666 
f 6667/6667/6667 6668/6668/6668 6669/6669/6669 
f 6668/6668/6668 6667/6667/6667 6670/6670/6670 
f 6671/6671/6671 6672/6672/6672 6673/6673/6673 
f 6672/6672/6672 6671/6671/6671 6674/6674/6674 
f 6675/6675/6675 6676/6676/6676 6674/6674/6674 
f 6676/6676/6676 6675/6675/6675 6677/6677/6677 
f 6678/6678/6678 6679/6679/6679 6680/6680/6680 
f 6678/6678/6678 6680/6680/6680 6681/6681/6681 
f 6682/6682/6682 6683/6683/6683 6684/6684/6684 
f 6683/6683/6683 6682/6682/6682 6685/6685/6685 
f 6685/6685/6685 6686/6686/6686 6687/6687/6687 
f 6688/6688/6688 6687/6687/6687 6686/6686/6686 
f 6688/6688/6688 6689/6689/6689 6690/6690/6690 
f 6691/6691/6691 6692/6692/6692 6693/6693/6693 
f 6692/6692/6692 6691/6691/6691 6694/6694/6694 
f 6695/6695/6695 6696/6696/6696 6697/6697/6697 
f 6696/6696/6696 6695/6695/6695 6698/6698/6698 
f 6699/6699/6699 6700/6700/6700 6701/6701/6701 
f 6700/6700/6700 6699/6699/6699 6702/6702/6702 
f 6702/6702/6702 6703/6703/6703 6704/6704/6704 
f 6705/6705/6705 6704/6704/6704 6703/6703/6703 
f 6706/6706/6706 6707/6707/6707 6708/6708/6708 
f 6707/6707/6707 6706/6706/6706 6709/6709/6709 
f 6710/6710/6710 6711/6711/6711 6712/6712/6712 
f 6711/6711/6711 6710/6710/6710 6713/6713/6713 
f 6714/6714/6714 6715/6715/6715 6716/6716/6716 
f 6715/6715/6715 6714/6714/6714 6717/6717/6717 
f 6718/6718/6718 6719/6719/6719 6716/6716/6716 
f 6719/6719/6719 6718/6718/6718 6720/6720/6720 
f 6721/6721/6721 6722/6722/6722 6720/6720/6720 
f 6722/6722/6722 6721/6721/6721 6723/6723/6723 
f 6724/6724/6724 6723/6723/6723 6725/6725/6725 
f 6726/6726/6726 6727/6727/6727 6728/6728/6728 
f 6728/6728/6728 6729/6729/6729 6726/6726/6726 
f 6730/6730/6730 6731/6731/6731 6732/6732/6732 
f 6731/6731/6731 6730/6730/6730 6733/6733/6733 
f 6734/6734/6734 6735/6735/6735 6736/6736/6736 
f 6737/6737/6737 6738/6738/6738 6735/6735/6735 
f 6738/6738/6738 6737/6737/6737 6739/6739/6739 
f 6740/6740/6740 6741/6741/6741 6742/6742/6742 
f 6741/6741/6741 6740/6740/6740 6743/6743/6743 
f 6744/6744/6744 6745/6745/6745 6746/6746/6746 
f 6745/6745/6745 6744/6744/6744 6747/6747/6747 
f 6748/6748/6748 6749/6749/6749 6746/6746/6746 
f 6749/6749/6749 6748/6748/6748 6750/6750/6750 
f 6751/6751/6751 6752/6752/6752 6753/6753/6753 
f 6752/6752/6752 6751/6751/6751 6754/6754/6754 
f 6755/6755/6755 6756/6756/6756 6757/6757/6757 
f 6756/6756/6756 6755/6755/6755 6758/6758/6758 
f 6759/6759/6759 6760/6760/6760 6761/6761/6761 
f 6760/6760/6760 6759/6759/6759 6762/6762/6762 
f 6763/6763/6763 6764/6764/6764 6765/6765/6765 
f 6764/6764/6764 6763/6763/6763 6766/6766/6766 
f 6767/6767/6767 6768/6768/6768 6769/6769/6769 
f 6768/6768/6768 6767/6767/6767 6770/6770/6770 
f 6771/6771/6771 6772/6772/6772 6769/6769/6769 
f 6772/6772/6772 6771/6771/6771 6773/6773/6773 
f 6774/6774/6774 6775/6775/6775 6776/6776/6776 
f 6775/6775/6775 6777/6777/6777 6776/6776/6776 
f 6778/6778/6778 6779/6779/6779 6780/6780/6780 
f 6779/6779/6779 6781/6781/6781 6780/6780/6780 
f 6782/6782/6782 6783/6783/6783 6784/6784/6784 
f 6784/6784/6784 6785/6785/6785 6782/6782/6782 
f 6786/6786/6786 6787/6787/6787 6783/6783/6783 
f 6787/6787/6787 6786/6786/6786 6788/6788/6788 
f 6789/6789/6789 6788/6788/6788 6790/6790/6790 
f 6789/6789/6789 6790/6790/6790 6791/6791/6791 
f 6791/6791/6791 6792/6792/6792 6793/6793/6793 
f 6794/6794/6794 6795/6795/6795 6796/6796/6796 
f 6795/6795/6795 6794/6794/6794 6797/6797/6797 
f 6798/6798/6798 6799/6799/6799 6797/6797/6797 
f 6799/6799/6799 6798/6798/6798 6800/6800/6800 
f 6801/6801/6801 6802/6802/6802 6800/6800/6800 
f 6802/6802/6802 6801/6801/6801 6803/6803/6803 
f 6804/6804/6804 6805/6805/6805 6806/6806/6806 
f 6805/6805/6805 6804/6804/6804 6807/6807/6807 
f 6808/6808/6808 6809/6809/6809 6810/6810/6810 
f 6809/6809/6809 6808/6808/6808 6811/6811/6811 
f 6812/6812/6812 6813/6813/6813 6814/6814/6814 
f 6813/6813/6813 6815/6815/6815 6814/6814/6814 
f 6816/6816/6816 6817/6817/6817 6818/6818/6818 
f 6816/6816/6816 6818/6818/6818 6819/6819/6819 
f 6820/6820/6820 6821/6821/6821 6822/6822/6822 
f 6821/6821/6821 6820/6820/6820 6823/6823/6823 
f 6824/6824/6824 6825/6825/6825 6822/6822/6822 
f 6825/6825/6825 6824/6824/6824 6826/6826/6826 
f 6827/6827/6827 6828/6828/6828 6829/6829/6829 
f 6827/6827/6827 6829/6829/6829 6830/6830/6830 
f 6831/6831/6831 6832/6832/6832 6833/6833/6833 
f 6832/6832/6832 6831/6831/6831 6834/6834/6834 
f 6835/6835/6835 6836/6836/6836 6833/6833/6833 
f 6836/6836/6836 6835/6835/6835 6837/6837/6837 
f 6838/6838/6838 6839/6839/6839 6840/6840/6840 
f 6839/6839/6839 6838/6838/6838 6841/6841/6841 
f 6842/6842/6842 6843/6843/6843 6844/6844/6844 
f 6844/6844/6844 6845/6845/6845 6842/6842/6842 
f 6846/6846/6846 6847/6847/6847 6848/6848/6848 
f 6848/6848/6848 6847/6847/6847 6849/6849/6849 
f 6850/6850/6850 6851/6851/6851 6852/6852/6852 
f 6851/6851/6851 6850/6850/6850 6853/6853/6853 
f 6854/6854/6854 6855/6855/6855 6856/6856/6856 
f 6855/6855/6855 6854/6854/6854 6857/6857/6857 
f 6858/6858/6858 6856/6856/6856 6859/6859/6859 
f 6860/6860/6860 6861/6861/6861 6862/6862/6862 
f 6861/6861/6861 6860/6860/6860 6863/6863/6863 
f 6864/6864/6864 6865/6865/6865 6866/6866/6866 
f 6866/6866/6866 6867/6867/6867 6864/6864/6864 
f 6868/6868/6868 6869/6869/6869 6870/6870/6870 
f 6868/6868/6868 6870/6870/6870 6871/6871/6871 
f 6872/6872/6872 6873/6873/6873 6874/6874/6874 
f 6873/6873/6873 6872/6872/6872 6875/6875/6875 
f 6876/6876/6876 6877/6877/6877 6878/6878/6878 
f 6876/6876/6876 6878/6878/6878 6879/6879/6879 
f 6880/6880/6880 6881/6881/6881 6882/6882/6882 
f 6881/6881/6881 6880/6880/6880 6883/6883/6883 
f 6884/6884/6884 6885/6885/6885 6886/6886/6886 
f 6885/6885/6885 6884/6884/6884 6887/6887/6887 
f 6888/6888/6888 6889/6889/6889 6890/6890/6890 
f 6889/6889/6889 6888/6888/6888 6891/6891/6891 
f 6892/6892/6892 6893/6893/6893 6894/6894/6894 
f 6893/6893/6893 6892/6892/6892 6895/6895/6895 
f 6896/6896/6896 6897/6897/6897 6898/6898/6898 
f 6897/6897/6897 6896/6896/6896 6899/6899/6899 
f 6900/6900/6900 6898/6898/6898 6901/6901/6901 
f 6901/6901/6901 6902/6902/6902 6900/6900/6900 
f 6903/6903/6903 6904/6904/6904 6905/6905/6905 
f 6904/6904/6904 6903/6903/6903 6906/6906/6906 
f 6905/6905/6905 6907/6907/6907 6908/6908/6908 
f 6909/6909/6909 6910/6910/6910 6911/6911/6911 
f 6910/6910/6910 6909/6909/6909 6912/6912/6912 
f 6913/6913/6913 6914/6914/6914 6915/6915/6915 
f 6914/6914/6914 6913/6913/6913 6916/6916/6916 
f 6915/6915/6915 6917/6917/6917 6918/6918/6918 
f 6917/6917/6917 6915/6915/6915 6919/6919/6919 
f 6920/6920/6920 6919/6919/6919 6921/6921/6921 
f 6919/6919/6919 6920/6920/6920 6922/6922/6922 
f 6923/6923/6923 6924/6924/6924 6925/6925/6925 
f 6924/6924/6924 6923/6923/6923 6926/6926/6926 
f 6927/6927/6927 6928/6928/6928 6929/6929/6929 
f 6928/6928/6928 6927/6927/6927 6930/6930/6930 
f 6931/6931/6931 6932/6932/6932 6933/6933/6933 
f 6932/6932/6932 6931/6931/6931 6934/6934/6934 
f 6935/6935/6935 6933/6933/6933 6936/6936/6936 
f 6936/6936/6936 6937/6937/6937 6935/6935/6935 
f 6938/6938/6938 6939/6939/6939 6940/6940/6940 
f 6939/6939/6939 6938/6938/6938 6941/6941/6941 
f 6942/6942/6942 6943/6943/6943 6940/6940/6940 
f 6943/6943/6943 6942/6942/6942 6944/6944/6944 
f 6942/6942/6942 6945/6945/6945 6944/6944/6944 
f 6945/6945/6945 6942/6942/6942 6946/6946/6946 
f 6947/6947/6947 6948/6948/6948 6946/6946/6946 
f 6948/6948/6948 6947/6947/6947 6949/6949/6949 
f 6950/6950/6950 6951/6951/6951 6949/6949/6949 
f 6951/6951/6951 6950/6950/6950 6952/6952/6952 
f 6953/6953/6953 6954/6954/6954 6952/6952/6952 
f 6954/6954/6954 6953/6953/6953 6955/6955/6955 
f 6956/6956/6956 6957/6957/6957 6958/6958/6958 
f 6957/6957/6957 6956/6956/6956 6959/6959/6959 
f 6960/6960/6960 6959/6959/6959 6961/6961/6961 
f 6962/6962/6962 6963/6963/6963 6958/6958/6958 
f 6963/6963/6963 6962/6962/6962 6964/6964/6964 
f 6965/6965/6965 6966/6966/6966 6967/6967/6967 
f 6966/6966/6966 6965/6965/6965 6968/6968/6968 
f 6969/6969/6969 6967/6967/6967 6970/6970/6970 
f 6970/6970/6970 6971/6971/6971 6969/6969/6969 
f 6972/6972/6972 6973/6973/6973 6974/6974/6974 
f 6973/6973/6973 6972/6972/6972 6975/6975/6975 
f 6976/6976/6976 6977/6977/6977 6978/6978/6978 
f 6977/6977/6977 6976/6976/6976 6979/6979/6979 
f 6980/6980/6980 6981/6981/6981 6982/6982/6982 
f 6981/6981/6981 6980/6980/6980 6983/6983/6983 
f 6984/6984/6984 6982/6982/6982 6985/6985/6985 
f 6986/6986/6986 6987/6987/6987 6988/6988/6988 
f 6988/6988/6988 6987/6987/6987 6989/6989/6989 
f 6987/6987/6987 6986/6986/6986 6990/6990/6990 
f 6991/6991/6991 6992/6992/6992 6993/6993/6993 
f 6992/6992/6992 6991/6991/6991 6994/6994/6994 
f 6995/6995/6995 6996/6996/6996 6993/6993/6993 
f 6996/6996/6996 6995/6995/6995 6997/6997/6997 
f 6998/6998/6998 6999/6999/6999 7000/7000/7000 
f 6998/6998/6998 7000/7000/7000 7001/7001/7001 
f 7002/7002/7002 7003/7003/7003 7004/7004/7004 
f 7003/7003/7003 7002/7002/7002 7005/7005/7005 
f 7006/7006/7006 7007/7007/7007 7008/7008/7008 
f 7008/7008/7008 7007/7007/7007 7009/7009/7009 
f 7010/7010/7010 7011/7011/7011 7012/7012/7012 
f 7011/7011/7011 7013/7013/7013 7012/7012/7012 
f 7010/7010/7010 7014/7014/7014 7015/7015/7015 
f 7016/7016/7016 7017/7017/7017 7018/7018/7018 
f 7017/7017/7017 7016/7016/7016 7019/7019/7019 
f 7020/7020/7020 7021/7021/7021 7022/7022/7022 
f 7021/7021/7021 7020/7020/7020 7023/7023/7023 
f 7024/7024/7024 7025/7025/7025 7023/7023/7023 
f 7025/7025/7025 7024/7024/7024 7026/7026/7026 
f 7027/7027/7027 7028/7028/7028 7029/7029/7029 
f 7030/7030/7030 7029/7029/7029 7028/7028/7028 
f 7030/7030/7030 7031/7031/7031 7032/7032/7032 
f 7033/7033/7033 7034/7034/7034 7035/7035/7035 
f 7034/7034/7034 7033/7033/7033 7036/7036/7036 
f 7037/7037/7037 7038/7038/7038 7039/7039/7039 
f 7038/7038/7038 7037/7037/7037 7040/7040/7040 
f 7041/7041/7041 7042/7042/7042 7043/7043/7043 
f 7042/7042/7042 7041/7041/7041 7044/7044/7044 
f 7045/7045/7045 7046/7046/7046 7047/7047/7047 
f 7046/7046/7046 7045/7045/7045 7048/7048/7048 
f 7049/7049/7049 7050/7050/7050 7051/7051/7051 
f 7050/7050/7050 7049/7049/7049 7052/7052/7052 
f 7053/7053/7053 7054/7054/7054 7055/7055/7055 
f 7055/7055/7055 7054/7054/7054 7056/7056/7056 
f 7056/7056/7056 7057/7057/7057 7058/7058/7058 
f 7059/7059/7059 7060/7060/7060 7061/7061/7061 
f 7060/7060/7060 7062/7062/7062 7061/7061/7061 
f 7063/7063/7063 7064/7064/7064 7065/7065/7065 
f 7064/7064/7064 7063/7063/7063 7066/7066/7066 
f 7067/7067/7067 7068/7068/7068 7069/7069/7069 
f 7068/7068/7068 7067/7067/7067 7070/7070/7070 
f 7071/7071/7071 7072/7072/7072 7070/7070/7070 
f 7072/7072/7072 7071/7071/7071 7073/7073/7073 
f 7073/7073/7073 7074/7074/7074 7075/7075/7075 
f 7076/7076/7076 7077/7077/7077 7078/7078/7078 
f 7077/7077/7077 7076/7076/7076 7079/7079/7079 
f 7080/7080/7080 7079/7079/7079 7081/7081/7081 
f 7082/7082/7082 7083/7083/7083 7078/7078/7078 
f 7084/7084/7084 7083/7083/7083 7082/7082/7082 
f 7085/7085/7085 7086/7086/7086 7087/7087/7087 
f 7085/7085/7085 7087/7087/7087 7088/7088/7088 
f 7089/7089/7089 7090/7090/7090 7088/7088/7088 
f 7090/7090/7090 7089/7089/7089 7091/7091/7091 
f 7092/7092/7092 7093/7093/7093 7094/7094/7094 
f 7093/7093/7093 7092/7092/7092 7095/7095/7095 
f 7096/7096/7096 7097/7097/7097 7098/7098/7098 
f 7098/7098/7098 7099/7099/7099 7096/7096/7096 
f 7100/7100/7100 7101/7101/7101 7097/7097/7097 
f 7101/7101/7101 7100/7100/7100 7102/7102/7102 
f 7103/7103/7103 7102/7102/7102 7104/7104/7104 
f 7105/7105/7105 7106/7106/7106 7107/7107/7107 
f 7106/7106/7106 7105/7105/7105 7108/7108/7108 
f 7109/7109/7109 7110/7110/7110 7107/7107/7107 
f 7110/7110/7110 7109/7109/7109 7111/7111/7111 
f 7112/7112/7112 7113/7113/7113 7114/7114/7114 
f 7113/7113/7113 7112/7112/7112 7115/7115/7115 
f 7115/7115/7115 7116/7116/7116 7117/7117/7117 
f 7117/7117/7117 7116/7116/7116 7118/7118/7118 
f 7118/7118/7118 7119/7119/7119 7120/7120/7120 
f 7121/7121/7121 7122/7122/7122 7123/7123/7123 
f 7124/7124/7124 7123/7123/7123 7122/7122/7122 
f 7125/7125/7125 7126/7126/7126 7127/7127/7127 
f 7126/7126/7126 7125/7125/7125 7128/7128/7128 
f 7129/7129/7129 7130/7130/7130 7131/7131/7131 
f 7130/7130/7130 7129/7129/7129 7132/7132/7132 
f 7132/7132/7132 7133/7133/7133 7134/7134/7134 
f 7134/7134/7134 7133/7133/7133 7135/7135/7135 
f 7136/7136/7136 7137/7137/7137 7138/7138/7138 
f 7137/7137/7137 7136/7136/7136 7139/7139/7139 
f 7140/7140/7140 7141/7141/7141 7142/7142/7142 
f 7141/7141/7141 7140/7140/7140 7143/7143/7143 
f 7144/7144/7144 7145/7145/7145 7146/7146/7146 
f 7145/7145/7145 7144/7144/7144 7147/7147/7147 
f 7148/7148/7148 7149/7149/7149 7150/7150/7150 
f 7149/7149/7149 7148/7148/7148 7151/7151/7151 
f 7152/7152/7152 7151/7151/7151 7153/7153/7153 
f 7154/7154/7154 7155/7155/7155 7153/7153/7153 
f 7156/7156/7156 7155/7155/7155 7154/7154/7154 
f 7157/7157/7157 7158/7158/7158 7159/7159/7159 
f 7159/7159/7159 7160/7160/7160 7157/7157/7157 
f 7161/7161/7161 7162/7162/7162 7158/7158/7158 
f 7162/7162/7162 7161/7161/7161 7163/7163/7163 
f 7164/7164/7164 7165/7165/7165 7166/7166/7166 
f 7165/7165/7165 7164/7164/7164 7167/7167/7167 
f 7168/7168/7168 7169/7169/7169 7170/7170/7170 
f 7169/7169/7169 7168/7168/7168 7171/7171/7171 
f 7172/7172/7172 7170/7170/7170 7173/7173/7173 
f 7174/7174/7174 7172/7172/7172 7173/7173/7173 
f 7175/7175/7175 7176/7176/7176 7177/7177/7177 
f 7176/7176/7176 7175/7175/7175 7178/7178/7178 
f 7179/7179/7179 7180/7180/7180 7181/7181/7181 
f 7180/7180/7180 7179/7179/7179 7182/7182/7182 
f 7183/7183/7183 7184/7184/7184 7185/7185/7185 
f 7184/7184/7184 7183/7183/7183 7186/7186/7186 
f 7187/7187/7187 7188/7188/7188 7189/7189/7189 
f 7188/7188/7188 7187/7187/7187 7190/7190/7190 
f 7191/7191/7191 7192/7192/7192 7193/7193/7193 
f 7192/7192/7192 7191/7191/7191 7194/7194/7194 
f 7195/7195/7195 7196/7196/7196 7197/7197/7197 
f 7196/7196/7196 7195/7195/7195 7198/7198/7198 
f 7199/7199/7199 7197/7197/7197 7200/7200/7200 
f 7201/7201/7201 7202/7202/7202 7203/7203/7203 
f 7202/7202/7202 7201/7201/7201 7204/7204/7204 
f 7205/7205/7205 7206/7206/7206 7207/7207/7207 
f 7206/7206/7206 7205/7205/7205 7208/7208/7208 
f 7209/7209/7209 7210/7210/7210 7211/7211/7211 
f 7210/7210/7210 7209/7209/7209 7212/7212/7212 
f 7213/7213/7213 7214/7214/7214 7215/7215/7215 
f 7215/7215/7215 7214/7214/7214 7216/7216/7216 
f 7217/7217/7217 7218/7218/7218 7216/7216/7216 
f 7218/7218/7218 7217/7217/7217 7219/7219/7219 
f 7220/7220/7220 7221/7221/7221 7222/7222/7222 
f 7221/7221/7221 7220/7220/7220 7223/7223/7223 
f 7223/7223/7223 7224/7224/7224 7225/7225/7225 
f 7226/7226/7226 7227/7227/7227 7228/7228/7228 
f 7226/7226/7226 7228/7228/7228 7229/7229/7229 
f 7230/7230/7230 7231/7231/7231 7232/7232/7232 
f 7230/7230/7230 7232/7232/7232 7233/7233/7233 
f 7234/7234/7234 7235/7235/7235 7236/7236/7236 
f 7235/7235/7235 7237/7237/7237 7236/7236/7236 
f 7238/7238/7238 7239/7239/7239 7234/7234/7234 
f 7239/7239/7239 7238/7238/7238 7240/7240/7240 
f 7241/7241/7241 7242/7242/7242 7243/7243/7243 
f 7242/7242/7242 7241/7241/7241 7244/7244/7244 
f 7245/7245/7245 7246/7246/7246 7244/7244/7244 
f 7246/7246/7246 7245/7245/7245 7247/7247/7247 
f 7247/7247/7247 7248/7248/7248 7249/7249/7249 
f 7250/7250/7250 7251/7251/7251 7252/7252/7252 
f 7253/7253/7253 7254/7254/7254 7255/7255/7255 
f 7256/7256/7256 7257/7257/7257 7258/7258/7258 
f 7259/7259/7259 7260/7260/7260 7261/7261/7261 
f 7260/7260/7260 7259/7259/7259 7262/7262/7262 
f 7263/7263/7263 7264/7264/7264 7265/7265/7265 
f 7264/7264/7264 7263/7263/7263 7266/7266/7266 
f 7267/7267/7267 7268/7268/7268 7266/7266/7266 
f 7267/7267/7267 7269/7269/7269 7268/7268/7268 
f 7268/7268/7268 7269/7269/7269 7270/7270/7270 
f 7271/7271/7271 7272/7272/7272 7273/7273/7273 
f 7272/7272/7272 7271/7271/7271 7274/7274/7274 
f 7275/7275/7275 7274/7274/7274 7276/7276/7276 
f 7277/7277/7277 7278/7278/7278 7279/7279/7279 
f 7278/7278/7278 7277/7277/7277 7280/7280/7280 
f 7281/7281/7281 7282/7282/7282 7283/7283/7283 
f 7282/7282/7282 7281/7281/7281 7284/7284/7284 
f 7285/7285/7285 7286/7286/7286 7284/7284/7284 
f 7286/7286/7286 7285/7285/7285 7287/7287/7287 
f 7288/7288/7288 7289/7289/7289 7290/7290/7290 
f 7289/7289/7289 7288/7288/7288 7291/7291/7291 
f 7292/7292/7292 7293/7293/7293 7294/7294/7294 
f 7293/7293/7293 7292/7292/7292 7295/7295/7295 
f 7296/7296/7296 7297/7297/7297 7298/7298/7298 
f 7297/7297/7297 7296/7296/7296 7299/7299/7299 
f 7300/7300/7300 7301/7301/7301 7302/7302/7302 
f 7303/7303/7303 7302/7302/7302 7301/7301/7301 
f 7304/7304/7304 7305/7305/7305 7303/7303/7303 
f 7305/7305/7305 7304/7304/7304 7306/7306/7306 
f 7307/7307/7307 7306/7306/7306 7308/7308/7308 
f 7309/7309/7309 7310/7310/7310 7311/7311/7311 
f 7310/7310/7310 7312/7312/7312 7311/7311/7311 
f 7313/7313/7313 7314/7314/7314 7315/7315/7315 
f 7314/7314/7314 7313/7313/7313 7316/7316/7316 
f 7317/7317/7317 7318/7318/7318 7319/7319/7319 
f 7318/7318/7318 7317/7317/7317 7320/7320/7320 
f 7321/7321/7321 7322/7322/7322 7323/7323/7323 
f 7322/7322/7322 7321/7321/7321 7324/7324/7324 
f 7325/7325/7325 7326/7326/7326 7327/7327/7327 
f 7326/7326/7326 7328/7328/7328 7327/7327/7327 
f 7329/7329/7329 7330/7330/7330 7331/7331/7331 
f 7330/7330/7330 7332/7332/7332 7331/7331/7331 
f 7329/7329/7329 7333/7333/7333 7334/7334/7334 
f 7335/7335/7335 7336/7336/7336 7337/7337/7337 
f 7336/7336/7336 7338/7338/7338 7337/7337/7337 
f 7339/7339/7339 7340/7340/7340 7341/7341/7341 
f 7340/7340/7340 7342/7342/7342 7341/7341/7341 
f 7343/7343/7343 7344/7344/7344 7345/7345/7345 
f 7344/7344/7344 7343/7343/7343 7346/7346/7346 
f 7347/7347/7347 7348/7348/7348 7349/7349/7349 
f 7348/7348/7348 7347/7347/7347 7350/7350/7350 
f 7351/7351/7351 7352/7352/7352 7353/7353/7353 
f 7352/7352/7352 7351/7351/7351 7354/7354/7354 
f 7355/7355/7355 7356/7356/7356 7357/7357/7357 
f 7356/7356/7356 7355/7355/7355 7358/7358/7358 
f 7359/7359/7359 7360/7360/7360 7361/7361/7361 
f 7359/7359/7359 7361/7361/7361 7362/7362/7362 
f 7363/7363/7363 7364/7364/7364 7365/7365/7365 
f 7364/7364/7364 7363/7363/7363 7366/7366/7366 
f 7366/7366/7366 7367/7367/7367 7368/7368/7368 
f 7369/7369/7369 7370/7370/7370 7371/7371/7371 
f 7370/7370/7370 7369/7369/7369 7372/7372/7372 
f 7373/7373/7373 7374/7374/7374 7375/7375/7375 
f 7374/7374/7374 7376/7376/7376 7375/7375/7375 
f 7377/7377/7377 7378/7378/7378 7379/7379/7379 
f 7378/7378/7378 7380/7380/7380 7379/7379/7379 
f 7380/7380/7380 7378/7378/7378 7381/7381/7381 
f 7382/7382/7382 7383/7383/7383 7384/7384/7384 
f 7385/7385/7385 7386/7386/7386 7387/7387/7387 
f 7386/7386/7386 7385/7385/7385 7388/7388/7388 
f 7389/7389/7389 7390/7390/7390 7391/7391/7391 
f 7389/7389/7389 7391/7391/7391 7392/7392/7392 
f 7393/7393/7393 7394/7394/7394 7392/7392/7392 
f 7394/7394/7394 7393/7393/7393 7395/7395/7395 
f 7396/7396/7396 7397/7397/7397 7395/7395/7395 
f 7397/7397/7397 7396/7396/7396 7398/7398/7398 
f 7399/7399/7399 7400/7400/7400 7401/7401/7401 
f 7400/7400/7400 7399/7399/7399 7402/7402/7402 
f 7403/7403/7403 7404/7404/7404 7405/7405/7405 
f 7404/7404/7404 7403/7403/7403 7406/7406/7406 
f 7407/7407/7407 7408/7408/7408 7404/7404/7404 
f 7408/7408/7408 7407/7407/7407 7409/7409/7409 
f 7410/7410/7410 7411/7411/7411 7412/7412/7412 
f 7411/7411/7411 7410/7410/7410 7413/7413/7413 
f 7414/7414/7414 7415/7415/7415 7416/7416/7416 
f 7415/7415/7415 7414/7414/7414 7417/7417/7417 
f 7418/7418/7418 7419/7419/7419 7416/7416/7416 
f 7419/7419/7419 7418/7418/7418 7420/7420/7420 
f 7421/7421/7421 7422/7422/7422 7423/7423/7423 
f 7422/7422/7422 7421/7421/7421 7424/7424/7424 
f 7425/7425/7425 7426/7426/7426 7427/7427/7427 
f 7427/7427/7427 7426/7426/7426 7428/7428/7428 
f 7429/7429/7429 7430/7430/7430 7431/7431/7431 
f 7429/7429/7429 7431/7431/7431 7432/7432/7432 
f 7433/7433/7433 7434/7434/7434 7435/7435/7435 
f 7434/7434/7434 7433/7433/7433 7436/7436/7436 
f 7437/7437/7437 7436/7436/7436 7438/7438/7438 
f 7439/7439/7439 7440/7440/7440 7441/7441/7441 
f 7440/7440/7440 7439/7439/7439 7442/7442/7442 
f 7443/7443/7443 7444/7444/7444 7445/7445/7445 
f 7444/7444/7444 7443/7443/7443 7446/7446/7446 
f 7447/7447/7447 7448/7448/7448 7449/7449/7449 
f 7448/7448/7448 7447/7447/7447 7450/7450/7450 
f 7451/7451/7451 7452/7452/7452 7453/7453/7453 
f 7452/7452/7452 7451/7451/7451 7454/7454/7454 
f 7454/7454/7454 7455/7455/7455 7456/7456/7456 
f 7457/7457/7457 7458/7458/7458 7459/7459/7459 
f 7458/7458/7458 7457/7457/7457 7460/7460/7460 
f 7461/7461/7461 7462/7462/7462 7463/7463/7463 
f 7462/7462/7462 7461/7461/7461 7464/7464/7464 
f 7465/7465/7465 7466/7466/7466 7467/7467/7467 
f 7465/7465/7465 7467/7467/7467 7468/7468/7468 
f 7469/7469/7469 7470/7470/7470 7471/7471/7471 
f 7470/7470/7470 7469/7469/7469 7472/7472/7472 
f 7473/7473/7473 7474/7474/7474 7475/7475/7475 
f 7474/7474/7474 7473/7473/7473 7476/7476/7476 
f 7477/7477/7477 7478/7478/7478 7479/7479/7479 
f 7478/7478/7478 7477/7477/7477 7480/7480/7480 
f 7481/7481/7481 7482/7482/7482 7480/7480/7480 
f 7482/7482/7482 7481/7481/7481 7483/7483/7483 
f 7484/7484/7484 7485/7485/7485 7486/7486/7486 
f 7487/7487/7487 7486/7486/7486 7485/7485/7485 
f 7487/7487/7487 7488/7488/7488 7489/7489/7489 
f 7490/7490/7490 7491/7491/7491 7492/7492/7492 
f 7491/7491/7491 7490/7490/7490 7493/7493/7493 
f 7494/7494/7494 7495/7495/7495 7491/7491/7491 
f 7495/7495/7495 7494/7494/7494 7496/7496/7496 
f 7497/7497/7497 7498/7498/7498 7499/7499/7499 
f 7500/7500/7500 7499/7499/7499 7498/7498/7498 
f 7501/7501/7501 7502/7502/7502 7503/7503/7503 
f 7502/7502/7502 7501/7501/7501 7504/7504/7504 
f 7505/7505/7505 7506/7506/7506 7507/7507/7507 
f 7508/7508/7508 7509/7509/7509 7510/7510/7510 
f 7509/7509/7509 7508/7508/7508 7511/7511/7511 
f 7512/7512/7512 7513/7513/7513 7514/7514/7514 
f 7513/7513/7513 7512/7512/7512 7515/7515/7515 
f 7516/7516/7516 7517/7517/7517 7518/7518/7518 
f 7517/7517/7517 7516/7516/7516 7519/7519/7519 
f 7520/7520/7520 7521/7521/7521 7522/7522/7522 
f 7521/7521/7521 7520/7520/7520 7523/7523/7523 
f 7524/7524/7524 7525/7525/7525 7526/7526/7526 
f 7525/7525/7525 7524/7524/7524 7527/7527/7527 
f 7528/7528/7528 7529/7529/7529 7530/7530/7530 
f 7530/7530/7530 7529/7529/7529 7531/7531/7531 
f 7532/7532/7532 7533/7533/7533 7534/7534/7534 
f 7535/7535/7535 7534/7534/7534 7533/7533/7533 
f 7535/7535/7535 7536/7536/7536 7537/7537/7537 

