# This file is brought to you by Roblox Corporation
# Generated by Roblox Studio

mtllib Hazmat person.mtl

g Handle1

v -31.5945 4.22297 -32.4779 
v -31.5941 4.23162 -32.481 
v -31.5931 4.22644 -32.4805 
v -31.6003 4.23062 -32.485 
v -30.5728 4.23162 -32.481 
v -30.5725 4.22297 -32.4779 
v -30.5739 4.22644 -32.4805 
v -30.5666 4.23062 -32.485 
v -31.5768 4.29964 -32.496 
v -31.5788 4.30544 -32.4947 
v -31.5795 4.30367 -32.4971 
v -31.5851 4.29999 -32.4976 
v -31.5842 4.30693 -32.4993 
v -31.5815 4.29956 -32.4976 
v -30.5818 4.29999 -32.4976 
v -30.5882 4.30544 -32.4947 
v -30.5874 4.30367 -32.4971 
v -30.5901 4.29964 -32.496 
v -30.5827 4.30693 -32.4993 
v -30.5855 4.29956 -32.4976 
v -31.6132 4.13468 -32.4725 
v -31.6035 4.13297 -32.4683 
v -31.6062 4.1319 -32.4681 
v -31.6106 4.13786 -32.4726 
v -30.5564 4.13786 -32.4726 
v -30.5608 4.1319 -32.4681 
v -30.5635 4.13297 -32.4683 
v -30.5538 4.13468 -32.4725 
v -31.0835 4.5586 -32.8312 
v -31.2633 4.54393 -32.773 
v -31.0835 4.55963 -32.8294 
v -30.9037 4.54393 -32.773 
v -31.264 4.54247 -32.7739 
v -31.4078 4.52217 -32.7027 
v -30.9029 4.54247 -32.7739 
v -30.7592 4.52217 -32.7027 
v -31.0835 4.53561 -32.8452 
v -31.4087 4.5203 -32.7042 
v -30.7583 4.5203 -32.7042 
v -31.2644 4.52036 -32.7877 
v -30.9025 4.52036 -32.7877 
v -31.0835 4.51207 -32.8398 
v -30.6426 4.4796 -32.5472 
v -30.6443 4.48224 -32.5459 
v -30.6134 4.47383 -32.5027 
v -30.6152 4.47674 -32.5016 
v -30.6054 4.45343 -32.5057 
v -30.635 4.45708 -32.5514 
v -30.6014 4.43127 -32.5089 
v -30.756 4.49982 -32.7187 
v -30.9024 4.49784 -32.7834 
v -30.755 4.47757 -32.7157 
v -30.6318 4.43259 -32.5552 
v -30.5928 4.39751 -32.512 
v -30.9019 4.46819 -32.7965 
v -30.7529 4.44716 -32.7229 
v -30.6243 4.39588 -32.5599 
v -30.6125 4.36415 -32.5625 
v -30.5863 4.35786 -32.5086 
v -30.7503 4.39441 -32.7243 
v -30.9017 4.41097 -32.8094 
v -31.0835 4.54213 -32.8117 
v -31.2541 4.5264 -32.7566 
v -31.2541 4.52734 -32.7554 
v -31.3928 4.5065 -32.6871 
v -30.9129 4.5264 -32.7566 
v -30.9129 4.52733 -32.7554 
v -30.7741 4.5065 -32.6871 
v -30.7737 4.5062 -32.6871 
v -30.6623 4.46567 -32.5349 
v -30.6625 4.46578 -32.5348 
v -31.5047 4.46567 -32.5349 
v -31.3932 4.5062 -32.6871 
v -31.5045 4.46578 -32.5348 
v -31.2629 3.83995 -32.6568 
v -31.0835 3.83181 -32.7115 
v -31.2619 3.83724 -32.6536 
v -31.0835 3.83463 -32.7155 
v -31.4386 3.88265 -32.5998 
v -31.4382 3.87991 -32.5963 
v -30.9041 3.83995 -32.6568 
v -30.905 3.83724 -32.6536 
v -31.0835 3.8796 -32.7417 
v -31.2634 3.88453 -32.6816 
v -31.609 3.98021 -32.5027 
v -31.6075 3.97667 -32.4995 
v -31.6228 4.01014 -32.4506 
v -31.6214 4.00633 -32.4478 
v -31.4374 3.92436 -32.6226 
v -31.6072 4.01644 -32.5155 
v -31.624 4.04562 -32.4636 
v -31.5952 4.1078 -32.5255 
v -31.6132 4.13468 -32.4725 
v -31.4344 3.97565 -32.6462 
v -31.2635 3.93062 -32.7065 
v -31.5938 4.11499 -32.5238 
v -31.6106 4.13786 -32.4726 
v -31.4312 4.00566 -32.6566 
v -31.6061 4.13779 -32.4716 
v -31.2629 3.9641 -32.7235 
v -31.5832 4.11787 -32.5204 
v -31.617 4.14495 -32.4796 
v -31.4347 4.02371 -32.6586 
v -31.2596 3.97743 -32.7308 
v -31.0835 3.94746 -32.7834 
v -31.5976 4.1217 -32.5304 
v -31.4299 4.04571 -32.6754 
v -31.0835 3.96492 -32.787 
v -31.263 3.99096 -32.7411 
v -31.5953 4.1421 -32.5363 
v -31.6154 4.16224 -32.4827 
v -31.4301 4.06776 -32.6837 
v -31.2646 4.02688 -32.7543 
v -31.5827 4.18619 -32.5363 
v -31.6036 4.20298 -32.4837 
v -31.4286 4.10516 -32.6889 
v -31.2645 4.06266 -32.7605 
v -31.4096 4.21462 -32.682 
v -31.4089 4.21212 -32.6813 
v -31.5509 4.25593 -32.5336 
v -31.2532 4.20714 -32.7759 
v -30.6161 4.25593 -32.5336 
v -30.7581 4.21212 -32.6813 
v -30.7573 4.21462 -32.682 
v -30.9138 4.20714 -32.7759 
v -31.5787 4.31158 -32.4962 
v -31.5677 4.32172 -32.4951 
v -31.5818 4.31996 -32.5011 
v -31.5685 4.32171 -32.4918 
v -31.5774 4.33283 -32.5025 
v -31.5628 4.32949 -32.496 
v -31.5711 4.35531 -32.5039 
v -31.557 4.35151 -32.4969 
v -31.5517 4.38987 -32.4987 
v -31.5651 4.39444 -32.5067 
v -31.5436 4.42324 -32.4948 
v -31.5567 4.42805 -32.5032 
v -31.5399 4.44435 -32.492 
v -31.5528 4.44978 -32.5002 
v -31.5335 4.46056 -32.4904 
v -31.5455 4.4685 -32.4978 
v -31.5442 4.47033 -32.497 
v -31.5329 4.46076 -32.4903 
v -30.6228 4.47033 -32.497 
v -30.6335 4.46056 -32.4904 
v -30.6215 4.4685 -32.4978 
v -30.634 4.46076 -32.4903 
v -30.6141 4.44978 -32.5002 
v -30.6271 4.44435 -32.492 
v -30.6102 4.42805 -32.5032 
v -30.6233 4.42324 -32.4948 
v -30.6018 4.39444 -32.5067 
v -30.6153 4.38987 -32.4987 
v -30.5958 4.35531 -32.5039 
v -30.61 4.35151 -32.4969 
v -30.6041 4.32948 -32.496 
v -30.5896 4.33283 -32.5025 
v -30.5993 4.32172 -32.4951 
v -30.5852 4.31996 -32.5011 
v -30.5882 4.31158 -32.4962 
v -30.5984 4.32171 -32.4918 
v -31.5774 4.33283 -32.5025 
v -31.5807 4.35786 -32.5086 
v -31.5872 4.33507 -32.5068 
v -31.5711 4.35531 -32.5039 
v -31.5818 4.31996 -32.5011 
v -31.5651 4.39444 -32.5067 
v -31.5913 4.31877 -32.5052 
v -31.5787 4.31158 -32.4962 
v -31.5856 4.30478 -32.4991 
v -31.5741 4.39751 -32.512 
v -31.5567 4.42805 -32.5032 
v -31.5655 4.43127 -32.5089 
v -31.5528 4.44978 -32.5002 
v -31.5615 4.45343 -32.5057 
v -31.5455 4.4685 -32.4978 
v -31.5535 4.47383 -32.5027 
v -31.5442 4.47033 -32.497 
v -31.5517 4.47674 -32.5016 
v -30.5798 4.33507 -32.5068 
v -30.5863 4.35786 -32.5086 
v -30.5896 4.33283 -32.5025 
v -30.5958 4.35531 -32.5039 
v -30.5852 4.31996 -32.5011 
v -30.6018 4.39444 -32.5067 
v -30.5757 4.31877 -32.5052 
v -30.5882 4.31158 -32.4962 
v -30.5814 4.30478 -32.4991 
v -30.5928 4.39751 -32.512 
v -30.6102 4.42805 -32.5032 
v -30.6014 4.43127 -32.5089 
v -30.6141 4.44978 -32.5002 
v -30.6054 4.45343 -32.5057 
v -30.6215 4.4685 -32.4978 
v -30.6134 4.47383 -32.5027 
v -30.6228 4.47033 -32.497 
v -30.6152 4.47674 -32.5016 
v -31.0835 3.85114 -32.696 
v -31.2524 3.8561 -32.6395 
v -31.2525 3.85673 -32.6399 
v -31.4226 3.89591 -32.5851 
v -31.4226 3.89661 -32.5857 
v -31.5832 3.98762 -32.4955 
v -31.5838 3.9873 -32.4949 
v -30.9145 3.8561 -32.6395 
v -30.9145 3.85673 -32.6399 
v -30.7444 3.89591 -32.5851 
v -30.7444 3.89661 -32.5857 
v -30.5838 3.98762 -32.4955 
v -30.5832 3.9873 -32.4949 
v -31.576 4.1035 -32.5085 
v -31.5712 4.10655 -32.5123 
v -31.4182 3.98191 -32.6271 
v -31.5889 4.13043 -32.4621 
v -31.5996 4.12303 -32.4614 
v -30.7487 3.98191 -32.6271 
v -30.5957 4.10655 -32.5123 
v -30.591 4.1035 -32.5085 
v -30.578 4.13043 -32.4621 
v -30.5673 4.12303 -32.4614 
v -31.5782 4.21102 -32.5416 
v -31.6003 4.23062 -32.485 
v -31.4262 4.1658 -32.6948 
v -31.5809 4.21555 -32.5365 
v -31.5941 4.23162 -32.481 
v -31.5758 4.21355 -32.5382 
v -31.4261 4.17899 -32.6955 
v -31.2644 4.11239 -32.77 
v -31.2645 4.14601 -32.7769 
v -31.0835 4.10358 -32.8298 
v -31.0835 4.13744 -32.8322 
v -31.0835 4.05063 -32.8294 
v -31.0835 4.01241 -32.8219 
v -31.0835 3.9818 -32.8098 
v -30.904 3.99096 -32.7411 
v -30.9023 4.02688 -32.7543 
v -30.9024 4.06266 -32.7605 
v -30.9025 4.11239 -32.77 
v -30.7369 4.06776 -32.6837 
v -30.7371 4.04571 -32.6754 
v -30.9074 3.97743 -32.7308 
v -30.7384 4.10516 -32.6889 
v -30.904 3.9641 -32.7235 
v -30.7322 4.02371 -32.6586 
v -30.5694 4.1217 -32.5304 
v -30.5716 4.1421 -32.5363 
v -30.7358 4.00566 -32.6566 
v -30.55 4.14495 -32.4796 
v -30.5516 4.16224 -32.4827 
v -30.5838 4.11787 -32.5204 
v -30.5609 4.13779 -32.4716 
v -30.5732 4.11499 -32.5238 
v -30.5564 4.13786 -32.4726 
v -30.5538 4.13468 -32.4725 
v -30.5842 4.18619 -32.5363 
v -30.5634 4.20298 -32.4837 
v -30.5718 4.1078 -32.5255 
v -30.5429 4.04562 -32.4636 
v -30.7326 3.97565 -32.6462 
v -30.5598 4.01644 -32.5155 
v -30.5441 4.01014 -32.4506 
v -30.9034 3.93062 -32.7065 
v -30.7295 3.92436 -32.6226 
v -30.558 3.98021 -32.5027 
v -30.5594 3.97667 -32.4995 
v -30.5455 4.00633 -32.4478 
v -30.7287 3.87991 -32.5963 
v -30.7283 3.88265 -32.5998 
v -30.9036 3.88453 -32.6816 
v -31.0835 3.92387 -32.77 
v -31.6062 4.1319 -32.4681 
v -31.5983 4.13713 -32.468 
v -31.6029 4.13752 -32.4702 
v -31.5996 4.12303 -32.4614 
v -31.6083 4.1496 -32.4784 
v -31.5954 4.15653 -32.4765 
v -31.6052 4.16191 -32.4785 
v -31.5899 4.16142 -32.4723 
v -31.5935 4.20212 -32.4791 
v -31.5786 4.20085 -32.4724 
v -31.5822 4.22021 -32.4738 
v -31.5931 4.22644 -32.4805 
v -30.5884 4.20085 -32.4724 
v -30.5734 4.20212 -32.4791 
v -30.5847 4.22021 -32.4738 
v -30.5739 4.22644 -32.4805 
v -30.577 4.16142 -32.4723 
v -30.5618 4.16191 -32.4785 
v -30.5716 4.15653 -32.4765 
v -30.5587 4.1496 -32.4784 
v -30.5687 4.13713 -32.468 
v -30.564 4.13752 -32.4702 
v -30.5608 4.1319 -32.4681 
v -30.5673 4.12303 -32.4614 
v -31.5935 4.20212 -32.4791 
v -31.5931 4.22644 -32.4805 
v -31.6036 4.20298 -32.4837 
v -31.6003 4.23062 -32.485 
v -31.6052 4.16191 -32.4785 
v -31.6154 4.16224 -32.4827 
v -31.6083 4.1496 -32.4784 
v -31.617 4.14495 -32.4796 
v -31.6061 4.13779 -32.4716 
v -31.6029 4.13752 -32.4702 
v -31.6062 4.1319 -32.4681 
v -31.6106 4.13786 -32.4726 
v -30.5634 4.20298 -32.4837 
v -30.5739 4.22644 -32.4805 
v -30.5734 4.20212 -32.4791 
v -30.5666 4.23062 -32.485 
v -30.5618 4.16191 -32.4785 
v -30.5516 4.16224 -32.4827 
v -30.5587 4.1496 -32.4784 
v -30.55 4.14495 -32.4796 
v -30.5609 4.13779 -32.4716 
v -30.564 4.13752 -32.4702 
v -30.5608 4.1319 -32.4681 
v -30.5564 4.13786 -32.4726 
v -31.5548 4.20819 -32.5269 
v -31.409 4.18141 -32.6756 
v -31.5751 4.1934 -32.5248 
v -31.5822 4.22021 -32.4738 
v -31.5949 4.21008 -32.4732 
v -30.758 4.18141 -32.6756 
v -30.6122 4.20819 -32.5269 
v -30.5919 4.1934 -32.5248 
v -30.5847 4.22021 -32.4738 
v -30.572 4.21008 -32.4732 
v -31.5945 4.22297 -32.4779 
v -31.5904 4.23072 -32.4777 
v -31.5941 4.23162 -32.481 
v -31.5886 4.22971 -32.4768 
v -31.5889 4.2406 -32.4874 
v -31.5982 4.23712 -32.4894 
v -30.5784 4.22971 -32.4768 
v -30.5725 4.22297 -32.4779 
v -30.5766 4.23072 -32.4777 
v -30.5728 4.23162 -32.481 
v -30.578 4.2406 -32.4874 
v -30.5687 4.23712 -32.4894 
v -31.0835 4.48182 -32.8526 
v -31.0835 4.42039 -32.8689 
v -30.9015 4.35146 -32.8139 
v -30.7471 4.34416 -32.7277 
v -30.6057 4.33932 -32.5619 
v -30.5798 4.33507 -32.5068 
v -30.7468 4.33873 -32.728 
v -30.6006 4.3226 -32.5617 
v -30.5757 4.31877 -32.5052 
v -30.6051 4.3081 -32.5545 
v -30.5814 4.30478 -32.4991 
v -30.6144 4.30386 -32.5497 
v -30.5901 4.29964 -32.496 
v -30.7491 4.30747 -32.7195 
v -30.7469 4.3342 -32.7273 
v -30.6127 4.30816 -32.5462 
v -30.5882 4.30544 -32.4947 
v -30.5827 4.30693 -32.4993 
v -30.6114 4.30932 -32.5484 
v -30.5727 4.29439 -32.4993 
v -30.5989 4.28707 -32.5502 
v -30.5691 4.27334 -32.4946 
v -30.7454 4.2921 -32.714 
v -30.7469 4.30052 -32.7178 
v -30.5921 4.25768 -32.5473 
v -30.5687 4.23712 -32.4894 
v -30.7438 4.26527 -32.7081 
v -30.9018 4.29302 -32.8003 
v -30.9019 4.30226 -32.7977 
v -30.9035 4.32734 -32.8036 
v -30.9017 4.34517 -32.8132 
v -31.0835 4.33328 -32.8642 
v -30.9015 4.34841 -32.8142 
v -31.0835 4.3512 -32.8736 
v -31.0835 4.35474 -32.8748 
v -31.0835 4.35803 -32.8742 
v -31.2635 4.32734 -32.8036 
v -31.2653 4.34517 -32.8132 
v -31.2654 4.34841 -32.8142 
v -31.2655 4.35146 -32.8139 
v -31.4178 4.30747 -32.7195 
v -31.265 4.30226 -32.7977 
v -31.0835 4.30321 -32.8595 
v -31.4201 4.3342 -32.7273 
v -31.4202 4.33873 -32.728 
v -31.2652 4.29302 -32.8003 
v -31.0835 4.29507 -32.8621 
v -30.9015 4.25202 -32.8028 
v -30.7409 4.20995 -32.7012 
v -31.0835 4.24761 -32.8665 
v -30.5853 4.21929 -32.5495 
v -30.9015 4.20215 -32.7982 
v -30.7408 4.2061 -32.7006 
v -30.5911 4.21355 -32.5382 
v -30.5766 4.23072 -32.4777 
v -30.7408 4.20268 -32.6998 
v -30.9016 4.19654 -32.7964 
v -30.7409 4.17899 -32.6955 
v -31.0835 4.19413 -32.8559 
v -30.9018 4.19051 -32.7941 
v -30.5728 4.23162 -32.481 
v -30.5861 4.21555 -32.5365 
v -30.5666 4.23062 -32.485 
v -30.5888 4.21102 -32.5416 
v -30.7408 4.1658 -32.6948 
v -30.9025 4.14601 -32.7769 
v -31.0835 4.18255 -32.8512 
v -31.0835 4.18867 -32.8539 
v -31.2651 4.19051 -32.7941 
v -31.4261 4.20268 -32.6998 
v -31.2654 4.19654 -32.7964 
v -31.2654 4.20215 -32.7982 
v -31.4261 4.2061 -32.7006 
v -31.5817 4.21929 -32.5495 
v -31.5982 4.23712 -32.4894 
v -31.5904 4.23072 -32.4777 
v -31.426 4.20995 -32.7012 
v -31.5748 4.25768 -32.5473 
v -31.5979 4.27334 -32.4946 
v -31.2655 4.25202 -32.8028 
v -31.4232 4.26527 -32.7081 
v -31.568 4.28707 -32.5502 
v -31.5943 4.29439 -32.4993 
v -31.5556 4.30932 -32.5484 
v -31.5842 4.30693 -32.4993 
v -31.5543 4.30816 -32.5462 
v -31.5788 4.30544 -32.4947 
v -31.5768 4.29964 -32.496 
v -31.4215 4.2921 -32.714 
v -31.42 4.30052 -32.7178 
v -31.5525 4.30386 -32.5497 
v -31.5856 4.30478 -32.4991 
v -31.5619 4.3081 -32.5545 
v -31.5913 4.31877 -32.5052 
v -31.5663 4.3226 -32.5617 
v -31.5872 4.33507 -32.5068 
v -31.5613 4.33932 -32.5619 
v -31.5807 4.35786 -32.5086 
v -31.4199 4.34416 -32.7277 
v -31.5545 4.36415 -32.5625 
v -31.5741 4.39751 -32.512 
v -31.4167 4.39441 -32.7243 
v -31.5427 4.39588 -32.5599 
v -31.5352 4.43259 -32.5552 
v -31.5655 4.43127 -32.5089 
v -31.4141 4.44716 -32.7229 
v -31.2652 4.41097 -32.8094 
v -31.265 4.46819 -32.7965 
v -31.5319 4.45708 -32.5514 
v -31.412 4.47757 -32.7157 
v -31.2646 4.49784 -32.7834 
v -31.5615 4.45343 -32.5057 
v -31.4109 4.49982 -32.7187 
v -31.5243 4.4796 -32.5472 
v -31.5535 4.47383 -32.5027 
v -31.5226 4.48224 -32.5459 
v -31.5517 4.47674 -32.5016 
v -31.5945 4.22297 -32.4779 
v -31.5859 4.2282 -32.4755 
v -31.5886 4.22971 -32.4768 
v -31.5949 4.21008 -32.4732 
v -31.5751 4.24577 -32.4845 
v -31.5889 4.2406 -32.4874 
v -30.5919 4.24577 -32.4845 
v -30.5784 4.22971 -32.4768 
v -30.578 4.2406 -32.4874 
v -30.5811 4.2282 -32.4755 
v -30.5725 4.22297 -32.4779 
v -30.572 4.21008 -32.4732 
v -31.5842 4.30693 -32.4993 
v -31.5943 4.29439 -32.4993 
v -31.5815 4.29956 -32.4976 
v -31.5852 4.29153 -32.4945 
v -31.5878 4.27281 -32.4903 
v -31.5979 4.27334 -32.4946 
v -31.5889 4.2406 -32.4874 
v -31.5982 4.23712 -32.4894 
v -30.5855 4.29956 -32.4976 
v -30.5727 4.29439 -32.4993 
v -30.5827 4.30693 -32.4993 
v -30.5817 4.29153 -32.4945 
v -30.5791 4.27281 -32.4903 
v -30.5691 4.27334 -32.4946 
v -30.578 4.2406 -32.4874 
v -30.5687 4.23712 -32.4894 
v -31.2538 4.34936 -32.7908 
v -31.0835 4.35678 -32.8493 
v -31.0835 4.35517 -32.8489 
v -30.9132 4.34936 -32.7908 
v -31.4031 4.34182 -32.7071 
v -31.254 4.35054 -32.7911 
v -30.913 4.35054 -32.7911 
v -30.7639 4.34182 -32.7071 
v -31.2547 4.35386 -32.7912 
v -31.0835 4.36117 -32.8501 
v -30.9123 4.35386 -32.7912 
v -31.4036 4.34172 -32.7073 
v -31.4047 4.34388 -32.708 
v -31.5427 4.32492 -32.5479 
v -30.7633 4.34172 -32.7073 
v -30.7622 4.34388 -32.708 
v -30.6242 4.32492 -32.5479 
v -31.5751 4.24577 -32.4845 
v -31.5878 4.27281 -32.4903 
v -31.5889 4.2406 -32.4874 
v -31.5728 4.27202 -32.4838 
v -31.5717 4.28727 -32.4874 
v -31.5852 4.29153 -32.4945 
v -31.5774 4.28858 -32.495 
v -31.5815 4.29956 -32.4976 
v -30.5952 4.28727 -32.4874 
v -30.5817 4.29153 -32.4945 
v -30.5896 4.28858 -32.495 
v -30.5855 4.29956 -32.4976 
v -30.5791 4.27281 -32.4903 
v -30.5941 4.27202 -32.4838 
v -30.5919 4.24577 -32.4845 
v -30.578 4.2406 -32.4874 
v -31.611 4.01002 -32.4476 
v -31.5964 4.01569 -32.4474 
v -31.6122 4.01237 -32.4493 
v -31.5955 4.01551 -32.4473 
v -31.6134 4.04573 -32.4606 
v -31.5977 4.04589 -32.4561 
v -31.6035 4.13297 -32.4683 
v -31.5889 4.13043 -32.4621 
v -30.5693 4.04589 -32.4561 
v -30.5635 4.13297 -32.4683 
v -30.578 4.13043 -32.4621 
v -30.5535 4.04573 -32.4606 
v -30.5705 4.01569 -32.4474 
v -30.5547 4.01237 -32.4493 
v -30.5559 4.01002 -32.4476 
v -30.5714 4.01551 -32.4473 
v -31.5856 4.30478 -32.4991 
v -31.5768 4.29964 -32.496 
v -31.5795 4.30367 -32.4971 
v -31.5787 4.31158 -32.4962 
v -30.5814 4.30478 -32.4991 
v -30.5882 4.31158 -32.4962 
v -30.5874 4.30367 -32.4971 
v -30.5901 4.29964 -32.496 
v -31.4044 4.29083 -32.6938 
v -31.5638 4.2843 -32.5485 
v -31.5361 4.29694 -32.5351 
v -30.7626 4.29083 -32.6938 
v -30.6308 4.29694 -32.5351 
v -30.6032 4.2843 -32.5485 
v -31.6122 4.01237 -32.4493 
v -31.6214 4.00633 -32.4478 
v -31.611 4.01002 -32.4476 
v -31.6228 4.01014 -32.4506 
v -31.624 4.04562 -32.4636 
v -31.6134 4.04573 -32.4606 
v -31.6132 4.13468 -32.4725 
v -31.6035 4.13297 -32.4683 
v -30.5455 4.00633 -32.4478 
v -30.5547 4.01237 -32.4493 
v -30.5559 4.01002 -32.4476 
v -30.5441 4.01014 -32.4506 
v -30.5429 4.04562 -32.4636 
v -30.5535 4.04573 -32.4606 
v -30.5538 4.13468 -32.4725 
v -30.5635 4.13297 -32.4683 
v -31.0835 3.83985 -32.7056 
v -31.2581 3.84507 -32.6481 
v -31.0835 3.83181 -32.7115 
v -30.9088 3.84507 -32.6481 
v -31.2619 3.83724 -32.6536 
v -30.905 3.83724 -32.6536 
v -31.4319 3.88662 -32.592 
v -30.735 3.88662 -32.592 
v -31.4382 3.87991 -32.5963 
v -30.7287 3.87991 -32.5963 
v -31.5978 3.98107 -32.4979 
v -30.5692 3.98107 -32.4979 
v -31.6075 3.97667 -32.4995 
v -31.611 4.01002 -32.4476 
v -31.6214 4.00633 -32.4478 
v -30.5594 3.97667 -32.4995 
v -30.5559 4.01002 -32.4476 
v -30.5455 4.00633 -32.4478 
v -31.4226 3.89661 -32.5857 
v -31.2581 3.84507 -32.6481 
v -31.2525 3.85673 -32.6399 
v -31.4319 3.88662 -32.592 
v -31.0835 3.83985 -32.7056 
v -31.5832 3.98762 -32.4955 
v -31.0835 3.85184 -32.6968 
v -31.5978 3.98107 -32.4979 
v -31.5955 4.01551 -32.4473 
v -31.611 4.01002 -32.4476 
v -30.9145 3.85673 -32.6399 
v -30.9088 3.84507 -32.6481 
v -30.7444 3.89661 -32.5857 
v -30.735 3.88662 -32.592 
v -30.5838 3.98762 -32.4955 
v -30.5692 3.98107 -32.4979 
v -30.5714 4.01551 -32.4473 
v -30.5559 4.01002 -32.4476 
v -30.4686 4.26268 -32.1516 
v -30.4666 4.22006 -32.1705 
v -30.4654 4.2153 -32.1626 
v -30.4675 4.18269 -32.1985 
v -30.4666 4.1764 -32.1917 
v -30.4738 4.15171 -32.2321 
v -30.4562 4.21296 -32.1595 
v -30.4582 4.25896 -32.1391 
v -30.4733 4.14435 -32.2265 
v -30.4852 4.12651 -32.2703 
v -30.4575 4.17301 -32.1893 
v -30.448 4.21539 -32.1642 
v -30.4493 4.17591 -32.1937 
v -30.4562 4.14317 -32.2293 
v -30.4645 4.14008 -32.2251 
v -30.485 4.11841 -32.2658 
v -30.5003 4.09819 -32.3071 
v -30.5002 4.10668 -32.3108 
v -30.4766 4.11345 -32.2655 
v -30.4921 4.09282 -32.3075 
v -30.5179 4.08193 -32.3486 
v -30.5175 4.0906 -32.3518 
v -30.5099 4.07634 -32.3496 
v -30.4682 4.11658 -32.2696 
v -30.4838 4.09595 -32.3117 
v -30.4684 4.12468 -32.2741 
v -30.4567 4.15053 -32.2349 
v -30.4837 4.10444 -32.3154 
v -30.4502 4.1822 -32.2005 
v -30.4769 4.12965 -32.2745 
v -30.4655 4.1548 -32.2363 
v -30.5016 4.07944 -32.3538 
v -30.5302 4.0619 -32.3926 
v -30.5013 4.08812 -32.357 
v -30.4492 4.22016 -32.1721 
v -30.4919 4.1098 -32.315 
v -30.5002 4.10668 -32.3108 
v -30.4852 4.12651 -32.2703 
v -30.5175 4.0906 -32.3518 
v -30.4738 4.15171 -32.2321 
v -30.4675 4.18269 -32.1985 
v -30.5093 4.0937 -32.356 
v -30.5376 4.07637 -32.3942 
v -30.4593 4.18559 -32.2029 
v -30.4666 4.22006 -32.1705 
v -30.4585 4.22249 -32.1753 
v -30.4686 4.26268 -32.1516 
v -30.4512 4.26308 -32.1531 
v -30.4605 4.26419 -32.1568 
v -30.4623 4.30895 -32.1506 
v -30.4705 4.30894 -32.1453 
v -30.4532 4.3092 -32.1468 
v -30.4501 4.26047 -32.1443 
v -30.462 4.35288 -32.1587 
v -30.4702 4.35443 -32.1537 
v -30.4522 4.30944 -32.1376 
v -30.4604 4.30943 -32.1322 
v -30.4518 4.35736 -32.1464 
v -30.4605 4.39421 -32.1795 
v -30.4686 4.39689 -32.175 
v -30.4528 4.35434 -32.1551 
v -30.4513 4.39675 -32.1764 
v -30.4503 4.40198 -32.1688 
v -30.4687 4.43111 -32.2055 
v -30.4513 4.43113 -32.2071 
v -30.4505 4.43819 -32.2011 
v -30.4605 4.42759 -32.2093 
v -30.4741 4.45507 -32.2446 
v -30.4565 4.45538 -32.2467 
v -30.4656 4.45091 -32.2473 
v -30.4795 4.45931 -32.2926 
v -30.4883 4.46365 -32.2908 
v -30.4708 4.46424 -32.2943 
v -30.4709 4.4735 -32.294 
v -30.4945 4.46894 -32.3446 
v -30.4938 4.4598 -32.3433 
v -30.5242 4.46056 -32.3921 
v -30.5019 4.45499 -32.3402 
v -30.5108 4.45932 -32.3384 
v -30.5232 4.45155 -32.3902 
v -30.5585 4.4445 -32.4359 
v -30.5311 4.44694 -32.3864 
v -30.54 4.45134 -32.3844 
v -30.5661 4.43998 -32.4317 
v -30.5747 4.44443 -32.4296 
v -30.5991 4.43253 -32.476 
v -30.5918 4.43703 -32.4804 
v -30.6075 4.43699 -32.4737 
v -30.6258 4.4218 -32.5203 
v -30.6342 4.42629 -32.5179 
v -31.2596 4.53689 -32.7664 
v -31.0835 4.55203 -32.8232 
v -31.2633 4.54393 -32.773 
v -31.402 4.51575 -32.6964 
v -31.0835 4.55963 -32.8294 
v -31.4078 4.52217 -32.7027 
v -30.9037 4.54393 -32.773 
v -31.5226 4.48224 -32.5459 
v -30.9074 4.53689 -32.7664 
v -31.5153 4.47563 -32.5415 
v -31.5517 4.47674 -32.5016 
v -31.5442 4.47033 -32.497 
v -30.765 4.51575 -32.6964 
v -30.7592 4.52217 -32.7027 
v -30.6443 4.48224 -32.5459 
v -30.6516 4.47563 -32.5415 
v -30.6152 4.47674 -32.5016 
v -30.6228 4.47033 -32.497 
v -31.6968 4.35443 -32.1537 
v -31.6983 4.39689 -32.175 
v -31.6978 4.35744 -32.1449 
v -31.6964 4.30894 -32.1453 
v -31.6974 4.30918 -32.136 
v -31.7065 4.30943 -32.1322 
v -31.707 4.3589 -32.1413 
v -31.6995 4.26007 -32.1428 
v -31.6984 4.26268 -32.1516 
v -31.7151 4.35736 -32.1464 
v -31.7167 4.40198 -32.1688 
v -31.7016 4.2153 -32.1626 
v -31.7004 4.22006 -32.1705 
v -31.7088 4.25896 -32.1391 
v -31.6995 4.18269 -32.1985 
v -31.7147 4.30944 -32.1376 
v -31.7004 4.1764 -32.1917 
v -31.6932 4.15171 -32.2321 
v -31.7108 4.21296 -32.1595 
v -31.7168 4.26047 -32.1443 
v -31.7189 4.21539 -32.1642 
v -31.7138 4.3092 -32.1468 
v -31.6937 4.14435 -32.2265 
v -31.6818 4.12651 -32.2703 
v -31.7095 4.17301 -32.1893 
v -31.7177 4.17591 -32.1937 
v -31.7025 4.14008 -32.2251 
v -31.7108 4.14317 -32.2293 
v -31.6819 4.11841 -32.2658 
v -31.6904 4.11345 -32.2655 
v -31.6666 4.09819 -32.3071 
v -31.6668 4.10668 -32.3108 
v -31.6748 4.09282 -32.3075 
v -31.6987 4.11658 -32.2696 
v -31.6491 4.08193 -32.3486 
v -31.6494 4.0906 -32.3518 
v -31.657 4.07634 -32.3496 
v -31.6832 4.09595 -32.3117 
v -31.6986 4.12468 -32.2741 
v -31.7103 4.15053 -32.2349 
v -31.6833 4.10444 -32.3154 
v -31.7168 4.1822 -32.2005 
v -31.6653 4.07944 -32.3538 
v -31.6901 4.12965 -32.2745 
v -31.6367 4.0619 -32.3926 
v -31.7015 4.1548 -32.2363 
v -31.6657 4.08812 -32.357 
v -31.6751 4.1098 -32.315 
v -31.6668 4.10668 -32.3108 
v -31.6818 4.12651 -32.2703 
v -31.6494 4.0906 -32.3518 
v -31.6932 4.15171 -32.2321 
v -31.6995 4.18269 -32.1985 
v -31.6577 4.0937 -32.356 
v -31.6294 4.07637 -32.3942 
v -31.7076 4.18559 -32.2029 
v -31.7004 4.22006 -32.1705 
v -31.7178 4.22016 -32.1721 
v -31.7085 4.22249 -32.1753 
v -31.6984 4.26268 -32.1516 
v -31.7157 4.26308 -32.1531 
v -31.7065 4.26419 -32.1568 
v -31.7046 4.30895 -32.1506 
v -31.6964 4.30894 -32.1453 
v -31.7049 4.35288 -32.1587 
v -31.6968 4.35443 -32.1537 
v -31.7141 4.35434 -32.1551 
v -31.7065 4.39421 -32.1795 
v -31.6983 4.39689 -32.175 
v -31.7157 4.39675 -32.1764 
v -31.6983 4.43111 -32.2055 
v -31.7157 4.43113 -32.2071 
v -31.7165 4.43819 -32.2011 
v -31.7065 4.42759 -32.2093 
v -31.6929 4.45507 -32.2446 
v -31.7105 4.45538 -32.2467 
v -31.7014 4.45091 -32.2473 
v -31.6874 4.45931 -32.2926 
v -31.6786 4.46365 -32.2908 
v -31.6962 4.46424 -32.2943 
v -31.6961 4.4735 -32.294 
v -31.6724 4.46894 -32.3446 
v -31.6732 4.4598 -32.3433 
v -31.6428 4.46056 -32.3921 
v -31.665 4.45499 -32.3402 
v -31.6561 4.45932 -32.3384 
v -31.6438 4.45155 -32.3902 
v -31.6085 4.4445 -32.4359 
v -31.6359 4.44694 -32.3864 
v -31.627 4.45134 -32.3844 
v -31.6009 4.43998 -32.4317 
v -31.5922 4.44443 -32.4296 
v -31.5678 4.43253 -32.476 
v -31.5752 4.43703 -32.4804 
v -31.5595 4.43699 -32.4737 
v -31.5412 4.4218 -32.5203 
v -31.5328 4.42629 -32.5179 
v -31.5045 4.46578 -32.5348 
v -31.5442 4.47033 -32.497 
v -31.5329 4.46076 -32.4903 
v -31.5153 4.47563 -32.5415 
v -31.3932 4.5062 -32.6871 
v -31.402 4.51575 -32.6964 
v -31.2596 4.53689 -32.7664 
v -31.2541 4.5264 -32.7566 
v -31.0835 4.54071 -32.8138 
v -31.0835 4.55203 -32.8232 
v -30.9074 4.53689 -32.7664 
v -30.9129 4.5264 -32.7566 
v -30.7737 4.5062 -32.6871 
v -30.765 4.51575 -32.6964 
v -30.6516 4.47563 -32.5415 
v -30.6625 4.46578 -32.5348 
v -30.6228 4.47033 -32.497 
v -30.634 4.46076 -32.4903 
v -31.645 4.06497 -32.3969 
v -31.6455 4.07374 -32.3999 
v -31.6133 4.05202 -32.4397 
v -31.6376 4.07944 -32.3985 
v -31.6138 4.06084 -32.4425 
v -31.6061 4.06661 -32.4409 
v -31.5978 4.06356 -32.4365 
v -31.5764 4.05466 -32.483 
v -31.5682 4.05164 -32.4785 
v -31.584 4.04885 -32.4847 
v -31.5834 4.04 -32.482 
v -31.6051 4.04897 -32.4353 
v -31.5752 4.03698 -32.4775 
v -31.6289 4.0676 -32.3913 
v -31.6294 4.07637 -32.3942 
v -31.5973 4.05474 -32.4337 
v -31.5676 4.04279 -32.4758 
v -31.5978 4.06356 -32.4365 
v -31.5682 4.05164 -32.4785 
v -30.5219 4.06497 -32.3969 
v -30.5215 4.07374 -32.3999 
v -30.5537 4.05202 -32.4397 
v -30.5293 4.07944 -32.3985 
v -30.5531 4.06084 -32.4425 
v -30.5609 4.06661 -32.4409 
v -30.5691 4.06356 -32.4365 
v -30.5906 4.05466 -32.483 
v -30.5988 4.05164 -32.4785 
v -30.583 4.04885 -32.4847 
v -30.5836 4.04 -32.482 
v -30.5619 4.04897 -32.4353 
v -30.5918 4.03698 -32.4775 
v -30.5381 4.0676 -32.3913 
v -30.5376 4.07637 -32.3942 
v -30.5696 4.05474 -32.4337 
v -30.5994 4.04279 -32.4758 
v -30.5691 4.06356 -32.4365 
v -30.5988 4.05164 -32.4785 
v -31.5474 4.43524 -32.527 
v -31.5657 4.45046 -32.4802 
v -31.539 4.43973 -32.5246 
v -31.5317 4.43525 -32.52 
v -31.5741 4.446 -32.4825 
v -31.5485 4.42627 -32.5249 
v -31.5988 4.45793 -32.4358 
v -31.5584 4.44595 -32.4758 
v -31.5595 4.43699 -32.4737 
v -31.5328 4.42629 -32.5179 
v -31.5912 4.4534 -32.4316 
v -31.5922 4.44443 -32.4296 
v -31.6261 4.46035 -32.3863 
v -31.627 4.45134 -32.3844 
v -31.6074 4.45348 -32.438 
v -31.6555 4.46846 -32.3397 
v -31.6561 4.45932 -32.3384 
v -31.6339 4.46496 -32.3901 
v -31.6786 4.46365 -32.2908 
v -31.6786 4.47291 -32.2906 
v -31.6636 4.47328 -32.3428 
v -31.6929 4.45507 -32.2446 
v -31.6935 4.4637 -32.2413 
v -31.6873 4.47783 -32.2922 
v -31.6992 4.43817 -32.1995 
v -31.6983 4.43111 -32.2055 
v -31.7025 4.46816 -32.2406 
v -31.6994 4.40211 -32.1674 
v -31.711 4.46401 -32.2433 
v -31.7082 4.44171 -32.1973 
v -31.7085 4.40466 -32.1643 
v -30.6012 4.45046 -32.4802 
v -30.6196 4.43524 -32.527 
v -30.628 4.43973 -32.5246 
v -30.6352 4.43525 -32.52 
v -30.5928 4.446 -32.4825 
v -30.6185 4.42627 -32.5249 
v -30.5682 4.45793 -32.4358 
v -30.5595 4.45348 -32.438 
v -30.6085 4.44595 -32.4758 
v -30.6075 4.43699 -32.4737 
v -30.6342 4.42629 -32.5179 
v -30.5758 4.4534 -32.4316 
v -30.5747 4.44443 -32.4296 
v -30.5409 4.46035 -32.3863 
v -30.54 4.45134 -32.3844 
v -30.533 4.46496 -32.3901 
v -30.5115 4.46846 -32.3397 
v -30.5108 4.45932 -32.3384 
v -30.4883 4.46365 -32.2908 
v -30.4884 4.47291 -32.2906 
v -30.4741 4.45507 -32.2446 
v -30.5034 4.47328 -32.3428 
v -30.4797 4.47783 -32.2922 
v -30.4735 4.4637 -32.2413 
v -30.4644 4.46816 -32.2406 
v -30.4678 4.43817 -32.1995 
v -30.4687 4.43111 -32.2055 
v -30.4559 4.46401 -32.2433 
v -30.4676 4.40211 -32.1674 
v -30.4686 4.39689 -32.175 
v -30.4587 4.44171 -32.1973 
v -30.4692 4.35744 -32.1449 
v -30.4702 4.35443 -32.1537 
v -30.4584 4.40466 -32.1643 
v -30.4705 4.30894 -32.1453 
v -30.4599 4.3589 -32.1413 
v -30.4696 4.30918 -32.136 
v -30.4675 4.26007 -32.1428 
v -31.5996 4.12303 -32.4614 
v -31.6035 4.13297 -32.4683 
v -31.5889 4.13043 -32.4621 
v -31.6062 4.1319 -32.4681 
v -30.5673 4.12303 -32.4614 
v -30.5635 4.13297 -32.4683 
v -30.5608 4.1319 -32.4681 
v -30.578 4.13043 -32.4621 
v -31.5949 4.21008 -32.4732 
v -31.5945 4.22297 -32.4779 
v -31.5822 4.22021 -32.4738 
v -31.5931 4.22644 -32.4805 
v -30.5847 4.22021 -32.4738 
v -30.5725 4.22297 -32.4779 
v -30.572 4.21008 -32.4732 
v -30.5739 4.22644 -32.4805 
v -31.5752 4.03698 -32.4775 
v -31.5834 4.04 -32.482 
v -31.5758 4.04582 -32.4802 
v -31.584 4.04885 -32.4847 
v -31.5676 4.04279 -32.4758 
v -31.5682 4.05164 -32.4785 
v -31.5764 4.05466 -32.483 
v -31.5682 4.05164 -32.4785 
v -30.5918 4.03698 -32.4775 
v -30.5912 4.04582 -32.4802 
v -30.5836 4.04 -32.482 
v -30.583 4.04885 -32.4847 
v -30.5994 4.04279 -32.4758 
v -30.5988 4.05164 -32.4785 
v -30.5906 4.05466 -32.483 
v -30.5988 4.05164 -32.4785 
v -31.2525 3.85673 -32.6399 
v -31.0835 3.85184 -32.6968 
v -31.0835 3.85114 -32.696 
v -30.9145 3.85673 -32.6399 
v -31.4226 3.89661 -32.5857 
v -31.2524 3.8561 -32.6395 
v -30.7444 3.89661 -32.5857 
v -30.9145 3.8561 -32.6395 
v -31.4226 3.89591 -32.5851 
v -31.5832 3.98762 -32.4955 
v -30.5838 3.98762 -32.4955 
v -30.7444 3.89591 -32.5851 
v -31.0835 3.89243 -32.7197 
v -30.9146 3.89602 -32.6612 
v -31.2524 3.89602 -32.6612 
v -31.0835 3.93629 -32.7477 
v -30.7455 3.93219 -32.6041 
v -30.9147 3.94139 -32.6858 
v -30.5832 3.9873 -32.4949 
v -30.5714 4.01551 -32.4473 
v -30.5705 4.01569 -32.4474 
v -30.5845 4.01791 -32.5039 
v -30.5693 4.04589 -32.4561 
v -30.5957 4.10655 -32.5123 
v -30.578 4.13043 -32.4621 
v -30.7487 3.98191 -32.6271 
v -30.9157 3.97275 -32.702 
v -31.0835 3.95728 -32.7599 
v -30.7514 4.00943 -32.6365 
v -30.591 4.1035 -32.5085 
v -31.0835 3.97928 -32.7659 
v -30.7499 4.03076 -32.6406 
v -30.9188 3.98924 -32.7108 
v -31.2523 3.94139 -32.6858 
v -31.2513 3.97275 -32.702 
v -31.4215 3.93219 -32.6041 
v -31.5838 3.9873 -32.4949 
v -31.4182 3.98191 -32.6271 
v -31.5824 4.01791 -32.5039 
v -31.5955 4.01551 -32.4473 
v -31.5964 4.01569 -32.4474 
v -31.5977 4.04589 -32.4561 
v -31.5712 4.10655 -32.5123 
v -31.5889 4.13043 -32.4621 
v -31.4156 4.00943 -32.6365 
v -31.576 4.1035 -32.5085 
v -31.2481 3.98924 -32.7108 
v -31.417 4.03076 -32.6406 
v -31.2511 4.00375 -32.7219 
v -31.0835 3.99587 -32.7885 
v -31.559 4.11978 -32.5076 
v -31.5996 4.12303 -32.4614 
v -31.5983 4.13713 -32.468 
v -31.5954 4.15653 -32.4765 
v -30.9158 4.00375 -32.7219 
v -31.0835 4.01936 -32.7974 
v -31.5728 4.13262 -32.5229 
v -31.5708 4.14161 -32.5233 
v -31.5899 4.16142 -32.4723 
v -31.4129 4.05668 -32.6592 
v -31.4136 4.07215 -32.6642 
v -31.2525 4.03322 -32.7322 
v -31.5588 4.18411 -32.5226 
v -31.5786 4.20085 -32.4724 
v -31.5548 4.20819 -32.5269 
v -31.5822 4.22021 -32.4738 
v -31.4123 4.10695 -32.6686 
v -31.4095 4.16785 -32.6746 
v -31.409 4.18141 -32.6756 
v -31.2527 4.06601 -32.7377 
v -31.2528 4.1155 -32.7471 
v -31.2527 4.15175 -32.7545 
v -30.7653 4.31294 -32.6993 
v -30.6253 4.32167 -32.5433 
v -30.7622 4.34388 -32.708 
v -30.9123 4.35386 -32.7912 
v -30.6242 4.32492 -32.5479 
v -30.5993 4.32172 -32.4951 
v -30.6041 4.32948 -32.496 
v -30.9142 4.33494 -32.7813 
v -30.9136 4.30297 -32.7745 
v -31.0835 4.36117 -32.8501 
v -31.0835 4.3422 -32.8402 
v -30.6286 4.33385 -32.5482 
v -30.61 4.35151 -32.4969 
v -30.7639 4.34182 -32.7071 
v -30.7633 4.34172 -32.7073 
v -30.913 4.35054 -32.7911 
v -31.0835 4.35678 -32.8493 
v -30.6349 4.35806 -32.5485 
v -30.6153 4.38987 -32.4987 
v -30.9132 4.34936 -32.7908 
v -31.254 4.35054 -32.7911 
v -31.2538 4.34936 -32.7908 
v -30.7672 4.39131 -32.7037 
v -30.6461 4.38859 -32.5456 
v -30.6534 4.42548 -32.5406 
v -30.6233 4.42324 -32.4948 
v -30.7697 4.44187 -32.7023 
v -30.9131 4.40794 -32.7863 
v -30.6565 4.44853 -32.5373 
v -30.6271 4.44435 -32.492 
v -30.7723 4.47416 -32.6947 
v -30.9128 4.46176 -32.7738 
v -31.0835 4.41629 -32.8437 
v -31.0835 4.35517 -32.8489 
v -30.6623 4.46567 -32.5349 
v -30.6335 4.46056 -32.4904 
v -30.634 4.46076 -32.4903 
v -30.6625 4.46578 -32.5348 
v -30.7741 4.5065 -32.6871 
v -30.9129 4.5264 -32.7566 
v -30.7737 4.5062 -32.6871 
v -30.7725 4.49408 -32.6977 
v -31.0835 4.54213 -32.8117 
v -31.0835 4.54071 -32.8138 
v -31.2541 4.5264 -32.7566 
v -30.9128 4.51593 -32.7644 
v -30.9128 4.49575 -32.7598 
v -30.9129 4.52733 -32.7554 
v -31.0835 4.53101 -32.82 
v -31.2541 4.52734 -32.7554 
v -31.0835 4.50975 -32.8144 
v -31.0835 4.47368 -32.8284 
v -31.2541 4.51593 -32.7644 
v -31.3928 4.5065 -32.6871 
v -31.3932 4.5062 -32.6871 
v -31.2542 4.49575 -32.7598 
v -31.3945 4.49408 -32.6977 
v -31.5105 4.44853 -32.5373 
v -31.2542 4.46176 -32.7738 
v -31.3946 4.47416 -32.6947 
v -31.2539 4.40794 -32.7863 
v -31.3972 4.44187 -32.7023 
v -31.3997 4.39131 -32.7037 
v -31.4031 4.34182 -32.7071 
v -31.5136 4.42548 -32.5406 
v -31.5209 4.38859 -32.5456 
v -31.532 4.35806 -32.5485 
v -31.5517 4.38987 -32.4987 
v -31.5436 4.42324 -32.4948 
v -31.557 4.35151 -32.4969 
v -31.5399 4.44435 -32.492 
v -31.5383 4.33385 -32.5482 
v -31.5628 4.32949 -32.496 
v -31.4036 4.34172 -32.7073 
v -31.5427 4.32492 -32.5479 
v -31.5677 4.32172 -32.4951 
v -31.5047 4.46567 -32.5349 
v -31.5335 4.46056 -32.4904 
v -31.5329 4.46076 -32.4903 
v -31.5045 4.46578 -32.5348 
v -31.5416 4.32167 -32.5433 
v -31.4047 4.34388 -32.708 
v -31.5685 4.32171 -32.4918 
v -31.4017 4.31294 -32.6993 
v -31.2547 4.35386 -32.7912 
v -31.5308 4.31154 -32.5355 
v -31.5835 4.30966 -32.4989 
v -31.5787 4.31158 -32.4962 
v -31.5638 4.2843 -32.5485 
v -31.5947 4.29187 -32.5019 
v -31.5774 4.28858 -32.495 
v -31.2528 4.33494 -32.7813 
v -31.2533 4.30297 -32.7745 
v -31.4031 4.29896 -32.6974 
v -31.5361 4.29694 -32.5351 
v -31.4044 4.29083 -32.6938 
v -31.2533 4.29115 -32.7773 
v -31.0835 4.30171 -32.834 
v -30.9137 4.29115 -32.7773 
v -31.0835 4.29042 -32.837 
v -30.9138 4.2533 -32.7799 
v -31.4061 4.26538 -32.6879 
v -31.2532 4.2533 -32.7799 
v -31.0835 4.24847 -32.841 
v -30.9138 4.20714 -32.7759 
v -31.4089 4.21212 -32.6813 
v -31.2532 4.20714 -32.7759 
v -31.5509 4.25593 -32.5336 
v -31.0835 4.20023 -32.8311 
v -30.9136 4.20415 -32.7747 
v -31.0835 4.19784 -32.83 
v -31.2533 4.20415 -32.7747 
v -31.4096 4.21462 -32.682 
v -31.5574 4.22875 -32.5383 
v -31.4096 4.21161 -32.6815 
v -31.5751 4.24577 -32.4845 
v -31.5513 4.22007 -32.5264 
v -31.5751 4.1934 -32.5248 
v -31.5949 4.21008 -32.4732 
v -31.5859 4.2282 -32.4755 
v -31.5728 4.27202 -32.4838 
v -31.5455 4.28153 -32.536 
v -31.5717 4.28727 -32.4874 
v -31.5774 4.28858 -32.495 
v -31.5851 4.29999 -32.4976 
v -31.5815 4.29956 -32.4976 
v -31.5947 4.29187 -32.5019 
v -31.5835 4.30966 -32.4989 
v -31.5795 4.30367 -32.4971 
v -30.5834 4.30966 -32.4989 
v -30.5723 4.29187 -32.5019 
v -30.5818 4.29999 -32.4976 
v -30.5874 4.30367 -32.4971 
v -30.5896 4.28858 -32.495 
v -30.5855 4.29956 -32.4976 
v -31.5474 4.43524 -32.527 
v -31.539 4.43973 -32.5246 
v -31.5401 4.43076 -32.5225 
v -31.5317 4.43525 -32.52 
v -31.5328 4.42629 -32.5179 
v -31.5485 4.42627 -32.5249 
v -31.5412 4.4218 -32.5203 
v -31.5328 4.42629 -32.5179 
v -30.6196 4.43524 -32.527 
v -30.6269 4.43076 -32.5225 
v -30.628 4.43973 -32.5246 
v -30.6352 4.43525 -32.52 
v -30.6342 4.42629 -32.5179 
v -30.6185 4.42627 -32.5249 
v -30.6258 4.4218 -32.5203 
v -30.6342 4.42629 -32.5179 
v -31.4261 4.17899 -32.6955 
v -31.5809 4.21555 -32.5365 
v -31.5758 4.21355 -32.5382 
v -31.5904 4.23072 -32.4777 
v -31.5941 4.23162 -32.481 
v -30.5911 4.21355 -32.5382 
v -30.5861 4.21555 -32.5365 
v -30.7409 4.17899 -32.6955 
v -30.5766 4.23072 -32.4777 
v -30.5728 4.23162 -32.481 
v -31.0835 4.0542 -32.8041 
v -31.0835 4.10652 -32.8044 
v -31.0835 4.14409 -32.8075 
v -30.9144 4.03322 -32.7322 
v -30.9143 4.06601 -32.7377 
v -30.9142 4.1155 -32.7471 
v -30.7541 4.05668 -32.6592 
v -30.7534 4.07215 -32.6642 
v -30.7546 4.10695 -32.6686 
v -30.5942 4.13262 -32.5229 
v -30.5962 4.14161 -32.5233 
v -30.5716 4.15653 -32.4765 
v -30.608 4.11978 -32.5076 
v -30.5673 4.12303 -32.4614 
v -30.5687 4.13713 -32.468 
v -31.5795 4.30367 -32.4971 
v -31.5835 4.30966 -32.4989 
v -31.5787 4.31158 -32.4962 
v -30.5834 4.30966 -32.4989 
v -30.5874 4.30367 -32.4971 
v -30.5882 4.31158 -32.4962 
v -30.577 4.16142 -32.4723 
v -30.6081 4.18411 -32.5226 
v -30.5884 4.20085 -32.4724 
v -30.6122 4.20819 -32.5269 
v -30.5847 4.22021 -32.4738 
v -30.7574 4.16785 -32.6746 
v -30.758 4.18141 -32.6756 
v -30.9143 4.15175 -32.7545 
v -31.0835 4.19229 -32.8275 
v -30.9137 4.19873 -32.7725 
v -31.2533 4.19873 -32.7725 
v -30.7574 4.21161 -32.6815 
v -30.6157 4.22007 -32.5264 
v -30.5919 4.1934 -32.5248 
v -30.572 4.21008 -32.4732 
v -30.5811 4.2282 -32.4755 
v -30.5919 4.24577 -32.4845 
v -30.6095 4.22875 -32.5383 
v -30.7573 4.21462 -32.682 
v -30.6161 4.25593 -32.5336 
v -30.5941 4.27202 -32.4838 
v -30.6214 4.28153 -32.536 
v -30.5952 4.28727 -32.4874 
v -30.5896 4.28858 -32.495 
v -30.7609 4.26538 -32.6879 
v -30.6308 4.29694 -32.5351 
v -30.6032 4.2843 -32.5485 
v -30.7581 4.21212 -32.6813 
v -30.5723 4.29187 -32.5019 
v -30.7626 4.29083 -32.6938 
v -30.5834 4.30966 -32.4989 
v -30.7639 4.29896 -32.6974 
v -30.6362 4.31154 -32.5355 
v -30.5984 4.32171 -32.4918 
v -30.5882 4.31158 -32.4962 
v -31.42 4.30052 -32.7178 
v -31.5543 4.30816 -32.5462 
v -31.5525 4.30386 -32.5497 
v -31.5768 4.29964 -32.496 
v -31.4215 4.2921 -32.714 
v -31.5556 4.30932 -32.5484 
v -30.6144 4.30386 -32.5497 
v -30.6127 4.30816 -32.5462 
v -30.7469 4.30052 -32.7178 
v -30.5901 4.29964 -32.496 
v -30.6114 4.30932 -32.5484 
v -30.7454 4.2921 -32.714 

vn 0.188976 -0.425197 -0.88189 
vn -0.826772 -0.11811 0.551181 
vn -0.0629921 -0.535433 -0.84252 
vn -0.826772 -0.11811 0.551181 
vn 0.826772 -0.11811 0.551181 
vn -0.188976 -0.425197 -0.88189 
vn 0.0629921 -0.535433 -0.84252 
vn 0.826772 -0.11811 0.551181 
vn -0.15748 -0.771654 0.614173 
vn -0.708661 -0.299213 0.637795 
vn 0.425197 -0.330709 -0.84252 
vn 0.346457 -0.0866142 -0.937008 
vn -0.889764 0.212598 0.409449 
vn 0.251969 0.015748 -0.968504 
vn -0.346457 -0.0866142 -0.937008 
vn 0.708661 -0.299213 0.637795 
vn -0.425197 -0.330709 -0.84252 
vn 0.15748 -0.771654 0.614173 
vn 0.889764 0.212598 0.409449 
vn -0.251969 0.015748 -0.968504 
vn -0.559055 -0.102362 0.818898 
vn 0.23622 -0.503937 -0.826772 
vn 0.204724 -0.543307 -0.811024 
vn -0.559055 -0.102362 0.818898 
vn 0.559055 -0.102362 0.818898 
vn -0.212598 -0.543307 -0.811024 
vn -0.23622 -0.503937 -0.826772 
vn 0.559055 -0.102362 0.818898 
vn 0 0.543307 -0.84252 
vn -0.322835 0.708661 -0.622047 
vn 0 0.771654 -0.637795 
vn 0.322835 0.708661 -0.622047 
vn -0.362205 0.527559 -0.771654 
vn -0.606299 0.645669 -0.464567 
vn 0.362205 0.527559 -0.771654 
vn 0.606299 0.645669 -0.464567 
vn 0 0.204724 -0.976378 
vn -0.653543 0.472441 -0.590551 
vn 0.653543 0.472441 -0.590551 
vn -0.362205 0.204724 -0.905512 
vn 0.362205 0.204724 -0.905512 
vn 0 0.141732 -0.992126 
vn 0.787402 0.409449 -0.464567 
vn 0.700787 0.614173 -0.362205 
vn 0.787402 0.401575 -0.472441 
vn 0.700787 0.606299 -0.377953 
vn 0.811024 0.283465 -0.503937 
vn 0.811024 0.23622 -0.535433 
vn 0.818898 0.228346 -0.527559 
vn 0.645669 0.23622 -0.732283 
vn 0.370079 0.133858 -0.92126 
vn 0.677165 0.15748 -0.716535 
vn 0.811024 0.181102 -0.559055 
vn 0.834646 0.228346 -0.503937 
vn 0.377953 0.244094 -0.889764 
vn 0.645669 0.188976 -0.740157 
vn 0.795276 0.188976 -0.574803 
vn 0.787402 0.15748 -0.590551 
vn 0.874016 0.220472 -0.440945 
vn 0.629921 0.125984 -0.76378 
vn 0.393701 0.133858 -0.913386 
vn 0 -0.566929 0.818898 
vn -0.283465 0.76378 -0.574803 
vn 0.370079 -0.574803 0.732283 
vn 0.677165 -0.472441 0.559055 
vn 0.283465 0.76378 -0.574803 
vn -0.370079 -0.574803 0.732283 
vn -0.685039 -0.472441 0.559055 
vn 0.503937 0.661417 -0.551181 
vn -0.795276 -0.393701 0.464567 
vn 0.716535 -0.511811 -0.480315 
vn 0.787402 -0.393701 0.464567 
vn -0.503937 0.661417 -0.551181 
vn -0.708661 -0.511811 -0.480315 
vn -0.330709 -0.496063 -0.80315 
vn 0 -0.80315 -0.590551 
vn -0.283465 -0.771654 -0.566929 
vn 0 -0.519685 -0.858268 
vn -0.496063 -0.417323 -0.76378 
vn -0.511811 -0.708661 -0.488189 
vn 0.330709 -0.496063 -0.80315 
vn 0.283465 -0.771654 -0.566929 
vn 0 -0.503937 -0.866142 
vn -0.338583 -0.448819 -0.826772 
vn -0.692913 -0.307087 -0.645669 
vn -0.708661 -0.606299 -0.354331 
vn -0.968504 -0.110236 -0.220472 
vn -0.92126 -0.385827 -0.023622 
vn -0.519685 -0.299213 -0.80315 
vn -0.700787 -0.141732 -0.700787 
vn -0.944882 0.0393701 -0.330709 
vn -0.732283 -0.0551181 -0.677165 
vn -0.929134 0.102362 -0.362205 
vn -0.535433 -0.228346 -0.811024 
vn -0.346457 -0.425197 -0.834646 
vn -0.622047 0.133858 -0.771654 
vn -0.385827 0.787402 -0.480315 
vn -0.511811 -0.19685 -0.834646 
vn -0.818898 -0.566929 -0.0944882 
vn -0.370079 -0.354331 -0.858268 
vn -0.732283 -0.393701 -0.559055 
vn -0.889764 -0.433071 -0.15748 
vn -0.590551 -0.377953 -0.708661 
vn -0.370079 -0.488189 -0.787402 
vn 0 -0.409449 -0.913386 
vn -0.748031 -0.401575 -0.527559 
vn -0.566929 -0.417323 -0.708661 
vn 0 -0.598425 -0.80315 
vn -0.385827 -0.464567 -0.795276 
vn -0.732283 0.015748 -0.685039 
vn -0.897638 0.188976 -0.409449 
vn -0.566929 -0.125984 -0.811024 
vn -0.393701 -0.244094 -0.889764 
vn -0.740157 0.0472441 -0.669291 
vn -0.897638 0.173228 -0.409449 
vn -0.574803 -0.0472441 -0.818898 
vn -0.385827 -0.125984 -0.913386 
vn 0.669291 0.125984 0.732283 
vn 0.629921 -0.00787402 0.771654 
vn 0.76378 -0.0866142 0.645669 
vn 0.425197 0.11811 0.897638 
vn -0.76378 -0.0866142 0.645669 
vn -0.629921 -0.00787402 0.771654 
vn -0.669291 0.125984 0.732283 
vn -0.425197 0.11811 0.897638 
vn -0.503937 0.330709 0.80315 
vn -0.425197 0.346457 0.834646 
vn -0.433071 0.267717 0.866142 
vn -0.535433 0.511811 0.669291 
vn -0.385827 0.188976 0.905512 
vn -0.385827 0.188976 0.905512 
vn -0.425197 0.141732 0.897638 
vn -0.425197 0.133858 0.897638 
vn -0.480315 0.0787402 0.874016 
vn -0.480315 0.0866142 0.874016 
vn -0.527559 0.015748 0.850394 
vn -0.527559 0.015748 0.850394 
vn -0.519685 0.0314961 0.850394 
vn -0.519685 0.0314961 0.850394 
vn -0.488189 0.0866142 0.866142 
vn -0.496063 0.0787402 0.866142 
vn -0.503937 0.0314961 0.866142 
vn -0.480315 0.0629921 0.874016 
vn 0.503937 0.0314961 0.866142 
vn 0.488189 0.0866142 0.866142 
vn 0.496063 0.0787402 0.866142 
vn 0.480315 0.0629921 0.874016 
vn 0.519685 0.0314961 0.850394 
vn 0.519685 0.0314961 0.850394 
vn 0.527559 0.015748 0.850394 
vn 0.527559 0.015748 0.850394 
vn 0.480315 0.0866142 0.874016 
vn 0.480315 0.0787402 0.874016 
vn 0.425197 0.141732 0.897638 
vn 0.425197 0.133858 0.897638 
vn 0.385827 0.188976 0.905512 
vn 0.385827 0.188976 0.905512 
vn 0.425197 0.346457 0.834646 
vn 0.433071 0.267717 0.866142 
vn 0.503937 0.330709 0.795276 
vn 0.535433 0.511811 0.669291 
vn -0.385827 0.188976 0.905512 
vn -0.417323 0.149606 0.897638 
vn -0.385827 0.181102 0.905512 
vn -0.425197 0.141732 0.897638 
vn -0.433071 0.267717 0.866142 
vn -0.480315 0.0866142 0.874016 
vn -0.425197 0.212598 0.88189 
vn -0.503937 0.330709 0.80315 
vn -0.480315 0.228346 0.850394 
vn -0.480315 0.0944882 0.874016 
vn -0.527559 0.015748 0.850394 
vn -0.527559 0.015748 0.850394 
vn -0.519685 0.0314961 0.850394 
vn -0.519685 0.0314961 0.850394 
vn -0.496063 0.0787402 0.866142 
vn -0.496063 0.0629921 0.866142 
vn -0.503937 0.0314961 0.866142 
vn -0.519685 0 0.858268 
vn 0.385827 0.181102 0.905512 
vn 0.417323 0.149606 0.897638 
vn 0.385827 0.188976 0.905512 
vn 0.425197 0.141732 0.897638 
vn 0.433071 0.267717 0.866142 
vn 0.480315 0.0866142 0.874016 
vn 0.425197 0.212598 0.88189 
vn 0.503937 0.330709 0.795276 
vn 0.480315 0.228346 0.850394 
vn 0.480315 0.0944882 0.874016 
vn 0.527559 0.015748 0.850394 
vn 0.527559 0.015748 0.850394 
vn 0.519685 0.0314961 0.850394 
vn 0.519685 0.0314961 0.850394 
vn 0.496063 0.0787402 0.866142 
vn 0.503937 0.0629921 0.866142 
vn 0.503937 0.0314961 0.866142 
vn 0.519685 0 0.858268 
vn 0 0.480315 0.874016 
vn 0.330709 0.448819 0.826772 
vn -0.314961 -0.606299 -0.732283 
vn 0.472441 0.370079 0.795276 
vn -0.496063 -0.488189 -0.716535 
vn -0.622047 -0.314961 -0.716535 
vn 0.669291 0.267717 0.692913 
vn -0.330709 0.448819 0.826772 
vn 0.314961 -0.606299 -0.732283 
vn -0.472441 0.370079 0.795276 
vn 0.496063 -0.488189 -0.716535 
vn 0.622047 -0.314961 -0.716535 
vn -0.669291 0.267717 0.692913 
vn 0.629921 -0.0314961 0.771654 
vn 0.740157 0.0944882 0.661417 
vn 0.527559 0.244094 0.818898 
vn 0.952756 0.015748 0.314961 
vn 0.740157 0.00787402 0.669291 
vn -0.527559 0.244094 0.818898 
vn -0.740157 0.0944882 0.661417 
vn -0.629921 -0.0314961 0.771654 
vn -0.952756 0.015748 0.314961 
vn -0.740157 0.00787402 0.669291 
vn -0.740157 0.00787402 -0.669291 
vn -0.88189 0.220472 -0.417323 
vn -0.574803 -0.0787402 -0.811024 
vn -0.590551 0.401575 -0.700787 
vn 0.141732 0.952756 -0.259843 
vn -0.748031 -0.322835 -0.574803 
vn -0.559055 -0.15748 -0.818898 
vn -0.385827 -0.110236 -0.913386 
vn -0.377953 -0.244094 -0.889764 
vn 0 -0.110236 -0.992126 
vn 0 -0.283465 -0.96063 
vn 0 -0.133858 -0.992126 
vn 0 -0.267717 -0.96063 
vn 0 -0.503937 -0.866142 
vn 0.385827 -0.464567 -0.795276 
vn 0.393701 -0.244094 -0.889764 
vn 0.385827 -0.125984 -0.913386 
vn 0.385827 -0.110236 -0.913386 
vn 0.566929 -0.125984 -0.811024 
vn 0.566929 -0.417323 -0.708661 
vn 0.370079 -0.488189 -0.787402 
vn 0.574803 -0.0472441 -0.818898 
vn 0.370079 -0.354331 -0.858268 
vn 0.598425 -0.377953 -0.708661 
vn 0.748031 -0.401575 -0.527559 
vn 0.732283 0.015748 -0.685039 
vn 0.503937 -0.19685 -0.834646 
vn 0.889764 -0.433071 -0.15748 
vn 0.897638 0.188976 -0.409449 
vn 0.732283 -0.393701 -0.559055 
vn 0.818898 -0.566929 -0.0944882 
vn 0.622047 0.133858 -0.771654 
vn 0.385827 0.787402 -0.480315 
vn 0.929134 0.102362 -0.362205 
vn 0.740157 0.0472441 -0.669291 
vn 0.897638 0.173228 -0.409449 
vn 0.732283 -0.0551181 -0.677165 
vn 0.944882 0.0393701 -0.330709 
vn 0.535433 -0.228346 -0.811024 
vn 0.700787 -0.141732 -0.700787 
vn 0.968504 -0.110236 -0.220472 
vn 0.354331 -0.425197 -0.834646 
vn 0.519685 -0.299213 -0.80315 
vn 0.692913 -0.307087 -0.645669 
vn 0.708661 -0.606299 -0.354331 
vn 0.92126 -0.385827 -0.023622 
vn 0.511811 -0.708661 -0.488189 
vn 0.496063 -0.417323 -0.76378 
vn 0.338583 -0.448819 -0.826772 
vn 0 -0.488189 -0.874016 
vn -0.291339 0.448819 0.84252 
vn -0.330709 0.425197 0.84252 
vn -0.330709 0.425197 0.84252 
vn -0.299213 0.440945 0.84252 
vn -0.322835 0.259843 0.905512 
vn -0.299213 0.0944882 0.952756 
vn -0.370079 0.110236 0.92126 
vn -0.377953 0.102362 0.92126 
vn -0.409449 0.0944882 0.905512 
vn -0.409449 0.0944882 0.905512 
vn -0.456693 0.023622 0.889764 
vn -0.448819 0.0551181 0.889764 
vn 0.409449 0.0944882 0.905512 
vn 0.409449 0.0944882 0.905512 
vn 0.456693 0.023622 0.889764 
vn 0.448819 0.0551181 0.889764 
vn 0.377953 0.102362 0.92126 
vn 0.370079 0.110236 0.92126 
vn 0.299213 0.0944882 0.952756 
vn 0.322835 0.259843 0.905512 
vn 0.330709 0.425197 0.84252 
vn 0.330709 0.425197 0.84252 
vn 0.291339 0.448819 0.84252 
vn 0.299213 0.440945 0.84252 
vn -0.409449 0.0944882 0.905512 
vn -0.448819 0.0551181 0.889764 
vn -0.409449 0.110236 0.905512 
vn -0.440945 0.0787402 0.889764 
vn -0.370079 0.110236 0.92126 
vn -0.362205 0.133858 0.92126 
vn -0.322835 0.259843 0.905512 
vn -0.322835 0.267717 0.905512 
vn -0.322835 0.440945 0.84252 
vn -0.330709 0.425197 0.84252 
vn -0.291339 0.448819 0.84252 
vn -0.244094 0.503937 0.826772 
vn 0.409449 0.110236 0.905512 
vn 0.448819 0.0551181 0.889764 
vn 0.409449 0.0944882 0.905512 
vn 0.440945 0.0787402 0.889764 
vn 0.370079 0.110236 0.92126 
vn 0.362205 0.133858 0.92126 
vn 0.322835 0.259843 0.905512 
vn 0.322835 0.267717 0.905512 
vn 0.322835 0.440945 0.84252 
vn 0.330709 0.425197 0.84252 
vn 0.291339 0.448819 0.84252 
vn 0.244094 0.503937 0.826772 
vn 0.724409 0.283465 0.622047 
vn 0.566929 0.15748 0.811024 
vn 0.732283 0.023622 0.677165 
vn 0.23622 0.96063 -0.149606 
vn 0.866142 -0.023622 0.503937 
vn -0.566929 0.15748 0.80315 
vn -0.724409 0.283465 0.622047 
vn -0.732283 0.023622 0.677165 
vn -0.23622 0.96063 -0.149606 
vn -0.866142 -0.023622 0.503937 
vn -0.433071 0.291339 0.850394 
vn -0.385827 0.582677 0.716535 
vn -0.519685 0.259843 0.811024 
vn -0.370079 0.535433 0.76378 
vn -0.322835 0.637795 0.700787 
vn -0.322835 0.685039 0.653543 
vn 0.370079 0.535433 0.76378 
vn 0.433071 0.291339 0.850394 
vn 0.385827 0.582677 0.716535 
vn 0.519685 0.259843 0.811024 
vn 0.322835 0.637795 0.700787 
vn 0.322835 0.685039 0.653543 
vn 0 0.291339 -0.952756 
vn 0 0.15748 -0.984252 
vn 0.401575 0.0787402 -0.913386 
vn 0.637795 0.110236 -0.76378 
vn 0.787402 0.15748 -0.590551 
vn 0.889764 0.228346 -0.393701 
vn 0.685039 -0.0787402 -0.724409 
vn 0.795276 -0.133858 -0.590551 
vn 0.897638 -0.173228 -0.409449 
vn 0.677165 -0.503937 -0.535433 
vn 0.637795 -0.700787 -0.322835 
vn 0.637795 -0.535433 -0.551181 
vn -0.141732 -0.992126 0.00787402 
vn 0.543307 -0.346457 -0.76378 
vn 0.559055 -0.409449 -0.724409 
vn 0.204724 0.889764 -0.401575 
vn -0.700787 0.614173 0.362205 
vn 0.645669 0.669291 -0.370079 
vn 0.748031 0.228346 -0.629921 
vn 0.850394 0.275591 -0.448819 
vn 0.755906 0.0944882 -0.645669 
vn 0.913386 0.0944882 -0.393701 
vn 0.614173 0.0551181 -0.787402 
vn 0.527559 -0.0551181 -0.84252 
vn 0.771654 0.0551181 -0.629921 
vn 0.944882 -0.181102 -0.259843 
vn 0.629921 0 -0.779528 
vn 0.401575 0.0551181 -0.913386 
vn 0.377953 -0.0787402 -0.92126 
vn 0.362205 -0.291339 -0.889764 
vn 0.346457 -0.393701 -0.850394 
vn 0 -0.322835 -0.944882 
vn 0.401575 -0.0787402 -0.913386 
vn 0 -0.448819 -0.889764 
vn 0 -0.0944882 -0.992126 
vn 0 0.0866142 -1 
vn -0.354331 -0.291339 -0.889764 
vn -0.346457 -0.393701 -0.850394 
vn -0.401575 -0.0787402 -0.913386 
vn -0.401575 0.0787402 -0.913386 
vn -0.543307 -0.346457 -0.76378 
vn -0.377953 -0.0787402 -0.92126 
vn 0 -0.0629921 -1 
vn -0.559055 -0.409449 -0.724409 
vn -0.685039 -0.0787402 -0.716535 
vn -0.401575 0.0551181 -0.913386 
vn 0 0.110236 -0.992126 
vn 0.409449 -0.0472441 -0.913386 
vn 0.637795 -0.00787402 -0.771654 
vn 0 -0.0393701 -1 
vn 0.787402 -0.15748 -0.598425 
vn 0.417323 -0.125984 -0.897638 
vn 0.661417 -0.141732 -0.740157 
vn 0.748031 -0.322835 -0.574803 
vn 0.834646 -0.551181 -0.0551181 
vn 0.559055 -0.314961 -0.76378 
vn 0.393701 -0.299213 -0.866142 
vn 0.559055 -0.15748 -0.818898 
vn 0 -0.165354 -0.984252 
vn 0.370079 -0.322835 -0.866142 
vn -0.141732 0.952756 -0.259843 
vn 0.590551 0.401575 -0.700787 
vn 0.88189 0.212598 -0.409449 
vn 0.740157 0.00787402 -0.669291 
vn 0.574803 -0.0787402 -0.811024 
vn 0.377953 -0.244094 -0.889764 
vn 0 -0.377953 -0.929134 
vn 0 -0.362205 -0.929134 
vn -0.370079 -0.322835 -0.866142 
vn -0.559055 -0.314961 -0.76378 
vn -0.393701 -0.299213 -0.866142 
vn -0.417323 -0.125984 -0.897638 
vn -0.661417 -0.141732 -0.740157 
vn -0.787402 -0.15748 -0.598425 
vn -0.944882 -0.181102 -0.259843 
vn -0.834646 -0.551181 -0.0551181 
vn -0.637795 -0.00787402 -0.771654 
vn -0.771654 0.0551181 -0.629921 
vn -0.913386 0.0944882 -0.393701 
vn -0.409449 -0.0472441 -0.913386 
vn -0.629921 0 -0.779528 
vn -0.755906 0.0944882 -0.645669 
vn -0.850394 0.275591 -0.448819 
vn -0.748031 0.228346 -0.629921 
vn -0.645669 0.669291 -0.370079 
vn -0.204724 0.889764 -0.401575 
vn 0.700787 0.614173 0.362205 
vn 0.141732 -0.992126 0 
vn -0.614173 0.0551181 -0.787402 
vn -0.527559 -0.0551181 -0.84252 
vn -0.637795 -0.535433 -0.551181 
vn -0.637795 -0.700787 -0.322835 
vn -0.677165 -0.503937 -0.535433 
vn -0.897638 -0.173228 -0.409449 
vn -0.795276 -0.133858 -0.590551 
vn -0.889764 0.228346 -0.393701 
vn -0.787402 0.15748 -0.590551 
vn -0.874016 0.220472 -0.440945 
vn -0.637795 0.110236 -0.76378 
vn -0.787402 0.15748 -0.590551 
vn -0.834646 0.228346 -0.503937 
vn -0.629921 0.125984 -0.76378 
vn -0.795276 0.188976 -0.574803 
vn -0.811024 0.181102 -0.559055 
vn -0.818898 0.228346 -0.527559 
vn -0.645669 0.188976 -0.740157 
vn -0.385827 0.133858 -0.913386 
vn -0.377953 0.244094 -0.889764 
vn -0.811024 0.23622 -0.535433 
vn -0.677165 0.15748 -0.716535 
vn -0.370079 0.133858 -0.92126 
vn -0.811024 0.283465 -0.503937 
vn -0.645669 0.23622 -0.732283 
vn -0.787402 0.409449 -0.464567 
vn -0.787402 0.401575 -0.472441 
vn -0.700787 0.614173 -0.362205 
vn -0.700787 0.606299 -0.377953 
vn -0.433071 0.291339 0.850394 
vn -0.370079 0.496063 0.787402 
vn -0.370079 0.535433 0.76378 
vn -0.417323 0.291339 0.858268 
vn -0.322835 0.614173 0.716535 
vn -0.322835 0.637795 0.700787 
vn 0.322835 0.614173 0.716535 
vn 0.370079 0.535433 0.76378 
vn 0.322835 0.637795 0.700787 
vn 0.370079 0.496063 0.787402 
vn 0.433071 0.291339 0.850394 
vn 0.417323 0.291339 0.858268 
vn -0.244094 0.299213 0.92126 
vn -0.330709 0.275591 0.905512 
vn -0.173228 0.377953 0.913386 
vn -0.299213 0.314961 0.897638 
vn -0.346457 0.149606 0.929134 
vn -0.346457 0.173228 0.92126 
vn -0.322835 0.0866142 0.944882 
vn -0.322835 0.11811 0.937008 
vn 0.173228 0.377953 0.913386 
vn 0.330709 0.275591 0.905512 
vn 0.244094 0.299213 0.92126 
vn 0.299213 0.314961 0.897638 
vn 0.346457 0.149606 0.929134 
vn 0.346457 0.173228 0.92126 
vn 0.322835 0.0866142 0.944882 
vn 0.322835 0.11811 0.937008 
vn 0.401575 -0.0866142 0.913386 
vn 0 -0.181102 -0.984252 
vn 0 -0.0866142 0.992126 
vn -0.401575 -0.0866142 0.913386 
vn 0.637795 -0.125984 0.76378 
vn -0.362205 -0.23622 -0.897638 
vn 0.362205 -0.23622 -0.897638 
vn -0.637795 -0.125984 0.76378 
vn 0.338583 0.440945 0.826772 
vn 0 0.543307 0.84252 
vn -0.338583 0.440945 0.826772 
vn 0.811024 -0.480315 0.338583 
vn 0.543307 0.440945 0.716535 
vn 0.818898 -0.0944882 0.559055 
vn -0.811024 -0.480315 0.338583 
vn -0.543307 0.440945 0.716535 
vn -0.818898 -0.0944882 0.559055 
vn -0.314961 0.0551181 0.944882 
vn -0.346457 0.149606 0.929134 
vn -0.322835 0.0866142 0.944882 
vn -0.338583 0.125984 0.929134 
vn -0.354331 0.275591 0.897638 
vn -0.299213 0.314961 0.897638 
vn 0.322835 0.740157 0.590551 
vn -0.173228 0.377953 0.913386 
vn 0.354331 0.275591 0.897638 
vn 0.299213 0.314961 0.897638 
vn -0.322835 0.740157 0.590551 
vn 0.173228 0.377953 0.913386 
vn 0.346457 0.149606 0.929134 
vn 0.338583 0.125984 0.929134 
vn 0.314961 0.0551181 0.944882 
vn 0.322835 0.0866142 0.944882 
vn -0.204724 0.503937 0.84252 
vn -0.220472 0.299213 0.929134 
vn -0.220472 0.314961 0.92126 
vn -0.19685 0.472441 0.858268 
vn -0.299213 0.173228 0.937008 
vn -0.299213 0.15748 0.944882 
vn -0.322835 0.11811 0.937008 
vn -0.322835 0.110236 0.937008 
vn 0.299213 0.15748 0.944882 
vn 0.322835 0.11811 0.937008 
vn 0.322835 0.110236 0.937008 
vn 0.299213 0.173228 0.937008 
vn 0.220472 0.299213 0.929134 
vn 0.220472 0.314961 0.92126 
vn 0.19685 0.503937 0.84252 
vn 0.19685 0.472441 0.858268 
vn -0.314961 -0.0314961 0.944882 
vn -0.314961 -0.0314961 0.944882 
vn -0.228346 -0.0708661 0.968504 
vn 0.574803 -0.0866142 -0.818898 
vn 0.314961 -0.0314961 0.944882 
vn -0.574803 -0.0866142 -0.818898 
vn 0.228346 -0.0708661 0.968504 
vn 0.314961 -0.0314961 0.944882 
vn 0.535433 0.338583 0.771654 
vn 0.716535 -0.00787402 0.692913 
vn 0.551181 0.669291 0.496063 
vn -0.535433 0.338583 0.771654 
vn -0.551181 0.669291 0.496063 
vn -0.716535 -0.00787402 0.692913 
vn -0.220472 0.314961 0.92126 
vn -0.204724 0.527559 0.826772 
vn -0.204724 0.503937 0.84252 
vn -0.220472 0.338583 0.913386 
vn -0.299213 0.181102 0.937008 
vn -0.299213 0.173228 0.937008 
vn -0.322835 0.125984 0.937008 
vn -0.322835 0.11811 0.937008 
vn 0.204724 0.527559 0.826772 
vn 0.220472 0.314961 0.92126 
vn 0.19685 0.503937 0.84252 
vn 0.220472 0.338583 0.913386 
vn 0.299213 0.181102 0.937008 
vn 0.299213 0.173228 0.937008 
vn 0.322835 0.125984 0.937008 
vn 0.322835 0.11811 0.937008 
vn 0 -0.622047 0.787402 
vn 0.173228 -0.606299 0.779528 
vn 0 -0.622047 0.787402 
vn -0.173228 -0.606299 0.779528 
vn 0.165354 -0.606299 0.779528 
vn -0.165354 -0.606299 0.779528 
vn 0.110236 -0.598425 0.795276 
vn -0.110236 -0.598425 0.795276 
vn 0.110236 -0.598425 0.795276 
vn -0.110236 -0.598425 0.795276 
vn 0.15748 -0.645669 0.748031 
vn -0.15748 -0.645669 0.748031 
vn 0.165354 -0.653543 0.740157 
vn 0.275591 -0.80315 0.535433 
vn 0.275591 -0.80315 0.535433 
vn -0.165354 -0.653543 0.740157 
vn -0.275591 -0.80315 0.535433 
vn -0.275591 -0.80315 0.535433 
vn 0.110236 -0.598425 0.795276 
vn 0.173228 -0.606299 0.779528 
vn 0.173228 -0.606299 0.779528 
vn 0.110236 -0.598425 0.795276 
vn 0 -0.622047 0.787402 
vn 0.149606 -0.645669 0.748031 
vn 0 -0.622047 0.787402 
vn 0.15748 -0.645669 0.748031 
vn 0.275591 -0.80315 0.535433 
vn 0.275591 -0.80315 0.535433 
vn -0.173228 -0.606299 0.779528 
vn -0.173228 -0.606299 0.779528 
vn -0.110236 -0.598425 0.795276 
vn -0.110236 -0.598425 0.795276 
vn -0.149606 -0.645669 0.748031 
vn -0.15748 -0.645669 0.748031 
vn -0.275591 -0.80315 0.535433 
vn -0.275591 -0.80315 0.535433 
vn -0.92126 0.0629921 -0.377953 
vn -0.92126 0.188976 -0.346457 
vn -0.755906 -0.338583 0.566929 
vn -0.905512 0.338583 -0.267717 
vn -0.76378 -0.377953 0.519685 
vn -0.866142 0.472441 -0.149606 
vn 0.0944882 -0.503937 0.858268 
vn 0.0866142 -0.267717 0.96063 
vn -0.779528 -0.385827 0.496063 
vn -0.834646 0.551181 -0.0393701 
vn 0.0866142 -0.669291 0.732283 
vn 0.88189 -0.228346 0.409449 
vn 0.874016 -0.370079 0.307087 
vn 0.850394 -0.496063 0.181102 
vn 0.0629921 -0.795276 0.606299 
vn -0.787402 -0.377953 0.480315 
vn -0.795276 -0.370079 0.480315 
vn -0.795276 0.598425 0.0551181 
vn 0.0314961 -0.874016 0.488189 
vn 0 -0.913386 0.401575 
vn -0.795276 -0.362205 0.488189 
vn -0.771654 0.629921 0.11811 
vn -0.023622 -0.937008 0.346457 
vn 0.818898 -0.574803 0.0551181 
vn 0.787402 -0.614173 -0.0393701 
vn 0.818898 0.330709 -0.464567 
vn 0.826772 0.330709 -0.464567 
vn 0.811024 0.338583 -0.472441 
vn 0.818898 0.330709 -0.464567 
vn 0 0.866142 -0.496063 
vn -0.0314961 0.787402 -0.614173 
vn 0.76378 -0.637795 -0.110236 
vn -0.015748 -0.952756 0.307087 
vn 0.80315 0.338583 -0.488189 
vn 0.811024 0.307087 -0.496063 
vn 0.015748 0.913386 -0.409449 
vn -0.795276 0.598425 0.0551181 
vn -0.834646 0.551181 -0.0393701 
vn -0.771654 0.629921 0.11811 
vn -0.866142 0.472441 -0.149606 
vn -0.905512 0.338583 -0.267717 
vn 0.0393701 0.937008 -0.354331 
vn -0.708661 0.669291 0.220472 
vn -0.0551181 0.669291 -0.740157 
vn -0.92126 0.188976 -0.346457 
vn -0.0787402 0.503937 -0.858268 
vn -0.92126 0.0629921 -0.377953 
vn 0.811024 0.19685 -0.551181 
vn -0.0944882 0.267717 -0.96063 
vn -0.0944882 -0.023622 -0.992126 
vn -0.92126 -0.023622 -0.385827 
vn 0.818898 0 -0.574803 
vn 0.874016 -0.0944882 0.472441 
vn -0.0866142 -0.314961 -0.944882 
vn -0.92126 -0.110236 -0.377953 
vn 0.866142 0.023622 0.496063 
vn 0.0708661 0.023622 1 
vn 0.866142 0.141732 0.472441 
vn -0.0708661 -0.559055 -0.826772 
vn -0.92126 -0.212598 -0.338583 
vn 0.818898 -0.204724 -0.535433 
vn 0.818898 -0.330709 -0.464567 
vn 0.874016 0.267717 0.409449 
vn -0.913386 -0.346457 -0.220472 
vn 0.834646 -0.393701 -0.393701 
vn 0.866142 0.417323 0.283465 
vn -0.0472441 -0.771654 -0.637795 
vn -0.874016 -0.480315 0.023622 
vn 0.84252 -0.417323 -0.346457 
vn 0 -0.937008 -0.354331 
vn 0.0472441 -1 -0.0629921 
vn -0.795276 -0.527559 0.291339 
vn 0.818898 -0.456693 -0.338583 
vn 0.771654 0.582677 -0.259843 
vn 0.716535 0.527559 -0.456693 
vn 0.787402 -0.503937 -0.362205 
vn 0.677165 0.488189 -0.551181 
vn 0.0708661 -0.992126 0.0866142 
vn -0.716535 -0.519685 0.464567 
vn 0.732283 -0.535433 -0.417323 
vn 0.708661 -0.543307 -0.448819 
vn 0.0708661 -0.992126 0.110236 
vn -0.669291 -0.503937 0.551181 
vn 0.0472441 -0.992126 0.11811 
vn -0.661417 -0.472441 0.574803 
vn 0.0551181 -0.984252 0.165354 
vn 0.748031 -0.535433 -0.393701 
vn -0.685039 -0.472441 0.559055 
vn 0.0708661 -0.976378 0.19685 
vn -0.700787 -0.472441 0.535433 
vn 0.188976 0.708661 0.677165 
vn 0 0.685039 0.732283 
vn 0.181102 0.708661 0.677165 
vn 0.299213 0.771654 0.559055 
vn 0 0.685039 0.732283 
vn 0.299213 0.771654 0.559055 
vn -0.181102 0.708661 0.677165 
vn 0.401575 0.787402 0.464567 
vn -0.188976 0.708661 0.677165 
vn 0.401575 0.787402 0.464567 
vn 0.456693 0.795276 0.393701 
vn 0.464567 0.795276 0.393701 
vn -0.307087 0.771654 0.559055 
vn -0.299213 0.771654 0.559055 
vn -0.401575 0.787402 0.464567 
vn -0.401575 0.787402 0.464567 
vn -0.456693 0.795276 0.393701 
vn -0.464567 0.795276 0.393701 
vn 0.92126 -0.110236 -0.377953 
vn 0.92126 -0.212598 -0.338583 
vn 0.76378 0.220472 0.614173 
vn 0.92126 -0.023622 -0.385827 
vn 0.755906 0 0.653543 
vn -0.0708661 0.023622 1 
vn -0.0708661 0.314961 0.944882 
vn 0.755906 -0.204724 0.622047 
vn 0.92126 0.0629921 -0.377953 
vn -0.866142 0.141732 0.472441 
vn -0.874016 0.267717 0.409449 
vn 0.755906 -0.338583 0.566929 
vn 0.92126 0.188976 -0.346457 
vn -0.0866142 -0.267717 0.96063 
vn 0.905512 0.338583 -0.267717 
vn -0.866142 0.023622 0.496063 
vn 0.76378 -0.377953 0.519685 
vn 0.866142 0.472441 -0.149606 
vn -0.0944882 -0.503937 0.858268 
vn -0.874016 -0.0944882 0.472441 
vn -0.88189 -0.228346 0.409449 
vn -0.818898 0 -0.574803 
vn 0.779528 -0.385827 0.496063 
vn 0.834646 0.551181 -0.0393701 
vn -0.0866142 -0.669291 0.732283 
vn -0.874016 -0.370079 0.307087 
vn -0.0629921 -0.795276 0.606299 
vn -0.850394 -0.496063 0.181102 
vn 0.787402 -0.377953 0.480315 
vn -0.0314961 -0.874016 0.488189 
vn 0.795276 -0.370079 0.480315 
vn 0.795276 0.598425 0.0551181 
vn 0 -0.913386 0.401575 
vn -0.818898 -0.574803 0.0551181 
vn 0.795276 -0.362205 0.488189 
vn 0.76378 0.629921 0.11811 
vn 0.023622 -0.937008 0.346457 
vn -0.787402 -0.614173 -0.0393701 
vn -0.818898 0.330709 -0.464567 
vn -0.826772 0.330709 -0.464567 
vn -0.811024 0.338583 -0.472441 
vn -0.818898 0.330709 -0.464567 
vn -0.76378 -0.637795 -0.110236 
vn 0.00787402 0.866142 -0.496063 
vn 0.015748 -0.952756 0.307087 
vn 0.0314961 0.787402 -0.614173 
vn -0.80315 0.338583 -0.488189 
vn -0.015748 0.913386 -0.409449 
vn 0.795276 0.598425 0.0551181 
vn 0.834646 0.551181 -0.0393701 
vn 0.76378 0.629921 0.11811 
vn 0.866142 0.472441 -0.149606 
vn 0.905512 0.338583 -0.267717 
vn -0.0393701 0.937008 -0.354331 
vn 0.708661 0.669291 0.220472 
vn 0.0551181 0.669291 -0.740157 
vn 0.92126 0.188976 -0.346457 
vn -0.811024 0.307087 -0.496063 
vn 0.0787402 0.503937 -0.858268 
vn 0.92126 0.0629921 -0.377953 
vn -0.811024 0.19685 -0.551181 
vn 0.0944882 0.267717 -0.96063 
vn 0.0944882 -0.023622 -0.992126 
vn 0.92126 -0.023622 -0.385827 
vn 0.0866142 -0.314961 -0.944882 
vn 0.92126 -0.110236 -0.377953 
vn -0.818898 -0.204724 -0.535433 
vn 0.0708661 -0.559055 -0.826772 
vn 0.92126 -0.212598 -0.338583 
vn -0.818898 -0.330709 -0.464567 
vn 0.913386 -0.346457 -0.220472 
vn -0.834646 -0.393701 -0.393701 
vn -0.866142 0.417323 0.283465 
vn 0.0393701 -0.771654 -0.637795 
vn 0.874016 -0.480315 0.023622 
vn -0.84252 -0.417323 -0.346457 
vn 0 -0.937008 -0.354331 
vn -0.0472441 -1 -0.0629921 
vn 0.795276 -0.527559 0.291339 
vn -0.818898 -0.456693 -0.338583 
vn -0.771654 0.582677 -0.259843 
vn -0.716535 0.527559 -0.456693 
vn -0.787402 -0.503937 -0.362205 
vn -0.677165 0.488189 -0.551181 
vn -0.0708661 -0.992126 0.0866142 
vn 0.716535 -0.519685 0.464567 
vn -0.732283 -0.535433 -0.417323 
vn -0.708661 -0.543307 -0.448819 
vn -0.0708661 -0.992126 0.110236 
vn 0.669291 -0.503937 0.551181 
vn -0.0472441 -0.992126 0.11811 
vn 0.661417 -0.472441 0.574803 
vn -0.0551181 -0.984252 0.165354 
vn -0.748031 -0.535433 -0.393701 
vn 0.685039 -0.472441 0.559055 
vn -0.0708661 -0.976378 0.19685 
vn 0.700787 -0.472441 0.535433 
vn 0.401575 0.787402 0.464567 
vn 0.464567 0.795276 0.393701 
vn 0.464567 0.795276 0.393701 
vn 0.401575 0.787402 0.464567 
vn 0.314961 0.771654 0.551181 
vn 0.299213 0.771654 0.559055 
vn 0.188976 0.708661 0.677165 
vn 0.188976 0.708661 0.677165 
vn 0 0.685039 0.724409 
vn 0 0.685039 0.732283 
vn -0.188976 0.708661 0.677165 
vn -0.188976 0.708661 0.677165 
vn -0.314961 0.771654 0.551181 
vn -0.307087 0.771654 0.559055 
vn -0.401575 0.787402 0.464567 
vn -0.401575 0.787402 0.464567 
vn -0.464567 0.795276 0.393701 
vn -0.464567 0.795276 0.393701 
vn -0.724409 -0.653543 -0.228346 
vn -0.771654 0.307087 -0.559055 
vn -0.677165 -0.677165 -0.291339 
vn -0.0629921 0.937008 -0.338583 
vn -0.724409 0.307087 -0.614173 
vn -0.0472441 0.952756 -0.307087 
vn 0.677165 0.669291 0.291339 
vn -0.015748 0.96063 -0.283465 
vn 0.692913 0.661417 0.299213 
vn -0.724409 0.322835 -0.606299 
vn -0.669291 -0.692913 -0.275591 
vn 0.0472441 -0.944882 0.314961 
vn 0.0787402 -0.944882 0.322835 
vn 0.748031 -0.346457 0.566929 
vn 0.708661 0.669291 0.220472 
vn 0.724409 -0.307087 0.614173 
vn 0.740157 -0.299213 0.606299 
vn 0.677165 0.669291 0.291339 
vn 0.692913 0.661417 0.299213 
vn 0.724409 -0.653543 -0.228346 
vn 0.771654 0.307087 -0.559055 
vn 0.677165 -0.677165 -0.291339 
vn 0.0629921 0.937008 -0.338583 
vn 0.724409 0.307087 -0.614173 
vn 0.0393701 0.952756 -0.307087 
vn -0.677165 0.677165 0.291339 
vn 0.015748 0.96063 -0.283465 
vn -0.692913 0.661417 0.299213 
vn 0.724409 0.322835 -0.606299 
vn 0.669291 -0.692913 -0.275591 
vn -0.0472441 -0.944882 0.314961 
vn -0.0787402 -0.944882 0.322835 
vn -0.748031 -0.346457 0.566929 
vn -0.708661 0.669291 0.220472 
vn -0.724409 -0.307087 0.614173 
vn -0.740157 -0.299213 0.606299 
vn -0.677165 0.677165 0.291339 
vn -0.692913 0.661417 0.299213 
vn -0.677165 0.511811 -0.527559 
vn 0.0787402 0.984252 -0.149606 
vn 0.0944882 0.976378 -0.181102 
vn 0.779528 0.535433 0.338583 
vn -0.669291 0.503937 -0.551181 
vn -0.779528 -0.527559 -0.338583 
vn 0.0551181 0.992126 -0.11811 
vn 0.748031 0.543307 0.385827 
vn 0.685039 -0.472441 0.559055 
vn 0.700787 -0.472441 0.535433 
vn 0.708661 0.551181 0.448819 
vn 0.661417 -0.472441 0.574803 
vn 0.724409 0.551181 0.417323 
vn 0.669291 -0.503937 0.551181 
vn -0.661417 0.480315 -0.574803 
vn 0.76378 0.551181 0.346457 
vn 0.716535 -0.519685 0.464567 
vn 0.0472441 0.992126 -0.133858 
vn 0.795276 -0.527559 0.291339 
vn 0.76378 0.566929 0.314961 
vn 0.0393701 0.992126 -0.110236 
vn 0.874016 -0.480315 0.023622 
vn 0.748031 0.543307 0.370079 
vn 0 1 0.0472441 
vn 0.755906 0.472441 0.448819 
vn 0.913386 -0.346457 -0.220472 
vn -0.0472441 0.937008 0.346457 
vn 0.76378 0.370079 0.535433 
vn -0.826772 0.559055 0.0393701 
vn -0.0708661 0.771654 0.637795 
vn -0.0787402 0.559055 0.826772 
vn -0.0787402 0.984252 -0.149606 
vn 0.677165 0.511811 -0.527559 
vn -0.0944882 0.976378 -0.181102 
vn -0.779528 0.535433 0.338583 
vn 0.669291 0.503937 -0.551181 
vn 0.779528 -0.527559 -0.338583 
vn -0.0551181 0.992126 -0.11811 
vn 0.661417 0.480315 -0.574803 
vn -0.748031 0.543307 0.385827 
vn -0.685039 -0.472441 0.559055 
vn -0.700787 -0.472441 0.535433 
vn -0.708661 0.551181 0.448819 
vn -0.661417 -0.472441 0.574803 
vn -0.724409 0.551181 0.417323 
vn -0.669291 -0.503937 0.551181 
vn -0.0472441 0.992126 -0.133858 
vn -0.76378 0.551181 0.346457 
vn -0.716535 -0.519685 0.464567 
vn -0.795276 -0.527559 0.291339 
vn -0.76378 0.566929 0.314961 
vn -0.874016 -0.480315 0.023622 
vn -0.0393701 0.992126 -0.110236 
vn 0 1 0.0472441 
vn -0.748031 0.543307 0.370079 
vn 0.0472441 0.937008 0.346457 
vn -0.755906 0.472441 0.448819 
vn -0.913386 -0.346457 -0.220472 
vn 0.826772 0.559055 0.0393701 
vn -0.76378 0.370079 0.535433 
vn -0.92126 -0.212598 -0.338583 
vn 0.0708661 0.771654 0.637795 
vn -0.76378 0.220472 0.614173 
vn -0.92126 -0.110236 -0.377953 
vn 0.0708661 0.559055 0.826772 
vn -0.92126 -0.023622 -0.385827 
vn 0.0708661 0.314961 0.944882 
vn -0.755906 0 0.653543 
vn -0.755906 -0.204724 0.622047 
vn 0.251969 -0.488189 -0.834646 
vn 0.23622 -0.503937 -0.826772 
vn 0.251969 -0.488189 -0.834646 
vn 0.204724 -0.543307 -0.811024 
vn -0.251969 -0.488189 -0.834646 
vn -0.23622 -0.503937 -0.826772 
vn -0.212598 -0.543307 -0.811024 
vn -0.251969 -0.488189 -0.834646 
vn 0.204724 -0.417323 -0.889764 
vn 0.188976 -0.425197 -0.88189 
vn 0.204724 -0.417323 -0.889764 
vn -0.0629921 -0.535433 -0.84252 
vn -0.204724 -0.417323 -0.889764 
vn -0.188976 -0.425197 -0.88189 
vn -0.204724 -0.417323 -0.889764 
vn 0.0629921 -0.535433 -0.84252 
vn 0.393701 -0.244094 -0.889764 
vn 0.393701 -0.244094 -0.889764 
vn 0.393701 -0.244094 -0.889764 
vn 0.393701 -0.244094 -0.889764 
vn 0.393701 -0.244094 -0.889764 
vn 0.393701 -0.244094 -0.889764 
vn 0.393701 -0.244094 -0.889764 
vn 0.393701 -0.244094 -0.889764 
vn -0.393701 -0.244094 -0.889764 
vn -0.393701 -0.244094 -0.889764 
vn -0.393701 -0.244094 -0.889764 
vn -0.393701 -0.244094 -0.889764 
vn -0.393701 -0.244094 -0.889764 
vn -0.393701 -0.244094 -0.889764 
vn -0.393701 -0.244094 -0.889764 
vn -0.393701 -0.244094 -0.889764 
vn -0.314961 -0.606299 -0.732283 
vn 0 -0.677165 -0.740157 
vn 0 0.480315 0.874016 
vn 0.314961 -0.606299 -0.732283 
vn -0.496063 -0.488189 -0.716535 
vn 0.330709 0.448819 0.826772 
vn 0.496063 -0.488189 -0.716535 
vn -0.330709 0.448819 0.826772 
vn 0.472441 0.370079 0.795276 
vn -0.622047 -0.314961 -0.716535 
vn 0.622047 -0.314961 -0.716535 
vn -0.472441 0.370079 0.795276 
vn 0 0.496063 0.866142 
vn -0.338583 0.448819 0.826772 
vn 0.338583 0.448819 0.826772 
vn 0 0.496063 0.874016 
vn -0.511811 0.291339 0.811024 
vn -0.354331 0.425197 0.834646 
vn -0.669291 0.267717 0.692913 
vn 0.251969 0.80315 -0.535433 
vn -0.968504 0.0866142 0.23622 
vn -0.692913 0.125984 0.708661 
vn -0.944882 -0.0472441 0.330709 
vn -0.740157 0.0944882 0.661417 
vn -0.952756 0.015748 0.314961 
vn -0.527559 0.244094 0.818898 
vn -0.370079 0.354331 0.858268 
vn 0 0.417323 0.913386 
vn -0.511811 0.204724 0.834646 
vn -0.629921 -0.0314961 0.771654 
vn 0 0.590551 0.811024 
vn -0.606299 0.314961 0.732283 
vn -0.370079 0.472441 0.795276 
vn 0.354331 0.425197 0.834646 
vn 0.370079 0.354331 0.858268 
vn 0.511811 0.291339 0.811024 
vn 0.669291 0.267717 0.692913 
vn 0.527559 0.244094 0.818898 
vn 0.692913 0.125984 0.708661 
vn -0.251969 0.80315 -0.535433 
vn 0.968504 0.0866142 0.23622 
vn 0.944882 -0.0472441 0.330709 
vn 0.740157 0.0944882 0.661417 
vn 0.952756 0.015748 0.314961 
vn 0.503937 0.204724 0.834646 
vn 0.629921 -0.0314961 0.771654 
vn 0.370079 0.472441 0.795276 
vn 0.606299 0.314961 0.732283 
vn 0.385827 0.480315 0.787402 
vn 0 0.519685 0.858268 
vn 0.732283 0.251969 0.629921 
vn 0.740157 0.00787402 0.669291 
vn 0.834646 0.125984 0.535433 
vn 0.866142 0.204724 0.448819 
vn -0.385827 0.480315 0.787402 
vn 0 0.251969 0.968504 
vn 0.740157 0.393701 0.543307 
vn 0.708661 -0.0866142 0.700787 
vn 0.858268 -0.275591 0.433071 
vn 0.566929 0.433071 0.700787 
vn 0.559055 0.0866142 0.826772 
vn 0.393701 0.228346 0.889764 
vn 0.740157 -0.0472441 0.669291 
vn 0.897638 -0.125984 0.417323 
vn 0.724409 0.283465 0.622047 
vn 0.23622 0.96063 -0.149606 
vn 0.574803 0.0393701 0.818898 
vn 0.566929 0.141732 0.811024 
vn 0.566929 0.15748 0.811024 
vn 0.393701 0.11811 0.913386 
vn 0.385827 0.110236 0.913386 
vn 0.385827 0.244094 0.889764 
vn -0.622047 0.0866142 0.779528 
vn -0.677165 0.440945 0.582677 
vn -0.543307 0.440945 0.716535 
vn -0.338583 0.440945 0.826772 
vn -0.818898 -0.0944882 0.559055 
vn -0.905512 0.0551181 0.417323 
vn -0.874016 -0.299213 0.385827 
vn -0.370079 0.267717 0.889764 
vn -0.385827 0.0866142 0.92126 
vn 0 0.543307 0.84252 
vn 0 0.299213 0.952756 
vn -0.787402 -0.188976 0.582677 
vn -0.874016 -0.220472 0.440945 
vn -0.637795 -0.125984 0.76378 
vn -0.811024 -0.480315 0.338583 
vn 0.362205 -0.23622 -0.897638 
vn 0 -0.181102 -0.984252 
vn -0.795276 -0.15748 0.590551 
vn -0.834646 -0.228346 0.503937 
vn -0.401575 -0.0866142 0.913386 
vn -0.362205 -0.23622 -0.897638 
vn 0.401575 -0.0866142 0.913386 
vn -0.637795 -0.125984 0.76378 
vn -0.80315 -0.188976 0.566929 
vn -0.811024 -0.181102 0.559055 
vn -0.818898 -0.228346 0.527559 
vn -0.645669 -0.188976 0.740157 
vn -0.393701 -0.125984 0.905512 
vn -0.818898 -0.212598 0.543307 
vn -0.818898 -0.259843 0.511811 
vn -0.677165 -0.15748 0.716535 
vn -0.385827 -0.244094 0.889764 
vn 0 -0.15748 0.984252 
vn 0 -0.0866142 0.992126 
vn -0.795276 -0.393701 0.464567 
vn -0.795276 -0.362205 0.480315 
vn -0.330709 -0.937008 0.110236 
vn 0.716535 -0.511811 -0.480315 
vn -0.685039 -0.472441 0.559055 
vn 0.283465 0.76378 -0.574803 
vn 0.503937 0.661417 -0.551181 
vn -0.653543 -0.19685 0.732283 
vn 0 -0.566929 0.818898 
vn 0 0.811024 -0.590551 
vn -0.283465 0.76378 -0.574803 
vn -0.370079 -0.133858 0.92126 
vn -0.377953 -0.141732 0.913386 
vn -0.370079 -0.574803 0.732283 
vn 0 -0.11811 0.992126 
vn 0.370079 -0.574803 0.732283 
vn 0 -0.149606 0.992126 
vn 0 -0.291339 0.952756 
vn 0.370079 -0.133858 0.92126 
vn 0.677165 -0.472441 0.559055 
vn -0.503937 0.661417 -0.551181 
vn 0.377953 -0.141732 0.913386 
vn 0.653543 -0.19685 0.732283 
vn 0.818898 -0.212598 0.535433 
vn 0.385827 -0.244094 0.889764 
vn 0.677165 -0.15748 0.716535 
vn 0.393701 -0.125984 0.905512 
vn 0.645669 -0.188976 0.740157 
vn 0.637795 -0.125984 0.76378 
vn 0.637795 -0.125984 0.76378 
vn 0.811024 -0.181102 0.559055 
vn 0.80315 -0.188976 0.566929 
vn 0.795276 -0.15748 0.590551 
vn 0.834646 -0.228346 0.503937 
vn 0.818898 -0.228346 0.527559 
vn 0.874016 -0.220472 0.440945 
vn 0.818898 -0.259843 0.511811 
vn 0.787402 -0.188976 0.582677 
vn 0.874016 -0.299213 0.385827 
vn 0.811024 -0.480315 0.338583 
vn 0.818898 -0.0944882 0.559055 
vn 0.905512 0.0551181 0.425197 
vn 0.787402 -0.393701 0.464567 
vn 0.795276 -0.362205 0.480315 
vn 0.330709 -0.937008 0.110236 
vn -0.708661 -0.511811 -0.480315 
vn 0.677165 0.440945 0.582677 
vn 0.543307 0.440945 0.716535 
vn 0.748031 -0.0944882 0.661417 
vn 0.622047 0.0866142 0.779528 
vn 0.338583 0.440945 0.826772 
vn 0.724409 -0.244094 0.645669 
vn 0.566929 -0.598425 0.574803 
vn 0.574803 -0.0866142 -0.818898 
vn 0.716535 -0.00787402 0.692913 
vn 0.645669 -0.0393701 0.76378 
vn 0.102362 0.992126 0.0787402 
vn 0.370079 0.267717 0.889764 
vn 0.385827 0.0866142 0.92126 
vn 0.598425 -0.11811 0.787402 
vn 0.551181 0.669291 0.496063 
vn 0.535433 0.338583 0.771654 
vn 0.401575 -0.0551181 0.913386 
vn 0 0.0708661 1 
vn -0.401575 -0.0551181 0.913386 
vn 0 -0.11811 0.992126 
vn -0.417323 0.0472441 0.905512 
vn 0.622047 0.015748 0.779528 
vn 0.417323 0.0472441 0.905512 
vn 0 0.0393701 1 
vn -0.425197 0.11811 0.897638 
vn 0.629921 -0.00787402 0.771654 
vn 0.425197 0.11811 0.897638 
vn 0.76378 -0.0866142 0.645669 
vn 0 0.15748 0.984252 
vn -0.370079 0.330709 0.866142 
vn 0 0.385827 0.92126 
vn 0.370079 0.330709 0.866142 
vn 0.669291 0.125984 0.732283 
vn 0.771654 0.0944882 0.629921 
vn 0.598425 0.165354 0.779528 
vn 0.913386 -0.0551181 0.409449 
vn 0.740157 -0.0787402 0.669291 
vn 0.732283 0.023622 0.677165 
vn 0.866142 -0.023622 0.503937 
vn 0.80315 -0.330709 0.496063 
vn 0.897638 -0.133858 0.425197 
vn 0.748031 -0.0314961 0.661417 
vn 0.874016 -0.0472441 0.488189 
vn 0.314961 0 -0.952756 
vn 0.346457 -0.0866142 -0.937008 
vn 0.251969 0.015748 -0.968504 
vn 0.338583 -0.0393701 -0.937008 
vn 0.425197 -0.188976 -0.88189 
vn 0.425197 -0.330709 -0.84252 
vn -0.425197 -0.188976 -0.88189 
vn -0.338583 -0.0393701 -0.937008 
vn -0.346457 -0.0866142 -0.937008 
vn -0.425197 -0.330709 -0.84252 
vn -0.314961 0 -0.952756 
vn -0.251969 0.015748 -0.968504 
vn 0.393701 -0.259843 -0.88189 
vn 0.393701 -0.259843 -0.88189 
vn 0.393701 -0.259843 -0.88189 
vn 0.393701 -0.259843 -0.88189 
vn 0.393701 -0.259843 -0.88189 
vn 0.393701 -0.259843 -0.88189 
vn 0.393701 -0.259843 -0.88189 
vn 0.393701 -0.259843 -0.88189 
vn -0.393701 -0.259843 -0.88189 
vn -0.393701 -0.259843 -0.88189 
vn -0.393701 -0.259843 -0.88189 
vn -0.393701 -0.259843 -0.88189 
vn -0.393701 -0.259843 -0.88189 
vn -0.393701 -0.259843 -0.88189 
vn -0.393701 -0.259843 -0.88189 
vn -0.393701 -0.259843 -0.88189 
vn -0.559055 -0.15748 -0.818898 
vn -0.590551 0.401575 -0.700787 
vn -0.748031 -0.322835 -0.574803 
vn -0.834646 -0.551181 -0.0551181 
vn 0.141732 0.952756 -0.259843 
vn 0.748031 -0.322835 -0.574803 
vn 0.590551 0.401575 -0.700787 
vn 0.559055 -0.15748 -0.818898 
vn 0.834646 -0.551181 -0.0551181 
vn -0.141732 0.952756 -0.259843 
vn 0 0.125984 0.992126 
vn 0 0.110236 0.992126 
vn 0 0.275591 0.96063 
vn -0.393701 0.228346 0.889764 
vn -0.393701 0.11811 0.913386 
vn -0.385827 0.110236 0.913386 
vn -0.566929 0.433071 0.700787 
vn -0.559055 0.0866142 0.826772 
vn -0.566929 0.0393701 0.818898 
vn -0.740157 0.393701 0.543307 
vn -0.708661 -0.0866142 0.700787 
vn -0.866142 0.204724 0.448819 
vn -0.732283 0.251969 0.629921 
vn -0.740157 0.00787402 0.669291 
vn -0.834646 0.125984 0.535433 
vn -0.228346 -0.0708661 0.968504 
vn 0.566929 -0.598425 0.574803 
vn 0.574803 -0.0866142 -0.818898 
vn -0.566929 -0.598425 0.574803 
vn 0.228346 -0.0708661 0.968504 
vn -0.574803 -0.0866142 -0.818898 
vn -0.858268 -0.275591 0.433071 
vn -0.740157 -0.0472441 0.669291 
vn -0.897638 -0.125984 0.417323 
vn -0.724409 0.283465 0.622047 
vn -0.23622 0.96063 -0.149606 
vn -0.566929 0.141732 0.811024 
vn -0.566929 0.15748 0.80315 
vn -0.385827 0.244094 0.889764 
vn 0 0.377953 0.929134 
vn -0.377953 0.322835 0.866142 
vn 0.377953 0.322835 0.866142 
vn -0.598425 0.165354 0.779528 
vn -0.740157 -0.0787402 0.669291 
vn -0.732283 0.023622 0.677165 
vn -0.866142 -0.023622 0.503937 
vn -0.80315 -0.330709 0.496063 
vn -0.913386 -0.0551181 0.409449 
vn -0.771654 0.0944882 0.629921 
vn -0.669291 0.125984 0.732283 
vn -0.76378 -0.0866142 0.645669 
vn -0.897638 -0.133858 0.425197 
vn -0.748031 -0.0314961 0.661417 
vn -0.874016 -0.0472441 0.488189 
vn -0.102362 0.992126 0.0787402 
vn -0.622047 0.015748 0.779528 
vn -0.551181 0.669291 0.496063 
vn -0.716535 -0.00787402 0.692913 
vn -0.629921 -0.00787402 0.771654 
vn -0.645669 -0.0393701 0.76378 
vn -0.535433 0.338583 0.771654 
vn -0.566929 -0.598425 0.574803 
vn -0.598425 -0.11811 0.795276 
vn -0.724409 -0.244094 0.645669 
vn -0.748031 -0.0944882 0.661417 
vn -0.574803 -0.0866142 -0.818898 
vn -0.527559 -0.0551181 -0.84252 
vn -0.204724 0.889764 -0.401575 
vn -0.637795 -0.535433 -0.551181 
vn 0.141732 -0.992126 0 
vn -0.614173 0.0551181 -0.787402 
vn -0.748031 0.228346 -0.629921 
vn 0.637795 -0.535433 -0.551181 
vn 0.204724 0.889764 -0.401575 
vn 0.527559 -0.0551181 -0.84252 
vn -0.141732 -0.992126 0.00787402 
vn 0.748031 0.228346 -0.629921 
vn 0.614173 0.0551181 -0.787402 

vt 0.801051 0.254272 
vt 0.795805 0.25719 
vt 0.798475 0.253981 
vt 0.793858 0.252969 
vt 0.0235754 0.257162 
vt 0.0183293 0.254246 
vt 0.0209051 0.253954 
vt 0.0255223 0.252942 
vt 0.776216 0.317761 
vt 0.777719 0.315317 
vt 0.778386 0.317729 
vt 0.781753 0.314417 
vt 0.777963 0.311766 
vt 0.782769 0.31157 
vt 0.0376089 0.31438 
vt 0.0416449 0.315284 
vt 0.0409767 0.317695 
vt 0.0431468 0.317728 
vt 0.0414028 0.311732 
vt 0.0365958 0.311531 
vt 0.79866 0.180317 
vt 0.804732 0.180008 
vt 0.803156 0.181575 
vt 0.798349 0.183052 
vt 0.0210308 0.183032 
vt 0.0162244 0.181555 
vt 0.0146484 0.179987 
vt 0.0207199 0.180297 
vt 0.409675 0.485444 
vt 0.522594 0.479139 
vt 0.409675 0.486637 
vt 0.296756 0.479132 
vt 0.522761 0.477992 
vt 0.618552 0.460647 
vt 0.296589 0.477985 
vt 0.200798 0.460634 
vt 0.409676 0.469195 
vt 0.618227 0.45914 
vt 0.201122 0.459126 
vt 0.519688 0.462189 
vt 0.299664 0.462183 
vt 0.409677 0.454714 
vt 0.0825108 0.435784 
vt 0.0823262 0.437873 
vt 0.0525759 0.431231 
vt 0.0528241 0.433026 
vt 0.0496077 0.4192 
vt 0.0822167 0.420706 
vt 0.0483248 0.405059 
vt 0.206162 0.444712 
vt 0.298313 0.447963 
vt 0.20423 0.430947 
vt 0.0824829 0.405183 
vt 0.0467839 0.382758 
vt 0.300914 0.428286 
vt 0.205879 0.411661 
vt 0.0819892 0.381733 
vt 0.0795563 0.361052 
vt 0.0423184 0.356779 
vt 0.204794 0.378761 
vt 0.3032 0.392413 
vt 0.395384 0.520302 
vt 0.503475 0.530354 
vt 0.503608 0.531252 
vt 0.59652 0.546283 
vt 0.287189 0.529949 
vt 0.287047 0.530846 
vt 0.193948 0.545569 
vt 0.193702 0.545384 
vt 0.0766755 0.570431 
vt 0.0766695 0.570279 
vt 0.713548 0.571571 
vt 0.596769 0.546099 
vt 0.713555 0.571419 
vt 0.525226 0.0234524 
vt 0.40969 0.0275617 
vt 0.525225 0.0208179 
vt 0.40969 0.0304734 
vt 0.637039 0.0441214 
vt 0.637794 0.0414765 
vt 0.294153 0.0234471 
vt 0.294154 0.0208125 
vt 0.40969 0.0621394 
vt 0.523131 0.0547259 
vt 0.760276 0.0868172 
vt 0.760863 0.0838481 
vt 0.794376 0.0959755 
vt 0.794431 0.0933724 
vt 0.633185 0.073319 
vt 0.759201 0.110533 
vt 0.796697 0.119415 
vt 0.763077 0.167114 
vt 0.79866 0.180317 
vt 0.629273 0.108301 
vt 0.521213 0.0867558 
vt 0.764201 0.171617 
vt 0.798349 0.183052 
vt 0.62751 0.128084 
vt 0.798653 0.185749 
vt 0.519584 0.109716 
vt 0.761618 0.177459 
vt 0.793973 0.194462 
vt 0.630415 0.139383 
vt 0.517121 0.118807 
vt 0.40969 0.109459 
vt 0.759916 0.187559 
vt 0.623926 0.155465 
vt 0.40969 0.119914 
vt 0.517372 0.129406 
vt 0.758376 0.200535 
vt 0.794086 0.20644 
vt 0.622713 0.170171 
vt 0.51779 0.152937 
vt 0.75825 0.228745 
vt 0.795687 0.235039 
vt 0.622997 0.193863 
vt 0.518464 0.175231 
vt 0.600055 0.746219 
vt 0.599951 0.744451 
vt 0.721982 0.727135 
vt 0.494819 0.741201 
vt 0.0672189 0.726633 
vt 0.189359 0.744088 
vt 0.18926 0.745859 
vt 0.294524 0.740998 
vt 0.743961 0.670505 
vt 0.740527 0.667513 
vt 0.748057 0.667582 
vt 0.741288 0.668249 
vt 0.748284 0.661699 
vt 0.739851 0.661713 
vt 0.750048 0.648844 
vt 0.740917 0.647723 
vt 0.743711 0.623948 
vt 0.753264 0.624557 
vt 0.74515 0.602526 
vt 0.754783 0.602632 
vt 0.745919 0.589523 
vt 0.755326 0.587843 
vt 0.744462 0.5796 
vt 0.7509 0.573656 
vt 0.749557 0.572095 
vt 0.744304 0.579329 
vt 0.0406891 0.570646 
vt 0.0457056 0.578209 
vt 0.0393304 0.572193 
vt 0.0458671 0.57794 
vt 0.0347575 0.586349 
vt 0.0441448 0.588134 
vt 0.0351481 0.601175 
vt 0.0447816 0.601178 
vt 0.0364508 0.623191 
vt 0.0460117 0.622696 
vt 0.0394325 0.647646 
vt 0.0485785 0.646644 
vt 0.0494995 0.66076 
vt 0.0410633 0.660631 
vt 0.0487543 0.66661 
vt 0.0411891 0.666582 
vt 0.0452115 0.669633 
vt 0.0479567 0.667361 
vt 0.784746 0.340811 
vt 0.777039 0.356811 
vt 0.778538 0.341566 
vt 0.783488 0.356687 
vt 0.784061 0.330273 
vt 0.778959 0.382589 
vt 0.778233 0.331469 
vt 0.783142 0.321972 
vt 0.778476 0.322372 
vt 0.772571 0.382789 
vt 0.777462 0.405275 
vt 0.771027 0.405091 
vt 0.775824 0.420299 
vt 0.769743 0.419231 
vt 0.77203 0.434575 
vt 0.766773 0.431262 
vt 0.77108 0.436779 
vt 0.766525 0.433056 
vt 0.0408211 0.341532 
vt 0.0423184 0.356779 
vt 0.0346136 0.340777 
vt 0.0358695 0.356653 
vt 0.0352999 0.330239 
vt 0.040396 0.382556 
vt 0.041128 0.331435 
vt 0.0362196 0.321938 
vt 0.0408859 0.322338 
vt 0.0467839 0.382758 
vt 0.0418901 0.405242 
vt 0.0483248 0.405059 
vt 0.0435259 0.420267 
vt 0.0496077 0.4192 
vt 0.0473181 0.434544 
vt 0.0525759 0.431231 
vt 0.048268 0.436748 
vt 0.0528241 0.433026 
vt 0.395009 0.973265 
vt 0.505262 0.975634 
vt 0.505272 0.976097 
vt 0.611707 0.959936 
vt 0.611815 0.960481 
vt 0.732502 0.92685 
vt 0.73261 0.926362 
vt 0.284809 0.975618 
vt 0.284801 0.976081 
vt 0.178334 0.96 
vt 0.178229 0.960546 
vt 0.0574564 0.927123 
vt 0.0573455 0.926635 
vt 0.732752 0.849106 
vt 0.732019 0.853095 
vt 0.60506 0.900638 
vt 0.763419 0.843054 
vt 0.762537 0.83721 
vt 0.184661 0.900605 
vt 0.0575831 0.853184 
vt 0.0568301 0.849184 
vt 0.0261513 0.843286 
vt 0.0270053 0.837419 
vt 0.755842 0.244425 
vt 0.793858 0.252969 
vt 0.623815 0.232095 
vt 0.75967 0.247011 
vt 0.795805 0.25719 
vt 0.756667 0.24856 
vt 0.62434 0.240394 
vt 0.518727 0.206048 
vt 0.518568 0.226829 
vt 0.409688 0.207963 
vt 0.409688 0.227705 
vt 0.409689 0.177322 
vt 0.409689 0.154917 
vt 0.40969 0.135935 
vt 0.302008 0.129401 
vt 0.30159 0.152931 
vt 0.300914 0.175226 
vt 0.30065 0.206042 
vt 0.196666 0.170159 
vt 0.195453 0.155453 
vt 0.302258 0.118802 
vt 0.196382 0.193851 
vt 0.299796 0.109711 
vt 0.188965 0.139371 
vt 0.0594646 0.187538 
vt 0.0610051 0.200513 
vt 0.191871 0.128072 
vt 0.0254078 0.19444 
vt 0.025295 0.206417 
vt 0.0577621 0.177439 
vt 0.0207274 0.185728 
vt 0.0551801 0.171597 
vt 0.0210308 0.183032 
vt 0.0207199 0.180297 
vt 0.061131 0.228722 
vt 0.0236933 0.235015 
vt 0.0563033 0.167094 
vt 0.0226832 0.119397 
vt 0.190108 0.108289 
vt 0.0601789 0.110515 
vt 0.0250033 0.095958 
vt 0.298167 0.0867504 
vt 0.186195 0.0733081 
vt 0.0591037 0.0868002 
vt 0.0585166 0.0838311 
vt 0.0249489 0.093355 
vt 0.181586 0.0414659 
vt 0.182341 0.0441108 
vt 0.296249 0.0547206 
vt 0.40969 0.0934759 
vt 0.768516 0.834382 
vt 0.762773 0.828576 
vt 0.765774 0.828563 
vt 0.762537 0.83721 
vt 0.769462 0.820272 
vt 0.761987 0.814325 
vt 0.769867 0.812694 
vt 0.761944 0.809358 
vt 0.771862 0.782205 
vt 0.762106 0.782853 
vt 0.76306 0.770039 
vt 0.768293 0.760996 
vt 0.0272306 0.782822 
vt 0.0174696 0.782238 
vt 0.0262355 0.769949 
vt 0.0209634 0.760912 
vt 0.0274806 0.809445 
vt 0.0195732 0.812844 
vt 0.027455 0.814438 
vt 0.0200104 0.82045 
vt 0.0267268 0.828755 
vt 0.0237282 0.82876 
vt 0.0210091 0.834626 
vt 0.0270053 0.837419 
vt 0.802017 0.236043 
vt 0.798475 0.253981 
vt 0.795687 0.235039 
vt 0.793858 0.252969 
vt 0.800369 0.206732 
vt 0.794086 0.20644 
vt 0.798595 0.197117 
vt 0.793973 0.194462 
vt 0.798653 0.185749 
vt 0.800487 0.185634 
vt 0.803156 0.181575 
vt 0.798349 0.183052 
vt 0.0236933 0.235015 
vt 0.0209051 0.253954 
vt 0.0173632 0.236019 
vt 0.0255223 0.252942 
vt 0.0190118 0.20671 
vt 0.025295 0.206417 
vt 0.0207854 0.197096 
vt 0.0254078 0.19444 
vt 0.0207274 0.185728 
vt 0.0188937 0.185614 
vt 0.0162244 0.181555 
vt 0.0210308 0.183032 
vt 0.726009 0.778198 
vt 0.601081 0.768186 
vt 0.731921 0.766832 
vt 0.76306 0.770039 
vt 0.75994 0.761838 
vt 0.188245 0.767873 
vt 0.0633043 0.777965 
vt 0.0573532 0.766545 
vt 0.0262355 0.769949 
vt 0.0293288 0.761687 
vt 0.801051 0.254272 
vt 0.797465 0.26047 
vt 0.795805 0.25719 
vt 0.798653 0.260475 
vt 0.794347 0.270313 
vt 0.789527 0.266699 
vt 0.0207281 0.260447 
vt 0.0183293 0.254246 
vt 0.0219162 0.260441 
vt 0.0235754 0.257162 
vt 0.0250341 0.270283 
vt 0.0298543 0.266669 
vt 0.409678 0.435009 
vt 0.40968 0.397325 
vt 0.304326 0.355771 
vt 0.204824 0.347106 
vt 0.07752 0.345422 
vt 0.0408211 0.341532 
vt 0.204857 0.343672 
vt 0.0762605 0.334839 
vt 0.041128 0.331435 
vt 0.0743059 0.324623 
vt 0.0408859 0.322338 
vt 0.0747291 0.317912 
vt 0.0431468 0.317728 
vt 0.202685 0.323285 
vt 0.204674 0.340787 
vt 0.0724143 0.315127 
vt 0.0416449 0.315284 
vt 0.0414028 0.311732 
vt 0.0732566 0.313563 
vt 0.0381866 0.303111 
vt 0.0709984 0.298084 
vt 0.0339771 0.290527 
vt 0.199389 0.313179 
vt 0.201241 0.318808 
vt 0.0678513 0.279613 
vt 0.0298543 0.266669 
vt 0.197293 0.295771 
vt 0.301732 0.318201 
vt 0.30103 0.323968 
vt 0.303036 0.339526 
vt 0.304299 0.351817 
vt 0.409683 0.345232 
vt 0.304455 0.353901 
vt 0.409682 0.356901 
vt 0.409682 0.359042 
vt 0.409682 0.360977 
vt 0.51633 0.339532 
vt 0.515065 0.351823 
vt 0.514908 0.353907 
vt 0.515037 0.355777 
vt 0.616682 0.323297 
vt 0.518337 0.323973 
vt 0.409683 0.327486 
vt 0.614691 0.340798 
vt 0.614507 0.343684 
vt 0.517636 0.318206 
vt 0.409684 0.322541 
vt 0.3029 0.293358 
vt 0.195667 0.260235 
vt 0.409685 0.2949 
vt 0.0673011 0.255936 
vt 0.30331 0.262992 
vt 0.19557 0.257756 
vt 0.0627127 0.248535 
vt 0.0219162 0.260441 
vt 0.195414 0.255539 
vt 0.303075 0.259421 
vt 0.195036 0.240381 
vt 0.409686 0.263408 
vt 0.302857 0.255525 
vt 0.0235754 0.257162 
vt 0.0597101 0.246986 
vt 0.0255223 0.252942 
vt 0.063538 0.2444 
vt 0.195562 0.232083 
vt 0.300808 0.226824 
vt 0.409687 0.256189 
vt 0.409686 0.260047 
vt 0.516517 0.255531 
vt 0.623961 0.255551 
vt 0.516298 0.259427 
vt 0.516063 0.262998 
vt 0.623804 0.257768 
vt 0.752078 0.255961 
vt 0.789527 0.266699 
vt 0.797465 0.26047 
vt 0.623708 0.260248 
vt 0.751526 0.279638 
vt 0.785402 0.290563 
vt 0.516471 0.293363 
vt 0.622078 0.295783 
vt 0.748374 0.298109 
vt 0.781187 0.303147 
vt 0.746111 0.313587 
vt 0.777963 0.311766 
vt 0.746953 0.315152 
vt 0.777719 0.315317 
vt 0.776216 0.317761 
vt 0.61998 0.313191 
vt 0.618126 0.31882 
vt 0.744637 0.317937 
vt 0.778476 0.322372 
vt 0.745059 0.324648 
vt 0.778233 0.331469 
vt 0.743102 0.334865 
vt 0.778538 0.341566 
vt 0.741841 0.345447 
vt 0.777039 0.356811 
vt 0.614539 0.347118 
vt 0.739802 0.361078 
vt 0.772571 0.382789 
vt 0.614566 0.378773 
vt 0.737366 0.38176 
vt 0.73687 0.40521 
vt 0.771027 0.405091 
vt 0.613477 0.411673 
vt 0.516159 0.392419 
vt 0.518441 0.428293 
vt 0.737134 0.420732 
vt 0.615124 0.43096 
vt 0.521041 0.44797 
vt 0.769743 0.419231 
vt 0.613189 0.444725 
vt 0.736838 0.435811 
vt 0.766773 0.431262 
vt 0.737022 0.4379 
vt 0.766525 0.433056 
vt 0.765314 0.758684 
vt 0.762709 0.749034 
vt 0.764328 0.748658 
vt 0.75994 0.761838 
vt 0.757495 0.733991 
vt 0.766123 0.737516 
vt 0.0317041 0.73367 
vt 0.0249002 0.748464 
vt 0.0230839 0.737265 
vt 0.0265175 0.748833 
vt 0.0239393 0.758559 
vt 0.0293288 0.761687 
vt 0.777963 0.311766 
vt 0.781187 0.303147 
vt 0.782769 0.31157 
vt 0.786538 0.305327 
vt 0.791219 0.292348 
vt 0.785402 0.290563 
vt 0.794347 0.270313 
vt 0.789527 0.266699 
vt 0.0365958 0.311531 
vt 0.0381866 0.303111 
vt 0.0414028 0.311732 
vt 0.0328331 0.305286 
vt 0.0281601 0.29231 
vt 0.0339771 0.290527 
vt 0.0250341 0.270283 
vt 0.0298543 0.266669 
vt 0.493781 0.645122 
vt 0.394858 0.640074 
vt 0.394859 0.639095 
vt 0.295892 0.644845 
vt 0.589803 0.654057 
vt 0.493748 0.645888 
vt 0.295925 0.645611 
vt 0.199783 0.653553 
vt 0.493845 0.647995 
vt 0.394852 0.642696 
vt 0.295819 0.64772 
vt 0.589962 0.654404 
vt 0.589977 0.656034 
vt 0.709829 0.656063 
vt 0.199628 0.6539 
vt 0.199608 0.655533 
vt 0.0796023 0.655253 
vt 0.757495 0.733991 
vt 0.764166 0.710308 
vt 0.766123 0.737516 
vt 0.755503 0.714475 
vt 0.752207 0.704038 
vt 0.754585 0.694956 
vt 0.750177 0.698335 
vt 0.750716 0.685797 
vt 0.0369507 0.703487 
vt 0.0345442 0.694379 
vt 0.0389745 0.69773 
vt 0.0384188 0.685103 
vt 0.0249827 0.709893 
vt 0.0336661 0.714015 
vt 0.0317041 0.73367 
vt 0.0230839 0.737265 
vt 0.771911 0.917672 
vt 0.764489 0.912595 
vt 0.772967 0.91521 
vt 0.764097 0.912868 
vt 0.775149 0.892648 
vt 0.765467 0.893498 
vt 0.770179 0.837021 
vt 0.763419 0.843054 
vt 0.0243344 0.893872 
vt 0.0193584 0.837287 
vt 0.0261513 0.843286 
vt 0.0146484 0.893079 
vt 0.0254138 0.912992 
vt 0.0169509 0.915656 
vt 0.0180197 0.918114 
vt 0.0258077 0.913263 
vt 0.778476 0.322372 
vt 0.776216 0.317761 
vt 0.778386 0.317729 
vt 0.783142 0.321972 
vt 0.0408859 0.322338 
vt 0.0362196 0.321938 
vt 0.0409767 0.317695 
vt 0.0431468 0.317728 
vt 0.59615 0.691953 
vt 0.718305 0.689552 
vt 0.715788 0.704885 
vt 0.193263 0.691497 
vt 0.0734132 0.704268 
vt 0.0709073 0.688857 
vt 0.799737 0.093218 
vt 0.794431 0.0933724 
vt 0.798494 0.0897187 
vt 0.794376 0.0959755 
vt 0.796697 0.119415 
vt 0.802822 0.118706 
vt 0.79866 0.180317 
vt 0.804732 0.180008 
vt 0.0249489 0.093355 
vt 0.0196429 0.0932006 
vt 0.0208859 0.0897014 
vt 0.0250033 0.095958 
vt 0.0226832 0.119397 
vt 0.0165584 0.118688 
vt 0.0207199 0.180297 
vt 0.0146484 0.179987 
vt 0.409689 0.0215163 
vt 0.525175 0.0146543 
vt 0.40969 0.0275617 
vt 0.294204 0.0146489 
vt 0.525225 0.0208179 
vt 0.294154 0.0208125 
vt 0.638737 0.0356198 
vt 0.180643 0.0356092 
vt 0.637794 0.0414765 
vt 0.181586 0.0414659 
vt 0.761192 0.0777099 
vt 0.0581878 0.077693 
vt 0.760863 0.0838481 
vt 0.798494 0.0897187 
vt 0.794431 0.0933724 
vt 0.0585166 0.0838311 
vt 0.0208859 0.0897014 
vt 0.0249489 0.093355 
vt 0.611815 0.960481 
vt 0.506429 0.985352 
vt 0.505272 0.976097 
vt 0.61446 0.96906 
vt 0.395041 0.982869 
vt 0.732502 0.92685 
vt 0.395011 0.973901 
vt 0.737139 0.934664 
vt 0.764097 0.912868 
vt 0.771911 0.917672 
vt 0.284801 0.976081 
vt 0.283706 0.985341 
vt 0.178229 0.960546 
vt 0.175638 0.969138 
vt 0.0574564 0.927123 
vt 0.0528681 0.934954 
vt 0.0258077 0.913263 
vt 0.0180197 0.918114 
vt 0.858528 0.290884 
vt 0.858694 0.261337 
vt 0.852968 0.261281 
vt 0.858826 0.231576 
vt 0.853043 0.23155 
vt 0.858855 0.202102 
vt 0.84718 0.26101 
vt 0.847029 0.290612 
vt 0.853132 0.202102 
vt 0.858831 0.172201 
vt 0.847272 0.231398 
vt 0.841499 0.260811 
vt 0.841564 0.231277 
vt 0.841621 0.202067 
vt 0.847366 0.202077 
vt 0.853099 0.172179 
vt 0.85311 0.142372 
vt 0.858855 0.142382 
vt 0.847363 0.172159 
vt 0.84736 0.142355 
vt 0.853159 0.112865 
vt 0.858906 0.112826 
vt 0.847394 0.112919 
vt 0.84161 0.172186 
vt 0.841597 0.142378 
vt 0.835875 0.172251 
vt 0.835903 0.202102 
vt 0.835845 0.142433 
vt 0.835853 0.231323 
vt 0.830137 0.17229 
vt 0.830137 0.202147 
vt 0.8416 0.112972 
vt 0.847307 0.0826685 
vt 0.835816 0.113005 
vt 0.835722 0.260896 
vt 0.830094 0.142466 
vt 0.824336 0.142426 
vt 0.824382 0.172251 
vt 0.824264 0.112866 
vt 0.824387 0.202141 
vt 0.824375 0.231599 
vt 0.830034 0.112968 
vt 0.824464 0.0820949 
vt 0.83008 0.23149 
vt 0.82426 0.261383 
vt 0.829935 0.26119 
vt 0.824257 0.290903 
vt 0.835728 0.290579 
vt 0.829939 0.290797 
vt 0.829848 0.320285 
vt 0.824074 0.320267 
vt 0.835583 0.320307 
vt 0.84136 0.290491 
vt 0.829912 0.349462 
vt 0.824235 0.349313 
vt 0.841345 0.320316 
vt 0.84711 0.320307 
vt 0.841327 0.349732 
vt 0.829977 0.37956 
vt 0.824316 0.379332 
vt 0.835698 0.349682 
vt 0.835762 0.37983 
vt 0.841471 0.379822 
vt 0.824443 0.408615 
vt 0.835896 0.408766 
vt 0.841574 0.40866 
vt 0.830111 0.408736 
vt 0.824289 0.438447 
vt 0.835923 0.437765 
vt 0.830036 0.438141 
vt 0.829973 0.46921 
vt 0.824182 0.469976 
vt 0.835815 0.468675 
vt 0.84147 0.468912 
vt 0.841485 0.50193 
vt 0.835764 0.501633 
vt 0.84153 0.535673 
vt 0.829983 0.502318 
vt 0.824206 0.503325 
vt 0.835814 0.535193 
vt 0.835883 0.570028 
vt 0.830063 0.536017 
vt 0.824346 0.537378 
vt 0.83008 0.570807 
vt 0.824414 0.572235 
vt 0.829917 0.604819 
vt 0.83586 0.60404 
vt 0.824177 0.606226 
vt 0.834433 0.636303 
vt 0.830714 0.639803 
vt 0.523376 0.485365 
vt 0.409675 0.492329 
vt 0.522594 0.479139 
vt 0.620469 0.466556 
vt 0.409675 0.486637 
vt 0.618552 0.460647 
vt 0.296756 0.479132 
vt 0.737022 0.4379 
vt 0.295973 0.485358 
vt 0.738925 0.444158 
vt 0.766525 0.433056 
vt 0.77108 0.436779 
vt 0.19888 0.466542 
vt 0.200798 0.460634 
vt 0.0823262 0.437873 
vt 0.0804226 0.444131 
vt 0.0528241 0.433026 
vt 0.048268 0.436748 
vt 0.85842 0.349305 
vt 0.858645 0.379291 
vt 0.852802 0.349363 
vt 0.858488 0.320265 
vt 0.852825 0.320295 
vt 0.84711 0.320307 
vt 0.846998 0.349576 
vt 0.852829 0.290825 
vt 0.858528 0.290884 
vt 0.841327 0.349732 
vt 0.841471 0.379822 
vt 0.852968 0.261281 
vt 0.858694 0.261337 
vt 0.847029 0.290612 
vt 0.858826 0.231576 
vt 0.841345 0.320316 
vt 0.853043 0.23155 
vt 0.858855 0.202102 
vt 0.84718 0.26101 
vt 0.84136 0.290491 
vt 0.841499 0.260811 
vt 0.835583 0.320307 
vt 0.853132 0.202102 
vt 0.858831 0.172201 
vt 0.847272 0.231398 
vt 0.841564 0.231277 
vt 0.847366 0.202077 
vt 0.841621 0.202067 
vt 0.853099 0.172179 
vt 0.847363 0.172159 
vt 0.85311 0.142372 
vt 0.858855 0.142382 
vt 0.84736 0.142355 
vt 0.84161 0.172186 
vt 0.853159 0.112865 
vt 0.858906 0.112826 
vt 0.847394 0.112919 
vt 0.841597 0.142378 
vt 0.835875 0.172251 
vt 0.835903 0.202102 
vt 0.835845 0.142433 
vt 0.835853 0.231323 
vt 0.8416 0.112972 
vt 0.830137 0.17229 
vt 0.847307 0.0826685 
vt 0.830137 0.202147 
vt 0.835816 0.113005 
vt 0.830094 0.142466 
vt 0.824336 0.142426 
vt 0.824382 0.172251 
vt 0.824264 0.112866 
vt 0.824387 0.202141 
vt 0.824375 0.231599 
vt 0.830034 0.112968 
vt 0.824464 0.0820949 
vt 0.83008 0.23149 
vt 0.82426 0.261383 
vt 0.835722 0.260896 
vt 0.829935 0.26119 
vt 0.824257 0.290903 
vt 0.835728 0.290579 
vt 0.829939 0.290797 
vt 0.829848 0.320285 
vt 0.824074 0.320267 
vt 0.829912 0.349462 
vt 0.824235 0.349313 
vt 0.835698 0.349682 
vt 0.829977 0.37956 
vt 0.824316 0.379332 
vt 0.835762 0.37983 
vt 0.824443 0.408615 
vt 0.835896 0.408766 
vt 0.841574 0.40866 
vt 0.830111 0.408736 
vt 0.824289 0.438447 
vt 0.835923 0.437765 
vt 0.830036 0.438141 
vt 0.829973 0.46921 
vt 0.824182 0.469976 
vt 0.835815 0.468675 
vt 0.84147 0.468912 
vt 0.841485 0.50193 
vt 0.835764 0.501633 
vt 0.84153 0.535673 
vt 0.829983 0.502318 
vt 0.824206 0.503325 
vt 0.835814 0.535193 
vt 0.835883 0.570028 
vt 0.830063 0.536017 
vt 0.824346 0.537378 
vt 0.83008 0.570807 
vt 0.824414 0.572235 
vt 0.829917 0.604819 
vt 0.83586 0.60404 
vt 0.824177 0.606226 
vt 0.834433 0.636303 
vt 0.830714 0.639803 
vt 0.713555 0.571419 
vt 0.749557 0.572095 
vt 0.744304 0.579329 
vt 0.714983 0.562073 
vt 0.596769 0.546099 
vt 0.597379 0.536733 
vt 0.504424 0.521007 
vt 0.503475 0.530354 
vt 0.395394 0.518724 
vt 0.395446 0.50984 
vt 0.286349 0.520589 
vt 0.287189 0.529949 
vt 0.193702 0.545384 
vt 0.193187 0.536003 
vt 0.0753363 0.560911 
vt 0.0766695 0.570279 
vt 0.0406891 0.570646 
vt 0.0458671 0.57794 
vt 0.841597 0.0831305 
vt 0.835885 0.0831368 
vt 0.841725 0.0508076 
vt 0.830183 0.0826503 
vt 0.835747 0.050625 
vt 0.829822 0.0495235 
vt 0.824029 0.0481833 
vt 0.834374 0.0183773 
vt 0.830747 0.0146484 
vt 0.838119 0.0204461 
vt 0.841941 0.0208714 
vt 0.847672 0.0499957 
vt 0.845642 0.0200776 
vt 0.853064 0.0822046 
vt 0.858817 0.0821775 
vt 0.853575 0.048939 
vt 0.849415 0.018255 
vt 0.859259 0.048589 
vt 0.853502 0.0149266 
vt 0.841597 0.0831305 
vt 0.835885 0.0831368 
vt 0.841725 0.0508076 
vt 0.830183 0.0826503 
vt 0.835747 0.050625 
vt 0.829822 0.0495235 
vt 0.824029 0.0481833 
vt 0.834374 0.0183773 
vt 0.830747 0.0146484 
vt 0.838119 0.0204461 
vt 0.841941 0.0208714 
vt 0.847672 0.0499957 
vt 0.845642 0.0200776 
vt 0.853064 0.0822046 
vt 0.858817 0.0821775 
vt 0.853575 0.048939 
vt 0.849415 0.018255 
vt 0.859259 0.048589 
vt 0.853502 0.0149266 
vt 0.841935 0.634175 
vt 0.847693 0.605143 
vt 0.845612 0.634887 
vt 0.849402 0.636507 
vt 0.841815 0.604253 
vt 0.838179 0.634484 
vt 0.847366 0.571948 
vt 0.853591 0.605877 
vt 0.859268 0.605861 
vt 0.853533 0.63966 
vt 0.853157 0.572652 
vt 0.858866 0.57205 
vt 0.853055 0.53776 
vt 0.858786 0.537265 
vt 0.841655 0.570627 
vt 0.853065 0.503566 
vt 0.858787 0.503293 
vt 0.847269 0.536961 
vt 0.858718 0.469973 
vt 0.853053 0.470167 
vt 0.847276 0.502882 
vt 0.858781 0.438463 
vt 0.853071 0.438351 
vt 0.847226 0.469623 
vt 0.853078 0.408485 
vt 0.858755 0.408597 
vt 0.847318 0.43799 
vt 0.85294 0.379314 
vt 0.841612 0.437705 
vt 0.847257 0.408531 
vt 0.847149 0.379583 
vt 0.847693 0.605143 
vt 0.841935 0.634175 
vt 0.845612 0.634887 
vt 0.849402 0.636507 
vt 0.841815 0.604253 
vt 0.838179 0.634484 
vt 0.847366 0.571948 
vt 0.841655 0.570627 
vt 0.853591 0.605877 
vt 0.859268 0.605861 
vt 0.853533 0.63966 
vt 0.853157 0.572652 
vt 0.858866 0.57205 
vt 0.853055 0.53776 
vt 0.858786 0.537265 
vt 0.847269 0.536961 
vt 0.853065 0.503566 
vt 0.858787 0.503293 
vt 0.858718 0.469973 
vt 0.853053 0.470167 
vt 0.858781 0.438463 
vt 0.847276 0.502882 
vt 0.847226 0.469623 
vt 0.853071 0.438351 
vt 0.847318 0.43799 
vt 0.853078 0.408485 
vt 0.858755 0.408597 
vt 0.841612 0.437705 
vt 0.85294 0.379314 
vt 0.858645 0.379291 
vt 0.847257 0.408531 
vt 0.852802 0.349363 
vt 0.85842 0.349305 
vt 0.847149 0.379583 
vt 0.858488 0.320265 
vt 0.846998 0.349576 
vt 0.852825 0.320295 
vt 0.852829 0.290825 
vt 0.762537 0.83721 
vt 0.770179 0.837021 
vt 0.763419 0.843054 
vt 0.768516 0.834382 
vt 0.0270053 0.837419 
vt 0.0193584 0.837287 
vt 0.0210091 0.834626 
vt 0.0261513 0.843286 
vt 0.75994 0.761838 
vt 0.765314 0.758684 
vt 0.76306 0.770039 
vt 0.768293 0.760996 
vt 0.0262355 0.769949 
vt 0.0239393 0.758559 
vt 0.0293288 0.761687 
vt 0.0209634 0.760912 
vt 0.845642 0.0200776 
vt 0.841941 0.0208714 
vt 0.841957 0.0150591 
vt 0.838119 0.0204461 
vt 0.849415 0.018255 
vt 0.853502 0.0149266 
vt 0.834374 0.0183773 
vt 0.830747 0.0146484 
vt 0.845642 0.0200776 
vt 0.841957 0.0150591 
vt 0.841941 0.0208714 
vt 0.838119 0.0204461 
vt 0.849415 0.018255 
vt 0.853502 0.0149266 
vt 0.834374 0.0183773 
vt 0.830747 0.0146484 
vt 0.505272 0.976097 
vt 0.395011 0.973901 
vt 0.395009 0.973265 
vt 0.284801 0.976081 
vt 0.611815 0.960481 
vt 0.505262 0.975634 
vt 0.178229 0.960546 
vt 0.284809 0.975618 
vt 0.611707 0.959936 
vt 0.732502 0.92685 
vt 0.0574564 0.927123 
vt 0.178334 0.96 
vt 0.394919 0.943381 
vt 0.287675 0.948057 
vt 0.502221 0.948091 
vt 0.394839 0.91121 
vt 0.180865 0.934759 
vt 0.290103 0.916624 
vt 0.0573455 0.926635 
vt 0.0258077 0.913263 
vt 0.0254138 0.912992 
vt 0.0586117 0.906828 
vt 0.0243344 0.893872 
vt 0.0575831 0.853184 
vt 0.0261513 0.843286 
vt 0.184661 0.900605 
vt 0.29197 0.894976 
vt 0.394807 0.896435 
vt 0.186479 0.882135 
vt 0.0568301 0.849184 
vt 0.39478 0.882584 
vt 0.185098 0.868323 
vt 0.294405 0.883635 
vt 0.499624 0.91668 
vt 0.497665 0.895047 
vt 0.60903 0.934731 
vt 0.73261 0.926362 
vt 0.60506 0.900638 
vt 0.731239 0.906593 
vt 0.764097 0.912868 
vt 0.764489 0.912595 
vt 0.765467 0.893498 
vt 0.732019 0.853095 
vt 0.763419 0.843054 
vt 0.603161 0.882203 
vt 0.732752 0.849106 
vt 0.495193 0.883714 
vt 0.604484 0.868415 
vt 0.495076 0.872258 
vt 0.39475 0.866319 
vt 0.728273 0.836542 
vt 0.762537 0.83721 
vt 0.762773 0.828576 
vt 0.761987 0.814325 
vt 0.294468 0.872168 
vt 0.394727 0.851424 
vt 0.72625 0.823188 
vt 0.726487 0.817874 
vt 0.761944 0.809358 
vt 0.598034 0.849007 
vt 0.597848 0.838594 
vt 0.495605 0.852754 
vt 0.727249 0.79232 
vt 0.762106 0.782853 
vt 0.726009 0.778198 
vt 0.76306 0.770039 
vt 0.598658 0.816193 
vt 0.600448 0.776963 
vt 0.601081 0.768186 
vt 0.496556 0.831987 
vt 0.497252 0.800722 
vt 0.497277 0.777848 
vt 0.196846 0.676621 
vt 0.0781004 0.658 
vt 0.199608 0.655533 
vt 0.295819 0.64772 
vt 0.0796023 0.655253 
vt 0.0487543 0.66661 
vt 0.0494995 0.66076 
vt 0.29432 0.660965 
vt 0.292399 0.681184 
vt 0.394852 0.642696 
vt 0.394817 0.655266 
vt 0.0804805 0.649928 
vt 0.0485785 0.646644 
vt 0.199783 0.653553 
vt 0.199628 0.6539 
vt 0.295925 0.645611 
vt 0.394858 0.640074 
vt 0.0810375 0.63583 
vt 0.0460117 0.622696 
vt 0.295892 0.644845 
vt 0.493748 0.645888 
vt 0.493781 0.645122 
vt 0.199318 0.621023 
vt 0.0810067 0.61745 
vt 0.0789081 0.595337 
vt 0.0447816 0.601178 
vt 0.199492 0.588448 
vt 0.294566 0.608268 
vt 0.0771726 0.581366 
vt 0.0441448 0.588134 
vt 0.197103 0.567435 
vt 0.291658 0.574393 
vt 0.394992 0.602542 
vt 0.394859 0.639095 
vt 0.0766755 0.570431 
vt 0.0457056 0.578209 
vt 0.0458671 0.57794 
vt 0.0766695 0.570279 
vt 0.193948 0.545569 
vt 0.287189 0.529949 
vt 0.193702 0.545384 
vt 0.198247 0.554881 
vt 0.395384 0.520302 
vt 0.395394 0.518724 
vt 0.503475 0.530354 
vt 0.289484 0.539425 
vt 0.288289 0.552158 
vt 0.287047 0.530846 
vt 0.395336 0.528802 
vt 0.503608 0.531252 
vt 0.395261 0.542381 
vt 0.395143 0.566302 
vt 0.501075 0.539814 
vt 0.59652 0.546283 
vt 0.596769 0.546099 
vt 0.502137 0.552539 
vt 0.592127 0.555564 
vt 0.712942 0.582478 
vt 0.498549 0.574741 
vt 0.593151 0.568101 
vt 0.49535 0.608578 
vt 0.590572 0.589069 
vt 0.590485 0.621586 
vt 0.589803 0.654057 
vt 0.711069 0.596401 
vt 0.70876 0.618423 
vt 0.708561 0.636722 
vt 0.743711 0.623948 
vt 0.74515 0.602526 
vt 0.740917 0.647723 
vt 0.745919 0.589523 
vt 0.708997 0.65076 
vt 0.739851 0.661713 
vt 0.589962 0.654404 
vt 0.709829 0.656063 
vt 0.740527 0.667513 
vt 0.713548 0.571571 
vt 0.744462 0.5796 
vt 0.744304 0.579329 
vt 0.713555 0.571419 
vt 0.711303 0.658803 
vt 0.589977 0.656034 
vt 0.741288 0.668249 
vt 0.592627 0.677094 
vt 0.493845 0.647995 
vt 0.711728 0.667838 
vt 0.745982 0.675095 
vt 0.743961 0.670505 
vt 0.718305 0.689552 
vt 0.745722 0.688298 
vt 0.750177 0.698335 
vt 0.495275 0.661234 
vt 0.497105 0.68144 
vt 0.594148 0.686391 
vt 0.715788 0.704885 
vt 0.59615 0.691953 
vt 0.4963 0.688904 
vt 0.394757 0.67969 
vt 0.293178 0.688656 
vt 0.394746 0.686589 
vt 0.294339 0.71217 
vt 0.59817 0.709284 
vt 0.49506 0.712397 
vt 0.394708 0.711491 
vt 0.294524 0.740998 
vt 0.599951 0.744451 
vt 0.494819 0.741201 
vt 0.721982 0.727135 
vt 0.394673 0.740509 
vt 0.294292 0.742985 
vt 0.394675 0.742044 
vt 0.495054 0.743187 
vt 0.600055 0.746219 
vt 0.720792 0.741989 
vt 0.600168 0.748219 
vt 0.757495 0.733991 
vt 0.724646 0.749626 
vt 0.731921 0.766832 
vt 0.75994 0.761838 
vt 0.762709 0.749034 
vt 0.755503 0.714475 
vt 0.719301 0.71338 
vt 0.752207 0.704038 
vt 0.750177 0.698335 
vt 0.748963 0.683075 
vt 0.750716 0.685797 
vt 0.745722 0.688298 
vt 0.745982 0.675095 
vt 0.74964 0.676099 
vt 0.0431697 0.674256 
vt 0.0434243 0.687582 
vt 0.0401784 0.682333 
vt 0.0395099 0.675293 
vt 0.0389745 0.69773 
vt 0.0384188 0.685103 
vt 0.841935 0.634175 
vt 0.845612 0.634887 
vt 0.841962 0.63983 
vt 0.849402 0.636507 
vt 0.853533 0.63966 
vt 0.838179 0.634484 
vt 0.834433 0.636303 
vt 0.830714 0.639803 
vt 0.841935 0.634175 
vt 0.841962 0.63983 
vt 0.845612 0.634887 
vt 0.849402 0.636507 
vt 0.853533 0.63966 
vt 0.838179 0.634484 
vt 0.834433 0.636303 
vt 0.830714 0.639803 
vt 0.62434 0.240394 
vt 0.75967 0.247011 
vt 0.756667 0.24856 
vt 0.797465 0.26047 
vt 0.795805 0.25719 
vt 0.0627127 0.248535 
vt 0.0597101 0.246986 
vt 0.195036 0.240381 
vt 0.0219162 0.260441 
vt 0.0235754 0.257162 
vt 0.394698 0.830412 
vt 0.394671 0.799242 
vt 0.394662 0.776703 
vt 0.293865 0.852647 
vt 0.292852 0.831863 
vt 0.292101 0.800568 
vt 0.191469 0.848872 
vt 0.191621 0.838438 
vt 0.190747 0.815989 
vt 0.063216 0.823152 
vt 0.0629558 0.817817 
vt 0.027455 0.814438 
vt 0.0612515 0.836566 
vt 0.0270053 0.837419 
vt 0.0267268 0.828755 
vt 0.74964 0.676099 
vt 0.745982 0.675095 
vt 0.743961 0.670505 
vt 0.0431697 0.674256 
vt 0.0395099 0.675293 
vt 0.0452115 0.669633 
vt 0.0274806 0.809445 
vt 0.0621068 0.792155 
vt 0.0272306 0.782822 
vt 0.0633043 0.777965 
vt 0.0262355 0.769949 
vt 0.188887 0.77667 
vt 0.188245 0.767873 
vt 0.292059 0.777673 
vt 0.394676 0.745619 
vt 0.293993 0.746598 
vt 0.495354 0.746798 
vt 0.189151 0.747863 
vt 0.0645924 0.749248 
vt 0.0573532 0.766545 
vt 0.0293288 0.761687 
vt 0.0265175 0.748833 
vt 0.0317041 0.73367 
vt 0.0684317 0.741567 
vt 0.18926 0.745859 
vt 0.0672189 0.726633 
vt 0.0336661 0.714015 
vt 0.069897 0.712805 
vt 0.0369507 0.703487 
vt 0.0389745 0.69773 
vt 0.191188 0.708853 
vt 0.0734132 0.704268 
vt 0.0709073 0.688857 
vt 0.189359 0.744088 
vt 0.0434243 0.687582 
vt 0.193263 0.691497 
vt 0.0431697 0.674256 
vt 0.195285 0.685929 
vt 0.0776054 0.667069 
vt 0.0479567 0.667361 
vt 0.0452115 0.669633 
vt 0.618126 0.31882 
vt 0.746953 0.315152 
vt 0.744637 0.317937 
vt 0.776216 0.317761 
vt 0.61998 0.313191 
vt 0.746111 0.313587 
vt 0.0747291 0.317912 
vt 0.0724143 0.315127 
vt 0.201241 0.318808 
vt 0.0431468 0.317728 
vt 0.0732566 0.313563 
vt 0.199389 0.313179 

usemtl Handle1Mtl

f 1/1/1 2/2/2 3/3/3 
f 4/4/4 3/3/3 2/2/2 
f 5/5/5 6/6/6 7/7/7 
f 5/5/5 7/7/7 8/8/8 
f 9/9/9 10/10/10 11/11/11 
f 10/10/10 12/12/12 11/11/11 
f 13/13/13 12/12/12 10/10/10 
f 13/13/13 14/14/14 12/12/12 
f 15/15/15 16/16/16 17/17/17 
f 16/16/16 18/18/18 17/17/17 
f 15/15/15 19/19/19 16/16/16 
f 20/20/20 19/19/19 15/15/15 
f 21/21/21 22/22/22 23/23/23 
f 23/23/23 24/24/24 21/21/21 
f 25/25/25 26/26/26 27/27/27 
f 27/27/27 28/28/28 25/25/25 
f 29/29/29 30/30/30 31/31/31 
f 32/32/32 29/29/29 31/31/31 
f 30/30/30 29/29/29 33/33/33 
f 34/34/34 30/30/30 33/33/33 
f 29/29/29 32/32/32 35/35/35 
f 32/32/32 36/36/36 35/35/35 
f 37/37/37 33/33/33 29/29/29 
f 35/35/35 37/37/37 29/29/29 
f 33/33/33 38/38/38 34/34/34 
f 39/39/39 35/35/35 36/36/36 
f 33/33/33 37/37/37 40/40/40 
f 40/40/40 38/38/38 33/33/33 
f 37/37/37 35/35/35 41/41/41 
f 39/39/39 41/41/41 35/35/35 
f 42/42/42 40/40/40 37/37/37 
f 41/41/41 42/42/42 37/37/37 
f 43/43/43 39/39/39 36/36/36 
f 36/36/36 44/44/44 43/43/43 
f 45/45/45 43/43/43 44/44/44 
f 44/44/44 46/46/46 45/45/45 
f 43/43/43 45/45/45 47/47/47 
f 47/47/47 48/48/48 43/43/43 
f 48/48/48 39/39/39 43/43/43 
f 48/48/48 47/47/47 49/49/49 
f 41/41/41 39/39/39 50/50/50 
f 39/39/39 48/48/48 50/50/50 
f 41/41/41 50/50/50 51/51/51 
f 42/42/42 41/41/41 51/51/51 
f 50/50/50 48/48/48 52/52/52 
f 52/52/52 51/51/51 50/50/50 
f 49/49/49 53/53/53 48/48/48 
f 48/48/48 53/53/53 52/52/52 
f 53/53/53 49/49/49 54/54/54 
f 52/52/52 55/55/55 51/51/51 
f 52/52/52 53/53/53 56/56/56 
f 55/55/55 52/52/52 56/56/56 
f 57/57/57 53/53/53 54/54/54 
f 53/53/53 57/57/57 56/56/56 
f 54/54/54 58/58/58 57/57/57 
f 58/58/58 54/54/54 59/59/59 
f 56/56/56 57/57/57 60/60/60 
f 60/60/60 57/57/57 58/58/58 
f 56/56/56 61/61/61 55/55/55 
f 61/61/61 56/56/56 60/60/60 
f 62/62/62 63/63/63 64/64/64 
f 63/63/63 65/65/65 64/64/64 
f 66/66/66 62/62/62 67/67/67 
f 68/68/68 66/66/66 67/67/67 
f 69/69/69 68/68/68 70/70/70 
f 70/70/70 71/71/71 69/69/69 
f 72/72/72 65/65/65 73/73/73 
f 73/73/73 74/74/74 72/72/72 
f 75/75/75 76/76/76 77/77/77 
f 76/76/76 75/75/75 78/78/78 
f 77/77/77 79/79/79 75/75/75 
f 79/79/79 77/77/77 80/80/80 
f 81/81/81 76/76/76 78/78/78 
f 76/76/76 81/81/81 82/82/82 
f 78/78/78 75/75/75 83/83/83 
f 83/83/83 81/81/81 78/78/78 
f 75/75/75 79/79/79 84/84/84 
f 84/84/84 83/83/83 75/75/75 
f 85/85/85 79/79/79 80/80/80 
f 80/80/80 86/86/86 85/85/85 
f 86/86/86 87/87/87 85/85/85 
f 87/87/87 86/86/86 88/88/88 
f 85/85/85 89/89/89 79/79/79 
f 89/89/89 84/84/84 79/79/79 
f 87/87/87 90/90/90 85/85/85 
f 89/89/89 85/85/85 90/90/90 
f 90/90/90 87/87/87 91/91/91 
f 91/91/91 92/92/92 90/90/90 
f 92/92/92 91/91/91 93/93/93 
f 90/90/90 94/94/94 89/89/89 
f 94/94/94 90/90/90 92/92/92 
f 84/84/84 89/89/89 95/95/95 
f 94/94/94 95/95/95 89/89/89 
f 92/92/92 93/93/93 96/96/96 
f 96/96/96 93/93/93 97/97/97 
f 92/92/92 98/98/98 94/94/94 
f 98/98/98 92/92/92 96/96/96 
f 99/99/99 96/96/96 97/97/97 
f 98/98/98 100/100/100 94/94/94 
f 95/95/95 94/94/94 100/100/100 
f 96/96/96 99/99/99 101/101/101 
f 102/102/102 101/101/101 99/99/99 
f 96/96/96 103/103/103 98/98/98 
f 103/103/103 96/96/96 101/101/101 
f 100/100/100 98/98/98 104/104/104 
f 103/103/103 104/104/104 98/98/98 
f 100/100/100 105/105/105 95/95/95 
f 106/106/106 103/103/103 101/101/101 
f 101/101/101 102/102/102 106/106/106 
f 107/107/107 104/104/104 103/103/103 
f 103/103/103 106/106/106 107/107/107 
f 108/108/108 100/100/100 104/104/104 
f 100/100/100 108/108/108 105/105/105 
f 104/104/104 107/107/107 109/109/109 
f 109/109/109 108/108/108 104/104/104 
f 102/102/102 110/110/110 106/106/106 
f 110/110/110 102/102/102 111/111/111 
f 106/106/106 112/112/112 107/107/107 
f 112/112/112 106/106/106 110/110/110 
f 109/109/109 107/107/107 113/113/113 
f 112/112/112 113/113/113 107/107/107 
f 111/111/111 114/114/114 110/110/110 
f 114/114/114 111/111/111 115/115/115 
f 112/112/112 110/110/110 116/116/116 
f 116/116/116 110/110/110 114/114/114 
f 113/113/113 112/112/112 117/117/117 
f 116/116/116 117/117/117 112/112/112 
f 118/118/118 119/119/119 120/120/120 
f 121/121/121 119/119/119 118/118/118 
f 122/122/122 123/123/123 124/124/124 
f 124/124/124 123/123/123 125/125/125 
f 126/126/126 127/127/127 128/128/128 
f 127/127/127 126/126/126 129/129/129 
f 127/127/127 130/130/130 128/128/128 
f 130/130/130 127/127/127 131/131/131 
f 131/131/131 132/132/132 130/130/130 
f 132/132/132 131/131/131 133/133/133 
f 134/134/134 132/132/132 133/133/133 
f 132/132/132 134/134/134 135/135/135 
f 136/136/136 135/135/135 134/134/134 
f 135/135/135 136/136/136 137/137/137 
f 138/138/138 137/137/137 136/136/136 
f 137/137/137 138/138/138 139/139/139 
f 140/140/140 139/139/139 138/138/138 
f 139/139/139 140/140/140 141/141/141 
f 141/141/141 140/140/140 142/142/142 
f 143/143/143 142/142/142 140/140/140 
f 144/144/144 145/145/145 146/146/146 
f 145/145/145 144/144/144 147/147/147 
f 148/148/148 146/146/146 145/145/145 
f 148/148/148 145/145/145 149/149/149 
f 150/150/150 148/148/148 149/149/149 
f 150/150/150 149/149/149 151/151/151 
f 152/152/152 150/150/150 151/151/151 
f 152/152/152 151/151/151 153/153/153 
f 154/154/154 152/152/152 153/153/153 
f 153/153/153 155/155/155 154/154/154 
f 156/156/156 154/154/154 155/155/155 
f 154/154/154 156/156/156 157/157/157 
f 158/158/158 157/157/157 156/156/156 
f 157/157/157 158/158/158 159/159/159 
f 159/159/159 158/158/158 160/160/160 
f 160/160/160 158/158/158 161/161/161 
f 162/162/162 163/163/163 164/164/164 
f 163/163/163 162/162/162 165/165/165 
f 164/164/164 166/166/166 162/162/162 
f 165/165/165 167/167/167 163/163/163 
f 166/166/166 164/164/164 168/168/168 
f 168/168/168 169/169/169 166/166/166 
f 169/169/169 168/168/168 170/170/170 
f 163/163/163 167/167/167 171/171/171 
f 167/167/167 172/172/172 171/171/171 
f 171/171/171 172/172/172 173/173/173 
f 172/172/172 174/174/174 173/173/173 
f 175/175/175 173/173/173 174/174/174 
f 174/174/174 176/176/176 175/175/175 
f 177/177/177 175/175/175 176/176/176 
f 177/177/177 176/176/176 178/178/178 
f 178/178/178 179/179/179 177/177/177 
f 180/180/180 181/181/181 182/182/182 
f 181/181/181 183/183/183 182/182/182 
f 180/180/180 182/182/182 184/184/184 
f 181/181/181 185/185/185 183/183/183 
f 186/186/186 180/180/180 184/184/184 
f 187/187/187 186/186/186 184/184/184 
f 186/186/186 187/187/187 188/188/188 
f 185/185/185 181/181/181 189/189/189 
f 189/189/189 190/190/190 185/185/185 
f 190/190/190 189/189/189 191/191/191 
f 191/191/191 192/192/192 190/190/190 
f 192/192/192 191/191/191 193/193/193 
f 193/193/193 194/194/194 192/192/192 
f 194/194/194 193/193/193 195/195/195 
f 195/195/195 196/196/196 194/194/194 
f 196/196/196 195/195/195 197/197/197 
f 198/198/198 199/199/199 200/200/200 
f 199/199/199 201/201/201 202/202/202 
f 203/203/203 201/201/201 204/204/204 
f 205/205/205 198/198/198 206/206/206 
f 207/207/207 205/205/205 208/208/208 
f 207/207/207 209/209/209 210/210/210 
f 211/211/211 212/212/212 213/213/213 
f 211/211/211 214/214/214 212/212/212 
f 214/214/214 211/211/211 215/215/215 
f 216/216/216 217/217/217 218/218/218 
f 217/217/217 219/219/219 218/218/218 
f 218/218/218 219/219/219 220/220/220 
f 115/115/115 221/221/221 114/114/114 
f 221/221/221 115/115/115 222/222/222 
f 114/114/114 223/223/223 116/116/116 
f 223/223/223 114/114/114 221/221/221 
f 224/224/224 221/221/221 222/222/222 
f 222/222/222 225/225/225 224/224/224 
f 225/225/225 226/226/226 224/224/224 
f 227/227/227 221/221/221 224/224/224 
f 221/221/221 227/227/227 223/223/223 
f 223/223/223 228/228/228 116/116/116 
f 117/117/117 116/116/116 228/228/228 
f 227/227/227 229/229/229 223/223/223 
f 228/228/228 223/223/223 229/229/229 
f 230/230/230 117/117/117 228/228/228 
f 229/229/229 231/231/231 228/228/228 
f 230/230/230 228/228/228 231/231/231 
f 117/117/117 230/230/230 232/232/232 
f 117/117/117 232/232/232 113/113/113 
f 233/233/233 113/113/113 232/232/232 
f 233/233/233 109/109/109 113/113/113 
f 109/109/109 233/233/233 234/234/234 
f 108/108/108 109/109/109 234/234/234 
f 233/233/233 235/235/235 234/234/234 
f 235/235/235 108/108/108 234/234/234 
f 232/232/232 236/236/236 233/233/233 
f 235/235/235 233/233/233 236/236/236 
f 230/230/230 237/237/237 232/232/232 
f 232/232/232 237/237/237 236/236/236 
f 237/237/237 230/230/230 238/238/238 
f 231/231/231 238/238/238 230/230/230 
f 239/239/239 236/236/236 237/237/237 
f 240/240/240 235/235/235 236/236/236 
f 236/236/236 239/239/239 240/240/240 
f 240/240/240 241/241/241 235/235/235 
f 108/108/108 235/235/235 241/241/241 
f 242/242/242 237/237/237 238/238/238 
f 237/237/237 242/242/242 239/239/239 
f 243/243/243 108/108/108 241/241/241 
f 108/108/108 243/243/243 105/105/105 
f 241/241/241 240/240/240 244/244/244 
f 239/239/239 245/245/245 240/240/240 
f 240/240/240 245/245/245 244/244/244 
f 246/246/246 239/239/239 242/242/242 
f 245/245/245 239/239/239 246/246/246 
f 247/247/247 243/243/243 241/241/241 
f 241/241/241 244/244/244 247/247/247 
f 248/248/248 245/245/245 246/246/246 
f 248/248/248 246/246/246 249/249/249 
f 248/248/248 250/250/250 245/245/245 
f 250/250/250 244/244/244 245/245/245 
f 250/250/250 248/248/248 251/251/251 
f 252/252/252 244/244/244 250/250/250 
f 251/251/251 252/252/252 250/250/250 
f 244/244/244 252/252/252 247/247/247 
f 252/252/252 251/251/251 253/253/253 
f 252/252/252 253/253/253 254/254/254 
f 249/249/249 246/246/246 255/255/255 
f 242/242/242 255/255/255 246/246/246 
f 255/255/255 256/256/256 249/249/249 
f 254/254/254 257/257/257 252/252/252 
f 257/257/257 247/247/247 252/252/252 
f 257/257/257 254/254/254 258/258/258 
f 247/247/247 257/257/257 259/259/259 
f 243/243/243 247/247/247 259/259/259 
f 260/260/260 257/257/257 258/258/258 
f 260/260/260 259/259/259 257/257/257 
f 261/261/261 260/260/260 258/258/258 
f 259/259/259 262/262/262 243/243/243 
f 105/105/105 243/243/243 262/262/262 
f 259/259/259 260/260/260 263/263/263 
f 262/262/262 259/259/259 263/263/263 
f 261/261/261 264/264/264 260/260/260 
f 264/264/264 263/263/263 260/260/260 
f 261/261/261 265/265/265 264/264/264 
f 265/265/265 261/261/261 266/266/266 
f 265/265/265 267/267/267 264/264/264 
f 268/268/268 264/264/264 267/267/267 
f 263/263/263 264/264/264 268/268/268 
f 82/82/82 268/268/268 267/267/267 
f 268/268/268 82/82/82 81/81/81 
f 269/269/269 263/263/263 268/268/268 
f 268/268/268 81/81/81 269/269/269 
f 263/263/263 269/269/269 262/262/262 
f 83/83/83 269/269/269 81/81/81 
f 269/269/269 270/270/270 262/262/262 
f 270/270/270 269/269/269 83/83/83 
f 105/105/105 262/262/262 270/270/270 
f 84/84/84 270/270/270 83/83/83 
f 270/270/270 95/95/95 105/105/105 
f 270/270/270 84/84/84 95/95/95 
f 271/271/271 272/272/272 273/273/273 
f 272/272/272 271/271/271 274/274/274 
f 272/272/272 275/275/275 273/273/273 
f 272/272/272 276/276/276 275/275/275 
f 276/276/276 277/277/277 275/275/275 
f 277/277/277 276/276/276 278/278/278 
f 278/278/278 279/279/279 277/277/277 
f 279/279/279 278/278/278 280/280/280 
f 281/281/281 279/279/279 280/280/280 
f 279/279/279 281/281/281 282/282/282 
f 283/283/283 284/284/284 285/285/285 
f 284/284/284 286/286/286 285/285/285 
f 287/287/287 284/284/284 283/283/283 
f 284/284/284 287/287/287 288/288/288 
f 289/289/289 288/288/288 287/287/287 
f 288/288/288 289/289/289 290/290/290 
f 291/291/291 290/290/290 289/289/289 
f 290/290/290 291/291/291 292/292/292 
f 293/293/293 292/292/292 291/291/291 
f 294/294/294 293/293/293 291/291/291 
f 295/295/295 296/296/296 297/297/297 
f 298/298/298 297/297/297 296/296/296 
f 297/297/297 299/299/299 295/295/295 
f 299/299/299 297/297/297 300/300/300 
f 300/300/300 301/301/301 299/299/299 
f 301/301/301 300/300/300 302/302/302 
f 301/301/301 302/302/302 303/303/303 
f 304/304/304 301/301/301 303/303/303 
f 303/303/303 305/305/305 304/304/304 
f 305/305/305 303/303/303 306/306/306 
f 307/307/307 308/308/308 309/309/309 
f 308/308/308 307/307/307 310/310/310 
f 309/309/309 311/311/311 307/307/307 
f 312/312/312 307/307/307 311/311/311 
f 312/312/312 311/311/311 313/313/313 
f 314/314/314 312/312/312 313/313/313 
f 313/313/313 315/315/315 314/314/314 
f 315/315/315 313/313/313 316/316/316 
f 315/315/315 316/316/316 317/317/317 
f 315/315/315 317/317/317 318/318/318 
f 319/319/319 320/320/320 321/321/321 
f 322/322/322 319/319/319 321/321/321 
f 321/321/321 323/323/323 322/322/322 
f 324/324/324 325/325/325 326/326/326 
f 325/325/325 327/327/327 326/326/326 
f 326/326/326 327/327/327 328/328/328 
f 329/329/329 330/330/330 331/331/331 
f 330/330/330 329/329/329 332/332/332 
f 333/333/333 330/330/330 332/332/332 
f 334/334/334 330/330/330 333/333/333 
f 335/335/335 336/336/336 337/337/337 
f 337/337/337 336/336/336 338/338/338 
f 337/337/337 339/339/339 335/335/335 
f 339/339/339 337/337/337 340/340/340 
f 341/341/341 51/51/51 55/55/55 
f 51/51/51 341/341/341 42/42/42 
f 342/342/342 55/55/55 61/61/61 
f 55/55/55 342/342/342 341/341/341 
f 60/60/60 343/343/343 61/61/61 
f 342/342/342 61/61/61 343/343/343 
f 60/60/60 58/58/58 344/344/344 
f 343/343/343 60/60/60 344/344/344 
f 59/59/59 345/345/345 58/58/58 
f 344/344/344 58/58/58 345/345/345 
f 345/345/345 59/59/59 346/346/346 
f 343/343/343 344/344/344 347/347/347 
f 344/344/344 345/345/345 347/347/347 
f 346/346/346 348/348/348 345/345/345 
f 347/347/347 345/345/345 348/348/348 
f 348/348/348 346/346/346 349/349/349 
f 349/349/349 350/350/350 348/348/348 
f 350/350/350 349/349/349 351/351/351 
f 351/351/351 352/352/352 350/350/350 
f 352/352/352 351/351/351 353/353/353 
f 352/352/352 354/354/354 350/350/350 
f 355/355/355 348/348/348 350/350/350 
f 347/347/347 348/348/348 355/355/355 
f 355/355/355 350/350/350 354/354/354 
f 356/356/356 353/353/353 357/357/357 
f 356/356/356 357/357/357 358/358/358 
f 356/356/356 358/358/358 359/359/359 
f 359/359/359 358/358/358 360/360/360 
f 360/360/360 361/361/361 359/359/359 
f 362/362/362 361/361/361 360/360/360 
f 363/363/363 359/359/359 361/361/361 
f 363/363/363 364/364/364 356/356/356 
f 364/364/364 354/354/354 352/352/352 
f 362/362/362 365/365/365 361/361/361 
f 365/365/365 362/362/362 366/366/366 
f 361/361/361 367/367/367 363/363/363 
f 367/367/367 361/361/361 365/365/365 
f 368/368/368 364/364/364 363/363/363 
f 368/368/368 363/363/363 367/367/367 
f 369/369/369 354/354/354 364/364/364 
f 364/364/364 368/368/368 369/369/369 
f 354/354/354 369/369/369 370/370/370 
f 371/371/371 354/354/354 370/370/370 
f 371/371/371 355/355/355 354/354/354 
f 369/369/369 372/372/372 370/370/370 
f 373/373/373 355/355/355 371/371/371 
f 373/373/373 347/347/347 355/355/355 
f 343/343/343 347/347/347 373/373/373 
f 374/374/374 371/371/371 370/370/370 
f 374/374/374 370/370/370 372/372/372 
f 371/371/371 375/375/375 373/373/373 
f 375/375/375 371/371/371 374/374/374 
f 376/376/376 343/343/343 373/373/373 
f 376/376/376 373/373/373 375/375/375 
f 342/342/342 343/343/343 376/376/376 
f 372/372/372 377/377/377 374/374/374 
f 378/378/378 375/375/375 374/374/374 
f 378/378/378 374/374/374 377/377/377 
f 379/379/379 376/376/376 375/375/375 
f 375/375/375 378/378/378 379/379/379 
f 380/380/380 342/342/342 376/376/376 
f 376/376/376 379/379/379 380/380/380 
f 377/377/377 381/381/381 378/378/378 
f 372/372/372 382/382/382 377/377/377 
f 382/382/382 381/381/381 377/377/377 
f 382/382/382 372/372/372 383/383/383 
f 372/372/372 369/369/369 383/383/383 
f 383/383/383 369/369/369 368/368/368 
f 378/378/378 384/384/384 379/379/379 
f 384/384/384 378/378/378 381/381/381 
f 385/385/385 379/379/379 384/384/384 
f 379/379/379 385/385/385 380/380/380 
f 382/382/382 383/383/383 386/386/386 
f 383/383/383 368/368/368 387/387/387 
f 387/387/387 386/386/386 383/383/383 
f 388/388/388 387/387/387 368/368/368 
f 368/368/368 367/367/367 388/388/388 
f 388/388/388 367/367/367 389/389/389 
f 365/365/365 389/389/389 367/367/367 
f 387/387/387 388/388/388 390/390/390 
f 391/391/391 389/389/389 365/365/365 
f 366/366/366 391/391/391 365/365/365 
f 388/388/388 389/389/389 392/392/392 
f 390/390/390 388/388/388 392/392/392 
f 389/389/389 391/391/391 393/393/393 
f 392/392/392 389/389/389 393/393/393 
f 366/366/366 394/394/394 391/391/391 
f 394/394/394 366/366/366 395/395/395 
f 393/393/393 391/391/391 396/396/396 
f 394/394/394 396/396/396 391/391/391 
f 393/393/393 397/397/397 392/392/392 
f 397/397/397 393/393/393 396/396/396 
f 398/398/398 396/396/396 394/394/394 
f 397/397/397 399/399/399 392/392/392 
f 390/390/390 392/392/392 399/399/399 
f 396/396/396 400/400/400 397/397/397 
f 400/400/400 396/396/396 398/398/398 
f 401/401/401 402/402/402 394/394/394 
f 402/402/402 401/401/401 403/403/403 
f 403/403/403 404/404/404 402/402/402 
f 404/404/404 398/398/398 402/402/402 
f 404/404/404 403/403/403 256/256/256 
f 256/256/256 255/255/255 404/404/404 
f 255/255/255 405/405/405 404/404/404 
f 398/398/398 404/404/404 405/405/405 
f 255/255/255 242/242/242 405/405/405 
f 238/238/238 405/405/405 242/242/242 
f 406/406/406 398/398/398 405/405/405 
f 405/405/405 238/238/238 406/406/406 
f 398/398/398 406/406/406 400/400/400 
f 231/231/231 406/406/406 238/238/238 
f 407/407/407 406/406/406 231/231/231 
f 406/406/406 407/407/407 400/400/400 
f 229/229/229 407/407/407 231/231/231 
f 400/400/400 407/407/407 408/408/408 
f 408/408/408 397/397/397 400/400/400 
f 407/407/407 229/229/229 409/409/409 
f 407/407/407 409/409/409 408/408/408 
f 229/229/229 227/227/227 409/409/409 
f 399/399/399 397/397/397 408/408/408 
f 410/410/410 409/409/409 227/227/227 
f 226/226/226 410/410/410 227/227/227 
f 411/411/411 408/408/408 409/409/409 
f 411/411/411 399/399/399 408/408/408 
f 409/409/409 410/410/410 411/411/411 
f 399/399/399 411/411/411 412/412/412 
f 399/399/399 412/412/412 390/390/390 
f 413/413/413 411/411/411 410/410/410 
f 411/411/411 413/413/413 412/412/412 
f 414/414/414 410/410/410 226/226/226 
f 414/414/414 413/413/413 410/410/410 
f 226/226/226 415/415/415 414/414/414 
f 415/415/415 226/226/226 416/416/416 
f 414/414/414 417/417/417 413/413/413 
f 417/417/417 412/412/412 413/413/413 
f 415/415/415 418/418/418 414/414/414 
f 417/417/417 414/414/414 418/418/418 
f 418/418/418 415/415/415 419/419/419 
f 412/412/412 417/417/417 420/420/420 
f 420/420/420 390/390/390 412/412/412 
f 420/420/420 387/387/387 390/390/390 
f 387/387/387 420/420/420 386/386/386 
f 421/421/421 420/420/420 417/417/417 
f 418/418/418 421/421/421 417/417/417 
f 420/420/420 421/421/421 386/386/386 
f 419/419/419 422/422/422 418/418/418 
f 421/421/421 418/418/418 422/422/422 
f 422/422/422 419/419/419 423/423/423 
f 423/423/423 424/424/424 422/422/422 
f 424/424/424 423/423/423 425/425/425 
f 424/424/424 425/425/425 426/426/426 
f 427/427/427 426/426/426 425/425/425 
f 428/428/428 426/426/426 427/427/427 
f 429/429/429 422/422/422 424/424/424 
f 422/422/422 429/429/429 421/421/421 
f 429/429/429 386/386/386 421/421/421 
f 426/426/426 430/430/430 429/429/429 
f 430/430/430 386/386/386 429/429/429 
f 386/386/386 430/430/430 382/382/382 
f 381/381/381 382/382/382 430/430/430 
f 431/431/431 381/381/381 430/430/430 
f 432/432/432 431/431/431 428/428/428 
f 381/381/381 431/431/431 433/433/433 
f 431/431/431 432/432/432 433/433/433 
f 381/381/381 433/433/433 384/384/384 
f 434/434/434 433/433/433 432/432/432 
f 384/384/384 433/433/433 435/435/435 
f 433/433/433 434/434/434 435/435/435 
f 384/384/384 435/435/435 385/385/385 
f 436/436/436 435/435/435 434/434/434 
f 435/435/435 436/436/436 437/437/437 
f 437/437/437 385/385/385 435/435/435 
f 438/438/438 437/437/437 436/436/436 
f 385/385/385 437/437/437 439/439/439 
f 380/380/380 385/385/385 439/439/439 
f 437/437/437 438/438/438 440/440/440 
f 440/440/440 439/439/439 437/437/437 
f 441/441/441 440/440/440 438/438/438 
f 442/442/442 380/380/380 439/439/439 
f 439/439/439 440/440/440 442/442/442 
f 440/440/440 441/441/441 443/443/443 
f 443/443/443 442/442/442 440/440/440 
f 443/443/443 441/441/441 444/444/444 
f 444/444/444 441/441/441 445/445/445 
f 442/442/442 443/443/443 446/446/446 
f 444/444/444 446/446/446 443/443/443 
f 380/380/380 442/442/442 447/447/447 
f 446/446/446 447/447/447 442/442/442 
f 342/342/342 380/380/380 447/447/447 
f 448/448/448 342/342/342 447/447/447 
f 447/447/447 446/446/446 448/448/448 
f 342/342/342 448/448/448 341/341/341 
f 444/444/444 445/445/445 449/449/449 
f 446/446/446 444/444/444 450/450/450 
f 450/450/450 448/448/448 446/446/446 
f 449/449/449 450/450/450 444/444/444 
f 451/451/451 341/341/341 448/448/448 
f 448/448/448 450/450/450 451/451/451 
f 341/341/341 451/451/451 42/42/42 
f 40/40/40 42/42/42 451/451/451 
f 449/449/449 445/445/445 452/452/452 
f 453/453/453 40/40/40 451/451/451 
f 453/453/453 451/451/451 450/450/450 
f 450/450/450 449/449/449 453/453/453 
f 38/38/38 40/40/40 453/453/453 
f 449/449/449 38/38/38 453/453/453 
f 449/449/449 452/452/452 454/454/454 
f 38/38/38 449/449/449 454/454/454 
f 38/38/38 454/454/454 34/34/34 
f 454/454/454 452/452/452 455/455/455 
f 456/456/456 34/34/34 454/454/454 
f 454/454/454 455/455/455 456/456/456 
f 456/456/456 455/455/455 457/457/457 
f 458/458/458 459/459/459 460/460/460 
f 459/459/459 458/458/458 461/461/461 
f 462/462/462 460/460/460 459/459/459 
f 460/460/460 462/462/462 463/463/463 
f 464/464/464 465/465/465 466/466/466 
f 464/464/464 467/467/467 465/465/465 
f 467/467/467 468/468/468 465/465/465 
f 467/467/467 469/469/469 468/468/468 
f 470/470/470 471/471/471 472/472/472 
f 471/471/471 473/473/473 472/472/472 
f 471/471/471 474/474/474 473/473/473 
f 474/474/474 471/471/471 475/475/475 
f 475/475/475 476/476/476 474/474/474 
f 476/476/476 475/475/475 477/477/477 
f 478/478/478 479/479/479 480/480/480 
f 479/479/479 478/478/478 481/481/481 
f 479/479/479 481/481/481 482/482/482 
f 483/483/483 479/479/479 482/482/482 
f 484/484/484 483/483/483 482/482/482 
f 485/485/485 483/483/483 484/484/484 
f 486/486/486 487/487/487 488/488/488 
f 487/487/487 489/489/489 488/488/488 
f 490/490/490 491/491/491 486/486/486 
f 492/492/492 493/493/493 489/489/489 
f 494/494/494 495/495/495 491/491/491 
f 495/495/495 496/496/496 492/492/492 
f 497/497/497 494/494/494 491/491/491 
f 494/494/494 497/497/497 498/498/498 
f 498/498/498 497/497/497 499/499/499 
f 496/496/496 500/500/500 492/492/492 
f 500/500/500 496/496/496 501/501/501 
f 502/502/502 500/500/500 501/501/501 
f 503/503/503 504/504/504 505/505/505 
f 504/504/504 503/503/503 506/506/506 
f 507/507/507 504/504/504 506/506/506 
f 504/504/504 507/507/507 508/508/508 
f 509/509/509 508/508/508 507/507/507 
f 508/508/508 509/509/509 510/510/510 
f 511/511/511 512/512/512 513/513/513 
f 512/512/512 514/514/514 513/513/513 
f 515/515/515 512/512/512 511/511/511 
f 516/516/516 515/515/515 511/511/511 
f 517/517/517 515/515/515 516/516/516 
f 515/515/515 517/517/517 518/518/518 
f 519/519/519 520/520/520 521/521/521 
f 520/520/520 519/519/519 522/522/522 
f 520/520/520 523/523/523 521/521/521 
f 523/523/523 520/520/520 524/524/524 
f 524/524/524 525/525/525 523/523/523 
f 525/525/525 524/524/524 526/526/526 
f 527/527/527 528/528/528 529/529/529 
f 528/528/528 527/527/527 530/530/530 
f 531/531/531 530/530/530 527/527/527 
f 530/530/530 531/531/531 532/532/532 
f 532/532/532 531/531/531 533/533/533 
f 534/534/534 533/533/533 531/531/531 
f 535/535/535 536/536/536 537/537/537 
f 538/538/538 535/535/535 537/537/537 
f 539/539/539 540/540/540 541/541/541 
f 542/542/542 539/539/539 541/541/541 
f 543/543/543 544/544/544 545/545/545 
f 546/546/546 547/547/547 548/548/548 
f 549/549/549 550/550/550 551/551/551 
f 550/550/550 549/549/549 552/552/552 
f 549/549/549 553/553/553 552/552/552 
f 553/553/553 549/549/549 554/554/554 
f 554/554/554 555/555/555 553/553/553 
f 555/555/555 554/554/554 556/556/556 
f 557/557/557 558/558/558 559/559/559 
f 558/558/558 557/557/557 560/560/560 
f 560/560/560 561/561/561 558/558/558 
f 558/558/558 561/561/561 562/562/562 
f 561/561/561 563/563/563 562/562/562 
f 564/564/564 562/562/562 563/563/563 
f 565/565/565 566/566/566 567/567/567 
f 567/567/567 568/568/568 565/565/565 
f 569/569/569 567/567/567 566/566/566 
f 568/568/568 567/567/567 570/570/570 
f 566/566/566 571/571/571 569/569/569 
f 570/570/570 572/572/572 568/568/568 
f 573/573/573 569/569/569 571/571/571 
f 572/572/572 570/570/570 574/574/574 
f 575/575/575 573/573/573 571/571/571 
f 574/574/574 576/576/576 572/572/572 
f 577/577/577 573/573/573 575/575/575 
f 578/578/578 577/577/577 575/575/575 
f 577/577/577 578/578/578 579/579/579 
f 576/576/576 574/574/574 580/580/580 
f 580/580/580 581/581/581 576/576/576 
f 581/581/581 580/580/580 582/582/582 
f 583/583/583 584/584/584 585/585/585 
f 584/584/584 583/583/583 586/586/586 
f 587/587/587 585/585/585 584/584/584 
f 588/588/588 586/586/586 583/583/583 
f 585/585/585 587/587/587 589/589/589 
f 586/586/586 588/588/588 590/590/590 
f 591/591/591 590/590/590 588/588/588 
f 590/590/590 591/591/591 592/592/592 
f 587/587/587 593/593/593 589/589/589 
f 593/593/593 587/587/587 594/594/594 
f 594/594/594 595/595/595 593/593/593 
f 595/595/595 594/594/594 596/596/596 
f 596/596/596 597/597/597 595/595/595 
f 597/597/597 596/596/596 598/598/598 
f 599/599/599 597/597/597 598/598/598 
f 598/598/598 600/600/600 599/599/599 
f 601/601/601 602/602/602 603/603/603 
f 604/604/604 603/603/603 602/602/602 
f 603/603/603 604/604/604 605/605/605 
f 606/606/606 605/605/605 604/604/604 
f 605/605/605 607/607/607 603/603/603 
f 608/608/608 603/603/603 607/607/607 
f 605/605/605 606/606/606 609/609/609 
f 610/610/610 609/609/609 606/606/606 
f 607/607/607 605/605/605 611/611/611 
f 609/609/609 611/611/611 605/605/605 
f 612/612/612 608/608/608 607/607/607 
f 613/613/613 607/607/607 611/611/611 
f 607/607/607 613/613/613 612/612/612 
f 611/611/611 614/614/614 613/613/613 
f 611/611/611 609/609/609 615/615/615 
f 614/614/614 611/611/611 615/615/615 
f 609/609/609 610/610/610 616/616/616 
f 616/616/616 615/615/615 609/609/609 
f 617/617/617 616/616/616 610/610/610 
f 617/617/617 610/610/610 618/618/618 
f 615/615/615 616/616/616 619/619/619 
f 619/619/619 614/614/614 615/615/615 
f 620/620/620 616/616/616 617/617/617 
f 616/616/616 620/620/620 619/619/619 
f 621/621/621 617/617/617 618/618/618 
f 621/621/621 618/618/618 622/622/622 
f 617/617/617 623/623/623 620/620/620 
f 623/623/623 617/617/617 621/621/621 
f 620/620/620 624/624/624 619/619/619 
f 614/614/614 619/619/619 624/624/624 
f 623/623/623 625/625/625 620/620/620 
f 624/624/624 620/620/620 625/625/625 
f 614/614/614 624/624/624 626/626/626 
f 625/625/625 626/626/626 624/624/624 
f 626/626/626 627/627/627 614/614/614 
f 613/613/613 614/614/614 627/627/627 
f 626/626/626 625/625/625 628/628/628 
f 627/627/627 629/629/629 613/613/613 
f 627/627/627 626/626/626 630/630/630 
f 628/628/628 630/630/630 626/626/626 
f 629/629/629 627/627/627 631/631/631 
f 627/627/627 630/630/630 631/631/631 
f 612/612/612 613/613/613 629/629/629 
f 632/632/632 628/628/628 625/625/625 
f 625/625/625 623/623/623 632/632/632 
f 633/633/633 632/632/632 623/623/623 
f 621/621/621 633/633/633 623/623/623 
f 628/628/628 632/632/632 634/634/634 
f 629/629/629 635/635/635 612/612/612 
f 630/630/630 628/628/628 636/636/636 
f 634/634/634 636/636/636 628/628/628 
f 637/637/637 630/630/630 636/636/636 
f 637/637/637 638/638/638 630/630/630 
f 639/639/639 637/637/637 636/636/636 
f 638/638/638 631/631/631 630/630/630 
f 638/638/638 640/640/640 631/631/631 
f 641/641/641 631/631/631 640/640/640 
f 639/639/639 636/636/636 642/642/642 
f 636/636/636 634/634/634 642/642/642 
f 643/643/643 639/639/639 642/642/642 
f 631/631/631 641/641/641 644/644/644 
f 631/631/631 644/644/644 629/629/629 
f 635/635/635 629/629/629 644/644/644 
f 645/645/645 644/644/644 641/641/641 
f 644/644/644 645/645/645 646/646/646 
f 644/644/644 646/646/646 635/635/635 
f 647/647/647 646/646/646 645/645/645 
f 648/648/648 635/635/635 646/646/646 
f 648/648/648 612/612/612 635/635/635 
f 646/646/646 647/647/647 649/649/649 
f 646/646/646 649/649/649 648/648/648 
f 650/650/650 649/649/649 647/647/647 
f 647/647/647 651/651/651 650/650/650 
f 652/652/652 648/648/648 649/649/649 
f 649/649/649 650/650/650 652/652/652 
f 612/612/612 648/648/648 653/653/653 
f 652/652/652 653/653/653 648/648/648 
f 608/608/608 612/612/612 653/653/653 
f 654/654/654 650/650/650 651/651/651 
f 654/654/654 652/652/652 650/650/650 
f 651/651/651 655/655/655 654/654/654 
f 656/656/656 608/608/608 653/653/653 
f 653/653/653 652/652/652 656/656/656 
f 608/608/608 656/656/656 657/657/657 
f 658/658/658 657/657/657 656/656/656 
f 652/652/652 658/658/658 656/656/656 
f 659/659/659 654/654/654 655/655/655 
f 655/655/655 660/660/660 659/659/659 
f 652/652/652 654/654/654 661/661/661 
f 658/658/658 652/652/652 661/661/661 
f 659/659/659 661/661/661 654/654/654 
f 662/662/662 658/658/658 661/661/661 
f 661/661/661 659/659/659 662/662/662 
f 658/658/658 662/662/662 663/663/663 
f 664/664/664 659/659/659 660/660/660 
f 665/665/665 663/663/663 662/662/662 
f 665/665/665 662/662/662 659/659/659 
f 663/663/663 665/665/665 666/666/666 
f 659/659/659 664/664/664 667/667/667 
f 659/659/659 667/667/667 665/665/665 
f 668/668/668 667/667/667 664/664/664 
f 669/669/669 666/666/666 665/665/665 
f 669/669/669 665/665/665 667/667/667 
f 667/667/667 668/668/668 670/670/670 
f 667/667/667 670/670/670 669/669/669 
f 671/671/671 670/670/670 668/668/668 
f 668/668/668 672/672/672 671/671/671 
f 673/673/673 669/669/669 670/670/670 
f 670/670/670 671/671/671 673/673/673 
f 669/669/669 673/673/673 674/674/674 
f 675/675/675 674/674/674 673/673/673 
f 673/673/673 676/676/676 675/675/675 
f 676/676/676 673/673/673 671/671/671 
f 677/677/677 675/675/675 676/676/676 
f 678/678/678 671/671/671 672/672/672 
f 671/671/671 678/678/678 676/676/676 
f 672/672/672 679/679/679 678/678/678 
f 676/676/676 680/680/680 677/677/677 
f 678/678/678 680/680/680 676/676/676 
f 681/681/681 677/677/677 680/680/680 
f 682/682/682 678/678/678 679/679/679 
f 678/678/678 682/682/682 680/680/680 
f 682/682/682 681/681/681 680/680/680 
f 679/679/679 683/683/683 682/682/682 
f 684/684/684 682/682/682 683/683/683 
f 682/682/682 684/684/684 681/681/681 
f 683/683/683 685/685/685 684/684/684 
f 686/686/686 681/681/681 684/684/684 
f 686/686/686 684/684/684 685/685/685 
f 681/681/681 686/686/686 687/687/687 
f 685/685/685 688/688/688 686/686/686 
f 689/689/689 687/687/687 686/686/686 
f 689/689/689 686/686/686 688/688/688 
f 688/688/688 690/690/690 689/689/689 
f 691/691/691 692/692/692 693/693/693 
f 693/693/693 694/694/694 691/691/691 
f 695/695/695 693/693/693 692/692/692 
f 694/694/694 693/693/693 696/696/696 
f 692/692/692 697/697/697 695/695/695 
f 698/698/698 694/694/694 696/696/696 
f 697/697/697 692/692/692 699/699/699 
f 694/694/694 698/698/698 700/700/700 
f 701/701/701 700/700/700 698/698/698 
f 700/700/700 701/701/701 702/702/702 
f 697/697/697 699/699/699 703/703/703 
f 704/704/704 697/697/697 703/703/703 
f 703/703/703 705/705/705 704/704/704 
f 705/705/705 703/703/703 706/706/706 
f 706/706/706 707/707/707 705/705/705 
f 707/707/707 706/706/706 708/708/708 
f 709/709/709 710/710/710 711/711/711 
f 711/711/711 712/712/712 709/709/709 
f 712/712/712 711/711/711 713/713/713 
f 714/714/714 711/711/711 715/715/715 
f 713/713/713 711/711/711 714/714/714 
f 713/713/713 716/716/716 712/712/712 
f 714/714/714 716/716/716 713/713/713 
f 717/717/717 712/712/712 716/716/716 
f 718/718/718 714/714/714 715/715/715 
f 715/715/715 719/719/719 718/718/718 
f 716/716/716 720/720/720 717/717/717 
f 717/717/717 720/720/720 721/721/721 
f 716/716/716 714/714/714 722/722/722 
f 722/722/722 720/720/720 716/716/716 
f 720/720/720 723/723/723 721/721/721 
f 724/724/724 722/722/722 714/714/714 
f 714/714/714 718/718/718 724/724/724 
f 723/723/723 720/720/720 725/725/725 
f 725/725/725 726/726/726 723/723/723 
f 720/720/720 722/722/722 727/727/727 
f 727/727/727 725/725/725 720/720/720 
f 722/722/722 724/724/724 728/728/728 
f 727/727/727 722/722/722 729/729/729 
f 729/729/729 722/722/722 728/728/728 
f 730/730/730 728/728/728 724/724/724 
f 724/724/724 718/718/718 730/730/730 
f 726/726/726 725/725/725 731/731/731 
f 731/731/731 732/732/732 726/726/726 
f 725/725/725 727/727/727 733/733/733 
f 733/733/733 731/731/731 725/725/725 
f 733/733/733 727/727/727 734/734/734 
f 734/734/734 727/727/727 729/729/729 
f 731/731/731 733/733/733 735/735/735 
f 733/733/733 734/734/734 736/736/736 
f 735/735/735 733/733/733 736/736/736 
f 735/735/735 737/737/737 731/731/731 
f 732/732/732 731/731/731 737/737/737 
f 737/737/737 735/735/735 738/738/738 
f 736/736/736 738/738/738 735/735/735 
f 739/739/739 732/732/732 737/737/737 
f 732/732/732 739/739/739 740/740/740 
f 738/738/738 741/741/741 737/737/737 
f 739/739/739 737/737/737 741/741/741 
f 738/738/738 736/736/736 742/742/742 
f 742/742/742 741/741/741 738/738/738 
f 743/743/743 740/740/740 739/739/739 
f 740/740/740 743/743/743 744/744/744 
f 741/741/741 745/745/745 739/739/739 
f 743/743/743 739/739/739 745/745/745 
f 741/741/741 742/742/742 746/746/746 
f 746/746/746 745/745/745 741/741/741 
f 742/742/742 736/736/736 747/747/747 
f 747/747/747 746/746/746 742/742/742 
f 748/748/748 747/747/747 736/736/736 
f 734/734/734 748/748/748 736/736/736 
f 746/746/746 747/747/747 749/749/749 
f 750/750/750 748/748/748 734/734/734 
f 745/745/745 746/746/746 751/751/751 
f 749/749/749 751/751/751 746/746/746 
f 729/729/729 750/750/750 734/734/734 
f 752/752/752 749/749/749 747/747/747 
f 747/747/747 748/748/748 752/752/752 
f 751/751/751 753/753/753 745/745/745 
f 745/745/745 753/753/753 743/743/743 
f 748/748/748 750/750/750 754/754/754 
f 754/754/754 752/752/752 748/748/748 
f 751/751/751 749/749/749 755/755/755 
f 749/749/749 752/752/752 756/756/756 
f 756/756/756 755/755/755 749/749/749 
f 752/752/752 757/757/757 756/756/756 
f 757/757/757 752/752/752 758/758/758 
f 754/754/754 758/758/758 752/752/752 
f 759/759/759 756/756/756 757/757/757 
f 758/758/758 754/754/754 760/760/760 
f 754/754/754 761/761/761 760/760/760 
f 756/756/756 759/759/759 762/762/762 
f 755/755/755 756/756/756 762/762/762 
f 763/763/763 762/762/762 759/759/759 
f 761/761/761 754/754/754 764/764/764 
f 764/764/764 754/754/754 750/750/750 
f 764/764/764 765/765/765 761/761/761 
f 750/750/750 766/766/766 764/764/764 
f 750/750/750 729/729/729 766/766/766 
f 765/765/765 764/764/764 767/767/767 
f 767/767/767 764/764/764 766/766/766 
f 767/767/767 768/768/768 765/765/765 
f 729/729/729 769/769/769 766/766/766 
f 769/769/769 767/767/767 766/766/766 
f 769/769/769 729/729/729 728/728/728 
f 768/768/768 767/767/767 770/770/770 
f 770/770/770 767/767/767 769/769/769 
f 728/728/728 730/730/730 769/769/769 
f 730/730/730 770/770/770 769/769/769 
f 771/771/771 768/768/768 770/770/770 
f 770/770/770 730/730/730 771/771/771 
f 772/772/772 768/768/768 771/771/771 
f 773/773/773 772/772/772 771/771/771 
f 730/730/730 773/773/773 771/771/771 
f 774/774/774 772/772/772 773/773/773 
f 773/773/773 730/730/730 775/775/775 
f 730/730/730 718/718/718 775/775/775 
f 776/776/776 774/774/774 773/773/773 
f 775/775/775 776/776/776 773/773/773 
f 777/777/777 774/774/774 776/776/776 
f 718/718/718 778/778/778 775/775/775 
f 776/776/776 775/775/775 778/778/778 
f 778/778/778 718/718/718 719/719/719 
f 776/776/776 779/779/779 777/777/777 
f 719/719/719 780/780/780 778/778/778 
f 780/780/780 776/776/776 778/778/778 
f 780/780/780 719/719/719 781/781/781 
f 779/779/779 776/776/776 782/782/782 
f 782/782/782 776/776/776 780/780/780 
f 782/782/782 783/783/783 779/779/779 
f 781/781/781 784/784/784 780/780/780 
f 784/784/784 782/782/782 780/780/780 
f 783/783/783 782/782/782 785/785/785 
f 785/785/785 782/782/782 784/784/784 
f 786/786/786 783/783/783 785/785/785 
f 783/783/783 786/786/786 787/787/787 
f 788/788/788 785/785/785 784/784/784 
f 785/785/785 788/788/788 786/786/786 
f 784/784/784 789/789/789 788/788/788 
f 790/790/790 788/788/788 789/789/789 
f 788/788/788 790/790/790 791/791/791 
f 791/791/791 786/786/786 788/788/788 
f 792/792/792 791/791/791 790/790/790 
f 793/793/793 787/787/787 786/786/786 
f 786/786/786 791/791/791 793/793/793 
f 787/787/787 793/793/793 794/794/794 
f 791/791/791 792/792/792 795/795/795 
f 795/795/795 793/793/793 791/791/791 
f 792/792/792 796/796/796 795/795/795 
f 797/797/797 794/794/794 793/793/793 
f 793/793/793 795/795/795 797/797/797 
f 796/796/796 797/797/797 795/795/795 
f 794/794/794 797/797/797 798/798/798 
f 799/799/799 798/798/798 797/797/797 
f 797/797/797 796/796/796 799/799/799 
f 798/798/798 799/799/799 800/800/800 
f 796/796/796 801/801/801 799/799/799 
f 801/801/801 800/800/800 799/799/799 
f 801/801/801 796/796/796 802/802/802 
f 800/800/800 801/801/801 803/803/803 
f 802/802/802 804/804/804 801/801/801 
f 804/804/804 803/803/803 801/801/801 
f 803/803/803 804/804/804 805/805/805 
f 806/806/806 807/807/807 808/808/808 
f 807/807/807 806/806/806 809/809/809 
f 810/810/810 809/809/809 806/806/806 
f 809/809/809 810/810/810 811/811/811 
f 810/810/810 812/812/812 811/811/811 
f 812/812/812 810/810/810 813/813/813 
f 814/814/814 812/812/812 813/813/813 
f 812/812/812 814/814/814 815/815/815 
f 816/816/816 815/815/815 814/814/814 
f 814/814/814 817/817/817 816/816/816 
f 818/818/818 816/816/816 817/817/817 
f 816/816/816 818/818/818 819/819/819 
f 820/820/820 819/819/819 818/818/818 
f 818/818/818 821/821/821 820/820/820 
f 821/821/821 822/822/822 820/820/820 
f 821/821/821 823/823/823 822/822/822 
f 753/753/753 751/751/751 824/824/824 
f 755/755/755 824/824/824 751/751/751 
f 824/824/824 755/755/755 825/825/825 
f 762/762/762 825/825/825 755/755/755 
f 824/824/824 826/826/826 753/753/753 
f 825/825/825 826/826/826 824/824/824 
f 825/825/825 762/762/762 827/827/827 
f 762/762/762 763/763/763 827/827/827 
f 826/826/826 825/825/825 828/828/828 
f 827/827/827 828/828/828 825/825/825 
f 763/763/763 829/829/829 827/827/827 
f 828/828/828 827/827/827 829/829/829 
f 829/829/829 763/763/763 830/830/830 
f 830/830/830 831/831/831 829/829/829 
f 831/831/831 830/830/830 832/832/832 
f 833/833/833 829/829/829 831/831/831 
f 829/829/829 833/833/833 828/828/828 
f 834/834/834 828/828/828 833/833/833 
f 828/828/828 834/834/834 826/826/826 
f 826/826/826 834/834/834 835/835/835 
f 835/835/835 753/753/753 826/826/826 
f 836/836/836 835/835/835 834/834/834 
f 753/753/753 835/835/835 837/837/837 
f 837/837/837 743/743/743 753/753/753 
f 837/837/837 744/744/744 743/743/743 
f 744/744/744 837/837/837 838/838/838 
f 839/839/839 837/837/837 835/835/835 
f 835/835/835 836/836/836 839/839/839 
f 839/839/839 838/838/838 837/837/837 
f 840/840/840 839/839/839 836/836/836 
f 838/838/838 839/839/839 841/841/841 
f 840/840/840 841/841/841 839/839/839 
f 841/841/841 840/840/840 842/842/842 
f 632/632/632 633/633/633 843/843/843 
f 843/843/843 634/634/634 632/632/632 
f 634/634/634 843/843/843 844/844/844 
f 844/844/844 642/642/642 634/634/634 
f 633/633/633 845/845/845 843/843/843 
f 845/845/845 844/844/844 843/843/843 
f 642/642/642 844/844/844 846/846/846 
f 643/643/643 642/642/642 846/846/846 
f 844/844/844 845/845/845 847/847/847 
f 847/847/847 846/846/846 844/844/844 
f 848/848/848 643/643/643 846/846/846 
f 846/846/846 847/847/847 848/848/848 
f 643/643/643 848/848/848 849/849/849 
f 850/850/850 849/849/849 848/848/848 
f 849/849/849 850/850/850 851/851/851 
f 848/848/848 852/852/852 850/850/850 
f 852/852/852 848/848/848 847/847/847 
f 847/847/847 853/853/853 852/852/852 
f 853/853/853 847/847/847 845/845/845 
f 854/854/854 853/853/853 845/845/845 
f 633/633/633 854/854/854 845/845/845 
f 854/854/854 855/855/855 853/853/853 
f 854/854/854 633/633/633 856/856/856 
f 633/633/633 621/621/621 856/856/856 
f 856/856/856 621/621/621 622/622/622 
f 856/856/856 622/622/622 857/857/857 
f 856/856/856 858/858/858 854/854/854 
f 858/858/858 855/855/855 854/854/854 
f 858/858/858 856/856/856 857/857/857 
f 858/858/858 859/859/859 855/855/855 
f 858/858/858 857/857/857 860/860/860 
f 859/859/859 858/858/858 860/860/860 
f 859/859/859 860/860/860 861/861/861 
f 862/862/862 863/863/863 864/864/864 
f 864/864/864 863/863/863 865/865/865 
f 863/863/863 862/862/862 866/866/866 
f 862/862/862 802/802/802 866/866/866 
f 802/802/802 862/862/862 867/867/867 
f 804/804/804 802/802/802 867/867/867 
f 866/866/866 868/868/868 863/863/863 
f 869/869/869 865/865/865 863/863/863 
f 863/863/863 868/868/868 869/869/869 
f 870/870/870 865/865/865 869/869/869 
f 865/865/865 870/870/870 871/871/871 
f 869/869/869 872/872/872 870/870/870 
f 872/872/872 869/869/869 868/868/868 
f 873/873/873 870/870/870 872/872/872 
f 872/872/872 874/874/874 873/873/873 
f 868/868/868 874/874/874 872/872/872 
f 875/875/875 873/873/873 874/874/874 
f 868/868/868 866/866/866 876/876/876 
f 802/802/802 876/876/876 866/866/866 
f 874/874/874 877/877/877 875/875/875 
f 875/875/875 877/877/877 878/878/878 
f 874/874/874 868/868/868 879/879/879 
f 876/876/876 879/879/879 868/868/868 
f 879/879/879 877/877/877 874/874/874 
f 877/877/877 880/880/880 878/878/878 
f 879/879/879 876/876/876 792/792/792 
f 880/880/880 877/877/877 881/881/881 
f 877/877/877 879/879/879 882/882/882 
f 882/882/882 881/881/881 877/877/877 
f 792/792/792 882/882/882 879/879/879 
f 881/881/881 883/883/883 880/880/880 
f 876/876/876 802/802/802 796/796/796 
f 796/796/796 792/792/792 876/876/876 
f 883/883/883 881/881/881 884/884/884 
f 881/881/881 882/882/882 885/885/885 
f 885/885/885 884/884/884 881/881/881 
f 882/882/882 792/792/792 790/790/790 
f 790/790/790 885/885/885 882/882/882 
f 886/886/886 883/883/883 884/884/884 
f 883/883/883 886/886/886 887/887/887 
f 884/884/884 885/885/885 888/888/888 
f 888/888/888 886/886/886 884/884/884 
f 885/885/885 790/790/790 789/789/789 
f 789/789/789 888/888/888 885/885/885 
f 889/889/889 887/887/887 886/886/886 
f 888/888/888 789/789/789 890/890/890 
f 887/887/887 889/889/889 710/710/710 
f 886/886/886 888/888/888 891/891/891 
f 891/891/891 889/889/889 886/886/886 
f 890/890/890 781/781/781 888/888/888 
f 891/891/891 888/888/888 781/781/781 
f 789/789/789 784/784/784 890/890/890 
f 784/784/784 781/781/781 890/890/890 
f 889/889/889 891/891/891 892/892/892 
f 781/781/781 719/719/719 891/891/891 
f 892/892/892 891/891/891 719/719/719 
f 715/715/715 889/889/889 892/892/892 
f 719/719/719 715/715/715 892/892/892 
f 711/711/711 710/710/710 889/889/889 
f 711/711/711 889/889/889 715/715/715 
f 893/893/893 894/894/894 895/895/895 
f 896/896/896 893/893/893 895/895/895 
f 894/894/894 893/893/893 897/897/897 
f 687/687/687 894/894/894 897/897/897 
f 687/687/687 898/898/898 894/894/894 
f 687/687/687 689/689/689 898/898/898 
f 899/899/899 897/897/897 893/893/893 
f 900/900/900 687/687/687 897/897/897 
f 897/897/897 899/899/899 900/900/900 
f 893/893/893 896/896/896 901/901/901 
f 901/901/901 899/899/899 893/893/893 
f 896/896/896 902/902/902 901/901/901 
f 902/902/902 896/896/896 903/903/903 
f 902/902/902 904/904/904 901/901/901 
f 899/899/899 901/901/901 904/904/904 
f 902/902/902 905/905/905 904/904/904 
f 906/906/906 904/904/904 905/905/905 
f 906/906/906 899/899/899 904/904/904 
f 905/905/905 907/907/907 906/906/906 
f 899/899/899 906/906/906 908/908/908 
f 908/908/908 900/900/900 899/899/899 
f 909/909/909 906/906/906 907/907/907 
f 909/909/909 908/908/908 906/906/906 
f 907/907/907 910/910/910 909/909/909 
f 911/911/911 909/909/909 910/910/910 
f 909/909/909 911/911/911 912/912/912 
f 913/913/913 912/912/912 911/911/911 
f 908/908/908 909/909/909 914/914/914 
f 912/912/912 914/914/914 909/909/909 
f 900/900/900 908/908/908 677/677/677 
f 914/914/914 677/677/677 908/908/908 
f 677/677/677 681/681/681 900/900/900 
f 687/687/687 900/900/900 681/681/681 
f 677/677/677 914/914/914 675/675/675 
f 914/914/914 912/912/912 915/915/915 
f 915/915/915 675/675/675 914/914/914 
f 916/916/916 915/915/915 912/912/912 
f 912/912/912 913/913/913 916/916/916 
f 675/675/675 915/915/915 674/674/674 
f 915/915/915 916/916/916 917/917/917 
f 917/917/917 674/674/674 915/915/915 
f 918/918/918 916/916/916 913/913/913 
f 918/918/918 917/917/917 916/916/916 
f 918/918/918 913/913/913 919/919/919 
f 674/674/674 917/917/917 920/920/920 
f 921/921/921 918/918/918 919/919/919 
f 921/921/921 919/919/919 922/922/922 
f 917/917/917 918/918/918 923/923/923 
f 921/921/921 923/923/923 918/918/918 
f 666/666/666 920/920/920 917/917/917 
f 917/917/917 923/923/923 666/666/666 
f 674/674/674 920/920/920 669/669/669 
f 666/666/666 669/669/669 920/920/920 
f 922/922/922 924/924/924 921/921/921 
f 924/924/924 922/922/922 925/925/925 
f 923/923/923 921/921/921 926/926/926 
f 927/927/927 924/924/924 925/925/925 
f 663/663/663 666/666/666 923/923/923 
f 923/923/923 926/926/926 663/663/663 
f 928/928/928 926/926/926 921/921/921 
f 928/928/928 921/921/921 924/924/924 
f 928/928/928 663/663/663 926/926/926 
f 924/924/924 927/927/927 929/929/929 
f 924/924/924 657/657/657 928/928/928 
f 657/657/657 924/924/924 929/929/929 
f 927/927/927 930/930/930 929/929/929 
f 930/930/930 657/657/657 929/929/929 
f 930/930/930 927/927/927 601/601/601 
f 657/657/657 658/658/658 928/928/928 
f 663/663/663 928/928/928 658/658/658 
f 657/657/657 930/930/930 608/608/608 
f 603/603/603 930/930/930 601/601/601 
f 603/603/603 608/608/608 930/930/930 
f 931/931/931 932/932/932 933/933/933 
f 932/932/932 931/931/931 934/934/934 
f 935/935/935 936/936/936 937/937/937 
f 935/935/935 938/938/938 936/936/936 
f 939/939/939 940/940/940 941/941/941 
f 941/941/941 940/940/940 942/942/942 
f 943/943/943 944/944/944 945/945/945 
f 944/944/944 943/943/943 946/946/946 
f 947/947/947 948/948/948 949/949/949 
f 948/948/948 950/950/950 949/949/949 
f 951/951/951 947/947/947 949/949/949 
f 952/952/952 951/951/951 949/949/949 
f 950/950/950 953/953/953 949/949/949 
f 953/953/953 954/954/954 949/949/949 
f 955/955/955 956/956/956 957/957/957 
f 957/957/957 956/956/956 958/958/958 
f 959/959/959 956/956/956 955/955/955 
f 960/960/960 956/956/956 959/959/959 
f 958/958/958 956/956/956 961/961/961 
f 961/961/961 956/956/956 962/962/962 
f 963/963/963 964/964/964 965/965/965 
f 964/964/964 966/966/966 965/965/965 
f 967/967/967 963/963/963 968/968/968 
f 966/966/966 969/969/969 970/970/970 
f 971/971/971 972/972/972 967/967/967 
f 973/973/973 974/974/974 969/969/969 
f 970/970/970 975/975/975 965/965/965 
f 968/968/968 965/965/965 975/975/975 
f 974/974/974 976/976/976 970/970/970 
f 975/975/975 970/970/970 976/976/976 
f 968/968/968 975/975/975 977/977/977 
f 971/971/971 968/968/968 977/977/977 
f 976/976/976 978/978/978 975/975/975 
f 978/978/978 977/977/977 975/975/975 
f 979/979/979 976/976/976 974/974/974 
f 978/978/978 976/976/976 980/980/980 
f 979/979/979 980/980/980 976/976/976 
f 981/981/981 979/979/979 974/974/974 
f 973/973/973 982/982/982 981/981/981 
f 981/981/981 982/982/982 983/983/983 
f 983/983/983 984/984/984 981/981/981 
f 979/979/979 981/981/981 984/984/984 
f 984/984/984 983/983/983 985/985/985 
f 985/985/985 986/986/986 984/984/984 
f 986/986/986 985/985/985 987/987/987 
f 988/988/988 984/984/984 986/986/986 
f 984/984/984 988/988/988 979/979/979 
f 988/988/988 980/980/980 979/979/979 
f 988/988/988 989/989/989 980/980/980 
f 980/980/980 990/990/990 978/978/978 
f 990/990/990 980/980/980 989/989/989 
f 991/991/991 989/989/989 988/988/988 
f 992/992/992 991/991/991 988/988/988 
f 989/989/989 993/993/993 990/990/990 
f 992/992/992 994/994/994 991/991/991 
f 991/991/991 995/995/995 989/989/989 
f 993/993/993 989/989/989 995/995/995 
f 994/994/994 995/995/995 991/991/991 
f 996/996/996 978/978/978 990/990/990 
f 977/977/977 978/978/978 996/996/996 
f 996/996/996 990/990/990 997/997/997 
f 993/993/993 997/997/997 990/990/990 
f 998/998/998 977/977/977 996/996/996 
f 971/971/971 977/977/977 998/998/998 
f 998/998/998 999/999/999 971/971/971 
f 998/998/998 996/996/996 1000/1000/1000 
f 1000/1000/1000 996/996/996 997/997/997 
f 999/999/999 998/998/998 1001/1001/1001 
f 1000/1000/1000 1001/1001/1001 998/998/998 
f 1002/1002/1002 972/972/972 999/999/999 
f 999/999/999 1003/1003/1003 1002/1002/1002 
f 1003/1003/1003 999/999/999 1001/1001/1001 
f 1003/1003/1003 1001/1001/1001 1004/1004/1004 
f 1001/1001/1001 1005/1005/1005 1004/1004/1004 
f 1001/1001/1001 1000/1000/1000 1005/1005/1005 
f 1005/1005/1005 1006/1006/1006 1004/1004/1004 
f 1000/1000/1000 997/997/997 1007/1007/1007 
f 1000/1000/1000 1007/1007/1007 1008/1008/1008 
f 1007/1007/1007 997/997/997 1009/1009/1009 
f 997/997/997 993/993/993 1009/1009/1009 
f 1010/1010/1010 1008/1008/1008 1007/1007/1007 
f 1007/1007/1007 1009/1009/1009 1010/1010/1010 
f 993/993/993 1011/1011/1011 1009/1009/1009 
f 1010/1010/1010 1009/1009/1009 1011/1011/1011 
f 1011/1011/1011 993/993/993 1012/1012/1012 
f 1008/1008/1008 1010/1010/1010 1013/1013/1013 
f 1014/1014/1014 1008/1008/1008 1013/1013/1013 
f 1014/1014/1014 1013/1013/1013 1015/1015/1015 
f 1013/1013/1013 1016/1016/1016 1015/1015/1015 
f 993/993/993 1017/1017/1017 1012/1012/1012 
f 1017/1017/1017 993/993/993 995/995/995 
f 1018/1018/1018 1011/1011/1011 1012/1012/1012 
f 1017/1017/1017 1018/1018/1018 1012/1012/1012 
f 994/994/994 1017/1017/1017 995/995/995 
f 1016/1016/1016 1013/1013/1013 1019/1019/1019 
f 1013/1013/1013 1010/1010/1010 1019/1019/1019 
f 1016/1016/1016 1019/1019/1019 1020/1020/1020 
f 1020/1020/1020 1021/1021/1021 1016/1016/1016 
f 1022/1022/1022 1019/1019/1019 1010/1010/1010 
f 1010/1010/1010 1011/1011/1011 1022/1022/1022 
f 1019/1019/1019 1023/1023/1023 1020/1020/1020 
f 1023/1023/1023 1019/1019/1019 1022/1022/1022 
f 1022/1022/1022 1011/1011/1011 1024/1024/1024 
f 1022/1022/1022 1024/1024/1024 1023/1023/1023 
f 1011/1011/1011 1018/1018/1018 1024/1024/1024 
f 1021/1021/1021 1020/1020/1020 1025/1025/1025 
f 1025/1025/1025 1026/1026/1026 1021/1021/1021 
f 1026/1026/1026 1025/1025/1025 1027/1027/1027 
f 1027/1027/1027 1028/1028/1028 1026/1026/1026 
f 1020/1020/1020 1029/1029/1029 1025/1025/1025 
f 1020/1020/1020 1023/1023/1023 1029/1029/1029 
f 1025/1025/1025 1030/1030/1030 1027/1027/1027 
f 1025/1025/1025 1029/1029/1029 1030/1030/1030 
f 1031/1031/1031 1027/1027/1027 1030/1030/1030 
f 1023/1023/1023 1032/1032/1032 1029/1029/1029 
f 1023/1023/1023 1024/1024/1024 1032/1032/1032 
f 1029/1029/1029 1033/1033/1033 1030/1030/1030 
f 1029/1029/1029 1032/1032/1032 1033/1033/1033 
f 1030/1030/1030 1033/1033/1033 1034/1034/1034 
f 1030/1030/1030 1034/1034/1034 1031/1031/1031 
f 1035/1035/1035 1036/1036/1036 1037/1037/1037 
f 1038/1038/1038 1035/1035/1035 1037/1037/1037 
f 1037/1037/1037 1036/1036/1036 1039/1039/1039 
f 1036/1036/1036 1040/1040/1040 1039/1039/1039 
f 1041/1041/1041 1039/1039/1039 1040/1040/1040 
f 1035/1035/1035 1038/1038/1038 1042/1042/1042 
f 1043/1043/1043 1035/1035/1035 1042/1042/1042 
f 1044/1044/1044 1042/1042/1042 1038/1038/1038 
f 1045/1045/1045 1043/1043/1043 1042/1042/1042 
f 1042/1042/1042 1044/1044/1044 1045/1045/1045 
f 1039/1039/1039 1041/1041/1041 1046/1046/1046 
f 1047/1047/1047 1046/1046/1046 1041/1041/1041 
f 1046/1046/1046 1048/1048/1048 1039/1039/1039 
f 1049/1049/1049 1039/1039/1039 1048/1048/1048 
f 1048/1048/1048 1050/1050/1050 1049/1049/1049 
f 1044/1044/1044 1050/1050/1050 1051/1051/1051 
f 1046/1046/1046 1047/1047/1047 1052/1052/1052 
f 1052/1052/1052 1048/1048/1048 1046/1046/1046 
f 1053/1053/1053 1052/1052/1052 1047/1047/1047 
f 1054/1054/1054 1051/1051/1051 1050/1050/1050 
f 1051/1051/1051 1055/1055/1055 1044/1044/1044 
f 1051/1051/1051 1056/1056/1056 1055/1055/1055 
f 1048/1048/1048 1052/1052/1052 1057/1057/1057 
f 1057/1057/1057 1054/1054/1054 1048/1048/1048 
f 1052/1052/1052 1053/1053/1053 1058/1058/1058 
f 1058/1058/1058 1057/1057/1057 1052/1052/1052 
f 1058/1058/1058 1053/1053/1053 1059/1059/1059 
f 1059/1059/1059 1053/1053/1053 1060/1060/1060 
f 1057/1057/1057 1058/1058/1058 1061/1061/1061 
f 1059/1059/1059 1061/1061/1061 1058/1058/1058 
f 1054/1054/1054 1057/1057/1057 1062/1062/1062 
f 1061/1061/1061 1062/1062/1062 1057/1057/1057 
f 1059/1059/1059 1060/1060/1060 1063/1063/1063 
f 1063/1063/1063 1060/1060/1060 1064/1064/1064 
f 1061/1061/1061 1059/1059/1059 1065/1065/1065 
f 1063/1063/1063 1065/1065/1065 1059/1059/1059 
f 1062/1062/1062 1061/1061/1061 1066/1066/1066 
f 1065/1065/1065 1066/1066/1066 1061/1061/1061 
f 1062/1062/1062 1067/1067/1067 1054/1054/1054 
f 1066/1066/1066 1067/1067/1067 1062/1062/1062 
f 1068/1068/1068 1054/1054/1054 1067/1067/1067 
f 1056/1056/1056 1068/1068/1068 1067/1067/1067 
f 1064/1064/1064 1069/1069/1069 1063/1063/1063 
f 1069/1069/1069 1064/1064/1064 1070/1070/1070 
f 1071/1071/1071 1069/1069/1069 1070/1070/1070 
f 1069/1069/1069 1071/1071/1071 1072/1072/1072 
f 1073/1073/1073 1063/1063/1063 1069/1069/1069 
f 1074/1074/1074 1073/1073/1073 1075/1075/1075 
f 1063/1063/1063 1073/1073/1073 1076/1076/1076 
f 1065/1065/1065 1063/1063/1063 1076/1076/1076 
f 1077/1077/1077 1074/1074/1074 1078/1078/1078 
f 1079/1079/1079 1077/1077/1077 1078/1078/1078 
f 1073/1073/1073 1080/1080/1080 1076/1076/1076 
f 1081/1081/1081 1065/1065/1065 1076/1076/1076 
f 1081/1081/1081 1076/1076/1076 1080/1080/1080 
f 1080/1080/1080 1073/1073/1073 1082/1082/1082 
f 1066/1066/1066 1065/1065/1065 1081/1081/1081 
f 1083/1083/1083 1082/1082/1082 1077/1077/1077 
f 1082/1082/1082 1083/1083/1083 1080/1080/1080 
f 1084/1084/1084 1083/1083/1083 1077/1077/1077 
f 1080/1080/1080 1085/1085/1085 1081/1081/1081 
f 1085/1085/1085 1080/1080/1080 1083/1083/1083 
f 1081/1081/1081 1086/1086/1086 1066/1066/1066 
f 1086/1086/1086 1081/1081/1081 1085/1085/1085 
f 1067/1067/1067 1066/1066/1066 1086/1086/1086 
f 1083/1083/1083 1084/1084/1084 1087/1087/1087 
f 1087/1087/1087 1085/1085/1085 1083/1083/1083 
f 1088/1088/1088 1087/1087/1087 1084/1084/1084 
f 1088/1088/1088 1079/1079/1079 1089/1089/1089 
f 1085/1085/1085 1087/1087/1087 1090/1090/1090 
f 1090/1090/1090 1086/1086/1086 1085/1085/1085 
f 1087/1087/1087 1088/1088/1088 1091/1091/1091 
f 1091/1091/1091 1090/1090/1090 1087/1087/1087 
f 1088/1088/1088 1092/1092/1092 1091/1091/1091 
f 1086/1086/1086 1090/1090/1090 1093/1093/1093 
f 1093/1093/1093 1067/1067/1067 1086/1086/1086 
f 1090/1090/1090 1091/1091/1091 1094/1094/1094 
f 1094/1094/1094 1093/1093/1093 1090/1090/1090 
f 1091/1091/1091 1092/1092/1092 1094/1094/1094 
f 1067/1067/1067 1093/1093/1093 1095/1095/1095 
f 1056/1056/1056 1067/1067/1067 1095/1095/1095 
f 1093/1093/1093 1094/1094/1094 1096/1096/1096 
f 1096/1096/1096 1095/1095/1095 1093/1093/1093 
f 1097/1097/1097 1056/1056/1056 1095/1095/1095 
f 1095/1095/1095 1096/1096/1096 1097/1097/1097 
f 1056/1056/1056 1097/1097/1097 1098/1098/1098 
f 1094/1094/1094 1099/1099/1099 1096/1096/1096 
f 1099/1099/1099 1094/1094/1094 1092/1092/1092 
f 1096/1096/1096 1100/1100/1100 1097/1097/1097 
f 1099/1099/1099 1100/1100/1100 1096/1096/1096 
f 1097/1097/1097 1100/1100/1100 1101/1101/1101 
f 1097/1097/1097 1101/1101/1101 1098/1098/1098 
f 1100/1100/1100 1099/1099/1099 1102/1102/1102 
f 1102/1102/1102 1101/1101/1101 1100/1100/1100 
f 1099/1099/1099 1103/1103/1103 1102/1102/1102 
f 1103/1103/1103 1099/1099/1099 1092/1092/1092 
f 1101/1101/1101 1102/1102/1102 1104/1104/1104 
f 1092/1092/1092 1105/1105/1105 1103/1103/1103 
f 1104/1104/1104 1106/1106/1106 1101/1101/1101 
f 1098/1098/1098 1101/1101/1101 1106/1106/1106 
f 1106/1106/1106 1104/1104/1104 1107/1107/1107 
f 1055/1055/1055 1098/1098/1098 1108/1108/1108 
f 1098/1098/1098 1109/1109/1109 1108/1108/1108 
f 1109/1109/1109 1098/1098/1098 1106/1106/1106 
f 1107/1107/1107 1109/1109/1109 1106/1106/1106 
f 1109/1109/1109 1107/1107/1107 1110/1110/1110 
f 1105/1105/1105 1092/1092/1092 1111/1111/1111 
f 1092/1092/1092 1088/1088/1088 1111/1111/1111 
f 1111/1111/1111 1112/1112/1112 1105/1105/1105 
f 1111/1111/1111 1113/1113/1113 1112/1112/1112 
f 1113/1113/1113 1111/1111/1111 1114/1114/1114 
f 1109/1109/1109 1110/1110/1110 1115/1115/1115 
f 1109/1109/1109 1115/1115/1115 1116/1116/1116 
f 1117/1117/1117 1115/1115/1115 1110/1110/1110 
f 1116/1116/1116 1115/1115/1115 1118/1118/1118 
f 1118/1118/1118 1119/1119/1119 1116/1116/1116 
f 1117/1117/1117 1120/1120/1120 1115/1115/1115 
f 1118/1118/1118 1115/1115/1115 1120/1120/1120 
f 1120/1120/1120 1117/1117/1117 1121/1121/1121 
f 1121/1121/1121 1117/1117/1117 1122/1122/1122 
f 1121/1121/1121 1123/1123/1123 1120/1120/1120 
f 1123/1123/1123 1118/1118/1118 1120/1120/1120 
f 1123/1123/1123 1121/1121/1121 1124/1124/1124 
f 1125/1125/1125 1123/1123/1123 1124/1124/1124 
f 1118/1118/1118 1126/1126/1126 1119/1119/1119 
f 1126/1126/1126 1044/1044/1044 1119/1119/1119 
f 1126/1126/1126 1045/1045/1045 1044/1044/1044 
f 1118/1118/1118 1127/1127/1127 1126/1126/1126 
f 1127/1127/1127 1045/1045/1045 1126/1126/1126 
f 1118/1118/1118 1123/1123/1123 1128/1128/1128 
f 1127/1127/1127 1118/1118/1118 1128/1128/1128 
f 1125/1125/1125 1129/1129/1129 1123/1123/1123 
f 1128/1128/1128 1123/1123/1123 1130/1130/1130 
f 1128/1128/1128 1131/1131/1131 1127/1127/1127 
f 1131/1131/1131 1128/1128/1128 1130/1130/1130 
f 1045/1045/1045 1127/1127/1127 1132/1132/1132 
f 1131/1131/1131 1132/1132/1132 1127/1127/1127 
f 1043/1043/1043 1045/1045/1045 1132/1132/1132 
f 1132/1132/1132 1133/1133/1133 1043/1043/1043 
f 1133/1133/1133 1132/1132/1132 1134/1134/1134 
f 1131/1131/1131 1134/1134/1134 1132/1132/1132 
f 1134/1134/1134 1135/1135/1135 1133/1133/1133 
f 1136/1136/1136 1131/1131/1131 1130/1130/1130 
f 1129/1129/1129 1136/1136/1136 1130/1130/1130 
f 1137/1137/1137 1134/1134/1134 1131/1131/1131 
f 1136/1136/1136 1137/1137/1137 1131/1131/1131 
f 1135/1135/1135 1134/1134/1134 1138/1138/1138 
f 1134/1134/1134 1137/1137/1137 1138/1138/1138 
f 1138/1138/1138 1139/1139/1139 1135/1135/1135 
f 1140/1140/1140 1137/1137/1137 1136/1136/1136 
f 1140/1140/1140 1141/1141/1141 1137/1137/1137 
f 1141/1141/1141 1138/1138/1138 1137/1137/1137 
f 1142/1142/1142 1140/1140/1140 1136/1136/1136 
f 1139/1139/1139 1138/1138/1138 1143/1143/1143 
f 1141/1141/1141 1143/1143/1143 1138/1138/1138 
f 1143/1143/1143 1144/1144/1144 1139/1139/1139 
f 1144/1144/1144 1143/1143/1143 1145/1145/1145 
f 1143/1143/1143 1146/1146/1146 1145/1145/1145 
f 1146/1146/1146 1143/1143/1143 1141/1141/1141 
f 1147/1147/1147 1146/1146/1146 1141/1141/1141 
f 1142/1142/1142 1148/1148/1148 1147/1147/1147 
f 1147/1147/1147 1148/1148/1148 1149/1149/1149 
f 1150/1150/1150 1148/1148/1148 1142/1142/1142 
f 1151/1151/1151 1149/1149/1149 1148/1148/1148 
f 1150/1150/1150 1151/1151/1151 1148/1148/1148 
f 1149/1149/1149 1151/1151/1151 1031/1031/1031 
f 1031/1031/1031 1151/1151/1151 1152/1152/1152 
f 1153/1153/1153 1152/1152/1152 1151/1151/1151 
f 1151/1151/1151 1154/1154/1154 1153/1153/1153 
f 1151/1151/1151 1150/1150/1150 1154/1154/1154 
f 1142/1142/1142 1155/1155/1155 1150/1150/1150 
f 1155/1155/1155 1142/1142/1142 1156/1156/1156 
f 1136/1136/1136 1156/1156/1156 1142/1142/1142 
f 1155/1155/1155 1156/1156/1156 1157/1157/1157 
f 1136/1136/1136 1129/1129/1129 1156/1156/1156 
f 1157/1157/1157 1156/1156/1156 1125/1125/1125 
f 1125/1125/1125 1156/1156/1156 1129/1129/1129 
f 1158/1158/1158 1159/1159/1159 1160/1160/1160 
f 1159/1159/1159 1158/1158/1158 1161/1161/1161 
f 1161/1161/1161 1162/1162/1162 1159/1159/1159 
f 1163/1163/1163 1159/1159/1159 1162/1162/1162 
f 1164/1164/1164 1165/1165/1165 1166/1166/1166 
f 1166/1166/1166 1167/1167/1167 1164/1164/1164 
f 1168/1168/1168 1166/1166/1166 1165/1165/1165 
f 1166/1166/1166 1168/1168/1168 1169/1169/1169 
f 1170/1170/1170 1171/1171/1171 1172/1172/1172 
f 1171/1171/1171 1173/1173/1173 1172/1172/1172 
f 1173/1173/1173 1174/1174/1174 1172/1172/1172 
f 1175/1175/1175 1170/1170/1170 1172/1172/1172 
f 1176/1176/1176 1175/1175/1175 1172/1172/1172 
f 1177/1177/1177 1176/1176/1176 1172/1172/1172 
f 1178/1178/1178 1179/1179/1179 1180/1180/1180 
f 1180/1180/1180 1179/1179/1179 1181/1181/1181 
f 1181/1181/1181 1179/1179/1179 1182/1182/1182 
f 1183/1183/1183 1179/1179/1179 1178/1178/1178 
f 1184/1184/1184 1179/1179/1179 1183/1183/1183 
f 1185/1185/1185 1179/1179/1179 1184/1184/1184 
f 1186/1186/1186 1187/1187/1187 1188/1188/1188 
f 1189/1189/1189 1188/1188/1188 1190/1190/1190 
f 1191/1191/1191 1192/1192/1192 1193/1193/1193 
f 1191/1191/1191 1194/1194/1194 1195/1195/1195 
f 1024/1024/1024 1196/1196/1196 1032/1032/1032 
f 1024/1024/1024 1018/1018/1018 1196/1196/1196 
f 1032/1032/1032 1197/1197/1197 1033/1033/1033 
f 1197/1197/1197 1032/1032/1032 1196/1196/1196 
f 1033/1033/1033 1198/1198/1198 1034/1034/1034 
f 1033/1033/1033 1197/1197/1197 1198/1198/1198 
f 1199/1199/1199 1196/1196/1196 1018/1018/1018 
f 1018/1018/1018 1017/1017/1017 1199/1199/1199 
f 1200/1200/1200 1197/1197/1197 1196/1196/1196 
f 1196/1196/1196 1199/1199/1199 1200/1200/1200 
f 1201/1201/1201 1198/1198/1198 1197/1197/1197 
f 1197/1197/1197 1200/1200/1200 1201/1201/1201 
f 1202/1202/1202 1199/1199/1199 1017/1017/1017 
f 1202/1202/1202 1017/1017/1017 994/994/994 
f 1203/1203/1203 1200/1200/1200 1199/1199/1199 
f 1203/1203/1203 1199/1199/1199 1202/1202/1202 
f 1204/1204/1204 1201/1201/1201 1200/1200/1200 
f 1204/1204/1204 1200/1200/1200 1203/1203/1203 
f 994/994/994 1205/1205/1205 1202/1202/1202 
f 1205/1205/1205 1203/1203/1203 1202/1202/1202 
f 1206/1206/1206 1204/1204/1204 1203/1203/1203 
f 1203/1203/1203 1205/1205/1205 1206/1206/1206 
f 1207/1207/1207 1206/1206/1206 1205/1205/1205 
f 1205/1205/1205 994/994/994 1208/1208/1208 
f 1208/1208/1208 1207/1207/1207 1205/1205/1205 
f 994/994/994 992/992/992 1208/1208/1208 
f 992/992/992 1209/1209/1209 1208/1208/1208 
f 1208/1208/1208 1209/1209/1209 1210/1210/1210 
f 1207/1207/1207 1208/1208/1208 1210/1210/1210 
f 1211/1211/1211 1212/1212/1212 1213/1213/1213 
f 1214/1214/1214 1215/1215/1215 1216/1216/1216 
f 1217/1217/1217 1206/1206/1206 1207/1207/1207 
f 1217/1217/1217 1218/1218/1218 1206/1206/1206 
f 1218/1218/1218 1204/1204/1204 1206/1206/1206 
f 1218/1218/1218 1217/1217/1217 1219/1219/1219 
f 1219/1219/1219 1220/1220/1220 1218/1218/1218 
f 1220/1220/1220 1219/1219/1219 1221/1221/1221 
f 1218/1218/1218 1222/1222/1222 1204/1204/1204 
f 1222/1222/1222 1218/1218/1218 1220/1220/1220 
f 1222/1222/1222 1201/1201/1201 1204/1204/1204 
f 1220/1220/1220 1223/1223/1223 1222/1222/1222 
f 1222/1222/1222 1224/1224/1224 1201/1201/1201 
f 1223/1223/1223 1224/1224/1224 1222/1222/1222 
f 1198/1198/1198 1201/1201/1201 1224/1224/1224 
f 1224/1224/1224 1225/1225/1225 1198/1198/1198 
f 1225/1225/1225 1034/1034/1034 1198/1198/1198 
f 1223/1223/1223 1226/1226/1226 1224/1224/1224 
f 1225/1225/1225 1224/1224/1224 1226/1226/1226 
f 1034/1034/1034 1225/1225/1225 1227/1227/1227 
f 1031/1031/1031 1034/1034/1034 1227/1227/1227 
f 1226/1226/1226 1145/1145/1145 1225/1225/1225 
f 1227/1227/1227 1225/1225/1225 1145/1145/1145 
f 1226/1226/1226 1223/1223/1223 1228/1228/1228 
f 1031/1031/1031 1227/1227/1227 1149/1149/1149 
f 1144/1144/1144 1145/1145/1145 1226/1226/1226 
f 1228/1228/1228 1144/1144/1144 1226/1226/1226 
f 1227/1227/1227 1145/1145/1145 1146/1146/1146 
f 1149/1149/1149 1227/1227/1227 1146/1146/1146 
f 1229/1229/1229 1228/1228/1228 1223/1223/1223 
f 1223/1223/1223 1230/1230/1230 1229/1229/1229 
f 1231/1231/1231 1229/1229/1229 1230/1230/1230 
f 1229/1229/1229 1231/1231/1231 1232/1232/1232 
f 1233/1233/1233 1229/1229/1229 1232/1232/1232 
f 1149/1149/1149 1146/1146/1146 1147/1147/1147 
f 1229/1229/1229 1233/1233/1233 1234/1234/1234 
f 1234/1234/1234 1228/1228/1228 1229/1229/1229 
f 1234/1234/1234 1235/1235/1235 1228/1228/1228 
f 1235/1235/1235 1144/1144/1144 1228/1228/1228 
f 1234/1234/1234 1233/1233/1233 1236/1236/1236 
f 1235/1235/1235 1234/1234/1234 1236/1236/1236 
f 1236/1236/1236 1233/1233/1233 1237/1237/1237 
f 1139/1139/1139 1144/1144/1144 1235/1235/1235 
f 1237/1237/1237 1238/1238/1238 1236/1236/1236 
f 1238/1238/1238 1237/1237/1237 1239/1239/1239 
f 1238/1238/1238 1239/1239/1239 1240/1240/1240 
f 1241/1241/1241 1236/1236/1236 1238/1238/1238 
f 1242/1242/1242 1238/1238/1238 1240/1240/1240 
f 1242/1242/1242 1241/1241/1241 1238/1238/1238 
f 1240/1240/1240 1243/1243/1243 1242/1242/1242 
f 1236/1236/1236 1241/1241/1241 1244/1244/1244 
f 1243/1243/1243 1240/1240/1240 1245/1245/1245 
f 1241/1241/1241 1242/1242/1242 1246/1246/1246 
f 1247/1247/1247 1243/1243/1243 1245/1245/1245 
f 1135/1135/1135 1244/1244/1244 1241/1241/1241 
f 1244/1244/1244 1135/1135/1135 1139/1139/1139 
f 1133/1133/1133 1241/1241/1241 1246/1246/1246 
f 1241/1241/1241 1133/1133/1133 1135/1135/1135 
f 1243/1243/1243 1248/1248/1248 1246/1246/1246 
f 1248/1248/1248 1133/1133/1133 1246/1246/1246 
f 1243/1243/1243 1247/1247/1247 1249/1249/1249 
f 1250/1250/1250 1249/1249/1249 1247/1247/1247 
f 1250/1250/1250 1247/1247/1247 1251/1251/1251 
f 1035/1035/1035 1243/1243/1243 1249/1249/1249 
f 1243/1243/1243 1035/1035/1035 1248/1248/1248 
f 1249/1249/1249 1250/1250/1250 1036/1036/1036 
f 1035/1035/1035 1249/1249/1249 1036/1036/1036 
f 1036/1036/1036 1250/1250/1250 1040/1040/1040 
f 1133/1133/1133 1248/1248/1248 1043/1043/1043 
f 1035/1035/1035 1043/1043/1043 1248/1248/1248 
f 1252/1252/1252 1253/1253/1253 1254/1254/1254 
f 1253/1253/1253 1255/1255/1255 1254/1254/1254 
f 1256/1256/1256 1257/1257/1257 1253/1253/1253 
f 1258/1258/1258 1259/1259/1259 1260/1260/1260 
f 1261/1261/1261 1259/1259/1259 1258/1258/1258 
f 1259/1259/1259 1262/1262/1262 1263/1263/1263 

g Handle2

v -31.8996 4.88682 -32.3929 
v -31.9176 4.8879 -32.3508 
v -31.912 4.90066 -32.3811 
v -31.9077 4.86832 -32.349 
v -31.8963 4.93147 -32.4111 
v -31.9231 4.90066 -32.3205 
v -31.9157 4.88682 -32.3051 
v -31.9213 4.93147 -32.3515 
v -31.9097 4.93147 -32.3937 
v -31.912 4.96228 -32.3811 
v -31.8996 4.97612 -32.3929 
v -31.9254 4.93147 -32.308 
v -31.9191 4.93147 -32.2869 
v -31.9157 4.97612 -32.3051 
v -31.9176 4.97504 -32.3508 
v -31.9077 4.99462 -32.349 
v -31.9231 4.96228 -32.3205 
v -30.2673 4.88682 -32.3929 
v -30.2494 4.8879 -32.3508 
v -30.2593 4.86832 -32.349 
v -30.2439 4.90066 -32.3205 
v -30.2512 4.88682 -32.3051 
v -30.255 4.90066 -32.3811 
v -30.2706 4.93147 -32.4111 
v -30.2457 4.93147 -32.3515 
v -30.2416 4.93147 -32.308 
v -30.2479 4.93147 -32.2869 
v -30.2512 4.97612 -32.3051 
v -30.2573 4.93147 -32.3937 
v -30.255 4.96228 -32.3811 
v -30.2673 4.97612 -32.3929 
v -30.2439 4.96228 -32.3205 
v -30.2593 4.99462 -32.349 
v -30.2494 4.97504 -32.3508 
v -30.2512 4.97612 -32.3051 
v -30.337 4.97612 -32.2894 
v -30.3336 4.93147 -32.2712 
v -30.345 4.99462 -32.3333 
v -30.2479 4.93147 -32.2869 
v -30.2593 4.99462 -32.349 
v -30.2512 4.88682 -32.3051 
v -30.2673 4.97612 -32.3929 
v -30.337 4.88682 -32.2894 
v -30.345 4.86832 -32.3333 
v -30.2593 4.86832 -32.349 
v -30.3531 4.97612 -32.3772 
v -30.2706 4.93147 -32.4111 
v -30.3564 4.93147 -32.3954 
v -30.3531 4.88682 -32.3772 
v -30.2673 4.88682 -32.3929 
v -30.345 4.86832 -32.3333 
v -30.2593 4.86832 -32.349 
v -30.4574 4.88682 -32.2674 
v -30.341 4.88682 -32.2886 
v -30.454 4.93147 -32.2492 
v -30.3491 4.86832 -32.3326 
v -30.4654 4.86832 -32.3113 
v -30.3377 4.93147 -32.2705 
v -30.341 4.97612 -32.2886 
v -30.4574 4.97612 -32.2674 
v -30.3491 4.99462 -32.3326 
v -30.4654 4.99462 -32.3113 
v -30.4734 4.97612 -32.3552 
v -30.3571 4.97612 -32.3765 
v -30.3605 4.93147 -32.3947 
v -30.4768 4.93147 -32.3734 
v -30.4734 4.88682 -32.3552 
v -30.3571 4.88682 -32.3765 
v -30.3491 4.86832 -32.3326 
v -30.4654 4.86832 -32.3113 
v -31.8098 4.88682 -32.3765 
v -31.8179 4.87282 -32.3326 
v -31.8104 4.89 -32.3734 
v -31.8179 4.86832 -32.3326 
v -31.8065 4.93147 -32.3947 
v -31.8259 4.88682 -32.2886 
v -31.8073 4.93147 -32.3903 
v -31.8253 4.89 -32.2918 
v -31.8104 4.97294 -32.3734 
v -31.8292 4.93147 -32.2705 
v -31.8098 4.97612 -32.3765 
v -31.8284 4.93147 -32.2749 
v -31.8179 4.99012 -32.3326 
v -31.8253 4.97294 -32.2918 
v -31.8179 4.99462 -32.3326 
v -31.8259 4.97612 -32.2886 
v -30.3491 4.86832 -32.3326 
v -30.3571 4.88682 -32.3765 
v -30.3491 4.87282 -32.3326 
v -30.341 4.88682 -32.2886 
v -30.3566 4.89 -32.3734 
v -30.3416 4.89 -32.2918 
v -30.3605 4.93147 -32.3947 
v -30.3377 4.93147 -32.2705 
v -30.3596 4.93147 -32.3903 
v -30.3385 4.93147 -32.2749 
v -30.3566 4.97294 -32.3734 
v -30.3416 4.97294 -32.2918 
v -30.3571 4.97612 -32.3765 
v -30.341 4.97612 -32.2886 
v -30.3491 4.99012 -32.3326 
v -30.3491 4.99462 -32.3326 
v -31.8215 4.94064 -32.619 
v -31.814 4.92974 -32.6367 
v -31.8215 4.91883 -32.619 
v -31.811 4.90793 -32.6347 
v -31.811 4.95155 -32.6347 
v -31.8006 4.91883 -32.6505 
v -31.8006 4.94064 -32.6505 
v -30.3455 4.94064 -32.619 
v -30.3455 4.91883 -32.619 
v -30.353 4.92974 -32.6367 
v -30.3559 4.90793 -32.6347 
v -30.3559 4.95155 -32.6347 
v -30.3664 4.91883 -32.6505 
v -30.3664 4.94064 -32.6505 
v -31.8004 4.98683 -32.5457 
v -31.8325 4.98683 -32.5674 
v -31.8325 4.98008 -32.5674 
v -31.8004 4.98008 -32.5457 
v -30.3666 4.98683 -32.5457 
v -30.3344 4.98008 -32.5674 
v -30.3344 4.98683 -32.5674 
v -30.3666 4.98008 -32.5457 
v -31.53 4.94064 -32.9645 
v -31.5154 4.92974 -32.977 
v -31.53 4.91883 -32.9645 
v -31.5136 4.90793 -32.9739 
v -31.5136 4.95155 -32.9739 
v -31.4972 4.91883 -32.9832 
v -31.4972 4.94064 -32.9832 
v -30.6369 4.94064 -32.9645 
v -30.6369 4.91883 -32.9645 
v -30.6516 4.92974 -32.977 
v -30.6534 4.90793 -32.9739 
v -30.6534 4.95155 -32.9739 
v -30.6698 4.91883 -32.9832 
v -30.6698 4.94064 -32.9832 
v -31.1024 4.94064 -33.1036 
v -31.0835 4.92974 -33.1113 
v -31.1024 4.91883 -33.1036 
v -31.0835 4.90793 -33.1077 
v -31.0835 4.95155 -33.1077 
v -31.0646 4.91883 -33.1036 
v -31.0646 4.94064 -33.1036 
v -31.811 4.95155 -32.6347 
v -31.7592 4.94064 -32.5778 
v -31.7488 4.95155 -32.5935 
v -31.8215 4.94064 -32.619 
v -31.8215 4.91883 -32.619 
v -31.7592 4.91883 -32.5778 
v -30.3559 4.95155 -32.6347 
v -30.4182 4.95155 -32.5935 
v -30.3455 4.94064 -32.619 
v -30.4077 4.94064 -32.5778 
v -30.3455 4.91883 -32.619 
v -30.4077 4.91883 -32.5778 
v -31.8219 4.99012 -32.3333 
v -31.8294 4.97294 -32.2925 
v -31.8253 4.97294 -32.2918 
v -31.8179 4.99012 -32.3326 
v -31.8284 4.93147 -32.2749 
v -31.8145 4.97294 -32.3741 
v -31.8325 4.93147 -32.2756 
v -31.8104 4.97294 -32.3734 
v -31.8294 4.89 -32.2925 
v -31.8114 4.93147 -32.391 
v -31.8253 4.89 -32.2918 
v -31.8219 4.87282 -32.3333 
v -31.8179 4.87282 -32.3326 
v -31.8073 4.93147 -32.3903 
v -31.8104 4.89 -32.3734 
v -31.8145 4.89 -32.3741 
v -31.8179 4.87282 -32.3326 
v -31.8219 4.87282 -32.3333 
v -30.345 4.99012 -32.3333 
v -30.3416 4.97294 -32.2918 
v -30.3376 4.97294 -32.2925 
v -30.3491 4.99012 -32.3326 
v -30.3385 4.93147 -32.2749 
v -30.3525 4.97294 -32.3741 
v -30.3345 4.93147 -32.2756 
v -30.3566 4.97294 -32.3734 
v -30.3376 4.89 -32.2925 
v -30.3556 4.93147 -32.391 
v -30.3416 4.89 -32.2918 
v -30.3491 4.87282 -32.3326 
v -30.345 4.87282 -32.3333 
v -30.3596 4.93147 -32.3903 
v -30.3566 4.89 -32.3734 
v -30.3525 4.89 -32.3741 
v -30.345 4.87282 -32.3333 
v -30.3491 4.87282 -32.3326 
v -31.767 4.98683 -32.6707 
v -31.6772 4.98683 -32.812 
v -31.6772 4.98008 -32.812 
v -31.5742 4.98008 -32.9176 
v -31.767 4.98008 -32.6707 
v -31.8325 4.98008 -32.5674 
v -31.8325 4.98683 -32.5674 
v -31.5742 4.98683 -32.9176 
v -31.3879 4.98008 -33.0266 
v -31.3879 4.98683 -33.0266 
v -31.0835 4.98008 -33.0905 
v -31.0835 4.98683 -33.0905 
v -30.779 4.98683 -33.0266 
v -30.779 4.98008 -33.0266 
v -30.5927 4.98683 -32.9176 
v -30.5927 4.98008 -32.9176 
v -30.4897 4.98683 -32.812 
v -30.4897 4.98008 -32.812 
v -30.4 4.98683 -32.6707 
v -30.4 4.98008 -32.6707 
v -30.3344 4.98008 -32.5674 
v -30.3344 4.98683 -32.5674 
v -31.5136 4.95155 -32.9739 
v -31.4932 4.94064 -32.8996 
v -31.4767 4.95155 -32.909 
v -31.53 4.94064 -32.9645 
v -31.53 4.91883 -32.9645 
v -31.4932 4.91883 -32.8996 
v -31.5136 4.90793 -32.9739 
v -31.4767 4.90793 -32.909 
v -30.6738 4.94064 -32.8996 
v -30.6369 4.94064 -32.9645 
v -30.6902 4.95155 -32.909 
v -30.6534 4.95155 -32.9739 
v -30.6738 4.91883 -32.8996 
v -30.6369 4.91883 -32.9645 
v -31.8004 4.98008 -32.5457 
v -31.7343 4.87939 -32.6499 
v -31.8004 4.87939 -32.5457 
v -31.7343 4.98008 -32.6499 
v -31.6484 4.87939 -32.7854 
v -31.6484 4.98008 -32.7854 
v -31.5506 4.98008 -32.8863 
v -31.5506 4.87939 -32.8863 
v -31.3741 4.98008 -32.9899 
v -31.3741 4.87939 -32.9899 
v -31.0835 4.98008 -33.0516 
v -31.0835 4.87939 -33.0516 
v -30.7929 4.87939 -32.9899 
v -30.7929 4.98008 -32.9899 
v -30.6164 4.87939 -32.8863 
v -30.6164 4.98008 -32.8863 
v -30.5185 4.87939 -32.7854 
v -30.5185 4.98008 -32.7854 
v -30.4327 4.98008 -32.6499 
v -30.4326 4.87939 -32.6499 
v -30.3666 4.98008 -32.5457 
v -30.3666 4.87939 -32.5457 
v -31.811 4.90793 -32.6347 
v -31.7488 4.90793 -32.5935 
v -31.7592 4.91883 -32.5778 
v -31.8215 4.91883 -32.619 
v -30.4182 4.90793 -32.5935 
v -30.3455 4.91883 -32.619 
v -30.4077 4.91883 -32.5778 
v -30.3559 4.90793 -32.6347 
v -31.0835 4.98008 -33.1036 
v -31.393 4.87939 -33.039 
v -31.393 4.98008 -33.039 
v -31.5824 4.87939 -32.9282 
v -31.0835 4.87939 -33.1036 
v -31.5824 4.98008 -32.9282 
v -30.7739 4.87939 -33.039 
v -31.6874 4.87939 -32.8208 
v -30.7739 4.98008 -33.039 
v -31.6874 4.98008 -32.8208 
v -30.5845 4.87939 -32.9282 
v -31.7782 4.98008 -32.6777 
v -30.5845 4.98008 -32.9282 
v -31.7782 4.87939 -32.6777 
v -30.4796 4.87939 -32.8208 
v -31.8433 4.98008 -32.5751 
v -30.4796 4.98008 -32.8208 
v -31.8433 4.87939 -32.5751 
v -31.9023 4.87939 -32.341 
v -31.9023 4.98008 -32.341 
v -30.3888 4.98008 -32.6777 
v -30.3888 4.87939 -32.6777 
v -30.3237 4.98008 -32.5751 
v -30.3237 4.87939 -32.5751 
v -30.2647 4.87939 -32.341 
v -30.2647 4.98008 -32.341 
v -31.0835 4.98683 -33.0516 
v -31.3879 4.98683 -33.0266 
v -31.3741 4.98683 -32.9899 
v -31.5742 4.98683 -32.9176 
v -31.0835 4.98683 -33.0905 
v -31.5506 4.98683 -32.8863 
v -30.779 4.98683 -33.0266 
v -31.6772 4.98683 -32.812 
v -30.7929 4.98683 -32.9899 
v -31.6484 4.98683 -32.7854 
v -30.5927 4.98683 -32.9176 
v -31.767 4.98683 -32.6707 
v -30.6164 4.98683 -32.8863 
v -31.7343 4.98683 -32.6499 
v -31.8325 4.98683 -32.5674 
v -31.8004 4.98683 -32.5457 
v -30.4897 4.98683 -32.812 
v -30.5185 4.98683 -32.7854 
v -30.4 4.98683 -32.6707 
v -30.4327 4.98683 -32.6499 
v -30.3344 4.98683 -32.5674 
v -30.3666 4.98683 -32.5457 
v -31.8325 4.98008 -32.5674 
v -31.8433 4.98008 -32.5751 
v -31.9023 4.98008 -32.341 
v -31.767 4.98008 -32.6707 
v -31.7782 4.98008 -32.6777 
v -31.6772 4.98008 -32.812 
v -31.6874 4.98008 -32.8208 
v -31.5742 4.98008 -32.9176 
v -31.5824 4.98008 -32.9282 
v -31.3879 4.98008 -33.0266 
v -31.393 4.98008 -33.039 
v -31.0835 4.98008 -33.0905 
v -31.0835 4.98008 -33.1036 
v -30.7739 4.98008 -33.039 
v -30.779 4.98008 -33.0266 
v -30.5845 4.98008 -32.9282 
v -30.5927 4.98008 -32.9176 
v -30.4796 4.98008 -32.8208 
v -30.4897 4.98008 -32.812 
v -30.3888 4.98008 -32.6777 
v -30.4 4.98008 -32.6707 
v -30.3237 4.98008 -32.5751 
v -30.3344 4.98008 -32.5674 
v -30.2647 4.98008 -32.341 
v -30.3666 4.98008 -32.5457 
v -30.2985 4.98008 -32.3222 
v -30.3773 4.98008 -32.538 
v -30.4438 4.98008 -32.6428 
v -30.4327 4.98008 -32.6499 
v -30.5287 4.98008 -32.7767 
v -30.5185 4.98008 -32.7854 
v -30.6246 4.98008 -32.8757 
v -30.6164 4.98008 -32.8863 
v -30.798 4.98008 -32.9775 
v -30.7929 4.98008 -32.9899 
v -31.0835 4.98008 -33.0385 
v -31.0835 4.98008 -33.0516 
v -31.3741 4.98008 -32.9899 
v -31.3689 4.98008 -32.9775 
v -31.5506 4.98008 -32.8863 
v -31.5423 4.98008 -32.8757 
v -31.6484 4.98008 -32.7854 
v -31.6383 4.98008 -32.7767 
v -31.7343 4.98008 -32.6499 
v -31.7232 4.98008 -32.6428 
v -31.8004 4.98008 -32.5457 
v -31.7896 4.98008 -32.538 
v -31.8685 4.98008 -32.3222 
v -30.6902 4.90793 -32.909 
v -30.6534 4.90793 -32.9739 
v -30.6738 4.91883 -32.8996 
v -30.6369 4.91883 -32.9645 
v -31.1267 4.95281 -33.0407 
v -31.0402 4.95281 -32.9139 
v -31.0402 4.95281 -33.0407 
v -31.1267 4.95281 -32.9139 
v -31.0514 4.95281 -32.9048 
v -31.1156 4.95281 -32.9048 
v -31.7129 4.93147 -32.2492 
v -31.8292 4.93147 -32.2705 
v -31.8259 4.88682 -32.2886 
v -31.8259 4.97612 -32.2886 
v -31.7096 4.88682 -32.2674 
v -31.7016 4.86832 -32.3113 
v -31.8179 4.86832 -32.3326 
v -31.7096 4.97612 -32.2674 
v -31.7016 4.99462 -32.3113 
v -31.8179 4.99462 -32.3326 
v -31.6935 4.97612 -32.3552 
v -31.8098 4.97612 -32.3765 
v -31.8065 4.93147 -32.3947 
v -31.6902 4.93147 -32.3734 
v -31.6935 4.88682 -32.3552 
v -31.8098 4.88682 -32.3765 
v -31.8179 4.86832 -32.3326 
v -31.7016 4.86832 -32.3113 
v -31.1024 4.94064 -33.1036 
v -31.1024 4.94064 -33.0297 
v -31.0835 4.95155 -33.0339 
v -31.0835 4.95155 -33.1077 
v -31.0646 4.94064 -33.1036 
v -31.0646 4.94064 -33.0297 
v -31.0402 4.95281 -32.9139 
v -31.0402 4.90804 -33.0407 
v -31.0402 4.95281 -33.0407 
v -31.0402 4.90804 -32.9139 
v -31.1267 4.95281 -33.0407 
v -31.1267 4.90804 -32.9139 
v -31.1267 4.95281 -32.9139 
v -31.1267 4.90804 -33.0407 
v -31.1024 4.94064 -33.0297 
v -31.1024 4.94064 -33.1036 
v -31.1024 4.91883 -33.1036 
v -31.1024 4.91883 -33.0297 
v -31.0646 4.94064 -33.1036 
v -31.0646 4.94064 -33.0297 
v -31.0646 4.91883 -33.0297 
v -31.0646 4.91883 -33.1036 
v -31.393 4.87939 -33.039 
v -31.0835 4.87939 -33.1036 
v -31.0835 4.87939 -33.0905 
v -30.7739 4.87939 -33.039 
v -31.3879 4.87939 -33.0266 
v -30.779 4.87939 -33.0266 
v -31.5824 4.87939 -32.9282 
v -30.5845 4.87939 -32.9282 
v -31.5742 4.87939 -32.9176 
v -30.5927 4.87939 -32.9176 
v -31.6874 4.87939 -32.8208 
v -30.4796 4.87939 -32.8208 
v -31.6772 4.87939 -32.812 
v -30.4897 4.87939 -32.812 
v -31.7782 4.87939 -32.6777 
v -30.3888 4.87939 -32.6777 
v -31.767 4.87939 -32.6707 
v -30.4 4.87939 -32.6707 
v -31.8433 4.87939 -32.5751 
v -30.3237 4.87939 -32.5751 
v -31.8325 4.87939 -32.5674 
v -30.3344 4.87939 -32.5674 
v -31.9023 4.87939 -32.341 
v -30.2647 4.87939 -32.341 
v -31.8004 4.87939 -32.5457 
v -31.8685 4.87939 -32.3222 
v -31.7896 4.87939 -32.538 
v -31.7231 4.87939 -32.6428 
v -31.7343 4.87939 -32.6499 
v -31.6383 4.87939 -32.7767 
v -31.6484 4.87939 -32.7854 
v -31.5423 4.87939 -32.8757 
v -31.5506 4.87939 -32.8863 
v -31.3689 4.87939 -32.9775 
v -31.3741 4.87939 -32.9899 
v -31.0835 4.87939 -33.0385 
v -31.0835 4.87939 -33.0516 
v -30.7929 4.87939 -32.9899 
v -30.798 4.87939 -32.9775 
v -30.6164 4.87939 -32.8863 
v -30.6246 4.87939 -32.8757 
v -30.5185 4.87939 -32.7854 
v -30.5287 4.87939 -32.7767 
v -30.4326 4.87939 -32.6499 
v -30.4438 4.87939 -32.6428 
v -30.3666 4.87939 -32.5457 
v -30.3773 4.87939 -32.538 
v -30.2985 4.87939 -32.3222 
v -31.1024 4.91883 -33.1036 
v -31.0835 4.90793 -33.0339 
v -31.1024 4.91883 -33.0297 
v -31.0835 4.90793 -33.1077 
v -31.0646 4.91883 -33.1036 
v -31.0835 4.90793 -33.0339 
v -31.0835 4.90793 -33.1077 
v -31.0646 4.91883 -33.0297 
v -31.1156 4.90804 -32.9048 
v -31.0402 4.90804 -32.9139 
v -31.0514 4.90804 -32.9048 
v -31.1267 4.90804 -32.9139 
v -31.0402 4.90804 -33.0407 
v -31.1267 4.90804 -33.0407 
v -31.3689 4.98008 -32.9775 
v -31.0835 4.87939 -33.0385 
v -31.0835 4.98008 -33.0385 
v -30.798 4.98008 -32.9775 
v -31.3689 4.87939 -32.9775 
v -30.798 4.87939 -32.9775 
v -31.5423 4.98008 -32.8757 
v -30.6246 4.98008 -32.8757 
v -31.5423 4.87939 -32.8757 
v -30.6246 4.87939 -32.8757 
v -31.6383 4.98008 -32.7767 
v -30.5287 4.98008 -32.7767 
v -31.6383 4.87939 -32.7767 
v -30.5287 4.87939 -32.7767 
v -31.7231 4.87939 -32.6428 
v -30.4438 4.87939 -32.6428 
v -31.7232 4.98008 -32.6428 
v -30.4438 4.98008 -32.6428 
v -31.7896 4.87939 -32.538 
v -30.3773 4.87939 -32.538 
v -31.7896 4.98008 -32.538 
v -31.8685 4.98008 -32.3222 
v -31.8685 4.87939 -32.3222 
v -30.3773 4.98008 -32.538 
v -30.2985 4.98008 -32.3222 
v -30.2985 4.87939 -32.3222 
v -31.5136 4.90793 -32.9739 
v -31.4603 4.91883 -32.9183 
v -31.4767 4.90793 -32.909 
v -31.4972 4.91883 -32.9832 
v -30.7066 4.91883 -32.9183 
v -30.6698 4.91883 -32.9832 
v -30.6902 4.90793 -32.909 
v -30.6534 4.90793 -32.9739 
v -31.4972 4.94064 -32.9832 
v -31.4603 4.94064 -32.9183 
v -31.4603 4.91883 -32.9183 
v -31.4972 4.91883 -32.9832 
v -31.5136 4.95155 -32.9739 
v -31.4767 4.95155 -32.909 
v -30.6698 4.94064 -32.9832 
v -30.7066 4.91883 -32.9183 
v -30.7066 4.94064 -32.9183 
v -30.6698 4.91883 -32.9832 
v -30.6902 4.95155 -32.909 
v -30.6534 4.95155 -32.9739 
v -31.0402 4.90804 -32.9139 
v -31.0402 4.95281 -32.9139 
v -31.0514 4.95281 -32.9048 
v -31.0514 4.90804 -32.9048 
v -31.1156 4.90804 -32.9048 
v -31.1156 4.95281 -32.9048 
v -31.1267 4.95281 -32.9139 
v -31.1267 4.90804 -32.9139 
v -31.0835 4.98683 -33.0516 
v -31.3741 4.98683 -32.9899 
v -31.3741 4.98008 -32.9899 
v -31.5506 4.98008 -32.8863 
v -31.0835 4.98008 -33.0516 
v -31.5506 4.98683 -32.8863 
v -30.7929 4.98008 -32.9899 
v -31.6484 4.98008 -32.7854 
v -30.7929 4.98683 -32.9899 
v -31.6484 4.98683 -32.7854 
v -30.6164 4.98008 -32.8863 
v -31.7343 4.98683 -32.6499 
v -30.6164 4.98683 -32.8863 
v -31.7343 4.98008 -32.6499 
v -31.8004 4.98008 -32.5457 
v -31.8004 4.98683 -32.5457 
v -30.5185 4.98008 -32.7854 
v -30.5185 4.98683 -32.7854 
v -30.4327 4.98683 -32.6499 
v -30.4327 4.98008 -32.6499 
v -30.3666 4.98008 -32.5457 
v -30.3666 4.98683 -32.5457 
v -31.7343 4.87939 -32.6499 
v -31.8004 4.43339 -32.5457 
v -31.7343 4.22161 -32.65 
v -31.8004 4.87939 -32.5457 
v -31.7828 4.31112 -32.5734 
v -31.6484 4.87939 -32.7854 
v -31.6484 4.18885 -32.7854 
v -31.5506 4.87939 -32.8863 
v -31.5506 4.18885 -32.8863 
v -31.3741 4.18885 -32.9899 
v -31.3741 4.87939 -32.9899 
v -31.0835 4.18885 -33.0516 
v -31.0835 4.87939 -33.0516 
v -30.7929 4.87939 -32.9899 
v -30.7929 4.18885 -32.9899 
v -30.6164 4.87939 -32.8863 
v -30.6164 4.18885 -32.8863 
v -30.5185 4.18885 -32.7854 
v -30.5185 4.87939 -32.7854 
v -30.4327 4.22161 -32.65 
v -30.4326 4.87939 -32.6499 
v -30.3666 4.43339 -32.5457 
v -30.3666 4.87939 -32.5457 
v -30.3841 4.31112 -32.5734 
v -31.7384 4.91883 -32.6092 
v -31.811 4.90793 -32.6347 
v -31.8006 4.91883 -32.6505 
v -31.7488 4.90793 -32.5935 
v -30.4286 4.91883 -32.6092 
v -30.3559 4.90793 -32.6347 
v -30.4182 4.90793 -32.5935 
v -30.3664 4.91883 -32.6505 
v -31.8325 4.98008 -32.5674 
v -31.8325 4.87939 -32.5674 
v -31.767 4.98008 -32.6707 
v -31.767 4.87939 -32.6707 
v -31.6772 4.98008 -32.812 
v -31.6772 4.87939 -32.812 
v -31.5742 4.87939 -32.9176 
v -31.5742 4.98008 -32.9176 
v -31.3879 4.87939 -33.0266 
v -31.3879 4.98008 -33.0266 
v -31.0835 4.98008 -33.0905 
v -31.0835 4.87939 -33.0905 
v -30.779 4.87939 -33.0266 
v -30.779 4.98008 -33.0266 
v -30.5927 4.98008 -32.9176 
v -30.5927 4.87939 -32.9176 
v -30.4897 4.98008 -32.812 
v -30.4897 4.87939 -32.812 
v -30.4 4.87939 -32.6707 
v -30.4 4.98008 -32.6707 
v -30.3344 4.87939 -32.5674 
v -30.3344 4.98008 -32.5674 
v -31.5742 4.18885 -32.9176 
v -31.3879 4.87939 -33.0266 
v -31.5742 4.87939 -32.9176 
v -31.3879 4.18885 -33.0266 
v -31.6772 4.18885 -32.812 
v -31.0835 4.87939 -33.0905 
v -31.6772 4.87939 -32.812 
v -31.0835 4.18885 -33.0905 
v -31.767 4.22161 -32.6707 
v -30.779 4.18885 -33.0266 
v -30.779 4.87939 -33.0266 
v -30.5927 4.18885 -32.9176 
v -30.5927 4.87939 -32.9176 
v -30.4897 4.18885 -32.812 
v -30.4897 4.87939 -32.812 
v -30.4 4.22161 -32.6707 
v -31.767 4.87939 -32.6707 
v -30.4 4.87939 -32.6707 
v -31.8325 4.43339 -32.5674 
v -31.815 4.31112 -32.5951 
v -31.8325 4.87939 -32.5674 
v -30.3344 4.43339 -32.5674 
v -30.3344 4.87939 -32.5674 
v -30.352 4.31112 -32.5951 
v -31.1156 4.95281 -32.9048 
v -31.0514 4.90804 -32.9048 
v -31.0514 4.95281 -32.9048 
v -31.1156 4.90804 -32.9048 
v -31.8006 4.94064 -32.6505 
v -31.7384 4.94064 -32.6092 
v -31.7384 4.91883 -32.6092 
v -31.8006 4.91883 -32.6505 
v -31.7488 4.95155 -32.5935 
v -31.811 4.95155 -32.6347 
v -30.3664 4.94064 -32.6505 
v -30.4286 4.91883 -32.6092 
v -30.4286 4.94064 -32.6092 
v -30.3664 4.91883 -32.6505 
v -30.3559 4.95155 -32.6347 
v -30.4182 4.95155 -32.5935 
v -31.0835 4.18885 -33.0905 
v -31.3879 4.18885 -33.0266 
v -31.0835 4.18885 -33.0516 
v -30.779 4.18885 -33.0266 
v -31.3741 4.18885 -32.9899 
v -30.7929 4.18885 -32.9899 
v -31.5742 4.18885 -32.9176 
v -30.5927 4.18885 -32.9176 
v -31.5506 4.18885 -32.8863 
v -30.6164 4.18885 -32.8863 
v -31.6772 4.18885 -32.812 
v -30.4897 4.18885 -32.812 
v -31.6484 4.18885 -32.7854 
v -30.5185 4.18885 -32.7854 
v -31.767 4.22161 -32.6707 
v -30.4 4.22161 -32.6707 
v -31.7343 4.22161 -32.65 
v -30.4327 4.22161 -32.65 
v -31.815 4.31112 -32.5951 
v -30.352 4.31112 -32.5951 
v -31.7828 4.31112 -32.5734 
v -30.3841 4.31112 -32.5734 
v -31.8004 4.43339 -32.5457 
v -30.3666 4.43339 -32.5457 
v -31.8325 4.43339 -32.5674 
v -31.8325 4.87939 -32.5674 
v -31.8004 4.87939 -32.5457 
v -30.3344 4.43339 -32.5674 
v -30.3344 4.87939 -32.5674 
v -30.3666 4.87939 -32.5457 
v -31.4767 4.95155 -32.909 
v -31.475 4.92974 -32.9058 
v -31.4603 4.94064 -32.9183 
v -31.4603 4.91883 -32.9183 
v -31.4932 4.94064 -32.8996 
v -31.4767 4.90793 -32.909 
v -31.4932 4.91883 -32.8996 
v -30.6902 4.95155 -32.909 
v -30.7066 4.94064 -32.9183 
v -30.692 4.92974 -32.9058 
v -30.7066 4.91883 -32.9183 
v -30.6738 4.94064 -32.8996 
v -30.6902 4.90793 -32.909 
v -30.6738 4.91883 -32.8996 
v -31.8004 4.98008 -32.5457 
v -31.8004 4.87939 -32.5457 
v -31.8325 4.98008 -32.5674 
v -31.8325 4.87939 -32.5674 
v -30.3344 4.98008 -32.5674 
v -30.3666 4.87939 -32.5457 
v -30.3666 4.98008 -32.5457 
v -30.3344 4.87939 -32.5674 
v -31.7488 4.95155 -32.5935 
v -31.7458 4.92974 -32.5915 
v -31.7384 4.94064 -32.6092 
v -31.7384 4.91883 -32.6092 
v -31.7592 4.94064 -32.5778 
v -31.7488 4.90793 -32.5935 
v -31.7592 4.91883 -32.5778 
v -30.4182 4.95155 -32.5935 
v -30.4286 4.94064 -32.6092 
v -30.4212 4.92974 -32.5915 
v -30.4286 4.91883 -32.6092 
v -30.4077 4.94064 -32.5778 
v -30.4182 4.90793 -32.5935 
v -30.4077 4.91883 -32.5778 
v -31.83 4.88682 -32.2894 
v -31.8219 4.86832 -32.3333 
v -31.8219 4.87282 -32.3333 
v -31.8139 4.88682 -32.3772 
v -31.8294 4.89 -32.2925 
v -31.8145 4.89 -32.3741 
v -31.8333 4.93147 -32.2712 
v -31.8106 4.93147 -32.3954 
v -31.8325 4.93147 -32.2756 
v -31.8114 4.93147 -32.391 
v -31.8294 4.97294 -32.2925 
v -31.8145 4.97294 -32.3741 
v -31.83 4.97612 -32.2894 
v -31.8139 4.97612 -32.3772 
v -31.8219 4.99012 -32.3333 
v -31.8219 4.99462 -32.3333 
v -30.345 4.86832 -32.3333 
v -30.337 4.88682 -32.2894 
v -30.345 4.87282 -32.3333 
v -30.3531 4.88682 -32.3772 
v -30.3376 4.89 -32.2925 
v -30.3525 4.89 -32.3741 
v -30.3336 4.93147 -32.2712 
v -30.3564 4.93147 -32.3954 
v -30.3345 4.93147 -32.2756 
v -30.3556 4.93147 -32.391 
v -30.3376 4.97294 -32.2925 
v -30.3525 4.97294 -32.3741 
v -30.337 4.97612 -32.2894 
v -30.3531 4.97612 -32.3772 
v -30.345 4.99012 -32.3333 
v -30.345 4.99462 -32.3333 
v -31.9157 4.97612 -32.3051 
v -31.8333 4.93147 -32.2712 
v -31.83 4.97612 -32.2894 
v -31.9191 4.93147 -32.2869 
v -31.9077 4.99462 -32.349 
v -31.9157 4.88682 -32.3051 
v -31.8219 4.99462 -32.3333 
v -31.83 4.88682 -32.2894 
v -31.9077 4.86832 -32.349 
v -31.8219 4.86832 -32.3333 
v -31.8139 4.97612 -32.3772 
v -31.8996 4.97612 -32.3929 
v -31.8963 4.93147 -32.4111 
v -31.8106 4.93147 -32.3954 
v -31.8139 4.88682 -32.3772 
v -31.8996 4.88682 -32.3929 
v -31.9077 4.86832 -32.349 
v -31.8219 4.86832 -32.3333 

vn -0.818898 -0.322835 -0.480315 
vn -0.929134 -0.322835 -0.173228 
vn -0.889764 -0.228346 -0.393701 
vn -0.874016 -0.456693 -0.15748 
vn -0.795276 0 -0.606299 
vn -0.976378 -0.228346 0.0551181 
vn -0.937008 -0.322835 0.15748 
vn -0.984252 0 -0.181102 
vn -0.874016 0 -0.488189 
vn -0.889764 0.228346 -0.393701 
vn -0.818898 0.322835 -0.480315 
vn -0.992126 0 0.141732 
vn -0.96063 0 0.291339 
vn -0.937008 0.322835 0.15748 
vn -0.929134 0.322835 -0.173228 
vn -0.874016 0.456693 -0.15748 
vn -0.976378 0.228346 0.0551181 
vn 0.818898 -0.322835 -0.480315 
vn 0.929134 -0.322835 -0.173228 
vn 0.874016 -0.456693 -0.15748 
vn 0.976378 -0.228346 0.0551181 
vn 0.937008 -0.322835 0.15748 
vn 0.889764 -0.228346 -0.393701 
vn 0.795276 0 -0.606299 
vn 0.984252 0 -0.181102 
vn 0.992126 0 0.141732 
vn 0.96063 0 0.291339 
vn 0.937008 0.322835 0.15748 
vn 0.874016 0 -0.488189 
vn 0.889764 0.228346 -0.393701 
vn 0.818898 0.322835 -0.480315 
vn 0.976378 0.228346 0.0551181 
vn 0.874016 0.456693 -0.15748 
vn 0.929134 0.322835 -0.173228 
vn 0.125984 0.708661 0.692913 
vn 0.125984 0.708661 0.692913 
vn 0.181102 0 0.984252 
vn 0 1 0 
vn 0.181102 0 0.984252 
vn 0 1 0 
vn 0.125984 -0.708661 0.692913 
vn -0.125984 0.708661 -0.692913 
vn 0.125984 -0.708661 0.692913 
vn 0 -1 0 
vn 0 -1 0 
vn -0.125984 0.708661 -0.692913 
vn -0.181102 0 -0.984252 
vn -0.181102 0 -0.984252 
vn -0.125984 -0.708661 -0.692913 
vn -0.125984 -0.708661 -0.692913 
vn 0 -1 0 
vn 0 -1 0 
vn 0.125984 -0.708661 0.692913 
vn 0.125984 -0.708661 0.692913 
vn 0.181102 0 0.984252 
vn 0 -1 0 
vn 0 -1 0 
vn 0.181102 0 0.984252 
vn 0.125984 0.708661 0.692913 
vn 0.125984 0.708661 0.692913 
vn 0 1 0 
vn 0 1 0 
vn -0.125984 0.708661 -0.692913 
vn -0.125984 0.708661 -0.692913 
vn -0.181102 0 -0.984252 
vn -0.181102 0 -0.984252 
vn -0.125984 -0.708661 -0.692913 
vn -0.125984 -0.708661 -0.692913 
vn 0 -1 0 
vn 0 -1 0 
vn -0.984252 0 -0.181102 
vn -0.984252 0 -0.181102 
vn -0.984252 0 -0.181102 
vn -0.984252 0 -0.181102 
vn -0.984252 0 -0.181102 
vn -0.984252 0 -0.181102 
vn -0.984252 0 -0.181102 
vn -0.984252 0 -0.181102 
vn -0.984252 0 -0.181102 
vn -0.984252 0 -0.181102 
vn -0.984252 0 -0.181102 
vn -0.984252 0 -0.181102 
vn -0.984252 0 -0.181102 
vn -0.984252 0 -0.181102 
vn -0.984252 0 -0.181102 
vn -0.984252 0 -0.181102 
vn 0.984252 0 -0.181102 
vn 0.984252 0 -0.181102 
vn 0.984252 0 -0.181102 
vn 0.984252 0 -0.181102 
vn 0.984252 0 -0.181102 
vn 0.984252 0 -0.181102 
vn 0.984252 0 -0.181102 
vn 0.984252 0 -0.181102 
vn 0.984252 0 -0.181102 
vn 0.984252 0 -0.181102 
vn 0.984252 0 -0.181102 
vn 0.984252 0 -0.181102 
vn 0.984252 0 -0.181102 
vn 0.984252 0 -0.181102 
vn 0.984252 0 -0.181102 
vn 0.984252 0 -0.181102 
vn -0.897638 0.0787402 -0.425197 
vn -0.834646 0 -0.551181 
vn -0.897638 -0.0787402 -0.425197 
vn -0.818898 -0.165354 -0.543307 
vn -0.818898 0.165354 -0.543307 
vn -0.748031 -0.0787402 -0.661417 
vn -0.748031 0.0787402 -0.661417 
vn 0.897638 0.0787402 -0.425197 
vn 0.897638 -0.0787402 -0.425197 
vn 0.834646 0 -0.551181 
vn 0.818898 -0.165354 -0.543307 
vn 0.818898 0.165354 -0.543307 
vn 0.748031 -0.0787402 -0.661417 
vn 0.748031 0.0787402 -0.661417 
vn -0.559055 0 0.826772 
vn -0.559055 0 0.826772 
vn -0.559055 0 0.826772 
vn -0.559055 0 0.826772 
vn 0.559055 0 0.826772 
vn 0.559055 0 0.826772 
vn 0.559055 0 0.826772 
vn 0.559055 0 0.826772 
vn -0.606299 0.0787402 -0.787402 
vn -0.496063 0 -0.866142 
vn -0.606299 -0.0787402 -0.787402 
vn -0.488189 -0.165354 -0.858268 
vn -0.488189 0.165354 -0.858268 
vn -0.362205 -0.0787402 -0.929134 
vn -0.362205 0.0787402 -0.929134 
vn 0.606299 0.0787402 -0.787402 
vn 0.606299 -0.0787402 -0.787402 
vn 0.496063 0 -0.866142 
vn 0.488189 -0.165354 -0.858268 
vn 0.488189 0.165354 -0.858268 
vn 0.362205 -0.0787402 -0.929134 
vn 0.362205 0.0787402 -0.929134 
vn -0.338583 0.0787402 -0.937008 
vn 0 0 -1 
vn -0.338583 -0.0787402 -0.937008 
vn 0 -0.165354 -0.984252 
vn 0 0.165354 -0.984252 
vn 0.338583 -0.0787402 -0.937008 
vn 0.338583 0.0787402 -0.937008 
vn -0.275591 0.866142 0.417323 
vn -0.480315 0.496063 0.724409 
vn -0.275591 0.866142 0.417323 
vn -0.480315 0.496063 0.724409 
vn -0.551181 0 0.834646 
vn -0.551181 0 0.834646 
vn 0.275591 0.866142 0.417323 
vn 0.275591 0.866142 0.417323 
vn 0.480315 0.496063 0.724409 
vn 0.480315 0.496063 0.724409 
vn 0.551181 0 0.834646 
vn 0.551181 0 0.834646 
vn 0 1 0 
vn -0.125984 0.708661 0.692913 
vn -0.125984 0.708661 0.692913 
vn 0 1 0 
vn -0.181102 0 0.984252 
vn 0.125984 0.708661 -0.692913 
vn -0.181102 0 0.984252 
vn 0.125984 0.708661 -0.692913 
vn -0.125984 -0.708661 0.692913 
vn 0.181102 0 -0.984252 
vn -0.125984 -0.708661 0.692913 
vn 0 -1 0 
vn 0 -1 0 
vn 0.181102 0 -0.984252 
vn 0.125984 -0.708661 -0.692913 
vn 0.125984 -0.708661 -0.692913 
vn 0 -1 0 
vn 0 -1 0 
vn 0 1 0 
vn 0.125984 0.708661 0.692913 
vn 0.125984 0.708661 0.692913 
vn 0 1 0 
vn 0.181102 0 0.984252 
vn -0.125984 0.708661 -0.692913 
vn 0.181102 0 0.984252 
vn -0.125984 0.708661 -0.692913 
vn 0.125984 -0.708661 0.692913 
vn -0.181102 0 -0.984252 
vn 0.125984 -0.708661 0.692913 
vn 0 -1 0 
vn 0 -1 0 
vn -0.181102 0 -0.984252 
vn -0.125984 -0.708661 -0.692913 
vn -0.125984 -0.708661 -0.692913 
vn 0 -1 0 
vn 0 -1 0 
vn -0.84252 0 -0.535433 
vn -0.787402 0 -0.622047 
vn -0.787402 0 -0.622047 
vn -0.614173 0 -0.787402 
vn -0.84252 0 -0.535433 
vn -0.84252 0 -0.535433 
vn -0.84252 0 -0.535433 
vn -0.614173 0 -0.787402 
vn -0.362205 0 -0.929134 
vn -0.362205 0 -0.929134 
vn 0 0 -1 
vn 0 0 -1 
vn 0.362205 0 -0.929134 
vn 0.362205 0 -0.929134 
vn 0.614173 0 -0.787402 
vn 0.614173 0 -0.787402 
vn 0.787402 0 -0.622047 
vn 0.787402 0 -0.622047 
vn 0.84252 0 -0.535433 
vn 0.84252 0 -0.535433 
vn 0.84252 0 -0.535433 
vn 0.84252 0 -0.535433 
vn -0.433071 0.866142 0.244094 
vn -0.755906 0.496063 0.425197 
vn -0.433071 0.866142 0.244094 
vn -0.755906 0.496063 0.425197 
vn -0.755906 -0.496063 0.425197 
vn -0.755906 -0.496063 0.425197 
vn 0 -1 0 
vn 0 -1 0 
vn 0.755906 0.496063 0.425197 
vn 0.755906 0.496063 0.425197 
vn 0.433071 0.866142 0.244094 
vn 0.433071 0.866142 0.244094 
vn 0.866142 0 0.496063 
vn 0.866142 0 0.496063 
vn -0.84252 0 -0.535433 
vn -0.84252 0 -0.535433 
vn -0.84252 0 -0.535433 
vn -0.84252 0 -0.535433 
vn -0.787402 0 -0.622047 
vn -0.787402 0 -0.622047 
vn -0.614173 0 -0.787402 
vn -0.614173 0 -0.787402 
vn -0.362205 0 -0.929134 
vn -0.362205 0 -0.929134 
vn 0 0 -1 
vn 0 0 -1 
vn 0.362205 0 -0.929134 
vn 0.362205 0 -0.929134 
vn 0.614173 0 -0.787402 
vn 0.614173 0 -0.787402 
vn 0.787402 0 -0.622047 
vn 0.787402 0 -0.622047 
vn 0.84252 0 -0.535433 
vn 0.84252 0 -0.535433 
vn 0.84252 0 -0.535433 
vn 0.84252 0 -0.535433 
vn 0 -1 0 
vn 0 -1 0 
vn -0.275591 -0.866142 0.417323 
vn -0.275591 -0.866142 0.417323 
vn 0 -1 0 
vn 0.275591 -0.866142 0.417323 
vn 0.275591 -0.866142 0.417323 
vn 0 -1 0 
vn 0 0 -1 
vn -0.362205 0 -0.937008 
vn -0.362205 0 -0.937008 
vn -0.614173 0 -0.787402 
vn 0 0 -1 
vn -0.614173 0 -0.787402 
vn 0.362205 0 -0.937008 
vn -0.787402 0 -0.622047 
vn 0.362205 0 -0.937008 
vn -0.787402 0 -0.622047 
vn 0.614173 0 -0.787402 
vn -0.84252 0 -0.535433 
vn 0.614173 0 -0.787402 
vn -0.84252 0 -0.535433 
vn 0.787402 0 -0.622047 
vn -0.92126 0 -0.393701 
vn 0.787402 0 -0.622047 
vn -0.92126 0 -0.393701 
vn -0.968504 0 -0.244094 
vn -0.968504 0 -0.244094 
vn 0.84252 0 -0.535433 
vn 0.84252 0 -0.535433 
vn 0.92126 0 -0.393701 
vn 0.92126 0 -0.393701 
vn 0.968504 0 -0.244094 
vn 0.968504 0 -0.244094 
vn 0 1 0 
vn 0 1 0 
vn 0 1 0 
vn 0 1 0 
vn 0 1 0 
vn 0 1 0 
vn 0 1 0 
vn 0 1 0 
vn 0 1 0 
vn 0 1 0 
vn 0 1 0 
vn 0 1 0 
vn 0 1 0 
vn 0 1 0 
vn 0 1 0 
vn 0 1 0 
vn 0 1 0 
vn 0 1 0 
vn 0 1 0 
vn 0 1 0 
vn 0 1 0 
vn 0 1 0 
vn 0 1 0 
vn 0 1 0 
vn 0 1 0 
vn 0 1 0 
vn 0 1 0 
vn 0 1 0 
vn 0 1 0 
vn 0 1 0 
vn 0 1 0 
vn 0 1 0 
vn 0 1 0 
vn 0 1 0 
vn 0 1 0 
vn 0 1 0 
vn 0 1 0 
vn 0 1 0 
vn 0 1 0 
vn 0 1 0 
vn 0 1 0 
vn 0 1 0 
vn 0 1 0 
vn 0 1 0 
vn 0 1 0 
vn 0 1 0 
vn 0 1 0 
vn 0 1 0 
vn 0 1 0 
vn 0 1 0 
vn 0 1 0 
vn 0 1 0 
vn 0 1 0 
vn 0 1 0 
vn 0 1 0 
vn 0 1 0 
vn 0 1 0 
vn 0 1 0 
vn 0 1 0 
vn 0 1 0 
vn 0 1 0 
vn 0 1 0 
vn 0 1 0 
vn 0 1 0 
vn 0 1 0 
vn 0 1 0 
vn 0 1 0 
vn 0 1 0 
vn 0 1 0 
vn 0 1 0 
vn 0 -1 0 
vn 0 -1 0 
vn 0.433071 -0.866142 0.244094 
vn 0.433071 -0.866142 0.244094 
vn 0 1 0 
vn 0 1 0 
vn 0 1 0 
vn 0 1 0 
vn 0 1 0 
vn 0 1 0 
vn -0.181102 0 0.984252 
vn -0.181102 0 0.984252 
vn -0.125984 -0.708661 0.692913 
vn -0.125984 0.708661 0.692913 
vn -0.125984 -0.708661 0.692913 
vn 0 -1 0 
vn 0 -1 0 
vn -0.125984 0.708661 0.692913 
vn 0 1 0 
vn 0 1 0 
vn 0.125984 0.708661 -0.692913 
vn 0.125984 0.708661 -0.692913 
vn 0.181102 0 -0.984252 
vn 0.181102 0 -0.984252 
vn 0.125984 -0.708661 -0.692913 
vn 0.125984 -0.708661 -0.692913 
vn 0 -1 0 
vn 0 -1 0 
vn -0.496063 0.866142 0 
vn -0.496063 0.866142 0 
vn 0 1 0 
vn 0 1 0 
vn 0.496063 0.866142 0 
vn 0.496063 0.866142 0 
vn 1 0 0 
vn 1 0 0 
vn 1 0 0 
vn 1 0 0 
vn -1 0 0 
vn -1 0 0 
vn -1 0 0 
vn -1 0 0 
vn -1 0 0 
vn -1 0 0 
vn -1 0 0 
vn -1 0 0 
vn 1 0 0 
vn 1 0 0 
vn 1 0 0 
vn 1 0 0 
vn 0 -1 0 
vn 0 -1 0 
vn 0 -1 0 
vn 0 -1 0 
vn 0 -1 0 
vn 0 -1 0 
vn 0 -1 0 
vn 0 -1 0 
vn 0 -1 0 
vn 0 -1 0 
vn 0 -1 0 
vn 0 -1 0 
vn 0 -1 0 
vn 0 -1 0 
vn 0 -1 0 
vn 0 -1 0 
vn 0 -1 0 
vn 0 -1 0 
vn 0 -1 0 
vn 0 -1 0 
vn 0 -1 0 
vn 0 -1 0 
vn 0 -1 0 
vn 0 -1 0 
vn 0 -1 0 
vn 0 -1 0 
vn 0 -1 0 
vn 0 -1 0 
vn 0 -1 0 
vn 0 -1 0 
vn 0 -1 0 
vn 0 -1 0 
vn 0 -1 0 
vn 0 -1 0 
vn 0 -1 0 
vn 0 -1 0 
vn 0 -1 0 
vn 0 -1 0 
vn 0 -1 0 
vn 0 -1 0 
vn 0 -1 0 
vn 0 -1 0 
vn 0 -1 0 
vn 0 -1 0 
vn 0 -1 0 
vn 0 -1 0 
vn 0 -1 0 
vn 0 -1 0 
vn -0.496063 -0.866142 0 
vn 0 -1 0 
vn -0.496063 -0.866142 0 
vn 0 -1 0 
vn 0.496063 -0.866142 0 
vn 0 -1 0 
vn 0 -1 0 
vn 0.496063 -0.866142 0 
vn 0 -1 0 
vn 0 -1 0 
vn 0 -1 0 
vn 0 -1 0 
vn 0 -1 0 
vn 0 -1 0 
vn 0.362205 0 0.929134 
vn 0 0 1 
vn 0 0 1 
vn -0.362205 0 0.929134 
vn 0.362205 0 0.929134 
vn -0.362205 0 0.929134 
vn 0.614173 0 0.787402 
vn -0.614173 0 0.787402 
vn 0.614173 0 0.787402 
vn -0.614173 0 0.787402 
vn 0.787402 0 0.622047 
vn -0.787402 0 0.622047 
vn 0.787402 0 0.622047 
vn -0.787402 0 0.622047 
vn 0.84252 0 0.535433 
vn -0.84252 0 0.535433 
vn 0.84252 0 0.535433 
vn -0.84252 0 0.535433 
vn 0.897638 0 0.440945 
vn -0.897638 0 0.440945 
vn 0.897638 0 0.440945 
vn 0.937008 0 0.346457 
vn 0.937008 0 0.346457 
vn -0.897638 0 0.440945 
vn -0.937008 0 0.346457 
vn -0.937008 0 0.346457 
vn 0 -1 0 
vn 0.433071 -0.866142 -0.244094 
vn 0 -1 0 
vn 0.433071 -0.866142 -0.244094 
vn -0.433071 -0.866142 -0.244094 
vn -0.433071 -0.866142 -0.244094 
vn 0 -1 0 
vn 0 -1 0 
vn 0.755906 0.496063 -0.425197 
vn 0.755906 0.496063 -0.425197 
vn 0.866142 0 -0.496063 
vn 0.866142 0 -0.496063 
vn 0.433071 0.866142 -0.244094 
vn 0.433071 0.866142 -0.244094 
vn -0.755906 0.496063 -0.425197 
vn -0.866142 0 -0.496063 
vn -0.755906 0.496063 -0.425197 
vn -0.866142 0 -0.496063 
vn -0.433071 0.866142 -0.244094 
vn -0.433071 0.866142 -0.244094 
vn 0.629921 0 0.771654 
vn 0.629921 0 0.771654 
vn 0.629921 0 0.771654 
vn 0.629921 0 0.771654 
vn -0.629921 0 0.771654 
vn -0.629921 0 0.771654 
vn -0.629921 0 0.771654 
vn -0.629921 0 0.771654 
vn 0 0 1 
vn 0.362205 0 0.929134 
vn 0.362205 0 0.929134 
vn 0.614173 0 0.787402 
vn 0 0 1 
vn 0.614173 0 0.787402 
vn -0.362205 0 0.929134 
vn 0.787402 0 0.622047 
vn -0.362205 0 0.929134 
vn 0.787402 0 0.622047 
vn -0.614173 0 0.787402 
vn 0.84252 0 0.535433 
vn -0.614173 0 0.787402 
vn 0.84252 0 0.535433 
vn 0.84252 0 0.535433 
vn 0.84252 0 0.535433 
vn -0.787402 0 0.622047 
vn -0.787402 0 0.622047 
vn -0.84252 0 0.535433 
vn -0.84252 0 0.535433 
vn -0.84252 0 0.535433 
vn -0.84252 0 0.535433 
vn 0.84252 0 0.535433 
vn 0.84252 0 0.535433 
vn 0.84252 0 0.535433 
vn 0.84252 0 0.535433 
vn 0.84252 0 0.535433 
vn 0.787402 0 0.622047 
vn 0.779528 0 0.622047 
vn 0.614173 0 0.787402 
vn 0.614173 0 0.787402 
vn 0.362205 0 0.929134 
vn 0.362205 0 0.929134 
vn 0 0 1 
vn 0 0 1 
vn -0.362205 0 0.929134 
vn -0.362205 0 0.929134 
vn -0.614173 0 0.787402 
vn -0.614173 0 0.787402 
vn -0.779528 0 0.622047 
vn -0.787402 0 0.622047 
vn -0.84252 0 0.535433 
vn -0.84252 0 0.535433 
vn -0.84252 0 0.535433 
vn -0.84252 0 0.535433 
vn -0.84252 0 0.535433 
vn 0.275591 -0.866142 -0.417323 
vn 0 -1 0 
vn 0.275591 -0.866142 -0.417323 
vn 0 -1 0 
vn -0.275591 -0.866142 -0.417323 
vn 0 -1 0 
vn 0 -1 0 
vn -0.275591 -0.866142 -0.417323 
vn 0.84252 0 0.535433 
vn 0.84252 0 0.535433 
vn 0.84252 0 0.535433 
vn 0.84252 0 0.535433 
vn 0.787402 0 0.622047 
vn 0.787402 0 0.622047 
vn 0.614173 0 0.787402 
vn 0.614173 0 0.787402 
vn 0.362205 0 0.929134 
vn 0.362205 0 0.929134 
vn 0 0 1 
vn 0 0 1 
vn -0.362205 0 0.929134 
vn -0.362205 0 0.929134 
vn -0.614173 0 0.787402 
vn -0.614173 0 0.787402 
vn -0.787402 0 0.622047 
vn -0.787402 0 0.622047 
vn -0.84252 0 0.535433 
vn -0.84252 0 0.535433 
vn -0.84252 0 0.535433 
vn -0.84252 0 0.535433 
vn 0.614173 0 0.787402 
vn 0.362205 0 0.929134 
vn 0.614173 0 0.787402 
vn 0.362205 0 0.929134 
vn 0.779528 0 0.622047 
vn 0 0 1 
vn 0.787402 0 0.622047 
vn 0 0 1 
vn 0.84252 0 0.535433 
vn -0.362205 0 0.929134 
vn -0.362205 0 0.929134 
vn -0.614173 0 0.787402 
vn -0.614173 0 0.787402 
vn -0.779528 0 0.622047 
vn -0.787402 0 0.622047 
vn -0.84252 0 0.535433 
vn 0.84252 0 0.535433 
vn -0.84252 0 0.535433 
vn 0.84252 0 0.535433 
vn 0.84252 0 0.535433 
vn 0.84252 0 0.535433 
vn -0.84252 0 0.535433 
vn -0.84252 0 0.535433 
vn -0.84252 0 0.535433 
vn 0 0 1 
vn 0 0 1 
vn 0 0 1 
vn 0 0 1 
vn 0.480315 0.496063 -0.724409 
vn 0.480315 0.496063 -0.724409 
vn 0.551181 0 -0.834646 
vn 0.551181 0 -0.834646 
vn 0.275591 0.866142 -0.417323 
vn 0.275591 0.866142 -0.417323 
vn -0.480315 0.496063 -0.724409 
vn -0.551181 0 -0.834646 
vn -0.480315 0.496063 -0.724409 
vn -0.551181 0 -0.834646 
vn -0.275591 0.866142 -0.417323 
vn -0.275591 0.866142 -0.417323 
vn 0 1 0 
vn 0 1 0 
vn 0 1 0 
vn 0 1 0 
vn 0 1 0 
vn 0 1 0 
vn 0 1 0 
vn 0 1 0 
vn 0 1 0 
vn 0 1 0 
vn 0.0551181 0.992126 -0.0708661 
vn -0.0551181 0.992126 -0.0708661 
vn 0.0629921 0.992126 -0.0787402 
vn -0.0629921 0.992126 -0.0787402 
vn 0.267717 0.88189 -0.385827 
vn -0.267717 0.88189 -0.385827 
vn 0.267717 0.88189 -0.385827 
vn -0.267717 0.88189 -0.385827 
vn 0.480315 0.503937 -0.716535 
vn -0.480315 0.503937 -0.716535 
vn 0.480315 0.496063 -0.716535 
vn -0.480315 0.496063 -0.716535 
vn 0.559055 0.133858 -0.818898 
vn -0.559055 0.133858 -0.818898 
vn 0.559055 0.133858 -0.818898 
vn 0.559055 0 -0.826772 
vn 0.559055 0 -0.826772 
vn -0.559055 0.133858 -0.818898 
vn -0.559055 0 -0.826772 
vn -0.559055 0 -0.826772 
vn 0.488189 0.165354 0.858268 
vn 0.496063 0 0.866142 
vn 0.606299 0.0787402 0.787402 
vn 0.606299 -0.0787402 0.787402 
vn 0.362205 0.0787402 0.929134 
vn 0.488189 -0.165354 0.858268 
vn 0.362205 -0.0787402 0.929134 
vn -0.488189 0.165354 0.858268 
vn -0.606299 0.0787402 0.787402 
vn -0.496063 0 0.866142 
vn -0.606299 -0.0787402 0.787402 
vn -0.362205 0.0787402 0.929134 
vn -0.488189 -0.165354 0.858268 
vn -0.362205 -0.0787402 0.929134 
vn 0.559055 0 -0.826772 
vn 0.559055 0 -0.826772 
vn 0.559055 0 -0.826772 
vn 0.559055 0 -0.826772 
vn -0.559055 0 -0.826772 
vn -0.559055 0 -0.826772 
vn -0.559055 0 -0.826772 
vn -0.559055 0 -0.826772 
vn 0.818898 0.165354 0.543307 
vn 0.834646 0 0.551181 
vn 0.897638 0.0787402 0.425197 
vn 0.897638 -0.0787402 0.425197 
vn 0.748031 0.0787402 0.661417 
vn 0.818898 -0.165354 0.543307 
vn 0.748031 -0.0787402 0.661417 
vn -0.818898 0.165354 0.543307 
vn -0.897638 0.0787402 0.425197 
vn -0.834646 0 0.551181 
vn -0.897638 -0.0787402 0.425197 
vn -0.748031 0.0787402 0.661417 
vn -0.818898 -0.165354 0.543307 
vn -0.748031 -0.0787402 0.661417 
vn 0.984252 0 0.181102 
vn 0.984252 0 0.181102 
vn 0.984252 0 0.181102 
vn 0.984252 0 0.181102 
vn 0.984252 0 0.181102 
vn 0.984252 0 0.181102 
vn 0.984252 0 0.181102 
vn 0.984252 0 0.181102 
vn 0.984252 0 0.181102 
vn 0.984252 0 0.181102 
vn 0.984252 0 0.181102 
vn 0.984252 0 0.181102 
vn 0.984252 0 0.181102 
vn 0.984252 0 0.181102 
vn 0.984252 0 0.181102 
vn 0.984252 0 0.181102 
vn -0.984252 0 0.181102 
vn -0.984252 0 0.181102 
vn -0.984252 0 0.181102 
vn -0.984252 0 0.181102 
vn -0.984252 0 0.181102 
vn -0.984252 0 0.181102 
vn -0.984252 0 0.181102 
vn -0.984252 0 0.181102 
vn -0.984252 0 0.181102 
vn -0.984252 0 0.181102 
vn -0.984252 0 0.181102 
vn -0.984252 0 0.181102 
vn -0.984252 0 0.181102 
vn -0.984252 0 0.181102 
vn -0.984252 0 0.181102 
vn -0.984252 0 0.181102 
vn -0.125984 0.708661 0.692913 
vn -0.181102 0 0.984252 
vn -0.125984 0.708661 0.692913 
vn -0.181102 0 0.984252 
vn 0 1 0 
vn -0.125984 -0.708661 0.692913 
vn 0 1 0 
vn -0.125984 -0.708661 0.692913 
vn 0 -1 0 
vn 0 -1 0 
vn 0.125984 0.708661 -0.692913 
vn 0.125984 0.708661 -0.692913 
vn 0.181102 0 -0.984252 
vn 0.181102 0 -0.984252 
vn 0.125984 -0.708661 -0.692913 
vn 0.125984 -0.708661 -0.692913 
vn 0 -1 0 
vn 0 -1 0 

vt 0.261666 0.798845 
vt 0.23731 0.807078 
vt 0.250232 0.794067 
vt 0.242064 0.818528 
vt 0.261666 0.771011 
vt 0.218997 0.807094 
vt 0.214284 0.818535 
vt 0.228084 0.784979 
vt 0.250175 0.775739 
vt 0.237173 0.762864 
vt 0.241885 0.751423 
vt 0.205994 0.794219 
vt 0.194502 0.798948 
vt 0.194502 0.771113 
vt 0.21886 0.76288 
vt 0.214105 0.75143 
vt 0.205937 0.775892 
vt 0.261666 0.798845 
vt 0.23731 0.807078 
vt 0.242064 0.818528 
vt 0.218997 0.807094 
vt 0.214284 0.818535 
vt 0.250232 0.794067 
vt 0.261666 0.771011 
vt 0.228084 0.784979 
vt 0.205994 0.794219 
vt 0.194502 0.798948 
vt 0.194502 0.771113 
vt 0.250175 0.775739 
vt 0.237173 0.762864 
vt 0.241885 0.751423 
vt 0.205937 0.775892 
vt 0.214105 0.75143 
vt 0.21886 0.76288 
vt 0.158221 0.897999 
vt 0.109905 0.897999 
vt 0.109905 0.924791 
vt 0.109905 0.871207 
vt 0.158221 0.924791 
vt 0.158221 0.871207 
vt 0.158221 0.951582 
vt 0.158221 0.844415 
vt 0.109905 0.951582 
vt 0.109905 0.978374 
vt 0.158221 0.978374 
vt 0.109905 0.844415 
vt 0.158221 0.817623 
vt 0.109905 0.817623 
vt 0.109905 0.790832 
vt 0.158221 0.790832 
vt 0.109905 0.76404 
vt 0.158221 0.76404 
vt 0.0233186 0.951582 
vt 0.0888691 0.951582 
vt 0.0233186 0.92479 
vt 0.0888691 0.978374 
vt 0.023318 0.978374 
vt 0.0888691 0.92479 
vt 0.0888691 0.897999 
vt 0.0233186 0.897999 
vt 0.0888691 0.871207 
vt 0.0233186 0.871207 
vt 0.0233186 0.844415 
vt 0.0888691 0.844415 
vt 0.0888691 0.817623 
vt 0.0233186 0.817623 
vt 0.0233186 0.790832 
vt 0.0888691 0.790832 
vt 0.0888691 0.76404 
vt 0.023318 0.76404 
vt 0.259183 0.965241 
vt 0.239285 0.98188 
vt 0.256879 0.964286 
vt 0.240239 0.984185 
vt 0.259183 0.938449 
vt 0.213447 0.984185 
vt 0.256879 0.939403 
vt 0.214402 0.981881 
vt 0.239285 0.921808 
vt 0.194502 0.965241 
vt 0.240239 0.919505 
vt 0.196807 0.964286 
vt 0.214402 0.921809 
vt 0.196807 0.939403 
vt 0.213447 0.919505 
vt 0.194502 0.938449 
vt 0.240239 0.984185 
vt 0.259183 0.965241 
vt 0.239285 0.98188 
vt 0.213447 0.984185 
vt 0.256879 0.964286 
vt 0.214402 0.981881 
vt 0.259183 0.938449 
vt 0.194502 0.965241 
vt 0.256879 0.939403 
vt 0.196807 0.964286 
vt 0.239285 0.921808 
vt 0.196807 0.939403 
vt 0.240239 0.919505 
vt 0.194502 0.938449 
vt 0.214402 0.921809 
vt 0.213447 0.919505 
vt 0.240339 0.861222 
vt 0.226524 0.869196 
vt 0.226526 0.853244 
vt 0.212707 0.861215 
vt 0.240339 0.877177 
vt 0.212707 0.877169 
vt 0.22652 0.885148 
vt 0.240339 0.861222 
vt 0.226526 0.853244 
vt 0.226524 0.869196 
vt 0.212707 0.861215 
vt 0.240339 0.877177 
vt 0.212707 0.877169 
vt 0.22652 0.885148 
vt 0.871785 0.0896822 
vt 0.871785 0.0620134 
vt 0.876592 0.0620134 
vt 0.876592 0.0896822 
vt 0.876592 0.0896084 
vt 0.871785 0.061938 
vt 0.876592 0.061938 
vt 0.871785 0.0896084 
vt 0.240339 0.861222 
vt 0.226524 0.869196 
vt 0.226526 0.853244 
vt 0.212707 0.861215 
vt 0.240339 0.877177 
vt 0.212707 0.877169 
vt 0.22652 0.885148 
vt 0.240339 0.861222 
vt 0.226526 0.853244 
vt 0.226524 0.869196 
vt 0.212707 0.861215 
vt 0.240339 0.877177 
vt 0.212707 0.877169 
vt 0.22652 0.885148 
vt 0.240237 0.877345 
vt 0.226524 0.869197 
vt 0.240237 0.861047 
vt 0.226524 0.853175 
vt 0.226524 0.885217 
vt 0.212812 0.861047 
vt 0.212812 0.877345 
vt 0.229139 0.736147 
vt 0.213327 0.682054 
vt 0.229139 0.682054 
vt 0.213327 0.736147 
vt 0.197515 0.736147 
vt 0.197515 0.682054 
vt 0.229139 0.736147 
vt 0.229139 0.682054 
vt 0.213327 0.736147 
vt 0.213327 0.682054 
vt 0.197515 0.736147 
vt 0.197515 0.682054 
vt 0.173877 0.863573 
vt 0.173877 0.83869 
vt 0.176171 0.83869 
vt 0.176171 0.863573 
vt 0.176171 0.813807 
vt 0.173877 0.888455 
vt 0.173877 0.813807 
vt 0.176171 0.888455 
vt 0.173877 0.788924 
vt 0.173877 0.913338 
vt 0.176171 0.788924 
vt 0.173877 0.764041 
vt 0.176171 0.764041 
vt 0.176171 0.913338 
vt 0.176171 0.93822 
vt 0.173877 0.93822 
vt 0.176171 0.963102 
vt 0.173877 0.963102 
vt 0.173877 0.863573 
vt 0.176171 0.83869 
vt 0.173877 0.83869 
vt 0.176171 0.863573 
vt 0.176171 0.813807 
vt 0.173877 0.888455 
vt 0.173877 0.813807 
vt 0.176171 0.888455 
vt 0.173877 0.788924 
vt 0.173877 0.913338 
vt 0.176171 0.788924 
vt 0.176171 0.764041 
vt 0.173877 0.764041 
vt 0.176171 0.913338 
vt 0.176171 0.93822 
vt 0.173877 0.93822 
vt 0.173877 0.963102 
vt 0.176171 0.963102 
vt 0.907627 0.0725699 
vt 0.907627 0.157508 
vt 0.904206 0.157508 
vt 0.904206 0.232324 
vt 0.904206 0.0725699 
vt 0.904206 0.0105239 
vt 0.907627 0.0105239 
vt 0.907627 0.232324 
vt 0.904206 0.341829 
vt 0.907627 0.341829 
vt 0.904206 0.499612 
vt 0.907627 0.499612 
vt 0.907627 0.657414 
vt 0.904206 0.657414 
vt 0.907627 0.766936 
vt 0.904206 0.766936 
vt 0.907627 0.841753 
vt 0.904206 0.841753 
vt 0.907627 0.92669 
vt 0.904206 0.92669 
vt 0.904206 0.988736 
vt 0.907627 0.988736 
vt 0.229139 0.736147 
vt 0.213327 0.682054 
vt 0.229139 0.682054 
vt 0.213327 0.736147 
vt 0.197515 0.736147 
vt 0.197515 0.682054 
vt 0.181703 0.736147 
vt 0.181703 0.682054 
vt 0.213327 0.682054 
vt 0.213327 0.736147 
vt 0.229139 0.682054 
vt 0.229139 0.736147 
vt 0.197515 0.682054 
vt 0.197515 0.736147 
vt 0.98567 0.509991 
vt 0.960525 0.540808 
vt 0.960525 0.509991 
vt 0.98567 0.540813 
vt 0.960525 0.580866 
vt 0.98567 0.580866 
vt 0.98567 0.615969 
vt 0.960525 0.615969 
vt 0.98567 0.667073 
vt 0.960525 0.667073 
vt 0.98567 0.741261 
vt 0.960525 0.741261 
vt 0.960525 0.81545 
vt 0.98567 0.81545 
vt 0.960525 0.866554 
vt 0.985671 0.866554 
vt 0.960525 0.901656 
vt 0.98567 0.901656 
vt 0.985671 0.94171 
vt 0.960525 0.941714 
vt 0.985671 0.972532 
vt 0.960525 0.972532 
vt 0.181703 0.736147 
vt 0.181703 0.682054 
vt 0.197515 0.682054 
vt 0.197515 0.736147 
vt 0.181703 0.682054 
vt 0.197515 0.736147 
vt 0.197515 0.682054 
vt 0.181703 0.736147 
vt 0.584962 0.932106 
vt 0.663928 0.90696 
vt 0.663928 0.932106 
vt 0.71873 0.90696 
vt 0.584962 0.90696 
vt 0.71873 0.932106 
vt 0.505996 0.90696 
vt 0.756231 0.90696 
vt 0.505996 0.932106 
vt 0.756231 0.932106 
vt 0.451194 0.90696 
vt 0.79853 0.932106 
vt 0.451194 0.932106 
vt 0.798532 0.90696 
vt 0.413692 0.90696 
vt 0.828891 0.932106 
vt 0.413692 0.932106 
vt 0.828891 0.90696 
vt 0.889168 0.90696 
vt 0.889168 0.932106 
vt 0.371394 0.932106 
vt 0.371391 0.90696 
vt 0.341032 0.932106 
vt 0.341032 0.90696 
vt 0.280754 0.90696 
vt 0.280754 0.932106 
vt 0.199686 0.238391 
vt 0.126649 0.251084 
vt 0.12648 0.238391 
vt 0.0819528 0.251084 
vt 0.199686 0.251084 
vt 0.0820259 0.238391 
vt 0.272724 0.251084 
vt 0.0572407 0.251084 
vt 0.272893 0.238391 
vt 0.0573688 0.238391 
vt 0.317421 0.251084 
vt 0.0357113 0.251084 
vt 0.317347 0.238391 
vt 0.0357354 0.238391 
vt 0.0199847 0.251084 
vt 0.0199847 0.238391 
vt 0.342133 0.251084 
vt 0.342133 0.238391 
vt 0.363663 0.251084 
vt 0.363639 0.238391 
vt 0.37939 0.251084 
vt 0.37939 0.238391 
vt 0.661952 0.313022 
vt 0.659189 0.309154 
vt 0.743338 0.287939 
vt 0.624827 0.336591 
vt 0.622284 0.332578 
vt 0.574003 0.368857 
vt 0.570868 0.365212 
vt 0.536055 0.405893 
vt 0.532254 0.402947 
vt 0.496853 0.472878 
vt 0.492408 0.471045 
vt 0.473892 0.582335 
vt 0.469186 0.582335 
vt 0.49241 0.693625 
vt 0.496855 0.691792 
vt 0.532257 0.761721 
vt 0.536058 0.758775 
vt 0.570871 0.799455 
vt 0.574006 0.795809 
vt 0.622286 0.832086 
vt 0.624829 0.828073 
vt 0.659192 0.855509 
vt 0.661954 0.851642 
vt 0.743339 0.876722 
vt 0.669767 0.840082 
vt 0.750132 0.864561 
vt 0.672521 0.836208 
vt 0.634838 0.812313 
vt 0.63229 0.816323 
vt 0.586719 0.781799 
vt 0.583589 0.785449 
vt 0.551112 0.747305 
vt 0.547318 0.750259 
vt 0.514502 0.684969 
vt 0.510062 0.686815 
vt 0.492588 0.582335 
vt 0.487885 0.582335 
vt 0.51006 0.477855 
vt 0.5145 0.479701 
vt 0.547315 0.414409 
vt 0.55111 0.417362 
vt 0.583585 0.379218 
vt 0.586716 0.382868 
vt 0.632288 0.348341 
vt 0.634836 0.352352 
vt 0.669765 0.324582 
vt 0.672519 0.328455 
vt 0.750132 0.3001 
vt 0.181703 0.682054 
vt 0.181703 0.736147 
vt 0.197515 0.682054 
vt 0.197515 0.736147 
vt 0.159228 0.703006 
vt 0.107313 0.674021 
vt 0.159228 0.674021 
vt 0.107313 0.703006 
vt 0.103575 0.677759 
vt 0.103575 0.699269 
vt 0.0233186 0.92479 
vt 0.0888691 0.92479 
vt 0.0888691 0.951582 
vt 0.0888691 0.897999 
vt 0.0233186 0.951582 
vt 0.023318 0.978374 
vt 0.0888691 0.978374 
vt 0.0233186 0.897999 
vt 0.0233186 0.871207 
vt 0.0888691 0.871207 
vt 0.0233186 0.844415 
vt 0.0888691 0.844415 
vt 0.0888691 0.817623 
vt 0.0233186 0.817623 
vt 0.0233186 0.790832 
vt 0.0888691 0.790832 
vt 0.0888691 0.76404 
vt 0.023318 0.76404 
vt 0.245155 0.679782 
vt 0.245155 0.733284 
vt 0.229347 0.730254 
vt 0.229347 0.676752 
vt 0.21354 0.679782 
vt 0.21354 0.733284 
vt 0.0752324 0.720468 
vt 0.023318 0.738805 
vt 0.023318 0.720468 
vt 0.0752324 0.738805 
vt 0.159228 0.720468 
vt 0.107314 0.738805 
vt 0.107314 0.720468 
vt 0.159228 0.738805 
vt 0.245155 0.733284 
vt 0.245155 0.679782 
vt 0.260962 0.679782 
vt 0.260962 0.733284 
vt 0.21354 0.679782 
vt 0.21354 0.733284 
vt 0.197732 0.733284 
vt 0.197732 0.679782 
vt 0.623507 0.698423 
vt 0.600284 0.587132 
vt 0.604989 0.587132 
vt 0.623506 0.475842 
vt 0.627952 0.69659 
vt 0.627951 0.477674 
vt 0.663354 0.76652 
vt 0.663353 0.407744 
vt 0.667155 0.763574 
vt 0.667154 0.410689 
vt 0.701969 0.804255 
vt 0.701967 0.370009 
vt 0.705104 0.800609 
vt 0.705103 0.373654 
vt 0.753387 0.836889 
vt 0.753387 0.337373 
vt 0.755926 0.832873 
vt 0.755925 0.341389 
vt 0.790289 0.860309 
vt 0.790289 0.313952 
vt 0.793052 0.856442 
vt 0.793051 0.317819 
vt 0.874438 0.881523 
vt 0.874437 0.292737 
vt 0.800865 0.844882 
vt 0.881232 0.869361 
vt 0.803619 0.841008 
vt 0.765931 0.81711 
vt 0.763393 0.821126 
vt 0.717816 0.786598 
vt 0.714686 0.790248 
vt 0.68221 0.752105 
vt 0.678415 0.755058 
vt 0.645599 0.689767 
vt 0.64116 0.691613 
vt 0.623686 0.587132 
vt 0.618982 0.587132 
vt 0.641159 0.482651 
vt 0.645598 0.484498 
vt 0.678414 0.419206 
vt 0.682209 0.422159 
vt 0.714685 0.384015 
vt 0.717815 0.387665 
vt 0.763393 0.353136 
vt 0.765931 0.357152 
vt 0.800865 0.329379 
vt 0.803618 0.333253 
vt 0.881231 0.304899 
vt 0.260962 0.679782 
vt 0.276771 0.730254 
vt 0.260962 0.733284 
vt 0.276771 0.676752 
vt 0.197732 0.679782 
vt 0.181924 0.730254 
vt 0.181924 0.676752 
vt 0.197732 0.733284 
vt 0.0789695 0.699269 
vt 0.0752324 0.674021 
vt 0.0789695 0.677759 
vt 0.0752324 0.703006 
vt 0.023318 0.674021 
vt 0.023318 0.703006 
vt 0.676556 0.955952 
vt 0.603661 0.981097 
vt 0.603661 0.955952 
vt 0.530766 0.955952 
vt 0.676556 0.981097 
vt 0.530766 0.981097 
vt 0.72677 0.955952 
vt 0.480552 0.955952 
vt 0.72677 0.981098 
vt 0.480552 0.981098 
vt 0.761204 0.955952 
vt 0.446118 0.955952 
vt 0.761204 0.981097 
vt 0.446118 0.981097 
vt 0.800777 0.981097 
vt 0.406545 0.981097 
vt 0.800781 0.955952 
vt 0.406541 0.955952 
vt 0.831774 0.981097 
vt 0.375548 0.981097 
vt 0.831774 0.955952 
vt 0.889168 0.955952 
vt 0.889168 0.981097 
vt 0.375548 0.955952 
vt 0.318154 0.955952 
vt 0.318154 0.981097 
vt 0.276577 0.736147 
vt 0.260765 0.682054 
vt 0.276577 0.682054 
vt 0.260765 0.736147 
vt 0.260765 0.682054 
vt 0.260765 0.736147 
vt 0.276577 0.682054 
vt 0.276577 0.736147 
vt 0.244952 0.736147 
vt 0.244952 0.682054 
vt 0.260765 0.682054 
vt 0.260765 0.736147 
vt 0.229139 0.736147 
vt 0.229139 0.682054 
vt 0.244952 0.736147 
vt 0.260765 0.682054 
vt 0.244952 0.682054 
vt 0.260765 0.736147 
vt 0.229139 0.682054 
vt 0.229139 0.736147 
vt 0.0752324 0.738805 
vt 0.0752324 0.720468 
vt 0.0805179 0.720468 
vt 0.0805179 0.738805 
vt 0.102028 0.738805 
vt 0.102028 0.720468 
vt 0.107314 0.720468 
vt 0.107314 0.738805 
vt 0.934235 0.518887 
vt 0.934237 0.669585 
vt 0.930815 0.669585 
vt 0.930815 0.773416 
vt 0.930815 0.518887 
vt 0.934236 0.773416 
vt 0.930815 0.368225 
vt 0.930814 0.844735 
vt 0.934235 0.368225 
vt 0.934236 0.844735 
vt 0.930814 0.264442 
vt 0.934236 0.926113 
vt 0.934235 0.264442 
vt 0.930814 0.926113 
vt 0.930814 0.988736 
vt 0.934236 0.988736 
vt 0.930814 0.193159 
vt 0.934234 0.193159 
vt 0.934234 0.111823 
vt 0.930814 0.111823 
vt 0.930814 0.0492306 
vt 0.934234 0.0492306 
vt 0.05207 0.18697 
vt 0.0199849 0.0755916 
vt 0.0520828 0.0227053 
vt 0.019985 0.18697 
vt 0.0285069 0.0450575 
vt 0.093775 0.18697 
vt 0.093775 0.0145233 
vt 0.130321 0.18697 
vt 0.130321 0.0145233 
vt 0.183527 0.0145233 
vt 0.183527 0.18697 
vt 0.260766 0.0145233 
vt 0.260766 0.18697 
vt 0.338005 0.18697 
vt 0.338005 0.0145233 
vt 0.391211 0.18697 
vt 0.391211 0.0145231 
vt 0.427757 0.0145231 
vt 0.427757 0.18697 
vt 0.469449 0.0227053 
vt 0.469462 0.18697 
vt 0.501547 0.0755916 
vt 0.501547 0.18697 
vt 0.493025 0.0450574 
vt 0.260765 0.682054 
vt 0.276577 0.736147 
vt 0.260765 0.736147 
vt 0.276577 0.682054 
vt 0.260765 0.682054 
vt 0.276577 0.736147 
vt 0.276577 0.682054 
vt 0.260765 0.736147 
vt 0.985671 0.500299 
vt 0.960525 0.500299 
vt 0.98567 0.469755 
vt 0.960525 0.469754 
vt 0.98567 0.427941 
vt 0.960525 0.427941 
vt 0.960525 0.39111 
vt 0.98567 0.39111 
vt 0.960525 0.337201 
vt 0.985671 0.337201 
vt 0.985671 0.259518 
vt 0.960525 0.259518 
vt 0.960525 0.181835 
vt 0.985671 0.181835 
vt 0.985671 0.127926 
vt 0.960525 0.127926 
vt 0.98567 0.0910953 
vt 0.960525 0.0910951 
vt 0.960525 0.0492819 
vt 0.985671 0.0492811 
vt 0.960525 0.0187365 
vt 0.985671 0.0187365 
vt 0.129174 0.0145234 
vt 0.183083 0.18697 
vt 0.129174 0.18697 
vt 0.183083 0.0145234 
vt 0.0923435 0.0145234 
vt 0.260766 0.18697 
vt 0.0923434 0.18697 
vt 0.260766 0.0145233 
vt 0.0505316 0.0227048 
vt 0.338449 0.0145233 
vt 0.338449 0.18697 
vt 0.392358 0.0145233 
vt 0.392358 0.18697 
vt 0.429189 0.0145233 
vt 0.429189 0.18697 
vt 0.471001 0.022705 
vt 0.05053 0.18697 
vt 0.471002 0.18697 
vt 0.0199848 0.0755911 
vt 0.0281697 0.0450573 
vt 0.0199847 0.18697 
vt 0.501547 0.0755913 
vt 0.501547 0.18697 
vt 0.493362 0.0450573 
vt 0.102028 0.720468 
vt 0.0805179 0.738805 
vt 0.0805179 0.720468 
vt 0.102028 0.738805 
vt 0.244952 0.736147 
vt 0.244952 0.682054 
vt 0.260765 0.682054 
vt 0.260765 0.736147 
vt 0.229139 0.682054 
vt 0.229139 0.736147 
vt 0.244952 0.736147 
vt 0.260765 0.682054 
vt 0.244952 0.682054 
vt 0.260765 0.736147 
vt 0.229139 0.736147 
vt 0.229139 0.682054 
vt 0.35067 0.218711 
vt 0.256706 0.218711 
vt 0.35067 0.207569 
vt 0.444634 0.218711 
vt 0.256706 0.207569 
vt 0.444634 0.207569 
vt 0.199203 0.218711 
vt 0.502136 0.218711 
vt 0.199203 0.207569 
vt 0.502136 0.207569 
vt 0.16741 0.218711 
vt 0.533929 0.218711 
vt 0.16741 0.207569 
vt 0.533929 0.207569 
vt 0.139037 0.218711 
vt 0.562302 0.218711 
vt 0.139037 0.207569 
vt 0.562302 0.207569 
vt 0.117981 0.218711 
vt 0.583358 0.218711 
vt 0.117981 0.207569 
vt 0.583358 0.207569 
vt 0.0965045 0.207569 
vt 0.604834 0.207569 
vt 0.0965045 0.218711 
vt 0.0199847 0.218711 
vt 0.0199847 0.207569 
vt 0.604834 0.218711 
vt 0.681351 0.218711 
vt 0.681351 0.207569 
vt 0.212707 0.861215 
vt 0.226524 0.869197 
vt 0.212707 0.877169 
vt 0.226521 0.885149 
vt 0.226527 0.853244 
vt 0.240341 0.877177 
vt 0.240341 0.861223 
vt 0.212707 0.861215 
vt 0.212707 0.877169 
vt 0.226524 0.869197 
vt 0.226521 0.885149 
vt 0.226527 0.853244 
vt 0.240341 0.877177 
vt 0.240341 0.861223 
vt 0.98567 0.509991 
vt 0.960525 0.509991 
vt 0.985671 0.500299 
vt 0.960525 0.500299 
vt 0.985671 0.982223 
vt 0.960525 0.972532 
vt 0.985671 0.972532 
vt 0.960525 0.982223 
vt 0.212707 0.861215 
vt 0.226524 0.869197 
vt 0.212707 0.877169 
vt 0.226521 0.885149 
vt 0.226527 0.853244 
vt 0.240341 0.877177 
vt 0.240341 0.861223 
vt 0.212707 0.861215 
vt 0.212707 0.877169 
vt 0.226524 0.869197 
vt 0.226521 0.885149 
vt 0.226527 0.853244 
vt 0.240341 0.877177 
vt 0.240341 0.861223 
vt 0.194502 0.882153 
vt 0.194502 0.855361 
vt 0.196807 0.856315 
vt 0.213447 0.836416 
vt 0.196807 0.881198 
vt 0.214402 0.838721 
vt 0.213447 0.901097 
vt 0.240239 0.836416 
vt 0.214402 0.898793 
vt 0.239285 0.838721 
vt 0.239285 0.898793 
vt 0.256879 0.856315 
vt 0.240239 0.901097 
vt 0.259183 0.855361 
vt 0.256879 0.881198 
vt 0.259183 0.882153 
vt 0.194502 0.855361 
vt 0.194502 0.882153 
vt 0.196807 0.856315 
vt 0.213447 0.836416 
vt 0.196807 0.881198 
vt 0.214402 0.838721 
vt 0.213447 0.901097 
vt 0.240239 0.836416 
vt 0.214402 0.898793 
vt 0.239285 0.838721 
vt 0.239285 0.898793 
vt 0.256879 0.856315 
vt 0.240239 0.901097 
vt 0.259183 0.855361 
vt 0.256879 0.881198 
vt 0.259183 0.882153 
vt 0.158221 0.897999 
vt 0.109905 0.924791 
vt 0.109905 0.897999 
vt 0.158221 0.924791 
vt 0.158221 0.871207 
vt 0.158221 0.951582 
vt 0.109905 0.871207 
vt 0.109905 0.951582 
vt 0.158221 0.978374 
vt 0.109905 0.978374 
vt 0.109905 0.844415 
vt 0.158221 0.844415 
vt 0.158221 0.817623 
vt 0.109905 0.817623 
vt 0.109905 0.790832 
vt 0.158221 0.790832 
vt 0.158221 0.76404 
vt 0.109905 0.76404 

usemtl Handle2Mtl

f 1264/1264/1264 1265/1265/1265 1266/1266/1266 
f 1265/1265/1265 1264/1264/1264 1267/1267/1267 
f 1268/1268/1268 1264/1264/1264 1266/1266/1266 
f 1269/1269/1269 1265/1265/1265 1267/1267/1267 
f 1267/1267/1267 1270/1270/1270 1269/1269/1269 
f 1266/1266/1266 1265/1265/1265 1271/1271/1271 
f 1265/1265/1265 1269/1269/1269 1271/1271/1271 
f 1268/1268/1268 1266/1266/1266 1272/1272/1272 
f 1272/1272/1272 1266/1266/1266 1271/1271/1271 
f 1273/1273/1273 1268/1268/1268 1272/1272/1272 
f 1273/1273/1273 1272/1272/1272 1271/1271/1271 
f 1268/1268/1268 1273/1273/1273 1274/1274/1274 
f 1270/1270/1270 1275/1275/1275 1269/1269/1269 
f 1269/1269/1269 1275/1275/1275 1271/1271/1271 
f 1275/1275/1275 1270/1270/1270 1276/1276/1276 
f 1277/1277/1277 1275/1275/1275 1276/1276/1276 
f 1278/1278/1278 1274/1274/1274 1273/1273/1273 
f 1278/1278/1278 1273/1273/1273 1271/1271/1271 
f 1274/1274/1274 1278/1278/1278 1279/1279/1279 
f 1275/1275/1275 1280/1280/1280 1271/1271/1271 
f 1275/1275/1275 1277/1277/1277 1280/1280/1280 
f 1280/1280/1280 1278/1278/1278 1271/1271/1271 
f 1279/1279/1279 1280/1280/1280 1277/1277/1277 
f 1280/1280/1280 1279/1279/1279 1278/1278/1278 
f 1281/1281/1281 1282/1282/1282 1283/1283/1283 
f 1284/1284/1284 1283/1283/1283 1282/1282/1282 
f 1283/1283/1283 1284/1284/1284 1285/1285/1285 
f 1282/1282/1282 1281/1281/1281 1286/1286/1286 
f 1281/1281/1281 1287/1287/1287 1286/1286/1286 
f 1282/1282/1282 1288/1288/1288 1284/1284/1284 
f 1286/1286/1286 1288/1288/1288 1282/1282/1282 
f 1285/1285/1285 1284/1284/1284 1289/1289/1289 
f 1284/1284/1284 1288/1288/1288 1289/1289/1289 
f 1290/1290/1290 1285/1285/1285 1289/1289/1289 
f 1289/1289/1289 1291/1291/1291 1290/1290/1290 
f 1286/1286/1286 1287/1287/1287 1292/1292/1292 
f 1292/1292/1292 1288/1288/1288 1286/1286/1286 
f 1287/1287/1287 1293/1293/1293 1292/1292/1292 
f 1293/1293/1293 1288/1288/1288 1292/1292/1292 
f 1293/1293/1293 1287/1287/1287 1294/1294/1294 
f 1291/1291/1291 1289/1289/1289 1295/1295/1295 
f 1289/1289/1289 1288/1288/1288 1295/1295/1295 
f 1295/1295/1295 1296/1296/1296 1291/1291/1291 
f 1297/1297/1297 1288/1288/1288 1293/1293/1293 
f 1295/1295/1295 1288/1288/1288 1297/1297/1297 
f 1294/1294/1294 1297/1297/1297 1293/1293/1293 
f 1296/1296/1296 1295/1295/1295 1297/1297/1297 
f 1297/1297/1297 1294/1294/1294 1296/1296/1296 
f 1298/1298/1298 1299/1299/1299 1300/1300/1300 
f 1298/1298/1298 1301/1301/1301 1299/1299/1299 
f 1298/1298/1298 1300/1300/1300 1302/1302/1302 
f 1301/1301/1301 1298/1298/1298 1303/1303/1303 
f 1300/1300/1300 1304/1304/1304 1302/1302/1302 
f 1305/1305/1305 1301/1301/1301 1303/1303/1303 
f 1304/1304/1304 1300/1300/1300 1306/1306/1306 
f 1307/1307/1307 1304/1304/1304 1306/1306/1306 
f 1307/1307/1307 1308/1308/1308 1304/1304/1304 
f 1301/1301/1301 1305/1305/1305 1309/1309/1309 
f 1309/1309/1309 1305/1305/1305 1310/1310/1310 
f 1309/1309/1309 1310/1310/1310 1311/1311/1311 
f 1310/1310/1310 1312/1312/1312 1311/1311/1311 
f 1312/1312/1312 1310/1310/1310 1313/1313/1313 
f 1313/1313/1313 1314/1314/1314 1312/1312/1312 
f 1314/1314/1314 1313/1313/1313 1315/1315/1315 
f 1316/1316/1316 1317/1317/1317 1318/1318/1318 
f 1316/1316/1316 1319/1319/1319 1317/1317/1317 
f 1319/1319/1319 1316/1316/1316 1320/1320/1320 
f 1321/1321/1321 1318/1318/1318 1317/1317/1317 
f 1322/1322/1322 1318/1318/1318 1321/1321/1321 
f 1318/1318/1318 1322/1322/1322 1323/1323/1323 
f 1324/1324/1324 1323/1323/1323 1322/1322/1322 
f 1323/1323/1323 1324/1324/1324 1325/1325/1325 
f 1324/1324/1324 1326/1326/1326 1325/1325/1325 
f 1326/1326/1326 1324/1324/1324 1327/1327/1327 
f 1328/1328/1328 1326/1326/1326 1327/1327/1327 
f 1326/1326/1326 1328/1328/1328 1329/1329/1329 
f 1328/1328/1328 1330/1330/1330 1329/1329/1329 
f 1330/1330/1330 1328/1328/1328 1331/1331/1331 
f 1332/1332/1332 1330/1330/1330 1331/1331/1331 
f 1330/1330/1330 1332/1332/1332 1333/1333/1333 
f 1334/1334/1334 1335/1335/1335 1336/1336/1336 
f 1335/1335/1335 1334/1334/1334 1337/1337/1337 
f 1338/1338/1338 1334/1334/1334 1336/1336/1336 
f 1339/1339/1339 1335/1335/1335 1337/1337/1337 
f 1336/1336/1336 1340/1340/1340 1338/1338/1338 
f 1335/1335/1335 1339/1339/1339 1341/1341/1341 
f 1342/1342/1342 1338/1338/1338 1340/1340/1340 
f 1343/1343/1343 1341/1341/1341 1339/1339/1339 
f 1338/1338/1338 1342/1342/1342 1344/1344/1344 
f 1341/1341/1341 1343/1343/1343 1345/1345/1345 
f 1346/1346/1346 1344/1344/1344 1342/1342/1342 
f 1343/1343/1343 1347/1347/1347 1345/1345/1345 
f 1344/1344/1344 1346/1346/1346 1348/1348/1348 
f 1343/1343/1343 1349/1349/1349 1347/1347/1347 
f 1346/1346/1346 1347/1347/1347 1349/1349/1349 
f 1349/1349/1349 1348/1348/1348 1346/1346/1346 
f 1350/1350/1350 1351/1351/1351 1352/1352/1352 
f 1352/1352/1352 1353/1353/1353 1350/1350/1350 
f 1352/1352/1352 1351/1351/1351 1354/1354/1354 
f 1353/1353/1353 1352/1352/1352 1355/1355/1355 
f 1351/1351/1351 1356/1356/1356 1354/1354/1354 
f 1355/1355/1355 1357/1357/1357 1353/1353/1353 
f 1354/1354/1354 1356/1356/1356 1358/1358/1358 
f 1357/1357/1357 1355/1355/1355 1359/1359/1359 
f 1356/1356/1356 1360/1360/1360 1358/1358/1358 
f 1361/1361/1361 1357/1357/1357 1359/1359/1359 
f 1360/1360/1360 1356/1356/1356 1362/1362/1362 
f 1363/1363/1363 1357/1357/1357 1361/1361/1361 
f 1362/1362/1362 1364/1364/1364 1360/1360/1360 
f 1364/1364/1364 1363/1363/1363 1361/1361/1361 
f 1364/1364/1364 1362/1362/1362 1365/1365/1365 
f 1365/1365/1365 1363/1363/1363 1364/1364/1364 
f 1366/1366/1366 1367/1367/1367 1368/1368/1368 
f 1368/1368/1368 1367/1367/1367 1369/1369/1369 
f 1367/1367/1367 1366/1366/1366 1370/1370/1370 
f 1369/1369/1369 1367/1367/1367 1371/1371/1371 
f 1372/1372/1372 1367/1367/1367 1370/1370/1370 
f 1371/1371/1371 1367/1367/1367 1372/1372/1372 
f 1373/1373/1373 1374/1374/1374 1375/1375/1375 
f 1374/1374/1374 1376/1376/1376 1375/1375/1375 
f 1375/1375/1375 1377/1377/1377 1373/1373/1373 
f 1376/1376/1376 1378/1378/1378 1375/1375/1375 
f 1379/1379/1379 1377/1377/1377 1375/1375/1375 
f 1378/1378/1378 1379/1379/1379 1375/1375/1375 
f 1380/1380/1380 1381/1381/1381 1382/1382/1382 
f 1380/1380/1380 1382/1382/1382 1383/1383/1383 
f 1384/1384/1384 1385/1385/1385 1386/1386/1386 
f 1385/1385/1385 1384/1384/1384 1387/1387/1387 
f 1388/1388/1388 1389/1389/1389 1390/1390/1390 
f 1390/1390/1390 1389/1389/1389 1391/1391/1391 
f 1389/1389/1389 1388/1388/1388 1392/1392/1392 
f 1391/1391/1391 1389/1389/1389 1393/1393/1393 
f 1394/1394/1394 1389/1389/1389 1392/1392/1392 
f 1393/1393/1393 1389/1389/1389 1394/1394/1394 
f 1395/1395/1395 1396/1396/1396 1397/1397/1397 
f 1396/1396/1396 1398/1398/1398 1397/1397/1397 
f 1397/1397/1397 1399/1399/1399 1395/1395/1395 
f 1398/1398/1398 1400/1400/1400 1397/1397/1397 
f 1401/1401/1401 1399/1399/1399 1397/1397/1397 
f 1400/1400/1400 1401/1401/1401 1397/1397/1397 
f 1402/1402/1402 1403/1403/1403 1404/1404/1404 
f 1404/1404/1404 1403/1403/1403 1405/1405/1405 
f 1403/1403/1403 1402/1402/1402 1406/1406/1406 
f 1405/1405/1405 1403/1403/1403 1407/1407/1407 
f 1408/1408/1408 1403/1403/1403 1406/1406/1406 
f 1407/1407/1407 1403/1403/1403 1408/1408/1408 
f 1409/1409/1409 1410/1410/1410 1411/1411/1411 
f 1410/1410/1410 1409/1409/1409 1412/1412/1412 
f 1410/1410/1410 1412/1412/1412 1413/1413/1413 
f 1410/1410/1410 1413/1413/1413 1414/1414/1414 
f 1415/1415/1415 1416/1416/1416 1417/1417/1417 
f 1416/1416/1416 1418/1418/1418 1417/1417/1417 
f 1417/1417/1417 1418/1418/1418 1419/1419/1419 
f 1420/1420/1420 1419/1419/1419 1418/1418/1418 
f 1421/1421/1421 1422/1422/1422 1423/1423/1423 
f 1423/1423/1423 1424/1424/1424 1421/1421/1421 
f 1422/1422/1422 1425/1425/1425 1423/1423/1423 
f 1426/1426/1426 1421/1421/1421 1424/1424/1424 
f 1425/1425/1425 1422/1422/1422 1427/1427/1427 
f 1424/1424/1424 1428/1428/1428 1426/1426/1426 
f 1429/1429/1429 1425/1425/1425 1427/1427/1427 
f 1430/1430/1430 1426/1426/1426 1428/1428/1428 
f 1425/1425/1425 1429/1429/1429 1431/1431/1431 
f 1432/1432/1432 1431/1431/1431 1429/1429/1429 
f 1431/1431/1431 1432/1432/1432 1433/1433/1433 
f 1428/1428/1428 1434/1434/1434 1430/1430/1430 
f 1435/1435/1435 1430/1430/1430 1434/1434/1434 
f 1430/1430/1430 1435/1435/1435 1436/1436/1436 
f 1437/1437/1437 1436/1436/1436 1435/1435/1435 
f 1436/1436/1436 1437/1437/1437 1438/1438/1438 
f 1439/1439/1439 1440/1440/1440 1441/1441/1441 
f 1440/1440/1440 1439/1439/1439 1442/1442/1442 
f 1440/1440/1440 1443/1443/1443 1441/1441/1441 
f 1444/1444/1444 1442/1442/1442 1439/1439/1439 
f 1443/1443/1443 1445/1445/1445 1441/1441/1441 
f 1442/1442/1442 1444/1444/1444 1446/1446/1446 
f 1443/1443/1443 1447/1447/1447 1445/1445/1445 
f 1444/1444/1444 1448/1448/1448 1446/1446/1446 
f 1447/1447/1447 1443/1443/1443 1449/1449/1449 
f 1450/1450/1450 1447/1447/1447 1449/1449/1449 
f 1451/1451/1451 1447/1447/1447 1450/1450/1450 
f 1446/1446/1446 1448/1448/1448 1452/1452/1452 
f 1448/1448/1448 1453/1453/1453 1452/1452/1452 
f 1453/1453/1453 1448/1448/1448 1454/1454/1454 
f 1454/1454/1454 1455/1455/1455 1453/1453/1453 
f 1453/1453/1453 1455/1455/1455 1456/1456/1456 
f 1457/1457/1457 1458/1458/1458 1459/1459/1459 
f 1458/1458/1458 1460/1460/1460 1459/1459/1459 
f 1457/1457/1457 1459/1459/1459 1461/1461/1461 
f 1461/1461/1461 1462/1462/1462 1457/1457/1457 
f 1463/1463/1463 1457/1457/1457 1462/1462/1462 
f 1458/1458/1458 1464/1464/1464 1460/1460/1460 
f 1464/1464/1464 1465/1465/1465 1460/1460/1460 
f 1464/1464/1464 1466/1466/1466 1465/1465/1465 
f 1466/1466/1466 1467/1467/1467 1465/1465/1465 
f 1466/1466/1466 1468/1468/1468 1467/1467/1467 
f 1469/1469/1469 1467/1467/1467 1468/1468/1468 
f 1467/1467/1467 1469/1469/1469 1470/1470/1470 
f 1471/1471/1471 1470/1470/1470 1469/1469/1469 
f 1470/1470/1470 1471/1471/1471 1472/1472/1472 
f 1473/1473/1473 1472/1472/1472 1471/1471/1471 
f 1472/1472/1472 1473/1473/1473 1474/1474/1474 
f 1475/1475/1475 1474/1474/1474 1473/1473/1473 
f 1474/1474/1474 1475/1475/1475 1476/1476/1476 
f 1475/1475/1475 1477/1477/1477 1476/1476/1476 
f 1475/1475/1475 1478/1478/1478 1477/1477/1477 
f 1479/1479/1479 1480/1480/1480 1481/1481/1481 
f 1480/1480/1480 1479/1479/1479 1482/1482/1482 
f 1483/1483/1483 1480/1480/1480 1482/1482/1482 
f 1480/1480/1480 1483/1483/1483 1484/1484/1484 
f 1485/1485/1485 1484/1484/1484 1483/1483/1483 
f 1484/1484/1484 1485/1485/1485 1486/1486/1486 
f 1487/1487/1487 1488/1488/1488 1489/1489/1489 
f 1490/1490/1490 1489/1489/1489 1488/1488/1488 
f 1491/1491/1491 1488/1488/1488 1487/1487/1487 
f 1488/1488/1488 1491/1491/1491 1492/1492/1492 
f 1493/1493/1493 1494/1494/1494 1495/1495/1495 
f 1494/1494/1494 1493/1493/1493 1496/1496/1496 
f 1496/1496/1496 1497/1497/1497 1494/1494/1494 
f 1498/1498/1498 1497/1497/1497 1496/1496/1496 
f 1499/1499/1499 1497/1497/1497 1498/1498/1498 
f 1497/1497/1497 1499/1499/1499 1500/1500/1500 
f 1501/1501/1501 1500/1500/1500 1499/1499/1499 
f 1500/1500/1500 1501/1501/1501 1502/1502/1502 
f 1501/1501/1501 1503/1503/1503 1502/1502/1502 
f 1504/1504/1504 1502/1502/1502 1503/1503/1503 
f 1503/1503/1503 1505/1505/1505 1504/1504/1504 
f 1503/1503/1503 1506/1506/1506 1505/1505/1505 
f 1506/1506/1506 1507/1507/1507 1505/1505/1505 
f 1506/1506/1506 1508/1508/1508 1507/1507/1507 
f 1508/1508/1508 1509/1509/1509 1507/1507/1507 
f 1508/1508/1508 1510/1510/1510 1509/1509/1509 
f 1510/1510/1510 1511/1511/1511 1509/1509/1509 
f 1511/1511/1511 1512/1512/1512 1509/1509/1509 
f 1513/1513/1513 1512/1512/1512 1511/1511/1511 
f 1512/1512/1512 1513/1513/1513 1514/1514/1514 
f 1515/1515/1515 1516/1516/1516 1517/1517/1517 
f 1517/1517/1517 1518/1518/1518 1515/1515/1515 
f 1519/1519/1519 1520/1520/1520 1521/1521/1521 
f 1520/1520/1520 1519/1519/1519 1522/1522/1522 
f 1523/1523/1523 1524/1524/1524 1525/1525/1525 
f 1524/1524/1524 1526/1526/1526 1525/1525/1525 
f 1524/1524/1524 1523/1523/1523 1527/1527/1527 
f 1528/1528/1528 1525/1525/1525 1526/1526/1526 
f 1523/1523/1523 1529/1529/1529 1527/1527/1527 
f 1528/1528/1528 1526/1526/1526 1530/1530/1530 
f 1523/1523/1523 1531/1531/1531 1529/1529/1529 
f 1532/1532/1532 1528/1528/1528 1530/1530/1530 
f 1531/1531/1531 1533/1533/1533 1529/1529/1529 
f 1530/1530/1530 1534/1534/1534 1532/1532/1532 
f 1533/1533/1533 1531/1531/1531 1535/1535/1535 
f 1534/1534/1534 1530/1530/1530 1536/1536/1536 
f 1535/1535/1535 1537/1537/1537 1533/1533/1533 
f 1536/1536/1536 1538/1538/1538 1534/1534/1534 
f 1537/1537/1537 1535/1535/1535 1539/1539/1539 
f 1538/1538/1538 1536/1536/1536 1540/1540/1540 
f 1540/1540/1540 1541/1541/1541 1538/1538/1538 
f 1542/1542/1542 1538/1538/1538 1541/1541/1541 
f 1543/1543/1543 1537/1537/1537 1539/1539/1539 
f 1537/1537/1537 1543/1543/1543 1544/1544/1544 
f 1545/1545/1545 1544/1544/1544 1543/1543/1543 
f 1544/1544/1544 1545/1545/1545 1546/1546/1546 
f 1545/1545/1545 1547/1547/1547 1546/1546/1546 
f 1545/1545/1545 1548/1548/1548 1547/1547/1547 
f 1549/1549/1549 1550/1550/1550 1551/1551/1551 
f 1550/1550/1550 1552/1552/1552 1551/1551/1551 
f 1550/1550/1550 1549/1549/1549 1553/1553/1553 
f 1551/1551/1551 1552/1552/1552 1554/1554/1554 
f 1549/1549/1549 1555/1555/1555 1553/1553/1553 
f 1556/1556/1556 1554/1554/1554 1552/1552/1552 
f 1555/1555/1555 1549/1549/1549 1557/1557/1557 
f 1554/1554/1554 1556/1556/1556 1558/1558/1558 
f 1559/1559/1559 1555/1555/1555 1557/1557/1557 
f 1560/1560/1560 1558/1558/1558 1556/1556/1556 
f 1557/1557/1557 1561/1561/1561 1559/1559/1559 
f 1558/1558/1558 1560/1560/1560 1562/1562/1562 
f 1563/1563/1563 1562/1562/1562 1560/1560/1560 
f 1562/1562/1562 1563/1563/1563 1564/1564/1564 
f 1565/1565/1565 1559/1559/1559 1561/1561/1561 
f 1561/1561/1561 1566/1566/1566 1565/1565/1565 
f 1567/1567/1567 1565/1565/1565 1566/1566/1566 
f 1567/1567/1567 1566/1566/1566 1568/1568/1568 
f 1569/1569/1569 1567/1567/1567 1568/1568/1568 
f 1569/1569/1569 1568/1568/1568 1570/1570/1570 
f 1571/1571/1571 1572/1572/1572 1573/1573/1573 
f 1574/1574/1574 1572/1572/1572 1571/1571/1571 
f 1572/1572/1572 1574/1574/1574 1575/1575/1575 
f 1574/1574/1574 1576/1576/1576 1575/1575/1575 
f 1577/1577/1577 1575/1575/1575 1576/1576/1576 
f 1578/1578/1578 1577/1577/1577 1576/1576/1576 
f 1577/1577/1577 1578/1578/1578 1579/1579/1579 
f 1580/1580/1580 1579/1579/1579 1578/1578/1578 
f 1579/1579/1579 1580/1580/1580 1581/1581/1581 
f 1582/1582/1582 1581/1581/1581 1580/1580/1580 
f 1581/1581/1581 1582/1582/1582 1583/1583/1583 
f 1582/1582/1582 1584/1584/1584 1583/1583/1583 
f 1584/1584/1584 1582/1582/1582 1585/1585/1585 
f 1585/1585/1585 1586/1586/1586 1584/1584/1584 
f 1586/1586/1586 1585/1585/1585 1587/1587/1587 
f 1587/1587/1587 1588/1588/1588 1586/1586/1586 
f 1588/1588/1588 1587/1587/1587 1589/1589/1589 
f 1589/1589/1589 1590/1590/1590 1588/1588/1588 
f 1590/1590/1590 1589/1589/1589 1591/1591/1591 
f 1591/1591/1591 1592/1592/1592 1590/1590/1590 
f 1592/1592/1592 1591/1591/1591 1593/1593/1593 
f 1593/1593/1593 1594/1594/1594 1592/1592/1592 
f 1594/1594/1594 1593/1593/1593 1595/1595/1595 
f 1594/1594/1594 1595/1595/1595 1596/1596/1596 
f 1597/1597/1597 1596/1596/1596 1595/1595/1595 
f 1595/1595/1595 1598/1598/1598 1597/1597/1597 
f 1595/1595/1595 1599/1599/1599 1598/1598/1598 
f 1599/1599/1599 1600/1600/1600 1598/1598/1598 
f 1600/1600/1600 1599/1599/1599 1601/1601/1601 
f 1601/1601/1601 1602/1602/1602 1600/1600/1600 
f 1602/1602/1602 1601/1601/1601 1603/1603/1603 
f 1603/1603/1603 1604/1604/1604 1602/1602/1602 
f 1604/1604/1604 1603/1603/1603 1605/1605/1605 
f 1605/1605/1605 1606/1606/1606 1604/1604/1604 
f 1606/1606/1606 1605/1605/1605 1607/1607/1607 
f 1608/1608/1608 1606/1606/1606 1607/1607/1607 
f 1606/1606/1606 1608/1608/1608 1609/1609/1609 
f 1610/1610/1610 1609/1609/1609 1608/1608/1608 
f 1609/1609/1609 1610/1610/1610 1611/1611/1611 
f 1612/1612/1612 1611/1611/1611 1610/1610/1610 
f 1611/1611/1611 1612/1612/1612 1613/1613/1613 
f 1614/1614/1614 1613/1613/1613 1612/1612/1612 
f 1613/1613/1613 1614/1614/1614 1615/1615/1615 
f 1616/1616/1616 1615/1615/1615 1614/1614/1614 
f 1615/1615/1615 1616/1616/1616 1617/1617/1617 
f 1617/1617/1617 1616/1616/1616 1618/1618/1618 
f 1618/1618/1618 1616/1616/1616 1573/1573/1573 
f 1573/1573/1573 1616/1616/1616 1571/1571/1571 
f 1619/1619/1619 1620/1620/1620 1621/1621/1621 
f 1622/1622/1622 1621/1621/1621 1620/1620/1620 
f 1623/1623/1623 1624/1624/1624 1625/1625/1625 
f 1626/1626/1626 1624/1624/1624 1623/1623/1623 
f 1624/1624/1624 1626/1626/1626 1627/1627/1627 
f 1627/1627/1627 1626/1626/1626 1628/1628/1628 
f 1629/1629/1629 1630/1630/1630 1631/1631/1631 
f 1629/1629/1629 1632/1632/1632 1630/1630/1630 
f 1629/1629/1629 1631/1631/1631 1633/1633/1633 
f 1631/1631/1631 1634/1634/1634 1633/1633/1633 
f 1634/1634/1634 1631/1631/1631 1635/1635/1635 
f 1632/1632/1632 1629/1629/1629 1636/1636/1636 
f 1632/1632/1632 1636/1636/1636 1637/1637/1637 
f 1632/1632/1632 1637/1637/1637 1638/1638/1638 
f 1638/1638/1638 1637/1637/1637 1639/1639/1639 
f 1638/1638/1638 1639/1639/1639 1640/1640/1640 
f 1639/1639/1639 1641/1641/1641 1640/1640/1640 
f 1641/1641/1641 1639/1639/1639 1642/1642/1642 
f 1641/1641/1641 1642/1642/1642 1643/1643/1643 
f 1641/1641/1641 1643/1643/1643 1644/1644/1644 
f 1643/1643/1643 1645/1645/1645 1644/1644/1644 
f 1645/1645/1645 1643/1643/1643 1646/1646/1646 
f 1647/1647/1647 1648/1648/1648 1649/1649/1649 
f 1649/1649/1649 1650/1650/1650 1647/1647/1647 
f 1649/1649/1649 1651/1651/1651 1650/1650/1650 
f 1651/1651/1651 1649/1649/1649 1652/1652/1652 
f 1653/1653/1653 1654/1654/1654 1655/1655/1655 
f 1654/1654/1654 1653/1653/1653 1656/1656/1656 
f 1657/1657/1657 1658/1658/1658 1659/1659/1659 
f 1658/1658/1658 1657/1657/1657 1660/1660/1660 
f 1661/1661/1661 1662/1662/1662 1663/1663/1663 
f 1661/1661/1661 1663/1663/1663 1664/1664/1664 
f 1665/1665/1665 1666/1666/1666 1667/1667/1667 
f 1665/1665/1665 1667/1667/1667 1668/1668/1668 
f 1669/1669/1669 1670/1670/1670 1671/1671/1671 
f 1672/1672/1672 1671/1671/1671 1670/1670/1670 
f 1669/1669/1669 1671/1671/1671 1673/1673/1673 
f 1674/1674/1674 1671/1671/1671 1672/1672/1672 
f 1673/1673/1673 1675/1675/1675 1669/1669/1669 
f 1676/1676/1676 1674/1674/1674 1672/1672/1672 
f 1675/1675/1675 1673/1673/1673 1677/1677/1677 
f 1678/1678/1678 1674/1674/1674 1676/1676/1676 
f 1677/1677/1677 1679/1679/1679 1675/1675/1675 
f 1676/1676/1676 1680/1680/1680 1678/1678/1678 
f 1679/1679/1679 1677/1677/1677 1681/1681/1681 
f 1682/1682/1682 1678/1678/1678 1680/1680/1680 
f 1681/1681/1681 1683/1683/1683 1679/1679/1679 
f 1680/1680/1680 1684/1684/1684 1682/1682/1682 
f 1683/1683/1683 1681/1681/1681 1685/1685/1685 
f 1686/1686/1686 1682/1682/1682 1684/1684/1684 
f 1685/1685/1685 1687/1687/1687 1683/1683/1683 
f 1688/1688/1688 1686/1686/1686 1684/1684/1684 
f 1687/1687/1687 1685/1685/1685 1689/1689/1689 
f 1686/1686/1686 1688/1688/1688 1690/1690/1690 
f 1687/1687/1687 1689/1689/1689 1691/1691/1691 
f 1688/1688/1688 1692/1692/1692 1690/1690/1690 
f 1693/1693/1693 1691/1691/1691 1689/1689/1689 
f 1693/1693/1693 1694/1694/1694 1691/1691/1691 
f 1693/1693/1693 1695/1695/1695 1694/1694/1694 
f 1696/1696/1696 1695/1695/1695 1693/1693/1693 
f 1696/1696/1696 1693/1693/1693 1697/1697/1697 
f 1697/1697/1697 1698/1698/1698 1696/1696/1696 
f 1698/1698/1698 1697/1697/1697 1699/1699/1699 
f 1700/1700/1700 1698/1698/1698 1699/1699/1699 
f 1699/1699/1699 1701/1701/1701 1700/1700/1700 
f 1702/1702/1702 1700/1700/1700 1701/1701/1701 
f 1701/1701/1701 1703/1703/1703 1702/1702/1702 
f 1704/1704/1704 1702/1702/1702 1703/1703/1703 
f 1703/1703/1703 1705/1705/1705 1704/1704/1704 
f 1705/1705/1705 1706/1706/1706 1704/1704/1704 
f 1707/1707/1707 1704/1704/1704 1706/1706/1706 
f 1708/1708/1708 1707/1707/1707 1706/1706/1706 
f 1707/1707/1707 1708/1708/1708 1709/1709/1709 
f 1710/1710/1710 1709/1709/1709 1708/1708/1708 
f 1709/1709/1709 1710/1710/1710 1711/1711/1711 
f 1712/1712/1712 1711/1711/1711 1710/1710/1710 
f 1711/1711/1711 1712/1712/1712 1713/1713/1713 
f 1714/1714/1714 1713/1713/1713 1712/1712/1712 
f 1713/1713/1713 1714/1714/1714 1715/1715/1715 
f 1714/1714/1714 1716/1716/1716 1715/1715/1715 
f 1714/1714/1714 1692/1692/1692 1716/1716/1716 
f 1690/1690/1690 1692/1692/1692 1714/1714/1714 
f 1717/1717/1717 1718/1718/1718 1719/1719/1719 
f 1718/1718/1718 1717/1717/1717 1720/1720/1720 
f 1721/1721/1721 1722/1722/1722 1723/1723/1723 
f 1722/1722/1722 1721/1721/1721 1724/1724/1724 
f 1725/1725/1725 1726/1726/1726 1727/1727/1727 
f 1728/1728/1728 1726/1726/1726 1725/1725/1725 
f 1726/1726/1726 1728/1728/1728 1729/1729/1729 
f 1730/1730/1730 1729/1729/1729 1728/1728/1728 
f 1731/1731/1731 1732/1732/1732 1733/1733/1733 
f 1734/1734/1734 1733/1733/1733 1732/1732/1732 
f 1732/1732/1732 1731/1731/1731 1735/1735/1735 
f 1734/1734/1734 1732/1732/1732 1736/1736/1736 
f 1737/1737/1737 1735/1735/1735 1731/1731/1731 
f 1738/1738/1738 1734/1734/1734 1736/1736/1736 
f 1735/1735/1735 1737/1737/1737 1739/1739/1739 
f 1738/1738/1738 1736/1736/1736 1740/1740/1740 
f 1741/1741/1741 1739/1739/1739 1737/1737/1737 
f 1742/1742/1742 1738/1738/1738 1740/1740/1740 
f 1739/1739/1739 1741/1741/1741 1743/1743/1743 
f 1742/1742/1742 1740/1740/1740 1744/1744/1744 
f 1741/1741/1741 1745/1745/1745 1743/1743/1743 
f 1746/1746/1746 1742/1742/1742 1744/1744/1744 
f 1745/1745/1745 1741/1741/1741 1747/1747/1747 
f 1742/1742/1742 1746/1746/1746 1748/1748/1748 
f 1747/1747/1747 1749/1749/1749 1745/1745/1745 
f 1750/1750/1750 1748/1748/1748 1746/1746/1746 
f 1749/1749/1749 1747/1747/1747 1751/1751/1751 
f 1752/1752/1752 1749/1749/1749 1751/1751/1751 
f 1749/1749/1749 1752/1752/1752 1753/1753/1753 
f 1748/1748/1748 1750/1750/1750 1754/1754/1754 
f 1755/1755/1755 1754/1754/1754 1750/1750/1750 
f 1755/1755/1755 1750/1750/1750 1756/1756/1756 
f 1757/1757/1757 1758/1758/1758 1759/1759/1759 
f 1758/1758/1758 1757/1757/1757 1760/1760/1760 
f 1761/1761/1761 1762/1762/1762 1763/1763/1763 
f 1764/1764/1764 1763/1763/1763 1762/1762/1762 
f 1765/1765/1765 1766/1766/1766 1767/1767/1767 
f 1765/1765/1765 1767/1767/1767 1768/1768/1768 
f 1766/1766/1766 1765/1765/1765 1769/1769/1769 
f 1766/1766/1766 1769/1769/1769 1770/1770/1770 
f 1771/1771/1771 1772/1772/1772 1773/1773/1773 
f 1772/1772/1772 1771/1771/1771 1774/1774/1774 
f 1775/1775/1775 1771/1771/1771 1773/1773/1773 
f 1771/1771/1771 1775/1775/1775 1776/1776/1776 
f 1777/1777/1777 1778/1778/1778 1779/1779/1779 
f 1779/1779/1779 1780/1780/1780 1777/1777/1777 
f 1781/1781/1781 1782/1782/1782 1783/1783/1783 
f 1783/1783/1783 1784/1784/1784 1781/1781/1781 
f 1785/1785/1785 1786/1786/1786 1787/1787/1787 
f 1786/1786/1786 1788/1788/1788 1787/1787/1787 
f 1785/1785/1785 1787/1787/1787 1789/1789/1789 
f 1786/1786/1786 1790/1790/1790 1788/1788/1788 
f 1791/1791/1791 1785/1785/1785 1789/1789/1789 
f 1790/1790/1790 1792/1792/1792 1788/1788/1788 
f 1785/1785/1785 1791/1791/1791 1793/1793/1793 
f 1790/1790/1790 1794/1794/1794 1792/1792/1792 
f 1795/1795/1795 1793/1793/1793 1791/1791/1791 
f 1794/1794/1794 1796/1796/1796 1792/1792/1792 
f 1793/1793/1793 1795/1795/1795 1797/1797/1797 
f 1798/1798/1798 1792/1792/1792 1796/1796/1796 
f 1796/1796/1796 1799/1799/1799 1798/1798/1798 
f 1796/1796/1796 1800/1800/1800 1799/1799/1799 
f 1801/1801/1801 1797/1797/1797 1795/1795/1795 
f 1797/1797/1797 1801/1801/1801 1802/1802/1802 
f 1803/1803/1803 1802/1802/1802 1801/1801/1801 
f 1803/1803/1803 1801/1801/1801 1804/1804/1804 
f 1805/1805/1805 1803/1803/1803 1804/1804/1804 
f 1803/1803/1803 1805/1805/1805 1806/1806/1806 
f 1807/1807/1807 1808/1808/1808 1809/1809/1809 
f 1808/1808/1808 1807/1807/1807 1810/1810/1810 
f 1809/1809/1809 1808/1808/1808 1811/1811/1811 
f 1809/1809/1809 1812/1812/1812 1807/1807/1807 
f 1812/1812/1812 1809/1809/1809 1813/1813/1813 
f 1813/1813/1813 1814/1814/1814 1812/1812/1812 
f 1814/1814/1814 1813/1813/1813 1815/1815/1815 
f 1816/1816/1816 1814/1814/1814 1815/1815/1815 
f 1814/1814/1814 1816/1816/1816 1817/1817/1817 
f 1818/1818/1818 1817/1817/1817 1816/1816/1816 
f 1817/1817/1817 1818/1818/1818 1819/1819/1819 
f 1819/1819/1819 1818/1818/1818 1820/1820/1820 
f 1820/1820/1820 1818/1818/1818 1821/1821/1821 
f 1820/1820/1820 1821/1821/1821 1822/1822/1822 
f 1822/1822/1822 1821/1821/1821 1823/1823/1823 
f 1824/1824/1824 1822/1822/1822 1823/1823/1823 
f 1822/1822/1822 1824/1824/1824 1825/1825/1825 
f 1826/1826/1826 1825/1825/1825 1824/1824/1824 
f 1825/1825/1825 1826/1826/1826 1827/1827/1827 
f 1828/1828/1828 1827/1827/1827 1826/1826/1826 
f 1827/1827/1827 1828/1828/1828 1829/1829/1829 
f 1828/1828/1828 1826/1826/1826 1830/1830/1830 
f 1831/1831/1831 1832/1832/1832 1833/1833/1833 
f 1832/1832/1832 1831/1831/1831 1834/1834/1834 
f 1835/1835/1835 1836/1836/1836 1837/1837/1837 
f 1836/1836/1836 1835/1835/1835 1838/1838/1838 
f 1839/1839/1839 1840/1840/1840 1841/1841/1841 
f 1841/1841/1841 1840/1840/1840 1842/1842/1842 
f 1842/1842/1842 1843/1843/1843 1841/1841/1841 
f 1843/1843/1843 1842/1842/1842 1844/1844/1844 
f 1845/1845/1845 1843/1843/1843 1844/1844/1844 
f 1843/1843/1843 1845/1845/1845 1846/1846/1846 
f 1845/1845/1845 1847/1847/1847 1846/1846/1846 
f 1848/1848/1848 1846/1846/1846 1847/1847/1847 
f 1849/1849/1849 1848/1848/1848 1847/1847/1847 
f 1849/1849/1849 1847/1847/1847 1850/1850/1850 
f 1851/1851/1851 1849/1849/1849 1850/1850/1850 
f 1849/1849/1849 1851/1851/1851 1852/1852/1852 
f 1851/1851/1851 1853/1853/1853 1852/1852/1852 
f 1853/1853/1853 1851/1851/1851 1854/1854/1854 
f 1855/1855/1855 1853/1853/1853 1854/1854/1854 
f 1855/1855/1855 1854/1854/1854 1856/1856/1856 
f 1857/1857/1857 1855/1855/1855 1856/1856/1856 
f 1855/1855/1855 1857/1857/1857 1858/1858/1858 
f 1858/1858/1858 1857/1857/1857 1859/1859/1859 
f 1860/1860/1860 1858/1858/1858 1859/1859/1859 
f 1861/1861/1861 1862/1862/1862 1863/1863/1863 
f 1862/1862/1862 1861/1861/1861 1864/1864/1864 
f 1863/1863/1863 1865/1865/1865 1861/1861/1861 
f 1862/1862/1862 1864/1864/1864 1866/1866/1866 
f 1867/1867/1867 1865/1865/1865 1863/1863/1863 
f 1866/1866/1866 1864/1864/1864 1868/1868/1868 
f 1867/1867/1867 1869/1869/1869 1865/1865/1865 
f 1870/1870/1870 1866/1866/1866 1868/1868/1868 
f 1866/1866/1866 1870/1870/1870 1871/1871/1871 
f 1871/1871/1871 1870/1870/1870 1872/1872/1872 
f 1872/1872/1872 1873/1873/1873 1871/1871/1871 
f 1873/1873/1873 1872/1872/1872 1874/1874/1874 
f 1874/1874/1874 1875/1875/1875 1873/1873/1873 
f 1875/1875/1875 1874/1874/1874 1876/1876/1876 
f 1877/1877/1877 1869/1869/1869 1867/1867/1867 
f 1876/1876/1876 1878/1878/1878 1875/1875/1875 
f 1879/1879/1879 1869/1869/1869 1877/1877/1877 
f 1869/1869/1869 1879/1879/1879 1880/1880/1880 
f 1881/1881/1881 1879/1879/1879 1877/1877/1877 
f 1876/1876/1876 1882/1882/1882 1878/1878/1878 
f 1882/1882/1882 1883/1883/1883 1878/1878/1878 
f 1882/1882/1882 1876/1876/1876 1884/1884/1884 
f 1885/1885/1885 1886/1886/1886 1887/1887/1887 
f 1886/1886/1886 1885/1885/1885 1888/1888/1888 
f 1889/1889/1889 1890/1890/1890 1891/1891/1891 
f 1889/1889/1889 1891/1891/1891 1892/1892/1892 
f 1889/1889/1889 1893/1893/1893 1890/1890/1890 
f 1893/1893/1893 1889/1889/1889 1894/1894/1894 
f 1895/1895/1895 1896/1896/1896 1897/1897/1897 
f 1896/1896/1896 1895/1895/1895 1898/1898/1898 
f 1895/1895/1895 1897/1897/1897 1899/1899/1899 
f 1897/1897/1897 1900/1900/1900 1899/1899/1899 
f 1901/1901/1901 1902/1902/1902 1903/1903/1903 
f 1904/1904/1904 1901/1901/1901 1903/1903/1903 
f 1903/1903/1903 1902/1902/1902 1905/1905/1905 
f 1903/1903/1903 1906/1906/1906 1904/1904/1904 
f 1907/1907/1907 1905/1905/1905 1902/1902/1902 
f 1906/1906/1906 1908/1908/1908 1904/1904/1904 
f 1905/1905/1905 1907/1907/1907 1909/1909/1909 
f 1908/1908/1908 1906/1906/1906 1910/1910/1910 
f 1911/1911/1911 1909/1909/1909 1907/1907/1907 
f 1910/1910/1910 1912/1912/1912 1908/1908/1908 
f 1909/1909/1909 1911/1911/1911 1913/1913/1913 
f 1912/1912/1912 1910/1910/1910 1914/1914/1914 
f 1915/1915/1915 1913/1913/1913 1911/1911/1911 
f 1914/1914/1914 1916/1916/1916 1912/1912/1912 
f 1913/1913/1913 1915/1915/1915 1917/1917/1917 
f 1916/1916/1916 1914/1914/1914 1918/1918/1918 
f 1919/1919/1919 1917/1917/1917 1915/1915/1915 
f 1918/1918/1918 1920/1920/1920 1916/1916/1916 
f 1917/1917/1917 1919/1919/1919 1921/1921/1921 
f 1920/1920/1920 1918/1918/1918 1922/1922/1922 
f 1919/1919/1919 1923/1923/1923 1921/1921/1921 
f 1920/1920/1920 1922/1922/1922 1924/1924/1924 
f 1923/1923/1923 1919/1919/1919 1925/1925/1925 
f 1926/1926/1926 1923/1923/1923 1925/1925/1925 
f 1927/1927/1927 1923/1923/1923 1926/1926/1926 
f 1928/1928/1928 1920/1920/1920 1924/1924/1924 
f 1924/1924/1924 1929/1929/1929 1928/1928/1928 
f 1929/1929/1929 1924/1924/1924 1930/1930/1930 
f 1931/1931/1931 1932/1932/1932 1933/1933/1933 
f 1933/1933/1933 1932/1932/1932 1934/1934/1934 
f 1935/1935/1935 1932/1932/1932 1931/1931/1931 
f 1934/1934/1934 1932/1932/1932 1936/1936/1936 
f 1937/1937/1937 1932/1932/1932 1935/1935/1935 
f 1936/1936/1936 1932/1932/1932 1937/1937/1937 
f 1938/1938/1938 1939/1939/1939 1940/1940/1940 
f 1939/1939/1939 1941/1941/1941 1940/1940/1940 
f 1942/1942/1942 1938/1938/1938 1940/1940/1940 
f 1941/1941/1941 1943/1943/1943 1940/1940/1940 
f 1944/1944/1944 1942/1942/1942 1940/1940/1940 
f 1943/1943/1943 1944/1944/1944 1940/1940/1940 
f 1945/1945/1945 1946/1946/1946 1947/1947/1947 
f 1947/1947/1947 1946/1946/1946 1948/1948/1948 
f 1949/1949/1949 1950/1950/1950 1951/1951/1951 
f 1950/1950/1950 1949/1949/1949 1952/1952/1952 
f 1953/1953/1953 1954/1954/1954 1955/1955/1955 
f 1955/1955/1955 1954/1954/1954 1956/1956/1956 
f 1957/1957/1957 1954/1954/1954 1953/1953/1953 
f 1956/1956/1956 1954/1954/1954 1958/1958/1958 
f 1959/1959/1959 1954/1954/1954 1957/1957/1957 
f 1958/1958/1958 1954/1954/1954 1959/1959/1959 
f 1960/1960/1960 1961/1961/1961 1962/1962/1962 
f 1961/1961/1961 1963/1963/1963 1962/1962/1962 
f 1964/1964/1964 1960/1960/1960 1962/1962/1962 
f 1963/1963/1963 1965/1965/1965 1962/1962/1962 
f 1966/1966/1966 1964/1964/1964 1962/1962/1962 
f 1965/1965/1965 1966/1966/1966 1962/1962/1962 
f 1967/1967/1967 1968/1968/1968 1969/1969/1969 
f 1970/1970/1970 1969/1969/1969 1968/1968/1968 
f 1969/1969/1969 1971/1971/1971 1967/1967/1967 
f 1969/1969/1969 1970/1970/1970 1972/1972/1972 
f 1973/1973/1973 1967/1967/1967 1971/1971/1971 
f 1974/1974/1974 1972/1972/1972 1970/1970/1970 
f 1973/1973/1973 1971/1971/1971 1975/1975/1975 
f 1972/1972/1972 1974/1974/1974 1976/1976/1976 
f 1977/1977/1977 1973/1973/1973 1975/1975/1975 
f 1978/1978/1978 1976/1976/1976 1974/1974/1974 
f 1973/1973/1973 1977/1977/1977 1979/1979/1979 
f 1974/1974/1974 1980/1980/1980 1978/1978/1978 
f 1981/1981/1981 1979/1979/1979 1977/1977/1977 
f 1980/1980/1980 1981/1981/1981 1978/1978/1978 
f 1979/1979/1979 1981/1981/1981 1982/1982/1982 
f 1980/1980/1980 1982/1982/1982 1981/1981/1981 
f 1983/1983/1983 1984/1984/1984 1985/1985/1985 
f 1985/1985/1985 1986/1986/1986 1983/1983/1983 
f 1985/1985/1985 1984/1984/1984 1987/1987/1987 
f 1986/1986/1986 1985/1985/1985 1988/1988/1988 
f 1989/1989/1989 1987/1987/1987 1984/1984/1984 
f 1988/1988/1988 1990/1990/1990 1986/1986/1986 
f 1991/1991/1991 1987/1987/1987 1989/1989/1989 
f 1990/1990/1990 1988/1988/1988 1992/1992/1992 
f 1989/1989/1989 1993/1993/1993 1991/1991/1991 
f 1994/1994/1994 1990/1990/1990 1992/1992/1992 
f 1993/1993/1993 1989/1989/1989 1995/1995/1995 
f 1996/1996/1996 1990/1990/1990 1994/1994/1994 
f 1995/1995/1995 1997/1997/1997 1993/1993/1993 
f 1994/1994/1994 1997/1997/1997 1996/1996/1996 
f 1997/1997/1997 1995/1995/1995 1998/1998/1998 
f 1996/1996/1996 1997/1997/1997 1998/1998/1998 
f 1999/1999/1999 2000/2000/2000 2001/2001/2001 
f 2000/2000/2000 1999/1999/1999 2002/2002/2002 
f 1999/1999/1999 2001/2001/2001 2003/2003/2003 
f 2004/2004/2004 2000/2000/2000 2002/2002/2002 
f 2001/2001/2001 2005/2005/2005 2003/2003/2003 
f 2000/2000/2000 2004/2004/2004 2006/2006/2006 
f 2007/2007/2007 2006/2006/2006 2004/2004/2004 
f 2006/2006/2006 2007/2007/2007 2008/2008/2008 
f 2009/2009/2009 2003/2003/2003 2005/2005/2005 
f 2003/2003/2003 2009/2009/2009 2010/2010/2010 
f 2010/2010/2010 2009/2009/2009 2011/2011/2011 
f 2012/2012/2012 2011/2011/2011 2009/2009/2009 
f 2013/2013/2013 2011/2011/2011 2012/2012/2012 
f 2011/2011/2011 2013/2013/2013 2014/2014/2014 
f 2014/2014/2014 2013/2013/2013 2015/2015/2015 
f 2016/2016/2016 2015/2015/2015 2013/2013/2013 

g Handle3

v -31.6523 4.03429 -32.5382 
v -31.6332 4.05309 -32.5995 
v -31.5583 4.00136 -32.6225 
v -31.5747 3.96652 -32.5615 
v -31.5169 3.95115 -32.586 
v -31.5583 4.00136 -32.6225 
v -31.503 3.98547 -32.6466 
v -31.5747 3.96652 -32.5615 
v -30.6079 4.00136 -32.6225 
v -30.6493 3.95115 -32.586 
v -30.6631 3.98547 -32.6466 
v -30.5914 3.96652 -32.5615 
v -30.5665 4.02414 -31.7163 
v -30.5778 3.94873 -31.8488 
v -30.4913 4.02345 -31.8487 
v -30.6414 3.9493 -31.7125 
v -30.6414 3.9493 -31.7125 
v -30.66 4.02604 -31.6355 
v -30.7215 3.95115 -31.6346 
v -30.5665 4.02414 -31.7163 
v -31.6332 4.05309 -32.5995 
v -31.7102 4.11889 -32.531 
v -31.6905 4.13631 -32.5922 
v -31.6523 4.03429 -32.5382 
v -30.533 4.05309 -32.5995 
v -30.4756 4.13631 -32.5922 
v -30.456 4.11889 -32.531 
v -30.5138 4.03429 -32.5382 
v -31.6869 4.01988 -32.4135 
v -31.6329 3.93896 -32.2625 
v -31.7066 4.01947 -32.2649 
v -31.61 3.94128 -32.442 
v -31.5542 3.92447 -32.4606 
v -31.5747 3.96652 -32.5615 
v -31.5169 3.95115 -32.586 
v -31.61 3.94128 -32.442 
v -30.5914 3.96652 -32.5615 
v -30.612 3.92447 -32.4606 
v -30.6493 3.95115 -32.586 
v -30.5562 3.94128 -32.442 
v -30.4792 4.01988 -32.4135 
v -30.5332 3.93896 -32.2625 
v -30.5562 3.94128 -32.442 
v -30.4595 4.01947 -32.2649 
v -31.6523 4.03429 -32.5382 
v -31.61 3.94128 -32.442 
v -31.6869 4.01988 -32.4135 
v -31.5747 3.96652 -32.5615 
v -31.5787 3.9217 -32.2616 
v -31.5542 3.92447 -32.4606 
v -31.6329 3.93896 -32.2625 
v -31.5787 3.9217 -32.2616 
v -31.6212 3.94296 -32.1345 
v -31.5705 3.92432 -32.1358 
v -31.517 3.9493 -31.7162 
v -31.506 4.02604 -31.6354 
v -31.5641 4.02414 -31.7281 
v -31.449 3.95115 -31.6308 
v -31.449 3.95115 -31.6308 
v -31.4014 4.02655 -31.5688 
v -31.358 3.95165 -31.5833 
v -30.8888 3.95093 -32.6987 
v -31.0831 3.90458 -32.6417 
v -31.0831 3.94227 -32.7009 
v -30.8749 3.91377 -32.6393 
v -30.5778 3.94873 -31.8488 
v -30.6414 3.9493 -31.7125 
v -30.6714 3.92784 -31.7623 
v -30.6119 3.92734 -31.8805 
v -31.358 3.95165 -31.5833 
v -31.2673 3.95319 -31.5391 
v -31.2947 4.02819 -31.5194 
v -31.4014 4.02655 -31.5688 
v -31.3653 3.88407 -32.5134 
v -31.5169 3.95115 -32.586 
v -31.2912 3.91377 -32.6393 
v -31.5542 3.92447 -32.4606 
v -31.517 3.9493 -31.7162 
v -31.5664 3.94873 -31.8523 
v -31.4829 3.92784 -31.7671 
v -31.5377 3.92734 -31.8822 
v -30.4595 4.01947 -32.2649 
v -30.545 3.94296 -32.1345 
v -30.5332 3.93896 -32.2625 
v -30.4748 4.01947 -32.1311 
v -31.5664 3.94873 -31.8523 
v -31.5641 4.02414 -31.7281 
v -31.624 4.02348 -31.8534 
v -31.517 3.9493 -31.7162 
v -31.6834 4.01947 -31.9975 
v -31.5664 3.94873 -31.8523 
v -31.6095 3.94697 -32.0064 
v -31.6834 4.01947 -31.9975 
v -31.6212 3.94296 -32.1345 
v -31.7003 4.01947 -32.134 
v -31.7066 4.01947 -32.2649 
v -31.6212 3.94296 -32.1345 
v -31.6329 3.93896 -32.2625 
v -30.6493 3.95115 -32.586 
v -30.8008 3.88407 -32.5134 
v -30.8749 3.91377 -32.6393 
v -30.612 3.92447 -32.4606 
v -30.5138 4.03429 -32.5382 
v -30.5562 3.94128 -32.442 
v -30.5914 3.96652 -32.5615 
v -30.4792 4.01988 -32.4135 
v -30.5875 3.9217 -32.2616 
v -30.612 3.92447 -32.4606 
v -30.5332 3.93896 -32.2625 
v -30.545 3.94296 -32.1345 
v -30.5875 3.9217 -32.2616 
v -30.5956 3.92432 -32.1358 
v -30.545 3.94296 -32.1345 
v -30.5928 3.92695 -32.0118 
v -30.5385 3.94697 -32.009 
v -30.456 4.11889 -32.531 
v -30.4165 4.10486 -32.4065 
v -30.5138 4.03429 -32.5382 
v -30.4792 4.01988 -32.4135 
v -30.4595 4.01947 -32.2649 
v -30.3991 4.10581 -32.2575 
v -30.3991 4.10581 -32.2575 
v -30.4748 4.01947 -32.1311 
v -30.4137 4.11322 -32.1269 
v -30.5385 3.94697 -32.009 
v -30.545 3.94296 -32.1345 
v -30.4631 4.01947 -31.9996 
v -30.4913 4.02345 -31.8487 
v -30.5385 3.94697 -32.009 
v -30.5778 3.94873 -31.8488 
v -31.449 3.95115 -31.6308 
v -31.517 3.9493 -31.7162 
v -31.4201 3.92972 -31.6897 
v -31.4829 3.92784 -31.7671 
v -30.5385 3.94697 -32.009 
v -30.5778 3.94873 -31.8488 
v -30.6119 3.92734 -31.8805 
v -30.5928 3.92695 -32.0118 
v -30.545 5.0224 -32.6571 
v -30.4506 4.98499 -32.5759 
v -30.4828 4.95895 -32.6271 
v -30.5243 5.04969 -32.5965 
v -31.5623 3.92695 -32.01 
v -31.5377 3.92734 -31.8822 
v -31.6095 3.94697 -32.0064 
v -31.5664 3.94873 -31.8523 
v -31.6095 3.94697 -32.0064 
v -31.5705 3.92432 -32.1358 
v -31.6212 3.94296 -32.1345 
v -31.6796 4.95897 -32.6227 
v -31.7042 4.98827 -32.5615 
v -31.6419 5.04969 -32.5965 
v -31.6212 5.0224 -32.6571 
v -31.358 3.95165 -31.5833 
v -31.449 3.95115 -31.6308 
v -31.3295 3.9303 -31.6462 
v -31.4201 3.92972 -31.6897 
v -30.8675 3.88396 -31.7995 
v -30.8456 3.9303 -31.6566 
v -30.8994 3.88412 -31.7748 
v -30.7492 3.92972 -31.6921 
v -31.4201 3.92972 -31.6897 
v -31.2986 3.88396 -31.7995 
v -31.3295 3.9303 -31.6462 
v -31.2668 3.88412 -31.7748 
v -30.5138 4.03429 -32.5382 
v -30.6079 4.00136 -32.6225 
v -30.533 4.05309 -32.5995 
v -30.5914 3.96652 -32.5615 
v -30.6316 4.0498 -32.6329 
v -30.5613 4.11391 -32.6117 
v -30.6079 4.00136 -32.6225 
v -31.2461 3.93186 -31.6057 
v -31.358 3.95165 -31.5833 
v -31.3295 3.9303 -31.6462 
v -31.2673 3.95319 -31.5391 
v -30.6714 3.92784 -31.7623 
v -30.7492 3.92972 -31.6921 
v -30.8051 3.88175 -31.8461 
v -30.8675 3.88396 -31.7995 
v -30.7215 3.95115 -31.6346 
v -30.7754 4.02655 -31.5811 
v -30.8208 3.95165 -31.5994 
v -30.66 4.02604 -31.6355 
v -31.2912 3.91377 -32.6393 
v -31.503 3.98547 -32.6466 
v -31.2773 3.95093 -32.6987 
v -31.5169 3.95115 -32.586 
v -31.2773 3.95093 -32.6987 
v -31.4807 4.03592 -32.6554 
v -31.2646 4.00408 -32.7044 
v -30.6631 3.98547 -32.6466 
v -30.8749 3.91377 -32.6393 
v -30.8888 3.95093 -32.6987 
v -30.6493 3.95115 -32.586 
v -30.8888 3.95093 -32.6987 
v -30.6855 4.03592 -32.6554 
v -30.9015 4.00408 -32.7044 
v -31.7102 4.11889 -32.531 
v -31.6869 4.01988 -32.4135 
v -31.7106 4.10485 -32.3738 
v -31.6523 4.03429 -32.5382 
v -30.5665 4.02414 -31.7163 
v -30.6367 4.12402 -31.6128 
v -30.66 4.02604 -31.6355 
v -30.5331 4.12212 -31.6991 
v -30.5665 4.02414 -31.7163 
v -30.4534 4.12141 -31.8434 
v -30.4913 4.02345 -31.8487 
v -30.4176 4.12064 -31.9922 
v -30.4534 4.12141 -31.8434 
v -30.4631 4.01947 -31.9996 
v -30.4631 4.01947 -31.9996 
v -30.4137 4.11322 -32.1269 
v -30.4748 4.01947 -32.1311 
v -31.0831 3.90458 -32.6417 
v -31.2773 3.95093 -32.6987 
v -31.0831 3.94227 -32.7009 
v -31.2912 3.91377 -32.6393 
v -31.2773 3.95093 -32.6987 
v -31.2646 4.00408 -32.7044 
v -31.0831 3.99567 -32.7065 
v -31.083 3.93664 -31.5908 
v -31.1729 3.95532 -31.5295 
v -31.1609 3.9339 -31.5984 
v -31.083 3.95842 -31.5191 
v -31.2461 3.93186 -31.6057 
v -31.1729 3.95532 -31.5295 
v -31.083 3.93664 -31.5908 
v -30.9968 3.95532 -31.5459 
v -31.0075 3.9339 -31.6085 
v -30.9261 3.93186 -31.6179 
v -30.9968 3.95532 -31.5459 
v -30.9074 3.95319 -31.5575 
v -30.9261 3.93186 -31.6179 
v -30.8208 3.95165 -31.5994 
v -30.8456 3.9303 -31.6566 
v -30.7492 3.92972 -31.6921 
v -30.8208 3.95165 -31.5994 
v -30.7215 3.95115 -31.6346 
v -30.6414 3.9493 -31.7125 
v -30.7492 3.92972 -31.6921 
v -30.6714 3.92784 -31.7623 
v -30.8208 3.95165 -31.5994 
v -30.8841 4.02819 -31.5442 
v -30.9074 3.95319 -31.5575 
v -30.7754 4.02655 -31.5811 
v -30.4828 4.95895 -32.6271 
v -30.4045 4.8489 -32.5692 
v -30.4342 4.8255 -32.6274 
v -30.4506 4.98499 -32.5759 
v -30.3984 4.742 -32.5711 
v -30.4342 4.8255 -32.6274 
v -30.4292 4.72837 -32.6275 
v -31.2673 3.95319 -31.5391 
v -31.1729 3.95532 -31.5295 
v -31.1851 4.03046 -31.5062 
v -31.2947 4.02819 -31.5194 
v -30.4506 4.98499 -32.5759 
v -30.3737 4.88715 -32.4473 
v -30.4045 4.8489 -32.5692 
v -30.4064 4.99849 -32.4435 
v -30.4756 4.13631 -32.5922 
v -30.4348 4.28564 -32.5904 
v -30.4154 4.28257 -32.5287 
v -30.456 4.11889 -32.531 
v -30.66 4.02604 -31.6355 
v -30.7598 4.12454 -31.5533 
v -30.7754 4.02655 -31.5811 
v -30.6367 4.12402 -31.6128 
v -31.5586 5.05643 -32.6671 
v -31.4799 5.12108 -32.6522 
v -31.4746 5.08826 -32.702 
v -31.5727 5.08735 -32.6075 
v -30.612 3.92447 -32.4606 
v -30.7328 3.87619 -32.2598 
v -30.8008 3.88407 -32.5134 
v -30.5875 3.9217 -32.2616 
v -31.1729 3.95532 -31.5295 
v -31.083 3.95842 -31.5191 
v -31.083 4.03374 -31.4937 
v -31.1851 4.03046 -31.5062 
v -30.9968 3.95532 -31.5459 
v -31.083 4.03374 -31.4937 
v -30.9864 4.03046 -31.5288 
v -30.6075 5.05643 -32.6671 
v -30.6916 5.08826 -32.702 
v -30.6863 5.12108 -32.6522 
v -30.5935 5.08735 -32.6075 
v -31.6212 5.0224 -32.6571 
v -31.5727 5.08735 -32.6075 
v -31.5586 5.05643 -32.6671 
v -31.6419 5.04969 -32.5965 
v -31.083 4.03374 -31.4937 
v -31.1894 4.12847 -31.4738 
v -31.1851 4.03046 -31.5062 
v -31.083 4.13178 -31.462 
v -31.2947 4.02819 -31.5194 
v -31.1894 4.12847 -31.4738 
v -31.3066 4.12618 -31.4849 
v -31.083 4.03374 -31.4937 
v -30.9815 4.12847 -31.495 
v -30.9864 4.03046 -31.5288 
v -30.8841 4.02819 -31.5442 
v -30.9815 4.12847 -31.495 
v -30.8759 4.12618 -31.5177 
v -30.545 5.0224 -32.6571 
v -30.6075 5.05643 -32.6671 
v -30.5935 5.08735 -32.6075 
v -30.5243 5.04969 -32.5965 
v -30.5243 5.04969 -32.5965 
v -30.491 5.07732 -32.4453 
v -30.4506 4.98499 -32.5759 
v -30.4064 4.99849 -32.4435 
v -31.1924 5.11851 -32.7795 
v -31.0831 5.15369 -32.7388 
v -31.0831 5.12131 -32.7899 
v -31.1868 5.15066 -32.7288 
v -31.0831 5.12131 -32.7899 
v -31.1734 5.06973 -32.7909 
v -31.0831 5.07039 -32.7986 
v -30.8955 5.11212 -32.7731 
v -30.9793 5.15066 -32.7288 
v -30.8927 5.14414 -32.7217 
v -30.9737 5.11851 -32.7795 
v -30.9053 5.0649 -32.7836 
v -30.9737 5.11851 -32.7795 
v -30.9928 5.06973 -32.7909 
v -30.7754 4.02655 -31.5811 
v -30.8759 4.12618 -31.5177 
v -30.8841 4.02819 -31.5442 
v -30.7598 4.12454 -31.5533 
v -31.4746 5.08826 -32.702 
v -31.4105 5.12963 -32.6678 
v -31.4066 5.09713 -32.7183 
v -31.4799 5.12108 -32.6522 
v -31.4066 5.09713 -32.7183 
v -31.4613 5.04074 -32.7128 
v -31.3935 5.04985 -32.7296 
v -31.3412 5.13818 -32.6927 
v -31.3387 5.10599 -32.7436 
v -31.4105 5.12963 -32.6678 
v -31.3387 5.10599 -32.7436 
v -31.3935 5.04985 -32.7296 
v -31.3258 5.05894 -32.7554 
v -30.8275 5.10599 -32.7436 
v -30.8927 5.14414 -32.7217 
v -30.8249 5.13818 -32.6927 
v -30.8955 5.11212 -32.7731 
v -30.8404 5.05894 -32.7554 
v -30.8955 5.11212 -32.7731 
v -30.9053 5.0649 -32.7836 
v -30.456 4.11889 -32.531 
v -30.4154 4.28257 -32.5287 
v -30.3761 4.27381 -32.4041 
v -30.4165 4.10486 -32.4065 
v -30.3761 4.27381 -32.4041 
v -30.3991 4.10581 -32.2575 
v -30.3359 4.2866 -32.2718 
v -30.3991 4.10581 -32.2575 
v -30.3548 4.28867 -32.1339 
v -30.4137 4.11322 -32.1269 
v -30.3548 4.28867 -32.1339 
v -30.4176 4.12064 -31.9922 
v -30.3823 4.29073 -31.9921 
v -30.4318 4.47632 -32.5925 
v -30.4173 4.60235 -32.6166 
v -30.41 4.60956 -32.5384 
v -30.4125 4.47711 -32.5309 
v -30.4633 4.7178 -32.6348 
v -30.4506 4.59802 -32.6236 
v -30.4292 4.72837 -32.6275 
v -30.4678 4.80937 -32.6356 
v -30.4342 4.8255 -32.6274 
v -30.4292 4.72837 -32.6275 
v -30.41 4.60956 -32.5384 
v -30.3984 4.742 -32.5711 
v -31.0829 3.8477 -32.1493 
v -30.741 3.87882 -32.134 
v -30.7492 3.88144 -32.0082 
v -30.7645 3.88169 -31.9284 
v -30.8051 3.88175 -31.8461 
v -30.5928 3.92695 -32.0118 
v -30.5956 3.92432 -32.1358 
v -30.6119 3.92734 -31.8805 
v -30.7645 3.88169 -31.9284 
v -30.6714 3.92784 -31.7623 
v -30.8051 3.88175 -31.8461 
v -31.3387 5.10599 -32.7436 
v -31.2735 5.14414 -32.7217 
v -31.2706 5.11212 -32.7731 
v -31.3412 5.13818 -32.6927 
v -30.6916 5.08826 -32.702 
v -30.7595 5.09713 -32.7183 
v -30.7556 5.12963 -32.6678 
v -30.6863 5.12108 -32.6522 
v -30.7595 5.09713 -32.7183 
v -30.8249 5.13818 -32.6927 
v -30.8275 5.10599 -32.7436 
v -30.5371 4.90756 -31.6995 
v -30.6688 5.01325 -31.6379 
v -30.6319 4.91254 -31.6051 
v -30.5835 5.01209 -31.7231 
v -30.6688 5.01325 -31.6379 
v -30.7587 4.90721 -31.5318 
v -30.7841 5.00792 -31.5747 
v -31.0833 3.8477 -32.1493 
v -31.417 3.88144 -32.0082 
v -31.4252 3.87882 -32.134 
v -31.5623 3.92695 -32.01 
v -31.5705 3.92432 -32.1358 
v -31.0831 3.88988 -31.7107 
v -31.1703 3.88514 -31.7212 
v -31.2185 3.88463 -31.748 
v -31.2668 3.88412 -31.7748 
v -31.4016 3.88169 -31.9284 
v -31.3611 3.88175 -31.8461 
v -31.417 3.88144 -32.0082 
v -31.5377 3.92734 -31.8822 
v -31.5623 3.92695 -32.01 
v -31.3611 3.88175 -31.8461 
v -31.4016 3.88169 -31.9284 
v -31.4829 3.92784 -31.7671 
v -31.3611 3.88175 -31.8461 
v -31.4201 3.92972 -31.6897 
v -31.2986 3.88396 -31.7995 
v -31.1703 3.88514 -31.7212 
v -31.2461 3.93186 -31.6057 
v -31.1609 3.9339 -31.5984 
v -31.0831 3.88988 -31.7107 
v -31.083 3.93664 -31.5908 
v -31.0075 3.9339 -31.6085 
v -30.9958 3.88514 -31.7212 
v -30.9261 3.93186 -31.6179 
v -30.9476 3.88463 -31.748 
v -31.3295 3.9303 -31.6462 
v -31.2185 3.88463 -31.748 
v -31.2668 3.88412 -31.7748 
v -30.9476 3.88463 -31.748 
v -30.8456 3.9303 -31.6566 
v -30.8994 3.88412 -31.7748 
v -31.0829 3.8477 -32.1493 
v -30.8994 3.88412 -31.7748 
v -30.9958 3.88514 -31.7212 
v -31.0831 3.88988 -31.7107 
v -31.7374 4.39523 -32.5908 
v -31.7537 4.47711 -32.5309 
v -31.7344 4.47632 -32.5925 
v -31.7385 4.39437 -32.5103 
v -31.7537 4.47711 -32.5309 
v -31.7269 4.6025 -32.594 
v -31.7645 4.61283 -32.5468 
v -31.7098 4.73267 -32.5956 
v -31.736 4.7528 -32.5344 
v -31.7269 4.6025 -32.594 
v -31.2775 5.01138 -31.5406 
v -31.3537 5.07089 -31.6273 
v -31.3819 5.00792 -31.5747 
v -31.2647 5.07592 -31.5904 
v -31.4072 4.90721 -31.5318 
v -31.4972 5.01325 -31.6379 
v -31.534 4.91254 -31.6051 
v -31.4972 5.01325 -31.6379 
v -31.6287 4.90756 -31.6995 
v -31.5825 5.01209 -31.7231 
v -31.4334 3.87619 -32.2598 
v -31.5705 3.92432 -32.1358 
v -31.5787 3.9217 -32.2616 
v -31.4252 3.87882 -32.134 
v -31.0833 3.8477 -32.1493 
v -31.2986 3.88396 -31.7995 
v -31.2668 3.88412 -31.7748 
v -31.3611 3.88175 -31.8461 
v -30.4479 4.90471 -31.8405 
v -30.5835 5.01209 -31.7231 
v -30.5371 4.90756 -31.6995 
v -30.5075 5.01605 -31.8517 
v -31.2706 5.11212 -32.7731 
v -31.1868 5.15066 -32.7288 
v -31.1924 5.11851 -32.7795 
v -31.2735 5.14414 -32.7217 
v -31.1781 5.01632 -31.5126 
v -31.2647 5.07592 -31.5904 
v -31.2775 5.01138 -31.5406 
v -31.1738 5.08181 -31.5658 
v -30.9737 5.11851 -32.7795 
v -31.0831 5.15369 -32.7388 
v -30.9793 5.15066 -32.7288 
v -31.0831 5.12131 -32.7899 
v -30.491 5.07732 -32.4453 
v -30.4738 5.07813 -32.2991 
v -30.4064 4.99849 -32.4435 
v -30.3942 5.01438 -32.2871 
v -31.7042 4.98827 -32.5615 
v -31.6948 5.01202 -32.38 
v -31.6576 5.08133 -32.4237 
v -31.6419 5.04969 -32.5965 
v -31.3653 3.88407 -32.5134 
v -31.0831 3.87513 -32.5158 
v -31.0833 3.8477 -32.1493 
v -31.4334 3.87619 -32.2598 
v -31.3653 3.88407 -32.5134 
v -31.0833 3.8477 -32.1493 
v -30.8008 3.88407 -32.5134 
v -31.0829 3.8477 -32.1493 
v -31.0831 3.87513 -32.5158 
v -31.0831 5.14021 -31.6151 
v -31.1691 5.13546 -31.6315 
v -31.1738 5.08181 -31.5658 
v -31.0831 5.08735 -31.5481 
v -31.0831 5.0224 -31.4934 
v -30.9923 5.08181 -31.5658 
v -30.988 5.01632 -31.5126 
v -30.9923 5.08181 -31.5658 
v -31.0831 5.14021 -31.6151 
v -30.997 5.13546 -31.6315 
v -31.1738 5.08181 -31.5658 
v -31.0831 5.0224 -31.4934 
v -31.1781 5.01632 -31.5126 
v -31.6419 5.04969 -32.5965 
v -31.6004 5.11491 -32.4697 
v -31.5727 5.08735 -32.6075 
v -31.6576 5.08133 -32.4237 
v -30.4348 4.28564 -32.5904 
v -30.4287 4.39523 -32.5908 
v -30.4092 4.39437 -32.529 
v -30.4154 4.28257 -32.5287 
v -30.988 5.01632 -31.5126 
v -30.9015 5.07592 -31.5904 
v -30.9923 5.08181 -31.5658 
v -30.8886 5.01138 -31.5406 
v -31.2919 4.9055 -31.4999 
v -31.3819 5.00792 -31.5747 
v -31.4072 4.90721 -31.5318 
v -31.2775 5.01138 -31.5406 
v -30.9074 3.95319 -31.5575 
v -30.9864 4.03046 -31.5288 
v -30.9968 3.95532 -31.5459 
v -30.8841 4.02819 -31.5442 
v -31.6869 4.01988 -32.4135 
v -31.7066 4.01947 -32.2649 
v -31.7106 4.10485 -32.3738 
v -31.735 4.10581 -32.2357 
v -31.4486 5.07495 -31.6811 
v -31.5266 5.07682 -31.7576 
v -31.4972 5.01325 -31.6379 
v -31.5825 5.01209 -31.7231 
v -31.5558 4.77312 -31.5841 
v -31.4227 4.77243 -31.5134 
v -31.534 4.91254 -31.6051 
v -31.4072 4.90721 -31.5318 
v -30.8125 5.07089 -31.6273 
v -30.8886 5.01138 -31.5406 
v -30.7841 5.00792 -31.5747 
v -30.9015 5.07592 -31.5904 
v -31.4486 5.07495 -31.6811 
v -31.3819 5.00792 -31.5747 
v -31.3537 5.07089 -31.6273 
v -31.4972 5.01325 -31.6379 
v -31.735 4.10581 -32.2357 
v -31.7003 4.01947 -32.134 
v -31.7153 4.11322 -32.1094 
v -31.7066 4.01947 -32.2649 
v -31.7085 4.90471 -31.8407 
v -31.5825 5.01209 -31.7231 
v -31.6586 5.01605 -31.8517 
v -31.6287 4.90756 -31.6995 
v -31.6 5.08353 -31.8649 
v -31.6563 5.02342 -32.0003 
v -31.6166 5.08819 -32.0222 
v -31.5825 5.01209 -31.7231 
v -31.6 5.08353 -31.8649 
v -31.5266 5.07682 -31.7576 
v -30.5935 5.08735 -32.6075 
v -30.5659 5.1149 -32.4697 
v -30.5243 5.04969 -32.5965 
v -30.491 5.07732 -32.4453 
v -30.6688 5.01325 -31.6379 
v -30.5835 5.01209 -31.7231 
v -30.6395 5.07682 -31.7576 
v -30.7176 5.07495 -31.6811 
v -30.7176 5.07495 -31.6811 
v -30.8125 5.07089 -31.6273 
v -30.7841 5.00792 -31.5747 
v -30.6688 5.01325 -31.6379 
v -30.8792 4.9055 -31.508 
v -30.7841 5.00792 -31.5747 
v -30.8886 5.01138 -31.5406 
v -30.7587 4.90721 -31.5318 
v -30.4139 4.90769 -32.005 
v -30.4564 5.02292 -32.0144 
v -30.5075 5.01605 -31.8517 
v -30.4479 4.90471 -31.8405 
v -31.2537 5.13102 -31.653 
v -31.3338 5.12686 -31.6849 
v -31.3537 5.07089 -31.6273 
v -31.2647 5.07592 -31.5904 
v -31.1691 5.13546 -31.6315 
v -31.2537 5.13102 -31.653 
v -31.2647 5.07592 -31.5904 
v -31.1738 5.08181 -31.5658 
v -30.4064 4.99849 -32.4435 
v -30.3746 4.90159 -32.2637 
v -30.3737 4.88715 -32.4473 
v -30.3942 5.01438 -32.2871 
v -30.3746 4.90159 -32.2637 
v -30.4234 5.02417 -32.1481 
v -30.3894 4.91045 -32.1295 
v -30.9923 5.08181 -31.5658 
v -30.9015 5.07592 -31.5904 
v -30.997 5.13546 -31.6315 
v -30.9124 5.13102 -31.653 
v -31.6115 5.12918 -32.3206 
v -31.6004 5.11491 -32.4697 
v -31.6576 5.08133 -32.4237 
v -31.6516 5.08319 -32.2656 
v -30.9015 5.07592 -31.5904 
v -30.8125 5.07089 -31.6273 
v -30.9124 5.13102 -31.653 
v -30.8324 5.12686 -31.6849 
v -31.736 4.7528 -32.5344 
v -31.7051 4.82755 -32.5968 
v -31.7098 4.73267 -32.5956 
v -31.7116 4.85886 -32.5122 
v -30.3894 4.91045 -32.1295 
v -30.4234 5.02417 -32.1481 
v -30.4564 5.02292 -32.0144 
v -30.4139 4.90769 -32.005 
v -30.4287 4.39523 -32.5908 
v -30.4318 4.47632 -32.5925 
v -30.4125 4.47711 -32.5309 
v -30.4092 4.39437 -32.529 
v -31.0831 3.87513 -32.5158 
v -31.2912 3.91377 -32.6393 
v -31.0831 3.90458 -32.6417 
v -31.3653 3.88407 -32.5134 
v -30.8749 3.91377 -32.6393 
v -31.0831 3.87513 -32.5158 
v -30.8008 3.88407 -32.5134 
v -31.4334 3.87619 -32.2598 
v -31.5542 3.92447 -32.4606 
v -31.5787 3.9217 -32.2616 
v -30.7328 3.87619 -32.2598 
v -31.0829 3.8477 -32.1493 
v -30.8994 3.88412 -31.7748 
v -30.8675 3.88396 -31.7995 
v -30.8051 3.88175 -31.8461 
v -30.7328 3.87619 -32.2598 
v -30.741 3.87882 -32.134 
v -30.5956 3.92432 -32.1358 
v -30.5875 3.9217 -32.2616 
v -31.4083 5.12583 -31.7332 
v -31.472 5.12662 -31.7958 
v -31.4486 5.07495 -31.6811 
v -31.5266 5.07682 -31.7576 
v -31.4486 5.07495 -31.6811 
v -31.3338 5.12686 -31.6849 
v -31.3537 5.07089 -31.6273 
v -31.6948 5.01202 -32.38 
v -31.6516 5.08319 -32.2656 
v -31.6576 5.08133 -32.4237 
v -31.692 5.02759 -32.2322 
v -31.7537 4.47711 -32.5309 
v -31.7992 4.63109 -32.423 
v -31.7645 4.61283 -32.5468 
v -31.7678 4.48084 -32.3948 
v -30.7176 5.07495 -31.6811 
v -30.6395 5.07682 -31.7576 
v -30.6941 5.12662 -31.7958 
v -30.7578 5.12583 -31.7332 
v -30.8324 5.12686 -31.6849 
v -30.7176 5.07495 -31.6811 
v -30.8125 5.07089 -31.6273 
v -31.7034 4.12082 -31.9816 
v -31.624 4.02348 -31.8534 
v -31.6398 4.12172 -31.8416 
v -31.6834 4.01947 -31.9975 
v -31.5979 5.14094 -32.1945 
v -31.6516 5.08319 -32.2656 
v -31.6332 5.09008 -32.1445 
v -31.6115 5.12918 -32.3206 
v -30.5835 5.01209 -31.7231 
v -30.5075 5.01605 -31.8517 
v -30.5662 5.08353 -31.8649 
v -30.6395 5.07682 -31.7576 
v -30.4564 5.02292 -32.0144 
v -30.5662 5.08353 -31.8649 
v -30.5162 5.08811 -32.033 
v -30.4234 5.02417 -32.1481 
v -30.4564 5.02292 -32.0144 
v -30.4916 5.08825 -32.1678 
v -30.3942 5.01438 -32.2871 
v -30.4916 5.08825 -32.1678 
v -30.4738 5.07813 -32.2991 
v -31.472 5.12662 -31.7958 
v -31.5375 5.13282 -31.8868 
v -31.5266 5.07682 -31.7576 
v -31.6 5.08353 -31.8649 
v -31.5375 5.13282 -31.8868 
v -31.6166 5.08819 -32.0222 
v -31.5769 5.14363 -32.0591 
v -31.7992 4.63109 -32.423 
v -31.736 4.7528 -32.5344 
v -31.7645 4.61283 -32.5468 
v -31.7489 4.78363 -32.394 
v -31.0834 4.41416 -31.4352 
v -31.1851 4.50097 -31.4691 
v -31.1875 4.41085 -31.4623 
v -31.0837 4.50428 -31.4526 
v -31.0829 4.30275 -31.4272 
v -31.1866 4.29944 -31.4718 
v -31.0834 4.41416 -31.4352 
v -31.0834 4.41416 -31.4352 
v -30.9829 4.50097 -31.4716 
v -30.9779 4.41085 -31.4563 
v -31.0829 4.30275 -31.4272 
v -30.9779 4.41085 -31.4563 
v -30.9735 4.29944 -31.4487 
v -31.083 4.13178 -31.462 
v -30.9815 4.12847 -31.495 
v -31.0829 4.30275 -31.4272 
v -30.8759 4.12618 -31.5177 
v -30.9735 4.29944 -31.4487 
v -30.8571 4.29715 -31.4713 
v -31.1866 4.29944 -31.4718 
v -31.083 4.13178 -31.462 
v -31.1894 4.12847 -31.4738 
v -31.692 5.02759 -32.2322 
v -31.6332 5.09008 -32.1445 
v -31.6516 5.08319 -32.2656 
v -31.6735 5.03304 -32.1147 
v -31.5769 5.14363 -32.0591 
v -31.6332 5.09008 -32.1445 
v -31.6166 5.08819 -32.0222 
v -31.5979 5.14094 -32.1945 
v -31.3525 5.18337 -31.8008 
v -31.3338 5.12686 -31.6849 
v -31.3055 5.19215 -31.7828 
v -31.4083 5.12583 -31.7332 
v -31.6735 5.03304 -32.1147 
v -31.6166 5.08819 -32.0222 
v -31.6332 5.09008 -32.1445 
v -31.6563 5.02342 -32.0003 
v -30.6941 5.12662 -31.7958 
v -30.7667 5.1746 -31.8188 
v -30.7578 5.12583 -31.7332 
v -30.8136 5.18337 -31.8008 
v -31.3055 5.19215 -31.7828 
v -31.3338 5.12686 -31.6849 
v -31.2552 5.19767 -31.772 
v -31.2537 5.13102 -31.653 
v -31.7153 4.11322 -32.1094 
v -31.6834 4.01947 -31.9975 
v -31.7034 4.12082 -31.9816 
v -31.7003 4.01947 -32.134 
v -30.9109 5.19767 -31.772 
v -30.9124 5.13102 -31.653 
v -30.8324 5.12686 -31.6849 
v -30.8606 5.19215 -31.7828 
v -30.8324 5.12686 -31.6849 
v -30.8136 5.18337 -31.8008 
v -30.7578 5.12583 -31.7332 
v -31.1571 5.20564 -31.7559 
v -31.1691 5.13546 -31.6315 
v -31.0831 5.20942 -31.7478 
v -31.0831 5.14021 -31.6151 
v -31.009 5.20564 -31.7559 
v -31.0831 5.20942 -31.7478 
v -30.997 5.13546 -31.6315 
v -31.0831 5.14021 -31.6151 
v -31.6905 4.13631 -32.5922 
v -31.7211 4.28257 -32.4984 
v -31.7314 4.28564 -32.5904 
v -31.7102 4.11889 -32.531 
v -30.744 5.19432 -31.9248 
v -30.6941 5.12662 -31.7958 
v -30.6286 5.13282 -31.8868 
v -30.7667 5.1746 -31.8188 
v -31.7116 4.85886 -32.5122 
v -31.6796 4.95897 -32.6227 
v -31.7051 4.82755 -32.5968 
v -31.7042 4.98827 -32.5615 
v -30.7571 4.77243 -31.527 
v -30.8792 4.9055 -31.508 
v -30.8896 4.77852 -31.5137 
v -30.7587 4.90721 -31.5318 
v -30.7571 4.77243 -31.527 
v -30.6319 4.91254 -31.6051 
v -30.6254 4.77312 -31.5927 
v -30.6254 4.77312 -31.5927 
v -30.5371 4.90756 -31.6995 
v -30.5243 4.77025 -31.6874 
v -30.4241 4.76911 -31.8373 
v -30.5371 4.90756 -31.6995 
v -30.4479 4.90471 -31.8405 
v -31.7307 4.29108 -31.9733 
v -31.6398 4.12172 -31.8416 
v -31.654 4.28828 -31.8196 
v -31.7034 4.12082 -31.9816 
v -31.7385 4.39437 -32.5103 
v -31.7678 4.48084 -32.3948 
v -31.7537 4.47711 -32.5309 
v -31.74 4.38898 -32.3639 
v -31.1924 5.11851 -32.7795 
v -31.2609 5.0649 -32.7836 
v -31.2706 5.11212 -32.7731 
v -31.1734 5.06973 -32.7909 
v -30.6395 5.07682 -31.7576 
v -30.5662 5.08353 -31.8649 
v -30.6286 5.13282 -31.8868 
v -30.6941 5.12662 -31.7958 
v -30.5162 5.08811 -32.033 
v -30.6286 5.13282 -31.8868 
v -30.5892 5.14363 -32.0591 
v -30.4916 5.08825 -32.1678 
v -30.5892 5.14363 -32.0591 
v -30.5639 5.14094 -32.1974 
v -30.4738 5.07813 -32.2991 
v -30.4916 5.08825 -32.1678 
v -30.5462 5.12907 -32.3285 
v -30.491 5.07732 -32.4453 
v -30.5462 5.12907 -32.3285 
v -30.5659 5.1149 -32.4697 
v -31.7489 4.78363 -32.394 
v -31.7116 4.85886 -32.5122 
v -31.736 4.7528 -32.5344 
v -31.7042 4.9075 -32.3648 
v -31.472 5.12662 -31.7958 
v -31.4083 5.12583 -31.7332 
v -31.3995 5.1746 -31.8188 
v -31.3525 5.18337 -31.8008 
v -31.4221 5.19432 -31.9248 
v -31.472 5.12662 -31.7958 
v -31.5375 5.13282 -31.8868 
v -31.4221 5.19432 -31.9248 
v -31.5769 5.14363 -32.0591 
v -31.4604 5.19976 -32.0808 
v -31.6398 4.12172 -31.8416 
v -31.624 4.02348 -31.8534 
v -31.5641 4.02414 -31.7281 
v -31.566 4.12081 -31.7192 
v -30.7598 4.12454 -31.5533 
v -30.8571 4.29715 -31.4713 
v -30.8759 4.12618 -31.5177 
v -30.7685 4.2955 -31.551 
v -30.7598 4.12454 -31.5533 
v -30.6621 4.29499 -31.6206 
v -30.6367 4.12402 -31.6128 
v -30.9735 4.29944 -31.4487 
v -30.8723 4.4088 -31.4743 
v -30.9779 4.41085 -31.4563 
v -30.8571 4.29715 -31.4713 
v -31.7042 4.9075 -32.3648 
v -31.7589 4.78711 -32.2383 
v -31.7116 4.92195 -32.2107 
v -31.7489 4.78363 -32.394 
v -31.4014 4.02655 -31.5688 
v -31.2947 4.02819 -31.5194 
v -31.3066 4.12618 -31.4849 
v -31.4117 4.12454 -31.545 
v -31.4967 4.28655 -31.6254 
v -31.4971 4.12361 -31.6305 
v -31.3883 4.2955 -31.5596 
v -31.4014 4.02655 -31.5688 
v -31.4971 4.12361 -31.6305 
v -31.506 4.02604 -31.6354 
v -31.566 4.12081 -31.7192 
v -31.506 4.02604 -31.6354 
v -31.5641 4.02414 -31.7281 
v -31.654 4.28828 -31.8196 
v -31.6398 4.12172 -31.8416 
v -31.5659 4.28021 -31.6989 
v -31.1866 4.29944 -31.4718 
v -31.2788 4.4088 -31.5042 
v -31.2884 4.29715 -31.5072 
v -31.1875 4.41085 -31.4623 
v -30.5892 5.14363 -32.0591 
v -30.744 5.19432 -31.9248 
v -30.6286 5.13282 -31.8868 
v -30.7058 5.19976 -32.0808 
v -31.5558 4.77312 -31.5841 
v -31.6363 4.63222 -31.6922 
v -31.5262 4.63416 -31.6047 
v -31.6607 4.77025 -31.6818 
v -31.6949 4.76906 -31.8383 
v -31.6363 4.63222 -31.6922 
v -31.6807 4.63087 -31.8377 
v -31.6949 4.76906 -31.8383 
v -31.7085 4.62911 -31.9758 
v -31.7179 4.76972 -31.9878 
v -31.6287 4.90756 -31.6995 
v -31.7085 4.90471 -31.8407 
v -31.6607 4.77025 -31.6818 
v -31.6287 4.90756 -31.6995 
v -31.5558 4.77312 -31.5841 
v -31.534 4.91254 -31.6051 
v -31.74 4.38898 -32.3639 
v -31.7618 4.49086 -32.2417 
v -31.7678 4.48084 -32.3948 
v -31.7462 4.40116 -32.2276 
v -31.2706 5.11212 -32.7731 
v -31.3258 5.05894 -32.7554 
v -31.3387 5.10599 -32.7436 
v -31.2609 5.0649 -32.7836 
v -31.6698 4.40347 -31.8271 
v -31.5887 4.4944 -31.7076 
v -31.6797 4.49419 -31.8363 
v -31.5741 4.39733 -31.7089 
v -30.7726 5.04985 -32.7296 
v -30.8275 5.10599 -32.7436 
v -30.7595 5.09713 -32.7183 
v -30.8404 5.05894 -32.7554 
v -31.5659 4.28021 -31.6989 
v -31.566 4.12081 -31.7192 
v -31.4971 4.12361 -31.6305 
v -31.4967 4.28655 -31.6254 
v -31.4227 4.77243 -31.5134 
v -31.5262 4.63416 -31.6047 
v -31.4075 4.63473 -31.5362 
v -31.5558 4.77312 -31.5841 
v -31.7211 4.28257 -32.4984 
v -31.7106 4.10485 -32.3738 
v -31.7332 4.27381 -32.358 
v -31.7102 4.11889 -32.531 
v -31.735 4.10581 -32.2357 
v -31.7106 4.10485 -32.3738 
v -31.7348 4.2866 -32.2173 
v -31.7307 4.29108 -31.9733 
v -31.6698 4.40347 -31.8271 
v -31.7341 4.4078 -31.9801 
v -31.654 4.28828 -31.8196 
v -31.5741 4.39733 -31.7089 
v -31.4892 4.49652 -31.6273 
v -31.5887 4.4944 -31.7076 
v -31.4707 4.40328 -31.6401 
v -30.7048 5.04074 -32.7128 
v -30.7595 5.09713 -32.7183 
v -30.6916 5.08826 -32.702 
v -30.7726 5.04985 -32.7296 
v -30.8842 4.49914 -31.4943 
v -30.7648 4.63473 -31.5414 
v -30.8954 4.63899 -31.517 
v -30.7755 4.49703 -31.5515 
v -30.6843 4.49745 -31.6337 
v -30.7648 4.63473 -31.5414 
v -30.6568 4.63433 -31.6142 
v -31.3781 4.49703 -31.5675 
v -31.278 4.49914 -31.5047 
v -31.2759 4.63899 -31.5115 
v -31.4075 4.63473 -31.5362 
v -31.3728 4.40691 -31.5734 
v -31.3781 4.49703 -31.5675 
v -31.2788 4.4088 -31.5042 
v -31.1875 4.41085 -31.4623 
v -31.278 4.49914 -31.5047 
v -31.1851 4.50097 -31.4691 
v -31.1851 4.50097 -31.4691 
v -31.2759 4.63899 -31.5115 
v -31.1798 4.64252 -31.4935 
v -31.6807 4.63087 -31.8377 
v -31.6797 4.49419 -31.8363 
v -31.5887 4.4944 -31.7076 
v -31.6363 4.63222 -31.6922 
v -31.5887 4.4944 -31.7076 
v -31.5262 4.63416 -31.6047 
v -31.4892 4.49652 -31.6273 
v -31.0834 4.90471 -31.4754 
v -31.1781 5.01632 -31.5126 
v -31.1803 4.90471 -31.4883 
v -31.0831 5.0224 -31.4934 
v -31.2775 5.01138 -31.5406 
v -31.1803 4.90471 -31.4883 
v -31.2919 4.9055 -31.4999 
v -31.0834 4.90471 -31.4754 
v -30.988 5.01632 -31.5126 
v -30.9877 4.90471 -31.4934 
v -31.1803 4.90471 -31.4883 
v -31.0838 4.79015 -31.4866 
v -31.1788 4.78408 -31.501 
v -31.0838 4.79015 -31.4866 
v -30.9877 4.90471 -31.4934 
v -30.8886 5.01138 -31.5406 
v -30.8792 4.9055 -31.508 
v -30.9899 4.78408 -31.5052 
v -31.2849 4.77852 -31.5005 
v -31.1803 4.90471 -31.4883 
v -31.2919 4.9055 -31.4999 
v -31.4072 4.90721 -31.5318 
v -31.2849 4.77852 -31.5005 
v -31.4227 4.77243 -31.5134 
v -31.1798 4.64252 -31.4935 
v -31.2759 4.63899 -31.5115 
v -31.1788 4.78408 -31.501 
v -31.4075 4.63473 -31.5362 
v -31.2849 4.77852 -31.5005 
v -31.4227 4.77243 -31.5134 
v -31.084 4.64722 -31.485 
v -31.1798 4.64252 -31.4935 
v -31.0838 4.79015 -31.4866 
v -30.9905 4.64252 -31.5022 
v -31.0837 4.50428 -31.4526 
v -30.9829 4.50097 -31.4716 
v -31.1798 4.64252 -31.4935 
v -31.0837 4.50428 -31.4526 
v -31.1851 4.50097 -31.4691 
v -31.5586 5.05643 -32.6671 
v -31.4746 5.08826 -32.702 
v -31.4613 5.04074 -32.7128 
v -31.5388 5.00978 -32.6772 
v -31.7116 4.92195 -32.2107 
v -31.7375 4.78149 -32.1128 
v -31.6915 4.92371 -32.0941 
v -31.7589 4.78711 -32.2383 
v -31.7375 4.78149 -32.1128 
v -31.6788 4.9108 -31.9889 
v -31.7179 4.76972 -31.9878 
v -31.3781 4.49703 -31.5675 
v -31.4707 4.40328 -31.6401 
v -31.3728 4.40691 -31.5734 
v -31.4892 4.49652 -31.6273 
v -31.7234 4.28867 -32.0986 
v -31.7034 4.12082 -31.9816 
v -31.7307 4.29108 -31.9733 
v -31.7153 4.11322 -32.1094 
v -30.6568 4.63433 -31.6142 
v -30.7571 4.77243 -31.527 
v -30.7648 4.63473 -31.5414 
v -30.6254 4.77312 -31.5927 
v -30.6273 5.00978 -32.6772 
v -30.7048 5.04074 -32.7128 
v -30.6075 5.05643 -32.6671 
v -30.6916 5.08826 -32.702 
v -31.4075 4.63473 -31.5362 
v -31.4892 4.49652 -31.6273 
v -31.3781 4.49703 -31.5675 
v -31.5262 4.63416 -31.6047 
v -30.5462 5.12907 -32.3285 
v -30.6949 5.18872 -32.2172 
v -30.5639 5.14094 -32.1974 
v -30.6865 5.17582 -32.3507 
v -31.7211 4.28257 -32.4984 
v -31.74 4.38898 -32.3639 
v -31.7385 4.39437 -32.5103 
v -31.7332 4.27381 -32.358 
v -31.7348 4.2866 -32.2173 
v -31.74 4.38898 -32.3639 
v -31.7462 4.40116 -32.2276 
v -31.7301 4.40431 -32.1053 
v -31.7234 4.28867 -32.0986 
v -31.7341 4.4078 -31.9801 
v -31.7307 4.29108 -31.9733 
v -31.7301 4.40431 -32.1053 
v -31.7678 4.48084 -32.3948 
v -31.7697 4.63976 -32.2444 
v -31.7992 4.63109 -32.423 
v -31.7618 4.49086 -32.2417 
v -30.4369 4.63151 -31.9851 
v -30.4839 4.49416 -31.8379 
v -30.4234 4.49391 -31.9862 
v -30.4736 4.63151 -31.8388 
v -30.4839 4.40386 -31.8382 
v -30.4234 4.49391 -31.9862 
v -30.396 4.40746 -31.9893 
v -31.1894 4.12847 -31.4738 
v -31.2884 4.29715 -31.5072 
v -31.3066 4.12618 -31.4849 
v -31.1866 4.29944 -31.4718 
v -30.4736 4.63151 -31.8388 
v -30.5929 4.49675 -31.7162 
v -30.4839 4.49416 -31.8379 
v -30.5621 4.63279 -31.7026 
v -30.6568 4.63433 -31.6142 
v -30.5929 4.49675 -31.7162 
v -30.6843 4.49745 -31.6337 
v -31.7697 4.63976 -32.2444 
v -31.7375 4.78149 -32.1128 
v -31.7589 4.78711 -32.2383 
v -31.7252 4.63488 -32.1031 
v -31.7489 4.78363 -32.394 
v -31.7697 4.63976 -32.2444 
v -31.7992 4.63109 -32.423 
v -31.4799 5.12108 -32.6522 
v -31.4066 5.15661 -32.5214 
v -31.4105 5.12963 -32.6678 
v -31.48 5.15125 -32.5036 
v -31.3332 5.16196 -32.5392 
v -31.3412 5.13818 -32.6927 
v -31.3333 5.20282 -32.3768 
v -31.4055 5.18988 -32.3628 
v -31.48 5.15125 -32.5036 
v -31.4066 5.15661 -32.5214 
v -31.4796 5.17582 -32.3507 
v -31.5727 5.08735 -32.6075 
v -31.4799 5.12108 -32.6522 
v -31.6004 5.11491 -32.4697 
v -31.6004 5.11491 -32.4697 
v -31.6115 5.12918 -32.3206 
v -31.48 5.15125 -32.5036 
v -31.3197 5.2387 -32.0904 
v -31.3117 5.22898 -31.9179 
v -31.2541 5.25097 -32.0898 
v -31.2501 5.24228 -31.9134 
v -31.3978 5.20454 -32.2242 
v -31.3265 5.22077 -32.2336 
v -31.39 5.21921 -32.0856 
v -31.3055 5.19215 -31.7828 
v -31.2552 5.19767 -31.772 
v -31.3117 5.22898 -31.9179 
v -31.3197 5.2387 -32.0904 
v -31.3669 5.21165 -31.9214 
v -31.3117 5.22898 -31.9179 
v -31.3525 5.18337 -31.8008 
v -31.3669 5.21165 -31.9214 
v -31.39 5.21921 -32.0856 
v -31.4221 5.19432 -31.9248 
v -31.4604 5.19976 -32.0808 
v -31.4713 5.18872 -32.2172 
v -31.3978 5.20454 -32.2242 
v -31.3669 5.21165 -31.9214 
v -31.3995 5.1746 -31.8188 
v -31.4221 5.19432 -31.9248 
v -31.5979 5.14094 -32.1945 
v -31.4604 5.19976 -32.0808 
v -31.5769 5.14363 -32.0591 
v -31.7341 4.4078 -31.9801 
v -31.6797 4.49419 -31.8363 
v -31.7164 4.49318 -31.9806 
v -31.6698 4.40347 -31.8271 
v -30.9779 4.41085 -31.4563 
v -30.8842 4.49914 -31.4943 
v -30.9829 4.50097 -31.4716 
v -30.8723 4.4088 -31.4743 
v -30.8954 4.63899 -31.517 
v -30.9829 4.50097 -31.4716 
v -30.9905 4.64252 -31.5022 
v -30.8896 4.77852 -31.5137 
v -30.9877 4.90471 -31.4934 
v -30.8792 4.9055 -31.508 
v -30.7648 4.63473 -31.5414 
v -30.7571 4.77243 -31.527 
v -30.8954 4.63899 -31.517 
v -30.8896 4.77852 -31.5137 
v -30.9905 4.64252 -31.5022 
v -30.9899 4.78408 -31.5052 
v -31.7042 4.9075 -32.3648 
v -31.692 5.02759 -32.2322 
v -31.6948 5.01202 -32.38 
v -31.7116 4.92195 -32.2107 
v -31.6735 5.03304 -32.1147 
v -31.6915 4.92371 -32.0941 
v -31.692 5.02759 -32.2322 
v -31.6915 4.92371 -32.0941 
v -31.6563 5.02342 -32.0003 
v -31.6788 4.9108 -31.9889 
v -30.4387 4.76911 -31.991 
v -30.4139 4.90769 -32.005 
v -30.4479 4.90471 -31.8405 
v -30.4241 4.76911 -31.8373 
v -31.7314 4.28564 -32.5904 
v -31.7385 4.39437 -32.5103 
v -31.7374 4.39523 -32.5908 
v -31.7211 4.28257 -32.4984 
v -31.5659 4.28021 -31.6989 
v -31.4967 4.28655 -31.6254 
v -31.5741 4.39733 -31.7089 
v -31.4707 4.40328 -31.6401 
v -31.5741 4.39733 -31.7089 
v -31.654 4.28828 -31.8196 
v -31.6698 4.40347 -31.8271 
v -31.7462 4.40116 -32.2276 
v -31.7288 4.49223 -32.1084 
v -31.7618 4.49086 -32.2417 
v -31.7301 4.40431 -32.1053 
v -30.5912 4.40583 -31.7151 
v -30.5929 4.49675 -31.7162 
v -30.6862 4.40694 -31.6358 
v -30.6843 4.49745 -31.6337 
v -30.4839 4.49416 -31.8379 
v -30.4839 4.40386 -31.8382 
v -30.6843 4.49745 -31.6337 
v -30.773 4.40692 -31.5504 
v -30.7755 4.49703 -31.5515 
v -31.7348 4.2866 -32.2173 
v -31.7153 4.11322 -32.1094 
v -31.7234 4.28867 -32.0986 
v -31.735 4.10581 -32.2357 
v -30.8723 4.4088 -31.4743 
v -30.7755 4.49703 -31.5515 
v -30.8842 4.49914 -31.4943 
v -30.773 4.40692 -31.5504 
v -30.8571 4.29715 -31.4713 
v -30.773 4.40692 -31.5504 
v -30.8723 4.4088 -31.4743 
v -30.7685 4.2955 -31.551 
v -31.7618 4.49086 -32.2417 
v -31.7252 4.63488 -32.1031 
v -31.7697 4.63976 -32.2444 
v -31.7288 4.49223 -32.1084 
v -31.7164 4.49318 -31.9806 
v -31.7252 4.63488 -32.1031 
v -31.7085 4.62911 -31.9758 
v -31.6797 4.49419 -31.8363 
v -31.7085 4.62911 -31.9758 
v -31.6807 4.63087 -31.8377 
v -31.0051 5.26572 -32.0892 
v -31.0051 5.25856 -31.909 
v -30.916 5.24228 -31.9134 
v -30.9121 5.25097 -32.0898 
v -30.9109 5.19767 -31.772 
v -30.8606 5.19215 -31.7828 
v -30.8545 5.22899 -31.9179 
v -30.8465 5.2387 -32.0904 
v -30.7992 5.21165 -31.9214 
v -30.7761 5.21921 -32.0856 
v -30.8545 5.22899 -31.9179 
v -30.8136 5.18337 -31.8008 
v -30.7992 5.21165 -31.9214 
v -30.7667 5.1746 -31.8188 
v -30.744 5.19432 -31.9248 
v -30.6949 5.18872 -32.2172 
v -30.7058 5.19976 -32.0808 
v -30.7684 5.20454 -32.2242 
v -30.8465 5.2387 -32.0904 
v -30.8397 5.22077 -32.2336 
v -30.9086 5.23348 -32.2381 
v -30.9121 5.25097 -32.0898 
v -30.8397 5.22077 -32.2336 
v -30.744 5.19432 -31.9248 
v -30.7761 5.21921 -32.0856 
v -30.7992 5.21165 -31.9214 
v -30.7058 5.19976 -32.0808 
v -30.5639 5.14094 -32.1974 
v -30.5892 5.14363 -32.0591 
v -30.6865 5.17582 -32.3507 
v -30.7684 5.20454 -32.2242 
v -30.6861 5.15125 -32.5036 
v -30.5659 5.1149 -32.4697 
v -30.5462 5.12907 -32.3285 
v -30.7606 5.18988 -32.3628 
v -30.8329 5.20282 -32.3768 
v -30.9086 5.23348 -32.2381 
v -30.6861 5.15125 -32.5036 
v -30.6865 5.17582 -32.3507 
v -30.9052 5.20915 -32.3864 
v -30.7595 5.15661 -32.5214 
v -30.7606 5.18988 -32.3628 
v -30.833 5.16196 -32.5392 
v -31.0051 5.25004 -32.2426 
v -30.9086 5.23348 -32.2381 
v -31.0051 5.21731 -32.396 
v -30.6863 5.12108 -32.6522 
v -30.6861 5.15125 -32.5036 
v -30.7556 5.12963 -32.6678 
v -30.7595 5.15661 -32.5214 
v -30.8249 5.13818 -32.6927 
v -30.5935 5.08735 -32.6075 
v -30.6863 5.12108 -32.6522 
v -30.5659 5.1149 -32.4697 
v -31.6788 4.9108 -31.9889 
v -31.6586 5.01605 -31.8517 
v -31.6563 5.02342 -32.0003 
v -31.7085 4.90471 -31.8407 
v -30.8967 5.16734 -32.5522 
v -31.0051 5.21731 -32.396 
v -30.9052 5.20915 -32.3864 
v -30.9925 5.17472 -32.574 
v -31.7252 4.63488 -32.1031 
v -31.7179 4.76972 -31.9878 
v -31.7375 4.78149 -32.1128 
v -31.7085 4.62911 -31.9758 
v -31.0051 5.26572 -32.0892 
v -31.0051 5.25004 -32.2426 
v -30.4125 4.47711 -32.5309 
v -30.41 4.60956 -32.5384 
v -30.4239 4.62206 -32.3821 
v -30.4337 4.48084 -32.3695 
v -30.4239 4.62206 -32.3821 
v -30.4196 4.49075 -32.233 
v -30.4337 4.62898 -32.2219 
v -30.4266 4.49233 -32.11 
v -30.4415 4.63025 -32.0996 
v -30.4196 4.49075 -32.233 
v -30.5621 4.63279 -31.7026 
v -30.6254 4.77312 -31.5927 
v -30.6568 4.63433 -31.6142 
v -30.5243 4.77025 -31.6874 
v -30.5621 4.63279 -31.7026 
v -30.4241 4.76911 -31.8373 
v -30.4736 4.63151 -31.8388 
v -30.4369 4.63151 -31.9851 
v -30.4241 4.76911 -31.8373 
v -30.4387 4.76911 -31.991 
v -30.8927 5.14414 -32.7217 
v -30.8967 5.16734 -32.5522 
v -30.8249 5.13818 -32.6927 
v -30.833 5.16196 -32.5392 
v -30.9052 5.20915 -32.3864 
v -30.8329 5.20282 -32.3768 
v -30.4415 4.63025 -32.0996 
v -30.4229 4.76911 -32.113 
v -30.4387 4.76911 -31.991 
v -30.4369 4.63151 -31.9851 
v -30.4239 4.62206 -32.3821 
v -30.4104 4.76327 -32.41 
v -30.405 4.76675 -32.2449 
v -30.4337 4.62898 -32.2219 
v -31.7116 4.85886 -32.5122 
v -31.6948 5.01202 -32.38 
v -31.7042 4.98827 -32.5615 
v -31.7042 4.9075 -32.3648 
v -30.5681 4.2931 -31.7054 
v -30.5912 4.40583 -31.7151 
v -30.6621 4.29499 -31.6206 
v -30.6862 4.40694 -31.6358 
v -30.4741 4.29238 -31.8404 
v -30.5912 4.40583 -31.7151 
v -30.4839 4.40386 -31.8382 
v -30.4741 4.29238 -31.8404 
v -30.396 4.40746 -31.9893 
v -30.3823 4.29073 -31.9921 
v -30.5681 4.2931 -31.7054 
v -30.4534 4.12141 -31.8434 
v -30.5331 4.12212 -31.6991 
v -30.4534 4.12141 -31.8434 
v -30.3823 4.29073 -31.9921 
v -30.4176 4.12064 -31.9922 
v -30.5681 4.2931 -31.7054 
v -30.6367 4.12402 -31.6128 
v -30.6621 4.29499 -31.6206 
v -31.7179 4.76972 -31.9878 
v -31.7085 4.90471 -31.8407 
v -31.6788 4.9108 -31.9889 
v -31.6949 4.76906 -31.8383 
v -31.1868 5.15066 -32.7288 
v -31.0831 5.18036 -32.5894 
v -31.0831 5.15369 -32.7388 
v -31.1737 5.17472 -32.574 
v -30.9793 5.15066 -32.7288 
v -31.0831 5.15369 -32.7388 
v -30.9925 5.17472 -32.574 
v -31.0831 5.22195 -32.3945 
v -31.0051 5.21731 -32.396 
v -31.0051 5.25004 -32.2426 
v -30.4154 4.28257 -32.5287 
v -30.4092 4.39437 -32.529 
v -30.389 4.38898 -32.3934 
v -30.3761 4.27381 -32.4041 
v -30.389 4.38898 -32.3934 
v -30.3359 4.2866 -32.2718 
v -30.3847 4.40116 -32.2476 
v -30.4337 4.48084 -32.3695 
v -30.389 4.38898 -32.3934 
v -30.4196 4.49075 -32.233 
v -30.41 4.60956 -32.5384 
v -30.3984 4.742 -32.5711 
v -30.4104 4.76327 -32.41 
v -30.4239 4.62206 -32.3821 
v -31.2884 4.29715 -31.5072 
v -31.3728 4.40691 -31.5734 
v -31.3883 4.2955 -31.5596 
v -31.2788 4.4088 -31.5042 
v -31.3066 4.12618 -31.4849 
v -31.2884 4.29715 -31.5072 
v -31.4117 4.12454 -31.545 
v -30.4045 4.8489 -32.5692 
v -30.4104 4.76327 -32.41 
v -30.3984 4.742 -32.5711 
v -30.3737 4.88715 -32.4473 
v -30.4104 4.76327 -32.41 
v -30.3746 4.90159 -32.2637 
v -30.405 4.76675 -32.2449 
v -30.6621 4.29499 -31.6206 
v -30.6862 4.40694 -31.6358 
v -30.7685 4.2955 -31.551 
v -30.773 4.40692 -31.5504 
v -31.5586 5.05643 -32.6671 
v -31.5878 4.99285 -32.6653 
v -31.6212 5.0224 -32.6571 
v -31.5388 5.00978 -32.6772 
v -31.7301 4.40431 -32.1053 
v -31.7164 4.49318 -31.9806 
v -31.7288 4.49223 -32.1084 
v -31.7341 4.4078 -31.9801 
v -30.5783 4.99285 -32.6653 
v -30.6075 5.05643 -32.6671 
v -30.545 5.0224 -32.6571 
v -30.6273 5.00978 -32.6772 
v -30.4337 4.62898 -32.2219 
v -30.405 4.76675 -32.2449 
v -30.4229 4.76911 -32.113 
v -30.4415 4.63025 -32.0996 
v -31.7314 4.28564 -32.5904 
v -31.6624 4.16367 -32.603 
v -31.6905 4.13631 -32.5922 
v -31.7022 4.29664 -32.6009 
v -30.3964 4.40431 -32.1199 
v -30.3823 4.29073 -31.9921 
v -30.3548 4.28867 -32.1339 
v -30.396 4.40746 -31.9893 
v -30.5037 4.16367 -32.603 
v -30.4348 4.28564 -32.5904 
v -30.4756 4.13631 -32.5922 
v -30.4639 4.29664 -32.6009 
v -30.4266 4.49233 -32.11 
v -30.396 4.40746 -31.9893 
v -30.3964 4.40431 -32.1199 
v -30.4234 4.49391 -31.9862 
v -30.4415 4.63025 -32.0996 
v -30.4234 4.49391 -31.9862 
v -30.4369 4.63151 -31.9851 
v -30.4229 4.76911 -32.113 
v -30.3894 4.91045 -32.1295 
v -30.4139 4.90769 -32.005 
v -30.4387 4.76911 -31.991 
v -31.6416 4.93211 -32.6372 
v -31.6735 4.80969 -32.6068 
v -31.7051 4.82755 -32.5968 
v -31.6796 4.95897 -32.6227 
v -30.9928 5.06973 -32.7909 
v -31.0831 5.12131 -32.7899 
v -30.9737 5.11851 -32.7795 
v -31.0831 5.07039 -32.7986 
v -30.9947 5.0556 -32.7793 
v -31.0831 5.05617 -32.7865 
v -30.9928 5.06973 -32.7909 
v -31.6332 4.05309 -32.5995 
v -31.5346 4.0498 -32.6329 
v -31.5583 4.00136 -32.6225 
v -31.6049 4.11391 -32.6117 
v -30.405 4.76675 -32.2449 
v -30.3746 4.90159 -32.2637 
v -30.3894 4.91045 -32.1295 
v -30.4229 4.76911 -32.113 
v -31.6416 4.93211 -32.6372 
v -31.6212 5.0224 -32.6571 
v -31.5878 4.99285 -32.6653 
v -31.6796 4.95897 -32.6227 
v -31.0831 5.25562 -32.2426 
v -30.8927 5.14414 -32.7217 
v -30.8967 5.16734 -32.5522 
v -30.9793 5.15066 -32.7288 
v -31.0831 5.25562 -32.2426 
v -31.0831 5.27224 -32.0892 
v -31.0831 5.25562 -32.2426 
v -31.161 5.26572 -32.0892 
v -31.161 5.25004 -32.2426 
v -31.0831 5.22195 -32.3945 
v -31.161 5.21731 -32.396 
v -31.1737 5.17472 -32.574 
v -31.0831 5.18036 -32.5894 
v -31.2735 5.14414 -32.7217 
v -31.1868 5.15066 -32.7288 
v -31.2694 5.16734 -32.5522 
v -31.2694 5.16734 -32.5522 
v -31.161 5.21731 -32.396 
v -31.2609 5.20915 -32.3864 
v -31.3412 5.13818 -32.6927 
v -31.2735 5.14414 -32.7217 
v -31.3332 5.16196 -32.5392 
v -31.2609 5.20915 -32.3864 
v -31.161 5.25004 -32.2426 
v -31.2575 5.23348 -32.2381 
v -31.161 5.21731 -32.396 
v -31.2575 5.23348 -32.2381 
v -31.161 5.26572 -32.0892 
v -31.2541 5.25097 -32.0898 
v -31.2609 5.20915 -32.3864 
v -31.3265 5.22077 -32.2336 
v -31.2501 5.24228 -31.9134 
v -31.161 5.26572 -32.0892 
v -31.161 5.25856 -31.909 
v -31.0831 5.27224 -32.0892 
v -31.0831 5.26702 -31.909 
v -31.4055 5.18988 -32.3628 
v -31.4796 5.17582 -32.3507 
v -31.4713 5.18872 -32.2172 
v -31.3197 5.2387 -32.0904 
v -31.2575 5.23348 -32.2381 
v -31.2541 5.25097 -32.0898 
v -31.6115 5.12918 -32.3206 
v -31.4713 5.18872 -32.2172 
v -31.5979 5.14094 -32.1945 
v -31.0831 5.20942 -31.7478 
v -31.009 5.20564 -31.7559 
v -31.1571 5.20564 -31.7559 
v -31.0831 5.20942 -31.7478 
v -31.161 5.25856 -31.909 
v -31.2552 5.19767 -31.772 
v -31.1571 5.20564 -31.7559 
v -31.2501 5.24228 -31.9134 
v -31.2552 5.19767 -31.772 
v -31.2537 5.13102 -31.653 
v -31.1691 5.13546 -31.6315 
v -31.0051 5.26572 -32.0892 
v -31.0831 5.27224 -32.0892 
v -31.0831 5.26702 -31.909 
v -30.916 5.24228 -31.9134 
v -30.9109 5.19767 -31.772 
v -31.009 5.20564 -31.7559 
v -30.9121 5.25097 -32.0898 
v -30.8545 5.22899 -31.9179 
v -30.8465 5.2387 -32.0904 
v -30.9109 5.19767 -31.772 
v -30.9124 5.13102 -31.653 
v -30.997 5.13546 -31.6315 
v -31.6905 4.13631 -32.5922 
v -31.6049 4.11391 -32.6117 
v -31.6332 4.05309 -32.5995 
v -31.6624 4.16367 -32.603 
v -31.4807 4.03592 -32.6554 
v -31.503 3.98547 -32.6466 
v -31.5346 4.0498 -32.6329 
v -31.5583 4.00136 -32.6225 
v -31.7269 4.6025 -32.594 
v -31.6782 4.71957 -32.6056 
v -31.6977 4.59802 -32.6041 
v -31.7098 4.73267 -32.5956 
v -30.5613 4.11391 -32.6117 
v -30.4756 4.13631 -32.5922 
v -30.533 4.05309 -32.5995 
v -30.5037 4.16367 -32.603 
v -30.6316 4.0498 -32.6329 
v -30.6631 3.98547 -32.6466 
v -30.6855 4.03592 -32.6554 
v -30.6079 4.00136 -32.6225 
v -30.9015 4.00408 -32.7044 
v -31.0831 3.94227 -32.7009 
v -31.0831 3.99567 -32.7065 
v -30.8888 3.95093 -32.6987 
v -31.6735 4.80969 -32.6068 
v -31.7098 4.73267 -32.5956 
v -31.7051 4.82755 -32.5968 
v -31.6782 4.71957 -32.6056 
v -31.4967 4.28655 -31.6254 
v -31.3883 4.2955 -31.5596 
v -31.4707 4.40328 -31.6401 
v -31.3728 4.40691 -31.5734 
v -30.4125 4.47711 -32.5309 
v -30.389 4.38898 -32.3934 
v -30.4092 4.39437 -32.529 
v -30.4337 4.48084 -32.3695 
v -30.5245 4.93211 -32.6372 
v -30.4342 4.8255 -32.6274 
v -30.4678 4.80937 -32.6356 
v -30.4828 4.95895 -32.6271 
v -30.5245 4.93211 -32.6372 
v -30.545 5.0224 -32.6571 
v -30.4828 4.95895 -32.6271 
v -30.5783 4.99285 -32.6653 
v -30.4196 4.49075 -32.233 
v -30.3964 4.40431 -32.1199 
v -30.3847 4.40116 -32.2476 
v -30.4266 4.49233 -32.11 
v -30.3548 4.28867 -32.1339 
v -30.3964 4.40431 -32.1199 
v -30.3359 4.2866 -32.2718 
v -31.7344 4.47632 -32.5925 
v -31.6977 4.59802 -32.6041 
v -31.6982 4.47823 -32.6032 
v -31.7269 4.6025 -32.594 
v -31.6817 4.47995 -32.5937 
v -31.6811 4.59645 -32.5951 
v -31.6982 4.47823 -32.6032 
v -31.6977 4.59802 -32.6041 
v -31.6614 4.71371 -32.5964 
v -31.6782 4.71957 -32.6056 
v -31.7009 4.4013 -32.6017 
v -31.7344 4.47632 -32.5925 
v -31.7374 4.39523 -32.5908 
v -30.4287 4.39523 -32.5908 
v -30.4639 4.29664 -32.6009 
v -30.4653 4.4013 -32.6017 
v -30.4348 4.28564 -32.5904 
v -30.4799 4.30341 -32.592 
v -30.4817 4.40492 -32.5922 
v -30.5177 4.17569 -32.5937 
v -30.4799 4.30341 -32.592 
v -30.5037 4.16367 -32.603 
v -30.4653 4.4013 -32.6017 
v -30.4318 4.47632 -32.5925 
v -30.4679 4.47823 -32.6032 
v -30.4817 4.40492 -32.5922 
v -30.4679 4.47823 -32.6032 
v -30.4845 4.47995 -32.5937 
v -30.4673 4.59645 -32.6146 
v -30.4506 4.59802 -32.6236 
v -30.48 4.71295 -32.6253 
v -30.4673 4.59645 -32.6146 
v -30.4633 4.7178 -32.6348 
v -30.4318 4.47632 -32.5925 
v -30.4506 4.59802 -32.6236 
v -30.4173 4.60235 -32.6166 
v -30.4678 4.80937 -32.6356 
v -30.4841 4.80176 -32.6265 
v -30.48 4.71295 -32.6253 
v -31.6088 4.79238 -32.5264 
v -31.5963 4.90851 -32.5264 
v -31.0831 4.62848 -32.3979 
v -31.4492 4.06294 -32.5264 
v -31.499 4.07583 -32.5264 
v -30.9165 4.03353 -32.5264 
v -30.717 4.06294 -32.5264 
v -30.5175 4.41917 -32.5264 
v -30.5311 4.48973 -32.5264 
v -31.0831 4.02581 -32.5264 
v -30.9165 4.03353 -32.5264 
v -30.9059 4.01925 -32.6918 
v -31.0831 4.01104 -32.6939 
v -31.0831 4.02581 -32.5264 
v -30.4845 4.47995 -32.5937 
v -30.524 4.5993 -32.5264 
v -31.0831 4.62848 -32.3979 
v -30.524 4.5993 -32.5264 
v -30.5251 4.70886 -32.5264 
v -31.3066 5.03462 -32.5264 
v -31.2467 5.04007 -32.5264 
v -31.3699 5.02619 -32.5264 
v -31.3066 5.03462 -32.5264 
v -31.2467 5.04007 -32.5264 
v -31.1662 5.04448 -32.5264 
v -31 5.04448 -32.5264 
v -31.0831 5.04502 -32.5264 
v -31.0831 5.05617 -32.7865 
v -31.1714 5.0556 -32.7793 
v -31.1662 5.04448 -32.5264 
v -31.0831 5.04502 -32.5264 
v -31.0831 4.62848 -32.3979 
v -30.9194 5.04007 -32.5264 
v -30.8595 5.03462 -32.5264 
v -30.7962 5.02619 -32.5264 
v -30.8595 5.03462 -32.5264 
v -30.5251 4.70886 -32.5264 
v -30.5124 4.79238 -32.5264 
v -30.909 5.0509 -32.7721 
v -31 5.04448 -32.5264 
v -30.9947 5.0556 -32.7793 
v -30.9947 5.0556 -32.7793 
v -31.0831 5.04502 -32.5264 
v -31.0831 5.05617 -32.7865 
v -31.0831 4.02581 -32.5264 
v -31.2497 4.03353 -32.5264 
v -31.0831 4.62848 -32.3979 
v -31.2497 4.03353 -32.5264 
v -31.4492 4.06294 -32.5264 
v -30.717 4.06294 -32.5264 
v -30.6672 4.07583 -32.5264 
v -31.6262 4.3237 -32.5264 
v -31.6486 4.41917 -32.5264 
v -30.5436 4.90851 -32.5264 
v -30.6148 4.96373 -32.5264 
v -30.5124 4.79238 -32.5264 
v -31.0831 4.62848 -32.3979 
v -31.6486 4.41917 -32.5264 
v -31.6558 4.48973 -32.5264 
v -31.6636 4.5993 -32.5264 
v -31.6395 4.70886 -32.5264 
v -31.0831 4.62848 -32.3979 
v -31.6395 4.70886 -32.5264 
v -31.6088 4.79238 -32.5264 
v -30.6619 4.98939 -32.5264 
v -30.7329 5.01776 -32.5264 
v -31.5514 4.96373 -32.5264 
v -31.5042 4.98939 -32.5264 
v -31.0831 4.62848 -32.3979 
v -30.5513 4.19369 -32.5264 
v -30.5158 4.3237 -32.5264 
v -31.5042 4.98939 -32.5264 
v -31.4333 5.01776 -32.5264 
v -30.7329 5.01776 -32.5264 
v -30.7962 5.02619 -32.5264 
v -30.778 5.03614 -32.7186 
v -30.7107 5.02717 -32.7016 
v -30.7329 5.01776 -32.5264 
v -30.5923 4.98014 -32.655 
v -30.5245 4.93211 -32.6372 
v -30.5349 4.92112 -32.6341 
v -30.5783 4.99285 -32.6653 
v -31.4333 5.01776 -32.5264 
v -31.3699 5.02619 -32.5264 
v -31.0831 4.62848 -32.3979 
v -30.6148 4.96373 -32.5264 
v -30.6619 4.98939 -32.5264 
v -30.6672 4.07583 -32.5264 
v -31.0831 4.62848 -32.3979 
v -30.6013 4.13607 -32.5264 
v -30.6013 4.13607 -32.5264 
v -31.0831 4.62848 -32.3979 
v -30.5513 4.19369 -32.5264 
v -31.499 4.07583 -32.5264 
v -31.5648 4.13607 -32.5264 
v -31.0831 4.62848 -32.3979 
v -31.5648 4.13607 -32.5264 
v -31.6148 4.19369 -32.5264 
v -31.0831 4.62848 -32.3979 
v -30.5158 4.3237 -32.5264 
v -31.0831 4.62848 -32.3979 
v -30.5175 4.41917 -32.5264 
v -31.6148 4.19369 -32.5264 
v -31.6262 4.3237 -32.5264 
v -31.0831 4.62848 -32.3979 
v -31.5963 4.90851 -32.5264 
v -31.5514 4.96373 -32.5264 
v -31.0831 4.62848 -32.3979 
v -30.5349 4.92112 -32.6341 
v -30.4678 4.80937 -32.6356 
v -30.4841 4.80176 -32.6265 
v -30.5245 4.93211 -32.6372 
v -31.1734 5.06973 -32.7909 
v -31.2571 5.0509 -32.7721 
v -31.2609 5.0649 -32.7836 
v -31.1714 5.0556 -32.7793 
v -30.909 5.0509 -32.7721 
v -30.9928 5.06973 -32.7909 
v -30.9053 5.0649 -32.7836 
v -30.9947 5.0556 -32.7793 
v -31.2609 5.0649 -32.7836 
v -31.3208 5.04511 -32.7444 
v -31.3258 5.05894 -32.7554 
v -31.2571 5.0509 -32.7721 
v -31.0831 5.07039 -32.7986 
v -31.1714 5.0556 -32.7793 
v -31.1734 5.06973 -32.7909 
v -31.0831 5.05617 -32.7865 
v -30.8454 5.04511 -32.7444 
v -30.9053 5.0649 -32.7836 
v -30.8404 5.05894 -32.7554 
v -30.909 5.0509 -32.7721 
v -31.3258 5.05894 -32.7554 
v -31.3881 5.03614 -32.7186 
v -31.3935 5.04985 -32.7296 
v -31.3208 5.04511 -32.7444 
v -30.778 5.03614 -32.7186 
v -30.8404 5.05894 -32.7554 
v -30.7726 5.04985 -32.7296 
v -30.8454 5.04511 -32.7444 
v -31.3935 5.04985 -32.7296 
v -31.4554 5.02717 -32.7016 
v -31.4613 5.04074 -32.7128 
v -31.3881 5.03614 -32.7186 
v -30.7107 5.02717 -32.7016 
v -30.7726 5.04985 -32.7296 
v -30.7048 5.04074 -32.7128 
v -30.778 5.03614 -32.7186 
v -31.6263 4.92112 -32.6277 
v -31.5878 4.99285 -32.6653 
v -31.5739 4.98014 -32.655 
v -31.6416 4.93211 -32.6372 
v -31.5309 4.99699 -32.666 
v -31.4613 5.04074 -32.7128 
v -31.4554 5.02717 -32.7016 
v -31.5388 5.00978 -32.6772 
v -30.6353 4.99699 -32.666 
v -30.7048 5.04074 -32.7128 
v -30.6273 5.00978 -32.6772 
v -30.7107 5.02717 -32.7016 
v -31.5739 4.98014 -32.655 
v -31.5388 5.00978 -32.6772 
v -31.5309 4.99699 -32.666 
v -31.5878 4.99285 -32.6653 
v -30.5923 4.98014 -32.655 
v -30.6273 5.00978 -32.6772 
v -30.5783 4.99285 -32.6653 
v -30.6353 4.99699 -32.666 
v -31.6263 4.92112 -32.6277 
v -31.6571 4.80176 -32.5976 
v -31.6735 4.80969 -32.6068 
v -31.6416 4.93211 -32.6372 
v -31.6571 4.80176 -32.5976 
v -31.6614 4.71371 -32.5964 
v -31.6782 4.71957 -32.6056 
v -31.6735 4.80969 -32.6068 
v -31.4807 4.03592 -32.6554 
v -31.5253 4.06422 -32.622 
v -31.4723 4.05052 -32.6439 
v -31.5346 4.0498 -32.6329 
v -30.6938 4.05052 -32.6439 
v -30.6409 4.06422 -32.622 
v -30.6855 4.03592 -32.6554 
v -30.6316 4.0498 -32.6329 
v -30.5613 4.11391 -32.6117 
v -30.5177 4.17569 -32.5937 
v -30.5037 4.16367 -32.603 
v -30.5709 4.12827 -32.6008 
v -31.6049 4.11391 -32.6117 
v -31.6624 4.16367 -32.603 
v -31.6485 4.17569 -32.5937 
v -31.5953 4.12827 -32.6008 
v -31.4723 4.05052 -32.6439 
v -31.2602 4.01925 -32.6918 
v -31.2646 4.00408 -32.7044 
v -31.4807 4.03592 -32.6554 
v -30.6938 4.05052 -32.6439 
v -30.9015 4.00408 -32.7044 
v -30.9059 4.01925 -32.6918 
v -30.6855 4.03592 -32.6554 
v -31.2602 4.01925 -32.6918 
v -31.0831 4.01104 -32.6939 
v -31.0831 3.99567 -32.7065 
v -31.2646 4.00408 -32.7044 
v -30.9059 4.01925 -32.6918 
v -31.0831 3.99567 -32.7065 
v -31.0831 4.01104 -32.6939 
v -30.9015 4.00408 -32.7044 
v -31.7374 4.39523 -32.5908 
v -31.7022 4.29664 -32.6009 
v -31.7314 4.28564 -32.5904 
v -31.7009 4.4013 -32.6017 
v -31.7009 4.4013 -32.6017 
v -31.6862 4.30341 -32.592 
v -31.6844 4.40492 -32.5922 
v -31.6982 4.47823 -32.6032 
v -31.6844 4.40492 -32.5922 
v -31.6817 4.47995 -32.5937 
v -31.6262 4.3237 -32.5264 
v -31.6862 4.30341 -32.592 
v -31.6486 4.41917 -32.5264 
v -30.6409 4.06422 -32.622 
v -30.5613 4.11391 -32.6117 
v -30.6316 4.0498 -32.6329 
v -30.5709 4.12827 -32.6008 
v -31.6049 4.11391 -32.6117 
v -31.5253 4.06422 -32.622 
v -31.5346 4.0498 -32.6329 
v -31.5953 4.12827 -32.6008 
v -31.6862 4.30341 -32.592 
v -31.6148 4.19369 -32.5264 
v -31.6485 4.17569 -32.5937 
v -31.6262 4.3237 -32.5264 
v -30.4845 4.47995 -32.5937 
v -30.5175 4.41917 -32.5264 
v -30.5311 4.48973 -32.5264 
v -30.4817 4.40492 -32.5922 
v -30.48 4.71295 -32.6253 
v -30.4673 4.59645 -32.6146 
v -30.5251 4.70886 -32.5264 
v -30.524 4.5993 -32.5264 
v -30.5158 4.3237 -32.5264 
v -30.4817 4.40492 -32.5922 
v -30.4799 4.30341 -32.592 
v -30.5175 4.41917 -32.5264 
v -31.6148 4.19369 -32.5264 
v -31.5953 4.12827 -32.6008 
v -31.6485 4.17569 -32.5937 
v -31.5648 4.13607 -32.5264 
v -31.7022 4.29664 -32.6009 
v -31.6862 4.30341 -32.592 
v -31.6624 4.16367 -32.603 
v -31.6571 4.80176 -32.5976 
v -31.6088 4.79238 -32.5264 
v -31.6614 4.71371 -32.5964 
v -31.6395 4.70886 -32.5264 
v -30.5513 4.19369 -32.5264 
v -30.4799 4.30341 -32.592 
v -30.5177 4.17569 -32.5937 
v -30.5158 4.3237 -32.5264 
v -31.6263 4.92112 -32.6277 
v -31.5963 4.90851 -32.5264 
v -31.6571 4.80176 -32.5976 
v -31.6088 4.79238 -32.5264 
v -31.6817 4.47995 -32.5937 
v -31.6486 4.41917 -32.5264 
v -31.6844 4.40492 -32.5922 
v -31.6558 4.48973 -32.5264 
v -30.4841 4.80176 -32.6265 
v -30.48 4.71295 -32.6253 
v -30.5124 4.79238 -32.5264 
v -30.5251 4.70886 -32.5264 
v -31.1714 5.0556 -32.7793 
v -31.1662 5.04448 -32.5264 
v -31.2571 5.0509 -32.7721 
v -31.2467 5.04007 -32.5264 
v -31.2571 5.0509 -32.7721 
v -31.2467 5.04007 -32.5264 
v -31.3208 5.04511 -32.7444 
v -31.3066 5.03462 -32.5264 
v -30.9194 5.04007 -32.5264 
v -30.909 5.0509 -32.7721 
v -30.8454 5.04511 -32.7444 
v -30.8595 5.03462 -32.5264 
v -31.3881 5.03614 -32.7186 
v -31.3699 5.02619 -32.5264 
v -31.4554 5.02717 -32.7016 
v -31.4333 5.01776 -32.5264 
v -30.8595 5.03462 -32.5264 
v -30.8454 5.04511 -32.7444 
v -30.778 5.03614 -32.7186 
v -30.7962 5.02619 -32.5264 
v -31.3208 5.04511 -32.7444 
v -31.3066 5.03462 -32.5264 
v -31.3881 5.03614 -32.7186 
v -31.3699 5.02619 -32.5264 
v -31.6614 4.71371 -32.5964 
v -31.6395 4.70886 -32.5264 
v -31.6811 4.59645 -32.5951 
v -31.6636 4.5993 -32.5264 
v -31.6558 4.48973 -32.5264 
v -31.6811 4.59645 -32.5951 
v -31.6817 4.47995 -32.5937 
v -30.6353 4.99699 -32.666 
v -30.6148 4.96373 -32.5264 
v -30.6619 4.98939 -32.5264 
v -30.5923 4.98014 -32.655 
v -31.5309 4.99699 -32.666 
v -31.5514 4.96373 -32.5264 
v -31.5739 4.98014 -32.655 
v -31.5042 4.98939 -32.5264 
v -30.6353 4.99699 -32.666 
v -30.6619 4.98939 -32.5264 
v -30.7329 5.01776 -32.5264 
v -30.7107 5.02717 -32.7016 
v -31.4554 5.02717 -32.7016 
v -31.4333 5.01776 -32.5264 
v -31.5309 4.99699 -32.666 
v -31.5042 4.98939 -32.5264 
v -30.5513 4.19369 -32.5264 
v -30.5177 4.17569 -32.5937 
v -30.5709 4.12827 -32.6008 
v -30.6013 4.13607 -32.5264 
v -31.5739 4.98014 -32.655 
v -31.5514 4.96373 -32.5264 
v -31.6263 4.92112 -32.6277 
v -31.5963 4.90851 -32.5264 
v -30.5349 4.92112 -32.6341 
v -30.5436 4.90851 -32.5264 
v -30.6148 4.96373 -32.5264 
v -30.5923 4.98014 -32.655 
v -30.5349 4.92112 -32.6341 
v -30.4841 4.80176 -32.6265 
v -30.5436 4.90851 -32.5264 
v -30.5124 4.79238 -32.5264 
v -30.6013 4.13607 -32.5264 
v -30.5709 4.12827 -32.6008 
v -30.6409 4.06422 -32.622 
v -30.6672 4.07583 -32.5264 
v -31.5648 4.13607 -32.5264 
v -31.5253 4.06422 -32.622 
v -31.5953 4.12827 -32.6008 
v -31.499 4.07583 -32.5264 
v -30.6672 4.07583 -32.5264 
v -30.6409 4.06422 -32.622 
v -30.6938 4.05052 -32.6439 
v -30.717 4.06294 -32.5264 
v -31.499 4.07583 -32.5264 
v -31.4723 4.05052 -32.6439 
v -31.5253 4.06422 -32.622 
v -31.4492 4.06294 -32.5264 
v -30.6938 4.05052 -32.6439 
v -30.9059 4.01925 -32.6918 
v -30.717 4.06294 -32.5264 
v -30.9165 4.03353 -32.5264 
v -31.4492 4.06294 -32.5264 
v -31.2602 4.01925 -32.6918 
v -31.4723 4.05052 -32.6439 
v -31.2497 4.03353 -32.5264 
v -31.2497 4.03353 -32.5264 
v -31.0831 4.01104 -32.6939 
v -31.2602 4.01925 -32.6918 

vn -0.771654 -0.551181 -0.314961 
vn -0.551181 -0.362205 -0.748031 
vn -0.496063 -0.393701 -0.779528 
vn -0.582677 -0.724409 -0.377953 
vn -0.291339 -0.866142 -0.409449 
vn -0.496063 -0.393701 -0.779528 
vn -0.314961 -0.480315 -0.818898 
vn -0.582677 -0.724409 -0.377953 
vn 0.496063 -0.393701 -0.779528 
vn 0.291339 -0.866142 -0.409449 
vn 0.314961 -0.480315 -0.818898 
vn 0.582677 -0.724409 -0.377953 
vn 0.685039 -0.480315 0.551181 
vn 0.574803 -0.787402 0.212598 
vn 0.779528 -0.551181 0.299213 
vn 0.519685 -0.755906 0.401575 
vn 0.519685 -0.755906 0.401575 
vn 0.496063 -0.377953 0.779528 
vn 0.362205 -0.716535 0.606299 
vn 0.685039 -0.480315 0.551181 
vn -0.551181 -0.362205 -0.748031 
vn -0.952756 -0.259843 -0.15748 
vn -0.748031 -0.251969 -0.614173 
vn -0.771654 -0.551181 -0.314961 
vn 0.551181 -0.362205 -0.748031 
vn 0.692913 -0.267717 -0.669291 
vn 0.874016 -0.354331 -0.330709 
vn 0.732283 -0.582677 -0.346457 
vn -0.84252 -0.511811 -0.173228 
vn -0.574803 -0.818898 -0.015748 
vn -0.874016 -0.480315 -0.0314961 
vn -0.574803 -0.795276 -0.181102 
vn -0.275591 -0.944882 -0.173228 
vn -0.582677 -0.724409 -0.377953 
vn -0.291339 -0.866142 -0.409449 
vn -0.574803 -0.795276 -0.181102 
vn 0.582677 -0.724409 -0.377953 
vn 0.275591 -0.944882 -0.173228 
vn 0.291339 -0.866142 -0.409449 
vn 0.574803 -0.795276 -0.181102 
vn 0.76378 -0.614173 -0.204724 
vn 0.574803 -0.818898 -0.00787402 
vn 0.574803 -0.795276 -0.181102 
vn 0.779528 -0.622047 0 
vn -0.771654 -0.551181 -0.314961 
vn -0.574803 -0.795276 -0.181102 
vn -0.84252 -0.511811 -0.173228 
vn -0.582677 -0.724409 -0.377953 
vn -0.283465 -0.96063 -0.023622 
vn -0.275591 -0.944882 -0.173228 
vn -0.574803 -0.818898 -0.015748 
vn -0.283465 -0.96063 -0.023622 
vn -0.582677 -0.811024 0.0629921 
vn -0.314961 -0.952756 0.0393701 
vn -0.622047 -0.708661 0.338583 
vn -0.692913 -0.228346 0.685039 
vn -0.826772 -0.275591 0.488189 
vn -0.448819 -0.716535 0.535433 
vn -0.448819 -0.716535 0.535433 
vn -0.488189 -0.291339 0.826772 
vn -0.322835 -0.700787 0.637795 
vn 0.15748 -0.511811 -0.850394 
vn 0 -0.937008 -0.346457 
vn 0 -0.566929 -0.826772 
vn 0.149606 -0.913386 -0.385827 
vn 0.574803 -0.787402 0.212598 
vn 0.519685 -0.755906 0.401575 
vn 0.23622 -0.952756 0.19685 
vn 0.299213 -0.952756 0.102362 
vn -0.322835 -0.700787 0.637795 
vn -0.173228 -0.700787 0.685039 
vn -0.259843 -0.330709 0.905512 
vn -0.488189 -0.291339 0.826772 
vn -0.125984 -0.984252 -0.141732 
vn -0.291339 -0.866142 -0.409449 
vn -0.149606 -0.913386 -0.385827 
vn -0.275591 -0.944882 -0.173228 
vn -0.622047 -0.708661 0.338583 
vn -0.645669 -0.724409 0.228346 
vn -0.259843 -0.944882 0.181102 
vn -0.322835 -0.937008 0.110236 
vn 0.779528 -0.622047 0 
vn 0.590551 -0.811024 0.0314961 
vn 0.574803 -0.818898 -0.00787402 
vn 0.787402 -0.614173 0.0314961 
vn -0.645669 -0.724409 0.228346 
vn -0.826772 -0.275591 0.488189 
vn -0.834646 -0.401575 0.377953 
vn -0.622047 -0.708661 0.338583 
vn -0.858268 -0.456693 0.212598 
vn -0.645669 -0.724409 0.228346 
vn -0.606299 -0.779528 0.141732 
vn -0.858268 -0.456693 0.212598 
vn -0.582677 -0.811024 0.0629921 
vn -0.866142 -0.488189 0.0944882 
vn -0.874016 -0.480315 -0.0314961 
vn -0.582677 -0.811024 0.0629921 
vn -0.574803 -0.818898 -0.015748 
vn 0.291339 -0.866142 -0.409449 
vn 0.125984 -0.984252 -0.141732 
vn 0.149606 -0.913386 -0.385827 
vn 0.275591 -0.944882 -0.173228 
vn 0.732283 -0.582677 -0.346457 
vn 0.574803 -0.795276 -0.181102 
vn 0.582677 -0.724409 -0.377953 
vn 0.76378 -0.614173 -0.204724 
vn 0.283465 -0.96063 -0.023622 
vn 0.275591 -0.944882 -0.173228 
vn 0.574803 -0.818898 -0.00787402 
vn 0.590551 -0.811024 0.0314961 
vn 0.283465 -0.96063 -0.023622 
vn 0.307087 -0.952756 0.0314961 
vn 0.590551 -0.811024 0.0314961 
vn 0.307087 -0.952756 0.0393701 
vn 0.590551 -0.80315 0.0629921 
vn 0.874016 -0.354331 -0.330709 
vn 0.897638 -0.385827 -0.220472 
vn 0.732283 -0.582677 -0.346457 
vn 0.76378 -0.614173 -0.204724 
vn 0.779528 -0.622047 0 
vn 0.905512 -0.417323 0 
vn 0.905512 -0.417323 0 
vn 0.787402 -0.614173 0.0314961 
vn 0.92126 -0.385827 0.0866142 
vn 0.590551 -0.80315 0.0629921 
vn 0.590551 -0.811024 0.0314961 
vn 0.811024 -0.582677 0.0787402 
vn 0.779528 -0.551181 0.299213 
vn 0.590551 -0.80315 0.0629921 
vn 0.574803 -0.787402 0.212598 
vn -0.448819 -0.716535 0.535433 
vn -0.622047 -0.708661 0.338583 
vn -0.173228 -0.952756 0.244094 
vn -0.259843 -0.944882 0.181102 
vn 0.590551 -0.80315 0.0629921 
vn 0.574803 -0.787402 0.212598 
vn 0.299213 -0.952756 0.102362 
vn 0.307087 -0.952756 0.0393701 
vn 0.503937 0.354331 -0.787402 
vn 0.795276 0.433071 -0.425197 
vn 0.574803 0.204724 -0.795276 
vn 0.598425 0.708661 -0.377953 
vn -0.330709 -0.944882 0.0629921 
vn -0.322835 -0.937008 0.110236 
vn -0.606299 -0.779528 0.141732 
vn -0.645669 -0.724409 0.228346 
vn -0.606299 -0.779528 0.141732 
vn -0.314961 -0.952756 0.0393701 
vn -0.582677 -0.811024 0.0629921 
vn -0.740157 0.0866142 -0.669291 
vn -0.937008 0.283465 -0.188976 
vn -0.677165 0.661417 -0.314961 
vn -0.543307 0.346457 -0.76378 
vn -0.322835 -0.700787 0.637795 
vn -0.448819 -0.716535 0.535433 
vn -0.125984 -0.952756 0.267717 
vn -0.173228 -0.952756 0.244094 
vn 0.102362 -0.976378 0.181102 
vn 0.125984 -0.944882 0.299213 
vn 0.0629921 -0.984252 0.15748 
vn 0.149606 -0.952756 0.267717 
vn -0.173228 -0.952756 0.244094 
vn -0.110236 -0.976378 0.165354 
vn -0.125984 -0.952756 0.267717 
vn -0.0629921 -0.984252 0.141732 
vn 0.732283 -0.582677 -0.346457 
vn 0.496063 -0.393701 -0.779528 
vn 0.551181 -0.362205 -0.748031 
vn 0.582677 -0.724409 -0.377953 
vn 0.23622 0.173228 -0.952756 
vn 0.149606 0.0944882 -0.984252 
vn 0.496063 -0.393701 -0.779528 
vn -0.0866142 -0.952756 0.299213 
vn -0.322835 -0.700787 0.637795 
vn -0.125984 -0.952756 0.267717 
vn -0.173228 -0.700787 0.685039 
vn 0.23622 -0.952756 0.19685 
vn 0.149606 -0.952756 0.267717 
vn 0.125984 -0.984252 0.11811 
vn 0.102362 -0.976378 0.181102 
vn 0.362205 -0.716535 0.606299 
vn 0.346457 -0.322835 0.88189 
vn 0.275591 -0.692913 0.669291 
vn 0.496063 -0.377953 0.779528 
vn -0.149606 -0.913386 -0.385827 
vn -0.314961 -0.480315 -0.818898 
vn -0.15748 -0.511811 -0.850394 
vn -0.291339 -0.866142 -0.409449 
vn -0.15748 -0.511811 -0.850394 
vn -0.23622 0.173228 -0.952756 
vn -0.102362 0.15748 -0.984252 
vn 0.314961 -0.480315 -0.818898 
vn 0.149606 -0.913386 -0.385827 
vn 0.15748 -0.511811 -0.850394 
vn 0.291339 -0.866142 -0.409449 
vn 0.15748 -0.511811 -0.850394 
vn 0.23622 0.173228 -0.96063 
vn 0.102362 0.15748 -0.984252 
vn -0.952756 -0.259843 -0.15748 
vn -0.84252 -0.511811 -0.173228 
vn -0.976378 -0.165354 -0.110236 
vn -0.771654 -0.551181 -0.314961 
vn 0.685039 -0.480315 0.551181 
vn 0.566929 -0.0944882 0.818898 
vn 0.496063 -0.377953 0.779528 
vn 0.771654 -0.0866142 0.629921 
vn 0.685039 -0.480315 0.551181 
vn 0.905512 -0.149606 0.401575 
vn 0.779528 -0.551181 0.299213 
vn 0.937008 -0.283465 0.181102 
vn 0.905512 -0.149606 0.401575 
vn 0.811024 -0.582677 0.0787402 
vn 0.811024 -0.582677 0.0787402 
vn 0.92126 -0.385827 0.0866142 
vn 0.787402 -0.614173 0.0314961 
vn 0 -0.937008 -0.346457 
vn -0.15748 -0.511811 -0.850394 
vn 0 -0.566929 -0.826772 
vn -0.149606 -0.913386 -0.385827 
vn -0.15748 -0.511811 -0.850394 
vn -0.102362 0.15748 -0.984252 
vn 0 0.11811 -0.992126 
vn 0.015748 -0.937008 0.346457 
vn -0.0629921 -0.677165 0.732283 
vn -0.015748 -0.944882 0.330709 
vn 0.0787402 -0.677165 0.732283 
vn -0.0866142 -0.952756 0.299213 
vn -0.0629921 -0.677165 0.732283 
vn 0.015748 -0.937008 0.346457 
vn 0.149606 -0.661417 0.732283 
vn 0.0472441 -0.937008 0.346457 
vn 0.0944882 -0.937008 0.322835 
vn 0.149606 -0.661417 0.732283 
vn 0.181102 -0.677165 0.716535 
vn 0.0944882 -0.937008 0.322835 
vn 0.275591 -0.692913 0.669291 
vn 0.125984 -0.944882 0.299213 
vn 0.149606 -0.952756 0.267717 
vn 0.275591 -0.692913 0.669291 
vn 0.362205 -0.716535 0.606299 
vn 0.519685 -0.755906 0.401575 
vn 0.149606 -0.952756 0.267717 
vn 0.23622 -0.952756 0.19685 
vn 0.275591 -0.692913 0.669291 
vn 0.228346 -0.291339 0.929134 
vn 0.181102 -0.677165 0.716535 
vn 0.346457 -0.322835 0.88189 
vn 0.574803 0.204724 -0.795276 
vn 0.929134 0.110236 -0.346457 
vn 0.637795 0.125984 -0.755906 
vn 0.795276 0.433071 -0.425197 
vn 0.984252 -0.0393701 -0.181102 
vn 0.637795 0.125984 -0.755906 
vn 0.740157 0 -0.677165 
vn -0.173228 -0.700787 0.685039 
vn -0.0629921 -0.677165 0.732283 
vn -0.102362 -0.314961 0.944882 
vn -0.259843 -0.330709 0.905512 
vn 0.795276 0.433071 -0.425197 
vn 0.992126 0.0472441 -0.11811 
vn 0.929134 0.110236 -0.346457 
vn 0.84252 0.496063 -0.19685 
vn 0.692913 -0.267717 -0.669291 
vn 0.76378 -0.125984 -0.629921 
vn 0.944882 -0.125984 -0.291339 
vn 0.874016 -0.354331 -0.330709 
vn 0.496063 -0.377953 0.779528 
vn 0.425197 -0.15748 0.889764 
vn 0.346457 -0.322835 0.88189 
vn 0.566929 -0.0944882 0.818898 
vn -0.456693 0.480315 -0.748031 
vn -0.314961 0.897638 -0.314961 
vn -0.385827 0.480315 -0.787402 
vn -0.464567 0.818898 -0.322835 
vn 0.275591 -0.944882 -0.173228 
vn 0.173228 -0.984252 -0.023622 
vn 0.125984 -0.984252 -0.141732 
vn 0.283465 -0.96063 -0.023622 
vn -0.0629921 -0.677165 0.732283 
vn 0.0787402 -0.677165 0.732283 
vn 0.102362 -0.307087 0.944882 
vn -0.102362 -0.314961 0.944882 
vn 0.149606 -0.661417 0.732283 
vn 0.102362 -0.307087 0.944882 
vn 0.220472 -0.283465 0.937008 
vn 0.456693 0.472441 -0.748031 
vn 0.385827 0.480315 -0.787402 
vn 0.314961 0.889764 -0.314961 
vn 0.456693 0.826772 -0.330709 
vn -0.543307 0.346457 -0.76378 
vn -0.464567 0.818898 -0.322835 
vn -0.456693 0.480315 -0.748031 
vn -0.677165 0.661417 -0.314961 
vn 0.102362 -0.307087 0.944882 
vn -0.165354 -0.15748 0.976378 
vn -0.102362 -0.314961 0.944882 
vn 0.0393701 -0.228346 0.968504 
vn -0.259843 -0.330709 0.905512 
vn -0.165354 -0.15748 0.976378 
vn -0.314961 -0.0944882 0.944882 
vn 0.102362 -0.307087 0.944882 
vn 0.228346 -0.267717 0.937008 
vn 0.220472 -0.283465 0.937008 
vn 0.228346 -0.291339 0.929134 
vn 0.228346 -0.267717 0.937008 
vn 0.283465 -0.244094 0.929134 
vn 0.503937 0.354331 -0.787402 
vn 0.456693 0.472441 -0.748031 
vn 0.456693 0.826772 -0.330709 
vn 0.598425 0.708661 -0.377953 
vn 0.598425 0.708661 -0.377953 
vn 0.598425 0.779528 -0.188976 
vn 0.795276 0.433071 -0.425197 
vn 0.84252 0.496063 -0.19685 
vn -0.102362 0.574803 -0.811024 
vn 0 0.96063 -0.291339 
vn 0 0.574803 -0.818898 
vn -0.0866142 0.96063 -0.275591 
vn 0 0.574803 -0.818898 
vn -0.0866142 -0.0708661 -0.992126 
vn 0 -0.0472441 -1 
vn 0.244094 0.543307 -0.80315 
vn 0.0866142 0.96063 -0.275591 
vn 0.141732 0.952756 -0.267717 
vn 0.102362 0.574803 -0.811024 
vn 0.228346 -0.102362 -0.968504 
vn 0.102362 0.574803 -0.811024 
vn 0.0866142 -0.0708661 -0.992126 
vn 0.346457 -0.322835 0.88189 
vn 0.283465 -0.244094 0.929134 
vn 0.228346 -0.291339 0.929134 
vn 0.425197 -0.15748 0.889764 
vn -0.385827 0.480315 -0.787402 
vn -0.181102 0.937008 -0.291339 
vn -0.307087 0.519685 -0.795276 
vn -0.314961 0.897638 -0.314961 
vn -0.307087 0.519685 -0.795276 
vn -0.291339 -0.141732 -0.944882 
vn -0.283465 -0.110236 -0.952756 
vn -0.188976 0.944882 -0.267717 
vn -0.370079 0.503937 -0.779528 
vn -0.181102 0.937008 -0.291339 
vn -0.370079 0.503937 -0.779528 
vn -0.283465 -0.110236 -0.952756 
vn -0.362205 -0.11811 -0.92126 
vn 0.370079 0.503937 -0.779528 
vn 0.141732 0.952756 -0.267717 
vn 0.188976 0.944882 -0.267717 
vn 0.244094 0.543307 -0.80315 
vn 0.362205 -0.11811 -0.92126 
vn 0.244094 0.543307 -0.80315 
vn 0.228346 -0.102362 -0.968504 
vn 0.874016 -0.354331 -0.330709 
vn 0.944882 -0.125984 -0.291339 
vn 0.968504 -0.0629921 -0.228346 
vn 0.897638 -0.385827 -0.220472 
vn 0.968504 -0.0629921 -0.228346 
vn 0.905512 -0.417323 0 
vn 1 0 -0.0393701 
vn 0.905512 -0.417323 0 
vn 0.992126 -0.00787402 0.11811 
vn 0.92126 -0.385827 0.0866142 
vn 0.992126 -0.00787402 0.11811 
vn 0.937008 -0.283465 0.181102 
vn 0.96063 -0.00787402 0.275591 
vn 0.779528 -0.0787402 -0.622047 
vn 0.80315 -0.11811 -0.582677 
vn 1 -0.0629921 -0.0314961 
vn 0.992126 0.0472441 -0.0787402 
vn -0.0551181 -0.0551181 -1 
vn -0.015748 -0.133858 -0.992126 
vn 0.740157 0 -0.677165 
vn 0.023622 -0.00787402 -1 
vn 0.637795 0.125984 -0.755906 
vn 0.740157 0 -0.677165 
vn 1 -0.0629921 -0.0314961 
vn 0.984252 -0.0393701 -0.181102 
vn 0.0551181 -1 0.015748 
vn 0.188976 -0.984252 0.0314961 
vn 0.188976 -0.984252 0.0314961 
vn 0.173228 -0.984252 0.0629921 
vn 0.125984 -0.984252 0.11811 
vn 0.307087 -0.952756 0.0393701 
vn 0.307087 -0.952756 0.0314961 
vn 0.299213 -0.952756 0.102362 
vn 0.173228 -0.984252 0.0629921 
vn 0.23622 -0.952756 0.19685 
vn 0.125984 -0.984252 0.11811 
vn -0.370079 0.503937 -0.779528 
vn -0.141732 0.952756 -0.267717 
vn -0.244094 0.543307 -0.80315 
vn -0.188976 0.944882 -0.267717 
vn 0.385827 0.480315 -0.787402 
vn 0.307087 0.519685 -0.795276 
vn 0.181102 0.937008 -0.291339 
vn 0.314961 0.889764 -0.314961 
vn 0.307087 0.519685 -0.795276 
vn 0.188976 0.944882 -0.267717 
vn 0.370079 0.503937 -0.779528 
vn 0.755906 0.283465 0.590551 
vn 0.496063 0.566929 0.661417 
vn 0.582677 0.267717 0.771654 
vn 0.645669 0.566929 0.511811 
vn 0.496063 0.566929 0.661417 
vn 0.338583 0.220472 0.913386 
vn 0.322835 0.535433 0.779528 
vn -0.0551181 -1 0.015748 
vn -0.19685 -0.976378 0.0393701 
vn -0.19685 -0.976378 0.0314961 
vn -0.330709 -0.944882 0.0629921 
vn -0.314961 -0.952756 0.0393701 
vn 0.00787402 -0.976378 0.19685 
vn -0.00787402 -0.984252 0.181102 
vn -0.0629921 -0.976378 0.19685 
vn -0.0629921 -0.984252 0.141732 
vn -0.188976 -0.976378 0.0629921 
vn -0.141732 -0.984252 0.11811 
vn -0.19685 -0.976378 0.0393701 
vn -0.322835 -0.937008 0.110236 
vn -0.330709 -0.944882 0.0629921 
vn -0.141732 -0.984252 0.11811 
vn -0.188976 -0.976378 0.0629921 
vn -0.259843 -0.944882 0.181102 
vn -0.141732 -0.984252 0.11811 
vn -0.173228 -0.952756 0.244094 
vn -0.110236 -0.976378 0.165354 
vn -0.00787402 -0.984252 0.181102 
vn -0.0866142 -0.952756 0.299213 
vn -0.015748 -0.944882 0.330709 
vn 0.00787402 -0.976378 0.19685 
vn 0.015748 -0.937008 0.346457 
vn 0.0472441 -0.937008 0.346457 
vn 0.015748 -0.984252 0.188976 
vn 0.0944882 -0.937008 0.322835 
vn 0.0708661 -0.976378 0.204724 
vn -0.125984 -0.952756 0.267717 
vn -0.0629921 -0.976378 0.19685 
vn -0.0629921 -0.984252 0.141732 
vn 0.0708661 -0.976378 0.204724 
vn 0.125984 -0.944882 0.299213 
vn 0.0629921 -0.984252 0.15748 
vn 0.0551181 -1 0.015748 
vn 0.0629921 -0.984252 0.15748 
vn 0.015748 -0.984252 0.188976 
vn 0.00787402 -0.976378 0.19685 
vn -0.84252 -0.0708661 -0.535433 
vn -0.968504 -0.133858 -0.19685 
vn -0.76378 -0.0314961 -0.645669 
vn -0.992126 -0.149606 -0.0393701 
vn -0.968504 -0.133858 -0.19685 
vn -0.724409 0.0472441 -0.685039 
vn -0.937008 0.0551181 -0.338583 
vn -0.732283 0.11811 -0.669291 
vn -0.937008 0.228346 -0.267717 
vn -0.724409 0.0472441 -0.685039 
vn -0.251969 0.480315 0.84252 
vn -0.307087 0.716535 0.629921 
vn -0.330709 0.543307 0.771654 
vn -0.251969 0.700787 0.669291 
vn -0.346457 0.275591 0.897638 
vn -0.488189 0.566929 0.661417 
vn -0.566929 0.322835 0.755906 
vn -0.488189 0.566929 0.661417 
vn -0.787402 0.291339 0.543307 
vn -0.653543 0.559055 0.511811 
vn -0.173228 -0.984252 -0.023622 
vn -0.314961 -0.952756 0.0393701 
vn -0.283465 -0.96063 -0.023622 
vn -0.19685 -0.976378 0.0314961 
vn -0.0551181 -1 0.015748 
vn -0.110236 -0.976378 0.165354 
vn -0.0629921 -0.984252 0.141732 
vn -0.141732 -0.984252 0.11811 
vn 0.905512 0.259843 0.338583 
vn 0.645669 0.566929 0.511811 
vn 0.755906 0.283465 0.590551 
vn 0.755906 0.559055 0.346457 
vn -0.244094 0.543307 -0.80315 
vn -0.0866142 0.96063 -0.275591 
vn -0.102362 0.574803 -0.811024 
vn -0.141732 0.952756 -0.267717 
vn -0.204724 0.417323 0.88189 
vn -0.251969 0.700787 0.669291 
vn -0.251969 0.480315 0.84252 
vn -0.204724 0.700787 0.685039 
vn 0.102362 0.574803 -0.811024 
vn 0 0.96063 -0.291339 
vn 0.0866142 0.96063 -0.275591 
vn 0 0.574803 -0.818898 
vn 0.598425 0.779528 -0.188976 
vn 0.606299 0.795276 -0.0314961 
vn 0.84252 0.496063 -0.19685 
vn 0.858268 0.511811 0.00787402 
vn -0.937008 0.283465 -0.188976 
vn -0.944882 0.330709 -0.023622 
vn -0.740157 0.669291 -0.0944882 
vn -0.677165 0.661417 -0.314961 
vn -0.125984 -0.984252 -0.141732 
vn 0 -0.992126 -0.141732 
vn -0.0551181 -1 0.015748 
vn -0.173228 -0.984252 -0.023622 
vn -0.125984 -0.984252 -0.141732 
vn -0.0551181 -1 0.015748 
vn 0.125984 -0.984252 -0.141732 
vn 0.0551181 -1 0.015748 
vn 0 -0.992126 -0.141732 
vn 0 0.84252 0.535433 
vn -0.15748 0.826772 0.535433 
vn -0.204724 0.700787 0.685039 
vn 0 0.716535 0.700787 
vn 0.00787402 0.393701 0.92126 
vn 0.204724 0.700787 0.685039 
vn 0.212598 0.401575 0.889764 
vn 0.204724 0.700787 0.685039 
vn 0 0.84252 0.535433 
vn 0.15748 0.826772 0.535433 
vn -0.204724 0.700787 0.685039 
vn 0.00787402 0.393701 0.92126 
vn -0.204724 0.417323 0.88189 
vn -0.677165 0.661417 -0.314961 
vn -0.409449 0.889764 -0.19685 
vn -0.464567 0.818898 -0.322835 
vn -0.740157 0.669291 -0.0944882 
vn 0.76378 -0.125984 -0.629921 
vn 0.771654 -0.015748 -0.637795 
vn 0.976378 0.0708661 -0.19685 
vn 0.944882 -0.125984 -0.291339 
vn 0.212598 0.401575 0.889764 
vn 0.259843 0.700787 0.669291 
vn 0.204724 0.700787 0.685039 
vn 0.244094 0.464567 0.850394 
vn -0.173228 0.188976 0.968504 
vn -0.330709 0.543307 0.771654 
vn -0.346457 0.275591 0.897638 
vn -0.251969 0.480315 0.84252 
vn 0.181102 -0.677165 0.716535 
vn 0.220472 -0.283465 0.937008 
vn 0.149606 -0.661417 0.732283 
vn 0.228346 -0.291339 0.929134 
vn -0.84252 -0.511811 -0.173228 
vn -0.874016 -0.480315 -0.0314961 
vn -0.976378 -0.165354 -0.110236 
vn -0.992126 -0.125984 0.015748 
vn -0.385827 0.748031 0.543307 
vn -0.496063 0.748031 0.440945 
vn -0.488189 0.566929 0.661417 
vn -0.653543 0.559055 0.511811 
vn -0.590551 0 0.80315 
vn -0.330709 -0.023622 0.944882 
vn -0.566929 0.322835 0.755906 
vn -0.346457 0.275591 0.897638 
vn 0.307087 0.716535 0.629921 
vn 0.244094 0.464567 0.850394 
vn 0.322835 0.535433 0.779528 
vn 0.259843 0.700787 0.669291 
vn -0.385827 0.748031 0.543307 
vn -0.330709 0.543307 0.771654 
vn -0.307087 0.716535 0.629921 
vn -0.488189 0.566929 0.661417 
vn -0.992126 -0.125984 0.015748 
vn -0.866142 -0.488189 0.0944882 
vn -0.984252 -0.11811 0.102362 
vn -0.874016 -0.480315 -0.0314961 
vn -0.952756 0.228346 0.181102 
vn -0.653543 0.559055 0.511811 
vn -0.834646 0.511811 0.212598 
vn -0.787402 0.291339 0.543307 
vn -0.653543 0.716535 0.244094 
vn -0.905512 0.425197 0.0708661 
vn -0.748031 0.645669 0.11811 
vn -0.653543 0.559055 0.511811 
vn -0.653543 0.716535 0.244094 
vn -0.496063 0.748031 0.440945 
vn 0.456693 0.826772 -0.330709 
vn 0.417323 0.866142 -0.267717 
vn 0.598425 0.708661 -0.377953 
vn 0.598425 0.779528 -0.188976 
vn 0.496063 0.566929 0.661417 
vn 0.645669 0.566929 0.511811 
vn 0.496063 0.748031 0.433071 
vn 0.385827 0.748031 0.543307 
vn 0.385827 0.748031 0.543307 
vn 0.307087 0.716535 0.629921 
vn 0.322835 0.535433 0.779528 
vn 0.496063 0.566929 0.661417 
vn 0.173228 0.133858 0.976378 
vn 0.322835 0.535433 0.779528 
vn 0.244094 0.464567 0.850394 
vn 0.338583 0.220472 0.913386 
vn 0.976378 0.141732 0.173228 
vn 0.811024 0.535433 0.220472 
vn 0.755906 0.559055 0.346457 
vn 0.905512 0.259843 0.338583 
vn -0.212598 0.811024 0.543307 
vn -0.291339 0.795276 0.527559 
vn -0.307087 0.716535 0.629921 
vn -0.251969 0.700787 0.669291 
vn -0.15748 0.826772 0.535433 
vn -0.212598 0.811024 0.543307 
vn -0.251969 0.700787 0.669291 
vn -0.204724 0.700787 0.685039 
vn 0.84252 0.496063 -0.19685 
vn 1 0 0.0472441 
vn 0.992126 0.0472441 -0.11811 
vn 0.858268 0.511811 0.00787402 
vn 1 0 0.0472441 
vn 0.84252 0.519685 0.141732 
vn 0.984252 0.0472441 0.165354 
vn 0.204724 0.700787 0.685039 
vn 0.259843 0.700787 0.669291 
vn 0.15748 0.826772 0.535433 
vn 0.212598 0.811024 0.543307 
vn -0.574803 0.818898 -0.015748 
vn -0.409449 0.889764 -0.19685 
vn -0.740157 0.669291 -0.0944882 
vn -0.779528 0.629921 0.023622 
vn 0.259843 0.700787 0.669291 
vn 0.307087 0.716535 0.629921 
vn 0.212598 0.811024 0.543307 
vn 0.291339 0.795276 0.527559 
vn -0.937008 0.228346 -0.267717 
vn -0.80315 0.0551181 -0.598425 
vn -0.732283 0.11811 -0.669291 
vn -0.976378 0.173228 -0.125984 
vn 0.984252 0.0472441 0.165354 
vn 0.84252 0.519685 0.141732 
vn 0.811024 0.535433 0.220472 
vn 0.976378 0.141732 0.173228 
vn 0.771654 -0.015748 -0.637795 
vn 0.779528 -0.0787402 -0.622047 
vn 0.992126 0.0472441 -0.0787402 
vn 0.976378 0.0708661 -0.19685 
vn 0 -0.992126 -0.141732 
vn -0.149606 -0.913386 -0.385827 
vn 0 -0.937008 -0.346457 
vn -0.125984 -0.984252 -0.141732 
vn 0.149606 -0.913386 -0.385827 
vn 0 -0.992126 -0.141732 
vn 0.125984 -0.984252 -0.141732 
vn -0.173228 -0.984252 -0.023622 
vn -0.275591 -0.944882 -0.173228 
vn -0.283465 -0.96063 -0.023622 
vn 0.173228 -0.984252 -0.023622 
vn 0.0551181 -1 0.015748 
vn 0.0629921 -0.984252 0.15748 
vn 0.102362 -0.976378 0.181102 
vn 0.125984 -0.984252 0.11811 
vn 0.173228 -0.984252 -0.023622 
vn 0.188976 -0.984252 0.0314961 
vn 0.307087 -0.952756 0.0314961 
vn 0.283465 -0.96063 -0.023622 
vn -0.362205 0.80315 0.472441 
vn -0.425197 0.818898 0.385827 
vn -0.385827 0.748031 0.543307 
vn -0.496063 0.748031 0.440945 
vn -0.385827 0.748031 0.543307 
vn -0.291339 0.795276 0.527559 
vn -0.307087 0.716535 0.629921 
vn -0.944882 0.330709 -0.023622 
vn -0.779528 0.629921 0.023622 
vn -0.740157 0.669291 -0.0944882 
vn -0.92126 0.385827 0.0551181 
vn -0.968504 -0.133858 -0.19685 
vn -0.992126 0.0551181 -0.0708661 
vn -0.937008 0.0551181 -0.338583 
vn -0.976378 -0.19685 -0.015748 
vn 0.385827 0.748031 0.543307 
vn 0.496063 0.748031 0.433071 
vn 0.425197 0.818898 0.385827 
vn 0.362205 0.80315 0.472441 
vn 0.291339 0.795276 0.527559 
vn 0.385827 0.748031 0.543307 
vn 0.307087 0.716535 0.629921 
vn -0.952756 -0.15748 0.244094 
vn -0.834646 -0.401575 0.377953 
vn -0.874016 -0.141732 0.464567 
vn -0.858268 -0.456693 0.212598 
vn -0.574803 0.818898 0.015748 
vn -0.779528 0.629921 0.023622 
vn -0.779528 0.622047 0.102362 
vn -0.574803 0.818898 -0.015748 
vn 0.645669 0.566929 0.511811 
vn 0.755906 0.559055 0.346457 
vn 0.590551 0.748031 0.299213 
vn 0.496063 0.748031 0.433071 
vn 0.811024 0.535433 0.220472 
vn 0.590551 0.748031 0.299213 
vn 0.629921 0.755906 0.165354 
vn 0.84252 0.519685 0.141732 
vn 0.811024 0.535433 0.220472 
vn 0.622047 0.779528 0.0787402 
vn 0.858268 0.511811 0.00787402 
vn 0.622047 0.779528 0.0787402 
vn 0.606299 0.795276 -0.0314961 
vn -0.425197 0.818898 0.385827 
vn -0.496063 0.834646 0.228346 
vn -0.496063 0.748031 0.440945 
vn -0.653543 0.716535 0.244094 
vn -0.496063 0.834646 0.228346 
vn -0.748031 0.645669 0.11811 
vn -0.574803 0.811024 0.102362 
vn -0.992126 0.0551181 -0.0708661 
vn -0.937008 0.228346 -0.267717 
vn -0.937008 0.0551181 -0.338583 
vn -0.952756 0.283465 -0.0787402 
vn -0.0393701 0.0944882 0.992126 
vn -0.251969 0.125984 0.96063 
vn -0.322835 0.0314961 0.944882 
vn 0.00787402 0.188976 0.984252 
vn -0.0393701 -0.0708661 1 
vn -0.291339 -0.023622 0.952756 
vn -0.0393701 0.0944882 0.992126 
vn -0.0393701 0.0944882 0.992126 
vn 0.188976 0.204724 0.96063 
vn 0.188976 0.125984 0.976378 
vn -0.0393701 -0.0708661 1 
vn 0.188976 0.125984 0.976378 
vn 0.204724 -0.0944882 0.976378 
vn 0.0393701 -0.228346 0.968504 
vn 0.228346 -0.267717 0.937008 
vn -0.0393701 -0.0708661 1 
vn 0.283465 -0.244094 0.929134 
vn 0.204724 -0.0944882 0.976378 
vn 0.385827 -0.0708661 0.92126 
vn -0.291339 -0.023622 0.952756 
vn 0.0393701 -0.228346 0.968504 
vn -0.165354 -0.15748 0.976378 
vn -0.92126 0.385827 0.0551181 
vn -0.779528 0.622047 0.102362 
vn -0.779528 0.629921 0.023622 
vn -0.905512 0.393701 0.141732 
vn -0.574803 0.811024 0.102362 
vn -0.779528 0.622047 0.102362 
vn -0.748031 0.645669 0.11811 
vn -0.574803 0.818898 0.015748 
vn -0.322835 0.88189 0.346457 
vn -0.291339 0.795276 0.527559 
vn -0.259843 0.889764 0.370079 
vn -0.362205 0.80315 0.472441 
vn -0.905512 0.393701 0.141732 
vn -0.748031 0.645669 0.11811 
vn -0.779528 0.622047 0.102362 
vn -0.905512 0.425197 0.0708661 
vn 0.425197 0.818898 0.385827 
vn 0.370079 0.874016 0.322835 
vn 0.362205 0.80315 0.472441 
vn 0.314961 0.88189 0.346457 
vn -0.259843 0.889764 0.370079 
vn -0.291339 0.795276 0.527559 
vn -0.181102 0.905512 0.393701 
vn -0.212598 0.811024 0.543307 
vn -0.984252 -0.11811 0.102362 
vn -0.858268 -0.456693 0.212598 
vn -0.952756 -0.15748 0.244094 
vn -0.866142 -0.488189 0.0944882 
vn 0.181102 0.905512 0.393701 
vn 0.212598 0.811024 0.543307 
vn 0.291339 0.795276 0.527559 
vn 0.259843 0.889764 0.370079 
vn 0.291339 0.795276 0.527559 
vn 0.314961 0.88189 0.346457 
vn 0.362205 0.80315 0.472441 
vn -0.133858 0.905512 0.401575 
vn -0.15748 0.826772 0.535433 
vn 0 0.913386 0.401575 
vn 0 0.84252 0.535433 
vn 0.133858 0.905512 0.401575 
vn 0 0.913386 0.401575 
vn 0.15748 0.826772 0.535433 
vn 0 0.84252 0.535433 
vn -0.748031 -0.251969 -0.614173 
vn -0.992126 -0.125984 -0.0314961 
vn -0.858268 -0.125984 -0.496063 
vn -0.952756 -0.259843 -0.15748 
vn 0.370079 0.913386 0.181102 
vn 0.425197 0.818898 0.385827 
vn 0.464567 0.850394 0.23622 
vn 0.370079 0.874016 0.322835 
vn -0.976378 0.173228 -0.125984 
vn -0.740157 0.0866142 -0.669291 
vn -0.80315 0.0551181 -0.598425 
vn -0.937008 0.283465 -0.188976 
vn 0.314961 -0.0472441 0.944882 
vn 0.173228 0.133858 0.976378 
vn 0.125984 -0.0393701 0.992126 
vn 0.338583 0.220472 0.913386 
vn 0.314961 -0.0472441 0.944882 
vn 0.582677 0.267717 0.771654 
vn 0.598425 -0.0629921 0.80315 
vn 0.598425 -0.0629921 0.80315 
vn 0.755906 0.283465 0.590551 
vn 0.771654 -0.0708661 0.629921 
vn 0.944882 -0.0787402 0.307087 
vn 0.755906 0.283465 0.590551 
vn 0.905512 0.259843 0.338583 
vn -0.968504 -0.0944882 0.212598 
vn -0.874016 -0.141732 0.464567 
vn -0.858268 -0.0866142 0.503937 
vn -0.952756 -0.15748 0.244094 
vn -0.992126 -0.149606 -0.0393701 
vn -0.976378 -0.19685 -0.015748 
vn -0.968504 -0.133858 -0.19685 
vn -0.984252 -0.165354 -0.023622 
vn -0.102362 0.574803 -0.811024 
vn -0.228346 -0.102362 -0.968504 
vn -0.244094 0.543307 -0.80315 
vn -0.0866142 -0.0708661 -0.992126 
vn 0.496063 0.748031 0.433071 
vn 0.590551 0.748031 0.299213 
vn 0.464567 0.850394 0.23622 
vn 0.425197 0.818898 0.385827 
vn 0.629921 0.755906 0.165354 
vn 0.464567 0.850394 0.23622 
vn 0.480315 0.866142 0.110236 
vn 0.622047 0.779528 0.0787402 
vn 0.480315 0.866142 0.110236 
vn 0.456693 0.889764 0.00787402 
vn 0.606299 0.795276 -0.0314961 
vn 0.622047 0.779528 0.0787402 
vn 0.448819 0.88189 -0.133858 
vn 0.598425 0.779528 -0.188976 
vn 0.448819 0.88189 -0.133858 
vn 0.417323 0.866142 -0.267717 
vn -0.952756 0.283465 -0.0787402 
vn -0.976378 0.173228 -0.125984 
vn -0.937008 0.228346 -0.267717 
vn -0.976378 0.212598 -0.0393701 
vn -0.425197 0.818898 0.385827 
vn -0.362205 0.80315 0.472441 
vn -0.370079 0.874016 0.322835 
vn -0.322835 0.88189 0.346457 
vn -0.370079 0.913386 0.181102 
vn -0.425197 0.818898 0.385827 
vn -0.496063 0.834646 0.228346 
vn -0.370079 0.913386 0.181102 
vn -0.574803 0.811024 0.102362 
vn -0.354331 0.937008 0.0472441 
vn -0.874016 -0.141732 0.464567 
vn -0.834646 -0.401575 0.377953 
vn -0.826772 -0.275591 0.488189 
vn -0.826772 -0.0629921 0.559055 
vn 0.425197 -0.15748 0.889764 
vn 0.385827 -0.0708661 0.92126 
vn 0.283465 -0.244094 0.929134 
vn 0.559055 0.023622 0.826772 
vn 0.425197 -0.15748 0.889764 
vn 0.606299 0.133858 0.787402 
vn 0.566929 -0.0944882 0.818898 
vn 0.204724 -0.0944882 0.976378 
vn 0.393701 0.11811 0.913386 
vn 0.188976 0.125984 0.976378 
vn 0.385827 -0.0708661 0.92126 
vn -0.976378 0.212598 -0.0393701 
vn -0.976378 0.212598 0.0944882 
vn -0.968504 0.244094 0.0629921 
vn -0.952756 0.283465 -0.0787402 
vn -0.488189 -0.291339 0.826772 
vn -0.259843 -0.330709 0.905512 
vn -0.314961 -0.0944882 0.944882 
vn -0.543307 -0.0393701 0.834646 
vn -0.645669 0.0866142 0.755906 
vn -0.708661 -0.023622 0.700787 
vn -0.535433 0.133858 0.834646 
vn -0.488189 -0.291339 0.826772 
vn -0.708661 -0.023622 0.700787 
vn -0.692913 -0.228346 0.685039 
vn -0.826772 -0.0629921 0.559055 
vn -0.692913 -0.228346 0.685039 
vn -0.826772 -0.275591 0.488189 
vn -0.858268 -0.0866142 0.503937 
vn -0.874016 -0.141732 0.464567 
vn -0.76378 -0.015748 0.645669 
vn -0.291339 -0.023622 0.952756 
vn -0.464567 0.015748 0.88189 
vn -0.393701 0.0708661 0.913386 
vn -0.322835 0.0314961 0.944882 
vn 0.480315 0.866142 0.110236 
vn 0.370079 0.913386 0.181102 
vn 0.464567 0.850394 0.23622 
vn 0.354331 0.937008 0.0551181 
vn -0.590551 0 0.80315 
vn -0.80315 -0.204724 0.559055 
vn -0.551181 -0.244094 0.795276 
vn -0.850394 -0.00787402 0.527559 
vn -0.984252 -0.00787402 0.19685 
vn -0.80315 -0.204724 0.559055 
vn -0.96063 -0.0944882 0.267717 
vn -0.984252 -0.00787402 0.19685 
vn -0.984252 -0.023622 0.165354 
vn -0.992126 0.0551181 0.11811 
vn -0.787402 0.291339 0.543307 
vn -0.952756 0.228346 0.181102 
vn -0.850394 -0.00787402 0.527559 
vn -0.787402 0.291339 0.543307 
vn -0.590551 0 0.80315 
vn -0.566929 0.322835 0.755906 
vn -0.984252 -0.165354 -0.023622 
vn -0.984252 -0.110236 0.141732 
vn -0.976378 -0.19685 -0.015748 
vn -0.992126 -0.110236 0.0787402 
vn -0.244094 0.543307 -0.80315 
vn -0.362205 -0.11811 -0.92126 
vn -0.370079 0.503937 -0.779528 
vn -0.228346 -0.102362 -0.968504 
vn -0.866142 -0.0314961 0.496063 
vn -0.732283 -0.181102 0.661417 
vn -0.92126 -0.0393701 0.393701 
vn -0.716535 -0.0393701 0.700787 
vn 0.283465 -0.110236 -0.952756 
vn 0.370079 0.503937 -0.779528 
vn 0.307087 0.519685 -0.795276 
vn 0.362205 -0.11811 -0.92126 
vn -0.76378 -0.015748 0.645669 
vn -0.826772 -0.0629921 0.559055 
vn -0.708661 -0.023622 0.700787 
vn -0.645669 0.0866142 0.755906 
vn -0.330709 -0.023622 0.944882 
vn -0.551181 -0.244094 0.795276 
vn -0.354331 -0.188976 0.92126 
vn -0.590551 0 0.80315 
vn -0.992126 -0.125984 -0.0314961 
vn -0.976378 -0.165354 -0.110236 
vn -0.992126 -0.0866142 -0.0551181 
vn -0.952756 -0.259843 -0.15748 
vn -0.992126 -0.125984 0.015748 
vn -0.976378 -0.165354 -0.110236 
vn -1 -0.0708661 0.0393701 
vn -0.968504 -0.0944882 0.212598 
vn -0.866142 -0.0314961 0.496063 
vn -0.984252 0.015748 0.181102 
vn -0.858268 -0.0866142 0.503937 
vn -0.716535 -0.0393701 0.700787 
vn -0.535433 -0.212598 0.811024 
vn -0.732283 -0.181102 0.661417 
vn -0.566929 0.00787402 0.818898 
vn 0.283465 -0.141732 -0.944882 
vn 0.307087 0.519685 -0.795276 
vn 0.385827 0.480315 -0.787402 
vn 0.283465 -0.110236 -0.952756 
vn 0.314961 0.149606 0.937008 
vn 0.393701 -0.0944882 0.913386 
vn 0.19685 0.0472441 0.976378 
vn 0.543307 0.00787402 0.834646 
vn 0.653543 -0.0944882 0.748031 
vn 0.393701 -0.0944882 0.913386 
vn 0.606299 -0.212598 0.76378 
vn -0.472441 -0.141732 0.866142 
vn -0.401575 0 0.913386 
vn -0.212598 -0.0393701 0.976378 
vn -0.354331 -0.188976 0.92126 
vn -0.535433 0.023622 0.84252 
vn -0.472441 -0.141732 0.866142 
vn -0.464567 0.015748 0.88189 
vn -0.322835 0.0314961 0.944882 
vn -0.401575 0 0.913386 
vn -0.251969 0.125984 0.96063 
vn -0.251969 0.125984 0.96063 
vn -0.212598 -0.0393701 0.976378 
vn -0.149606 0.0866142 0.984252 
vn -0.96063 -0.0944882 0.267717 
vn -0.92126 -0.0393701 0.393701 
vn -0.732283 -0.181102 0.661417 
vn -0.80315 -0.204724 0.559055 
vn -0.732283 -0.181102 0.661417 
vn -0.551181 -0.244094 0.795276 
vn -0.535433 -0.212598 0.811024 
vn 0.015748 0.0393701 1 
vn -0.204724 0.417323 0.88189 
vn -0.133858 0.0787402 0.984252 
vn 0.00787402 0.393701 0.92126 
vn -0.251969 0.480315 0.84252 
vn -0.133858 0.0787402 0.984252 
vn -0.173228 0.188976 0.968504 
vn 0.015748 0.0393701 1 
vn 0.212598 0.401575 0.889764 
vn 0.173228 0.0551181 0.984252 
vn -0.133858 0.0787402 0.984252 
vn 0.0314961 -0.0393701 1 
vn -0.102362 -0.0314961 0.992126 
vn 0.0314961 -0.0393701 1 
vn 0.173228 0.0551181 0.984252 
vn 0.244094 0.464567 0.850394 
vn 0.173228 0.133858 0.976378 
vn 0.149606 -0.0393701 0.984252 
vn -0.110236 -0.0314961 0.992126 
vn -0.133858 0.0787402 0.984252 
vn -0.173228 0.188976 0.968504 
vn -0.346457 0.275591 0.897638 
vn -0.110236 -0.0314961 0.992126 
vn -0.330709 -0.023622 0.944882 
vn -0.149606 0.0866142 0.984252 
vn -0.212598 -0.0393701 0.976378 
vn -0.102362 -0.0314961 0.992126 
vn -0.354331 -0.188976 0.92126 
vn -0.110236 -0.0314961 0.992126 
vn -0.330709 -0.023622 0.944882 
vn 0.0314961 0.11811 0.992126 
vn -0.149606 0.0866142 0.984252 
vn 0.0314961 -0.0393701 1 
vn 0.173228 0.110236 0.976378 
vn 0.00787402 0.188976 0.984252 
vn 0.188976 0.204724 0.96063 
vn -0.149606 0.0866142 0.984252 
vn 0.00787402 0.188976 0.984252 
vn -0.251969 0.125984 0.96063 
vn -0.456693 0.480315 -0.748031 
vn -0.385827 0.480315 -0.787402 
vn -0.291339 -0.141732 -0.944882 
vn -0.267717 -0.173228 -0.944882 
vn -0.968504 0.244094 0.0629921 
vn -0.976378 0.133858 0.181102 
vn -0.96063 0.23622 0.15748 
vn -0.976378 0.212598 0.0944882 
vn -0.976378 0.133858 0.181102 
vn -0.976378 0.220472 0.0472441 
vn -0.992126 0.0551181 0.11811 
vn -0.472441 -0.141732 0.866142 
vn -0.566929 0.00787402 0.818898 
vn -0.535433 0.023622 0.84252 
vn -0.535433 -0.212598 0.811024 
vn -0.992126 -0.0708661 0.0551181 
vn -0.952756 -0.15748 0.244094 
vn -0.968504 -0.0944882 0.212598 
vn -0.984252 -0.11811 0.102362 
vn 0.606299 -0.212598 0.76378 
vn 0.314961 -0.0472441 0.944882 
vn 0.393701 -0.0944882 0.913386 
vn 0.598425 -0.0629921 0.80315 
vn 0.267717 -0.173228 -0.952756 
vn 0.283465 -0.141732 -0.944882 
vn 0.456693 0.472441 -0.748031 
vn 0.385827 0.480315 -0.787402 
vn -0.354331 -0.188976 0.92126 
vn -0.535433 -0.212598 0.811024 
vn -0.472441 -0.141732 0.866142 
vn -0.551181 -0.244094 0.795276 
vn 0.448819 0.88189 -0.133858 
vn 0.307087 0.952756 -0.0472441 
vn 0.456693 0.889764 0.00787402 
vn 0.259843 0.952756 -0.15748 
vn -0.992126 -0.125984 -0.0314961 
vn -0.984252 -0.165354 -0.023622 
vn -0.992126 -0.149606 -0.0393701 
vn -0.992126 -0.0866142 -0.0551181 
vn -1 -0.0708661 0.0393701 
vn -0.984252 -0.165354 -0.023622 
vn -0.992126 -0.110236 0.0787402 
vn -1 -0.015748 0.0787402 
vn -0.992126 -0.0708661 0.0551181 
vn -0.984252 0.015748 0.181102 
vn -0.968504 -0.0944882 0.212598 
vn -1 -0.015748 0.0787402 
vn -0.976378 -0.19685 -0.015748 
vn -0.984252 0.015748 0.165354 
vn -0.992126 0.0551181 -0.0708661 
vn -0.984252 -0.110236 0.141732 
vn 0.992126 -0.0314961 0.110236 
vn 0.858268 0 0.519685 
vn 0.968504 0.141732 0.188976 
vn 0.905512 -0.15748 0.393701 
vn 0.826772 0.0866142 0.559055 
vn 0.968504 0.141732 0.188976 
vn 0.944882 0.19685 0.259843 
vn -0.165354 -0.15748 0.976378 
vn -0.393701 0.0708661 0.913386 
vn -0.314961 -0.0944882 0.944882 
vn -0.291339 -0.023622 0.952756 
vn 0.905512 -0.15748 0.393701 
vn 0.716535 -0.0944882 0.685039 
vn 0.858268 0 0.519685 
vn 0.732283 -0.228346 0.645669 
vn 0.606299 -0.212598 0.76378 
vn 0.716535 -0.0944882 0.685039 
vn 0.653543 -0.0944882 0.748031 
vn -0.984252 0.015748 0.165354 
vn -0.976378 0.133858 0.181102 
vn -0.976378 0.212598 0.0944882 
vn -0.984252 -0.015748 0.188976 
vn -0.952756 0.283465 -0.0787402 
vn -0.984252 0.015748 0.165354 
vn -0.992126 0.0551181 -0.0708661 
vn -0.314961 0.897638 -0.314961 
vn -0.149606 0.968504 -0.188976 
vn -0.181102 0.937008 -0.291339 
vn -0.23622 0.952756 -0.188976 
vn -0.141732 0.968504 -0.188976 
vn -0.188976 0.944882 -0.267717 
vn -0.165354 0.968504 -0.173228 
vn -0.188976 0.968504 -0.149606 
vn -0.23622 0.952756 -0.188976 
vn -0.149606 0.968504 -0.188976 
vn -0.228346 0.968504 -0.11811 
vn -0.464567 0.818898 -0.322835 
vn -0.314961 0.897638 -0.314961 
vn -0.409449 0.889764 -0.19685 
vn -0.409449 0.889764 -0.19685 
vn -0.574803 0.818898 -0.015748 
vn -0.23622 0.952756 -0.188976 
vn -0.228346 0.976378 -0.023622 
vn -0.244094 0.96063 0.15748 
vn -0.181102 0.984252 -0.0314961 
vn -0.181102 0.968504 0.173228 
vn -0.228346 0.968504 -0.0866142 
vn -0.19685 0.976378 -0.110236 
vn -0.259843 0.968504 -0.00787402 
vn -0.259843 0.889764 0.370079 
vn -0.181102 0.905512 0.393701 
vn -0.244094 0.96063 0.15748 
vn -0.228346 0.976378 -0.023622 
vn -0.283465 0.944882 0.15748 
vn -0.244094 0.96063 0.15748 
vn -0.322835 0.88189 0.346457 
vn -0.283465 0.944882 0.15748 
vn -0.259843 0.968504 -0.00787402 
vn -0.370079 0.913386 0.181102 
vn -0.354331 0.937008 0.0472441 
vn -0.314961 0.944882 -0.0472441 
vn -0.228346 0.968504 -0.0866142 
vn -0.283465 0.944882 0.15748 
vn -0.370079 0.874016 0.322835 
vn -0.370079 0.913386 0.181102 
vn -0.574803 0.818898 0.015748 
vn -0.354331 0.937008 0.0472441 
vn -0.574803 0.811024 0.102362 
vn -0.984252 0.015748 0.181102 
vn -0.92126 -0.0393701 0.393701 
vn -0.984252 0.0551181 0.173228 
vn -0.866142 -0.0314961 0.496063 
vn 0.188976 0.125984 0.976378 
vn 0.314961 0.149606 0.937008 
vn 0.188976 0.204724 0.96063 
vn 0.393701 0.11811 0.913386 
vn 0.19685 0.0472441 0.976378 
vn 0.188976 0.204724 0.96063 
vn 0.173228 0.110236 0.976378 
vn 0.125984 -0.0393701 0.992126 
vn 0.173228 0.0551181 0.984252 
vn 0.173228 0.133858 0.976378 
vn 0.393701 -0.0944882 0.913386 
vn 0.314961 -0.0472441 0.944882 
vn 0.19685 0.0472441 0.976378 
vn 0.125984 -0.0393701 0.992126 
vn 0.173228 0.110236 0.976378 
vn 0.149606 -0.0393701 0.984252 
vn -0.976378 0.212598 -0.0393701 
vn -0.92126 0.385827 0.0551181 
vn -0.944882 0.330709 -0.023622 
vn -0.968504 0.244094 0.0629921 
vn -0.905512 0.393701 0.141732 
vn -0.96063 0.23622 0.15748 
vn -0.92126 0.385827 0.0551181 
vn -0.96063 0.23622 0.15748 
vn -0.905512 0.425197 0.0708661 
vn -0.976378 0.220472 0.0472441 
vn 0.992126 -0.0944882 0.0866142 
vn 0.976378 0.141732 0.173228 
vn 0.905512 0.259843 0.338583 
vn 0.944882 -0.0787402 0.307087 
vn -0.858268 -0.125984 -0.496063 
vn -0.992126 -0.149606 -0.0393701 
vn -0.84252 -0.0708661 -0.535433 
vn -0.992126 -0.125984 -0.0314961 
vn -0.76378 -0.015748 0.645669 
vn -0.645669 0.0866142 0.755906 
vn -0.716535 -0.0393701 0.700787 
vn -0.566929 0.00787402 0.818898 
vn -0.716535 -0.0393701 0.700787 
vn -0.858268 -0.0866142 0.503937 
vn -0.866142 -0.0314961 0.496063 
vn -0.992126 -0.110236 0.0787402 
vn -0.992126 0.00787402 0.149606 
vn -0.984252 -0.110236 0.141732 
vn -1 -0.015748 0.0787402 
vn 0.716535 0.0866142 0.692913 
vn 0.716535 -0.0944882 0.685039 
vn 0.653543 0.0866142 0.755906 
vn 0.653543 -0.0944882 0.748031 
vn 0.858268 0 0.519685 
vn 0.826772 0.0866142 0.559055 
vn 0.653543 -0.0944882 0.748031 
vn 0.622047 0.0866142 0.779528 
vn 0.543307 0.00787402 0.834646 
vn -1 -0.0708661 0.0393701 
vn -0.984252 -0.11811 0.102362 
vn -0.992126 -0.0708661 0.0551181 
vn -0.992126 -0.125984 0.015748 
vn 0.393701 0.11811 0.913386 
vn 0.543307 0.00787402 0.834646 
vn 0.314961 0.149606 0.937008 
vn 0.622047 0.0866142 0.779528 
vn 0.385827 -0.0708661 0.92126 
vn 0.622047 0.0866142 0.779528 
vn 0.393701 0.11811 0.913386 
vn 0.559055 0.023622 0.826772 
vn -0.984252 -0.110236 0.141732 
vn -0.984252 -0.015748 0.188976 
vn -0.984252 0.015748 0.165354 
vn -0.992126 0.00787402 0.149606 
vn -0.984252 0.0551181 0.173228 
vn -0.984252 -0.015748 0.188976 
vn -0.984252 -0.023622 0.165354 
vn -0.92126 -0.0393701 0.393701 
vn -0.984252 -0.023622 0.165354 
vn -0.96063 -0.0944882 0.267717 
vn 0.125984 0.992126 -0.0314961 
vn 0.125984 0.976378 0.181102 
vn 0.181102 0.968504 0.173228 
vn 0.181102 0.984252 -0.0314961 
vn 0.181102 0.905512 0.393701 
vn 0.259843 0.889764 0.370079 
vn 0.244094 0.96063 0.15748 
vn 0.228346 0.976378 -0.023622 
vn 0.283465 0.944882 0.15748 
vn 0.267717 0.96063 -0.00787402 
vn 0.244094 0.96063 0.15748 
vn 0.314961 0.88189 0.346457 
vn 0.283465 0.944882 0.15748 
vn 0.370079 0.874016 0.322835 
vn 0.370079 0.913386 0.181102 
vn 0.307087 0.952756 -0.0472441 
vn 0.354331 0.937008 0.0551181 
vn 0.228346 0.968504 -0.0866142 
vn 0.228346 0.976378 -0.023622 
vn 0.19685 0.976378 -0.110236 
vn 0.15748 0.976378 -0.133858 
vn 0.181102 0.984252 -0.0314961 
vn 0.19685 0.976378 -0.110236 
vn 0.370079 0.913386 0.181102 
vn 0.267717 0.96063 -0.00787402 
vn 0.283465 0.944882 0.15748 
vn 0.354331 0.937008 0.0551181 
vn 0.456693 0.889764 0.00787402 
vn 0.480315 0.866142 0.110236 
vn 0.259843 0.952756 -0.15748 
vn 0.228346 0.968504 -0.0866142 
vn 0.259843 0.944882 -0.212598 
vn 0.417323 0.866142 -0.267717 
vn 0.448819 0.88189 -0.133858 
vn 0.188976 0.968504 -0.149606 
vn 0.165354 0.968504 -0.173228 
vn 0.15748 0.976378 -0.133858 
vn 0.259843 0.944882 -0.212598 
vn 0.259843 0.952756 -0.15748 
vn 0.125984 0.968504 -0.19685 
vn 0.149606 0.968504 -0.188976 
vn 0.188976 0.968504 -0.149606 
vn 0.141732 0.968504 -0.188976 
vn 0.110236 0.984252 -0.149606 
vn 0.15748 0.976378 -0.133858 
vn 0.0944882 0.976378 -0.212598 
vn 0.314961 0.889764 -0.314961 
vn 0.259843 0.944882 -0.212598 
vn 0.181102 0.937008 -0.291339 
vn 0.149606 0.968504 -0.188976 
vn 0.188976 0.944882 -0.267717 
vn 0.456693 0.826772 -0.330709 
vn 0.314961 0.889764 -0.314961 
vn 0.417323 0.866142 -0.267717 
vn -0.976378 0.220472 0.0472441 
vn -0.834646 0.511811 0.212598 
vn -0.905512 0.425197 0.0708661 
vn -0.952756 0.228346 0.181102 
vn 0.11811 0.976378 -0.188976 
vn 0.0944882 0.976378 -0.212598 
vn 0.125984 0.968504 -0.19685 
vn 0.0866142 0.976378 -0.188976 
vn -0.984252 -0.015748 0.188976 
vn -0.992126 0.0551181 0.11811 
vn -0.976378 0.133858 0.181102 
vn -0.984252 -0.023622 0.165354 
vn 0.125984 0.992126 -0.0314961 
vn 0.110236 0.984252 -0.149606 
vn 0.992126 0.0472441 -0.0787402 
vn 1 -0.0629921 -0.0314961 
vn 1 -0.0629921 0.0551181 
vn 0.984252 0.173228 0 
vn 1 -0.0629921 0.0551181 
vn 0.976378 0.212598 0.00787402 
vn 1 -0.0472441 0.0472441 
vn 0.976378 0.212598 0.015748 
vn 1 0 0.0393701 
vn 0.976378 0.212598 0.00787402 
vn 0.732283 -0.228346 0.645669 
vn 0.598425 -0.0629921 0.80315 
vn 0.606299 -0.212598 0.76378 
vn 0.771654 -0.0708661 0.629921 
vn 0.732283 -0.228346 0.645669 
vn 0.944882 -0.0787402 0.307087 
vn 0.905512 -0.15748 0.393701 
vn 0.992126 -0.0314961 0.110236 
vn 0.944882 -0.0787402 0.307087 
vn 0.992126 -0.0944882 0.0866142 
vn 0.141732 0.952756 -0.267717 
vn 0.11811 0.976378 -0.188976 
vn 0.188976 0.944882 -0.267717 
vn 0.141732 0.968504 -0.188976 
vn 0.125984 0.968504 -0.19685 
vn 0.165354 0.968504 -0.173228 
vn 1 0 0.0393701 
vn 0.984252 -0.149606 0.110236 
vn 0.992126 -0.0944882 0.0866142 
vn 0.992126 -0.0314961 0.110236 
vn 1 -0.0629921 0.0551181 
vn 0.984252 -0.15748 0.015748 
vn 0.976378 -0.188976 0.0708661 
vn 1 -0.0472441 0.0472441 
vn -0.976378 0.173228 -0.125984 
vn -0.944882 0.330709 -0.023622 
vn -0.937008 0.283465 -0.188976 
vn -0.976378 0.212598 -0.0393701 
vn 0.740157 0.15748 0.653543 
vn 0.716535 0.0866142 0.692913 
vn 0.606299 0.133858 0.787402 
vn 0.653543 0.0866142 0.755906 
vn 0.858268 0.0787402 0.511811 
vn 0.716535 0.0866142 0.692913 
vn 0.826772 0.0866142 0.559055 
vn 0.858268 0.0787402 0.511811 
vn 0.944882 0.19685 0.259843 
vn 0.96063 -0.00787402 0.275591 
vn 0.740157 0.15748 0.653543 
vn 0.905512 -0.149606 0.401575 
vn 0.771654 -0.0866142 0.629921 
vn 0.905512 -0.149606 0.401575 
vn 0.96063 -0.00787402 0.275591 
vn 0.937008 -0.283465 0.181102 
vn 0.740157 0.15748 0.653543 
vn 0.566929 -0.0944882 0.818898 
vn 0.606299 0.133858 0.787402 
vn -0.992126 0.0551181 0.11811 
vn -0.952756 0.228346 0.181102 
vn -0.976378 0.220472 0.0472441 
vn -0.984252 -0.00787402 0.19685 
vn -0.0866142 0.96063 -0.275591 
vn 0 0.984252 -0.188976 
vn 0 0.96063 -0.291339 
vn -0.0866142 0.976378 -0.188976 
vn 0.0866142 0.96063 -0.275591 
vn 0 0.96063 -0.291339 
vn 0.0866142 0.976378 -0.188976 
vn 0 0.976378 -0.212598 
vn 0.0944882 0.976378 -0.212598 
vn 0.110236 0.984252 -0.149606 
vn 0.944882 -0.125984 -0.291339 
vn 0.976378 0.0708661 -0.19685 
vn 0.96063 0.251969 -0.11811 
vn 0.968504 -0.0629921 -0.228346 
vn 0.96063 0.251969 -0.11811 
vn 1 0 -0.0393701 
vn 0.937008 0.354331 -0.015748 
vn 0.984252 0.173228 0 
vn 0.96063 0.251969 -0.11811 
vn 0.976378 0.212598 0.00787402 
vn 1 -0.0629921 -0.0314961 
vn 0.984252 -0.0393701 -0.181102 
vn 0.984252 -0.15748 0.015748 
vn 1 -0.0629921 0.0551181 
vn -0.393701 0.0708661 0.913386 
vn -0.535433 0.023622 0.84252 
vn -0.535433 0.133858 0.834646 
vn -0.464567 0.015748 0.88189 
vn -0.314961 -0.0944882 0.944882 
vn -0.393701 0.0708661 0.913386 
vn -0.543307 -0.0393701 0.834646 
vn 0.929134 0.110236 -0.346457 
vn 0.984252 -0.15748 0.015748 
vn 0.984252 -0.0393701 -0.181102 
vn 0.992126 0.0472441 -0.11811 
vn 0.984252 -0.15748 0.015748 
vn 1 0 0.0472441 
vn 0.976378 -0.188976 0.0708661 
vn 0.606299 0.133858 0.787402 
vn 0.653543 0.0866142 0.755906 
vn 0.559055 0.023622 0.826772 
vn 0.622047 0.0866142 0.779528 
vn -0.456693 0.480315 -0.748031 
vn -0.181102 -0.220472 -0.96063 
vn -0.543307 0.346457 -0.76378 
vn -0.267717 -0.173228 -0.944882 
vn -1 -0.015748 0.0787402 
vn -0.984252 0.0551181 0.173228 
vn -0.992126 0.00787402 0.149606 
vn -0.984252 0.015748 0.181102 
vn 0.188976 -0.204724 -0.96063 
vn 0.456693 0.472441 -0.748031 
vn 0.503937 0.354331 -0.787402 
vn 0.267717 -0.173228 -0.952756 
vn 1 -0.0472441 0.0472441 
vn 0.976378 -0.188976 0.0708661 
vn 0.984252 -0.149606 0.110236 
vn 1 0 0.0393701 
vn -0.858268 -0.125984 -0.496063 
vn -0.0629921 0.0314961 -1 
vn -0.748031 -0.251969 -0.614173 
vn 0.00787402 0 -1 
vn 0.952756 0.307087 0.0629921 
vn 0.96063 -0.00787402 0.275591 
vn 0.992126 -0.00787402 0.11811 
vn 0.944882 0.19685 0.259843 
vn 0.0629921 0.0314961 -1 
vn 0.76378 -0.125984 -0.629921 
vn 0.692913 -0.267717 -0.669291 
vn 0 0 -1 
vn 0.976378 0.212598 0.015748 
vn 0.944882 0.19685 0.259843 
vn 0.952756 0.307087 0.0629921 
vn 0.968504 0.141732 0.188976 
vn 1 0 0.0393701 
vn 0.968504 0.141732 0.188976 
vn 0.992126 -0.0314961 0.110236 
vn 0.984252 -0.149606 0.110236 
vn 0.984252 0.0472441 0.165354 
vn 0.976378 0.141732 0.173228 
vn 0.992126 -0.0944882 0.0866142 
vn -0.165354 -0.23622 -0.96063 
vn -0.0708661 -0.125984 -0.992126 
vn -0.80315 0.0551181 -0.598425 
vn -0.740157 0.0866142 -0.669291 
vn 0.0866142 -0.0708661 -0.992126 
vn 0 0.574803 -0.818898 
vn 0.102362 0.574803 -0.811024 
vn 0 -0.0472441 -1 
vn -0.015748 -0.984252 -0.15748 
vn 0 -0.984252 -0.15748 
vn 0.0866142 -0.0708661 -0.992126 
vn -0.551181 -0.362205 -0.748031 
vn -0.23622 0.173228 -0.952756 
vn -0.496063 -0.393701 -0.779528 
vn -0.149606 0.0944882 -0.984252 
vn 0.976378 -0.188976 0.0708661 
vn 1 0 0.0472441 
vn 0.984252 0.0472441 0.165354 
vn 0.984252 -0.149606 0.110236 
vn -0.165354 -0.23622 -0.96063 
vn -0.543307 0.346457 -0.76378 
vn -0.181102 -0.220472 -0.96063 
vn -0.740157 0.0866142 -0.669291 
vn 0 0.984252 -0.15748 
vn 0.141732 0.952756 -0.267717 
vn 0.11811 0.976378 -0.188976 
vn 0.0866142 0.96063 -0.275591 
vn 0 0.984252 -0.15748 
vn 0 1 -0.0314961 
vn 0 0.984252 -0.15748 
vn -0.125984 0.992126 -0.0314961 
vn -0.110236 0.984252 -0.149606 
vn 0 0.976378 -0.212598 
vn -0.0944882 0.976378 -0.212598 
vn -0.0866142 0.976378 -0.188976 
vn 0 0.984252 -0.188976 
vn -0.141732 0.952756 -0.267717 
vn -0.0866142 0.96063 -0.275591 
vn -0.11811 0.976378 -0.188976 
vn -0.11811 0.976378 -0.188976 
vn -0.0944882 0.976378 -0.212598 
vn -0.125984 0.968504 -0.19685 
vn -0.188976 0.944882 -0.267717 
vn -0.141732 0.952756 -0.267717 
vn -0.141732 0.968504 -0.188976 
vn -0.125984 0.968504 -0.19685 
vn -0.110236 0.984252 -0.149606 
vn -0.15748 0.976378 -0.133858 
vn -0.0944882 0.976378 -0.212598 
vn -0.15748 0.976378 -0.133858 
vn -0.125984 0.992126 -0.0314961 
vn -0.181102 0.984252 -0.0314961 
vn -0.125984 0.968504 -0.19685 
vn -0.19685 0.976378 -0.110236 
vn -0.181102 0.968504 0.173228 
vn -0.125984 0.992126 -0.0314961 
vn -0.125984 0.976378 0.181102 
vn 0 1 -0.0314961 
vn 0 0.984252 0.188976 
vn -0.188976 0.968504 -0.149606 
vn -0.228346 0.968504 -0.11811 
vn -0.314961 0.944882 -0.0472441 
vn -0.228346 0.976378 -0.023622 
vn -0.15748 0.976378 -0.133858 
vn -0.181102 0.984252 -0.0314961 
vn -0.574803 0.818898 -0.015748 
vn -0.314961 0.944882 -0.0472441 
vn -0.574803 0.818898 0.015748 
vn 0 0.913386 0.401575 
vn 0.133858 0.905512 0.401575 
vn -0.133858 0.905512 0.401575 
vn 0 0.913386 0.401575 
vn -0.125984 0.976378 0.181102 
vn -0.181102 0.905512 0.393701 
vn -0.133858 0.905512 0.401575 
vn -0.181102 0.968504 0.173228 
vn -0.181102 0.905512 0.393701 
vn -0.212598 0.811024 0.543307 
vn -0.15748 0.826772 0.535433 
vn 0.125984 0.992126 -0.0314961 
vn 0 1 -0.0314961 
vn 0 0.984252 0.188976 
vn 0.181102 0.968504 0.173228 
vn 0.181102 0.905512 0.393701 
vn 0.133858 0.905512 0.401575 
vn 0.181102 0.984252 -0.0314961 
vn 0.244094 0.96063 0.15748 
vn 0.228346 0.976378 -0.023622 
vn 0.181102 0.905512 0.393701 
vn 0.212598 0.811024 0.543307 
vn 0.15748 0.826772 0.535433 
vn -0.748031 -0.251969 -0.614173 
vn -0.149606 0.0944882 -0.984252 
vn -0.551181 -0.362205 -0.748031 
vn -0.0629921 0.0314961 -1 
vn -0.23622 0.173228 -0.952756 
vn -0.314961 -0.480315 -0.818898 
vn -0.23622 0.173228 -0.952756 
vn -0.496063 -0.393701 -0.779528 
vn -0.724409 0.0472441 -0.685039 
vn 0.015748 -0.015748 -1 
vn -0.00787402 -0.00787402 -1 
vn -0.732283 0.11811 -0.669291 
vn 0.149606 0.0944882 -0.984252 
vn 0.692913 -0.267717 -0.669291 
vn 0.551181 -0.362205 -0.748031 
vn 0.0629921 0.0314961 -1 
vn 0.23622 0.173228 -0.952756 
vn 0.314961 -0.480315 -0.818898 
vn 0.23622 0.173228 -0.96063 
vn 0.496063 -0.393701 -0.779528 
vn 0.102362 0.15748 -0.984252 
vn 0 -0.566929 -0.826772 
vn 0 0.11811 -0.992126 
vn 0.15748 -0.511811 -0.850394 
vn -0.0708661 -0.125984 -0.992126 
vn -0.732283 0.11811 -0.669291 
vn -0.80315 0.0551181 -0.598425 
vn 0.015748 -0.015748 -1 
vn -0.645669 0.0866142 0.755906 
vn -0.535433 0.133858 0.834646 
vn -0.566929 0.00787402 0.818898 
vn -0.535433 0.023622 0.84252 
vn 0.992126 0.0472441 -0.0787402 
vn 0.96063 0.251969 -0.11811 
vn 0.976378 0.0708661 -0.19685 
vn 0.984252 0.173228 0 
vn 0.102362 -0.141732 -0.984252 
vn 0.637795 0.125984 -0.755906 
vn 0.023622 -0.00787402 -1 
vn 0.574803 0.204724 -0.795276 
vn 0.102362 -0.141732 -0.984252 
vn 0.503937 0.354331 -0.787402 
vn 0.574803 0.204724 -0.795276 
vn 0.188976 -0.204724 -0.96063 
vn 0.976378 0.212598 0.00787402 
vn 0.952756 0.307087 0.0629921 
vn 0.937008 0.354331 -0.015748 
vn 0.976378 0.212598 0.015748 
vn 0.992126 -0.00787402 0.11811 
vn 0.952756 0.307087 0.0629921 
vn 1 0 -0.0393701 
vn -0.76378 -0.0314961 -0.645669 
vn -0.00787402 -0.00787402 -1 
vn 0.015748 -0.00787402 -1 
vn -0.724409 0.0472441 -0.685039 
vn 0.897638 0 -0.440945 
vn 0.92126 -0.0787402 -0.385827 
vn 0.015748 -0.00787402 -1 
vn -0.00787402 -0.00787402 -1 
vn 0.88189 -0.165354 -0.440945 
vn 0.015748 -0.015748 -1 
vn 0.00787402 -0.015748 -1 
vn -0.76378 -0.0314961 -0.645669 
vn -0.84252 -0.0708661 -0.535433 
vn 0.771654 -0.015748 -0.637795 
vn 0 0 -1 
vn -0.00787402 -0.015748 -1 
vn 0.76378 -0.125984 -0.629921 
vn -0.850394 0.149606 -0.511811 
vn -0.866142 -0.0393701 -0.496063 
vn -0.76378 0.417323 -0.496063 
vn -0.850394 0.149606 -0.511811 
vn 0.0629921 0.0314961 -1 
vn -0.00787402 -0.015748 -1 
vn 0.779528 -0.0787402 -0.622047 
vn -0.0551181 -0.102362 -0.992126 
vn -0.866142 -0.0393701 -0.496063 
vn -0.0551181 -0.102362 -0.992126 
vn -0.858268 -0.0314961 -0.511811 
vn -0.858268 -0.0787402 -0.511811 
vn -0.015748 -0.133858 -0.992126 
vn -0.88189 -0.0472441 -0.472441 
vn -0.858268 -0.0787402 -0.511811 
vn -0.0551181 -0.0551181 -1 
vn 0.779528 -0.0787402 -0.622047 
vn -0.015748 -0.133858 -0.992126 
vn 0.80315 -0.11811 -0.582677 
vn 0.023622 -0.00787402 -1 
vn -0.889764 -0.149606 -0.440945 
vn -0.88189 -0.0472441 -0.472441 
vn 0.425197 -0.149606 -0.889764 
vn 0.433071 -0.267717 -0.858268 
vn 0 -0.11811 -0.992126 
vn 0.015748 0.543307 -0.834646 
vn 0.133858 0.511811 -0.850394 
vn -0.0708661 0.582677 -0.811024 
vn -0.125984 0.519685 -0.84252 
vn -0.472441 -0.0551181 -0.88189 
vn -0.409449 -0.0314961 -0.913386 
vn 0 0.574803 -0.818898 
vn -0.0708661 0.582677 -0.811024 
vn -0.0629921 0.968504 -0.228346 
vn 0 0.976378 -0.204724 
vn 0 0.574803 -0.818898 
vn -0.858268 -0.0314961 -0.511811 
vn -0.385827 -0.015748 -0.92126 
vn 0 -0.11811 -0.992126 
vn -0.385827 -0.015748 -0.92126 
vn -0.503937 0 -0.866142 
vn 0.0708661 -0.716535 -0.692913 
vn 0.0708661 -0.708661 -0.700787 
vn 0.0551181 -0.724409 -0.685039 
vn 0.0708661 -0.716535 -0.692913 
vn 0.0708661 -0.708661 -0.700787 
vn 0.015748 -0.724409 -0.692913 
vn -0.015748 -0.724409 -0.692913 
vn 0 -0.716535 -0.700787 
vn 0 -0.984252 -0.15748 
vn 0.015748 -0.984252 -0.15748 
vn 0.015748 -0.724409 -0.692913 
vn 0 -0.716535 -0.700787 
vn 0 -0.11811 -0.992126 
vn -0.0314961 -0.716535 -0.700787 
vn -0.0314961 -0.724409 -0.685039 
vn -0.0866142 -0.716535 -0.692913 
vn -0.0314961 -0.724409 -0.685039 
vn -0.503937 0 -0.866142 
vn -0.590551 -0.0708661 -0.80315 
vn -0.0314961 -0.984252 -0.165354 
vn -0.015748 -0.724409 -0.692913 
vn -0.015748 -0.984252 -0.15748 
vn -0.015748 -0.984252 -0.15748 
vn 0 -0.716535 -0.700787 
vn 0 -0.984252 -0.15748 
vn 0 0.574803 -0.818898 
vn 0.023622 0.582677 -0.811024 
vn 0 -0.11811 -0.992126 
vn 0.023622 0.582677 -0.811024 
vn 0.015748 0.543307 -0.834646 
vn -0.125984 0.519685 -0.84252 
vn -0.212598 0.464567 -0.858268 
vn 0.291339 0.0629921 -0.952756 
vn 0.456693 0.015748 -0.889764 
vn -0.464567 -0.377953 -0.795276 
vn -0.275591 -0.503937 -0.818898 
vn -0.590551 -0.0708661 -0.80315 
vn 0 -0.11811 -0.992126 
vn 0.456693 0.015748 -0.889764 
vn 0.527559 0.015748 -0.850394 
vn 0.535433 -0.0472441 -0.84252 
vn 0.543307 -0.125984 -0.834646 
vn 0 -0.11811 -0.992126 
vn 0.543307 -0.125984 -0.834646 
vn 0.425197 -0.149606 -0.889764 
vn -0.204724 -0.661417 -0.724409 
vn -0.11811 -0.685039 -0.716535 
vn 0.291339 -0.511811 -0.80315 
vn 0.220472 -0.645669 -0.732283 
vn 0 -0.11811 -0.992126 
vn -0.330709 0.181102 -0.929134 
vn -0.409449 0.0629921 -0.913386 
vn 0.220472 -0.645669 -0.732283 
vn 0.165354 -0.669291 -0.724409 
vn -0.11811 -0.685039 -0.716535 
vn -0.0866142 -0.716535 -0.692913 
vn -0.0708661 -0.984252 -0.165354 
vn -0.188976 -0.96063 -0.19685 
vn -0.11811 -0.685039 -0.716535 
vn -0.496063 -0.80315 -0.322835 
vn 0.102362 -0.141732 -0.984252 
vn -0.76378 -0.535433 -0.362205 
vn 0.188976 -0.204724 -0.96063 
vn 0.165354 -0.669291 -0.724409 
vn 0.0551181 -0.724409 -0.685039 
vn 0 -0.11811 -0.992126 
vn -0.275591 -0.503937 -0.818898 
vn -0.204724 -0.661417 -0.724409 
vn -0.212598 0.464567 -0.858268 
vn 0 -0.11811 -0.992126 
vn -0.283465 0.330709 -0.897638 
vn -0.283465 0.330709 -0.897638 
vn 0 -0.11811 -0.992126 
vn -0.330709 0.181102 -0.929134 
vn 0.133858 0.511811 -0.850394 
vn 0.251969 0.377953 -0.889764 
vn 0 -0.11811 -0.992126 
vn 0.251969 0.377953 -0.889764 
vn 0.346457 0.125984 -0.929134 
vn 0 -0.11811 -0.992126 
vn -0.409449 0.0629921 -0.913386 
vn 0 -0.11811 -0.992126 
vn -0.472441 -0.0551181 -0.88189 
vn 0.346457 0.125984 -0.929134 
vn 0.291339 0.0629921 -0.952756 
vn 0 -0.11811 -0.992126 
vn 0.433071 -0.267717 -0.858268 
vn 0.291339 -0.511811 -0.80315 
vn 0 -0.11811 -0.992126 
vn -0.76378 -0.535433 -0.362205 
vn 0.023622 -0.00787402 -1 
vn -0.889764 -0.149606 -0.440945 
vn 0.102362 -0.141732 -0.984252 
vn -0.0866142 -0.0708661 -0.992126 
vn 0.023622 -0.984252 -0.165354 
vn -0.228346 -0.102362 -0.968504 
vn 0.015748 -0.984252 -0.15748 
vn -0.0314961 -0.984252 -0.165354 
vn 0.0866142 -0.0708661 -0.992126 
vn 0.228346 -0.102362 -0.968504 
vn -0.015748 -0.984252 -0.15748 
vn -0.228346 -0.102362 -0.968504 
vn 0.0393701 -0.984252 -0.15748 
vn -0.362205 -0.11811 -0.92126 
vn 0.023622 -0.984252 -0.165354 
vn 0 -0.0472441 -1 
vn 0.015748 -0.984252 -0.15748 
vn -0.0866142 -0.0708661 -0.992126 
vn 0 -0.984252 -0.15748 
vn -0.0472441 -0.984252 -0.165354 
vn 0.228346 -0.102362 -0.968504 
vn 0.362205 -0.11811 -0.92126 
vn -0.0314961 -0.984252 -0.165354 
vn -0.362205 -0.11811 -0.92126 
vn 0.0787402 -0.984252 -0.173228 
vn -0.283465 -0.110236 -0.952756 
vn 0.0393701 -0.984252 -0.15748 
vn -0.0708661 -0.984252 -0.165354 
vn 0.362205 -0.11811 -0.92126 
vn 0.283465 -0.110236 -0.952756 
vn -0.0472441 -0.984252 -0.165354 
vn -0.283465 -0.110236 -0.952756 
vn 0.181102 -0.96063 -0.19685 
vn -0.291339 -0.141732 -0.944882 
vn 0.0787402 -0.984252 -0.173228 
vn -0.188976 -0.96063 -0.19685 
vn 0.283465 -0.110236 -0.952756 
vn 0.283465 -0.141732 -0.944882 
vn -0.0708661 -0.984252 -0.165354 
vn 0.787402 -0.440945 -0.425197 
vn -0.181102 -0.220472 -0.96063 
vn 0.519685 -0.795276 -0.314961 
vn -0.165354 -0.23622 -0.96063 
vn 0.314961 -0.92126 -0.23622 
vn -0.291339 -0.141732 -0.944882 
vn 0.181102 -0.96063 -0.19685 
vn -0.267717 -0.173228 -0.944882 
vn -0.314961 -0.92126 -0.23622 
vn 0.283465 -0.141732 -0.944882 
vn 0.267717 -0.173228 -0.952756 
vn -0.188976 -0.96063 -0.19685 
vn 0.519685 -0.795276 -0.314961 
vn -0.267717 -0.173228 -0.944882 
vn 0.314961 -0.92126 -0.23622 
vn -0.181102 -0.220472 -0.96063 
vn -0.496063 -0.80315 -0.322835 
vn 0.267717 -0.173228 -0.952756 
vn 0.188976 -0.204724 -0.96063 
vn -0.314961 -0.92126 -0.23622 
vn 0.787402 -0.440945 -0.425197 
vn 0.850394 -0.204724 -0.488189 
vn -0.0708661 -0.125984 -0.992126 
vn -0.165354 -0.23622 -0.96063 
vn 0.850394 -0.204724 -0.488189 
vn 0.88189 -0.165354 -0.440945 
vn 0.015748 -0.015748 -1 
vn -0.0708661 -0.125984 -0.992126 
vn -0.23622 0.173228 -0.952756 
vn 0.425197 0.84252 -0.330709 
vn 0.110236 0.96063 -0.244094 
vn -0.23622 0.173228 -0.952756 
vn -0.11811 0.96063 -0.244094 
vn -0.433071 0.834646 -0.338583 
vn 0.23622 0.173228 -0.96063 
vn 0.23622 0.173228 -0.952756 
vn 0.149606 0.0944882 -0.984252 
vn -0.76378 0.417323 -0.496063 
vn 0.0629921 0.0314961 -1 
vn -0.614173 0.677165 -0.409449 
vn -0.149606 0.0944882 -0.984252 
vn -0.0629921 0.0314961 -1 
vn 0.755906 0.385827 -0.527559 
vn 0.590551 0.692913 -0.409449 
vn 0.110236 0.96063 -0.244094 
vn 0.0708661 0.968504 -0.228346 
vn -0.102362 0.15748 -0.984252 
vn -0.23622 0.173228 -0.952756 
vn -0.11811 0.96063 -0.244094 
vn 0.102362 0.15748 -0.984252 
vn -0.0629921 0.968504 -0.228346 
vn 0.23622 0.173228 -0.96063 
vn 0.0708661 0.968504 -0.228346 
vn 0 0.976378 -0.204724 
vn 0 0.11811 -0.992126 
vn -0.102362 0.15748 -0.984252 
vn -0.0629921 0.968504 -0.228346 
vn 0 0.11811 -0.992126 
vn 0 0.976378 -0.204724 
vn 0.102362 0.15748 -0.984252 
vn -0.84252 -0.0708661 -0.535433 
vn 0.00787402 0 -1 
vn -0.858268 -0.125984 -0.496063 
vn 0.00787402 -0.015748 -1 
vn 0.00787402 -0.015748 -1 
vn 0.818898 0.11811 -0.566929 
vn 0.858268 0.0393701 -0.511811 
vn 0.015748 -0.00787402 -1 
vn 0.858268 0.0393701 -0.511811 
vn 0.897638 0 -0.440945 
vn 0.291339 0.0629921 -0.952756 
vn 0.818898 0.11811 -0.566929 
vn 0.456693 0.015748 -0.889764 
vn -0.433071 0.834646 -0.338583 
vn 0.149606 0.0944882 -0.984252 
vn 0.23622 0.173228 -0.952756 
vn -0.614173 0.677165 -0.409449 
vn -0.149606 0.0944882 -0.984252 
vn 0.425197 0.84252 -0.330709 
vn -0.23622 0.173228 -0.952756 
vn 0.590551 0.692913 -0.409449 
vn 0.818898 0.11811 -0.566929 
vn 0.346457 0.125984 -0.929134 
vn 0.755906 0.385827 -0.527559 
vn 0.291339 0.0629921 -0.952756 
vn -0.858268 -0.0314961 -0.511811 
vn -0.472441 -0.0551181 -0.88189 
vn -0.409449 -0.0314961 -0.913386 
vn -0.866142 -0.0393701 -0.496063 
vn -0.88189 -0.0472441 -0.472441 
vn -0.858268 -0.0787402 -0.511811 
vn -0.503937 0 -0.866142 
vn -0.385827 -0.015748 -0.92126 
vn -0.409449 0.0629921 -0.913386 
vn -0.866142 -0.0393701 -0.496063 
vn -0.850394 0.149606 -0.511811 
vn -0.472441 -0.0551181 -0.88189 
vn 0.346457 0.125984 -0.929134 
vn 0.590551 0.692913 -0.409449 
vn 0.755906 0.385827 -0.527559 
vn 0.251969 0.377953 -0.889764 
vn 0.00787402 0 -1 
vn 0.818898 0.11811 -0.566929 
vn -0.0629921 0.0314961 -1 
vn 0.850394 -0.204724 -0.488189 
vn 0.425197 -0.149606 -0.889764 
vn 0.88189 -0.165354 -0.440945 
vn 0.543307 -0.125984 -0.834646 
vn -0.330709 0.181102 -0.929134 
vn -0.850394 0.149606 -0.511811 
vn -0.76378 0.417323 -0.496063 
vn -0.409449 0.0629921 -0.913386 
vn 0.787402 -0.440945 -0.425197 
vn 0.433071 -0.267717 -0.858268 
vn 0.850394 -0.204724 -0.488189 
vn 0.425197 -0.149606 -0.889764 
vn 0.897638 0 -0.440945 
vn 0.456693 0.015748 -0.889764 
vn 0.858268 0.0393701 -0.511811 
vn 0.527559 0.015748 -0.850394 
vn -0.889764 -0.149606 -0.440945 
vn -0.88189 -0.0472441 -0.472441 
vn -0.590551 -0.0708661 -0.80315 
vn -0.503937 0 -0.866142 
vn 0.015748 -0.984252 -0.15748 
vn 0.015748 -0.724409 -0.692913 
vn 0.023622 -0.984252 -0.165354 
vn 0.0708661 -0.708661 -0.700787 
vn 0.023622 -0.984252 -0.165354 
vn 0.0708661 -0.708661 -0.700787 
vn 0.0393701 -0.984252 -0.15748 
vn 0.0708661 -0.716535 -0.692913 
vn -0.0314961 -0.716535 -0.700787 
vn -0.0314961 -0.984252 -0.165354 
vn -0.0472441 -0.984252 -0.165354 
vn -0.0314961 -0.724409 -0.685039 
vn 0.0787402 -0.984252 -0.173228 
vn 0.0551181 -0.724409 -0.685039 
vn 0.181102 -0.96063 -0.19685 
vn 0.165354 -0.669291 -0.724409 
vn -0.0314961 -0.724409 -0.685039 
vn -0.0472441 -0.984252 -0.165354 
vn -0.0708661 -0.984252 -0.165354 
vn -0.0866142 -0.716535 -0.692913 
vn 0.0393701 -0.984252 -0.15748 
vn 0.0708661 -0.716535 -0.692913 
vn 0.0787402 -0.984252 -0.173228 
vn 0.0551181 -0.724409 -0.685039 
vn 0.88189 -0.165354 -0.440945 
vn 0.543307 -0.125984 -0.834646 
vn 0.92126 -0.0787402 -0.385827 
vn 0.535433 -0.0472441 -0.84252 
vn 0.527559 0.015748 -0.850394 
vn 0.92126 -0.0787402 -0.385827 
vn 0.897638 0 -0.440945 
vn -0.314961 -0.92126 -0.23622 
vn -0.275591 -0.503937 -0.818898 
vn -0.204724 -0.661417 -0.724409 
vn -0.496063 -0.80315 -0.322835 
vn 0.314961 -0.92126 -0.23622 
vn 0.291339 -0.511811 -0.80315 
vn 0.519685 -0.795276 -0.314961 
vn 0.220472 -0.645669 -0.732283 
vn -0.314961 -0.92126 -0.23622 
vn -0.204724 -0.661417 -0.724409 
vn -0.11811 -0.685039 -0.716535 
vn -0.188976 -0.96063 -0.19685 
vn 0.181102 -0.96063 -0.19685 
vn 0.165354 -0.669291 -0.724409 
vn 0.314961 -0.92126 -0.23622 
vn 0.220472 -0.645669 -0.732283 
vn -0.330709 0.181102 -0.929134 
vn -0.76378 0.417323 -0.496063 
vn -0.614173 0.677165 -0.409449 
vn -0.283465 0.330709 -0.897638 
vn 0.519685 -0.795276 -0.314961 
vn 0.291339 -0.511811 -0.80315 
vn 0.787402 -0.440945 -0.425197 
vn 0.433071 -0.267717 -0.858268 
vn -0.76378 -0.535433 -0.362205 
vn -0.464567 -0.377953 -0.795276 
vn -0.275591 -0.503937 -0.818898 
vn -0.496063 -0.80315 -0.322835 
vn -0.76378 -0.535433 -0.362205 
vn -0.889764 -0.149606 -0.440945 
vn -0.464567 -0.377953 -0.795276 
vn -0.590551 -0.0708661 -0.80315 
vn -0.283465 0.330709 -0.897638 
vn -0.614173 0.677165 -0.409449 
vn -0.433071 0.834646 -0.338583 
vn -0.212598 0.464567 -0.858268 
vn 0.251969 0.377953 -0.889764 
vn 0.425197 0.84252 -0.330709 
vn 0.590551 0.692913 -0.409449 
vn 0.133858 0.511811 -0.850394 
vn -0.212598 0.464567 -0.858268 
vn -0.433071 0.834646 -0.338583 
vn -0.11811 0.96063 -0.244094 
vn -0.125984 0.519685 -0.84252 
vn 0.133858 0.511811 -0.850394 
vn 0.110236 0.96063 -0.244094 
vn 0.425197 0.84252 -0.330709 
vn 0.015748 0.543307 -0.834646 
vn -0.11811 0.96063 -0.244094 
vn -0.0629921 0.968504 -0.228346 
vn -0.125984 0.519685 -0.84252 
vn -0.0708661 0.582677 -0.811024 
vn 0.015748 0.543307 -0.834646 
vn 0.0708661 0.968504 -0.228346 
vn 0.110236 0.96063 -0.244094 
vn 0.023622 0.582677 -0.811024 
vn 0.023622 0.582677 -0.811024 
vn 0 0.976378 -0.204724 
vn 0.0708661 0.968504 -0.228346 

vt 0.931986 0.076504 
vt 0.911728 0.089089 
vt 0.885845 0.067482 
vt 0.904458 0.049028 
vt 0.882106 0.040491 
vt 0.885845 0.067482 
vt 0.866036 0.059484 
vt 0.904458 0.049028 
vt 0.578627 0.076248 
vt 0.580809 0.049003 
vt 0.597994 0.067095 
vt 0.558919 0.058858 
vt 0.063977 0.325043 
vt 0.029531 0.274176 
vt 0.063977 0.274176 
vt 0.029531 0.325043 
vt 0.029531 0.325043 
vt 0.063977 0.360801 
vt 0.029531 0.360801 
vt 0.063977 0.325043 
vt 0.911728 0.089089 
vt 0.950377 0.108844 
vt 0.929814 0.12034 
vt 0.931986 0.076504 
vt 0.553984 0.099357 
vt 0.53783 0.131479 
vt 0.516601 0.1214 
vt 0.533 0.087991 
vt 0.063977 0.942143 
vt 0.029531 0.88311 
vt 0.063977 0.88311 
vt 0.029531 0.942143 
vt 0.007976 0.942143 
vt 0.029531 0.994169 
vt 0.007976 0.994169 
vt 0.029531 0.942143 
vt 0.029531 0.013168 
vt 0.007976 0.065195 
vt 0.007976 0.013168 
vt 0.029531 0.065195 
vt 0.063977 0.065195 
vt 0.029531 0.124227 
vt 0.029531 0.065195 
vt 0.063977 0.124227 
vt 0.063977 0.994169 
vt 0.029531 0.942143 
vt 0.063977 0.942143 
vt 0.029531 0.994169 
vt 0.007976 0.88311 
vt 0.007976 0.942143 
vt 0.029531 0.88311 
vt 0.007976 0.88311 
vt 0.029531 0.835786 
vt 0.007976 0.835786 
vt 0.029531 0.682294 
vt 0.063977 0.646643 
vt 0.063977 0.682294 
vt 0.029531 0.646643 
vt 0.029531 0.646643 
vt 0.063977 0.608728 
vt 0.029531 0.608728 
vt 0.669026 0.041516 
vt 0.730594 0.00815398 
vt 0.731296 0.033337 
vt 0.657614 0.019927 
vt 0.029531 0.274176 
vt 0.029531 0.325043 
vt 0.007976 0.325043 
vt 0.007976 0.274176 
vt 0.029531 0.608728 
vt 0.029531 0.572135 
vt 0.063977 0.572135 
vt 0.063977 0.608728 
vt 0.94634 0.594049 
vt 0.966564 0.55299 
vt 0.97987 0.611136 
vt 0.933202 0.545204 
vt 0.029531 0.682294 
vt 0.029531 0.733161 
vt 0.007976 0.682294 
vt 0.007976 0.733161 
vt 0.063977 0.124227 
vt 0.029531 0.171551 
vt 0.029531 0.124227 
vt 0.063977 0.171551 
vt 0.029531 0.733161 
vt 0.063977 0.682294 
vt 0.063977 0.733161 
vt 0.029531 0.682294 
vt 0.063977 0.788972 
vt 0.029531 0.733161 
vt 0.029531 0.788972 
vt 0.063977 0.788972 
vt 0.029531 0.835786 
vt 0.063977 0.835786 
vt 0.063977 0.88311 
vt 0.029531 0.835786 
vt 0.029531 0.88311 
vt 0.969633 0.775725 
vt 0.948287 0.735245 
vt 0.98133 0.717242 
vt 0.936503 0.784426 
vt 0.063977 0.013168 
vt 0.029531 0.065195 
vt 0.029531 0.013168 
vt 0.063977 0.065195 
vt 0.007976 0.124227 
vt 0.007976 0.065195 
vt 0.029531 0.124227 
vt 0.029531 0.171551 
vt 0.007976 0.124227 
vt 0.007976 0.171551 
vt 0.029531 0.171551 
vt 0.007976 0.218366 
vt 0.029531 0.218366 
vt 0.098732 0.013168 
vt 0.098732 0.065195 
vt 0.063977 0.013168 
vt 0.063977 0.065195 
vt 0.063977 0.124227 
vt 0.098732 0.124227 
vt 0.098732 0.124227 
vt 0.063977 0.171551 
vt 0.098732 0.171551 
vt 0.029531 0.218366 
vt 0.029531 0.171551 
vt 0.063977 0.218366 
vt 0.063977 0.274176 
vt 0.029531 0.218366 
vt 0.029531 0.274176 
vt 0.029531 0.646643 
vt 0.029531 0.682294 
vt 0.007976 0.646643 
vt 0.007976 0.682294 
vt 0.029531 0.218366 
vt 0.029531 0.274176 
vt 0.007976 0.274176 
vt 0.007976 0.218366 
vt 0.564851 0.449603 
vt 0.51954 0.435293 
vt 0.541483 0.423708 
vt 0.5439 0.463328 
vt 0.007976 0.788972 
vt 0.007976 0.733161 
vt 0.029531 0.788972 
vt 0.029531 0.733161 
vt 0.029531 0.788972 
vt 0.007976 0.835786 
vt 0.029531 0.835786 
vt 0.939403 0.411219 
vt 0.962976 0.420152 
vt 0.942501 0.44841 
vt 0.920232 0.437693 
vt 0.029531 0.608728 
vt 0.029531 0.646643 
vt 0.007976 0.608728 
vt 0.007976 0.646643 
vt 0.771016 0.722456 
vt 0.73212 0.727963 
vt 0.764305 0.713244 
vt 0.742251 0.752338 
vt 0.73945 0.581828 
vt 0.769518 0.611717 
vt 0.72798 0.605083 
vt 0.763057 0.62109 
vt 0.533 0.087991 
vt 0.578627 0.076248 
vt 0.553984 0.099357 
vt 0.558919 0.058858 
vt 0.591216 0.092477 
vt 0.567561 0.120225 
vt 0.578627 0.076248 
vt 0.007976 0.572135 
vt 0.029531 0.608728 
vt 0.007976 0.608728 
vt 0.029531 0.572135 
vt 0.760392 0.771116 
vt 0.742251 0.752338 
vt 0.7817 0.736007 
vt 0.771016 0.722456 
vt 0.029531 0.360801 
vt 0.063977 0.39887 
vt 0.029531 0.39887 
vt 0.063977 0.360801 
vt 0.804027 0.015875 
vt 0.866036 0.059484 
vt 0.793864 0.038025 
vt 0.882106 0.040491 
vt 0.793864 0.038025 
vt 0.855416 0.074948 
vt 0.788239 0.054912 
vt 0.597994 0.067095 
vt 0.657614 0.019927 
vt 0.669026 0.041516 
vt 0.580809 0.049003 
vt 0.669026 0.041516 
vt 0.609512 0.081957 
vt 0.675606 0.058088 
vt 0.098732 0.994169 
vt 0.063977 0.942143 
vt 0.098732 0.942143 
vt 0.063977 0.994169 
vt 0.063977 0.325043 
vt 0.098732 0.360801 
vt 0.063977 0.360801 
vt 0.098732 0.325043 
vt 0.063977 0.325043 
vt 0.098732 0.274176 
vt 0.063977 0.274176 
vt 0.098732 0.218366 
vt 0.098732 0.274176 
vt 0.063977 0.218366 
vt 0.063977 0.218366 
vt 0.098732 0.171551 
vt 0.063977 0.171551 
vt 0.730594 0.00815398 
vt 0.793864 0.038025 
vt 0.731296 0.033337 
vt 0.804027 0.015875 
vt 0.793864 0.038025 
vt 0.788239 0.054912 
vt 0.731807 0.051475 
vt 0.007976 0.50386 
vt 0.029531 0.536485 
vt 0.007976 0.536485 
vt 0.029531 0.50386 
vt 0.007976 0.572135 
vt 0.029531 0.536485 
vt 0.007976 0.50386 
vt 0.029531 0.471303 
vt 0.007976 0.471303 
vt 0.007976 0.435545 
vt 0.029531 0.471303 
vt 0.029531 0.435545 
vt 0.007976 0.435545 
vt 0.029531 0.39887 
vt 0.007976 0.39887 
vt 0.007976 0.360801 
vt 0.029531 0.39887 
vt 0.029531 0.360801 
vt 0.029531 0.325043 
vt 0.007976 0.360801 
vt 0.007976 0.325043 
vt 0.029531 0.39887 
vt 0.063977 0.435545 
vt 0.029531 0.435545 
vt 0.063977 0.39887 
vt 0.541483 0.423708 
vt 0.502374 0.383414 
vt 0.524914 0.372468 
vt 0.51954 0.435293 
vt 0.499422 0.343366 
vt 0.524914 0.372468 
vt 0.522103 0.338183 
vt 0.029531 0.572135 
vt 0.029531 0.536485 
vt 0.063977 0.536485 
vt 0.063977 0.572135 
vt 0.414952 0.013168 
vt 0.371398 0.065195 
vt 0.371398 0.013168 
vt 0.414952 0.065195 
vt 0.53783 0.131479 
vt 0.52442 0.184087 
vt 0.502464 0.180121 
vt 0.516601 0.1214 
vt 0.063977 0.360801 
vt 0.098732 0.39887 
vt 0.063977 0.39887 
vt 0.098732 0.360801 
vt 0.903103 0.456662 
vt 0.890104 0.492535 
vt 0.875341 0.477064 
vt 0.92394 0.471539 
vt 0.936503 0.784426 
vt 0.884822 0.752934 
vt 0.948287 0.735245 
vt 0.885812 0.79118 
vt 0.029531 0.536485 
vt 0.029531 0.50386 
vt 0.063977 0.50386 
vt 0.063977 0.536485 
vt 0.029531 0.471303 
vt 0.063977 0.50386 
vt 0.063977 0.471303 
vt 0.584129 0.467255 
vt 0.613658 0.485488 
vt 0.600133 0.502039 
vt 0.564786 0.484095 
vt 0.920232 0.437693 
vt 0.92394 0.471539 
vt 0.903103 0.456662 
vt 0.942501 0.44841 
vt 0.063977 0.50386 
vt 0.098732 0.536485 
vt 0.063977 0.536485 
vt 0.098732 0.50386 
vt 0.063977 0.572135 
vt 0.098732 0.536485 
vt 0.098732 0.572135 
vt 0.063977 0.50386 
vt 0.098732 0.471303 
vt 0.063977 0.471303 
vt 0.063977 0.435545 
vt 0.098732 0.471303 
vt 0.098732 0.435545 
vt 0.564851 0.449603 
vt 0.584129 0.467255 
vt 0.564786 0.484095 
vt 0.5439 0.463328 
vt 0.446533 0.013168 
vt 0.446533 0.065195 
vt 0.414952 0.013168 
vt 0.414952 0.065195 
vt 0.781638 0.512523 
vt 0.746386 0.537793 
vt 0.745714 0.515847 
vt 0.785238 0.533802 
vt 0.745714 0.515847 
vt 0.773101 0.496683 
vt 0.745204 0.499167 
vt 0.684857 0.509148 
vt 0.70737 0.536182 
vt 0.676131 0.52788 
vt 0.709649 0.514726 
vt 0.690739 0.495171 
vt 0.709649 0.514726 
vt 0.7172 0.498385 
vt 0.063977 0.39887 
vt 0.098732 0.435545 
vt 0.063977 0.435545 
vt 0.098732 0.39887 
vt 0.875341 0.477064 
vt 0.867369 0.505849 
vt 0.853343 0.488542 
vt 0.890104 0.492535 
vt 0.853343 0.488542 
vt 0.864712 0.463017 
vt 0.842655 0.473466 
vt 0.842183 0.516305 
vt 0.829483 0.498672 
vt 0.867369 0.505849 
vt 0.829483 0.498672 
vt 0.842655 0.473466 
vt 0.81992 0.483944 
vt 0.661002 0.503907 
vt 0.676131 0.52788 
vt 0.649494 0.522326 
vt 0.684857 0.509148 
vt 0.669607 0.488567 
vt 0.684857 0.509148 
vt 0.690739 0.495171 
vt 0.098732 0.013168 
vt 0.158149 0.013168 
vt 0.158149 0.065195 
vt 0.098732 0.065195 
vt 0.158149 0.065195 
vt 0.098732 0.124227 
vt 0.158149 0.124227 
vt 0.098732 0.124227 
vt 0.158149 0.171551 
vt 0.098732 0.171551 
vt 0.158149 0.171551 
vt 0.098732 0.218366 
vt 0.158149 0.218366 
vt 0.520001 0.250808 
vt 0.518148 0.29601 
vt 0.492032 0.295052 
vt 0.49718 0.248764 
vt 0.533663 0.33432 
vt 0.529182 0.294473 
vt 0.522103 0.338183 
vt 0.537012 0.366296 
vt 0.524914 0.372468 
vt 0.522103 0.338183 
vt 0.492032 0.295052 
vt 0.499422 0.343366 
vt 0.855959 0.666771 
vt 0.853409 0.751379 
vt 0.822048 0.749636 
vt 0.802227 0.745929 
vt 0.7817 0.736007 
vt 0.822872 0.790358 
vt 0.853976 0.78958 
vt 0.790065 0.785588 
vt 0.802227 0.745929 
vt 0.760392 0.771116 
vt 0.7817 0.736007 
vt 0.829483 0.498672 
vt 0.81592 0.523571 
vt 0.806028 0.505419 
vt 0.842183 0.516305 
vt 0.613658 0.485488 
vt 0.636485 0.495384 
vt 0.623713 0.513621 
vt 0.600133 0.502039 
vt 0.636485 0.495384 
vt 0.649494 0.522326 
vt 0.661002 0.503907 
vt 0.371398 0.325043 
vt 0.414952 0.360801 
vt 0.371398 0.360801 
vt 0.414952 0.325043 
vt 0.414952 0.360801 
vt 0.371398 0.39887 
vt 0.414952 0.39887 
vt 0.855935 0.665044 
vt 0.81977 0.583179 
vt 0.851052 0.580552 
vt 0.818997 0.545105 
vt 0.850542 0.542344 
vt 0.747746 0.667382 
vt 0.750162 0.645536 
vt 0.75637 0.633251 
vt 0.763057 0.62109 
vt 0.800088 0.587451 
vt 0.779834 0.597908 
vt 0.81977 0.583179 
vt 0.787242 0.552111 
vt 0.818997 0.545105 
vt 0.779834 0.597908 
vt 0.800088 0.587451 
vt 0.758767 0.566219 
vt 0.779834 0.597908 
vt 0.73945 0.581828 
vt 0.769518 0.611717 
vt 0.750162 0.645536 
vt 0.718407 0.626722 
vt 0.716833 0.648298 
vt 0.747746 0.667382 
vt 0.715117 0.66785 
vt 0.719742 0.686751 
vt 0.750785 0.689144 
vt 0.722417 0.707331 
vt 0.757303 0.701256 
vt 0.72798 0.605083 
vt 0.75637 0.633251 
vt 0.763057 0.62109 
vt 0.757303 0.701256 
vt 0.73212 0.727963 
vt 0.764305 0.713244 
vt 0.855959 0.666771 
vt 0.764305 0.713244 
vt 0.750785 0.689144 
vt 0.747746 0.667382 
vt 0.950583 0.208535 
vt 0.974298 0.234753 
vt 0.952393 0.236061 
vt 0.977849 0.204206 
vt 0.974298 0.234753 
vt 0.953021 0.279191 
vt 0.973105 0.281278 
vt 0.948419 0.323664 
vt 0.970962 0.329039 
vt 0.953021 0.279191 
vt 0.414952 0.572135 
vt 0.446533 0.608728 
vt 0.414952 0.608728 
vt 0.446533 0.572135 
vt 0.371398 0.608728 
vt 0.414952 0.646643 
vt 0.371398 0.646643 
vt 0.414952 0.646643 
vt 0.371398 0.682294 
vt 0.414952 0.682294 
vt 0.882408 0.578122 
vt 0.850542 0.542344 
vt 0.882332 0.539856 
vt 0.851052 0.580552 
vt 0.855935 0.665044 
vt 0.769518 0.611717 
vt 0.763057 0.62109 
vt 0.779834 0.597908 
vt 0.371398 0.274176 
vt 0.414952 0.325043 
vt 0.371398 0.325043 
vt 0.414952 0.274176 
vt 0.806028 0.505419 
vt 0.785238 0.533802 
vt 0.781638 0.512523 
vt 0.81592 0.523571 
vt 0.414952 0.536485 
vt 0.446533 0.572135 
vt 0.414952 0.572135 
vt 0.446533 0.536485 
vt 0.709649 0.514726 
vt 0.746386 0.537793 
vt 0.70737 0.536182 
vt 0.745714 0.515847 
vt 0.446533 0.065195 
vt 0.446533 0.124227 
vt 0.414952 0.065195 
vt 0.414952 0.124227 
vt 0.414952 0.994169 
vt 0.414952 0.942143 
vt 0.446533 0.942143 
vt 0.446533 0.994169 
vt 0.94634 0.594049 
vt 0.948682 0.66463 
vt 0.855935 0.665044 
vt 0.882408 0.578122 
vt 0.94634 0.594049 
vt 0.855935 0.665044 
vt 0.948287 0.735245 
vt 0.855959 0.666771 
vt 0.948682 0.66463 
vt 0.473755 0.50386 
vt 0.473755 0.536485 
vt 0.446533 0.536485 
vt 0.446533 0.50386 
vt 0.414952 0.50386 
vt 0.446533 0.471303 
vt 0.414952 0.471303 
vt 0.446533 0.471303 
vt 0.473755 0.50386 
vt 0.473755 0.471303 
vt 0.446533 0.536485 
vt 0.414952 0.50386 
vt 0.414952 0.536485 
vt 0.446533 0.994169 
vt 0.473755 0.942143 
vt 0.473755 0.994169 
vt 0.446533 0.942143 
vt 0.52442 0.184087 
vt 0.520629 0.221696 
vt 0.498355 0.219537 
vt 0.502464 0.180121 
vt 0.414952 0.471303 
vt 0.446533 0.435545 
vt 0.446533 0.471303 
vt 0.414952 0.435545 
vt 0.371398 0.572135 
vt 0.414952 0.608728 
vt 0.371398 0.608728 
vt 0.414952 0.572135 
vt 0.029531 0.435545 
vt 0.063977 0.471303 
vt 0.029531 0.471303 
vt 0.063977 0.435545 
vt 0.063977 0.942143 
vt 0.063977 0.88311 
vt 0.098732 0.942143 
vt 0.098732 0.88311 
vt 0.446533 0.646643 
vt 0.446533 0.682294 
vt 0.414952 0.646643 
vt 0.414952 0.682294 
vt 0.32729 0.646643 
vt 0.32729 0.608728 
vt 0.371398 0.646643 
vt 0.371398 0.608728 
vt 0.446533 0.39887 
vt 0.414952 0.435545 
vt 0.414952 0.39887 
vt 0.446533 0.435545 
vt 0.446533 0.646643 
vt 0.414952 0.608728 
vt 0.446533 0.608728 
vt 0.414952 0.646643 
vt 0.098732 0.88311 
vt 0.063977 0.835786 
vt 0.098732 0.835786 
vt 0.063977 0.88311 
vt 0.371398 0.733161 
vt 0.414952 0.682294 
vt 0.414952 0.733161 
vt 0.371398 0.682294 
vt 0.446533 0.733161 
vt 0.414952 0.788972 
vt 0.446533 0.788972 
vt 0.414952 0.682294 
vt 0.446533 0.733161 
vt 0.446533 0.682294 
vt 0.473755 0.013168 
vt 0.473755 0.065195 
vt 0.446533 0.013168 
vt 0.446533 0.065195 
vt 0.414952 0.360801 
vt 0.414952 0.325043 
vt 0.446533 0.325043 
vt 0.446533 0.360801 
vt 0.446533 0.360801 
vt 0.446533 0.39887 
vt 0.414952 0.39887 
vt 0.414952 0.360801 
vt 0.371398 0.435545 
vt 0.414952 0.39887 
vt 0.414952 0.435545 
vt 0.371398 0.39887 
vt 0.371398 0.218366 
vt 0.414952 0.218366 
vt 0.414952 0.274176 
vt 0.371398 0.274176 
vt 0.473755 0.572135 
vt 0.473755 0.608728 
vt 0.446533 0.608728 
vt 0.446533 0.572135 
vt 0.473755 0.536485 
vt 0.473755 0.572135 
vt 0.446533 0.572135 
vt 0.446533 0.536485 
vt 0.414952 0.065195 
vt 0.371398 0.124227 
vt 0.371398 0.065195 
vt 0.414952 0.124227 
vt 0.371398 0.124227 
vt 0.414952 0.171551 
vt 0.371398 0.171551 
vt 0.446533 0.471303 
vt 0.446533 0.435545 
vt 0.473755 0.471303 
vt 0.473755 0.435545 
vt 0.473755 0.88311 
vt 0.473755 0.942143 
vt 0.446533 0.942143 
vt 0.446533 0.88311 
vt 0.446533 0.435545 
vt 0.446533 0.39887 
vt 0.473755 0.435545 
vt 0.473755 0.39887 
vt 0.970962 0.329039 
vt 0.94688 0.359753 
vt 0.948419 0.323664 
vt 0.977849 0.368662 
vt 0.371398 0.171551 
vt 0.414952 0.171551 
vt 0.414952 0.218366 
vt 0.371398 0.218366 
vt 0.520629 0.221696 
vt 0.520001 0.250808 
vt 0.49718 0.248764 
vt 0.498355 0.219537 
vt 0.948682 0.66463 
vt 0.97987 0.611136 
vt 0.98133 0.66418 
vt 0.94634 0.594049 
vt 0.98133 0.717242 
vt 0.948682 0.66463 
vt 0.948287 0.735245 
vt 0.882408 0.578122 
vt 0.933202 0.545204 
vt 0.882332 0.539856 
vt 0.884822 0.752934 
vt 0.855959 0.666771 
vt 0.764305 0.713244 
vt 0.771016 0.722456 
vt 0.7817 0.736007 
vt 0.884822 0.752934 
vt 0.853409 0.751379 
vt 0.853976 0.78958 
vt 0.885812 0.79118 
vt 0.473755 0.646643 
vt 0.473755 0.682294 
vt 0.446533 0.646643 
vt 0.446533 0.682294 
vt 0.446533 0.646643 
vt 0.473755 0.608728 
vt 0.446533 0.608728 
vt 0.414952 0.942143 
vt 0.446533 0.88311 
vt 0.446533 0.942143 
vt 0.414952 0.88311 
vt 0.229878 0.994169 
vt 0.278498 0.942143 
vt 0.278498 0.994169 
vt 0.229878 0.942143 
vt 0.446533 0.360801 
vt 0.446533 0.325043 
vt 0.473755 0.325043 
vt 0.473755 0.360801 
vt 0.473755 0.39887 
vt 0.446533 0.360801 
vt 0.446533 0.39887 
vt 0.098732 0.788972 
vt 0.063977 0.733161 
vt 0.098732 0.733161 
vt 0.063977 0.788972 
vt 0.473755 0.835786 
vt 0.446533 0.88311 
vt 0.446533 0.835786 
vt 0.473755 0.88311 
vt 0.414952 0.325043 
vt 0.414952 0.274176 
vt 0.446533 0.274176 
vt 0.446533 0.325043 
vt 0.414952 0.218366 
vt 0.446533 0.274176 
vt 0.446533 0.218366 
vt 0.414952 0.171551 
vt 0.414952 0.218366 
vt 0.446533 0.171551 
vt 0.414952 0.124227 
vt 0.446533 0.171551 
vt 0.446533 0.124227 
vt 0.473755 0.682294 
vt 0.473755 0.733161 
vt 0.446533 0.682294 
vt 0.446533 0.733161 
vt 0.473755 0.733161 
vt 0.446533 0.788972 
vt 0.473755 0.788972 
vt 0.278498 0.942143 
vt 0.32729 0.994169 
vt 0.278498 0.994169 
vt 0.32729 0.942143 
vt 0.198331 0.50386 
vt 0.229878 0.536485 
vt 0.198331 0.536485 
vt 0.229878 0.50386 
vt 0.158149 0.50386 
vt 0.158149 0.536485 
vt 0.198331 0.50386 
vt 0.198331 0.50386 
vt 0.229878 0.471303 
vt 0.198331 0.471303 
vt 0.158149 0.50386 
vt 0.198331 0.471303 
vt 0.158149 0.471303 
vt 0.098732 0.50386 
vt 0.098732 0.471303 
vt 0.158149 0.50386 
vt 0.098732 0.435545 
vt 0.158149 0.471303 
vt 0.158149 0.435545 
vt 0.158149 0.536485 
vt 0.098732 0.50386 
vt 0.098732 0.536485 
vt 0.414952 0.88311 
vt 0.446533 0.835786 
vt 0.446533 0.88311 
vt 0.414952 0.835786 
vt 0.473755 0.788972 
vt 0.446533 0.835786 
vt 0.446533 0.788972 
vt 0.473755 0.835786 
vt 0.555085 0.760601 
vt 0.556104 0.727539 
vt 0.566975 0.756253 
vt 0.537425 0.740655 
vt 0.414952 0.835786 
vt 0.446533 0.788972 
vt 0.446533 0.835786 
vt 0.414952 0.788972 
vt 0.72239 0.749744 
vt 0.701478 0.759076 
vt 0.705393 0.734223 
vt 0.689311 0.755461 
vt 0.566975 0.756253 
vt 0.556104 0.727539 
vt 0.579394 0.753242 
vt 0.576523 0.718777 
vt 0.098732 0.835786 
vt 0.063977 0.788972 
vt 0.098732 0.788972 
vt 0.063977 0.835786 
vt 0.664511 0.749983 
vt 0.664737 0.715399 
vt 0.685767 0.722574 
vt 0.677124 0.752035 
vt 0.685767 0.722574 
vt 0.689311 0.755461 
vt 0.705393 0.734223 
vt 0.603559 0.748766 
vt 0.598196 0.712925 
vt 0.621754 0.746417 
vt 0.620311 0.70875 
vt 0.640074 0.747368 
vt 0.621754 0.746417 
vt 0.642681 0.711222 
vt 0.620311 0.70875 
vt 0.929814 0.12034 
vt 0.975055 0.163481 
vt 0.944745 0.172006 
vt 0.950377 0.108844 
vt 0.707645 0.785878 
vt 0.72239 0.749744 
vt 0.73951 0.772879 
vt 0.701478 0.759076 
vt 0.977849 0.368662 
vt 0.939403 0.411219 
vt 0.94688 0.359753 
vt 0.962976 0.420152 
vt 0.32729 0.39887 
vt 0.371398 0.435545 
vt 0.32729 0.435545 
vt 0.371398 0.39887 
vt 0.32729 0.39887 
vt 0.371398 0.360801 
vt 0.32729 0.360801 
vt 0.32729 0.360801 
vt 0.371398 0.325043 
vt 0.32729 0.325043 
vt 0.32729 0.274176 
vt 0.371398 0.325043 
vt 0.371398 0.274176 
vt 0.158149 0.788972 
vt 0.098732 0.733161 
vt 0.158149 0.733161 
vt 0.098732 0.788972 
vt 0.198331 0.994169 
vt 0.229878 0.942143 
vt 0.229878 0.994169 
vt 0.198331 0.942143 
vt 0.781638 0.512523 
vt 0.799289 0.49185 
vt 0.806028 0.505419 
vt 0.773101 0.496683 
vt 0.446533 0.325043 
vt 0.446533 0.274176 
vt 0.473755 0.274176 
vt 0.473755 0.325043 
vt 0.446533 0.218366 
vt 0.473755 0.274176 
vt 0.473755 0.218366 
vt 0.446533 0.171551 
vt 0.473755 0.218366 
vt 0.473755 0.171551 
vt 0.446533 0.124227 
vt 0.446533 0.171551 
vt 0.473755 0.124227 
vt 0.446533 0.065195 
vt 0.473755 0.124227 
vt 0.473755 0.065195 
vt 0.32729 0.942143 
vt 0.371398 0.994169 
vt 0.32729 0.994169 
vt 0.371398 0.942143 
vt 0.521664 0.757432 
vt 0.537425 0.740655 
vt 0.543231 0.765136 
vt 0.555085 0.760601 
vt 0.539132 0.792332 
vt 0.521664 0.757432 
vt 0.506364 0.78181 
vt 0.539132 0.792332 
vt 0.498177 0.826377 
vt 0.53104 0.831509 
vt 0.098732 0.733161 
vt 0.063977 0.733161 
vt 0.063977 0.682294 
vt 0.098732 0.682294 
vt 0.098732 0.39887 
vt 0.158149 0.435545 
vt 0.098732 0.435545 
vt 0.158149 0.39887 
vt 0.098732 0.39887 
vt 0.158149 0.360801 
vt 0.098732 0.360801 
vt 0.158149 0.471303 
vt 0.198331 0.435545 
vt 0.198331 0.471303 
vt 0.158149 0.435545 
vt 0.371398 0.942143 
vt 0.32729 0.88311 
vt 0.371398 0.88311 
vt 0.32729 0.942143 
vt 0.063977 0.608728 
vt 0.063977 0.572135 
vt 0.098732 0.572135 
vt 0.098732 0.608728 
vt 0.158149 0.646643 
vt 0.098732 0.646643 
vt 0.158149 0.608728 
vt 0.063977 0.608728 
vt 0.098732 0.646643 
vt 0.063977 0.646643 
vt 0.098732 0.682294 
vt 0.063977 0.646643 
vt 0.063977 0.682294 
vt 0.158149 0.733161 
vt 0.098732 0.733161 
vt 0.158149 0.682294 
vt 0.158149 0.536485 
vt 0.198331 0.572135 
vt 0.158149 0.572135 
vt 0.198331 0.536485 
vt 0.751083 0.816682 
vt 0.707645 0.785878 
vt 0.73951 0.772879 
vt 0.718715 0.824322 
vt 0.32729 0.646643 
vt 0.278498 0.682294 
vt 0.278498 0.646643 
vt 0.32729 0.682294 
vt 0.32729 0.733161 
vt 0.278498 0.682294 
vt 0.278498 0.733161 
vt 0.32729 0.733161 
vt 0.278498 0.788972 
vt 0.32729 0.788972 
vt 0.371398 0.682294 
vt 0.371398 0.733161 
vt 0.32729 0.682294 
vt 0.371398 0.682294 
vt 0.32729 0.646643 
vt 0.371398 0.646643 
vt 0.198331 0.942143 
vt 0.229878 0.88311 
vt 0.229878 0.942143 
vt 0.198331 0.88311 
vt 0.806028 0.505419 
vt 0.81992 0.483944 
vt 0.829483 0.498672 
vt 0.799289 0.49185 
vt 0.198331 0.733161 
vt 0.229878 0.682294 
vt 0.229878 0.733161 
vt 0.198331 0.682294 
vt 0.646153 0.479565 
vt 0.661002 0.503907 
vt 0.636485 0.495384 
vt 0.669607 0.488567 
vt 0.158149 0.682294 
vt 0.098732 0.682294 
vt 0.098732 0.646643 
vt 0.158149 0.646643 
vt 0.32729 0.608728 
vt 0.278498 0.646643 
vt 0.278498 0.608728 
vt 0.32729 0.646643 
vt 0.158149 0.994169 
vt 0.098732 0.942143 
vt 0.158149 0.942143 
vt 0.098732 0.994169 
vt 0.098732 0.88311 
vt 0.098732 0.942143 
vt 0.158149 0.88311 
vt 0.158149 0.788972 
vt 0.198331 0.733161 
vt 0.198331 0.788972 
vt 0.158149 0.733161 
vt 0.198331 0.682294 
vt 0.229878 0.646643 
vt 0.229878 0.682294 
vt 0.198331 0.646643 
vt 0.623278 0.470611 
vt 0.636485 0.495384 
vt 0.613658 0.485488 
vt 0.646153 0.479565 
vt 0.229878 0.435545 
vt 0.278498 0.39887 
vt 0.278498 0.435545 
vt 0.229878 0.39887 
vt 0.229878 0.360801 
vt 0.278498 0.39887 
vt 0.278498 0.360801 
vt 0.229878 0.608728 
vt 0.229878 0.572135 
vt 0.278498 0.572135 
vt 0.278498 0.608728 
vt 0.198331 0.608728 
vt 0.229878 0.608728 
vt 0.198331 0.572135 
vt 0.198331 0.536485 
vt 0.229878 0.572135 
vt 0.229878 0.536485 
vt 0.229878 0.536485 
vt 0.278498 0.572135 
vt 0.278498 0.536485 
vt 0.278498 0.733161 
vt 0.229878 0.733161 
vt 0.229878 0.682294 
vt 0.278498 0.682294 
vt 0.229878 0.682294 
vt 0.278498 0.646643 
vt 0.229878 0.646643 
vt 0.371398 0.50386 
vt 0.414952 0.536485 
vt 0.371398 0.536485 
vt 0.414952 0.50386 
vt 0.414952 0.572135 
vt 0.371398 0.536485 
vt 0.371398 0.572135 
vt 0.371398 0.50386 
vt 0.414952 0.471303 
vt 0.371398 0.471303 
vt 0.371398 0.536485 
vt 0.32729 0.50386 
vt 0.32729 0.536485 
vt 0.32729 0.50386 
vt 0.371398 0.471303 
vt 0.414952 0.435545 
vt 0.371398 0.435545 
vt 0.32729 0.471303 
vt 0.32729 0.572135 
vt 0.371398 0.536485 
vt 0.371398 0.572135 
vt 0.371398 0.608728 
vt 0.32729 0.572135 
vt 0.32729 0.608728 
vt 0.278498 0.536485 
vt 0.278498 0.572135 
vt 0.32729 0.536485 
vt 0.278498 0.608728 
vt 0.32729 0.572135 
vt 0.32729 0.608728 
vt 0.278498 0.50386 
vt 0.278498 0.536485 
vt 0.32729 0.50386 
vt 0.278498 0.471303 
vt 0.229878 0.50386 
vt 0.229878 0.471303 
vt 0.278498 0.536485 
vt 0.229878 0.50386 
vt 0.229878 0.536485 
vt 0.903103 0.456662 
vt 0.875341 0.477064 
vt 0.864712 0.463017 
vt 0.890024 0.442016 
vt 0.371398 0.88311 
vt 0.32729 0.835786 
vt 0.371398 0.835786 
vt 0.32729 0.88311 
vt 0.32729 0.835786 
vt 0.371398 0.788972 
vt 0.32729 0.788972 
vt 0.229878 0.608728 
vt 0.198331 0.646643 
vt 0.198331 0.608728 
vt 0.229878 0.646643 
vt 0.158149 0.835786 
vt 0.098732 0.788972 
vt 0.158149 0.788972 
vt 0.098732 0.835786 
vt 0.278498 0.360801 
vt 0.32729 0.39887 
vt 0.278498 0.39887 
vt 0.32729 0.360801 
vt 0.596103 0.451332 
vt 0.623278 0.470611 
vt 0.584129 0.467255 
vt 0.613658 0.485488 
vt 0.278498 0.608728 
vt 0.229878 0.646643 
vt 0.229878 0.608728 
vt 0.278498 0.646643 
vt 0.765422 0.88556 
vt 0.723705 0.858339 
vt 0.759062 0.851941 
vt 0.727705 0.892073 
vt 0.158149 0.994169 
vt 0.198331 0.942143 
vt 0.198331 0.994169 
vt 0.158149 0.942143 
vt 0.158149 0.88311 
vt 0.198331 0.942143 
vt 0.198331 0.88311 
vt 0.198331 0.835786 
vt 0.158149 0.835786 
vt 0.198331 0.788972 
vt 0.158149 0.788972 
vt 0.198331 0.835786 
vt 0.229878 0.942143 
vt 0.278498 0.88311 
vt 0.278498 0.942143 
vt 0.229878 0.88311 
vt 0.278498 0.218366 
vt 0.229878 0.274176 
vt 0.229878 0.218366 
vt 0.278498 0.274176 
vt 0.198331 0.274176 
vt 0.229878 0.218366 
vt 0.198331 0.218366 
vt 0.098732 0.536485 
vt 0.158149 0.572135 
vt 0.098732 0.572135 
vt 0.158149 0.536485 
vt 0.278498 0.274176 
vt 0.229878 0.325043 
vt 0.229878 0.274176 
vt 0.278498 0.325043 
vt 0.278498 0.360801 
vt 0.229878 0.325043 
vt 0.229878 0.360801 
vt 0.278498 0.88311 
vt 0.32729 0.835786 
vt 0.32729 0.88311 
vt 0.278498 0.835786 
vt 0.32729 0.942143 
vt 0.278498 0.88311 
vt 0.278498 0.942143 
vt 0.528266 0.978052 
vt 0.546619 0.943082 
vt 0.546345 0.981231 
vt 0.527728 0.939149 
vt 0.565505 0.946931 
vt 0.564551 0.98672 
vt 0.565013 0.90454 
vt 0.54642 0.901937 
vt 0.527728 0.939149 
vt 0.546619 0.943082 
vt 0.527252 0.899741 
vt 0.501863 0.968907 
vt 0.528266 0.978052 
vt 0.494953 0.932636 
vt 0.494953 0.932636 
vt 0.491158 0.89406 
vt 0.527728 0.939149 
vt 0.567155 0.832882 
vt 0.567716 0.790669 
vt 0.583413 0.832233 
vt 0.583019 0.789435 
vt 0.54757 0.866882 
vt 0.565874 0.868453 
vt 0.549202 0.832208 
vt 0.566975 0.756253 
vt 0.579394 0.753242 
vt 0.567716 0.790669 
vt 0.567155 0.832882 
vt 0.553508 0.791481 
vt 0.567716 0.790669 
vt 0.555085 0.760601 
vt 0.553508 0.791481 
vt 0.549202 0.832208 
vt 0.539132 0.792332 
vt 0.53104 0.831509 
vt 0.528659 0.865803 
vt 0.54757 0.866882 
vt 0.553508 0.791481 
vt 0.543231 0.765136 
vt 0.539132 0.792332 
vt 0.493907 0.861362 
vt 0.53104 0.831509 
vt 0.498177 0.826377 
vt 0.198331 0.788972 
vt 0.229878 0.733161 
vt 0.229878 0.788972 
vt 0.198331 0.733161 
vt 0.198331 0.471303 
vt 0.229878 0.435545 
vt 0.229878 0.471303 
vt 0.198331 0.435545 
vt 0.278498 0.435545 
vt 0.229878 0.471303 
vt 0.278498 0.471303 
vt 0.32729 0.435545 
vt 0.371398 0.471303 
vt 0.371398 0.435545 
vt 0.278498 0.39887 
vt 0.32729 0.39887 
vt 0.278498 0.435545 
vt 0.32729 0.435545 
vt 0.278498 0.471303 
vt 0.32729 0.471303 
vt 0.371398 0.942143 
vt 0.414952 0.88311 
vt 0.414952 0.942143 
vt 0.371398 0.88311 
vt 0.414952 0.835786 
vt 0.371398 0.835786 
vt 0.414952 0.88311 
vt 0.371398 0.835786 
vt 0.414952 0.788972 
vt 0.371398 0.788972 
vt 0.32729 0.218366 
vt 0.371398 0.218366 
vt 0.371398 0.274176 
vt 0.32729 0.274176 
vt 0.944745 0.172006 
vt 0.977849 0.204206 
vt 0.950583 0.208535 
vt 0.975055 0.163481 
vt 0.158149 0.682294 
vt 0.158149 0.646643 
vt 0.198331 0.682294 
vt 0.198331 0.646643 
vt 0.198331 0.682294 
vt 0.158149 0.733161 
vt 0.198331 0.733161 
vt 0.198331 0.88311 
vt 0.229878 0.835786 
vt 0.229878 0.88311 
vt 0.198331 0.835786 
vt 0.198331 0.325043 
vt 0.229878 0.325043 
vt 0.198331 0.360801 
vt 0.229878 0.360801 
vt 0.229878 0.274176 
vt 0.198331 0.274176 
vt 0.229878 0.360801 
vt 0.198331 0.39887 
vt 0.229878 0.39887 
vt 0.158149 0.88311 
vt 0.098732 0.835786 
vt 0.158149 0.835786 
vt 0.098732 0.88311 
vt 0.198331 0.435545 
vt 0.229878 0.39887 
vt 0.229878 0.435545 
vt 0.198331 0.39887 
vt 0.158149 0.435545 
vt 0.198331 0.39887 
vt 0.198331 0.435545 
vt 0.158149 0.39887 
vt 0.229878 0.88311 
vt 0.278498 0.835786 
vt 0.278498 0.88311 
vt 0.229878 0.835786 
vt 0.229878 0.788972 
vt 0.278498 0.835786 
vt 0.278498 0.788972 
vt 0.229878 0.733161 
vt 0.278498 0.788972 
vt 0.278498 0.733161 
vt 0.643787 0.829833 
vt 0.641907 0.786666 
vt 0.663665 0.786346 
vt 0.666546 0.82905 
vt 0.664511 0.749983 
vt 0.677124 0.752035 
vt 0.679017 0.786407 
vt 0.682806 0.828454 
vt 0.693246 0.786129 
vt 0.700657 0.826409 
vt 0.679017 0.786407 
vt 0.689311 0.755461 
vt 0.693246 0.786129 
vt 0.701478 0.759076 
vt 0.707645 0.785878 
vt 0.723705 0.858339 
vt 0.718715 0.824322 
vt 0.704934 0.86086 
vt 0.682806 0.828454 
vt 0.686802 0.863825 
vt 0.669492 0.865528 
vt 0.666546 0.82905 
vt 0.686802 0.863825 
vt 0.707645 0.785878 
vt 0.700657 0.826409 
vt 0.693246 0.786129 
vt 0.718715 0.824322 
vt 0.759062 0.851941 
vt 0.751083 0.816682 
vt 0.727705 0.892073 
vt 0.704934 0.86086 
vt 0.73024 0.931404 
vt 0.762422 0.922409 
vt 0.765422 0.88556 
vt 0.708759 0.895727 
vt 0.690418 0.899743 
vt 0.669492 0.865528 
vt 0.73024 0.931404 
vt 0.727705 0.892073 
vt 0.672337 0.902844 
vt 0.711704 0.936768 
vt 0.708759 0.895727 
vt 0.693167 0.942049 
vt 0.645492 0.867281 
vt 0.669492 0.865528 
vt 0.64737 0.906068 
vt 0.732674 0.970235 
vt 0.73024 0.931404 
vt 0.71489 0.974786 
vt 0.711704 0.936768 
vt 0.697156 0.981649 
vt 0.758302 0.959102 
vt 0.732674 0.970235 
vt 0.762422 0.922409 
vt 0.371398 0.788972 
vt 0.414952 0.733161 
vt 0.414952 0.788972 
vt 0.371398 0.733161 
vt 0.677031 0.945911 
vt 0.64737 0.906068 
vt 0.672337 0.902844 
vt 0.652777 0.952127 
vt 0.278498 0.835786 
vt 0.32729 0.788972 
vt 0.32729 0.835786 
vt 0.278498 0.788972 
vt 0.643787 0.829833 
vt 0.645492 0.867281 
vt 0.229878 0.013168 
vt 0.278498 0.013168 
vt 0.278498 0.065195 
vt 0.229878 0.065195 
vt 0.278498 0.065195 
vt 0.229878 0.124227 
vt 0.278498 0.124227 
vt 0.229878 0.171551 
vt 0.278498 0.171551 
vt 0.229878 0.124227 
vt 0.278498 0.325043 
vt 0.32729 0.360801 
vt 0.278498 0.360801 
vt 0.32729 0.325043 
vt 0.278498 0.325043 
vt 0.32729 0.274176 
vt 0.278498 0.274176 
vt 0.278498 0.218366 
vt 0.32729 0.274176 
vt 0.32729 0.218366 
vt 0.679938 0.989576 
vt 0.677031 0.945911 
vt 0.697156 0.981649 
vt 0.693167 0.942049 
vt 0.672337 0.902844 
vt 0.690418 0.899743 
vt 0.278498 0.171551 
vt 0.32729 0.171551 
vt 0.32729 0.218366 
vt 0.278498 0.218366 
vt 0.278498 0.065195 
vt 0.32729 0.065195 
vt 0.32729 0.124227 
vt 0.278498 0.124227 
vt 0.371398 0.994169 
vt 0.414952 0.942143 
vt 0.414952 0.994169 
vt 0.371398 0.942143 
vt 0.158149 0.325043 
vt 0.198331 0.325043 
vt 0.158149 0.360801 
vt 0.198331 0.360801 
vt 0.158149 0.274176 
vt 0.198331 0.325043 
vt 0.198331 0.274176 
vt 0.158149 0.274176 
vt 0.198331 0.218366 
vt 0.158149 0.218366 
vt 0.158149 0.325043 
vt 0.098732 0.274176 
vt 0.098732 0.325043 
vt 0.098732 0.274176 
vt 0.158149 0.218366 
vt 0.098732 0.218366 
vt 0.158149 0.325043 
vt 0.098732 0.360801 
vt 0.158149 0.360801 
vt 0.32729 0.788972 
vt 0.371398 0.733161 
vt 0.371398 0.788972 
vt 0.32729 0.733161 
vt 0.604634 0.994038 
vt 0.6298 0.956639 
vt 0.631283 0.995437 
vt 0.606546 0.953895 
vt 0.657748 0.992007 
vt 0.631283 0.995437 
vt 0.652777 0.952127 
vt 0.627876 0.906335 
vt 0.64737 0.906068 
vt 0.645492 0.867281 
vt 0.158149 0.013168 
vt 0.198331 0.013168 
vt 0.198331 0.065195 
vt 0.158149 0.065195 
vt 0.198331 0.065195 
vt 0.158149 0.124227 
vt 0.198331 0.124227 
vt 0.229878 0.065195 
vt 0.198331 0.065195 
vt 0.229878 0.124227 
vt 0.278498 0.013168 
vt 0.32729 0.013168 
vt 0.32729 0.065195 
vt 0.278498 0.065195 
vt 0.158149 0.572135 
vt 0.198331 0.608728 
vt 0.158149 0.608728 
vt 0.198331 0.572135 
vt 0.098732 0.572135 
vt 0.158149 0.572135 
vt 0.098732 0.608728 
vt 0.371398 0.013168 
vt 0.32729 0.065195 
vt 0.32729 0.013168 
vt 0.371398 0.065195 
vt 0.32729 0.065195 
vt 0.371398 0.124227 
vt 0.32729 0.124227 
vt 0.158149 0.360801 
vt 0.198331 0.360801 
vt 0.158149 0.39887 
vt 0.198331 0.39887 
vt 0.903103 0.456662 
vt 0.90592 0.430551 
vt 0.920232 0.437693 
vt 0.890024 0.442016 
vt 0.198331 0.835786 
vt 0.229878 0.788972 
vt 0.229878 0.835786 
vt 0.198331 0.788972 
vt 0.578989 0.440938 
vt 0.584129 0.467255 
vt 0.564851 0.449603 
vt 0.596103 0.451332 
vt 0.278498 0.124227 
vt 0.32729 0.124227 
vt 0.32729 0.171551 
vt 0.278498 0.171551 
vt 0.944745 0.172006 
vt 0.919141 0.130117 
vt 0.929814 0.12034 
vt 0.934858 0.176535 
vt 0.198331 0.171551 
vt 0.158149 0.218366 
vt 0.158149 0.171551 
vt 0.198331 0.218366 
vt 0.548825 0.140725 
vt 0.52442 0.184087 
vt 0.53783 0.131479 
vt 0.534699 0.188241 
vt 0.229878 0.171551 
vt 0.198331 0.218366 
vt 0.198331 0.171551 
vt 0.229878 0.218366 
vt 0.278498 0.171551 
vt 0.229878 0.218366 
vt 0.278498 0.218366 
vt 0.32729 0.171551 
vt 0.371398 0.171551 
vt 0.371398 0.218366 
vt 0.32729 0.218366 
vt 0.923165 0.403074 
vt 0.934947 0.35386 
vt 0.94688 0.359753 
vt 0.939403 0.411219 
vt 0.7172 0.498385 
vt 0.745714 0.515847 
vt 0.709649 0.514726 
vt 0.745204 0.499167 
vt 0.717792 0.492579 
vt 0.745028 0.493394 
vt 0.7172 0.498385 
vt 0.911728 0.089089 
vt 0.874244 0.084363 
vt 0.885845 0.067482 
vt 0.899404 0.110623 
vt 0.32729 0.124227 
vt 0.371398 0.124227 
vt 0.371398 0.171551 
vt 0.32729 0.171551 
vt 0.923165 0.403074 
vt 0.920232 0.437693 
vt 0.90592 0.430551 
vt 0.939403 0.411219 
vt 0.626403 0.867854 
vt 0.679938 0.989576 
vt 0.677031 0.945911 
vt 0.657748 0.992007 
vt 0.626403 0.867854 
vt 0.624975 0.830531 
vt 0.626403 0.867854 
vt 0.606164 0.831273 
vt 0.607327 0.868741 
vt 0.627876 0.906335 
vt 0.608418 0.907558 
vt 0.606546 0.953895 
vt 0.6298 0.956639 
vt 0.582323 0.993309 
vt 0.604634 0.994038 
vt 0.581887 0.949549 
vt 0.581887 0.949549 
vt 0.608418 0.907558 
vt 0.583278 0.906251 
vt 0.564551 0.98672 
vt 0.582323 0.993309 
vt 0.565505 0.946931 
vt 0.583278 0.906251 
vt 0.607327 0.868741 
vt 0.583264 0.868828 
vt 0.608418 0.907558 
vt 0.583264 0.868828 
vt 0.606164 0.831273 
vt 0.583413 0.832233 
vt 0.583278 0.906251 
vt 0.565874 0.868453 
vt 0.583019 0.789435 
vt 0.606164 0.831273 
vt 0.604738 0.788089 
vt 0.624975 0.830531 
vt 0.623335 0.787705 
vt 0.54642 0.901937 
vt 0.527252 0.899741 
vt 0.528659 0.865803 
vt 0.567155 0.832882 
vt 0.583264 0.868828 
vt 0.583413 0.832233 
vt 0.491158 0.89406 
vt 0.528659 0.865803 
vt 0.493907 0.861362 
vt 0.621754 0.746417 
vt 0.640074 0.747368 
vt 0.603559 0.748766 
vt 0.621754 0.746417 
vt 0.604738 0.788089 
vt 0.579394 0.753242 
vt 0.603559 0.748766 
vt 0.583019 0.789435 
vt 0.579394 0.753242 
vt 0.576523 0.718777 
vt 0.598196 0.712925 
vt 0.643787 0.829833 
vt 0.624975 0.830531 
vt 0.623335 0.787705 
vt 0.663665 0.786346 
vt 0.664511 0.749983 
vt 0.640074 0.747368 
vt 0.666546 0.82905 
vt 0.679017 0.786407 
vt 0.682806 0.828454 
vt 0.664511 0.749983 
vt 0.664737 0.715399 
vt 0.642681 0.711222 
vt 0.929814 0.12034 
vt 0.899404 0.110623 
vt 0.911728 0.089089 
vt 0.919141 0.130117 
vt 0.855416 0.074948 
vt 0.866036 0.059484 
vt 0.874244 0.084363 
vt 0.885845 0.067482 
vt 0.953021 0.279191 
vt 0.937582 0.320053 
vt 0.942552 0.278307 
vt 0.948419 0.323664 
vt 0.567561 0.120225 
vt 0.53783 0.131479 
vt 0.553984 0.099357 
vt 0.548825 0.140725 
vt 0.591216 0.092477 
vt 0.597994 0.067095 
vt 0.609512 0.081957 
vt 0.578627 0.076248 
vt 0.675606 0.058088 
vt 0.731296 0.033337 
vt 0.731807 0.051475 
vt 0.669026 0.041516 
vt 0.934947 0.35386 
vt 0.948419 0.323664 
vt 0.94688 0.359753 
vt 0.937582 0.320053 
vt 0.158149 0.646643 
vt 0.158149 0.608728 
vt 0.198331 0.646643 
vt 0.198331 0.608728 
vt 0.229878 0.013168 
vt 0.198331 0.065195 
vt 0.198331 0.013168 
vt 0.229878 0.065195 
vt 0.55888 0.413716 
vt 0.524914 0.372468 
vt 0.537012 0.366296 
vt 0.541483 0.423708 
vt 0.55888 0.413716 
vt 0.564851 0.449603 
vt 0.541483 0.423708 
vt 0.578989 0.440938 
vt 0.229878 0.124227 
vt 0.198331 0.171551 
vt 0.198331 0.124227 
vt 0.229878 0.171551 
vt 0.158149 0.171551 
vt 0.198331 0.171551 
vt 0.158149 0.124227 
vt 0.952393 0.236061 
vt 0.942552 0.278307 
vt 0.940066 0.237797 
vt 0.953021 0.279191 
vt 0.933906 0.238839 
vt 0.93624 0.278014 
vt 0.940066 0.237797 
vt 0.942552 0.278307 
vt 0.931341 0.318273 
vt 0.937582 0.320053 
vt 0.93826 0.211956 
vt 0.952393 0.236061 
vt 0.950583 0.208535 
vt 0.520629 0.221696 
vt 0.534699 0.188241 
vt 0.533278 0.224472 
vt 0.52442 0.184087 
vt 0.540714 0.190861 
vt 0.539579 0.225899 
vt 0.554553 0.145424 
vt 0.540714 0.190861 
vt 0.548825 0.140725 
vt 0.533278 0.224472 
vt 0.520001 0.250808 
vt 0.533458 0.251776 
vt 0.539579 0.225899 
vt 0.533458 0.251776 
vt 0.540059 0.252091 
vt 0.535358 0.293437 
vt 0.529182 0.294473 
vt 0.539769 0.332278 
vt 0.535358 0.293437 
vt 0.533663 0.33432 
vt 0.520001 0.250808 
vt 0.529182 0.294473 
vt 0.518148 0.29601 
vt 0.537012 0.366296 
vt 0.54332 0.363106 
vt 0.539769 0.332278 
vt 0.89884 0.341545 
vt 0.889046 0.375795 
vt 0.739457 0.291031 
vt 0.839103 0.11586 
vt 0.853558 0.119612 
vt 0.685614 0.111835 
vt 0.628206 0.12185 
vt 0.564142 0.230603 
vt 0.568248 0.253733 
vt 0.733465 0.108701 
vt 0.685614 0.111835 
vt 0.677503 0.064152 
vt 0.731985 0.057809 
vt 0.733465 0.108701 
vt 0.540059 0.252091 
vt 0.5696 0.290512 
vt 0.739457 0.291031 
vt 0.5696 0.290512 
vt 0.574091 0.325821 
vt 0.80613 0.412549 
vt 0.78912 0.414507 
vt 0.824072 0.409651 
vt 0.80613 0.412549 
vt 0.78912 0.414507 
vt 0.766215 0.416348 
vt 0.719229 0.41763 
vt 0.742736 0.417299 
vt 0.745028 0.493394 
vt 0.772157 0.490929 
vt 0.766215 0.416348 
vt 0.742736 0.417299 
vt 0.739457 0.291031 
vt 0.696199 0.417053 
vt 0.679028 0.416069 
vt 0.660845 0.414183 
vt 0.679028 0.416069 
vt 0.574091 0.325821 
vt 0.575212 0.351337 
vt 0.691863 0.489668 
vt 0.719229 0.41763 
vt 0.717792 0.492579 
vt 0.717792 0.492579 
vt 0.742736 0.417299 
vt 0.745028 0.493394 
vt 0.733465 0.108701 
vt 0.781362 0.109089 
vt 0.739457 0.291031 
vt 0.781362 0.109089 
vt 0.839103 0.11586 
vt 0.628206 0.12185 
vt 0.613997 0.126552 
vt 0.900799 0.189964 
vt 0.908595 0.220914 
vt 0.588622 0.382825 
vt 0.608382 0.397915 
vt 0.575212 0.351337 
vt 0.739457 0.291031 
vt 0.908595 0.220914 
vt 0.911276 0.243469 
vt 0.913388 0.278455 
vt 0.907435 0.313639 
vt 0.739457 0.291031 
vt 0.907435 0.313639 
vt 0.89884 0.341545 
vt 0.622696 0.404528 
vt 0.642983 0.411674 
vt 0.874991 0.390596 
vt 0.861271 0.397956 
vt 0.739457 0.291031 
vt 0.57644 0.159264 
vt 0.564358 0.200112 
vt 0.861271 0.397956 
vt 0.841624 0.406139 
vt 0.642983 0.411674 
vt 0.660845 0.414183 
vt 0.648536 0.473562 
vt 0.625919 0.464621 
vt 0.642983 0.411674 
vt 0.584897 0.435225 
vt 0.55888 0.413716 
vt 0.562867 0.409289 
vt 0.578989 0.440938 
vt 0.841624 0.406139 
vt 0.824072 0.409651 
vt 0.739457 0.291031 
vt 0.608382 0.397915 
vt 0.622696 0.404528 
vt 0.613997 0.126552 
vt 0.739457 0.291031 
vt 0.592596 0.142271 
vt 0.592596 0.142271 
vt 0.739457 0.291031 
vt 0.57644 0.159264 
vt 0.853558 0.119612 
vt 0.875742 0.133926 
vt 0.739457 0.291031 
vt 0.875742 0.133926 
vt 0.892715 0.149751 
vt 0.739457 0.291031 
vt 0.564358 0.200112 
vt 0.739457 0.291031 
vt 0.564142 0.230603 
vt 0.892715 0.149751 
vt 0.900799 0.189964 
vt 0.739457 0.291031 
vt 0.889046 0.375795 
vt 0.874991 0.390596 
vt 0.739457 0.291031 
vt 0.562867 0.409289 
vt 0.537012 0.366296 
vt 0.54332 0.363106 
vt 0.55888 0.413716 
vt 0.773101 0.496683 
vt 0.79783 0.486438 
vt 0.799289 0.49185 
vt 0.772157 0.490929 
vt 0.691863 0.489668 
vt 0.7172 0.498385 
vt 0.690739 0.495171 
vt 0.717792 0.492579 
vt 0.799289 0.49185 
vt 0.817838 0.478205 
vt 0.81992 0.483944 
vt 0.79783 0.486438 
vt 0.745204 0.499167 
vt 0.772157 0.490929 
vt 0.773101 0.496683 
vt 0.745028 0.493394 
vt 0.671326 0.482691 
vt 0.690739 0.495171 
vt 0.669607 0.488567 
vt 0.691863 0.489668 
vt 0.81992 0.483944 
vt 0.839895 0.467663 
vt 0.842655 0.473466 
vt 0.817838 0.478205 
vt 0.648536 0.473562 
vt 0.669607 0.488567 
vt 0.646153 0.479565 
vt 0.671326 0.482691 
vt 0.842655 0.473466 
vt 0.861682 0.457279 
vt 0.864712 0.463017 
vt 0.839895 0.467663 
vt 0.625919 0.464621 
vt 0.646153 0.479565 
vt 0.623278 0.470611 
vt 0.648536 0.473562 
vt 0.917046 0.398234 
vt 0.90592 0.430551 
vt 0.899788 0.425458 
vt 0.923165 0.403074 
vt 0.886081 0.436443 
vt 0.864712 0.463017 
vt 0.861682 0.457279 
vt 0.890024 0.442016 
vt 0.599652 0.445387 
vt 0.623278 0.470611 
vt 0.596103 0.451332 
vt 0.625919 0.464621 
vt 0.899788 0.425458 
vt 0.890024 0.442016 
vt 0.886081 0.436443 
vt 0.90592 0.430551 
vt 0.584897 0.435225 
vt 0.596103 0.451332 
vt 0.578989 0.440938 
vt 0.599652 0.445387 
vt 0.917046 0.398234 
vt 0.92845 0.350366 
vt 0.934947 0.35386 
vt 0.923165 0.403074 
vt 0.92845 0.350366 
vt 0.931341 0.318273 
vt 0.937582 0.320053 
vt 0.934947 0.35386 
vt 0.855416 0.074948 
vt 0.870532 0.090906 
vt 0.85246 0.080929 
vt 0.874244 0.084363 
vt 0.612814 0.087768 
vt 0.595311 0.098812 
vt 0.609512 0.081957 
vt 0.591216 0.092477 
vt 0.567561 0.120225 
vt 0.554553 0.145424 
vt 0.548825 0.140725 
vt 0.571781 0.12608 
vt 0.899404 0.110623 
vt 0.919141 0.130117 
vt 0.91366 0.135047 
vt 0.895522 0.11668 
vt 0.85246 0.080929 
vt 0.786691 0.061061 
vt 0.788239 0.054912 
vt 0.855416 0.074948 
vt 0.612814 0.087768 
vt 0.675606 0.058088 
vt 0.677503 0.064152 
vt 0.609512 0.081957 
vt 0.786691 0.061061 
vt 0.731985 0.057809 
vt 0.731807 0.051475 
vt 0.788239 0.054912 
vt 0.677503 0.064152 
vt 0.731807 0.051475 
vt 0.731985 0.057809 
vt 0.675606 0.058088 
vt 0.950583 0.208535 
vt 0.934858 0.176535 
vt 0.944745 0.172006 
vt 0.93826 0.211956 
vt 0.93826 0.211956 
vt 0.929062 0.179397 
vt 0.932167 0.213774 
vt 0.940066 0.237797 
vt 0.932167 0.213774 
vt 0.933906 0.238839 
vt 0.900799 0.189964 
vt 0.929062 0.179397 
vt 0.908595 0.220914 
vt 0.595311 0.098812 
vt 0.567561 0.120225 
vt 0.591216 0.092477 
vt 0.571781 0.12608 
vt 0.899404 0.110623 
vt 0.870532 0.090906 
vt 0.874244 0.084363 
vt 0.895522 0.11668 
vt 0.929062 0.179397 
vt 0.892715 0.149751 
vt 0.91366 0.135047 
vt 0.900799 0.189964 
vt 0.540059 0.252091 
vt 0.564142 0.230603 
vt 0.568248 0.253733 
vt 0.539579 0.225899 
vt 0.539769 0.332278 
vt 0.535358 0.293437 
vt 0.574091 0.325821 
vt 0.5696 0.290512 
vt 0.564358 0.200112 
vt 0.539579 0.225899 
vt 0.540714 0.190861 
vt 0.564142 0.230603 
vt 0.892715 0.149751 
vt 0.895522 0.11668 
vt 0.91366 0.135047 
vt 0.875742 0.133926 
vt 0.934858 0.176535 
vt 0.929062 0.179397 
vt 0.919141 0.130117 
vt 0.92845 0.350366 
vt 0.89884 0.341545 
vt 0.931341 0.318273 
vt 0.907435 0.313639 
vt 0.57644 0.159264 
vt 0.540714 0.190861 
vt 0.554553 0.145424 
vt 0.564358 0.200112 
vt 0.917046 0.398234 
vt 0.889046 0.375795 
vt 0.92845 0.350366 
vt 0.89884 0.341545 
vt 0.933906 0.238839 
vt 0.908595 0.220914 
vt 0.932167 0.213774 
vt 0.911276 0.243469 
vt 0.54332 0.363106 
vt 0.539769 0.332278 
vt 0.575212 0.351337 
vt 0.574091 0.325821 
vt 0.772157 0.490929 
vt 0.766215 0.416348 
vt 0.79783 0.486438 
vt 0.78912 0.414507 
vt 0.79783 0.486438 
vt 0.78912 0.414507 
vt 0.817838 0.478205 
vt 0.80613 0.412549 
vt 0.696199 0.417053 
vt 0.691863 0.489668 
vt 0.671326 0.482691 
vt 0.679028 0.416069 
vt 0.839895 0.467663 
vt 0.824072 0.409651 
vt 0.861682 0.457279 
vt 0.841624 0.406139 
vt 0.679028 0.416069 
vt 0.671326 0.482691 
vt 0.648536 0.473562 
vt 0.660845 0.414183 
vt 0.817838 0.478205 
vt 0.80613 0.412549 
vt 0.839895 0.467663 
vt 0.824072 0.409651 
vt 0.931341 0.318273 
vt 0.907435 0.313639 
vt 0.93624 0.278014 
vt 0.913388 0.278455 
vt 0.911276 0.243469 
vt 0.93624 0.278014 
vt 0.933906 0.238839 
vt 0.599652 0.445387 
vt 0.608382 0.397915 
vt 0.622696 0.404528 
vt 0.584897 0.435225 
vt 0.886081 0.436443 
vt 0.874991 0.390596 
vt 0.899788 0.425458 
vt 0.861271 0.397956 
vt 0.599652 0.445387 
vt 0.622696 0.404528 
vt 0.642983 0.411674 
vt 0.625919 0.464621 
vt 0.861682 0.457279 
vt 0.841624 0.406139 
vt 0.886081 0.436443 
vt 0.861271 0.397956 
vt 0.57644 0.159264 
vt 0.554553 0.145424 
vt 0.571781 0.12608 
vt 0.592596 0.142271 
vt 0.899788 0.425458 
vt 0.874991 0.390596 
vt 0.917046 0.398234 
vt 0.889046 0.375795 
vt 0.562867 0.409289 
vt 0.588622 0.382825 
vt 0.608382 0.397915 
vt 0.584897 0.435225 
vt 0.562867 0.409289 
vt 0.54332 0.363106 
vt 0.588622 0.382825 
vt 0.575212 0.351337 
vt 0.592596 0.142271 
vt 0.571781 0.12608 
vt 0.595311 0.098812 
vt 0.613997 0.126552 
vt 0.875742 0.133926 
vt 0.870532 0.090906 
vt 0.895522 0.11668 
vt 0.853558 0.119612 
vt 0.613997 0.126552 
vt 0.595311 0.098812 
vt 0.612814 0.087768 
vt 0.628206 0.12185 
vt 0.853558 0.119612 
vt 0.85246 0.080929 
vt 0.870532 0.090906 
vt 0.839103 0.11586 
vt 0.612814 0.087768 
vt 0.677503 0.064152 
vt 0.628206 0.12185 
vt 0.685614 0.111835 
vt 0.839103 0.11586 
vt 0.786691 0.061061 
vt 0.85246 0.080929 
vt 0.781362 0.109089 
vt 0.781362 0.109089 
vt 0.731985 0.057809 
vt 0.786691 0.061061 

usemtl Handle3Mtl

f 2017/2017/2017 2018/2018/2018 2019/2019/2019 
f 2019/2019/2019 2020/2020/2020 2017/2017/2017 
f 2021/2021/2021 2022/2022/2022 2023/2023/2023 
f 2022/2022/2022 2021/2021/2021 2024/2024/2024 
f 2025/2025/2025 2026/2026/2026 2027/2027/2027 
f 2026/2026/2026 2025/2025/2025 2028/2028/2028 
f 2029/2029/2029 2030/2030/2030 2031/2031/2031 
f 2030/2030/2030 2029/2029/2029 2032/2032/2032 
f 2033/2033/2033 2034/2034/2034 2035/2035/2035 
f 2034/2034/2034 2033/2033/2033 2036/2036/2036 
f 2037/2037/2037 2038/2038/2038 2039/2039/2039 
f 2038/2038/2038 2037/2037/2037 2040/2040/2040 
f 2041/2041/2041 2042/2042/2042 2043/2043/2043 
f 2043/2043/2043 2044/2044/2044 2041/2041/2041 
f 2045/2045/2045 2046/2046/2046 2047/2047/2047 
f 2046/2046/2046 2045/2045/2045 2048/2048/2048 
f 2049/2049/2049 2050/2050/2050 2051/2051/2051 
f 2050/2050/2050 2049/2049/2049 2052/2052/2052 
f 2053/2053/2053 2054/2054/2054 2055/2055/2055 
f 2054/2054/2054 2053/2053/2053 2056/2056/2056 
f 2057/2057/2057 2058/2058/2058 2059/2059/2059 
f 2058/2058/2058 2057/2057/2057 2060/2060/2060 
f 2061/2061/2061 2062/2062/2062 2063/2063/2063 
f 2062/2062/2062 2061/2061/2061 2064/2064/2064 
f 2065/2065/2065 2062/2062/2062 2066/2066/2066 
f 2062/2062/2062 2065/2065/2065 2067/2067/2067 
f 2068/2068/2068 2069/2069/2069 2067/2067/2067 
f 2069/2069/2069 2068/2068/2068 2070/2070/2070 
f 2071/2071/2071 2072/2072/2072 2073/2073/2073 
f 2072/2072/2072 2071/2071/2071 2074/2074/2074 
f 2075/2075/2075 2076/2076/2076 2072/2072/2072 
f 2076/2076/2076 2075/2075/2075 2077/2077/2077 
f 2078/2078/2078 2079/2079/2079 2080/2080/2080 
f 2079/2079/2079 2078/2078/2078 2081/2081/2081 
f 2082/2082/2082 2083/2083/2083 2084/2084/2084 
f 2084/2084/2084 2085/2085/2085 2082/2082/2082 
f 2086/2086/2086 2087/2087/2087 2088/2088/2088 
f 2088/2088/2088 2089/2089/2089 2086/2086/2086 
f 2090/2090/2090 2091/2091/2091 2092/2092/2092 
f 2091/2091/2091 2090/2090/2090 2093/2093/2093 
f 2094/2094/2094 2095/2095/2095 2096/2096/2096 
f 2096/2096/2096 2095/2095/2095 2097/2097/2097 
f 2098/2098/2098 2099/2099/2099 2100/2100/2100 
f 2099/2099/2099 2098/2098/2098 2101/2101/2101 
f 2102/2102/2102 2103/2103/2103 2104/2104/2104 
f 2103/2103/2103 2102/2102/2102 2105/2105/2105 
f 2106/2106/2106 2107/2107/2107 2104/2104/2104 
f 2107/2107/2107 2106/2106/2106 2108/2108/2108 
f 2109/2109/2109 2110/2110/2110 2108/2108/2108 
f 2110/2110/2110 2109/2109/2109 2111/2111/2111 
f 2112/2112/2112 2113/2113/2113 2111/2111/2111 
f 2113/2113/2113 2112/2112/2112 2114/2114/2114 
f 2115/2115/2115 2116/2116/2116 2117/2117/2117 
f 2116/2116/2116 2115/2115/2115 2118/2118/2118 
f 2119/2119/2119 2120/2120/2120 2121/2121/2121 
f 2120/2120/2120 2119/2119/2119 2122/2122/2122 
f 2120/2120/2120 2123/2123/2123 2124/2124/2124 
f 2123/2123/2123 2120/2120/2120 2125/2125/2125 
f 2125/2125/2125 2126/2126/2126 2127/2127/2127 
f 2127/2127/2127 2126/2126/2126 2128/2128/2128 
f 2129/2129/2129 2130/2130/2130 2128/2128/2128 
f 2130/2130/2130 2129/2129/2129 2131/2131/2131 
f 2132/2132/2132 2133/2133/2133 2134/2134/2134 
f 2134/2134/2134 2133/2133/2133 2135/2135/2135 
f 2135/2135/2135 2133/2133/2133 2136/2136/2136 
f 2133/2133/2133 2137/2137/2137 2136/2136/2136 
f 2138/2138/2138 2139/2139/2139 2136/2136/2136 
f 2139/2139/2139 2138/2138/2138 2140/2140/2140 
f 2139/2139/2139 2141/2141/2141 2142/2142/2142 
f 2141/2141/2141 2139/2139/2139 2143/2143/2143 
f 2144/2144/2144 2145/2145/2145 2143/2143/2143 
f 2145/2145/2145 2144/2144/2144 2146/2146/2146 
f 2147/2147/2147 2148/2148/2148 2149/2149/2149 
f 2149/2149/2149 2148/2148/2148 2150/2150/2150 
f 2151/2151/2151 2152/2152/2152 2153/2153/2153 
f 2151/2151/2151 2153/2153/2153 2154/2154/2154 
f 2155/2155/2155 2156/2156/2156 2157/2157/2157 
f 2156/2156/2156 2155/2155/2155 2158/2158/2158 
f 2159/2159/2159 2160/2160/2160 2161/2161/2161 
f 2162/2162/2162 2161/2161/2161 2160/2160/2160 
f 2163/2163/2163 2164/2164/2164 2159/2159/2159 
f 2164/2164/2164 2163/2163/2163 2165/2165/2165 
f 2166/2166/2166 2167/2167/2167 2168/2168/2168 
f 2166/2166/2166 2168/2168/2168 2169/2169/2169 
f 2170/2170/2170 2171/2171/2171 2172/2172/2172 
f 2172/2172/2172 2171/2171/2171 2173/2173/2173 
f 2174/2174/2174 2175/2175/2175 2176/2176/2176 
f 2175/2175/2175 2174/2174/2174 2177/2177/2177 
f 2178/2178/2178 2179/2179/2179 2180/2180/2180 
f 2181/2181/2181 2180/2180/2180 2179/2179/2179 
f 2182/2182/2182 2183/2183/2183 2184/2184/2184 
f 2183/2183/2183 2182/2182/2182 2185/2185/2185 
f 2184/2184/2184 2186/2186/2186 2187/2187/2187 
f 2186/2186/2186 2184/2184/2184 2188/2188/2188 
f 2189/2189/2189 2190/2190/2190 2191/2191/2191 
f 2190/2190/2190 2189/2189/2189 2192/2192/2192 
f 2193/2193/2193 2194/2194/2194 2195/2195/2195 
f 2194/2194/2194 2196/2196/2196 2195/2195/2195 
f 2197/2197/2197 2198/2198/2198 2199/2199/2199 
f 2198/2198/2198 2197/2197/2197 2200/2200/2200 
f 2201/2201/2201 2202/2202/2202 2203/2203/2203 
f 2202/2202/2202 2201/2201/2201 2204/2204/2204 
f 2205/2205/2205 2202/2202/2202 2206/2206/2206 
f 2206/2206/2206 2207/2207/2207 2205/2205/2205 
f 2208/2208/2208 2209/2209/2209 2210/2210/2210 
f 2209/2209/2209 2208/2208/2208 2211/2211/2211 
f 2212/2212/2212 2213/2213/2213 2208/2208/2208 
f 2213/2213/2213 2212/2212/2212 2214/2214/2214 
f 2215/2215/2215 2216/2216/2216 2217/2217/2217 
f 2216/2216/2216 2215/2215/2215 2218/2218/2218 
f 2219/2219/2219 2220/2220/2220 2221/2221/2221 
f 2220/2220/2220 2219/2219/2219 2222/2222/2222 
f 2223/2223/2223 2224/2224/2224 2222/2222/2222 
f 2224/2224/2224 2223/2223/2223 2225/2225/2225 
f 2225/2225/2225 2226/2226/2226 2227/2227/2227 
f 2226/2226/2226 2225/2225/2225 2228/2228/2228 
f 2229/2229/2229 2230/2230/2230 2226/2226/2226 
f 2230/2230/2230 2229/2229/2229 2231/2231/2231 
f 2232/2232/2232 2233/2233/2233 2234/2234/2234 
f 2233/2233/2233 2232/2232/2232 2235/2235/2235 
f 2234/2234/2234 2236/2236/2236 2237/2237/2237 
f 2237/2237/2237 2238/2238/2238 2234/2234/2234 
f 2239/2239/2239 2240/2240/2240 2241/2241/2241 
f 2240/2240/2240 2239/2239/2239 2242/2242/2242 
f 2243/2243/2243 2241/2241/2241 2244/2244/2244 
f 2244/2244/2244 2192/2192/2192 2243/2243/2243 
f 2245/2245/2245 2246/2246/2246 2242/2242/2242 
f 2246/2246/2246 2245/2245/2245 2247/2247/2247 
f 2248/2248/2248 2249/2249/2249 2247/2247/2247 
f 2249/2249/2249 2248/2248/2248 2250/2250/2250 
f 2251/2251/2251 2252/2252/2252 2250/2250/2250 
f 2252/2252/2252 2251/2251/2251 2253/2253/2253 
f 2254/2254/2254 2255/2255/2255 2253/2253/2253 
f 2255/2255/2255 2254/2254/2254 2256/2256/2256 
f 2257/2257/2257 2256/2256/2256 2258/2258/2258 
f 2258/2258/2258 2259/2259/2259 2257/2257/2257 
f 2260/2260/2260 2261/2261/2261 2262/2262/2262 
f 2261/2261/2261 2260/2260/2260 2263/2263/2263 
f 2264/2264/2264 2265/2265/2265 2266/2266/2266 
f 2265/2265/2265 2264/2264/2264 2267/2267/2267 
f 2268/2268/2268 2269/2269/2269 2265/2265/2265 
f 2269/2269/2269 2268/2268/2268 2270/2270/2270 
f 2271/2271/2271 2272/2272/2272 2273/2273/2273 
f 2273/2273/2273 2274/2274/2274 2271/2271/2271 
f 2275/2275/2275 2276/2276/2276 2277/2277/2277 
f 2276/2276/2276 2275/2275/2275 2278/2278/2278 
f 2279/2279/2279 2280/2280/2280 2281/2281/2281 
f 2281/2281/2281 2282/2282/2282 2279/2279/2279 
f 2283/2283/2283 2284/2284/2284 2285/2285/2285 
f 2284/2284/2284 2283/2283/2283 2286/2286/2286 
f 2287/2287/2287 2288/2288/2288 2289/2289/2289 
f 2287/2287/2287 2290/2290/2290 2288/2288/2288 
f 2291/2291/2291 2292/2292/2292 2293/2293/2293 
f 2292/2292/2292 2291/2291/2291 2294/2294/2294 
f 2295/2295/2295 2296/2296/2296 2297/2297/2297 
f 2295/2295/2295 2297/2297/2297 2298/2298/2298 
f 2299/2299/2299 2300/2300/2300 2296/2296/2296 
f 2300/2300/2300 2299/2299/2299 2301/2301/2301 
f 2302/2302/2302 2303/2303/2303 2304/2304/2304 
f 2304/2304/2304 2305/2305/2305 2302/2302/2302 
f 2306/2306/2306 2307/2307/2307 2308/2308/2308 
f 2307/2307/2307 2306/2306/2306 2309/2309/2309 
f 2310/2310/2310 2311/2311/2311 2312/2312/2312 
f 2311/2311/2311 2310/2310/2310 2313/2313/2313 
f 2314/2314/2314 2312/2312/2312 2315/2315/2315 
f 2314/2314/2314 2315/2315/2315 2316/2316/2316 
f 2317/2317/2317 2318/2318/2318 2313/2313/2313 
f 2318/2318/2318 2317/2317/2317 2319/2319/2319 
f 2320/2320/2320 2321/2321/2321 2319/2319/2319 
f 2321/2321/2321 2320/2320/2320 2322/2322/2322 
f 2323/2323/2323 2324/2324/2324 2325/2325/2325 
f 2325/2325/2325 2326/2326/2326 2323/2323/2323 
f 2327/2327/2327 2328/2328/2328 2329/2329/2329 
f 2328/2328/2328 2330/2330/2330 2329/2329/2329 
f 2331/2331/2331 2332/2332/2332 2333/2333/2333 
f 2332/2332/2332 2331/2331/2331 2334/2334/2334 
f 2335/2335/2335 2336/2336/2336 2331/2331/2331 
f 2336/2336/2336 2335/2335/2335 2337/2337/2337 
f 2338/2338/2338 2339/2339/2339 2340/2340/2340 
f 2339/2339/2339 2338/2338/2338 2341/2341/2341 
f 2342/2342/2342 2343/2343/2343 2338/2338/2338 
f 2343/2343/2343 2342/2342/2342 2344/2344/2344 
f 2345/2345/2345 2346/2346/2346 2347/2347/2347 
f 2346/2346/2346 2345/2345/2345 2348/2348/2348 
f 2349/2349/2349 2350/2350/2350 2351/2351/2351 
f 2350/2350/2350 2349/2349/2349 2352/2352/2352 
f 2353/2353/2353 2354/2354/2354 2349/2349/2349 
f 2354/2354/2354 2353/2353/2353 2355/2355/2355 
f 2351/2351/2351 2356/2356/2356 2357/2357/2357 
f 2356/2356/2356 2351/2351/2351 2358/2358/2358 
f 2359/2359/2359 2360/2360/2360 2351/2351/2351 
f 2360/2360/2360 2359/2359/2359 2361/2361/2361 
f 2362/2362/2362 2363/2363/2363 2364/2364/2364 
f 2363/2363/2363 2362/2362/2362 2365/2365/2365 
f 2366/2366/2366 2367/2367/2367 2362/2362/2362 
f 2367/2367/2367 2366/2366/2366 2368/2368/2368 
f 2369/2369/2369 2370/2370/2370 2371/2371/2371 
f 2369/2369/2369 2371/2371/2371 2372/2372/2372 
f 2373/2373/2373 2374/2374/2374 2372/2372/2372 
f 2374/2374/2374 2373/2373/2373 2375/2375/2375 
f 2376/2376/2376 2375/2375/2375 2377/2377/2377 
f 2376/2376/2376 2377/2377/2377 2378/2378/2378 
f 2379/2379/2379 2380/2380/2380 2378/2378/2378 
f 2380/2380/2380 2379/2379/2379 2381/2381/2381 
f 2382/2382/2382 2383/2383/2383 2384/2384/2384 
f 2382/2382/2382 2384/2384/2384 2385/2385/2385 
f 2386/2386/2386 2383/2383/2383 2387/2387/2387 
f 2388/2388/2388 2383/2383/2383 2386/2386/2386 
f 2389/2389/2389 2388/2388/2388 2386/2386/2386 
f 2390/2390/2390 2388/2388/2388 2389/2389/2389 
f 2391/2391/2391 2392/2392/2392 2383/2383/2383 
f 2392/2392/2392 2391/2391/2391 2393/2393/2393 
f 2394/2394/2394 2395/2395/2395 2396/2396/2396 
f 2396/2396/2396 2397/2397/2397 2394/2394/2394 
f 2397/2397/2397 2398/2398/2398 2394/2394/2394 
f 2395/2395/2395 2399/2399/2399 2396/2396/2396 
f 2395/2395/2395 2400/2400/2400 2399/2399/2399 
f 2396/2396/2396 2399/2399/2399 2401/2401/2401 
f 2401/2401/2401 2402/2402/2402 2396/2396/2396 
f 2401/2401/2401 2403/2403/2403 2402/2402/2402 
f 2403/2403/2403 2404/2404/2404 2402/2402/2402 
f 2405/2405/2405 2406/2406/2406 2407/2407/2407 
f 2406/2406/2406 2405/2405/2405 2408/2408/2408 
f 2409/2409/2409 2410/2410/2410 2411/2411/2411 
f 2409/2409/2409 2411/2411/2411 2412/2412/2412 
f 2413/2413/2413 2414/2414/2414 2411/2411/2411 
f 2413/2413/2413 2415/2415/2415 2414/2414/2414 
f 2416/2416/2416 2417/2417/2417 2418/2418/2418 
f 2417/2417/2417 2416/2416/2416 2419/2419/2419 
f 2420/2420/2420 2421/2421/2421 2418/2418/2418 
f 2421/2421/2421 2420/2420/2420 2422/2422/2422 
f 2423/2423/2423 2424/2424/2424 2425/2425/2425 
f 2426/2426/2426 2425/2425/2425 2424/2424/2424 
f 2425/2425/2425 2426/2426/2426 2427/2427/2427 
f 2428/2428/2428 2429/2429/2429 2423/2423/2423 
f 2430/2430/2430 2423/2423/2423 2429/2429/2429 
f 2431/2431/2431 2423/2423/2423 2430/2430/2430 
f 2432/2432/2432 2423/2423/2423 2433/2433/2433 
f 2434/2434/2434 2423/2423/2423 2432/2432/2432 
f 2435/2435/2435 2434/2434/2434 2432/2432/2432 
f 2434/2434/2434 2435/2435/2435 2436/2436/2436 
f 2437/2437/2437 2435/2435/2435 2438/2438/2438 
f 2435/2435/2435 2437/2437/2437 2439/2439/2439 
f 2439/2439/2439 2440/2440/2440 2441/2441/2441 
f 2442/2442/2442 2441/2441/2441 2440/2440/2440 
f 2443/2443/2443 2444/2444/2444 2430/2430/2430 
f 2444/2444/2444 2443/2443/2443 2445/2445/2445 
f 2446/2446/2446 2445/2445/2445 2443/2443/2443 
f 2445/2445/2445 2446/2446/2446 2447/2447/2447 
f 2446/2446/2446 2448/2448/2448 2447/2447/2447 
f 2446/2446/2446 2449/2449/2449 2448/2448/2448 
f 2449/2449/2449 2450/2450/2450 2448/2448/2448 
f 2450/2450/2450 2449/2449/2449 2451/2451/2451 
f 2452/2452/2452 2453/2453/2453 2444/2444/2444 
f 2453/2453/2453 2452/2452/2452 2454/2454/2454 
f 2455/2455/2455 2456/2456/2456 2450/2450/2450 
f 2456/2456/2456 2455/2455/2455 2457/2457/2457 
f 2458/2458/2458 2459/2459/2459 2455/2455/2455 
f 2460/2460/2460 2458/2458/2458 2455/2455/2455 
f 2461/2461/2461 2458/2458/2458 2460/2460/2460 
f 2462/2462/2462 2463/2463/2463 2464/2464/2464 
f 2463/2463/2463 2462/2462/2462 2465/2465/2465 
f 2466/2466/2466 2467/2467/2467 2464/2464/2464 
f 2467/2467/2467 2466/2466/2466 2468/2468/2468 
f 2469/2469/2469 2468/2468/2468 2470/2470/2470 
f 2468/2468/2468 2469/2469/2469 2471/2471/2471 
f 2472/2472/2472 2473/2473/2473 2474/2474/2474 
f 2473/2473/2473 2472/2472/2472 2475/2475/2475 
f 2476/2476/2476 2474/2474/2474 2477/2477/2477 
f 2478/2478/2478 2476/2476/2476 2477/2477/2477 
f 2479/2479/2479 2480/2480/2480 2478/2478/2478 
f 2480/2480/2480 2479/2479/2479 2481/2481/2481 
f 2482/2482/2482 2483/2483/2483 2484/2484/2484 
f 2483/2483/2483 2482/2482/2482 2485/2485/2485 
f 2482/2482/2482 2486/2486/2486 2485/2485/2485 
f 2487/2487/2487 2486/2486/2486 2488/2488/2488 
f 2489/2489/2489 2486/2486/2486 2487/2487/2487 
f 2490/2490/2490 2491/2491/2491 2492/2492/2492 
f 2491/2491/2491 2490/2490/2490 2493/2493/2493 
f 2494/2494/2494 2495/2495/2495 2496/2496/2496 
f 2495/2495/2495 2494/2494/2494 2497/2497/2497 
f 2498/2498/2498 2499/2499/2499 2500/2500/2500 
f 2499/2499/2499 2498/2498/2498 2501/2501/2501 
f 2502/2502/2502 2503/2503/2503 2504/2504/2504 
f 2503/2503/2503 2502/2502/2502 2505/2505/2505 
f 2506/2506/2506 2507/2507/2507 2508/2508/2508 
f 2508/2508/2508 2507/2507/2507 2509/2509/2509 
f 2510/2510/2510 2511/2511/2511 2512/2512/2512 
f 2510/2510/2510 2512/2512/2512 2513/2513/2513 
f 2514/2514/2514 2515/2515/2515 2516/2516/2516 
f 2517/2517/2517 2518/2518/2518 2519/2519/2519 
f 2520/2520/2520 2521/2521/2521 2522/2522/2522 
f 2523/2523/2523 2524/2524/2524 2525/2525/2525 
f 2523/2523/2523 2525/2525/2525 2526/2526/2526 
f 2527/2527/2527 2528/2528/2528 2526/2526/2526 
f 2528/2528/2528 2527/2527/2527 2529/2529/2529 
f 2526/2526/2526 2530/2530/2530 2531/2531/2531 
f 2532/2532/2532 2531/2531/2531 2530/2530/2530 
f 2533/2533/2533 2534/2534/2534 2526/2526/2526 
f 2534/2534/2534 2533/2533/2533 2535/2535/2535 
f 2536/2536/2536 2537/2537/2537 2538/2538/2538 
f 2536/2536/2536 2539/2539/2539 2537/2537/2537 
f 2540/2540/2540 2541/2541/2541 2542/2542/2542 
f 2540/2540/2540 2542/2542/2542 2543/2543/2543 
f 2544/2544/2544 2545/2545/2545 2546/2546/2546 
f 2545/2545/2545 2544/2544/2544 2547/2547/2547 
f 2548/2548/2548 2549/2549/2549 2550/2550/2550 
f 2549/2549/2549 2548/2548/2548 2551/2551/2551 
f 2552/2552/2552 2553/2553/2553 2554/2554/2554 
f 2553/2553/2553 2552/2552/2552 2555/2555/2555 
f 2556/2556/2556 2557/2557/2557 2558/2558/2558 
f 2558/2558/2558 2557/2557/2557 2559/2559/2559 
f 2560/2560/2560 2561/2561/2561 2562/2562/2562 
f 2563/2563/2563 2562/2562/2562 2561/2561/2561 
f 2564/2564/2564 2565/2565/2565 2566/2566/2566 
f 2565/2565/2565 2567/2567/2567 2566/2566/2566 
f 2568/2568/2568 2569/2569/2569 2570/2570/2570 
f 2569/2569/2569 2568/2568/2568 2571/2571/2571 
f 2572/2572/2572 2573/2573/2573 2574/2574/2574 
f 2573/2573/2573 2572/2572/2572 2575/2575/2575 
f 2576/2576/2576 2577/2577/2577 2578/2578/2578 
f 2577/2577/2577 2576/2576/2576 2579/2579/2579 
f 2580/2580/2580 2581/2581/2581 2582/2582/2582 
f 2581/2581/2581 2580/2580/2580 2583/2583/2583 
f 2584/2584/2584 2585/2585/2585 2582/2582/2582 
f 2585/2585/2585 2584/2584/2584 2586/2586/2586 
f 2582/2582/2582 2587/2587/2587 2588/2588/2588 
f 2589/2589/2589 2588/2588/2588 2587/2587/2587 
f 2590/2590/2590 2591/2591/2591 2592/2592/2592 
f 2591/2591/2591 2593/2593/2593 2592/2592/2592 
f 2594/2594/2594 2595/2595/2595 2596/2596/2596 
f 2594/2594/2594 2596/2596/2596 2597/2597/2597 
f 2598/2598/2598 2599/2599/2599 2600/2600/2600 
f 2600/2600/2600 2601/2601/2601 2598/2598/2598 
f 2602/2602/2602 2603/2603/2603 2604/2604/2604 
f 2603/2603/2603 2602/2602/2602 2605/2605/2605 
f 2606/2606/2606 2607/2607/2607 2608/2608/2608 
f 2606/2606/2606 2608/2608/2608 2609/2609/2609 
f 2610/2610/2610 2611/2611/2611 2612/2612/2612 
f 2610/2610/2610 2612/2612/2612 2613/2613/2613 
f 2614/2614/2614 2615/2615/2615 2616/2616/2616 
f 2614/2614/2614 2616/2616/2616 2617/2617/2617 
f 2618/2618/2618 2619/2619/2619 2620/2620/2620 
f 2619/2619/2619 2618/2618/2618 2621/2621/2621 
f 2622/2622/2622 2621/2621/2621 2623/2623/2623 
f 2622/2622/2622 2623/2623/2623 2624/2624/2624 
f 2625/2625/2625 2626/2626/2626 2627/2627/2627 
f 2627/2627/2627 2626/2626/2626 2628/2628/2628 
f 2629/2629/2629 2630/2630/2630 2631/2631/2631 
f 2631/2631/2631 2632/2632/2632 2629/2629/2629 
f 2633/2633/2633 2634/2634/2634 2635/2635/2635 
f 2635/2635/2635 2634/2634/2634 2636/2636/2636 
f 2637/2637/2637 2638/2638/2638 2639/2639/2639 
f 2638/2638/2638 2637/2637/2637 2640/2640/2640 
f 2641/2641/2641 2642/2642/2642 2643/2643/2643 
f 2641/2641/2641 2643/2643/2643 2644/2644/2644 
f 2645/2645/2645 2646/2646/2646 2647/2647/2647 
f 2645/2645/2645 2647/2647/2647 2648/2648/2648 
f 2649/2649/2649 2650/2650/2650 2651/2651/2651 
f 2650/2650/2650 2649/2649/2649 2652/2652/2652 
f 2653/2653/2653 2654/2654/2654 2651/2651/2651 
f 2654/2654/2654 2653/2653/2653 2655/2655/2655 
f 2656/2656/2656 2657/2657/2657 2652/2652/2652 
f 2657/2657/2657 2656/2656/2656 2658/2658/2658 
f 2659/2659/2659 2660/2660/2660 2655/2655/2655 
f 2661/2661/2661 2660/2660/2660 2662/2662/2662 
f 2660/2660/2660 2663/2663/2663 2662/2662/2662 
f 2664/2664/2664 2665/2665/2665 2660/2660/2660 
f 2664/2664/2664 2666/2666/2666 2665/2665/2665 
f 2664/2664/2664 2667/2667/2667 2666/2666/2666 
f 2668/2668/2668 2669/2669/2669 2670/2670/2670 
f 2671/2671/2671 2670/2670/2670 2669/2669/2669 
f 2672/2672/2672 2673/2673/2673 2668/2668/2668 
f 2673/2673/2673 2672/2672/2672 2674/2674/2674 
f 2675/2675/2675 2676/2676/2676 2677/2677/2677 
f 2675/2675/2675 2678/2678/2678 2676/2676/2676 
f 2679/2679/2679 2680/2680/2680 2681/2681/2681 
f 2680/2680/2680 2679/2679/2679 2682/2682/2682 
f 2683/2683/2683 2684/2684/2684 2685/2685/2685 
f 2683/2683/2683 2685/2685/2685 2686/2686/2686 
f 2687/2687/2687 2688/2688/2688 2686/2686/2686 
f 2688/2688/2688 2687/2687/2687 2689/2689/2689 
f 2690/2690/2690 2691/2691/2691 2692/2692/2692 
f 2691/2691/2691 2690/2690/2690 2693/2693/2693 
f 2694/2694/2694 2695/2695/2695 2696/2696/2696 
f 2695/2695/2695 2694/2694/2694 2697/2697/2697 
f 2698/2698/2698 2699/2699/2699 2700/2700/2700 
f 2698/2698/2698 2700/2700/2700 2701/2701/2701 
f 2702/2702/2702 2703/2703/2703 2699/2699/2699 
f 2703/2703/2703 2702/2702/2702 2704/2704/2704 
f 2705/2705/2705 2704/2704/2704 2706/2706/2706 
f 2704/2704/2704 2705/2705/2705 2707/2707/2707 
f 2708/2708/2708 2709/2709/2709 2705/2705/2705 
f 2709/2709/2709 2708/2708/2708 2710/2710/2710 
f 2711/2711/2711 2712/2712/2712 2713/2713/2713 
f 2714/2714/2714 2713/2713/2713 2712/2712/2712 
f 2715/2715/2715 2716/2716/2716 2714/2714/2714 
f 2716/2716/2716 2715/2715/2715 2717/2717/2717 
f 2718/2718/2718 2719/2719/2719 2720/2720/2720 
f 2719/2719/2719 2718/2718/2718 2721/2721/2721 
f 2722/2722/2722 2723/2723/2723 2724/2724/2724 
f 2723/2723/2723 2722/2722/2722 2725/2725/2725 
f 2726/2726/2726 2724/2724/2724 2727/2727/2727 
f 2724/2724/2724 2726/2726/2726 2728/2728/2728 
f 2729/2729/2729 2730/2730/2730 2725/2725/2725 
f 2730/2730/2730 2729/2729/2729 2731/2731/2731 
f 2732/2732/2732 2733/2733/2733 2728/2728/2728 
f 2733/2733/2733 2732/2732/2732 2734/2734/2734 
f 2734/2734/2734 2735/2735/2735 2736/2736/2736 
f 2735/2735/2735 2734/2734/2734 2737/2737/2737 
f 2738/2738/2738 2739/2739/2739 2736/2736/2736 
f 2739/2739/2739 2738/2738/2738 2740/2740/2740 
f 2741/2741/2741 2742/2742/2742 2737/2737/2737 
f 2742/2742/2742 2741/2741/2741 2743/2743/2743 
f 2744/2744/2744 2745/2745/2745 2746/2746/2746 
f 2744/2744/2744 2747/2747/2747 2745/2745/2745 
f 2748/2748/2748 2749/2749/2749 2750/2750/2750 
f 2749/2749/2749 2748/2748/2748 2751/2751/2751 
f 2752/2752/2752 2753/2753/2753 2754/2754/2754 
f 2753/2753/2753 2752/2752/2752 2755/2755/2755 
f 2756/2756/2756 2757/2757/2757 2758/2758/2758 
f 2757/2757/2757 2756/2756/2756 2759/2759/2759 
f 2760/2760/2760 2761/2761/2761 2762/2762/2762 
f 2763/2763/2763 2762/2762/2762 2761/2761/2761 
f 2764/2764/2764 2765/2765/2765 2766/2766/2766 
f 2767/2767/2767 2766/2766/2766 2765/2765/2765 
f 2768/2768/2768 2769/2769/2769 2770/2770/2770 
f 2769/2769/2769 2768/2768/2768 2771/2771/2771 
f 2772/2772/2772 2773/2773/2773 2774/2774/2774 
f 2772/2772/2772 2774/2774/2774 2775/2775/2775 
f 2775/2775/2775 2776/2776/2776 2777/2777/2777 
f 2776/2776/2776 2778/2778/2778 2777/2777/2777 
f 2779/2779/2779 2780/2780/2780 2781/2781/2781 
f 2781/2781/2781 2780/2780/2780 2782/2782/2782 
f 2783/2783/2783 2784/2784/2784 2785/2785/2785 
f 2784/2784/2784 2786/2786/2786 2785/2785/2785 
f 2787/2787/2787 2788/2788/2788 2789/2789/2789 
f 2788/2788/2788 2787/2787/2787 2790/2790/2790 
f 2791/2791/2791 2792/2792/2792 2793/2793/2793 
f 2792/2792/2792 2791/2791/2791 2794/2794/2794 
f 2795/2795/2795 2796/2796/2796 2797/2797/2797 
f 2796/2796/2796 2795/2795/2795 2798/2798/2798 
f 2799/2799/2799 2800/2800/2800 2801/2801/2801 
f 2800/2800/2800 2799/2799/2799 2802/2802/2802 
f 2803/2803/2803 2804/2804/2804 2802/2802/2802 
f 2804/2804/2804 2803/2803/2803 2805/2805/2805 
f 2806/2806/2806 2807/2807/2807 2804/2804/2804 
f 2808/2808/2808 2807/2807/2807 2806/2806/2806 
f 2809/2809/2809 2810/2810/2810 2808/2808/2808 
f 2810/2810/2810 2809/2809/2809 2811/2811/2811 
f 2812/2812/2812 2813/2813/2813 2814/2814/2814 
f 2813/2813/2813 2812/2812/2812 2815/2815/2815 
f 2816/2816/2816 2817/2817/2817 2818/2818/2818 
f 2817/2817/2817 2816/2816/2816 2819/2819/2819 
f 2820/2820/2820 2821/2821/2821 2822/2822/2822 
f 2821/2821/2821 2820/2820/2820 2823/2823/2823 
f 2824/2824/2824 2825/2825/2825 2826/2826/2826 
f 2824/2824/2824 2826/2826/2826 2827/2827/2827 
f 2828/2828/2828 2829/2829/2829 2825/2825/2825 
f 2829/2829/2829 2828/2828/2828 2830/2830/2830 
f 2831/2831/2831 2832/2832/2832 2828/2828/2828 
f 2832/2832/2832 2831/2831/2831 2833/2833/2833 
f 2834/2834/2834 2833/2833/2833 2835/2835/2835 
f 2833/2833/2833 2834/2834/2834 2836/2836/2836 
f 2834/2834/2834 2837/2837/2837 2838/2838/2838 
f 2839/2839/2839 2838/2838/2838 2837/2837/2837 
f 2840/2840/2840 2841/2841/2841 2842/2842/2842 
f 2841/2841/2841 2840/2840/2840 2843/2843/2843 
f 2844/2844/2844 2845/2845/2845 2846/2846/2846 
f 2845/2845/2845 2847/2847/2847 2846/2846/2846 
f 2848/2848/2848 2849/2849/2849 2846/2846/2846 
f 2849/2849/2849 2848/2848/2848 2850/2850/2850 
f 2851/2851/2851 2852/2852/2852 2850/2850/2850 
f 2852/2852/2852 2851/2851/2851 2853/2853/2853 
f 2854/2854/2854 2855/2855/2855 2856/2856/2856 
f 2854/2854/2854 2856/2856/2856 2857/2857/2857 
f 2858/2858/2858 2859/2859/2859 2860/2860/2860 
f 2859/2859/2859 2858/2858/2858 2861/2861/2861 
f 2862/2862/2862 2863/2863/2863 2861/2861/2861 
f 2864/2864/2864 2863/2863/2863 2862/2862/2862 
f 2865/2865/2865 2866/2866/2866 2867/2867/2867 
f 2866/2866/2866 2865/2865/2865 2868/2868/2868 
f 2869/2869/2869 2870/2870/2870 2871/2871/2871 
f 2870/2870/2870 2869/2869/2869 2872/2872/2872 
f 2873/2873/2873 2874/2874/2874 2875/2875/2875 
f 2873/2873/2873 2875/2875/2875 2876/2876/2876 
f 2877/2877/2877 2878/2878/2878 2876/2876/2876 
f 2876/2876/2876 2879/2879/2879 2877/2877/2877 
f 2880/2880/2880 2876/2876/2876 2881/2881/2881 
f 2882/2882/2882 2880/2880/2880 2881/2881/2881 
f 2883/2883/2883 2884/2884/2884 2881/2881/2881 
f 2883/2883/2883 2885/2885/2885 2884/2884/2884 
f 2886/2886/2886 2887/2887/2887 2883/2883/2883 
f 2886/2886/2886 2883/2883/2883 2888/2888/2888 
f 2889/2889/2889 2890/2890/2890 2891/2891/2891 
f 2890/2890/2890 2889/2889/2889 2892/2892/2892 
f 2893/2893/2893 2894/2894/2894 2895/2895/2895 
f 2894/2894/2894 2893/2893/2893 2896/2896/2896 
f 2897/2897/2897 2898/2898/2898 2899/2899/2899 
f 2898/2898/2898 2897/2897/2897 2900/2900/2900 
f 2901/2901/2901 2902/2902/2902 2900/2900/2900 
f 2901/2901/2901 2903/2903/2903 2902/2902/2902 
f 2904/2904/2904 2905/2905/2905 2903/2903/2903 
f 2905/2905/2905 2904/2904/2904 2906/2906/2906 
f 2904/2904/2904 2907/2907/2907 2908/2908/2908 
f 2907/2907/2907 2904/2904/2904 2909/2909/2909 
f 2910/2910/2910 2909/2909/2909 2911/2911/2911 
f 2911/2911/2911 2912/2912/2912 2910/2910/2910 
f 2913/2913/2913 2914/2914/2914 2915/2915/2915 
f 2914/2914/2914 2913/2913/2913 2916/2916/2916 
f 2917/2917/2917 2918/2918/2918 2919/2919/2919 
f 2918/2918/2918 2917/2917/2917 2920/2920/2920 
f 2921/2921/2921 2922/2922/2922 2923/2923/2923 
f 2922/2922/2922 2921/2921/2921 2924/2924/2924 
f 2925/2925/2925 2926/2926/2926 2927/2927/2927 
f 2926/2926/2926 2925/2925/2925 2928/2928/2928 
f 2929/2929/2929 2930/2930/2930 2931/2931/2931 
f 2929/2929/2929 2931/2931/2931 2932/2932/2932 
f 2933/2933/2933 2934/2934/2934 2935/2935/2935 
f 2934/2934/2934 2933/2933/2933 2936/2936/2936 
f 2937/2937/2937 2938/2938/2938 2939/2939/2939 
f 2938/2938/2938 2937/2937/2937 2940/2940/2940 
f 2941/2941/2941 2939/2939/2939 2942/2942/2942 
f 2939/2939/2939 2941/2941/2941 2943/2943/2943 
f 2944/2944/2944 2945/2945/2945 2946/2946/2946 
f 2945/2945/2945 2944/2944/2944 2947/2947/2947 
f 2948/2948/2948 2949/2949/2949 2950/2950/2950 
f 2949/2949/2949 2948/2948/2948 2951/2951/2951 
f 2952/2952/2952 2953/2953/2953 2954/2954/2954 
f 2953/2953/2953 2952/2952/2952 2955/2955/2955 
f 2956/2956/2956 2957/2957/2957 2958/2958/2958 
f 2957/2957/2957 2956/2956/2956 2959/2959/2959 
f 2960/2960/2960 2961/2961/2961 2959/2959/2959 
f 2961/2961/2961 2960/2960/2960 2962/2962/2962 
f 2963/2963/2963 2964/2964/2964 2965/2965/2965 
f 2965/2965/2965 2966/2966/2966 2963/2963/2963 
f 2967/2967/2967 2964/2964/2964 2968/2968/2968 
f 2967/2967/2967 2969/2969/2969 2964/2964/2964 
f 2970/2970/2970 2971/2971/2971 2969/2969/2969 
f 2971/2971/2971 2970/2970/2970 2972/2972/2972 
f 2973/2973/2973 2974/2974/2974 2964/2964/2964 
f 2974/2974/2974 2973/2973/2973 2975/2975/2975 
f 2976/2976/2976 2977/2977/2977 2978/2978/2978 
f 2976/2976/2976 2978/2978/2978 2979/2979/2979 
f 2980/2980/2980 2981/2981/2981 2979/2979/2979 
f 2981/2981/2981 2980/2980/2980 2982/2982/2982 
f 2983/2983/2983 2984/2984/2984 2985/2985/2985 
f 2984/2984/2984 2983/2983/2983 2986/2986/2986 
f 2987/2987/2987 2988/2988/2988 2984/2984/2984 
f 2988/2988/2988 2987/2987/2987 2989/2989/2989 
f 2990/2990/2990 2991/2991/2991 2986/2986/2986 
f 2991/2991/2991 2990/2990/2990 2992/2992/2992 
f 2993/2993/2993 2994/2994/2994 2990/2990/2990 
f 2994/2994/2994 2993/2993/2993 2995/2995/2995 
f 2996/2996/2996 2997/2997/2997 2990/2990/2990 
f 2997/2997/2997 2998/2998/2998 2991/2991/2991 
f 2998/2998/2998 2997/2997/2997 2999/2999/2999 
f 2997/2997/2997 2996/2996/2996 3000/3000/3000 
f 3001/3001/3001 2995/2995/2995 3002/3002/3002 
f 3001/3001/3001 3002/3002/3002 3003/3003/3003 
f 3004/3004/3004 3005/3005/3005 3003/3003/3003 
f 3005/3005/3005 3004/3004/3004 3006/3006/3006 
f 3007/3007/3007 3001/3001/3001 3008/3008/3008 
f 3001/3001/3001 3007/3007/3007 3009/3009/3009 
f 3010/3010/3010 3008/3008/3008 3011/3011/3011 
f 3010/3010/3010 3011/3011/3011 3012/3012/3012 
f 3013/3013/3013 3009/3009/3009 3014/3014/3014 
f 3009/3009/3009 3013/3013/3013 3015/3015/3015 
f 3013/3013/3013 3000/3000/3000 3015/3015/3015 
f 3000/3000/3000 3013/3013/3013 3016/3016/3016 
f 3017/3017/3017 3016/3016/3016 3013/3013/3013 
f 3016/3016/3016 3017/3017/3017 3018/3018/3018 
f 3019/3019/3019 3020/3020/3020 3013/3013/3013 
f 3020/3020/3020 3019/3019/3019 3021/3021/3021 
f 3022/3022/3022 3023/3023/3023 3024/3024/3024 
f 3022/3022/3022 3024/3024/3024 3025/3025/3025 
f 3026/3026/3026 3027/3027/3027 3028/3028/3028 
f 3027/3027/3027 3026/3026/3026 3029/3029/3029 
f 3030/3030/3030 3031/3031/3031 3028/3028/3028 
f 3031/3031/3031 3030/3030/3030 3032/3032/3032 
f 3033/3033/3033 3034/3034/3034 3035/3035/3035 
f 3034/3034/3034 3033/3033/3033 3036/3036/3036 
f 3037/3037/3037 3038/3038/3038 3039/3039/3039 
f 3038/3038/3038 3037/3037/3037 3040/3040/3040 
f 3041/3041/3041 3042/3042/3042 3043/3043/3043 
f 3042/3042/3042 3041/3041/3041 3044/3044/3044 
f 3045/3045/3045 3046/3046/3046 3047/3047/3047 
f 3047/3047/3047 3046/3046/3046 3048/3048/3048 
f 3049/3049/3049 3050/3050/3050 3051/3051/3051 
f 3050/3050/3050 3049/3049/3049 3052/3052/3052 
f 3053/3053/3053 3054/3054/3054 3055/3055/3055 
f 3054/3054/3054 3053/3053/3053 3056/3056/3056 
f 3057/3057/3057 3058/3058/3058 3059/3059/3059 
f 3058/3058/3058 3057/3057/3057 3060/3060/3060 
f 3061/3061/3061 3062/3062/3062 3060/3060/3060 
f 3062/3062/3062 3061/3061/3061 3063/3063/3063 
f 3061/3061/3061 3064/3064/3064 3063/3063/3063 
f 3064/3064/3064 3061/3061/3061 3065/3065/3065 
f 3066/3066/3066 3065/3065/3065 3067/3067/3067 
f 3065/3065/3065 3066/3066/3066 3068/3068/3068 
f 3069/3069/3069 3070/3070/3070 3071/3071/3071 
f 3070/3070/3070 3069/3069/3069 3072/3072/3072 
f 3073/3073/3073 3074/3074/3074 3075/3075/3075 
f 3074/3074/3074 3073/3073/3073 3076/3076/3076 
f 3077/3077/3077 3078/3078/3078 3074/3074/3074 
f 3078/3078/3078 3077/3077/3077 3079/3079/3079 
f 3080/3080/3080 3081/3081/3081 3082/3082/3082 
f 3081/3081/3081 3080/3080/3080 3083/3083/3083 
f 3084/3084/3084 3085/3085/3085 3086/3086/3086 
f 3085/3085/3085 3084/3084/3084 3087/3087/3087 
f 3088/3088/3088 3089/3089/3089 3087/3087/3087 
f 3089/3089/3089 3088/3088/3088 3090/3090/3090 
f 3091/3091/3091 3092/3092/3092 3093/3093/3093 
f 3092/3092/3092 3091/3091/3091 3094/3094/3094 
f 3095/3095/3095 3096/3096/3096 3093/3093/3093 
f 3096/3096/3096 3095/3095/3095 3097/3097/3097 
f 3098/3098/3098 3099/3099/3099 3100/3100/3100 
f 3099/3099/3099 3098/3098/3098 3101/3101/3101 
f 3102/3102/3102 3100/3100/3100 3099/3099/3099 
f 3100/3100/3100 3102/3102/3102 3103/3103/3103 
f 3099/3099/3099 3104/3104/3104 3102/3102/3102 
f 3104/3104/3104 3099/3099/3099 3105/3105/3105 
f 3106/3106/3106 3105/3105/3105 3107/3107/3107 
f 3105/3105/3105 3106/3106/3106 3108/3108/3108 
f 3109/3109/3109 3106/3106/3106 3110/3110/3110 
f 3106/3106/3106 3109/3109/3109 3111/3111/3111 
f 3108/3108/3108 3112/3112/3112 3113/3113/3113 
f 3112/3112/3112 3108/3108/3108 3114/3114/3114 
f 3115/3115/3115 3116/3116/3116 3117/3117/3117 
f 3117/3117/3117 3116/3116/3116 3118/3118/3118 
f 3119/3119/3119 3115/3115/3115 3120/3120/3120 
f 3115/3115/3115 3119/3119/3119 3121/3121/3121 
f 3118/3118/3118 3122/3122/3122 3123/3123/3123 
f 3124/3124/3124 3122/3122/3122 3118/3118/3118 
f 3125/3125/3125 3126/3126/3126 3124/3124/3124 
f 3126/3126/3126 3125/3125/3125 3121/3121/3121 
f 3122/3122/3122 3127/3127/3127 3128/3128/3128 
f 3129/3129/3129 3128/3128/3128 3127/3127/3127 
f 3130/3130/3130 3131/3131/3131 3129/3129/3129 
f 3131/3131/3131 3130/3130/3130 3132/3132/3132 
f 3121/3121/3121 3133/3133/3133 3132/3132/3132 
f 3133/3133/3133 3121/3121/3121 3134/3134/3134 
f 3128/3128/3128 3135/3135/3135 3136/3136/3136 
f 3137/3137/3137 3136/3136/3136 3135/3135/3135 
f 3138/3138/3138 3139/3139/3139 3133/3133/3133 
f 3139/3139/3139 3138/3138/3138 3140/3140/3140 
f 3141/3141/3141 3142/3142/3142 3143/3143/3143 
f 3142/3142/3142 3141/3141/3141 3144/3144/3144 
f 3145/3145/3145 3146/3146/3146 3147/3147/3147 
f 3146/3146/3146 3145/3145/3145 3148/3148/3148 
f 3149/3149/3149 3150/3150/3150 3146/3146/3146 
f 3150/3150/3150 3149/3149/3149 3151/3151/3151 
f 3152/3152/3152 3153/3153/3153 3000/3000/3000 
f 3153/3153/3153 3152/3152/3152 3154/3154/3154 
f 3152/3152/3152 3155/3155/3155 3156/3156/3156 
f 3155/3155/3155 3152/3152/3152 3157/3157/3157 
f 3158/3158/3158 3159/3159/3159 3157/3157/3157 
f 3159/3159/3159 3158/3158/3158 3160/3160/3160 
f 3161/3161/3161 3162/3162/3162 3163/3163/3163 
f 3162/3162/3162 3161/3161/3161 3164/3164/3164 
f 3165/3165/3165 3164/3164/3164 3166/3166/3166 
f 3164/3164/3164 3165/3165/3165 3167/3167/3167 
f 3168/3168/3168 3169/3169/3169 3165/3165/3165 
f 3169/3169/3169 3168/3168/3168 3170/3170/3170 
f 3171/3171/3171 3172/3172/3172 3173/3173/3173 
f 3171/3171/3171 3173/3173/3173 3174/3174/3174 
f 3175/3175/3175 3176/3176/3176 3177/3177/3177 
f 3176/3176/3176 3175/3175/3175 3178/3178/3178 
f 3179/3179/3179 3180/3180/3180 3181/3181/3181 
f 3180/3180/3180 3182/3182/3182 3181/3181/3181 
f 3183/3183/3183 3184/3184/3184 3179/3179/3179 
f 3184/3184/3184 3183/3183/3183 3185/3185/3185 
f 3186/3186/3186 3187/3187/3187 3188/3188/3188 
f 3187/3187/3187 3186/3186/3186 3189/3189/3189 
f 3190/3190/3190 3191/3191/3191 3192/3192/3192 
f 3192/3192/3192 3191/3191/3191 3193/3193/3193 
f 3190/3190/3190 3194/3194/3194 3191/3191/3191 
f 3194/3194/3194 3190/3190/3190 3195/3195/3195 
f 3192/3192/3192 3196/3196/3196 3197/3197/3197 
f 3197/3197/3197 3196/3196/3196 3198/3198/3198 
f 3199/3199/3199 3200/3200/3200 3201/3201/3201 
f 3200/3200/3200 3199/3199/3199 3202/3202/3202 
f 3203/3203/3203 3204/3204/3204 3205/3205/3205 
f 3204/3204/3204 3203/3203/3203 3206/3206/3206 
f 3207/3207/3207 3208/3208/3208 3209/3209/3209 
f 3208/3208/3208 3207/3207/3207 3210/3210/3210 
f 3211/3211/3211 3212/3212/3212 3213/3213/3213 
f 3212/3212/3212 3211/3211/3211 3214/3214/3214 
f 3215/3215/3215 3216/3216/3216 3214/3214/3214 
f 3216/3216/3216 3215/3215/3215 3217/3217/3217 
f 3218/3218/3218 3219/3219/3219 3215/3215/3215 
f 3219/3219/3219 3218/3218/3218 3220/3220/3220 
f 3221/3221/3221 3222/3222/3222 3223/3223/3223 
f 3223/3223/3223 3224/3224/3224 3221/3221/3221 
f 3223/3223/3223 3225/3225/3225 3226/3226/3226 
f 3226/3226/3226 3227/3227/3227 3223/3223/3223 
f 3228/3228/3228 3227/3227/3227 3229/3229/3229 
f 3229/3229/3229 3230/3230/3230 3228/3228/3228 
f 3231/3231/3231 3226/3226/3226 3232/3232/3232 
f 3232/3232/3232 3233/3233/3233 3231/3231/3231 
f 3233/3233/3233 3232/3232/3232 3234/3234/3234 
f 3234/3234/3234 3235/3235/3235 3233/3233/3233 
f 3236/3236/3236 3230/3230/3230 3237/3237/3237 
f 3230/3230/3230 3236/3236/3236 3238/3238/3238 
f 3238/3238/3238 3239/3239/3239 3230/3230/3230 
f 3239/3239/3239 3238/3238/3238 3240/3240/3240 
f 3241/3241/3241 3242/3242/3242 3239/3239/3239 
f 3239/3239/3239 3243/3243/3243 3241/3241/3241 
f 3244/3244/3244 3237/3237/3237 3245/3245/3245 
f 3245/3245/3245 3246/3246/3246 3244/3244/3244 
f 3247/3247/3247 3248/3248/3248 3236/3236/3236 
f 3248/3248/3248 3247/3247/3247 3249/3249/3249 
f 3250/3250/3250 3251/3251/3251 3236/3236/3236 
f 3252/3252/3252 3250/3250/3250 3253/3253/3253 
f 3253/3253/3253 3250/3250/3250 3254/3254/3254 
f 3251/3251/3251 3250/3250/3250 3255/3255/3255 
f 3255/3255/3255 3243/3243/3243 3251/3251/3251 
f 3243/3243/3243 3255/3255/3255 3256/3256/3256 
f 3256/3256/3256 3257/3257/3257 3243/3243/3243 
f 3258/3258/3258 3255/3255/3255 3259/3259/3259 
f 3257/3257/3257 3256/3256/3256 3260/3260/3260 
f 3261/3261/3261 3255/3255/3255 3258/3258/3258 
f 3261/3261/3261 3256/3256/3256 3262/3262/3262 
f 3263/3263/3263 3256/3256/3256 3261/3261/3261 
f 3260/3260/3260 3264/3264/3264 3265/3265/3265 
f 3264/3264/3264 3260/3260/3260 3266/3266/3266 
f 3267/3267/3267 3261/3261/3261 3268/3268/3268 
f 3269/3269/3269 3261/3261/3261 3267/3267/3267 
f 3269/3269/3269 3263/3263/3263 3270/3270/3270 
f 3269/3269/3269 3271/3271/3271 3263/3263/3263 
f 3272/3272/3272 3273/3273/3273 3258/3258/3258 
f 3258/3258/3258 3274/3274/3274 3272/3272/3272 
f 3275/3275/3275 3276/3276/3276 3277/3277/3277 
f 3276/3276/3276 3275/3275/3275 3278/3278/3278 
f 3279/3279/3279 3280/3280/3280 3281/3281/3281 
f 3280/3280/3280 3279/3279/3279 3282/3282/3282 
f 3283/3283/3283 3284/3284/3284 3285/3285/3285 
f 3284/3284/3284 3283/3283/3283 3286/3286/3286 
f 3257/3257/3257 3287/3287/3287 3224/3224/3224 
f 3287/3287/3287 3257/3257/3257 3288/3288/3288 
f 3289/3289/3289 3290/3290/3290 3291/3291/3291 
f 3289/3289/3289 3291/3291/3291 3292/3292/3292 
f 3293/3293/3293 3294/3294/3294 3292/3292/3292 
f 3294/3294/3294 3293/3293/3293 3295/3295/3295 
f 3296/3296/3296 3295/3295/3295 3297/3297/3297 
f 3295/3295/3295 3296/3296/3296 3298/3298/3298 
f 3299/3299/3299 3300/3300/3300 3301/3301/3301 
f 3300/3300/3300 3299/3299/3299 3302/3302/3302 
f 3303/3303/3303 3304/3304/3304 3302/3302/3302 
f 3304/3304/3304 3303/3303/3303 3305/3305/3305 
f 3306/3306/3306 3307/3307/3307 3305/3305/3305 
f 3306/3306/3306 3308/3308/3308 3307/3307/3307 
f 3309/3309/3309 3310/3310/3310 3311/3311/3311 
f 3311/3311/3311 3310/3310/3310 3312/3312/3312 
f 3313/3313/3313 3312/3312/3312 3310/3310/3310 
f 3312/3312/3312 3313/3313/3313 3314/3314/3314 
f 3315/3315/3315 3316/3316/3316 3317/3317/3317 
f 3315/3315/3315 3317/3317/3317 3318/3318/3318 
f 3319/3319/3319 3320/3320/3320 3321/3321/3321 
f 3319/3319/3319 3321/3321/3321 3322/3322/3322 
f 3323/3323/3323 3324/3324/3324 3325/3325/3325 
f 3324/3324/3324 3323/3323/3323 3326/3326/3326 
f 3327/3327/3327 3328/3328/3328 3329/3329/3329 
f 3329/3329/3329 3328/3328/3328 3330/3330/3330 
f 3331/3331/3331 3332/3332/3332 3327/3327/3327 
f 3332/3332/3332 3331/3331/3331 3333/3333/3333 
f 3334/3334/3334 3335/3335/3335 3333/3333/3333 
f 3335/3335/3335 3334/3334/3334 3336/3336/3336 
f 3337/3337/3337 3338/3338/3338 3334/3334/3334 
f 3338/3338/3338 3337/3337/3337 3339/3339/3339 
f 3340/3340/3340 3341/3341/3341 3334/3334/3334 
f 3341/3341/3341 3340/3340/3340 3342/3342/3342 
f 3339/3339/3339 3343/3343/3343 3344/3344/3344 
f 3344/3344/3344 3343/3343/3343 3345/3345/3345 
f 3346/3346/3346 3347/3347/3347 3348/3348/3348 
f 3347/3347/3347 3346/3346/3346 3349/3349/3349 
f 3350/3350/3350 3351/3351/3351 3352/3352/3352 
f 3351/3351/3351 3350/3350/3350 3353/3353/3353 
f 3351/3351/3351 3354/3354/3354 3355/3355/3355 
f 3354/3354/3354 3351/3351/3351 3356/3356/3356 
f 3357/3357/3357 3356/3356/3356 3351/3351/3351 
f 3356/3356/3356 3357/3357/3357 3358/3358/3358 
f 3359/3359/3359 3358/3358/3358 3357/3357/3357 
f 3360/3360/3360 3361/3361/3361 3362/3362/3362 
f 3360/3360/3360 3362/3362/3362 3363/3363/3363 
f 3364/3364/3364 3365/3365/3365 3363/3363/3363 
f 3365/3365/3365 3364/3364/3364 3366/3366/3366 
f 3367/3367/3367 3366/3366/3366 3368/3368/3368 
f 3366/3366/3366 3367/3367/3367 3369/3369/3369 
f 3370/3370/3370 3371/3371/3371 3372/3372/3372 
f 3370/3370/3370 3372/3372/3372 3373/3373/3373 
f 3374/3374/3374 3375/3375/3375 3376/3376/3376 
f 3375/3375/3375 3374/3374/3374 3377/3377/3377 
f 3376/3376/3376 3378/3378/3378 3379/3379/3379 
f 3378/3378/3378 3376/3376/3376 3380/3380/3380 
f 3381/3381/3381 3382/3382/3382 3383/3383/3383 
f 3382/3382/3382 3381/3381/3381 3384/3384/3384 
f 3385/3385/3385 3384/3384/3384 3386/3386/3386 
f 3385/3385/3385 3386/3386/3386 3387/3387/3387 
f 3388/3388/3388 3389/3389/3389 3390/3390/3390 
f 3390/3390/3390 3389/3389/3389 3391/3391/3391 
f 3392/3392/3392 3393/3393/3393 3394/3394/3394 
f 3393/3393/3393 3392/3392/3392 3395/3395/3395 
f 3396/3396/3396 3397/3397/3397 3398/3398/3398 
f 3397/3397/3397 3396/3396/3396 3399/3399/3399 
f 3400/3400/3400 3401/3401/3401 3402/3402/3402 
f 3401/3401/3401 3400/3400/3400 3403/3403/3403 
f 3404/3404/3404 3405/3405/3405 3406/3406/3406 
f 3404/3404/3404 3406/3406/3406 3407/3407/3407 
f 3408/3408/3408 3409/3409/3409 3410/3410/3410 
f 3409/3409/3409 3408/3408/3408 3411/3411/3411 
f 3412/3412/3412 3413/3413/3413 3414/3414/3414 
f 3413/3413/3413 3412/3412/3412 3415/3415/3415 
f 3416/3416/3416 3417/3417/3417 3418/3418/3418 
f 3417/3417/3417 3416/3416/3416 3419/3419/3419 
f 3420/3420/3420 3421/3421/3421 3422/3422/3422 
f 3421/3421/3421 3420/3420/3420 3423/3423/3423 
f 3424/3424/3424 3425/3425/3425 3420/3420/3420 
f 3425/3425/3425 3424/3424/3424 3426/3426/3426 
f 3427/3427/3427 3428/3428/3428 3429/3429/3429 
f 3427/3427/3427 3429/3429/3429 3430/3430/3430 
f 3431/3431/3431 3432/3432/3432 3433/3433/3433 
f 3431/3431/3431 3433/3433/3433 3434/3434/3434 
f 3435/3435/3435 3436/3436/3436 3437/3437/3437 
f 3436/3436/3436 3435/3435/3435 3438/3438/3438 
f 3438/3438/3438 3439/3439/3439 3440/3440/3440 
f 3439/3439/3439 3438/3438/3438 3441/3441/3441 
f 3442/3442/3442 3443/3443/3443 3444/3444/3444 
f 3443/3443/3443 3442/3442/3442 3445/3445/3445 
f 3446/3446/3446 3447/3447/3447 3448/3448/3448 
f 3446/3446/3446 3448/3448/3448 3449/3449/3449 
f 3450/3450/3450 3451/3451/3451 3452/3452/3452 
f 3451/3451/3451 3450/3450/3450 3453/3453/3453 
f 3357/3357/3357 3454/3454/3454 3359/3359/3359 
f 3455/3455/3455 3356/3356/3356 3456/3456/3456 
f 3455/3455/3455 3457/3457/3457 3356/3356/3356 
f 3287/3287/3287 3359/3359/3359 3458/3458/3458 
f 3458/3458/3458 3459/3459/3459 3287/3287/3287 
f 3460/3460/3460 3461/3461/3461 3459/3459/3459 
f 3462/3462/3462 3461/3461/3461 3460/3460/3460 
f 3463/3463/3463 3462/3462/3462 3460/3460/3460 
f 3464/3464/3464 3462/3462/3462 3463/3463/3463 
f 3463/3463/3463 3465/3465/3465 3464/3464/3464 
f 3465/3465/3465 3463/3463/3463 3466/3466/3466 
f 3467/3467/3467 3465/3465/3465 3468/3468/3468 
f 3465/3465/3465 3467/3467/3467 3469/3469/3469 
f 3470/3470/3470 3471/3471/3471 3465/3465/3465 
f 3471/3471/3471 3470/3470/3470 3472/3472/3472 
f 3473/3473/3473 3470/3470/3470 3474/3474/3474 
f 3470/3470/3470 3473/3473/3473 3475/3475/3475 
f 3102/3102/3102 3476/3476/3476 3470/3470/3470 
f 3477/3477/3477 3476/3476/3476 3478/3478/3478 
f 3476/3476/3476 3477/3477/3477 3479/3479/3479 
f 3476/3476/3476 3102/3102/3102 3104/3104/3104 
f 3480/3480/3480 3481/3481/3481 3477/3477/3477 
f 3481/3481/3481 3480/3480/3480 3482/3482/3482 
f 3104/3104/3104 3480/3480/3480 3483/3483/3483 
f 3480/3480/3480 3104/3104/3104 3484/3484/3484 
f 3482/3482/3482 3485/3485/3485 3486/3486/3486 
f 3486/3486/3486 3485/3485/3485 3487/3487/3487 
f 3481/3481/3481 3487/3487/3487 3488/3488/3488 
f 3488/3488/3488 3487/3487/3487 3489/3489/3489 
f 3490/3490/3490 3484/3484/3484 3104/3104/3104 
f 3484/3484/3484 3490/3490/3490 3134/3134/3134 
f 3491/3491/3491 3134/3134/3134 3490/3490/3490 
f 3134/3134/3134 3491/3491/3491 3492/3492/3492 
f 3493/3493/3493 3494/3494/3494 3484/3484/3484 
f 3494/3494/3494 3493/3493/3493 3495/3495/3495 
f 3496/3496/3496 3497/3497/3497 3491/3491/3491 
f 3497/3497/3497 3496/3496/3496 3498/3498/3498 
f 3489/3489/3489 3499/3499/3499 3500/3500/3500 
f 3500/3500/3500 3222/3222/3222 3489/3489/3489 
f 3489/3489/3489 3501/3501/3501 3502/3502/3502 
f 3503/3503/3503 3501/3501/3501 3489/3489/3489 
f 3503/3503/3503 3504/3504/3504 3505/3505/3505 
f 3506/3506/3506 3504/3504/3504 3503/3503/3503 
f 3507/3507/3507 3508/3508/3508 3501/3501/3501 
f 3501/3501/3501 3508/3508/3508 3509/3509/3509 
f 3222/3222/3222 3510/3510/3510 3511/3511/3511 
f 3511/3511/3511 3512/3512/3512 3222/3222/3222 
f 3513/3513/3513 3222/3222/3222 3514/3514/3514 
f 3222/3222/3222 3515/3515/3515 3514/3514/3514 
f 3516/3516/3516 3513/3513/3513 3517/3517/3517 
f 3517/3517/3517 3518/3518/3518 3516/3516/3516 
f 3519/3519/3519 3515/3515/3515 3520/3520/3520 
f 3515/3515/3515 3521/3521/3521 3520/3520/3520 
f 3522/3522/3522 3523/3523/3523 3524/3524/3524 
f 3523/3523/3523 3522/3522/3522 3525/3525/3525 
f 3526/3526/3526 3527/3527/3527 3528/3528/3528 
f 3527/3527/3527 3529/3529/3529 3528/3528/3528 
f 3530/3530/3530 3531/3531/3531 3532/3532/3532 
f 3531/3531/3531 3530/3530/3530 3533/3533/3533 
f 3534/3534/3534 3535/3535/3535 3536/3536/3536 
f 3535/3535/3535 3534/3534/3534 3537/3537/3537 
f 3538/3538/3538 3539/3539/3539 3540/3540/3540 
f 3539/3539/3539 3538/3538/3538 3541/3541/3541 
f 3542/3542/3542 3543/3543/3543 3544/3544/3544 
f 3543/3543/3543 3542/3542/3542 3545/3545/3545 
f 3546/3546/3546 3547/3547/3547 3548/3548/3548 
f 3546/3546/3546 3549/3549/3549 3547/3547/3547 
f 3550/3550/3550 3551/3551/3551 3552/3552/3552 
f 3551/3551/3551 3553/3553/3553 3552/3552/3552 
f 3554/3554/3554 3555/3555/3555 3556/3556/3556 
f 3555/3555/3555 3554/3554/3554 3557/3557/3557 
f 3558/3558/3558 3559/3559/3559 3560/3560/3560 
f 3559/3559/3559 3558/3558/3558 3561/3561/3561 
f 3562/3562/3562 3563/3563/3563 3564/3564/3564 
f 3563/3563/3563 3562/3562/3562 3565/3565/3565 
f 3566/3566/3566 3567/3567/3567 3568/3568/3568 
f 3567/3567/3567 3566/3566/3566 3569/3569/3569 
f 3570/3570/3570 3568/3568/3568 3571/3571/3571 
f 3568/3568/3568 3570/3570/3570 3572/3572/3572 
f 3573/3573/3573 3574/3574/3574 3575/3575/3575 
f 3574/3574/3574 3573/3573/3573 3576/3576/3576 
f 3577/3577/3577 3574/3574/3574 3578/3578/3578 
f 3574/3574/3574 3577/3577/3577 3579/3579/3579 
f 3580/3580/3580 3581/3581/3581 3578/3578/3578 
f 3581/3581/3581 3580/3580/3580 3582/3582/3582 
f 3583/3583/3583 3584/3584/3584 3579/3579/3579 
f 3584/3584/3584 3583/3583/3583 3585/3585/3585 
f 3586/3586/3586 3587/3587/3587 3588/3588/3588 
f 3587/3587/3587 3586/3586/3586 3589/3589/3589 
f 3590/3590/3590 3588/3588/3588 3587/3587/3587 
f 3588/3588/3588 3590/3590/3590 3591/3591/3591 
f 3587/3587/3587 3592/3592/3592 3593/3593/3593 
f 3592/3592/3592 3587/3587/3587 3594/3594/3594 
f 3595/3595/3595 3596/3596/3596 3586/3586/3586 
f 3596/3596/3596 3595/3595/3595 3597/3597/3597 
f 3598/3598/3598 3599/3599/3599 3595/3595/3595 
f 3599/3599/3599 3598/3598/3598 3600/3600/3600 
f 3600/3600/3600 3601/3601/3601 3597/3597/3597 
f 3602/3602/3602 3597/3597/3597 3601/3601/3601 
f 3603/3603/3603 3602/3602/3602 3604/3604/3604 
f 3605/3605/3605 3602/3602/3602 3603/3603/3603 
f 3606/3606/3606 3597/3597/3597 3607/3607/3607 
f 3608/3608/3608 3606/3606/3606 3607/3607/3607 
f 3609/3609/3609 3605/3605/3605 3610/3610/3610 
f 3610/3610/3610 3605/3605/3605 3611/3611/3611 
f 3612/3612/3612 3613/3613/3613 3614/3614/3614 
f 3615/3615/3615 3616/3616/3616 3614/3614/3614 
f 3617/3617/3617 3614/3614/3614 3618/3618/3618 
f 3619/3619/3619 3614/3614/3614 3620/3620/3620 
f 3621/3621/3621 3614/3614/3614 3622/3622/3622 
f 3623/3623/3623 3624/3624/3624 3622/3622/3622 
f 3624/3624/3624 3625/3625/3625 3622/3622/3622 
f 3626/3626/3626 3620/3620/3620 3627/3627/3627 
f 3601/3601/3601 3626/3626/3626 3627/3627/3627 
f 3620/3620/3620 3628/3628/3628 3629/3629/3629 
f 3629/3629/3629 3628/3628/3628 3630/3630/3630 
f 3631/3631/3631 3632/3632/3632 3628/3628/3628 
f 3633/3633/3633 3634/3634/3634 3628/3628/3628 
f 3635/3635/3635 3636/3636/3636 3628/3628/3628 
f 3637/3637/3637 3628/3628/3628 3638/3638/3638 
f 3639/3639/3639 3638/3638/3638 3640/3640/3640 
f 3640/3640/3640 3638/3638/3638 3641/3641/3641 
f 3636/3636/3636 3642/3642/3642 3643/3643/3643 
f 3644/3644/3644 3643/3643/3643 3637/3637/3637 
f 3645/3645/3645 3643/3643/3643 3644/3644/3644 
f 3646/3646/3646 3643/3643/3643 3647/3647/3647 
f 3648/3648/3648 3643/3643/3643 3649/3649/3649 
f 3650/3650/3650 3644/3644/3644 3651/3651/3651 
f 3651/3651/3651 3652/3652/3652 3650/3650/3650 
f 3653/3653/3653 3651/3651/3651 3654/3654/3654 
f 3654/3654/3654 3655/3655/3655 3653/3653/3653 
f 3656/3656/3656 3657/3657/3657 3658/3658/3658 
f 3659/3659/3659 3660/3660/3660 3658/3658/3658 
f 3661/3661/3661 3658/3658/3658 3662/3662/3662 
f 3663/3663/3663 3664/3664/3664 3658/3658/3658 
f 3665/3665/3665 3658/3658/3658 3666/3666/3666 
f 3667/3667/3667 3668/3668/3668 3665/3665/3665 
f 3669/3669/3669 3670/3670/3670 3658/3658/3658 
f 3670/3670/3670 3671/3671/3671 3658/3658/3658 
f 3671/3671/3671 3672/3672/3672 3673/3673/3673 
f 3674/3674/3674 3675/3675/3675 3673/3673/3673 
f 3676/3676/3676 3673/3673/3673 3677/3677/3677 
f 3678/3678/3678 3679/3679/3679 3680/3680/3680 
f 3681/3681/3681 3680/3680/3680 3682/3682/3682 
f 3683/3683/3683 3684/3684/3684 3680/3680/3680 
f 3685/3685/3685 3680/3680/3680 3686/3686/3686 
f 3686/3686/3686 3687/3687/3687 3688/3688/3688 
f 3688/3688/3688 3689/3689/3689 3686/3686/3686 
f 3690/3690/3690 3691/3691/3691 3692/3692/3692 
f 3691/3691/3691 3690/3690/3690 3693/3693/3693 
f 3694/3694/3694 3695/3695/3695 3696/3696/3696 
f 3697/3697/3697 3696/3696/3696 3698/3698/3698 
f 3699/3699/3699 3700/3700/3700 3701/3701/3701 
f 3702/3702/3702 3703/3703/3703 3704/3704/3704 
f 3705/3705/3705 3706/3706/3706 3707/3707/3707 
f 3708/3708/3708 3709/3709/3709 3710/3710/3710 
f 3711/3711/3711 3712/3712/3712 3713/3713/3713 
f 3714/3714/3714 3715/3715/3715 3716/3716/3716 
f 3717/3717/3717 3718/3718/3718 3719/3719/3719 
f 3720/3720/3720 3721/3721/3721 3722/3722/3722 
f 3721/3721/3721 3720/3720/3720 3723/3723/3723 
f 3724/3724/3724 3725/3725/3725 3726/3726/3726 
f 3725/3725/3725 3724/3724/3724 3727/3727/3727 
f 3728/3728/3728 3729/3729/3729 3730/3730/3730 
f 3729/3729/3729 3728/3728/3728 3731/3731/3731 
f 3732/3732/3732 3733/3733/3733 3734/3734/3734 
f 3733/3733/3733 3732/3732/3732 3735/3735/3735 
f 3736/3736/3736 3737/3737/3737 3738/3738/3738 
f 3737/3737/3737 3736/3736/3736 3739/3739/3739 
f 3740/3740/3740 3741/3741/3741 3742/3742/3742 
f 3741/3741/3741 3740/3740/3740 3743/3743/3743 
f 3744/3744/3744 3745/3745/3745 3746/3746/3746 
f 3745/3745/3745 3744/3744/3744 3747/3747/3747 
f 3748/3748/3748 3749/3749/3749 3750/3750/3750 
f 3749/3749/3749 3748/3748/3748 3751/3751/3751 
f 3752/3752/3752 3753/3753/3753 3754/3754/3754 
f 3753/3753/3753 3752/3752/3752 3755/3755/3755 
f 3756/3756/3756 3757/3757/3757 3758/3758/3758 
f 3757/3757/3757 3756/3756/3756 3759/3759/3759 
f 3760/3760/3760 3761/3761/3761 3762/3762/3762 
f 3761/3761/3761 3760/3760/3760 3763/3763/3763 
f 3764/3764/3764 3765/3765/3765 3766/3766/3766 
f 3765/3765/3765 3764/3764/3764 3767/3767/3767 
f 3768/3768/3768 3769/3769/3769 3770/3770/3770 
f 3769/3769/3769 3768/3768/3768 3771/3771/3771 
f 3772/3772/3772 3773/3773/3773 3774/3774/3774 
f 3773/3773/3773 3772/3772/3772 3775/3775/3775 
f 3776/3776/3776 3777/3777/3777 3778/3778/3778 
f 3777/3777/3777 3776/3776/3776 3779/3779/3779 
f 3780/3780/3780 3781/3781/3781 3782/3782/3782 
f 3780/3780/3780 3782/3782/3782 3783/3783/3783 
f 3784/3784/3784 3785/3785/3785 3786/3786/3786 
f 3784/3784/3784 3786/3786/3786 3787/3787/3787 
f 3788/3788/3788 3789/3789/3789 3790/3790/3790 
f 3789/3789/3789 3788/3788/3788 3791/3791/3791 
f 3792/3792/3792 3793/3793/3793 3794/3794/3794 
f 3793/3793/3793 3795/3795/3795 3794/3794/3794 
f 3796/3796/3796 3797/3797/3797 3798/3798/3798 
f 3799/3799/3799 3797/3797/3797 3796/3796/3796 
f 3800/3800/3800 3801/3801/3801 3802/3802/3802 
f 3800/3800/3800 3802/3802/3802 3803/3803/3803 
f 3804/3804/3804 3805/3805/3805 3806/3806/3806 
f 3806/3806/3806 3807/3807/3807 3804/3804/3804 
f 3808/3808/3808 3809/3809/3809 3810/3810/3810 
f 3809/3809/3809 3808/3808/3808 3811/3811/3811 
f 3812/3812/3812 3813/3813/3813 3814/3814/3814 
f 3814/3814/3814 3815/3815/3815 3812/3812/3812 
f 3816/3816/3816 3817/3817/3817 3818/3818/3818 
f 3817/3817/3817 3816/3816/3816 3819/3819/3819 
f 3820/3820/3820 3821/3821/3821 3822/3822/3822 
f 3821/3821/3821 3820/3820/3820 3823/3823/3823 
f 3824/3824/3824 3825/3825/3825 3821/3821/3821 
f 3825/3825/3825 3824/3824/3824 3826/3826/3826 
f 3827/3827/3827 3828/3828/3828 3824/3824/3824 
f 3828/3828/3828 3827/3827/3827 3829/3829/3829 
f 3828/3828/3828 3830/3830/3830 3831/3831/3831 
f 3830/3830/3830 3828/3828/3828 3832/3832/3832 
f 3833/3833/3833 3834/3834/3834 3835/3835/3835 
f 3834/3834/3834 3833/3833/3833 3836/3836/3836 
f 3837/3837/3837 3838/3838/3838 3839/3839/3839 
f 3838/3838/3838 3837/3837/3837 3840/3840/3840 
f 3841/3841/3841 3842/3842/3842 3843/3843/3843 
f 3842/3842/3842 3841/3841/3841 3844/3844/3844 
f 3845/3845/3845 3846/3846/3846 3847/3847/3847 
f 3846/3846/3846 3845/3845/3845 3848/3848/3848 
f 3849/3849/3849 3850/3850/3850 3851/3851/3851 
f 3850/3850/3850 3852/3852/3852 3851/3851/3851 
f 3853/3853/3853 3854/3854/3854 3855/3855/3855 
f 3854/3854/3854 3853/3853/3853 3856/3856/3856 
f 3857/3857/3857 3858/3858/3858 3859/3859/3859 
f 3858/3858/3858 3857/3857/3857 3860/3860/3860 
f 3859/3859/3859 3861/3861/3861 3862/3862/3862 
f 3861/3861/3861 3859/3859/3859 3863/3863/3863 
f 3864/3864/3864 3865/3865/3865 3866/3866/3866 
f 3866/3866/3866 3865/3865/3865 3867/3867/3867 
f 3868/3868/3868 3869/3869/3869 3870/3870/3870 
f 3869/3869/3869 3868/3868/3868 3871/3871/3871 
f 3872/3872/3872 3873/3873/3873 3874/3874/3874 
f 3874/3874/3874 3873/3873/3873 3875/3875/3875 
f 3876/3876/3876 3877/3877/3877 3878/3878/3878 
f 3877/3877/3877 3876/3876/3876 3879/3879/3879 
f 3880/3880/3880 3881/3881/3881 3882/3882/3882 
f 3881/3881/3881 3883/3883/3883 3882/3882/3882 
f 3884/3884/3884 3885/3885/3885 3886/3886/3886 
f 3886/3886/3886 3885/3885/3885 3887/3887/3887 
f 3888/3888/3888 3889/3889/3889 3890/3890/3890 
f 3890/3890/3890 3889/3889/3889 3891/3891/3891 
f 3892/3892/3892 3893/3893/3893 3894/3894/3894 
f 3894/3894/3894 3895/3895/3895 3892/3892/3892 
f 3896/3896/3896 3897/3897/3897 3898/3898/3898 
f 3898/3898/3898 3897/3897/3897 3899/3899/3899 
f 3900/3900/3900 3901/3901/3901 3902/3902/3902 
f 3902/3902/3902 3903/3903/3903 3900/3900/3900 
f 3904/3904/3904 3905/3905/3905 3906/3906/3906 
f 3906/3906/3906 3905/3905/3905 3907/3907/3907 
f 3908/3908/3908 3909/3909/3909 3910/3910/3910 
f 3910/3910/3910 3909/3909/3909 3911/3911/3911 
f 3912/3912/3912 3913/3913/3913 3911/3911/3911 
f 3913/3913/3913 3912/3912/3912 3914/3914/3914 
f 3915/3915/3915 3916/3916/3916 3917/3917/3917 
f 3916/3916/3916 3915/3915/3915 3918/3918/3918 
f 3919/3919/3919 3920/3920/3920 3921/3921/3921 
f 3920/3920/3920 3919/3919/3919 3922/3922/3922 
f 3923/3923/3923 3924/3924/3924 3925/3925/3925 
f 3923/3923/3923 3925/3925/3925 3926/3926/3926 
f 3927/3927/3927 3928/3928/3928 3929/3929/3929 
f 3929/3929/3929 3928/3928/3928 3930/3930/3930 
f 3931/3931/3931 3932/3932/3932 3933/3933/3933 
f 3933/3933/3933 3934/3934/3934 3931/3931/3931 
f 3935/3935/3935 3936/3936/3936 3937/3937/3937 
f 3937/3937/3937 3936/3936/3936 3938/3938/3938 
f 3939/3939/3939 3940/3940/3940 3941/3941/3941 
f 3939/3939/3939 3941/3941/3941 3942/3942/3942 
f 3943/3943/3943 3944/3944/3944 3945/3945/3945 
f 3944/3944/3944 3946/3946/3946 3945/3945/3945 
f 3947/3947/3947 3948/3948/3948 3949/3949/3949 
f 3949/3949/3949 3950/3950/3950 3947/3947/3947 
f 3951/3951/3951 3952/3952/3952 3953/3953/3953 
f 3952/3952/3952 3951/3951/3951 3954/3954/3954 
f 3955/3955/3955 3956/3956/3956 3957/3957/3957 
f 3957/3957/3957 3958/3958/3958 3955/3955/3955 
f 3959/3959/3959 3960/3960/3960 3961/3961/3961 
f 3960/3960/3960 3959/3959/3959 3962/3962/3962 
f 3963/3963/3963 3964/3964/3964 3965/3965/3965 
f 3964/3964/3964 3966/3966/3966 3965/3965/3965 
f 3967/3967/3967 3968/3968/3968 3969/3969/3969 
f 3968/3968/3968 3967/3967/3967 3970/3970/3970 
f 3971/3971/3971 3972/3972/3972 3973/3973/3973 
f 3972/3972/3972 3971/3971/3971 3656/3656/3656 

g Alreadypro1

v -30.7896 3.92167 -31.8719 
v -30.8709 3.89879 -31.9533 
v -30.8372 3.89879 -31.9934 
v -30.743 3.92167 -31.9274 
v -30.7206 3.98684 -31.803 
v -30.6631 3.98684 -31.8715 
v -30.6745 4.08436 -31.7569 
v -30.6097 4.08436 -31.8341 
v -30.6584 4.1994 -31.7407 
v -30.591 4.1994 -31.821 
v -30.6584 4.80061 -31.7407 
v -30.591 4.80061 -31.821 
v -30.6745 4.91565 -31.7569 
v -30.6097 4.91565 -31.8341 
v -30.7206 5.01317 -31.803 
v -30.6631 5.01317 -31.8715 
v -30.7896 5.07833 -31.8719 
v -30.743 5.07833 -31.9274 
v -30.8709 5.10122 -31.9533 
v -30.8372 5.10122 -31.9934 
v -30.811 3.89879 -32.0388 
v -30.7068 3.92167 -31.9902 
v -30.6184 3.98684 -31.949 
v -30.5593 4.08436 -31.9214 
v -30.5386 4.1994 -31.9118 
v -30.5386 4.80061 -31.9118 
v -30.5593 4.91565 -31.9214 
v -30.6184 5.01317 -31.949 
v -30.7068 5.07833 -31.9902 
v -30.811 5.10122 -32.0388 
v -30.7931 3.89879 -32.088 
v -30.682 3.92167 -32.0583 
v -30.5878 3.98684 -32.033 
v -30.5249 4.08436 -32.0162 
v -30.5028 4.1994 -32.0102 
v -30.5028 4.80061 -32.0102 
v -30.5249 4.91565 -32.0162 
v -30.5878 5.01317 -32.033 
v -30.682 5.07833 -32.0583 
v -30.7931 5.10122 -32.088 
v -30.784 3.89879 -32.1396 
v -30.6694 3.92167 -32.1296 
v -30.5723 3.98684 -32.1211 
v -30.5074 4.08436 -32.1154 
v -30.4846 4.1994 -32.1134 
v -30.4846 4.80061 -32.1134 
v -30.5074 4.91565 -32.1154 
v -30.5723 5.01317 -32.1211 
v -30.6694 5.07833 -32.1296 
v -30.784 5.10122 -32.1396 
v -30.784 3.89879 -32.192 
v -30.6694 3.92167 -32.2021 
v -30.5723 3.98684 -32.2106 
v -30.5074 4.08436 -32.2162 
v -30.4846 4.1994 -32.2182 
v -30.4846 4.80061 -32.2182 
v -30.5074 4.91565 -32.2162 
v -30.5723 5.01317 -32.2106 
v -30.6694 5.07833 -32.2021 
v -30.784 5.10122 -32.192 
v -30.7931 3.89879 -32.2436 
v -30.682 3.92167 -32.2734 
v -30.5878 3.98684 -32.2987 
v -30.5249 4.08436 -32.3155 
v -30.5028 4.1994 -32.3214 
v -30.5028 4.80061 -32.3214 
v -30.5249 4.91565 -32.3155 
v -30.5878 5.01317 -32.2987 
v -30.682 5.07833 -32.2734 
v -30.7931 5.10122 -32.2436 
v -30.811 3.89879 -32.2929 
v -30.7068 3.92167 -32.3415 
v -30.6184 3.98684 -32.3827 
v -30.5593 4.08436 -32.4103 
v -30.5386 4.1994 -32.4199 
v -30.5386 4.80061 -32.4199 
v -30.5593 4.91565 -32.4103 
v -30.6184 5.01317 -32.3827 
v -30.7068 5.07833 -32.3415 
v -30.811 5.10122 -32.2929 
v -30.8372 3.89879 -32.3383 
v -30.743 3.92167 -32.4042 
v -30.6631 3.98684 -32.4602 
v -30.6097 4.08436 -32.4976 
v -30.591 4.1994 -32.5107 
v -30.591 4.80061 -32.5107 
v -30.6097 4.91565 -32.4976 
v -30.6631 5.01317 -32.4602 
v -30.743 5.07833 -32.4042 
v -30.8372 5.10122 -32.3383 
v -30.8709 3.89879 -32.3784 
v -30.7896 3.92167 -32.4597 
v -30.7206 3.98684 -32.5287 
v -30.6745 4.08436 -32.5748 
v -30.6584 4.1994 -32.591 
v -30.6584 4.80061 -32.591 
v -30.6745 4.91565 -32.5748 
v -30.7206 5.01317 -32.5287 
v -30.7896 5.07833 -32.4597 
v -30.8709 5.10122 -32.3784 
v -31.0835 5.10122 -32.1658 
v -30.8709 5.10122 -32.3784 
v -30.8989 5.10122 -32.4031 
v -30.9375 5.10122 -32.4286 
v -30.9884 5.10122 -32.451 
v -31.0503 5.10122 -32.4646 
v -31.1167 5.10122 -32.4646 
v -31.1785 5.10122 -32.451 
v -31.2295 5.10122 -32.4286 
v -31.268 5.10122 -32.4031 
v -31.296 5.10122 -32.3784 
v -31.3208 5.10122 -32.3504 
v -31.3463 5.10122 -32.3118 
v -31.3687 5.10122 -32.2609 
v -31.3822 5.10122 -32.199 
v -31.3822 5.10122 -32.1326 
v -31.3687 5.10122 -32.0708 
v -31.3463 5.10122 -32.0199 
v -31.3208 5.10122 -31.9813 
v -31.296 5.10122 -31.9533 
v -31.268 5.10122 -31.9286 
v -31.2295 5.10122 -31.9031 
v -31.1785 5.10122 -31.8807 
v -31.1167 5.10122 -31.8671 
v -31.0503 5.10122 -31.8671 
v -30.9884 5.10122 -31.8807 
v -30.9375 5.10122 -31.9031 
v -30.8989 5.10122 -31.9286 
v -30.8709 5.10122 -31.9533 
v -30.8372 5.10122 -31.9934 
v -30.811 5.10122 -32.0388 
v -30.7931 5.10122 -32.088 
v -30.784 5.10122 -32.1396 
v -30.784 5.10122 -32.192 
v -30.7931 5.10122 -32.2436 
v -30.811 5.10122 -32.2929 
v -30.8372 5.10122 -32.3383 
v -31.3774 3.92167 -31.8719 
v -31.296 3.89879 -31.9533 
v -31.2559 3.89879 -31.9196 
v -31.3219 3.92167 -31.8254 
v -31.4463 3.98684 -31.803 
v -31.3778 3.98684 -31.7455 
v -31.4924 4.08436 -31.7569 
v -31.4152 4.08436 -31.6921 
v -31.5086 4.1994 -31.7407 
v -31.4283 4.1994 -31.6734 
v -31.5086 4.80061 -31.7407 
v -31.4283 4.80061 -31.6734 
v -31.4924 4.91565 -31.7569 
v -31.4152 4.91565 -31.6921 
v -31.4463 5.01317 -31.803 
v -31.3778 5.01317 -31.7455 
v -31.3774 5.07833 -31.8719 
v -31.3219 5.07833 -31.8254 
v -31.296 5.10122 -31.9533 
v -31.268 5.10122 -31.9286 
v -31.2105 3.89879 -31.8934 
v -31.2591 3.92167 -31.7891 
v -31.3004 3.98684 -31.7008 
v -31.3279 4.08436 -31.6417 
v -31.3376 4.1994 -31.621 
v -31.3376 4.80061 -31.621 
v -31.3279 4.91565 -31.6417 
v -31.3004 5.01317 -31.7008 
v -31.2591 5.07833 -31.7891 
v -31.2295 5.10122 -31.9031 
v -31.1613 3.89879 -31.8755 
v -31.1911 3.92167 -31.7644 
v -31.2163 3.98684 -31.6702 
v -31.2332 4.08436 -31.6072 
v -31.2391 4.1994 -31.5851 
v -31.2391 4.80061 -31.5851 
v -31.2332 4.91565 -31.6072 
v -31.2163 5.01317 -31.6702 
v -31.1911 5.07833 -31.7644 
v -31.1785 5.10122 -31.8807 
v -31.1097 3.89879 -31.8664 
v -31.1197 3.92167 -31.7518 
v -31.1282 3.98684 -31.6546 
v -31.1339 4.08436 -31.5897 
v -31.1359 4.1994 -31.5669 
v -31.1359 4.80061 -31.5669 
v -31.1339 4.91565 -31.5897 
v -31.1282 5.01317 -31.6546 
v -31.1197 5.07833 -31.7518 
v -31.1167 5.10122 -31.8671 
v -31.0573 3.89879 -31.8664 
v -31.0473 3.92167 -31.7518 
v -31.0388 3.98684 -31.6546 
v -31.0331 4.08436 -31.5897 
v -31.0311 4.1994 -31.5669 
v -31.0311 4.80061 -31.5669 
v -31.0331 4.91565 -31.5897 
v -31.0388 5.01317 -31.6546 
v -31.0473 5.07833 -31.7518 
v -31.0503 5.10122 -31.8671 
v -31.0057 3.89879 -31.8755 
v -30.9759 3.92167 -31.7644 
v -30.9507 3.98684 -31.6702 
v -30.9338 4.08436 -31.6072 
v -30.9279 4.1994 -31.5851 
v -30.9279 4.80061 -31.5851 
v -30.9338 4.91565 -31.6072 
v -30.9507 5.01317 -31.6702 
v -30.9759 5.07833 -31.7644 
v -30.9884 5.10122 -31.8807 
v -30.9564 3.89879 -31.8934 
v -30.9078 3.92167 -31.7891 
v -30.8666 3.98684 -31.7008 
v -30.8391 4.08436 -31.6417 
v -30.8294 4.1994 -31.621 
v -30.8294 4.80061 -31.621 
v -30.8391 4.91565 -31.6417 
v -30.8666 5.01317 -31.7008 
v -30.9078 5.07833 -31.7891 
v -30.9375 5.10122 -31.9031 
v -30.9111 3.89879 -31.9196 
v -30.8451 3.92167 -31.8254 
v -30.7891 3.98684 -31.7455 
v -30.7518 4.08436 -31.6921 
v -30.7386 4.1994 -31.6734 
v -30.7386 4.80061 -31.6734 
v -30.7518 4.91565 -31.6921 
v -30.7891 5.01317 -31.7455 
v -30.8451 5.07833 -31.8254 
v -30.8989 5.10122 -31.9286 
v -31.3774 3.92167 -32.4597 
v -31.296 3.89879 -32.3784 
v -31.3297 3.89879 -32.3383 
v -31.424 3.92167 -32.4042 
v -31.4463 3.98684 -32.5287 
v -31.5038 3.98684 -32.4602 
v -31.4924 4.08436 -32.5748 
v -31.5572 4.08436 -32.4976 
v -31.5086 4.1994 -32.591 
v -31.576 4.1994 -32.5107 
v -31.5086 4.80061 -32.591 
v -31.576 4.80061 -32.5107 
v -31.4924 4.91565 -32.5748 
v -31.5572 4.91565 -32.4976 
v -31.4463 5.01317 -32.5287 
v -31.5038 5.01317 -32.4602 
v -31.3774 5.07833 -32.4597 
v -31.424 5.07833 -32.4042 
v -31.296 5.10122 -32.3784 
v -31.3208 5.10122 -32.3504 
v -31.3559 3.89879 -32.2929 
v -31.4602 3.92167 -32.3415 
v -31.5486 3.98684 -32.3827 
v -31.6076 4.08436 -32.4103 
v -31.6284 4.1994 -32.4199 
v -31.6284 4.80061 -32.4199 
v -31.6076 4.91565 -32.4103 
v -31.5486 5.01317 -32.3827 
v -31.4602 5.07833 -32.3415 
v -31.3463 5.10122 -32.3118 
v -31.3738 3.89879 -32.2436 
v -31.485 3.92167 -32.2734 
v -31.5792 3.98684 -32.2987 
v -31.6421 4.08436 -32.3155 
v -31.6642 4.1994 -32.3214 
v -31.6642 4.80061 -32.3214 
v -31.6421 4.91565 -32.3155 
v -31.5792 5.01317 -32.2987 
v -31.485 5.07833 -32.2734 
v -31.3687 5.10122 -32.2609 
v -31.3829 3.89879 -32.192 
v -31.4975 3.92167 -32.2021 
v -31.5947 3.98684 -32.2106 
v -31.6596 4.08436 -32.2162 
v -31.6824 4.1994 -32.2182 
v -31.6824 4.80061 -32.2182 
v -31.6596 4.91565 -32.2162 
v -31.5947 5.01317 -32.2106 
v -31.4975 5.07833 -32.2021 
v -31.3822 5.10122 -32.199 
v -31.3829 3.89879 -32.1396 
v -31.4975 3.92167 -32.1296 
v -31.5947 3.98684 -32.1211 
v -31.6596 4.08436 -32.1154 
v -31.6824 4.1994 -32.1134 
v -31.6824 4.80061 -32.1134 
v -31.6596 4.91565 -32.1154 
v -31.5947 5.01317 -32.1211 
v -31.4975 5.07833 -32.1296 
v -31.3822 5.10122 -32.1326 
v -31.3738 3.89879 -32.088 
v -31.485 3.92167 -32.0583 
v -31.5792 3.98684 -32.033 
v -31.6421 4.08436 -32.0162 
v -31.6642 4.1994 -32.0102 
v -31.6642 4.80061 -32.0102 
v -31.6421 4.91565 -32.0162 
v -31.5792 5.01317 -32.033 
v -31.485 5.07833 -32.0583 
v -31.3687 5.10122 -32.0708 
v -31.3559 3.89879 -32.0388 
v -31.4602 3.92167 -31.9902 
v -31.5486 3.98684 -31.949 
v -31.6076 4.08436 -31.9214 
v -31.6284 4.1994 -31.9118 
v -31.6284 4.80061 -31.9118 
v -31.6076 4.91565 -31.9214 
v -31.5486 5.01317 -31.949 
v -31.4602 5.07833 -31.9902 
v -31.3463 5.10122 -32.0199 
v -31.3297 3.89879 -31.9934 
v -31.424 3.92167 -31.9274 
v -31.5038 3.98684 -31.8715 
v -31.5572 4.08436 -31.8341 
v -31.576 4.1994 -31.821 
v -31.576 4.80061 -31.821 
v -31.5572 4.91565 -31.8341 
v -31.5038 5.01317 -31.8715 
v -31.424 5.07833 -31.9274 
v -31.3208 5.10122 -31.9813 
v -31.3297 3.89879 -32.3383 
v -31.296 3.89879 -32.3784 
v -31.268 3.89879 -32.4031 
v -31.2488 3.89879 -32.3312 
v -31.3559 3.89879 -32.2929 
v -31.2737 3.89879 -32.3017 
v -31.3738 3.89879 -32.2436 
v -31.2984 3.89879 -32.2579 
v -31.3829 3.89879 -32.192 
v -31.3149 3.89879 -32.1989 
v -31.3829 3.89879 -32.1396 
v -31.3149 3.89879 -32.1328 
v -31.3738 3.89879 -32.088 
v -31.2984 3.89879 -32.0737 
v -31.3559 3.89879 -32.0388 
v -31.2737 3.89879 -32.0299 
v -31.3297 3.89879 -31.9934 
v -31.2488 3.89879 -32.0005 
v -31.296 3.89879 -31.9533 
v -31.2559 3.89879 -31.9196 
v -31.2295 3.89879 -32.4286 
v -31.2194 3.89879 -32.3561 
v -31.2016 3.89879 -32.2839 
v -31.2267 3.89879 -32.2518 
v -31.2472 3.89879 -32.1986 
v -31.2472 3.89879 -32.1331 
v -31.2267 3.89879 -32.0799 
v -31.2016 3.89879 -32.0478 
v -31.2194 3.89879 -31.9756 
v -31.2105 3.89879 -31.8934 
v -31.1785 3.89879 -32.451 
v -31.1756 3.89879 -32.3807 
v -31.1694 3.89879 -32.309 
v -31.1543 3.89879 -32.2367 
v -31.1785 3.89879 -32.1975 
v -31.1785 3.89879 -32.1342 
v -31.1543 3.89879 -32.095 
v -31.1694 3.89879 -32.0226 
v -31.1756 3.89879 -31.9509 
v -31.1613 3.89879 -31.8755 
v -31.1167 3.89879 -32.4646 
v -31.1165 3.89879 -32.3973 
v -31.1162 3.89879 -32.3296 
v -31.1152 3.89879 -32.2609 
v -31.1071 3.89879 -32.1895 
v -31.1071 3.89879 -32.1422 
v -31.1152 3.89879 -32.0708 
v -31.1162 3.89879 -32.0021 
v -31.1165 3.89879 -31.9344 
v -31.1097 3.89879 -31.8664 
v -31.0503 3.89879 -32.4646 
v -31.0504 3.89879 -32.3973 
v -31.0507 3.89879 -32.3296 
v -31.0518 3.89879 -32.2609 
v -31.0599 3.89879 -32.1895 
v -31.0599 3.89879 -32.1422 
v -31.0518 3.89879 -32.0708 
v -31.0507 3.89879 -32.0021 
v -31.0504 3.89879 -31.9344 
v -31.0573 3.89879 -31.8664 
v -30.9884 3.89879 -32.451 
v -30.9914 3.89879 -32.3807 
v -30.9976 3.89879 -32.309 
v -31.0126 3.89879 -32.2367 
v -30.9884 3.89879 -32.1975 
v -30.9884 3.89879 -32.1342 
v -31.0126 3.89879 -32.095 
v -30.9976 3.89879 -32.0226 
v -30.9914 3.89879 -31.9509 
v -31.0057 3.89879 -31.8755 
v -30.9375 3.89879 -32.4286 
v -30.9476 3.89879 -32.3561 
v -30.9654 3.89879 -32.2839 
v -30.9403 3.89879 -32.2518 
v -30.9197 3.89879 -32.1986 
v -30.9197 3.89879 -32.1331 
v -30.9403 3.89879 -32.0799 
v -30.9654 3.89879 -32.0478 
v -30.9476 3.89879 -31.9756 
v -30.9564 3.89879 -31.8934 
v -30.8989 3.89879 -32.4031 
v -30.9182 3.89879 -32.3312 
v -30.8932 3.89879 -32.3017 
v -30.8686 3.89879 -32.2579 
v -30.852 3.89879 -32.1989 
v -30.852 3.89879 -32.1328 
v -30.8686 3.89879 -32.0737 
v -30.8932 3.89879 -32.0299 
v -30.9182 3.89879 -32.0005 
v -30.9111 3.89879 -31.9196 
v -30.8709 3.89879 -32.3784 
v -30.8372 3.89879 -32.3383 
v -30.811 3.89879 -32.2929 
v -30.7931 3.89879 -32.2436 
v -30.784 3.89879 -32.192 
v -30.784 3.89879 -32.1396 
v -30.7931 3.89879 -32.088 
v -30.811 3.89879 -32.0388 
v -30.8372 3.89879 -31.9934 
v -30.8709 3.89879 -31.9533 
v -30.7896 3.92167 -32.4597 
v -30.8709 3.89879 -32.3784 
v -30.8989 3.89879 -32.4031 
v -30.8451 3.92167 -32.5063 
v -30.7206 3.98684 -32.5287 
v -30.7891 3.98684 -32.5862 
v -30.6745 4.08436 -32.5748 
v -30.7518 4.08436 -32.6396 
v -30.6584 4.1994 -32.591 
v -30.7386 4.1994 -32.6583 
v -30.6584 4.80061 -32.591 
v -30.7386 4.80061 -32.6583 
v -30.6745 4.91565 -32.5748 
v -30.7518 4.91565 -32.6396 
v -30.7206 5.01317 -32.5287 
v -30.7891 5.01317 -32.5862 
v -30.7896 5.07833 -32.4597 
v -30.8451 5.07833 -32.5063 
v -30.8709 5.10122 -32.3784 
v -30.8989 5.10122 -32.4031 
v -30.9375 3.89879 -32.4286 
v -30.9078 3.92167 -32.5425 
v -30.8666 3.98684 -32.6309 
v -30.8391 4.08436 -32.69 
v -30.8294 4.1994 -32.7107 
v -30.8294 4.80061 -32.7107 
v -30.8391 4.91565 -32.69 
v -30.8666 5.01317 -32.6309 
v -30.9078 5.07833 -32.5425 
v -30.9375 5.10122 -32.4286 
v -30.9884 3.89879 -32.451 
v -30.9759 3.92167 -32.5673 
v -30.9507 3.98684 -32.6615 
v -30.9338 4.08436 -32.7245 
v -30.9279 4.1994 -32.7466 
v -30.9279 4.80061 -32.7466 
v -30.9338 4.91565 -32.7245 
v -30.9507 5.01317 -32.6615 
v -30.9759 5.07833 -32.5673 
v -30.9884 5.10122 -32.451 
v -31.0503 3.89879 -32.4646 
v -31.0473 3.92167 -32.5799 
v -31.0388 3.98684 -32.6771 
v -31.0331 4.08436 -32.742 
v -31.0311 4.1994 -32.7648 
v -31.0311 4.80061 -32.7648 
v -31.0331 4.91565 -32.742 
v -31.0388 5.01317 -32.6771 
v -31.0473 5.07833 -32.5799 
v -31.0503 5.10122 -32.4646 
v -31.1167 3.89879 -32.4646 
v -31.1197 3.92167 -32.5799 
v -31.1282 3.98684 -32.6771 
v -31.1339 4.08436 -32.742 
v -31.1359 4.1994 -32.7648 
v -31.1359 4.80061 -32.7648 
v -31.1339 4.91565 -32.742 
v -31.1282 5.01317 -32.6771 
v -31.1197 5.07833 -32.5799 
v -31.1167 5.10122 -32.4646 
v -31.1785 3.89879 -32.451 
v -31.1911 3.92167 -32.5673 
v -31.2163 3.98684 -32.6615 
v -31.2332 4.08436 -32.7245 
v -31.2391 4.1994 -32.7466 
v -31.2391 4.80061 -32.7466 
v -31.2332 4.91565 -32.7245 
v -31.2163 5.01317 -32.6615 
v -31.1911 5.07833 -32.5673 
v -31.1785 5.10122 -32.451 
v -31.2295 3.89879 -32.4286 
v -31.2591 3.92167 -32.5425 
v -31.3004 3.98684 -32.6309 
v -31.3279 4.08436 -32.69 
v -31.3376 4.1994 -32.7107 
v -31.3376 4.80061 -32.7107 
v -31.3279 4.91565 -32.69 
v -31.3004 5.01317 -32.6309 
v -31.2591 5.07833 -32.5425 
v -31.2295 5.10122 -32.4286 
v -31.268 3.89879 -32.4031 
v -31.3219 3.92167 -32.5063 
v -31.3778 3.98684 -32.5862 
v -31.4152 4.08436 -32.6396 
v -31.4283 4.1994 -32.6583 
v -31.4283 4.80061 -32.6583 
v -31.4152 4.91565 -32.6396 
v -31.3778 5.01317 -32.5862 
v -31.3219 5.07833 -32.5063 
v -31.268 5.10122 -32.4031 
v -31.296 3.89879 -32.3784 
v -31.3774 3.92167 -32.4597 
v -31.4463 3.98684 -32.5287 
v -31.4924 4.08436 -32.5748 
v -31.5086 4.1994 -32.591 
v -31.5086 4.80061 -32.591 
v -31.4924 4.91565 -32.5748 
v -31.4463 5.01317 -32.5287 
v -31.3774 5.07833 -32.4597 
v -31.296 5.10122 -32.3784 

vn 0.267717 -0.92126 0.267717 
vn 0 -1 0 
vn 0 -1 0 
vn 0.314961 -0.92126 0.220472 
vn 0.503937 -0.708661 0.503937 
vn 0.582677 -0.708661 0.409449 
vn 0.653543 -0.385827 0.653543 
vn 0.755906 -0.385827 0.527559 
vn 0.708661 0 0.708661 
vn 0.818898 0 0.574803 
vn 0.708661 0 0.708661 
vn 0.818898 0 0.574803 
vn 0.653543 0.385827 0.653543 
vn 0.755906 0.385827 0.527559 
vn 0.503937 0.708661 0.503937 
vn 0.582677 0.708661 0.409449 
vn 0.267717 0.92126 0.267717 
vn 0.314961 0.92126 0.220472 
vn 0 1 0 
vn 0 1 0 
vn 0 -1 0 
vn 0.346457 -0.92126 0.165354 
vn 0.637795 -0.708661 0.299213 
vn 0.834646 -0.385827 0.393701 
vn 0.905512 0 0.425197 
vn 0.905512 0 0.425197 
vn 0.834646 0.385827 0.393701 
vn 0.637795 0.708661 0.299213 
vn 0.346457 0.92126 0.165354 
vn 0 1 0 
vn 0 -1 0 
vn 0.370079 -0.92126 0.102362 
vn 0.685039 -0.708661 0.181102 
vn 0.889764 -0.385827 0.23622 
vn 0.968504 0 0.259843 
vn 0.968504 0 0.259843 
vn 0.889764 0.385827 0.23622 
vn 0.685039 0.708661 0.181102 
vn 0.370079 0.92126 0.102362 
vn 0 1 0 
vn 0 -1 0 
vn 0.377953 -0.92126 0.0314961 
vn 0.700787 -0.708661 0.0629921 
vn 0.92126 -0.385827 0.0787402 
vn 1 0 0.0866142 
vn 1 0 0.0866142 
vn 0.92126 0.385827 0.0787402 
vn 0.700787 0.708661 0.0629921 
vn 0.377953 0.92126 0.0314961 
vn 0 1 0 
vn 0 -1 0 
vn 0.377953 -0.92126 -0.0314961 
vn 0.700787 -0.708661 -0.0629921 
vn 0.92126 -0.385827 -0.0787402 
vn 1 0 -0.0866142 
vn 1 0 -0.0866142 
vn 0.92126 0.385827 -0.0787402 
vn 0.700787 0.708661 -0.0629921 
vn 0.377953 0.92126 -0.0314961 
vn 0 1 0 
vn 0 -1 0 
vn 0.370079 -0.92126 -0.102362 
vn 0.685039 -0.708661 -0.181102 
vn 0.889764 -0.385827 -0.23622 
vn 0.968504 0 -0.259843 
vn 0.968504 0 -0.259843 
vn 0.889764 0.385827 -0.23622 
vn 0.685039 0.708661 -0.181102 
vn 0.370079 0.92126 -0.102362 
vn 0 1 0 
vn 0 -1 0 
vn 0.346457 -0.92126 -0.165354 
vn 0.637795 -0.708661 -0.299213 
vn 0.834646 -0.385827 -0.393701 
vn 0.905512 0 -0.425197 
vn 0.905512 0 -0.425197 
vn 0.834646 0.385827 -0.393701 
vn 0.637795 0.708661 -0.299213 
vn 0.346457 0.92126 -0.165354 
vn 0 1 0 
vn 0 -1 0 
vn 0.314961 -0.92126 -0.220472 
vn 0.582677 -0.708661 -0.409449 
vn 0.755906 -0.385827 -0.527559 
vn 0.818898 0 -0.574803 
vn 0.818898 0 -0.574803 
vn 0.755906 0.385827 -0.527559 
vn 0.582677 0.708661 -0.409449 
vn 0.314961 0.92126 -0.220472 
vn 0 1 0 
vn 0 -1 0 
vn 0.267717 -0.92126 -0.267717 
vn 0.503937 -0.708661 -0.496063 
vn 0.653543 -0.385827 -0.653543 
vn 0.708661 0 -0.708661 
vn 0.708661 0 -0.708661 
vn 0.653543 0.385827 -0.653543 
vn 0.503937 0.708661 -0.496063 
vn 0.267717 0.92126 -0.267717 
vn 0 1 0 
vn 0 1 0 
vn 0 1 0 
vn 0 1 0 
vn 0 1 0 
vn 0 1 0 
vn 0 1 0 
vn 0 1 0 
vn 0 1 0 
vn 0 1 0 
vn 0 1 0 
vn 0 1 0 
vn 0 1 0 
vn 0 1 0 
vn 0 1 0 
vn 0 1 0 
vn 0 1 0 
vn 0 1 0 
vn 0 1 0 
vn 0 1 0 
vn 0 1 0 
vn 0 1 0 
vn 0 1 0 
vn 0 1 0 
vn 0 1 0 
vn 0 1 0 
vn 0 1 0 
vn 0 1 0 
vn 0 1 0 
vn 0 1 0 
vn 0 1 0 
vn 0 1 0 
vn 0 1 0 
vn 0 1 0 
vn 0 1 0 
vn 0 1 0 
vn 0 1 0 
vn 0 1 0 
vn -0.267717 -0.92126 0.267717 
vn 0 -1 0 
vn 0 -1 0 
vn -0.220472 -0.92126 0.314961 
vn -0.496063 -0.708661 0.503937 
vn -0.409449 -0.708661 0.582677 
vn -0.653543 -0.385827 0.653543 
vn -0.527559 -0.385827 0.755906 
vn -0.708661 0 0.708661 
vn -0.574803 0 0.818898 
vn -0.708661 0 0.708661 
vn -0.574803 0 0.818898 
vn -0.653543 0.385827 0.653543 
vn -0.527559 0.385827 0.755906 
vn -0.496063 0.708661 0.503937 
vn -0.409449 0.708661 0.582677 
vn -0.267717 0.92126 0.267717 
vn -0.220472 0.92126 0.314961 
vn 0 1 0 
vn 0 1 0 
vn 0 -1 0 
vn -0.165354 -0.92126 0.346457 
vn -0.299213 -0.708661 0.637795 
vn -0.393701 -0.385827 0.834646 
vn -0.425197 0 0.905512 
vn -0.425197 0 0.905512 
vn -0.393701 0.385827 0.834646 
vn -0.299213 0.708661 0.637795 
vn -0.165354 0.92126 0.346457 
vn 0 1 0 
vn 0 -1 0 
vn -0.102362 -0.92126 0.370079 
vn -0.181102 -0.708661 0.685039 
vn -0.23622 -0.385827 0.889764 
vn -0.259843 0 0.968504 
vn -0.259843 0 0.968504 
vn -0.23622 0.385827 0.889764 
vn -0.181102 0.708661 0.685039 
vn -0.102362 0.92126 0.370079 
vn 0 1 0 
vn 0 -1 0 
vn -0.0314961 -0.92126 0.377953 
vn -0.0629921 -0.708661 0.700787 
vn -0.0787402 -0.385827 0.92126 
vn -0.0866142 0 1 
vn -0.0866142 0 1 
vn -0.0787402 0.385827 0.92126 
vn -0.0629921 0.708661 0.700787 
vn -0.0314961 0.92126 0.377953 
vn 0 1 0 
vn 0 -1 0 
vn 0.0314961 -0.92126 0.377953 
vn 0.0629921 -0.708661 0.700787 
vn 0.0787402 -0.385827 0.92126 
vn 0.0866142 0 1 
vn 0.0866142 0 1 
vn 0.0787402 0.385827 0.92126 
vn 0.0629921 0.708661 0.700787 
vn 0.0314961 0.92126 0.377953 
vn 0 1 0 
vn 0 -1 0 
vn 0.102362 -0.92126 0.370079 
vn 0.181102 -0.708661 0.685039 
vn 0.23622 -0.385827 0.889764 
vn 0.259843 0 0.968504 
vn 0.259843 0 0.968504 
vn 0.23622 0.385827 0.889764 
vn 0.181102 0.708661 0.685039 
vn 0.102362 0.92126 0.370079 
vn 0 1 0 
vn 0 -1 0 
vn 0.165354 -0.92126 0.346457 
vn 0.299213 -0.708661 0.637795 
vn 0.393701 -0.385827 0.834646 
vn 0.425197 0 0.905512 
vn 0.425197 0 0.905512 
vn 0.393701 0.385827 0.834646 
vn 0.299213 0.708661 0.637795 
vn 0.165354 0.92126 0.346457 
vn 0 1 0 
vn 0 -1 0 
vn 0.220472 -0.92126 0.314961 
vn 0.409449 -0.708661 0.582677 
vn 0.527559 -0.385827 0.755906 
vn 0.574803 0 0.818898 
vn 0.574803 0 0.818898 
vn 0.527559 0.385827 0.755906 
vn 0.409449 0.708661 0.582677 
vn 0.220472 0.92126 0.314961 
vn 0 1 0 
vn -0.267717 -0.92126 -0.267717 
vn 0 -1 0 
vn 0 -1 0 
vn -0.314961 -0.92126 -0.220472 
vn -0.496063 -0.708661 -0.496063 
vn -0.582677 -0.708661 -0.409449 
vn -0.653543 -0.385827 -0.653543 
vn -0.755906 -0.385827 -0.527559 
vn -0.708661 0 -0.708661 
vn -0.818898 0 -0.574803 
vn -0.708661 0 -0.708661 
vn -0.818898 0 -0.574803 
vn -0.653543 0.385827 -0.653543 
vn -0.755906 0.385827 -0.527559 
vn -0.496063 0.708661 -0.496063 
vn -0.582677 0.708661 -0.409449 
vn -0.267717 0.92126 -0.267717 
vn -0.314961 0.92126 -0.220472 
vn 0 1 0 
vn 0 1 0 
vn 0 -1 0 
vn -0.346457 -0.92126 -0.165354 
vn -0.637795 -0.708661 -0.299213 
vn -0.834646 -0.385827 -0.393701 
vn -0.905512 0 -0.425197 
vn -0.905512 0 -0.425197 
vn -0.834646 0.385827 -0.393701 
vn -0.637795 0.708661 -0.299213 
vn -0.346457 0.92126 -0.165354 
vn 0 1 0 
vn 0 -1 0 
vn -0.370079 -0.92126 -0.102362 
vn -0.685039 -0.708661 -0.181102 
vn -0.889764 -0.385827 -0.23622 
vn -0.968504 0 -0.259843 
vn -0.968504 0 -0.259843 
vn -0.889764 0.385827 -0.23622 
vn -0.685039 0.708661 -0.181102 
vn -0.370079 0.92126 -0.102362 
vn 0 1 0 
vn 0 -1 0 
vn -0.377953 -0.92126 -0.0314961 
vn -0.700787 -0.708661 -0.0629921 
vn -0.92126 -0.385827 -0.0787402 
vn -1 0 -0.0866142 
vn -1 0 -0.0866142 
vn -0.92126 0.385827 -0.0787402 
vn -0.700787 0.708661 -0.0629921 
vn -0.377953 0.92126 -0.0314961 
vn 0 1 0 
vn 0 -1 0 
vn -0.377953 -0.92126 0.0314961 
vn -0.700787 -0.708661 0.0629921 
vn -0.92126 -0.385827 0.0787402 
vn -1 0 0.0866142 
vn -1 0 0.0866142 
vn -0.92126 0.385827 0.0787402 
vn -0.700787 0.708661 0.0629921 
vn -0.377953 0.92126 0.0314961 
vn 0 1 0 
vn 0 -1 0 
vn -0.370079 -0.92126 0.102362 
vn -0.685039 -0.708661 0.181102 
vn -0.889764 -0.385827 0.23622 
vn -0.968504 0 0.259843 
vn -0.968504 0 0.259843 
vn -0.889764 0.385827 0.23622 
vn -0.685039 0.708661 0.181102 
vn -0.370079 0.92126 0.102362 
vn 0 1 0 
vn 0 -1 0 
vn -0.346457 -0.92126 0.165354 
vn -0.637795 -0.708661 0.299213 
vn -0.834646 -0.385827 0.393701 
vn -0.905512 0 0.425197 
vn -0.905512 0 0.425197 
vn -0.834646 0.385827 0.393701 
vn -0.637795 0.708661 0.299213 
vn -0.346457 0.92126 0.165354 
vn 0 1 0 
vn 0 -1 0 
vn -0.314961 -0.92126 0.220472 
vn -0.582677 -0.708661 0.409449 
vn -0.755906 -0.385827 0.527559 
vn -0.818898 0 0.574803 
vn -0.818898 0 0.574803 
vn -0.755906 0.385827 0.527559 
vn -0.582677 0.708661 0.409449 
vn -0.314961 0.92126 0.220472 
vn 0 1 0 
vn 0 -1 0 
vn 0 -1 0 
vn 0 -1 0 
vn 0 -1 0 
vn 0 -1 0 
vn 0 -1 0 
vn 0 -1 0 
vn 0 -1 0 
vn 0 -1 0 
vn 0 -1 0 
vn 0 -1 0 
vn 0 -1 0 
vn 0 -1 0 
vn 0 -1 0 
vn 0 -1 0 
vn 0 -1 0 
vn 0 -1 0 
vn 0 -1 0 
vn 0 -1 0 
vn 0 -1 0 
vn 0 -1 0 
vn 0 -1 0 
vn 0 -1 0 
vn 0 -1 0 
vn 0 -1 0 
vn 0 -1 0 
vn 0 -1 0 
vn 0 -1 0 
vn 0 -1 0 
vn 0 -1 0 
vn 0 -1 0 
vn 0 -1 0 
vn 0 -1 0 
vn 0 -1 0 
vn 0 -1 0 
vn 0 -1 0 
vn 0 -1 0 
vn 0 -1 0 
vn 0 -1 0 
vn 0 -1 0 
vn 0 -1 0 
vn 0 -1 0 
vn 0 -1 0 
vn 0 -1 0 
vn 0 -1 0 
vn 0 -1 0 
vn 0 -1 0 
vn 0 -1 0 
vn 0 -1 0 
vn 0 -1 0 
vn 0 -1 0 
vn 0 -1 0 
vn 0 -1 0 
vn 0 -1 0 
vn 0 -1 0 
vn 0 -1 0 
vn 0 -1 0 
vn 0 -1 0 
vn 0 -1 0 
vn 0 -1 0 
vn 0 -1 0 
vn 0 -1 0 
vn 0 -1 0 
vn 0 -1 0 
vn 0 -1 0 
vn 0 -1 0 
vn 0 -1 0 
vn 0 -1 0 
vn 0 -1 0 
vn 0 -1 0 
vn 0 -1 0 
vn 0 -1 0 
vn 0 -1 0 
vn 0 -1 0 
vn 0 -1 0 
vn 0 -1 0 
vn 0 -1 0 
vn 0 -1 0 
vn 0 -1 0 
vn 0 -1 0 
vn 0 -1 0 
vn 0 -1 0 
vn 0 -1 0 
vn 0 -1 0 
vn 0 -1 0 
vn 0 -1 0 
vn 0 -1 0 
vn 0 -1 0 
vn 0 -1 0 
vn 0 -1 0 
vn 0 -1 0 
vn 0 -1 0 
vn 0 -1 0 
vn 0 -1 0 
vn 0 -1 0 
vn 0 -1 0 
vn 0 -1 0 
vn 0 -1 0 
vn 0 -1 0 
vn 0 -1 0 
vn 0.267717 -0.92126 -0.267717 
vn 0 -1 0 
vn 0 -1 0 
vn 0.220472 -0.92126 -0.314961 
vn 0.503937 -0.708661 -0.496063 
vn 0.409449 -0.708661 -0.582677 
vn 0.653543 -0.385827 -0.653543 
vn 0.527559 -0.385827 -0.755906 
vn 0.708661 0 -0.708661 
vn 0.574803 0 -0.818898 
vn 0.708661 0 -0.708661 
vn 0.574803 0 -0.818898 
vn 0.653543 0.385827 -0.653543 
vn 0.527559 0.385827 -0.755906 
vn 0.503937 0.708661 -0.496063 
vn 0.409449 0.708661 -0.582677 
vn 0.267717 0.92126 -0.267717 
vn 0.220472 0.92126 -0.314961 
vn 0 1 0 
vn 0 1 0 
vn 0 -1 0 
vn 0.165354 -0.92126 -0.346457 
vn 0.299213 -0.708661 -0.637795 
vn 0.393701 -0.385827 -0.834646 
vn 0.425197 0 -0.905512 
vn 0.425197 0 -0.905512 
vn 0.393701 0.385827 -0.834646 
vn 0.299213 0.708661 -0.637795 
vn 0.165354 0.92126 -0.346457 
vn 0 1 0 
vn 0 -1 0 
vn 0.102362 -0.92126 -0.370079 
vn 0.181102 -0.708661 -0.685039 
vn 0.23622 -0.385827 -0.889764 
vn 0.259843 0 -0.968504 
vn 0.259843 0 -0.968504 
vn 0.23622 0.385827 -0.889764 
vn 0.181102 0.708661 -0.685039 
vn 0.102362 0.92126 -0.370079 
vn 0 1 0 
vn 0 -1 0 
vn 0.0314961 -0.92126 -0.377953 
vn 0.0629921 -0.708661 -0.700787 
vn 0.0787402 -0.385827 -0.92126 
vn 0.0866142 0 -1 
vn 0.0866142 0 -1 
vn 0.0787402 0.385827 -0.92126 
vn 0.0629921 0.708661 -0.700787 
vn 0.0314961 0.92126 -0.377953 
vn 0 1 0 
vn 0 -1 0 
vn -0.0314961 -0.92126 -0.377953 
vn -0.0629921 -0.708661 -0.700787 
vn -0.0787402 -0.385827 -0.92126 
vn -0.0866142 0 -1 
vn -0.0866142 0 -1 
vn -0.0787402 0.385827 -0.92126 
vn -0.0629921 0.708661 -0.700787 
vn -0.0314961 0.92126 -0.377953 
vn 0 1 0 
vn 0 -1 0 
vn -0.102362 -0.92126 -0.370079 
vn -0.181102 -0.708661 -0.685039 
vn -0.23622 -0.385827 -0.889764 
vn -0.259843 0 -0.968504 
vn -0.259843 0 -0.968504 
vn -0.23622 0.385827 -0.889764 
vn -0.181102 0.708661 -0.685039 
vn -0.102362 0.92126 -0.370079 
vn 0 1 0 
vn 0 -1 0 
vn -0.165354 -0.92126 -0.346457 
vn -0.299213 -0.708661 -0.637795 
vn -0.393701 -0.385827 -0.834646 
vn -0.425197 0 -0.905512 
vn -0.425197 0 -0.905512 
vn -0.393701 0.385827 -0.834646 
vn -0.299213 0.708661 -0.637795 
vn -0.165354 0.92126 -0.346457 
vn 0 1 0 
vn 0 -1 0 
vn -0.220472 -0.92126 -0.314961 
vn -0.409449 -0.708661 -0.582677 
vn -0.527559 -0.385827 -0.755906 
vn -0.574803 0 -0.818898 
vn -0.574803 0 -0.818898 
vn -0.527559 0.385827 -0.755906 
vn -0.409449 0.708661 -0.582677 
vn -0.220472 0.92126 -0.314961 
vn 0 1 0 
vn 0 -1 0 
vn -0.267717 -0.92126 -0.267717 
vn -0.496063 -0.708661 -0.496063 
vn -0.653543 -0.385827 -0.653543 
vn -0.708661 0 -0.708661 
vn -0.708661 0 -0.708661 
vn -0.653543 0.385827 -0.653543 
vn -0.496063 0.708661 -0.496063 
vn -0.267717 0.92126 -0.267717 
vn 0 1 0 

vt 0.145197 0.519366 
vt 0.145197 0.519366 
vt 0.145197 0.519366 
vt 0.145197 0.519366 
vt 0.145197 0.519366 
vt 0.145197 0.519366 
vt 0.145197 0.519366 
vt 0.145197 0.519366 
vt 0.145197 0.519366 
vt 0.145197 0.519366 
vt 0.145197 0.519366 
vt 0.145197 0.519366 
vt 0.145197 0.519366 
vt 0.145197 0.519366 
vt 0.145197 0.519366 
vt 0.145197 0.519366 
vt 0.145197 0.519366 
vt 0.145197 0.519366 
vt 0.145197 0.519366 
vt 0.145197 0.519366 
vt 0.145197 0.519366 
vt 0.145197 0.519366 
vt 0.145197 0.519366 
vt 0.145197 0.519366 
vt 0.145197 0.519366 
vt 0.145197 0.519366 
vt 0.145197 0.519366 
vt 0.145197 0.519366 
vt 0.145197 0.519366 
vt 0.145197 0.519366 
vt 0.145197 0.519366 
vt 0.145197 0.519366 
vt 0.145197 0.519366 
vt 0.145197 0.519366 
vt 0.145197 0.519366 
vt 0.145197 0.519366 
vt 0.145197 0.519366 
vt 0.145197 0.519366 
vt 0.145197 0.519366 
vt 0.145197 0.519366 
vt 0.145197 0.519366 
vt 0.145197 0.519366 
vt 0.145197 0.519366 
vt 0.145197 0.519366 
vt 0.145197 0.519366 
vt 0.145197 0.519366 
vt 0.145197 0.519366 
vt 0.145197 0.519366 
vt 0.145197 0.519366 
vt 0.145197 0.519366 
vt 0.145197 0.519366 
vt 0.145197 0.519366 
vt 0.145197 0.519366 
vt 0.145197 0.519366 
vt 0.145197 0.519366 
vt 0.145197 0.519366 
vt 0.145197 0.519366 
vt 0.145197 0.519366 
vt 0.145197 0.519366 
vt 0.145197 0.519366 
vt 0.145197 0.519366 
vt 0.145197 0.519366 
vt 0.145197 0.519366 
vt 0.145197 0.519366 
vt 0.145197 0.519366 
vt 0.145197 0.519366 
vt 0.145197 0.519366 
vt 0.145197 0.519366 
vt 0.145197 0.519366 
vt 0.145197 0.519366 
vt 0.145197 0.519366 
vt 0.145197 0.519366 
vt 0.145197 0.519366 
vt 0.145197 0.519366 
vt 0.145197 0.519366 
vt 0.145197 0.519366 
vt 0.145197 0.519366 
vt 0.145197 0.519366 
vt 0.145197 0.519366 
vt 0.145197 0.519366 
vt 0.145197 0.519366 
vt 0.145197 0.519366 
vt 0.145197 0.519366 
vt 0.145197 0.519366 
vt 0.145197 0.519366 
vt 0.145197 0.519366 
vt 0.145197 0.519366 
vt 0.145197 0.519366 
vt 0.145197 0.519366 
vt 0.145197 0.519366 
vt 0.145197 0.519366 
vt 0.145197 0.519366 
vt 0.145197 0.519366 
vt 0.145197 0.519366 
vt 0.145197 0.519366 
vt 0.145197 0.519366 
vt 0.145197 0.519366 
vt 0.145197 0.519366 
vt 0.145197 0.519366 
vt 0.145197 0.519366 
vt 0.145197 0.519366 
vt 0.145197 0.519366 
vt 0.145197 0.519366 
vt 0.145197 0.519366 
vt 0.145197 0.519366 
vt 0.145197 0.519366 
vt 0.145197 0.519366 
vt 0.145197 0.519366 
vt 0.145197 0.519366 
vt 0.145197 0.519366 
vt 0.145197 0.519366 
vt 0.145197 0.519366 
vt 0.145197 0.519366 
vt 0.145197 0.519366 
vt 0.145197 0.519366 
vt 0.145197 0.519366 
vt 0.145197 0.519366 
vt 0.145197 0.519366 
vt 0.145197 0.519366 
vt 0.145197 0.519366 
vt 0.145197 0.519366 
vt 0.145197 0.519366 
vt 0.145197 0.519366 
vt 0.145197 0.519366 
vt 0.145197 0.519366 
vt 0.145197 0.519366 
vt 0.145197 0.519366 
vt 0.145197 0.519366 
vt 0.145197 0.519366 
vt 0.145197 0.519366 
vt 0.145197 0.519366 
vt 0.145197 0.519366 
vt 0.145197 0.519366 
vt 0.145197 0.519366 
vt 0.145197 0.519366 
vt 0.145197 0.519366 
vt 0.145197 0.519366 
vt 0.145197 0.519366 
vt 0.145197 0.519366 
vt 0.145197 0.519366 
vt 0.145197 0.519366 
vt 0.145197 0.519366 
vt 0.145197 0.519366 
vt 0.145197 0.519366 
vt 0.145197 0.519366 
vt 0.145197 0.519366 
vt 0.145197 0.519366 
vt 0.145197 0.519366 
vt 0.145197 0.519366 
vt 0.145197 0.519366 
vt 0.145197 0.519366 
vt 0.145197 0.519366 
vt 0.145197 0.519366 
vt 0.145197 0.519366 
vt 0.145197 0.519366 
vt 0.145197 0.519366 
vt 0.145197 0.519366 
vt 0.145197 0.519366 
vt 0.145197 0.519366 
vt 0.145197 0.519366 
vt 0.145197 0.519366 
vt 0.145197 0.519366 
vt 0.145197 0.519366 
vt 0.145197 0.519366 
vt 0.145197 0.519366 
vt 0.145197 0.519366 
vt 0.145197 0.519366 
vt 0.145197 0.519366 
vt 0.145197 0.519366 
vt 0.145197 0.519366 
vt 0.145197 0.519366 
vt 0.145197 0.519366 
vt 0.145197 0.519366 
vt 0.145197 0.519366 
vt 0.145197 0.519366 
vt 0.145197 0.519366 
vt 0.145197 0.519366 
vt 0.145197 0.519366 
vt 0.145197 0.519366 
vt 0.145197 0.519366 
vt 0.145197 0.519366 
vt 0.145197 0.519366 
vt 0.145197 0.519366 
vt 0.145197 0.519366 
vt 0.145197 0.519366 
vt 0.145197 0.519366 
vt 0.145197 0.519366 
vt 0.145197 0.519366 
vt 0.145197 0.519366 
vt 0.145197 0.519366 
vt 0.145197 0.519366 
vt 0.145197 0.519366 
vt 0.145197 0.519366 
vt 0.145197 0.519366 
vt 0.145197 0.519366 
vt 0.145197 0.519366 
vt 0.145197 0.519366 
vt 0.145197 0.519366 
vt 0.145197 0.519366 
vt 0.145197 0.519366 
vt 0.145197 0.519366 
vt 0.145197 0.519366 
vt 0.145197 0.519366 
vt 0.145197 0.519366 
vt 0.145197 0.519366 
vt 0.145197 0.519366 
vt 0.145197 0.519366 
vt 0.145197 0.519366 
vt 0.145197 0.519366 
vt 0.145197 0.519366 
vt 0.145197 0.519366 
vt 0.145197 0.519366 
vt 0.145197 0.519366 
vt 0.145197 0.519366 
vt 0.145197 0.519366 
vt 0.145197 0.519366 
vt 0.145197 0.519366 
vt 0.145197 0.519366 
vt 0.145197 0.519366 
vt 0.145197 0.519366 
vt 0.145197 0.519366 
vt 0.145197 0.519366 
vt 0.145197 0.519366 
vt 0.145197 0.519366 
vt 0.145197 0.519366 
vt 0.145197 0.519366 
vt 0.145197 0.519366 
vt 0.145197 0.519366 
vt 0.145197 0.519366 
vt 0.145197 0.519366 
vt 0.145197 0.519366 
vt 0.145197 0.519366 
vt 0.145197 0.519366 
vt 0.145197 0.519366 
vt 0.145197 0.519366 
vt 0.145197 0.519366 
vt 0.145197 0.519366 
vt 0.145197 0.519366 
vt 0.145197 0.519366 
vt 0.145197 0.519366 
vt 0.145197 0.519366 
vt 0.145197 0.519366 
vt 0.145197 0.519366 
vt 0.145197 0.519366 
vt 0.145197 0.519366 
vt 0.145197 0.519366 
vt 0.145197 0.519366 
vt 0.145197 0.519366 
vt 0.145197 0.519366 
vt 0.145197 0.519366 
vt 0.145197 0.519366 
vt 0.145197 0.519366 
vt 0.145197 0.519366 
vt 0.145197 0.519366 
vt 0.145197 0.519366 
vt 0.145197 0.519366 
vt 0.145197 0.519366 
vt 0.145197 0.519366 
vt 0.145197 0.519366 
vt 0.145197 0.519366 
vt 0.145197 0.519366 
vt 0.145197 0.519366 
vt 0.145197 0.519366 
vt 0.145197 0.519366 
vt 0.145197 0.519366 
vt 0.145197 0.519366 
vt 0.145197 0.519366 
vt 0.145197 0.519366 
vt 0.145197 0.519366 
vt 0.145197 0.519366 
vt 0.145197 0.519366 
vt 0.145197 0.519366 
vt 0.145197 0.519366 
vt 0.145197 0.519366 
vt 0.145197 0.519366 
vt 0.145197 0.519366 
vt 0.145197 0.519366 
vt 0.145197 0.519366 
vt 0.145197 0.519366 
vt 0.145197 0.519366 
vt 0.145197 0.519366 
vt 0.145197 0.519366 
vt 0.145197 0.519366 
vt 0.145197 0.519366 
vt 0.145197 0.519366 
vt 0.145197 0.519366 
vt 0.145197 0.519366 
vt 0.145197 0.519366 
vt 0.145197 0.519366 
vt 0.145197 0.519366 
vt 0.145197 0.519366 
vt 0.145197 0.519366 
vt 0.145197 0.519366 
vt 0.145197 0.519366 
vt 0.145197 0.519366 
vt 0.145197 0.519366 
vt 0.145197 0.519366 
vt 0.145197 0.519366 
vt 0.145197 0.519366 
vt 0.145197 0.519366 
vt 0.145197 0.519366 
vt 0.145197 0.519366 
vt 0.145197 0.519366 
vt 0.145197 0.519366 
vt 0.145197 0.519366 
vt 0.145197 0.519366 
vt 0.145197 0.519366 
vt 0.145197 0.519366 
vt 0.145197 0.519366 
vt 0.145197 0.519366 
vt 0.145197 0.519366 
vt 0.145197 0.519366 
vt 0.145197 0.519366 
vt 0.145197 0.519366 
vt 0.145197 0.519366 
vt 0.145197 0.519366 
vt 0.145197 0.519366 
vt 0.145197 0.519366 
vt 0.145197 0.519366 
vt 0.145197 0.519366 
vt 0.145197 0.519366 
vt 0.145197 0.519366 
vt 0.145197 0.519366 
vt 0.145197 0.519366 
vt 0.145197 0.519366 
vt 0.145197 0.519366 
vt 0.145197 0.519366 
vt 0.145197 0.519366 
vt 0.145197 0.519366 
vt 0.145197 0.519366 
vt 0.145197 0.519366 
vt 0.145197 0.519366 
vt 0.145197 0.519366 
vt 0.145197 0.519366 
vt 0.145197 0.519366 
vt 0.145197 0.519366 
vt 0.145197 0.519366 
vt 0.145197 0.519366 
vt 0.145197 0.519366 
vt 0.145197 0.519366 
vt 0.145197 0.519366 
vt 0.145197 0.519366 
vt 0.145197 0.519366 
vt 0.145197 0.519366 
vt 0.145197 0.519366 
vt 0.145197 0.519366 
vt 0.145197 0.519366 
vt 0.145197 0.519366 
vt 0.145197 0.519366 
vt 0.145197 0.519366 
vt 0.145197 0.519366 
vt 0.145197 0.519366 
vt 0.145197 0.519366 
vt 0.145197 0.519366 
vt 0.145197 0.519366 
vt 0.145197 0.519366 
vt 0.145197 0.519366 
vt 0.145197 0.519366 
vt 0.145197 0.519366 
vt 0.145197 0.519366 
vt 0.145197 0.519366 
vt 0.145197 0.519366 
vt 0.145197 0.519366 
vt 0.145197 0.519366 
vt 0.145197 0.519366 
vt 0.145197 0.519366 
vt 0.145197 0.519366 
vt 0.145197 0.519366 
vt 0.145197 0.519366 
vt 0.145197 0.519366 
vt 0.145197 0.519366 
vt 0.145197 0.519366 
vt 0.145197 0.519366 
vt 0.145197 0.519366 
vt 0.145197 0.519366 
vt 0.145197 0.519366 
vt 0.145197 0.519366 
vt 0.145197 0.519366 
vt 0.145197 0.519366 
vt 0.145197 0.519366 
vt 0.145197 0.519366 
vt 0.145197 0.519366 
vt 0.145197 0.519366 
vt 0.145197 0.519366 
vt 0.145197 0.519366 
vt 0.145197 0.519366 
vt 0.145197 0.519366 
vt 0.145197 0.519366 
vt 0.145197 0.519366 
vt 0.145197 0.519366 
vt 0.145197 0.519366 
vt 0.145197 0.519366 
vt 0.145197 0.519366 
vt 0.145197 0.519366 
vt 0.145197 0.519366 
vt 0.145197 0.519366 
vt 0.145197 0.519366 
vt 0.145197 0.519366 
vt 0.145197 0.519366 
vt 0.145197 0.519366 
vt 0.145197 0.519366 
vt 0.145197 0.519366 
vt 0.145197 0.519366 
vt 0.145197 0.519366 
vt 0.145197 0.519366 
vt 0.145197 0.519366 
vt 0.145197 0.519366 
vt 0.145197 0.519366 
vt 0.145197 0.519366 
vt 0.145197 0.519366 
vt 0.145197 0.519366 
vt 0.145197 0.519366 
vt 0.145197 0.519366 
vt 0.145197 0.519366 
vt 0.145197 0.519366 
vt 0.145197 0.519366 
vt 0.145197 0.519366 
vt 0.216065 0.0116107 
vt 0.234824 0.0017606 
vt 0.244081 0.0017606 
vt 0.228864 0.0116107 
vt 0.200162 0.0396614 
vt 0.215965 0.0396614 
vt 0.189536 0.0816423 
vt 0.207345 0.0816423 
vt 0.185805 0.131162 
vt 0.204319 0.131162 
vt 0.185805 0.389965 
vt 0.204319 0.389965 
vt 0.189536 0.439485 
vt 0.207345 0.439485 
vt 0.200162 0.481465 
vt 0.215965 0.481465 
vt 0.216065 0.509516 
vt 0.228864 0.509516 
vt 0.234824 0.519366 
vt 0.244081 0.519366 
vt 0.254546 0.0017606 
vt 0.243334 0.0116107 
vt 0.233829 0.0396614 
vt 0.227478 0.0816423 
vt 0.225248 0.131162 
vt 0.225248 0.389965 
vt 0.227478 0.439485 
vt 0.233829 0.481465 
vt 0.243334 0.509516 
vt 0.254546 0.519366 
vt 0.265901 0.0017606 
vt 0.259034 0.0116107 
vt 0.253214 0.0396614 
vt 0.249324 0.0816423 
vt 0.247959 0.131162 
vt 0.247959 0.389965 
vt 0.249324 0.439485 
vt 0.253214 0.481465 
vt 0.259034 0.509516 
vt 0.265901 0.519366 
vt 0.277801 0.0017606 
vt 0.275489 0.0116107 
vt 0.273529 0.0396614 
vt 0.272219 0.0816423 
vt 0.271759 0.131162 
vt 0.271759 0.389965 
vt 0.272219 0.439485 
vt 0.273529 0.481465 
vt 0.275489 0.509516 
vt 0.277801 0.519366 
vt 0.289885 0.0017606 
vt 0.292197 0.0116107 
vt 0.294157 0.0396614 
vt 0.295467 0.0816423 
vt 0.295927 0.131162 
vt 0.295927 0.389965 
vt 0.295467 0.439485 
vt 0.294157 0.481465 
vt 0.292197 0.509516 
vt 0.289885 0.519366 
vt 0.301785 0.0017606 
vt 0.308651 0.0116107 
vt 0.314472 0.0396614 
vt 0.318361 0.0816423 
vt 0.319727 0.131162 
vt 0.319727 0.389965 
vt 0.318361 0.439485 
vt 0.314472 0.481465 
vt 0.308651 0.509516 
vt 0.301785 0.519366 
vt 0.31314 0.0017606 
vt 0.324352 0.0116107 
vt 0.333856 0.0396614 
vt 0.340207 0.0816423 
vt 0.342437 0.131162 
vt 0.342437 0.389965 
vt 0.340207 0.439485 
vt 0.333856 0.481465 
vt 0.324352 0.509516 
vt 0.31314 0.519366 
vt 0.323605 0.0017606 
vt 0.338821 0.0116107 
vt 0.351721 0.0396614 
vt 0.36034 0.0816423 
vt 0.363367 0.131162 
vt 0.363367 0.389965 
vt 0.36034 0.439485 
vt 0.351721 0.481465 
vt 0.338821 0.509516 
vt 0.323605 0.519366 
vt 0.332862 0.0017606 
vt 0.35162 0.0116107 
vt 0.367523 0.0396614 
vt 0.378149 0.0816423 
vt 0.381881 0.131162 
vt 0.381881 0.389965 
vt 0.378149 0.439485 
vt 0.367523 0.481465 
vt 0.35162 0.509516 
vt 0.332862 0.519366 

usemtl Alreadypro1Mtl

f 3974/3974/3974 3975/3975/3975 3976/3976/3976 
f 3976/3976/3976 3977/3977/3977 3974/3974/3974 
f 3978/3978/3978 3974/3974/3974 3977/3977/3977 
f 3977/3977/3977 3979/3979/3979 3978/3978/3978 
f 3980/3980/3980 3978/3978/3978 3979/3979/3979 
f 3979/3979/3979 3981/3981/3981 3980/3980/3980 
f 3982/3982/3982 3980/3980/3980 3981/3981/3981 
f 3981/3981/3981 3983/3983/3983 3982/3982/3982 
f 3984/3984/3984 3982/3982/3982 3983/3983/3983 
f 3983/3983/3983 3985/3985/3985 3984/3984/3984 
f 3986/3986/3986 3984/3984/3984 3985/3985/3985 
f 3985/3985/3985 3987/3987/3987 3986/3986/3986 
f 3988/3988/3988 3986/3986/3986 3987/3987/3987 
f 3987/3987/3987 3989/3989/3989 3988/3988/3988 
f 3990/3990/3990 3988/3988/3988 3989/3989/3989 
f 3989/3989/3989 3991/3991/3991 3990/3990/3990 
f 3992/3992/3992 3990/3990/3990 3991/3991/3991 
f 3991/3991/3991 3993/3993/3993 3992/3992/3992 
f 3977/3977/3977 3976/3976/3976 3994/3994/3994 
f 3994/3994/3994 3995/3995/3995 3977/3977/3977 
f 3979/3979/3979 3977/3977/3977 3995/3995/3995 
f 3995/3995/3995 3996/3996/3996 3979/3979/3979 
f 3981/3981/3981 3979/3979/3979 3996/3996/3996 
f 3996/3996/3996 3997/3997/3997 3981/3981/3981 
f 3983/3983/3983 3981/3981/3981 3997/3997/3997 
f 3997/3997/3997 3998/3998/3998 3983/3983/3983 
f 3985/3985/3985 3983/3983/3983 3998/3998/3998 
f 3998/3998/3998 3999/3999/3999 3985/3985/3985 
f 3987/3987/3987 3985/3985/3985 3999/3999/3999 
f 3999/3999/3999 4000/4000/4000 3987/3987/3987 
f 3989/3989/3989 3987/3987/3987 4000/4000/4000 
f 4000/4000/4000 4001/4001/4001 3989/3989/3989 
f 3991/3991/3991 3989/3989/3989 4001/4001/4001 
f 4001/4001/4001 4002/4002/4002 3991/3991/3991 
f 3993/3993/3993 3991/3991/3991 4002/4002/4002 
f 4002/4002/4002 4003/4003/4003 3993/3993/3993 
f 3995/3995/3995 3994/3994/3994 4004/4004/4004 
f 4004/4004/4004 4005/4005/4005 3995/3995/3995 
f 3996/3996/3996 3995/3995/3995 4005/4005/4005 
f 4005/4005/4005 4006/4006/4006 3996/3996/3996 
f 3997/3997/3997 3996/3996/3996 4006/4006/4006 
f 4006/4006/4006 4007/4007/4007 3997/3997/3997 
f 3998/3998/3998 3997/3997/3997 4007/4007/4007 
f 4007/4007/4007 4008/4008/4008 3998/3998/3998 
f 3999/3999/3999 3998/3998/3998 4008/4008/4008 
f 4008/4008/4008 4009/4009/4009 3999/3999/3999 
f 4000/4000/4000 3999/3999/3999 4009/4009/4009 
f 4009/4009/4009 4010/4010/4010 4000/4000/4000 
f 4001/4001/4001 4000/4000/4000 4010/4010/4010 
f 4010/4010/4010 4011/4011/4011 4001/4001/4001 
f 4002/4002/4002 4001/4001/4001 4011/4011/4011 
f 4011/4011/4011 4012/4012/4012 4002/4002/4002 
f 4003/4003/4003 4002/4002/4002 4012/4012/4012 
f 4012/4012/4012 4013/4013/4013 4003/4003/4003 
f 4005/4005/4005 4004/4004/4004 4014/4014/4014 
f 4014/4014/4014 4015/4015/4015 4005/4005/4005 
f 4006/4006/4006 4005/4005/4005 4015/4015/4015 
f 4015/4015/4015 4016/4016/4016 4006/4006/4006 
f 4007/4007/4007 4006/4006/4006 4016/4016/4016 
f 4016/4016/4016 4017/4017/4017 4007/4007/4007 
f 4008/4008/4008 4007/4007/4007 4017/4017/4017 
f 4017/4017/4017 4018/4018/4018 4008/4008/4008 
f 4009/4009/4009 4008/4008/4008 4018/4018/4018 
f 4018/4018/4018 4019/4019/4019 4009/4009/4009 
f 4010/4010/4010 4009/4009/4009 4019/4019/4019 
f 4019/4019/4019 4020/4020/4020 4010/4010/4010 
f 4011/4011/4011 4010/4010/4010 4020/4020/4020 
f 4020/4020/4020 4021/4021/4021 4011/4011/4011 
f 4012/4012/4012 4011/4011/4011 4021/4021/4021 
f 4021/4021/4021 4022/4022/4022 4012/4012/4012 
f 4013/4013/4013 4012/4012/4012 4022/4022/4022 
f 4022/4022/4022 4023/4023/4023 4013/4013/4013 
f 4015/4015/4015 4014/4014/4014 4024/4024/4024 
f 4024/4024/4024 4025/4025/4025 4015/4015/4015 
f 4016/4016/4016 4015/4015/4015 4025/4025/4025 
f 4025/4025/4025 4026/4026/4026 4016/4016/4016 
f 4017/4017/4017 4016/4016/4016 4026/4026/4026 
f 4026/4026/4026 4027/4027/4027 4017/4017/4017 
f 4018/4018/4018 4017/4017/4017 4027/4027/4027 
f 4027/4027/4027 4028/4028/4028 4018/4018/4018 
f 4019/4019/4019 4018/4018/4018 4028/4028/4028 
f 4028/4028/4028 4029/4029/4029 4019/4019/4019 
f 4020/4020/4020 4019/4019/4019 4029/4029/4029 
f 4029/4029/4029 4030/4030/4030 4020/4020/4020 
f 4021/4021/4021 4020/4020/4020 4030/4030/4030 
f 4030/4030/4030 4031/4031/4031 4021/4021/4021 
f 4022/4022/4022 4021/4021/4021 4031/4031/4031 
f 4031/4031/4031 4032/4032/4032 4022/4022/4022 
f 4023/4023/4023 4022/4022/4022 4032/4032/4032 
f 4032/4032/4032 4033/4033/4033 4023/4023/4023 
f 4025/4025/4025 4024/4024/4024 4034/4034/4034 
f 4034/4034/4034 4035/4035/4035 4025/4025/4025 
f 4026/4026/4026 4025/4025/4025 4035/4035/4035 
f 4035/4035/4035 4036/4036/4036 4026/4026/4026 
f 4027/4027/4027 4026/4026/4026 4036/4036/4036 
f 4036/4036/4036 4037/4037/4037 4027/4027/4027 
f 4028/4028/4028 4027/4027/4027 4037/4037/4037 
f 4037/4037/4037 4038/4038/4038 4028/4028/4028 
f 4029/4029/4029 4028/4028/4028 4038/4038/4038 
f 4038/4038/4038 4039/4039/4039 4029/4029/4029 
f 4030/4030/4030 4029/4029/4029 4039/4039/4039 
f 4039/4039/4039 4040/4040/4040 4030/4030/4030 
f 4031/4031/4031 4030/4030/4030 4040/4040/4040 
f 4040/4040/4040 4041/4041/4041 4031/4031/4031 
f 4032/4032/4032 4031/4031/4031 4041/4041/4041 
f 4041/4041/4041 4042/4042/4042 4032/4032/4032 
f 4033/4033/4033 4032/4032/4032 4042/4042/4042 
f 4042/4042/4042 4043/4043/4043 4033/4033/4033 
f 4035/4035/4035 4034/4034/4034 4044/4044/4044 
f 4044/4044/4044 4045/4045/4045 4035/4035/4035 
f 4036/4036/4036 4035/4035/4035 4045/4045/4045 
f 4045/4045/4045 4046/4046/4046 4036/4036/4036 
f 4037/4037/4037 4036/4036/4036 4046/4046/4046 
f 4046/4046/4046 4047/4047/4047 4037/4037/4037 
f 4038/4038/4038 4037/4037/4037 4047/4047/4047 
f 4047/4047/4047 4048/4048/4048 4038/4038/4038 
f 4039/4039/4039 4038/4038/4038 4048/4048/4048 
f 4048/4048/4048 4049/4049/4049 4039/4039/4039 
f 4040/4040/4040 4039/4039/4039 4049/4049/4049 
f 4049/4049/4049 4050/4050/4050 4040/4040/4040 
f 4041/4041/4041 4040/4040/4040 4050/4050/4050 
f 4050/4050/4050 4051/4051/4051 4041/4041/4041 
f 4042/4042/4042 4041/4041/4041 4051/4051/4051 
f 4051/4051/4051 4052/4052/4052 4042/4042/4042 
f 4043/4043/4043 4042/4042/4042 4052/4052/4052 
f 4052/4052/4052 4053/4053/4053 4043/4043/4043 
f 4045/4045/4045 4044/4044/4044 4054/4054/4054 
f 4054/4054/4054 4055/4055/4055 4045/4045/4045 
f 4046/4046/4046 4045/4045/4045 4055/4055/4055 
f 4055/4055/4055 4056/4056/4056 4046/4046/4046 
f 4047/4047/4047 4046/4046/4046 4056/4056/4056 
f 4056/4056/4056 4057/4057/4057 4047/4047/4047 
f 4048/4048/4048 4047/4047/4047 4057/4057/4057 
f 4057/4057/4057 4058/4058/4058 4048/4048/4048 
f 4049/4049/4049 4048/4048/4048 4058/4058/4058 
f 4058/4058/4058 4059/4059/4059 4049/4049/4049 
f 4050/4050/4050 4049/4049/4049 4059/4059/4059 
f 4059/4059/4059 4060/4060/4060 4050/4050/4050 
f 4051/4051/4051 4050/4050/4050 4060/4060/4060 
f 4060/4060/4060 4061/4061/4061 4051/4051/4051 
f 4052/4052/4052 4051/4051/4051 4061/4061/4061 
f 4061/4061/4061 4062/4062/4062 4052/4052/4052 
f 4053/4053/4053 4052/4052/4052 4062/4062/4062 
f 4062/4062/4062 4063/4063/4063 4053/4053/4053 
f 4055/4055/4055 4054/4054/4054 4064/4064/4064 
f 4064/4064/4064 4065/4065/4065 4055/4055/4055 
f 4056/4056/4056 4055/4055/4055 4065/4065/4065 
f 4065/4065/4065 4066/4066/4066 4056/4056/4056 
f 4057/4057/4057 4056/4056/4056 4066/4066/4066 
f 4066/4066/4066 4067/4067/4067 4057/4057/4057 
f 4058/4058/4058 4057/4057/4057 4067/4067/4067 
f 4067/4067/4067 4068/4068/4068 4058/4058/4058 
f 4059/4059/4059 4058/4058/4058 4068/4068/4068 
f 4068/4068/4068 4069/4069/4069 4059/4059/4059 
f 4060/4060/4060 4059/4059/4059 4069/4069/4069 
f 4069/4069/4069 4070/4070/4070 4060/4060/4060 
f 4061/4061/4061 4060/4060/4060 4070/4070/4070 
f 4070/4070/4070 4071/4071/4071 4061/4061/4061 
f 4062/4062/4062 4061/4061/4061 4071/4071/4071 
f 4071/4071/4071 4072/4072/4072 4062/4062/4062 
f 4063/4063/4063 4062/4062/4062 4072/4072/4072 
f 4072/4072/4072 4073/4073/4073 4063/4063/4063 
f 4074/4074/4074 4075/4075/4075 4076/4076/4076 
f 4074/4074/4074 4076/4076/4076 4077/4077/4077 
f 4074/4074/4074 4077/4077/4077 4078/4078/4078 
f 4074/4074/4074 4078/4078/4078 4079/4079/4079 
f 4074/4074/4074 4079/4079/4079 4080/4080/4080 
f 4074/4074/4074 4080/4080/4080 4081/4081/4081 
f 4074/4074/4074 4081/4081/4081 4082/4082/4082 
f 4074/4074/4074 4082/4082/4082 4083/4083/4083 
f 4074/4074/4074 4083/4083/4083 4084/4084/4084 
f 4074/4074/4074 4084/4084/4084 4085/4085/4085 
f 4074/4074/4074 4085/4085/4085 4086/4086/4086 
f 4074/4074/4074 4086/4086/4086 4087/4087/4087 
f 4074/4074/4074 4087/4087/4087 4088/4088/4088 
f 4074/4074/4074 4088/4088/4088 4089/4089/4089 
f 4074/4074/4074 4089/4089/4089 4090/4090/4090 
f 4074/4074/4074 4090/4090/4090 4091/4091/4091 
f 4074/4074/4074 4091/4091/4091 4092/4092/4092 
f 4074/4074/4074 4092/4092/4092 4093/4093/4093 
f 4074/4074/4074 4093/4093/4093 4094/4094/4094 
f 4074/4074/4074 4094/4094/4094 4095/4095/4095 
f 4074/4074/4074 4095/4095/4095 4096/4096/4096 
f 4074/4074/4074 4096/4096/4096 4097/4097/4097 
f 4074/4074/4074 4097/4097/4097 4098/4098/4098 
f 4074/4074/4074 4098/4098/4098 4099/4099/4099 
f 4074/4074/4074 4099/4099/4099 4100/4100/4100 
f 4074/4074/4074 4100/4100/4100 4101/4101/4101 
f 4074/4074/4074 4101/4101/4101 4102/4102/4102 
f 4074/4074/4074 4102/4102/4102 4103/4103/4103 
f 4074/4074/4074 4103/4103/4103 4104/4104/4104 
f 4074/4074/4074 4104/4104/4104 4105/4105/4105 
f 4074/4074/4074 4105/4105/4105 4106/4106/4106 
f 4074/4074/4074 4106/4106/4106 4107/4107/4107 
f 4074/4074/4074 4107/4107/4107 4108/4108/4108 
f 4074/4074/4074 4108/4108/4108 4109/4109/4109 
f 4074/4074/4074 4109/4109/4109 4110/4110/4110 
f 4074/4074/4074 4110/4110/4110 4075/4075/4075 
f 4111/4111/4111 4112/4112/4112 4113/4113/4113 
f 4113/4113/4113 4114/4114/4114 4111/4111/4111 
f 4115/4115/4115 4111/4111/4111 4114/4114/4114 
f 4114/4114/4114 4116/4116/4116 4115/4115/4115 
f 4117/4117/4117 4115/4115/4115 4116/4116/4116 
f 4116/4116/4116 4118/4118/4118 4117/4117/4117 
f 4119/4119/4119 4117/4117/4117 4118/4118/4118 
f 4118/4118/4118 4120/4120/4120 4119/4119/4119 
f 4121/4121/4121 4119/4119/4119 4120/4120/4120 
f 4120/4120/4120 4122/4122/4122 4121/4121/4121 
f 4123/4123/4123 4121/4121/4121 4122/4122/4122 
f 4122/4122/4122 4124/4124/4124 4123/4123/4123 
f 4125/4125/4125 4123/4123/4123 4124/4124/4124 
f 4124/4124/4124 4126/4126/4126 4125/4125/4125 
f 4127/4127/4127 4125/4125/4125 4126/4126/4126 
f 4126/4126/4126 4128/4128/4128 4127/4127/4127 
f 4129/4129/4129 4127/4127/4127 4128/4128/4128 
f 4128/4128/4128 4130/4130/4130 4129/4129/4129 
f 4114/4114/4114 4113/4113/4113 4131/4131/4131 
f 4131/4131/4131 4132/4132/4132 4114/4114/4114 
f 4116/4116/4116 4114/4114/4114 4132/4132/4132 
f 4132/4132/4132 4133/4133/4133 4116/4116/4116 
f 4118/4118/4118 4116/4116/4116 4133/4133/4133 
f 4133/4133/4133 4134/4134/4134 4118/4118/4118 
f 4120/4120/4120 4118/4118/4118 4134/4134/4134 
f 4134/4134/4134 4135/4135/4135 4120/4120/4120 
f 4122/4122/4122 4120/4120/4120 4135/4135/4135 
f 4135/4135/4135 4136/4136/4136 4122/4122/4122 
f 4124/4124/4124 4122/4122/4122 4136/4136/4136 
f 4136/4136/4136 4137/4137/4137 4124/4124/4124 
f 4126/4126/4126 4124/4124/4124 4137/4137/4137 
f 4137/4137/4137 4138/4138/4138 4126/4126/4126 
f 4128/4128/4128 4126/4126/4126 4138/4138/4138 
f 4138/4138/4138 4139/4139/4139 4128/4128/4128 
f 4130/4130/4130 4128/4128/4128 4139/4139/4139 
f 4139/4139/4139 4140/4140/4140 4130/4130/4130 
f 4132/4132/4132 4131/4131/4131 4141/4141/4141 
f 4141/4141/4141 4142/4142/4142 4132/4132/4132 
f 4133/4133/4133 4132/4132/4132 4142/4142/4142 
f 4142/4142/4142 4143/4143/4143 4133/4133/4133 
f 4134/4134/4134 4133/4133/4133 4143/4143/4143 
f 4143/4143/4143 4144/4144/4144 4134/4134/4134 
f 4135/4135/4135 4134/4134/4134 4144/4144/4144 
f 4144/4144/4144 4145/4145/4145 4135/4135/4135 
f 4136/4136/4136 4135/4135/4135 4145/4145/4145 
f 4145/4145/4145 4146/4146/4146 4136/4136/4136 
f 4137/4137/4137 4136/4136/4136 4146/4146/4146 
f 4146/4146/4146 4147/4147/4147 4137/4137/4137 
f 4138/4138/4138 4137/4137/4137 4147/4147/4147 
f 4147/4147/4147 4148/4148/4148 4138/4138/4138 
f 4139/4139/4139 4138/4138/4138 4148/4148/4148 
f 4148/4148/4148 4149/4149/4149 4139/4139/4139 
f 4140/4140/4140 4139/4139/4139 4149/4149/4149 
f 4149/4149/4149 4150/4150/4150 4140/4140/4140 
f 4142/4142/4142 4141/4141/4141 4151/4151/4151 
f 4151/4151/4151 4152/4152/4152 4142/4142/4142 
f 4143/4143/4143 4142/4142/4142 4152/4152/4152 
f 4152/4152/4152 4153/4153/4153 4143/4143/4143 
f 4144/4144/4144 4143/4143/4143 4153/4153/4153 
f 4153/4153/4153 4154/4154/4154 4144/4144/4144 
f 4145/4145/4145 4144/4144/4144 4154/4154/4154 
f 4154/4154/4154 4155/4155/4155 4145/4145/4145 
f 4146/4146/4146 4145/4145/4145 4155/4155/4155 
f 4155/4155/4155 4156/4156/4156 4146/4146/4146 
f 4147/4147/4147 4146/4146/4146 4156/4156/4156 
f 4156/4156/4156 4157/4157/4157 4147/4147/4147 
f 4148/4148/4148 4147/4147/4147 4157/4157/4157 
f 4157/4157/4157 4158/4158/4158 4148/4148/4148 
f 4149/4149/4149 4148/4148/4148 4158/4158/4158 
f 4158/4158/4158 4159/4159/4159 4149/4149/4149 
f 4150/4150/4150 4149/4149/4149 4159/4159/4159 
f 4159/4159/4159 4160/4160/4160 4150/4150/4150 
f 4152/4152/4152 4151/4151/4151 4161/4161/4161 
f 4161/4161/4161 4162/4162/4162 4152/4152/4152 
f 4153/4153/4153 4152/4152/4152 4162/4162/4162 
f 4162/4162/4162 4163/4163/4163 4153/4153/4153 
f 4154/4154/4154 4153/4153/4153 4163/4163/4163 
f 4163/4163/4163 4164/4164/4164 4154/4154/4154 
f 4155/4155/4155 4154/4154/4154 4164/4164/4164 
f 4164/4164/4164 4165/4165/4165 4155/4155/4155 
f 4156/4156/4156 4155/4155/4155 4165/4165/4165 
f 4165/4165/4165 4166/4166/4166 4156/4156/4156 
f 4157/4157/4157 4156/4156/4156 4166/4166/4166 
f 4166/4166/4166 4167/4167/4167 4157/4157/4157 
f 4158/4158/4158 4157/4157/4157 4167/4167/4167 
f 4167/4167/4167 4168/4168/4168 4158/4158/4158 
f 4159/4159/4159 4158/4158/4158 4168/4168/4168 
f 4168/4168/4168 4169/4169/4169 4159/4159/4159 
f 4160/4160/4160 4159/4159/4159 4169/4169/4169 
f 4169/4169/4169 4170/4170/4170 4160/4160/4160 
f 4162/4162/4162 4161/4161/4161 4171/4171/4171 
f 4171/4171/4171 4172/4172/4172 4162/4162/4162 
f 4163/4163/4163 4162/4162/4162 4172/4172/4172 
f 4172/4172/4172 4173/4173/4173 4163/4163/4163 
f 4164/4164/4164 4163/4163/4163 4173/4173/4173 
f 4173/4173/4173 4174/4174/4174 4164/4164/4164 
f 4165/4165/4165 4164/4164/4164 4174/4174/4174 
f 4174/4174/4174 4175/4175/4175 4165/4165/4165 
f 4166/4166/4166 4165/4165/4165 4175/4175/4175 
f 4175/4175/4175 4176/4176/4176 4166/4166/4166 
f 4167/4167/4167 4166/4166/4166 4176/4176/4176 
f 4176/4176/4176 4177/4177/4177 4167/4167/4167 
f 4168/4168/4168 4167/4167/4167 4177/4177/4177 
f 4177/4177/4177 4178/4178/4178 4168/4168/4168 
f 4169/4169/4169 4168/4168/4168 4178/4178/4178 
f 4178/4178/4178 4179/4179/4179 4169/4169/4169 
f 4170/4170/4170 4169/4169/4169 4179/4179/4179 
f 4179/4179/4179 4180/4180/4180 4170/4170/4170 
f 4172/4172/4172 4171/4171/4171 4181/4181/4181 
f 4181/4181/4181 4182/4182/4182 4172/4172/4172 
f 4173/4173/4173 4172/4172/4172 4182/4182/4182 
f 4182/4182/4182 4183/4183/4183 4173/4173/4173 
f 4174/4174/4174 4173/4173/4173 4183/4183/4183 
f 4183/4183/4183 4184/4184/4184 4174/4174/4174 
f 4175/4175/4175 4174/4174/4174 4184/4184/4184 
f 4184/4184/4184 4185/4185/4185 4175/4175/4175 
f 4176/4176/4176 4175/4175/4175 4185/4185/4185 
f 4185/4185/4185 4186/4186/4186 4176/4176/4176 
f 4177/4177/4177 4176/4176/4176 4186/4186/4186 
f 4186/4186/4186 4187/4187/4187 4177/4177/4177 
f 4178/4178/4178 4177/4177/4177 4187/4187/4187 
f 4187/4187/4187 4188/4188/4188 4178/4178/4178 
f 4179/4179/4179 4178/4178/4178 4188/4188/4188 
f 4188/4188/4188 4189/4189/4189 4179/4179/4179 
f 4180/4180/4180 4179/4179/4179 4189/4189/4189 
f 4189/4189/4189 4190/4190/4190 4180/4180/4180 
f 4182/4182/4182 4181/4181/4181 4191/4191/4191 
f 4191/4191/4191 4192/4192/4192 4182/4182/4182 
f 4183/4183/4183 4182/4182/4182 4192/4192/4192 
f 4192/4192/4192 4193/4193/4193 4183/4183/4183 
f 4184/4184/4184 4183/4183/4183 4193/4193/4193 
f 4193/4193/4193 4194/4194/4194 4184/4184/4184 
f 4185/4185/4185 4184/4184/4184 4194/4194/4194 
f 4194/4194/4194 4195/4195/4195 4185/4185/4185 
f 4186/4186/4186 4185/4185/4185 4195/4195/4195 
f 4195/4195/4195 4196/4196/4196 4186/4186/4186 
f 4187/4187/4187 4186/4186/4186 4196/4196/4196 
f 4196/4196/4196 4197/4197/4197 4187/4187/4187 
f 4188/4188/4188 4187/4187/4187 4197/4197/4197 
f 4197/4197/4197 4198/4198/4198 4188/4188/4188 
f 4189/4189/4189 4188/4188/4188 4198/4198/4198 
f 4198/4198/4198 4199/4199/4199 4189/4189/4189 
f 4190/4190/4190 4189/4189/4189 4199/4199/4199 
f 4199/4199/4199 4200/4200/4200 4190/4190/4190 
f 4192/4192/4192 4191/4191/4191 3975/3975/3975 
f 3975/3975/3975 3974/3974/3974 4192/4192/4192 
f 4193/4193/4193 4192/4192/4192 3974/3974/3974 
f 3974/3974/3974 3978/3978/3978 4193/4193/4193 
f 4194/4194/4194 4193/4193/4193 3978/3978/3978 
f 3978/3978/3978 3980/3980/3980 4194/4194/4194 
f 4195/4195/4195 4194/4194/4194 3980/3980/3980 
f 3980/3980/3980 3982/3982/3982 4195/4195/4195 
f 4196/4196/4196 4195/4195/4195 3982/3982/3982 
f 3982/3982/3982 3984/3984/3984 4196/4196/4196 
f 4197/4197/4197 4196/4196/4196 3984/3984/3984 
f 3984/3984/3984 3986/3986/3986 4197/4197/4197 
f 4198/4198/4198 4197/4197/4197 3986/3986/3986 
f 3986/3986/3986 3988/3988/3988 4198/4198/4198 
f 4199/4199/4199 4198/4198/4198 3988/3988/3988 
f 3988/3988/3988 3990/3990/3990 4199/4199/4199 
f 4200/4200/4200 4199/4199/4199 3990/3990/3990 
f 3990/3990/3990 3992/3992/3992 4200/4200/4200 
f 4201/4201/4201 4202/4202/4202 4203/4203/4203 
f 4203/4203/4203 4204/4204/4204 4201/4201/4201 
f 4205/4205/4205 4201/4201/4201 4204/4204/4204 
f 4204/4204/4204 4206/4206/4206 4205/4205/4205 
f 4207/4207/4207 4205/4205/4205 4206/4206/4206 
f 4206/4206/4206 4208/4208/4208 4207/4207/4207 
f 4209/4209/4209 4207/4207/4207 4208/4208/4208 
f 4208/4208/4208 4210/4210/4210 4209/4209/4209 
f 4211/4211/4211 4209/4209/4209 4210/4210/4210 
f 4210/4210/4210 4212/4212/4212 4211/4211/4211 
f 4213/4213/4213 4211/4211/4211 4212/4212/4212 
f 4212/4212/4212 4214/4214/4214 4213/4213/4213 
f 4215/4215/4215 4213/4213/4213 4214/4214/4214 
f 4214/4214/4214 4216/4216/4216 4215/4215/4215 
f 4217/4217/4217 4215/4215/4215 4216/4216/4216 
f 4216/4216/4216 4218/4218/4218 4217/4217/4217 
f 4219/4219/4219 4217/4217/4217 4218/4218/4218 
f 4218/4218/4218 4220/4220/4220 4219/4219/4219 
f 4204/4204/4204 4203/4203/4203 4221/4221/4221 
f 4221/4221/4221 4222/4222/4222 4204/4204/4204 
f 4206/4206/4206 4204/4204/4204 4222/4222/4222 
f 4222/4222/4222 4223/4223/4223 4206/4206/4206 
f 4208/4208/4208 4206/4206/4206 4223/4223/4223 
f 4223/4223/4223 4224/4224/4224 4208/4208/4208 
f 4210/4210/4210 4208/4208/4208 4224/4224/4224 
f 4224/4224/4224 4225/4225/4225 4210/4210/4210 
f 4212/4212/4212 4210/4210/4210 4225/4225/4225 
f 4225/4225/4225 4226/4226/4226 4212/4212/4212 
f 4214/4214/4214 4212/4212/4212 4226/4226/4226 
f 4226/4226/4226 4227/4227/4227 4214/4214/4214 
f 4216/4216/4216 4214/4214/4214 4227/4227/4227 
f 4227/4227/4227 4228/4228/4228 4216/4216/4216 
f 4218/4218/4218 4216/4216/4216 4228/4228/4228 
f 4228/4228/4228 4229/4229/4229 4218/4218/4218 
f 4220/4220/4220 4218/4218/4218 4229/4229/4229 
f 4229/4229/4229 4230/4230/4230 4220/4220/4220 
f 4222/4222/4222 4221/4221/4221 4231/4231/4231 
f 4231/4231/4231 4232/4232/4232 4222/4222/4222 
f 4223/4223/4223 4222/4222/4222 4232/4232/4232 
f 4232/4232/4232 4233/4233/4233 4223/4223/4223 
f 4224/4224/4224 4223/4223/4223 4233/4233/4233 
f 4233/4233/4233 4234/4234/4234 4224/4224/4224 
f 4225/4225/4225 4224/4224/4224 4234/4234/4234 
f 4234/4234/4234 4235/4235/4235 4225/4225/4225 
f 4226/4226/4226 4225/4225/4225 4235/4235/4235 
f 4235/4235/4235 4236/4236/4236 4226/4226/4226 
f 4227/4227/4227 4226/4226/4226 4236/4236/4236 
f 4236/4236/4236 4237/4237/4237 4227/4227/4227 
f 4228/4228/4228 4227/4227/4227 4237/4237/4237 
f 4237/4237/4237 4238/4238/4238 4228/4228/4228 
f 4229/4229/4229 4228/4228/4228 4238/4238/4238 
f 4238/4238/4238 4239/4239/4239 4229/4229/4229 
f 4230/4230/4230 4229/4229/4229 4239/4239/4239 
f 4239/4239/4239 4240/4240/4240 4230/4230/4230 
f 4232/4232/4232 4231/4231/4231 4241/4241/4241 
f 4241/4241/4241 4242/4242/4242 4232/4232/4232 
f 4233/4233/4233 4232/4232/4232 4242/4242/4242 
f 4242/4242/4242 4243/4243/4243 4233/4233/4233 
f 4234/4234/4234 4233/4233/4233 4243/4243/4243 
f 4243/4243/4243 4244/4244/4244 4234/4234/4234 
f 4235/4235/4235 4234/4234/4234 4244/4244/4244 
f 4244/4244/4244 4245/4245/4245 4235/4235/4235 
f 4236/4236/4236 4235/4235/4235 4245/4245/4245 
f 4245/4245/4245 4246/4246/4246 4236/4236/4236 
f 4237/4237/4237 4236/4236/4236 4246/4246/4246 
f 4246/4246/4246 4247/4247/4247 4237/4237/4237 
f 4238/4238/4238 4237/4237/4237 4247/4247/4247 
f 4247/4247/4247 4248/4248/4248 4238/4238/4238 
f 4239/4239/4239 4238/4238/4238 4248/4248/4248 
f 4248/4248/4248 4249/4249/4249 4239/4239/4239 
f 4240/4240/4240 4239/4239/4239 4249/4249/4249 
f 4249/4249/4249 4250/4250/4250 4240/4240/4240 
f 4242/4242/4242 4241/4241/4241 4251/4251/4251 
f 4251/4251/4251 4252/4252/4252 4242/4242/4242 
f 4243/4243/4243 4242/4242/4242 4252/4252/4252 
f 4252/4252/4252 4253/4253/4253 4243/4243/4243 
f 4244/4244/4244 4243/4243/4243 4253/4253/4253 
f 4253/4253/4253 4254/4254/4254 4244/4244/4244 
f 4245/4245/4245 4244/4244/4244 4254/4254/4254 
f 4254/4254/4254 4255/4255/4255 4245/4245/4245 
f 4246/4246/4246 4245/4245/4245 4255/4255/4255 
f 4255/4255/4255 4256/4256/4256 4246/4246/4246 
f 4247/4247/4247 4246/4246/4246 4256/4256/4256 
f 4256/4256/4256 4257/4257/4257 4247/4247/4247 
f 4248/4248/4248 4247/4247/4247 4257/4257/4257 
f 4257/4257/4257 4258/4258/4258 4248/4248/4248 
f 4249/4249/4249 4248/4248/4248 4258/4258/4258 
f 4258/4258/4258 4259/4259/4259 4249/4249/4249 
f 4250/4250/4250 4249/4249/4249 4259/4259/4259 
f 4259/4259/4259 4260/4260/4260 4250/4250/4250 
f 4252/4252/4252 4251/4251/4251 4261/4261/4261 
f 4261/4261/4261 4262/4262/4262 4252/4252/4252 
f 4253/4253/4253 4252/4252/4252 4262/4262/4262 
f 4262/4262/4262 4263/4263/4263 4253/4253/4253 
f 4254/4254/4254 4253/4253/4253 4263/4263/4263 
f 4263/4263/4263 4264/4264/4264 4254/4254/4254 
f 4255/4255/4255 4254/4254/4254 4264/4264/4264 
f 4264/4264/4264 4265/4265/4265 4255/4255/4255 
f 4256/4256/4256 4255/4255/4255 4265/4265/4265 
f 4265/4265/4265 4266/4266/4266 4256/4256/4256 
f 4257/4257/4257 4256/4256/4256 4266/4266/4266 
f 4266/4266/4266 4267/4267/4267 4257/4257/4257 
f 4258/4258/4258 4257/4257/4257 4267/4267/4267 
f 4267/4267/4267 4268/4268/4268 4258/4258/4258 
f 4259/4259/4259 4258/4258/4258 4268/4268/4268 
f 4268/4268/4268 4269/4269/4269 4259/4259/4259 
f 4260/4260/4260 4259/4259/4259 4269/4269/4269 
f 4269/4269/4269 4270/4270/4270 4260/4260/4260 
f 4262/4262/4262 4261/4261/4261 4271/4271/4271 
f 4271/4271/4271 4272/4272/4272 4262/4262/4262 
f 4263/4263/4263 4262/4262/4262 4272/4272/4272 
f 4272/4272/4272 4273/4273/4273 4263/4263/4263 
f 4264/4264/4264 4263/4263/4263 4273/4273/4273 
f 4273/4273/4273 4274/4274/4274 4264/4264/4264 
f 4265/4265/4265 4264/4264/4264 4274/4274/4274 
f 4274/4274/4274 4275/4275/4275 4265/4265/4265 
f 4266/4266/4266 4265/4265/4265 4275/4275/4275 
f 4275/4275/4275 4276/4276/4276 4266/4266/4266 
f 4267/4267/4267 4266/4266/4266 4276/4276/4276 
f 4276/4276/4276 4277/4277/4277 4267/4267/4267 
f 4268/4268/4268 4267/4267/4267 4277/4277/4277 
f 4277/4277/4277 4278/4278/4278 4268/4268/4268 
f 4269/4269/4269 4268/4268/4268 4278/4278/4278 
f 4278/4278/4278 4279/4279/4279 4269/4269/4269 
f 4270/4270/4270 4269/4269/4269 4279/4279/4279 
f 4279/4279/4279 4280/4280/4280 4270/4270/4270 
f 4272/4272/4272 4271/4271/4271 4281/4281/4281 
f 4281/4281/4281 4282/4282/4282 4272/4272/4272 
f 4273/4273/4273 4272/4272/4272 4282/4282/4282 
f 4282/4282/4282 4283/4283/4283 4273/4273/4273 
f 4274/4274/4274 4273/4273/4273 4283/4283/4283 
f 4283/4283/4283 4284/4284/4284 4274/4274/4274 
f 4275/4275/4275 4274/4274/4274 4284/4284/4284 
f 4284/4284/4284 4285/4285/4285 4275/4275/4275 
f 4276/4276/4276 4275/4275/4275 4285/4285/4285 
f 4285/4285/4285 4286/4286/4286 4276/4276/4276 
f 4277/4277/4277 4276/4276/4276 4286/4286/4286 
f 4286/4286/4286 4287/4287/4287 4277/4277/4277 
f 4278/4278/4278 4277/4277/4277 4287/4287/4287 
f 4287/4287/4287 4288/4288/4288 4278/4278/4278 
f 4279/4279/4279 4278/4278/4278 4288/4288/4288 
f 4288/4288/4288 4289/4289/4289 4279/4279/4279 
f 4280/4280/4280 4279/4279/4279 4289/4289/4289 
f 4289/4289/4289 4290/4290/4290 4280/4280/4280 
f 4282/4282/4282 4281/4281/4281 4112/4112/4112 
f 4112/4112/4112 4111/4111/4111 4282/4282/4282 
f 4283/4283/4283 4282/4282/4282 4111/4111/4111 
f 4111/4111/4111 4115/4115/4115 4283/4283/4283 
f 4284/4284/4284 4283/4283/4283 4115/4115/4115 
f 4115/4115/4115 4117/4117/4117 4284/4284/4284 
f 4285/4285/4285 4284/4284/4284 4117/4117/4117 
f 4117/4117/4117 4119/4119/4119 4285/4285/4285 
f 4286/4286/4286 4285/4285/4285 4119/4119/4119 
f 4119/4119/4119 4121/4121/4121 4286/4286/4286 
f 4287/4287/4287 4286/4286/4286 4121/4121/4121 
f 4121/4121/4121 4123/4123/4123 4287/4287/4287 
f 4288/4288/4288 4287/4287/4287 4123/4123/4123 
f 4123/4123/4123 4125/4125/4125 4288/4288/4288 
f 4289/4289/4289 4288/4288/4288 4125/4125/4125 
f 4125/4125/4125 4127/4127/4127 4289/4289/4289 
f 4290/4290/4290 4289/4289/4289 4127/4127/4127 
f 4127/4127/4127 4129/4129/4129 4290/4290/4290 
f 4291/4291/4291 4292/4292/4292 4293/4293/4293 
f 4293/4293/4293 4294/4294/4294 4291/4291/4291 
f 4295/4295/4295 4291/4291/4291 4294/4294/4294 
f 4294/4294/4294 4296/4296/4296 4295/4295/4295 
f 4297/4297/4297 4295/4295/4295 4296/4296/4296 
f 4296/4296/4296 4298/4298/4298 4297/4297/4297 
f 4299/4299/4299 4297/4297/4297 4298/4298/4298 
f 4298/4298/4298 4300/4300/4300 4299/4299/4299 
f 4301/4301/4301 4299/4299/4299 4300/4300/4300 
f 4300/4300/4300 4302/4302/4302 4301/4301/4301 
f 4303/4303/4303 4301/4301/4301 4302/4302/4302 
f 4302/4302/4302 4304/4304/4304 4303/4303/4303 
f 4305/4305/4305 4303/4303/4303 4304/4304/4304 
f 4304/4304/4304 4306/4306/4306 4305/4305/4305 
f 4307/4307/4307 4305/4305/4305 4306/4306/4306 
f 4306/4306/4306 4308/4308/4308 4307/4307/4307 
f 4309/4309/4309 4307/4307/4307 4308/4308/4308 
f 4308/4308/4308 4310/4310/4310 4309/4309/4309 
f 4294/4294/4294 4293/4293/4293 4311/4311/4311 
f 4311/4311/4311 4312/4312/4312 4294/4294/4294 
f 4296/4296/4296 4294/4294/4294 4312/4312/4312 
f 4312/4312/4312 4313/4313/4313 4296/4296/4296 
f 4298/4298/4298 4296/4296/4296 4313/4313/4313 
f 4313/4313/4313 4314/4314/4314 4298/4298/4298 
f 4300/4300/4300 4298/4298/4298 4314/4314/4314 
f 4314/4314/4314 4315/4315/4315 4300/4300/4300 
f 4302/4302/4302 4300/4300/4300 4315/4315/4315 
f 4315/4315/4315 4316/4316/4316 4302/4302/4302 
f 4304/4304/4304 4302/4302/4302 4316/4316/4316 
f 4316/4316/4316 4317/4317/4317 4304/4304/4304 
f 4306/4306/4306 4304/4304/4304 4317/4317/4317 
f 4317/4317/4317 4318/4318/4318 4306/4306/4306 
f 4308/4308/4308 4306/4306/4306 4318/4318/4318 
f 4318/4318/4318 4319/4319/4319 4308/4308/4308 
f 4310/4310/4310 4308/4308/4308 4319/4319/4319 
f 4319/4319/4319 4320/4320/4320 4310/4310/4310 
f 4312/4312/4312 4311/4311/4311 4321/4321/4321 
f 4321/4321/4321 4322/4322/4322 4312/4312/4312 
f 4313/4313/4313 4312/4312/4312 4322/4322/4322 
f 4322/4322/4322 4323/4323/4323 4313/4313/4313 
f 4314/4314/4314 4313/4313/4313 4323/4323/4323 
f 4323/4323/4323 4324/4324/4324 4314/4314/4314 
f 4315/4315/4315 4314/4314/4314 4324/4324/4324 
f 4324/4324/4324 4325/4325/4325 4315/4315/4315 
f 4316/4316/4316 4315/4315/4315 4325/4325/4325 
f 4325/4325/4325 4326/4326/4326 4316/4316/4316 
f 4317/4317/4317 4316/4316/4316 4326/4326/4326 
f 4326/4326/4326 4327/4327/4327 4317/4317/4317 
f 4318/4318/4318 4317/4317/4317 4327/4327/4327 
f 4327/4327/4327 4328/4328/4328 4318/4318/4318 
f 4319/4319/4319 4318/4318/4318 4328/4328/4328 
f 4328/4328/4328 4329/4329/4329 4319/4319/4319 
f 4320/4320/4320 4319/4319/4319 4329/4329/4329 
f 4329/4329/4329 4330/4330/4330 4320/4320/4320 
f 4322/4322/4322 4321/4321/4321 4331/4331/4331 
f 4331/4331/4331 4332/4332/4332 4322/4322/4322 
f 4323/4323/4323 4322/4322/4322 4332/4332/4332 
f 4332/4332/4332 4333/4333/4333 4323/4323/4323 
f 4324/4324/4324 4323/4323/4323 4333/4333/4333 
f 4333/4333/4333 4334/4334/4334 4324/4324/4324 
f 4325/4325/4325 4324/4324/4324 4334/4334/4334 
f 4334/4334/4334 4335/4335/4335 4325/4325/4325 
f 4326/4326/4326 4325/4325/4325 4335/4335/4335 
f 4335/4335/4335 4336/4336/4336 4326/4326/4326 
f 4327/4327/4327 4326/4326/4326 4336/4336/4336 
f 4336/4336/4336 4337/4337/4337 4327/4327/4327 
f 4328/4328/4328 4327/4327/4327 4337/4337/4337 
f 4337/4337/4337 4338/4338/4338 4328/4328/4328 
f 4329/4329/4329 4328/4328/4328 4338/4338/4338 
f 4338/4338/4338 4339/4339/4339 4329/4329/4329 
f 4330/4330/4330 4329/4329/4329 4339/4339/4339 
f 4339/4339/4339 4340/4340/4340 4330/4330/4330 
f 4332/4332/4332 4331/4331/4331 4341/4341/4341 
f 4341/4341/4341 4342/4342/4342 4332/4332/4332 
f 4333/4333/4333 4332/4332/4332 4342/4342/4342 
f 4342/4342/4342 4343/4343/4343 4333/4333/4333 
f 4334/4334/4334 4333/4333/4333 4343/4343/4343 
f 4343/4343/4343 4344/4344/4344 4334/4334/4334 
f 4335/4335/4335 4334/4334/4334 4344/4344/4344 
f 4344/4344/4344 4345/4345/4345 4335/4335/4335 
f 4336/4336/4336 4335/4335/4335 4345/4345/4345 
f 4345/4345/4345 4346/4346/4346 4336/4336/4336 
f 4337/4337/4337 4336/4336/4336 4346/4346/4346 
f 4346/4346/4346 4347/4347/4347 4337/4337/4337 
f 4338/4338/4338 4337/4337/4337 4347/4347/4347 
f 4347/4347/4347 4348/4348/4348 4338/4338/4338 
f 4339/4339/4339 4338/4338/4338 4348/4348/4348 
f 4348/4348/4348 4349/4349/4349 4339/4339/4339 
f 4340/4340/4340 4339/4339/4339 4349/4349/4349 
f 4349/4349/4349 4350/4350/4350 4340/4340/4340 
f 4342/4342/4342 4341/4341/4341 4351/4351/4351 
f 4351/4351/4351 4352/4352/4352 4342/4342/4342 
f 4343/4343/4343 4342/4342/4342 4352/4352/4352 
f 4352/4352/4352 4353/4353/4353 4343/4343/4343 
f 4344/4344/4344 4343/4343/4343 4353/4353/4353 
f 4353/4353/4353 4354/4354/4354 4344/4344/4344 
f 4345/4345/4345 4344/4344/4344 4354/4354/4354 
f 4354/4354/4354 4355/4355/4355 4345/4345/4345 
f 4346/4346/4346 4345/4345/4345 4355/4355/4355 
f 4355/4355/4355 4356/4356/4356 4346/4346/4346 
f 4347/4347/4347 4346/4346/4346 4356/4356/4356 
f 4356/4356/4356 4357/4357/4357 4347/4347/4347 
f 4348/4348/4348 4347/4347/4347 4357/4357/4357 
f 4357/4357/4357 4358/4358/4358 4348/4348/4348 
f 4349/4349/4349 4348/4348/4348 4358/4358/4358 
f 4358/4358/4358 4359/4359/4359 4349/4349/4349 
f 4350/4350/4350 4349/4349/4349 4359/4359/4359 
f 4359/4359/4359 4360/4360/4360 4350/4350/4350 
f 4352/4352/4352 4351/4351/4351 4361/4361/4361 
f 4361/4361/4361 4362/4362/4362 4352/4352/4352 
f 4353/4353/4353 4352/4352/4352 4362/4362/4362 
f 4362/4362/4362 4363/4363/4363 4353/4353/4353 
f 4354/4354/4354 4353/4353/4353 4363/4363/4363 
f 4363/4363/4363 4364/4364/4364 4354/4354/4354 
f 4355/4355/4355 4354/4354/4354 4364/4364/4364 
f 4364/4364/4364 4365/4365/4365 4355/4355/4355 
f 4356/4356/4356 4355/4355/4355 4365/4365/4365 
f 4365/4365/4365 4366/4366/4366 4356/4356/4356 
f 4357/4357/4357 4356/4356/4356 4366/4366/4366 
f 4366/4366/4366 4367/4367/4367 4357/4357/4357 
f 4358/4358/4358 4357/4357/4357 4367/4367/4367 
f 4367/4367/4367 4368/4368/4368 4358/4358/4358 
f 4359/4359/4359 4358/4358/4358 4368/4368/4368 
f 4368/4368/4368 4369/4369/4369 4359/4359/4359 
f 4360/4360/4360 4359/4359/4359 4369/4369/4369 
f 4369/4369/4369 4370/4370/4370 4360/4360/4360 
f 4362/4362/4362 4361/4361/4361 4371/4371/4371 
f 4371/4371/4371 4372/4372/4372 4362/4362/4362 
f 4363/4363/4363 4362/4362/4362 4372/4372/4372 
f 4372/4372/4372 4373/4373/4373 4363/4363/4363 
f 4364/4364/4364 4363/4363/4363 4373/4373/4373 
f 4373/4373/4373 4374/4374/4374 4364/4364/4364 
f 4365/4365/4365 4364/4364/4364 4374/4374/4374 
f 4374/4374/4374 4375/4375/4375 4365/4365/4365 
f 4366/4366/4366 4365/4365/4365 4375/4375/4375 
f 4375/4375/4375 4376/4376/4376 4366/4366/4366 
f 4367/4367/4367 4366/4366/4366 4376/4376/4376 
f 4376/4376/4376 4377/4377/4377 4367/4367/4367 
f 4368/4368/4368 4367/4367/4367 4377/4377/4377 
f 4377/4377/4377 4378/4378/4378 4368/4368/4368 
f 4369/4369/4369 4368/4368/4368 4378/4378/4378 
f 4378/4378/4378 4379/4379/4379 4369/4369/4369 
f 4370/4370/4370 4369/4369/4369 4379/4379/4379 
f 4379/4379/4379 4380/4380/4380 4370/4370/4370 
f 4372/4372/4372 4371/4371/4371 4381/4381/4381 
f 4381/4381/4381 4382/4382/4382 4372/4372/4372 
f 4373/4373/4373 4372/4372/4372 4382/4382/4382 
f 4382/4382/4382 4383/4383/4383 4373/4373/4373 
f 4374/4374/4374 4373/4373/4373 4383/4383/4383 
f 4383/4383/4383 4384/4384/4384 4374/4374/4374 
f 4375/4375/4375 4374/4374/4374 4384/4384/4384 
f 4384/4384/4384 4385/4385/4385 4375/4375/4375 
f 4376/4376/4376 4375/4375/4375 4385/4385/4385 
f 4385/4385/4385 4386/4386/4386 4376/4376/4376 
f 4377/4377/4377 4376/4376/4376 4386/4386/4386 
f 4386/4386/4386 4387/4387/4387 4377/4377/4377 
f 4378/4378/4378 4377/4377/4377 4387/4387/4387 
f 4387/4387/4387 4388/4388/4388 4378/4378/4378 
f 4379/4379/4379 4378/4378/4378 4388/4388/4388 
f 4388/4388/4388 4389/4389/4389 4379/4379/4379 
f 4380/4380/4380 4379/4379/4379 4389/4389/4389 
f 4389/4389/4389 4390/4390/4390 4380/4380/4380 
f 4391/4391/4391 4392/4392/4392 4393/4393/4393 
f 4393/4393/4393 4394/4394/4394 4391/4391/4391 
f 4395/4395/4395 4391/4391/4391 4394/4394/4394 
f 4394/4394/4394 4396/4396/4396 4395/4395/4395 
f 4397/4397/4397 4395/4395/4395 4396/4396/4396 
f 4396/4396/4396 4398/4398/4398 4397/4397/4397 
f 4399/4399/4399 4397/4397/4397 4398/4398/4398 
f 4398/4398/4398 4400/4400/4400 4399/4399/4399 
f 4401/4401/4401 4399/4399/4399 4400/4400/4400 
f 4400/4400/4400 4402/4402/4402 4401/4401/4401 
f 4403/4403/4403 4401/4401/4401 4402/4402/4402 
f 4402/4402/4402 4404/4404/4404 4403/4403/4403 
f 4405/4405/4405 4403/4403/4403 4404/4404/4404 
f 4404/4404/4404 4406/4406/4406 4405/4405/4405 
f 4407/4407/4407 4405/4405/4405 4406/4406/4406 
f 4406/4406/4406 4408/4408/4408 4407/4407/4407 
f 4409/4409/4409 4407/4407/4407 4408/4408/4408 
f 4408/4408/4408 4410/4410/4410 4409/4409/4409 
f 4394/4394/4394 4393/4393/4393 4411/4411/4411 
f 4411/4411/4411 4412/4412/4412 4394/4394/4394 
f 4396/4396/4396 4394/4394/4394 4412/4412/4412 
f 4412/4412/4412 4413/4413/4413 4396/4396/4396 
f 4398/4398/4398 4396/4396/4396 4413/4413/4413 
f 4413/4413/4413 4414/4414/4414 4398/4398/4398 
f 4400/4400/4400 4398/4398/4398 4414/4414/4414 
f 4414/4414/4414 4415/4415/4415 4400/4400/4400 
f 4402/4402/4402 4400/4400/4400 4415/4415/4415 
f 4415/4415/4415 4416/4416/4416 4402/4402/4402 
f 4404/4404/4404 4402/4402/4402 4416/4416/4416 
f 4416/4416/4416 4417/4417/4417 4404/4404/4404 
f 4406/4406/4406 4404/4404/4404 4417/4417/4417 
f 4417/4417/4417 4418/4418/4418 4406/4406/4406 
f 4408/4408/4408 4406/4406/4406 4418/4418/4418 
f 4418/4418/4418 4419/4419/4419 4408/4408/4408 
f 4410/4410/4410 4408/4408/4408 4419/4419/4419 
f 4419/4419/4419 4420/4420/4420 4410/4410/4410 
f 4412/4412/4412 4411/4411/4411 4421/4421/4421 
f 4421/4421/4421 4422/4422/4422 4412/4412/4412 
f 4413/4413/4413 4412/4412/4412 4422/4422/4422 
f 4422/4422/4422 4423/4423/4423 4413/4413/4413 
f 4414/4414/4414 4413/4413/4413 4423/4423/4423 
f 4423/4423/4423 4424/4424/4424 4414/4414/4414 
f 4415/4415/4415 4414/4414/4414 4424/4424/4424 
f 4424/4424/4424 4425/4425/4425 4415/4415/4415 
f 4416/4416/4416 4415/4415/4415 4425/4425/4425 
f 4425/4425/4425 4426/4426/4426 4416/4416/4416 
f 4417/4417/4417 4416/4416/4416 4426/4426/4426 
f 4426/4426/4426 4427/4427/4427 4417/4417/4417 
f 4418/4418/4418 4417/4417/4417 4427/4427/4427 
f 4427/4427/4427 4428/4428/4428 4418/4418/4418 
f 4419/4419/4419 4418/4418/4418 4428/4428/4428 
f 4428/4428/4428 4429/4429/4429 4419/4419/4419 
f 4420/4420/4420 4419/4419/4419 4429/4429/4429 
f 4429/4429/4429 4430/4430/4430 4420/4420/4420 
f 4422/4422/4422 4421/4421/4421 4431/4431/4431 
f 4431/4431/4431 4432/4432/4432 4422/4422/4422 
f 4423/4423/4423 4422/4422/4422 4432/4432/4432 
f 4432/4432/4432 4433/4433/4433 4423/4423/4423 
f 4424/4424/4424 4423/4423/4423 4433/4433/4433 
f 4433/4433/4433 4434/4434/4434 4424/4424/4424 
f 4425/4425/4425 4424/4424/4424 4434/4434/4434 
f 4434/4434/4434 4435/4435/4435 4425/4425/4425 
f 4426/4426/4426 4425/4425/4425 4435/4435/4435 
f 4435/4435/4435 4436/4436/4436 4426/4426/4426 
f 4427/4427/4427 4426/4426/4426 4436/4436/4436 
f 4436/4436/4436 4437/4437/4437 4427/4427/4427 
f 4428/4428/4428 4427/4427/4427 4437/4437/4437 
f 4437/4437/4437 4438/4438/4438 4428/4428/4428 
f 4429/4429/4429 4428/4428/4428 4438/4438/4438 
f 4438/4438/4438 4439/4439/4439 4429/4429/4429 
f 4430/4430/4430 4429/4429/4429 4439/4439/4439 
f 4439/4439/4439 4440/4440/4440 4430/4430/4430 
f 4432/4432/4432 4431/4431/4431 4441/4441/4441 
f 4441/4441/4441 4442/4442/4442 4432/4432/4432 
f 4433/4433/4433 4432/4432/4432 4442/4442/4442 
f 4442/4442/4442 4443/4443/4443 4433/4433/4433 
f 4434/4434/4434 4433/4433/4433 4443/4443/4443 
f 4443/4443/4443 4444/4444/4444 4434/4434/4434 
f 4435/4435/4435 4434/4434/4434 4444/4444/4444 
f 4444/4444/4444 4445/4445/4445 4435/4435/4435 
f 4436/4436/4436 4435/4435/4435 4445/4445/4445 
f 4445/4445/4445 4446/4446/4446 4436/4436/4436 
f 4437/4437/4437 4436/4436/4436 4446/4446/4446 
f 4446/4446/4446 4447/4447/4447 4437/4437/4437 
f 4438/4438/4438 4437/4437/4437 4447/4447/4447 
f 4447/4447/4447 4448/4448/4448 4438/4438/4438 
f 4439/4439/4439 4438/4438/4438 4448/4448/4448 
f 4448/4448/4448 4449/4449/4449 4439/4439/4439 
f 4440/4440/4440 4439/4439/4439 4449/4449/4449 
f 4449/4449/4449 4450/4450/4450 4440/4440/4440 
f 4442/4442/4442 4441/4441/4441 4451/4451/4451 
f 4451/4451/4451 4452/4452/4452 4442/4442/4442 
f 4443/4443/4443 4442/4442/4442 4452/4452/4452 
f 4452/4452/4452 4453/4453/4453 4443/4443/4443 
f 4444/4444/4444 4443/4443/4443 4453/4453/4453 
f 4453/4453/4453 4454/4454/4454 4444/4444/4444 
f 4445/4445/4445 4444/4444/4444 4454/4454/4454 
f 4454/4454/4454 4455/4455/4455 4445/4445/4445 
f 4446/4446/4446 4445/4445/4445 4455/4455/4455 
f 4455/4455/4455 4456/4456/4456 4446/4446/4446 
f 4447/4447/4447 4446/4446/4446 4456/4456/4456 
f 4456/4456/4456 4457/4457/4457 4447/4447/4447 
f 4448/4448/4448 4447/4447/4447 4457/4457/4457 
f 4457/4457/4457 4458/4458/4458 4448/4448/4448 
f 4449/4449/4449 4448/4448/4448 4458/4458/4458 
f 4458/4458/4458 4459/4459/4459 4449/4449/4449 
f 4450/4450/4450 4449/4449/4449 4459/4459/4459 
f 4459/4459/4459 4460/4460/4460 4450/4450/4450 
f 4452/4452/4452 4451/4451/4451 4461/4461/4461 
f 4461/4461/4461 4462/4462/4462 4452/4452/4452 
f 4453/4453/4453 4452/4452/4452 4462/4462/4462 
f 4462/4462/4462 4463/4463/4463 4453/4453/4453 
f 4454/4454/4454 4453/4453/4453 4463/4463/4463 
f 4463/4463/4463 4464/4464/4464 4454/4454/4454 
f 4455/4455/4455 4454/4454/4454 4464/4464/4464 
f 4464/4464/4464 4465/4465/4465 4455/4455/4455 
f 4456/4456/4456 4455/4455/4455 4465/4465/4465 
f 4465/4465/4465 4466/4466/4466 4456/4456/4456 
f 4457/4457/4457 4456/4456/4456 4466/4466/4466 
f 4466/4466/4466 4467/4467/4467 4457/4457/4457 
f 4458/4458/4458 4457/4457/4457 4467/4467/4467 
f 4467/4467/4467 4468/4468/4468 4458/4458/4458 
f 4459/4459/4459 4458/4458/4458 4468/4468/4468 
f 4468/4468/4468 4469/4469/4469 4459/4459/4459 
f 4460/4460/4460 4459/4459/4459 4469/4469/4469 
f 4469/4469/4469 4470/4470/4470 4460/4460/4460 
f 4462/4462/4462 4461/4461/4461 4471/4471/4471 
f 4471/4471/4471 4472/4472/4472 4462/4462/4462 
f 4463/4463/4463 4462/4462/4462 4472/4472/4472 
f 4472/4472/4472 4473/4473/4473 4463/4463/4463 
f 4464/4464/4464 4463/4463/4463 4473/4473/4473 
f 4473/4473/4473 4474/4474/4474 4464/4464/4464 
f 4465/4465/4465 4464/4464/4464 4474/4474/4474 
f 4474/4474/4474 4475/4475/4475 4465/4465/4465 
f 4466/4466/4466 4465/4465/4465 4475/4475/4475 
f 4475/4475/4475 4476/4476/4476 4466/4466/4466 
f 4467/4467/4467 4466/4466/4466 4476/4476/4476 
f 4476/4476/4476 4477/4477/4477 4467/4467/4467 
f 4468/4468/4468 4467/4467/4467 4477/4477/4477 
f 4477/4477/4477 4478/4478/4478 4468/4468/4468 
f 4469/4469/4469 4468/4468/4468 4478/4478/4478 
f 4478/4478/4478 4479/4479/4479 4469/4469/4469 
f 4470/4470/4470 4469/4469/4469 4479/4479/4479 
f 4479/4479/4479 4480/4480/4480 4470/4470/4470 
f 4472/4472/4472 4471/4471/4471 4481/4481/4481 
f 4481/4481/4481 4482/4482/4482 4472/4472/4472 
f 4473/4473/4473 4472/4472/4472 4482/4482/4482 
f 4482/4482/4482 4483/4483/4483 4473/4473/4473 
f 4474/4474/4474 4473/4473/4473 4483/4483/4483 
f 4483/4483/4483 4484/4484/4484 4474/4474/4474 
f 4475/4475/4475 4474/4474/4474 4484/4484/4484 
f 4484/4484/4484 4485/4485/4485 4475/4475/4475 
f 4476/4476/4476 4475/4475/4475 4485/4485/4485 
f 4485/4485/4485 4486/4486/4486 4476/4476/4476 
f 4477/4477/4477 4476/4476/4476 4486/4486/4486 
f 4486/4486/4486 4487/4487/4487 4477/4477/4477 
f 4478/4478/4478 4477/4477/4477 4487/4487/4487 
f 4487/4487/4487 4488/4488/4488 4478/4478/4478 
f 4479/4479/4479 4478/4478/4478 4488/4488/4488 
f 4488/4488/4488 4489/4489/4489 4479/4479/4479 
f 4480/4480/4480 4479/4479/4479 4489/4489/4489 
f 4489/4489/4489 4490/4490/4490 4480/4480/4480 

g Alreadypro2

v -32.0222 2.36361 -31.6661 
v -32.0222 2.04623 -31.6661 
v -30.1448 2.04633 -31.6661 
v -30.1447 2.36365 -31.6661 
v -30.1447 2.36365 -32.6661 
v -30.1471 2.4 -32.5995 
v -30.1141 2.36365 -32.6399 
v -30.1471 2.4 -32.5995 
v -30.1447 2.36365 -32.6661 
v -32.0222 2.36361 -32.6661 
v -32.0237 2.39997 -32.5995 
v -30.0835 2.36365 -31.7154 
v -30.1471 2.4 -31.734 
v -30.1447 2.36365 -31.6661 
v -30.1471 2.4 -32.5995 
v -30.1471 2.4 -31.734 
v -30.0835 2.36365 -31.7154 
v -30.0835 2.36365 -32.6136 
v -32.0835 2.36361 -32.6136 
v -32.0237 2.39997 -32.5995 
v -32.0222 2.36361 -32.6661 
v -32.0237 2.39997 -31.734 
v -32.0222 2.36361 -31.6661 
v -30.1447 2.36365 -31.6661 
v -30.1471 2.4 -31.734 
v -31.0852 2.39999 -32.1662 
v -30.1471 2.4 -32.5995 
v -32.0237 2.39997 -32.5995 
v -32.0835 2.36361 -31.7154 
v -32.0222 2.36361 -31.6661 
v -32.0237 2.39997 -31.734 
v -32.0237 2.39997 -32.5995 
v -32.0835 2.36361 -32.6136 
v -32.0835 2.36361 -31.7154 
v -32.0237 2.39997 -31.734 
v -32.0237 2.39997 -31.734 
v -31.0852 2.39999 -32.1662 
v -32.0237 2.39997 -32.5995 
v -31.0852 2.39999 -32.1662 
v -32.0237 2.39997 -31.734 
v -30.1471 2.4 -31.734 
v -30.1471 2.4 -32.5995 
v -31.0852 2.39999 -32.1662 
v -30.1471 2.4 -31.734 
v -32.0222 2.04623 -32.6661 
v -32.0222 2.36361 -32.6661 
v -30.1447 2.36365 -32.6661 
v -30.1448 2.04633 -32.6661 
v -30.1141 2.04633 -32.6399 
v -30.1448 2.04633 -32.6661 
v -30.1447 2.36365 -32.6661 
v -30.1141 2.36365 -32.6399 
v -30.0835 2.04634 -32.6136 
v -30.0835 2.36365 -32.6136 
v -30.0835 2.36365 -31.7154 
v -30.0835 2.04634 -31.7154 
v -30.1448 2.04633 -31.6661 
v -30.0835 2.04634 -31.7154 
v -30.0835 2.36365 -31.7154 
v -30.1447 2.36365 -31.6661 
v -32.0835 2.04623 -31.7154 
v -32.0222 2.04623 -31.6661 
v -32.0222 2.36361 -31.6661 
v -32.0835 2.36361 -31.7154 
v -30.1448 2.04633 -31.6661 
v -30.1472 2.00011 -31.734 
v -30.0835 2.04634 -31.7154 
v -32.0237 2.00001 -32.5995 
v -32.0222 2.04623 -32.6661 
v -30.1448 2.04633 -32.6661 
v -30.1472 2.00011 -32.5995 
v -32.0222 2.04623 -32.6661 
v -32.0237 2.00001 -32.5995 
v -32.0835 2.04623 -32.6136 
v -30.1472 2.00011 -32.5995 
v -30.0835 2.04634 -32.6136 
v -30.0835 2.04634 -31.7154 
v -30.1472 2.00011 -31.734 
v -30.1448 2.04633 -31.6661 
v -32.0222 2.04623 -31.6661 
v -32.0237 2.00001 -31.734 
v -30.1472 2.00011 -31.734 
v -31.0852 2 -32.1662 
v -32.0237 2.00001 -31.734 
v -32.0237 2.00001 -32.5995 
v -30.1472 2.00011 -32.5995 
v -30.1448 2.04633 -32.6661 
v -30.1141 2.04633 -32.6399 
v -32.0222 2.04623 -31.6661 
v -32.0835 2.04623 -31.7154 
v -32.0237 2.00001 -31.734 
v -32.0237 2.00001 -32.5995 
v -32.0237 2.00001 -31.734 
v -32.0835 2.04623 -31.7154 
v -32.0835 2.04623 -32.6136 
v -32.0222 2.04623 -32.6661 
v -32.0835 2.04623 -32.6136 
v -32.0835 2.36361 -32.6136 
v -32.0222 2.36361 -32.6661 
v -32.0835 2.36361 -31.7154 
v -32.0835 2.36361 -32.6136 
v -32.0835 2.04623 -32.6136 
v -32.0835 2.04623 -31.7154 
v -30.1472 2.00011 -32.5995 
v -31.0852 2 -32.1662 
v -32.0237 2.00001 -32.5995 
v -31.0852 2 -32.1662 
v -30.1472 2.00011 -32.5995 
v -30.1472 2.00011 -31.734 
v -32.0237 2.00001 -31.734 
v -31.0852 2 -32.1662 
v -30.1472 2.00011 -31.734 
v -30.1471 2.4 -32.5995 
v -30.0835 2.36365 -32.6136 
v -30.1141 2.36365 -32.6399 
v -30.1141 2.36365 -32.6399 
v -30.0835 2.36365 -32.6136 
v -30.0835 2.04634 -32.6136 
v -30.1141 2.04633 -32.6399 
v -30.1141 2.04633 -32.6399 
v -30.0835 2.04634 -32.6136 
v -30.1472 2.00011 -32.5995 

vn -0.00787402 0 1 
vn -0.00787402 0 1 
vn 0.00787402 0 1 
vn 0.00787402 0 1 
vn 0.377953 0.811024 -0.440945 
vn 0.377953 0.811024 -0.440945 
vn 0.370079 0.818898 -0.433071 
vn 0.00787402 0.874016 -0.488189 
vn 0.00787402 0.874016 -0.488189 
vn -0.00787402 0.874016 -0.488189 
vn -0.00787402 0.874016 -0.488189 
vn 0.354331 0.826772 0.440945 
vn 0.354331 0.826772 0.440945 
vn 0.354331 0.826772 0.440945 
vn 0.503937 0.866142 -0.00787402 
vn 0.503937 0.866142 0.00787402 
vn 0.503937 0.866142 0.00787402 
vn 0.503937 0.866142 -0.00787402 
vn -0.393701 0.80315 -0.456693 
vn -0.393701 0.80315 -0.456693 
vn -0.385827 0.80315 -0.456693 
vn -0.00787402 0.88189 0.480315 
vn -0.00787402 0.874016 0.480315 
vn 0.00787402 0.874016 0.480315 
vn 0.00787402 0.88189 0.480315 
vn 0 1 0 
vn 0.00787402 1 -0.00787402 
vn -0.00787402 1 -0.00787402 
vn -0.362205 0.811024 0.448819 
vn -0.362205 0.811024 0.456693 
vn -0.362205 0.811024 0.448819 
vn -0.527559 0.850394 -0.00787402 
vn -0.527559 0.850394 -0.00787402 
vn -0.527559 0.850394 0.00787402 
vn -0.527559 0.850394 0.00787402 
vn -0.00787402 1 0.00787402 
vn 0 1 0 
vn -0.00787402 1 -0.00787402 
vn 0 1 0 
vn -0.00787402 1 0.00787402 
vn 0.00787402 1 0.00787402 
vn 0.00787402 1 -0.00787402 
vn 0 1 0 
vn 0.00787402 1 0.00787402 
vn -0.00787402 0 -1 
vn -0.00787402 0 -1 
vn 0.00787402 0 -1 
vn 0.00787402 0 -1 
vn 0.653543 0 -0.755906 
vn 0.653543 0 -0.755906 
vn 0.653543 0 -0.755906 
vn 0.653543 0 -0.755906 
vn 1 0 -0.00787402 
vn 1 0 -0.00787402 
vn 1 0 0.00787402 
vn 1 0 0.00787402 
vn 0.629921 0 0.779528 
vn 0.629921 0 0.779528 
vn 0.629921 0 0.779528 
vn 0.629921 0 0.779528 
vn -0.629921 0 0.779528 
vn -0.629921 0 0.779528 
vn -0.629921 0 0.779528 
vn -0.629921 0 0.779528 
vn 0.409449 -0.755906 0.511811 
vn 0.409449 -0.755906 0.511811 
vn 0.409449 -0.755906 0.511811 
vn -0.00787402 -0.818898 -0.574803 
vn -0.00787402 -0.818898 -0.574803 
vn 0.00787402 -0.818898 -0.574803 
vn 0.00787402 -0.818898 -0.574803 
vn -0.448819 -0.724409 -0.519685 
vn -0.448819 -0.724409 -0.519685 
vn -0.448819 -0.724409 -0.519685 
vn 0.590551 -0.80315 -0.00787402 
vn 0.590551 -0.80315 -0.00787402 
vn 0.590551 -0.80315 0.00787402 
vn 0.590551 -0.80315 0.00787402 
vn 0.00787402 -0.818898 0.566929 
vn -0.00787402 -0.818898 0.566929 
vn -0.00787402 -0.826772 0.566929 
vn 0.00787402 -0.826772 0.566929 
vn 0 -1 0 
vn -0.00787402 -1 0.00787402 
vn -0.00787402 -1 -0.00787402 
vn 0.433071 -0.740157 -0.511811 
vn 0.433071 -0.740157 -0.511811 
vn 0.433071 -0.748031 -0.503937 
vn -0.417323 -0.740157 0.519685 
vn -0.425197 -0.740157 0.519685 
vn -0.417323 -0.740157 0.519685 
vn -0.614173 -0.787402 -0.00787402 
vn -0.614173 -0.787402 0.00787402 
vn -0.614173 -0.787402 0.00787402 
vn -0.614173 -0.787402 -0.00787402 
vn -0.653543 0 -0.755906 
vn -0.653543 0 -0.755906 
vn -0.653543 0 -0.755906 
vn -0.653543 0 -0.755906 
vn -1 0 0.00787402 
vn -1 0 -0.00787402 
vn -1 0 -0.00787402 
vn -1 0 0.00787402 
vn 0.00787402 -1 -0.00787402 
vn 0 -1 0 
vn -0.00787402 -1 -0.00787402 
vn 0 -1 0 
vn 0.00787402 -1 -0.00787402 
vn 0.00787402 -1 0.00787402 
vn -0.00787402 -1 0.00787402 
vn 0 -1 0 
vn 0.00787402 -1 0.00787402 
vn 0.377953 0.811024 -0.440945 
vn 0.377953 0.811024 -0.440945 
vn 0.370079 0.818898 -0.433071 
vn 0.653543 0 -0.755906 
vn 0.653543 0 -0.755906 
vn 0.653543 0 -0.755906 
vn 0.653543 0 -0.755906 
vn 0.433071 -0.748031 -0.503937 
vn 0.433071 -0.740157 -0.511811 
vn 0.433071 -0.740157 -0.511811 

vt 0.214967 0.692206 
vt 0.214967 0.652635 
vt 0.348655 0.652752 
vt 0.348655 0.692206 
vt 0.00518602 0.692206 
vt 0.00245836 0.700659 
vt 0.00245836 0.692206 
vt 0.00245836 0.700659 
vt 0.00518602 0.692206 
vt 0.139123 0.692206 
vt 0.141985 0.700659 
vt 0.354965 0.692206 
vt 0.351497 0.700659 
vt 0.348655 0.692206 
vt 0.421225 0.700659 
vt 0.351497 0.700659 
vt 0.354965 0.692206 
vt 0.418209 0.692206 
vt 0.144732 0.692206 
vt 0.141985 0.700659 
vt 0.139123 0.692206 
vt 0.211898 0.700659 
vt 0.214967 0.692206 
vt 0.348655 0.692206 
vt 0.351497 0.700659 
vt 0.18122 0.609051 
vt 0.146413 0.581191 
vt 0.215667 0.581198 
vt 0.209177 0.692206 
vt 0.214967 0.692206 
vt 0.211898 0.700659 
vt 0.141985 0.700659 
vt 0.144732 0.692206 
vt 0.209193 0.692206 
vt 0.211898 0.700659 
vt 0.215667 0.637054 
vt 0.18122 0.609051 
vt 0.215667 0.581198 
vt 0.18122 0.609051 
vt 0.215667 0.637054 
vt 0.146413 0.637054 
vt 0.146413 0.581191 
vt 0.18122 0.609051 
vt 0.146413 0.637054 
vt 0.139123 0.652623 
vt 0.139123 0.692206 
vt 0.00518602 0.692206 
vt 0.00518602 0.652637 
vt 0.00245836 0.652637 
vt 0.00518602 0.652637 
vt 0.00518602 0.692206 
vt 0.00245836 0.692206 
vt 0.418209 0.652869 
vt 0.418209 0.692206 
vt 0.354965 0.692206 
vt 0.354965 0.652765 
vt 0.348655 0.652765 
vt 0.354965 0.652765 
vt 0.354965 0.692206 
vt 0.348655 0.692206 
vt 0.20915 0.652634 
vt 0.214967 0.652635 
vt 0.214967 0.692206 
vt 0.209177 0.692206 
vt 0.348655 0.652765 
vt 0.351497 0.645083 
vt 0.354965 0.652765 
vt 0.141985 0.644948 
vt 0.139123 0.652623 
vt 0.00518602 0.652637 
vt 0.00245836 0.644962 
vt 0.139123 0.652623 
vt 0.141985 0.644948 
vt 0.144732 0.652623 
vt 0.421225 0.645193 
vt 0.418209 0.652869 
vt 0.354965 0.652765 
vt 0.351497 0.645083 
vt 0.348655 0.652752 
vt 0.214967 0.652635 
vt 0.211749 0.644959 
vt 0.351497 0.645083 
vt 0.0700968 0.587686 
vt 0.141723 0.532294 
vt 0.141723 0.644519 
vt 0.00245836 0.644962 
vt 0.00518602 0.652637 
vt 0.00245836 0.652637 
vt 0.214967 0.652635 
vt 0.20915 0.652634 
vt 0.211749 0.644959 
vt 0.141985 0.644949 
vt 0.211749 0.644949 
vt 0.209195 0.652629 
vt 0.144732 0.652629 
vt 0.139123 0.652623 
vt 0.144732 0.652623 
vt 0.144732 0.692206 
vt 0.139123 0.692206 
vt 0.209193 0.692206 
vt 0.144732 0.692206 
vt 0.144732 0.652629 
vt 0.209195 0.652629 
vt 0.0026137 0.644519 
vt 0.0700968 0.587686 
vt 0.141723 0.644519 
vt 0.0700968 0.587686 
vt 0.0026137 0.644519 
vt 0.0026137 0.532297 
vt 0.141723 0.532294 
vt 0.0700968 0.587686 
vt 0.0026137 0.532297 
vt 0.421225 0.700659 
vt 0.418209 0.692206 
vt 0.421225 0.692206 
vt 0.421225 0.692206 
vt 0.418209 0.692206 
vt 0.418209 0.652638 
vt 0.421225 0.652637 
vt 0.421225 0.652637 
vt 0.418209 0.652638 
vt 0.421225 0.644962 

usemtl Alreadypro1Mtl

f 4491/4491/4491 4492/4492/4492 4493/4493/4493 
f 4491/4491/4491 4493/4493/4493 4494/4494/4494 
f 4495/4495/4495 4496/4496/4496 4497/4497/4497 
f 4498/4498/4498 4499/4499/4499 4500/4500/4500 
f 4498/4498/4498 4500/4500/4500 4501/4501/4501 
f 4502/4502/4502 4503/4503/4503 4504/4504/4504 
f 4505/4505/4505 4506/4506/4506 4507/4507/4507 
f 4505/4505/4505 4507/4507/4507 4508/4508/4508 
f 4509/4509/4509 4510/4510/4510 4511/4511/4511 
f 4512/4512/4512 4513/4513/4513 4514/4514/4514 
f 4512/4512/4512 4514/4514/4514 4515/4515/4515 
f 4516/4516/4516 4517/4517/4517 4518/4518/4518 
f 4519/4519/4519 4520/4520/4520 4521/4521/4521 
f 4522/4522/4522 4523/4523/4523 4524/4524/4524 
f 4522/4522/4522 4524/4524/4524 4525/4525/4525 
f 4526/4526/4526 4527/4527/4527 4528/4528/4528 
f 4529/4529/4529 4530/4530/4530 4531/4531/4531 
f 4532/4532/4532 4533/4533/4533 4534/4534/4534 
f 4535/4535/4535 4536/4536/4536 4537/4537/4537 
f 4535/4535/4535 4537/4537/4537 4538/4538/4538 
f 4539/4539/4539 4540/4540/4540 4541/4541/4541 
f 4539/4539/4539 4541/4541/4541 4542/4542/4542 
f 4543/4543/4543 4544/4544/4544 4545/4545/4545 
f 4543/4543/4543 4545/4545/4545 4546/4546/4546 
f 4547/4547/4547 4548/4548/4548 4549/4549/4549 
f 4547/4547/4547 4549/4549/4549 4550/4550/4550 
f 4551/4551/4551 4552/4552/4552 4553/4553/4553 
f 4551/4551/4551 4553/4553/4553 4554/4554/4554 
f 4555/4555/4555 4556/4556/4556 4557/4557/4557 
f 4558/4558/4558 4559/4559/4559 4560/4560/4560 
f 4558/4558/4558 4560/4560/4560 4561/4561/4561 
f 4562/4562/4562 4563/4563/4563 4564/4564/4564 
f 4565/4565/4565 4566/4566/4566 4567/4567/4567 
f 4565/4565/4565 4567/4567/4567 4568/4568/4568 
f 4569/4569/4569 4570/4570/4570 4571/4571/4571 
f 4569/4569/4569 4571/4571/4571 4572/4572/4572 
f 4573/4573/4573 4574/4574/4574 4575/4575/4575 
f 4576/4576/4576 4577/4577/4577 4578/4578/4578 
f 4579/4579/4579 4580/4580/4580 4581/4581/4581 
f 4582/4582/4582 4583/4583/4583 4584/4584/4584 
f 4582/4582/4582 4584/4584/4584 4585/4585/4585 
f 4586/4586/4586 4587/4587/4587 4588/4588/4588 
f 4586/4586/4586 4588/4588/4588 4589/4589/4589 
f 4590/4590/4590 4591/4591/4591 4592/4592/4592 
f 4590/4590/4590 4592/4592/4592 4593/4593/4593 
f 4594/4594/4594 4595/4595/4595 4596/4596/4596 
f 4597/4597/4597 4598/4598/4598 4599/4599/4599 
f 4600/4600/4600 4601/4601/4601 4602/4602/4602 
f 4603/4603/4603 4604/4604/4604 4605/4605/4605 
f 4606/4606/4606 4607/4607/4607 4608/4608/4608 
f 4606/4606/4606 4608/4608/4608 4609/4609/4609 
f 4610/4610/4610 4611/4611/4611 4612/4612/4612 

g Alreadypro3

v -30.1503 2.23035 -32.009 
v -30.1503 2.16627 -31.8699 
v -30.1169 2.13833 -31.8898 
v -30.1169 2.1983 -32.0194 
v -30.0835 2.16613 -32.0299 
v -30.0835 2.1839 -32.1689 
v -30.1169 2.21703 -32.1689 
v -30.1169 2.1983 -32.0194 
v -30.1503 2.05774 -31.7595 
v -30.1169 2.03795 -31.7869 
v -30.1503 1.91847 -31.6887 
v -30.1169 1.9079 -31.7208 
v -30.1503 1.78317 -31.6661 
v -30.1169 1.7804 -31.6995 
v -30.1557 1.07272 -31.6888 
v -30.1557 0.933462 -31.7597 
v -30.1228 0.953218 -31.787 
v -30.1228 1.08329 -31.7208 
v -30.0898 1.09387 -31.7529 
v -30.0835 1.18356 -31.7329 
v -30.1169 1.18078 -31.6995 
v -30.1228 1.08329 -31.7208 
v -30.1557 0.825269 -31.8701 
v -30.1228 0.853186 -31.8899 
v -30.1557 0.769476 -32.0092 
v -30.1228 0.801545 -32.0196 
v -30.1643 0.750004 -32.1691 
v -30.132 0.782978 -32.1691 
v -30.1643 0.750004 -32.1691 
v -30.1643 0.769765 -32.3232 
v -30.132 0.80181 -32.3128 
v -30.132 0.782978 -32.1691 
v -30.1557 0.825509 -32.4623 
v -30.1228 0.853431 -32.4425 
v -30.1557 0.934817 -32.5673 
v -30.1228 0.954602 -32.54 
v -30.1557 1.02449 -32.6223 
v -30.1228 1.03506 -32.5902 
v -30.1503 1.17812 -32.6661 
v -30.1169 1.18089 -32.6327 
v -30.1503 1.91857 -32.6434 
v -30.1503 2.05784 -32.5726 
v -30.1169 2.03805 -32.5452 
v -30.1169 1.908 -32.6114 
v -30.0835 1.89742 -32.5793 
v -30.0835 1.77773 -32.5993 
v -30.1169 1.78051 -32.6327 
v -30.1503 2.16618 -32.4622 
v -30.1169 2.13822 -32.4423 
v -30.1503 2.23013 -32.3231 
v -30.1169 2.1981 -32.3126 
v -30.1503 2.25 -32.1689 
v -30.1169 2.21703 -32.1689 
v -31.0167 2.23035 -32.009 
v -31.0167 2.25 -32.1689 
v -31.0501 2.21703 -32.1689 
v -31.0501 2.1983 -32.0194 
v -31.0835 2.16632 -32.0299 
v -31.0835 2.11109 -31.9096 
v -31.0501 2.1384 -31.8898 
v -31.0835 2.01826 -31.8142 
v -31.0501 2.03801 -31.7869 
v -31.0835 1.89733 -31.7528 
v -31.0501 1.9079 -31.7208 
v -31.0835 1.77764 -31.7328 
v -31.0501 1.7804 -31.6995 
v -31.0112 1.07272 -31.6888 
v -31.0167 1.17801 -31.6662 
v -31.0501 1.18078 -31.6995 
v -31.0442 1.08329 -31.7208 
v -31.0772 1.09387 -31.7529 
v -31.0772 0.973039 -31.8143 
v -31.0442 0.953218 -31.787 
v -31.0772 0.880582 -31.9098 
v -31.0442 0.853186 -31.8899 
v -31.0772 0.833544 -32.03 
v -31.0442 0.801545 -32.0196 
v -31.0673 0.815953 -32.1691 
v -31.035 0.782978 -32.1691 
v -31.0673 0.815953 -32.1691 
v -31.0673 0.833783 -32.3023 
v -31.035 0.80181 -32.3128 
v -31.035 0.782978 -32.1691 
v -31.0772 0.880818 -32.4226 
v -31.0442 0.853431 -32.4425 
v -31.0772 0.974405 -32.5127 
v -31.0442 0.954602 -32.54 
v -31.0772 1.04563 -32.5582 
v -31.0442 1.03506 -32.5902 
v -31.0835 1.18365 -32.5994 
v -31.0501 1.18089 -32.6327 
v -31.0167 1.91857 -32.6434 
v -31.0167 1.78328 -32.666 
v -31.0501 1.78051 -32.6327 
v -31.0501 1.908 -32.6114 
v -31.0835 1.89742 -32.5793 
v -31.0835 2.01834 -32.5179 
v -31.0501 2.03811 -32.5452 
v -31.0835 2.11098 -32.4225 
v -31.0501 2.1383 -32.4423 
v -31.0835 2.16614 -32.3022 
v -31.0501 2.1981 -32.3126 
v -31.0835 2.18406 -32.1689 
v -31.0501 2.21703 -32.1689 
v -30.0835 1.18356 -31.7329 
v -30.0835 1.77764 -31.7328 
v -30.1169 1.7804 -31.6995 
v -30.1169 1.18078 -31.6995 
v -31.0835 1.18356 -31.7329 
v -31.0501 1.18078 -31.6995 
v -30.0835 1.18365 -32.5994 
v -31.0835 1.77773 -32.5993 
v -30.1503 2.23035 -32.009 
v -31.0167 2.23035 -32.009 
v -31.0167 2.16627 -31.8699 
v -30.1503 2.16627 -31.8699 
v -31.0167 2.05774 -31.7595 
v -30.1503 2.05774 -31.7595 
v -31.0167 1.91847 -31.6887 
v -30.1503 1.91847 -31.6887 
v -30.1557 1.07272 -31.6888 
v -31.0112 1.07272 -31.6888 
v -31.0112 0.933462 -31.7597 
v -30.1557 0.933462 -31.7597 
v -31.0112 0.825269 -31.8701 
v -30.1557 0.825269 -31.8701 
v -31.0112 0.769476 -32.0092 
v -30.1557 0.769476 -32.0092 
v -31.0027 0.750004 -32.1691 
v -30.1643 0.750004 -32.1691 
v -30.1643 0.750004 -32.1691 
v -31.0027 0.750004 -32.1691 
v -31.0027 0.769765 -32.3232 
v -30.1643 0.769765 -32.3232 
v -31.0112 0.825508 -32.4623 
v -30.1557 0.825509 -32.4623 
v -31.0112 0.934817 -32.5673 
v -30.1557 0.934817 -32.5673 
v -31.0112 1.02449 -32.6223 
v -30.1557 1.02449 -32.6223 
v -30.1503 1.91857 -32.6434 
v -31.0167 1.91857 -32.6434 
v -31.0167 2.05786 -32.5726 
v -30.1503 2.05784 -32.5726 
v -31.0167 2.16618 -32.4622 
v -30.1503 2.16618 -32.4622 
v -31.0167 2.23013 -32.3231 
v -30.1503 2.23013 -32.3231 
v -31.0167 2.25 -32.1689 
v -30.1503 2.25 -32.1689 
v -30.1503 2.25 -32.1689 
v -31.0167 2.25 -32.1689 
v -30.0835 1.18356 -31.7329 
v -30.0835 1.17728 -32.169 
v -30.0835 1.78377 -32.1689 
v -30.0835 1.77764 -31.7328 
v -30.1503 1.78317 -31.6661 
v -31.0167 1.78317 -31.6661 
v -31.0167 1.17801 -31.6662 
v -30.1503 1.17801 -31.6662 
v -31.0835 1.77764 -31.7328 
v -31.0835 1.78399 -32.1689 
v -31.0835 1.17728 -32.169 
v -31.0835 1.18356 -31.7329 
v -30.0835 1.77773 -32.5993 
v -30.0835 1.18365 -32.5994 
v -30.1503 1.17812 -32.6661 
v -31.0167 1.17812 -32.6661 
v -31.0167 1.78328 -32.666 
v -30.1503 1.78328 -32.666 
v -31.0835 1.18365 -32.5994 
v -31.0835 1.77773 -32.5993 
v -30.1503 1.17801 -31.6662 
v -31.0167 1.17801 -31.6662 
v -30.0835 2.11087 -31.9096 
v -30.0835 2.16613 -32.0299 
v -30.0835 2.01814 -31.8142 
v -30.0835 1.89733 -31.7528 
v -30.0898 1.09387 -31.7529 
v -30.0898 0.973039 -31.8143 
v -30.0898 0.880583 -31.9098 
v -30.0898 0.833544 -32.03 
v -30.0997 0.815952 -32.1691 
v -30.0997 0.833783 -32.3023 
v -30.0898 0.880818 -32.4226 
v -30.0898 0.974405 -32.5127 
v -30.0898 1.04563 -32.5582 
v -30.0835 1.89742 -32.5793 
v -30.0835 2.01821 -32.5179 
v -30.0835 2.11075 -32.4225 
v -30.0835 2.16595 -32.3022 
v -30.0835 2.1839 -32.1689 
v -31.0835 2.16632 -32.0299 
v -31.0835 2.11109 -31.9096 
v -31.0835 2.01826 -31.8142 
v -31.0835 1.89733 -31.7528 
v -31.0835 1.18356 -31.7329 
v -31.0772 1.09387 -31.7529 
v -31.0772 0.973039 -31.8143 
v -31.0772 0.880582 -31.9098 
v -31.0772 0.833544 -32.03 
v -31.0673 0.815953 -32.1691 
v -31.0673 0.833783 -32.3023 
v -31.0772 0.880818 -32.4226 
v -31.0772 0.974405 -32.5127 
v -31.0772 1.04563 -32.5582 
v -31.0835 1.89742 -32.5793 
v -31.0835 2.01834 -32.5179 
v -31.0835 2.11098 -32.4225 
v -31.0835 2.16614 -32.3022 
v -31.0835 2.18406 -32.1689 
v -30.1169 2.13833 -31.8898 
v -30.0835 2.11087 -31.9096 
v -30.1169 2.21703 -32.1689 
v -30.1503 2.25 -32.1689 
v -30.1169 2.03795 -31.7869 
v -30.0835 2.01814 -31.8142 
v -30.1169 1.9079 -31.7208 
v -30.0835 1.89733 -31.7528 
v -30.1228 0.953218 -31.787 
v -30.0898 0.973039 -31.8143 
v -30.1169 1.18078 -31.6995 
v -30.1503 1.17801 -31.6662 
v -30.1228 0.853186 -31.8899 
v -30.0898 0.880583 -31.9098 
v -30.1228 0.801545 -32.0196 
v -30.0898 0.833544 -32.03 
v -30.132 0.782978 -32.1691 
v -30.0997 0.815952 -32.1691 
v -30.0997 0.833783 -32.3023 
v -30.0997 0.815952 -32.1691 
v -30.0898 0.880818 -32.4226 
v -30.0898 0.974405 -32.5127 
v -30.0898 1.04563 -32.5582 
v -30.0835 2.01821 -32.5179 
v -30.1503 1.78328 -32.666 
v -30.0835 2.11075 -32.4225 
v -30.0835 2.16595 -32.3022 
v -30.0835 2.1839 -32.1689 
v -30.1503 1.17801 -31.6662 
v -31.0835 2.18406 -32.1689 
v -31.0167 2.16627 -31.8699 
v -31.0167 2.05774 -31.7595 
v -31.0167 1.91847 -31.6887 
v -31.0167 1.78317 -31.6661 
v -31.0835 1.18356 -31.7329 
v -31.0112 0.933462 -31.7597 
v -31.0112 0.825269 -31.8701 
v -31.0112 0.769476 -32.0092 
v -31.0027 0.750004 -32.1691 
v -31.0027 0.769765 -32.3232 
v -31.0027 0.750004 -32.1691 
v -31.0112 0.825508 -32.4623 
v -31.0112 0.934817 -32.5673 
v -31.0112 1.02449 -32.6223 
v -31.0167 1.17812 -32.6661 
v -31.0167 2.05786 -32.5726 
v -31.0167 2.16618 -32.4622 
v -31.0167 2.23013 -32.3231 
v -31.0167 2.25 -32.1689 
v -31.0167 1.17801 -31.6662 

vn 0.708661 0.637795 0.299213 
vn 0.708661 0.637795 0.299213 
vn 0.708661 0.637795 0.299213 
vn 0.708661 0.637795 0.299213 
vn 0.700787 0.708661 0.0866142 
vn 0.700787 0.708661 0.0866142 
vn 0.700787 0.708661 0.0866142 
vn 0.708661 0.637795 0.299213 
vn 0.708661 0.503937 0.496063 
vn 0.708661 0.503937 0.496063 
vn 0.708661 0.322835 0.629921 
vn 0.708661 0.322835 0.629921 
vn 0.708661 0.11811 0.700787 
vn 0.708661 0.11811 0.700787 
vn 0.708661 -0.314961 0.629921 
vn 0.708661 -0.314961 0.629921 
vn 0.708661 -0.314961 0.629921 
vn 0.708661 -0.314961 0.629921 
vn 0.708661 -0.149606 0.685039 
vn 0.708661 -0.149606 0.685039 
vn 0.708661 -0.149606 0.685039 
vn 0.708661 -0.314961 0.629921 
vn 0.716535 -0.503937 0.488189 
vn 0.716535 -0.503937 0.488189 
vn 0.708661 -0.653543 0.259843 
vn 0.708661 -0.653543 0.259843 
vn 0.708661 -0.700787 0.0866142 
vn 0.708661 -0.700787 0.0866142 
vn 0.708661 -0.700787 0.0866142 
vn 0.708661 -0.700787 -0.0944882 
vn 0.708661 -0.700787 -0.0944882 
vn 0.708661 -0.700787 0.0866142 
vn 0.708661 -0.653543 -0.259843 
vn 0.708661 -0.653543 -0.259843 
vn 0.716535 -0.503937 -0.488189 
vn 0.716535 -0.503937 -0.488189 
vn 0.708661 -0.314961 -0.629921 
vn 0.708661 -0.314961 -0.629921 
vn 0.708661 -0.141732 -0.692913 
vn 0.708661 -0.141732 -0.692913 
vn 0.708661 0.322835 -0.629921 
vn 0.708661 0.322835 -0.629921 
vn 0.708661 0.322835 -0.629921 
vn 0.708661 0.322835 -0.629921 
vn 0.708661 0.11811 -0.700787 
vn 0.708661 0.11811 -0.700787 
vn 0.708661 0.11811 -0.700787 
vn 0.708661 0.503937 -0.496063 
vn 0.708661 0.503937 -0.496063 
vn 0.708661 0.637795 -0.299213 
vn 0.708661 0.637795 -0.299213 
vn 0.700787 0.708661 -0.0944882 
vn 0.700787 0.708661 0.0866142 
vn -0.700787 0.708661 0.0866142 
vn -0.700787 0.708661 0.0866142 
vn -0.700787 0.708661 0.0866142 
vn -0.700787 0.708661 0.0866142 
vn -0.708661 0.645669 0.299213 
vn -0.708661 0.645669 0.299213 
vn -0.708661 0.645669 0.299213 
vn -0.708661 0.503937 0.496063 
vn -0.708661 0.503937 0.496063 
vn -0.708661 0.322835 0.629921 
vn -0.708661 0.322835 0.629921 
vn -0.708661 0.11811 0.700787 
vn -0.708661 0.11811 0.700787 
vn -0.708661 -0.141732 0.692913 
vn -0.708661 -0.141732 0.692913 
vn -0.708661 -0.141732 0.692913 
vn -0.708661 -0.141732 0.692913 
vn -0.708661 -0.314961 0.629921 
vn -0.708661 -0.314961 0.629921 
vn -0.708661 -0.314961 0.629921 
vn -0.708661 -0.503937 0.488189 
vn -0.708661 -0.503937 0.488189 
vn -0.708661 -0.653543 0.259843 
vn -0.708661 -0.653543 0.259843 
vn -0.708661 -0.700787 0.0866142 
vn -0.708661 -0.700787 0.0866142 
vn -0.708661 -0.700787 0.0866142 
vn -0.708661 -0.700787 -0.0944882 
vn -0.708661 -0.700787 -0.0944882 
vn -0.708661 -0.700787 0.0866142 
vn -0.708661 -0.653543 -0.259843 
vn -0.708661 -0.653543 -0.259843 
vn -0.708661 -0.503937 -0.488189 
vn -0.708661 -0.503937 -0.488189 
vn -0.708661 -0.314961 -0.629921 
vn -0.708661 -0.314961 -0.629921 
vn -0.708661 -0.149606 -0.685039 
vn -0.708661 -0.149606 -0.685039 
vn -0.708661 0.11811 -0.700787 
vn -0.708661 0.11811 -0.700787 
vn -0.708661 0.11811 -0.700787 
vn -0.708661 0.11811 -0.700787 
vn -0.708661 0.322835 -0.629921 
vn -0.708661 0.322835 -0.629921 
vn -0.708661 0.322835 -0.629921 
vn -0.708661 0.503937 -0.496063 
vn -0.708661 0.503937 -0.496063 
vn -0.708661 0.645669 -0.299213 
vn -0.708661 0.645669 -0.299213 
vn -0.700787 0.708661 -0.0944882 
vn -0.700787 0.708661 0.0866142 
vn 0.708661 -0.149606 0.685039 
vn 0.708661 0 0.708661 
vn 0.708661 0.11811 0.700787 
vn 0.708661 -0.149606 0.685039 
vn -0.708661 0 0.708661 
vn -0.708661 -0.141732 0.692913 
vn 0.708661 0 -0.708661 
vn -0.708661 0 -0.708661 
vn 0 0.905512 0.417323 
vn 0 0.905512 0.417323 
vn 0 0.905512 0.417323 
vn 0 0.905512 0.417323 
vn 0 0.716535 0.700787 
vn 0 0.716535 0.700787 
vn 0 0.456693 0.889764 
vn 0 0.456693 0.889764 
vn 0 -0.456693 0.889764 
vn 0 -0.456693 0.889764 
vn 0 -0.456693 0.889764 
vn 0 -0.456693 0.889764 
vn 0 -0.716535 0.700787 
vn 0 -0.716535 0.700787 
vn 0 -0.929134 0.370079 
vn 0 -0.929134 0.370079 
vn 0 -0.992126 0.11811 
vn 0 -0.992126 0.11811 
vn 0 -0.992126 0.11811 
vn 0 -0.992126 0.11811 
vn 0 -0.992126 -0.125984 
vn 0 -0.992126 -0.125984 
vn 0 -0.929134 -0.370079 
vn 0 -0.929134 -0.370079 
vn 0 -0.716535 -0.700787 
vn 0 -0.716535 -0.700787 
vn 0 -0.456693 -0.889764 
vn 0 -0.456693 -0.889764 
vn 0 0.456693 -0.889764 
vn 0 0.456693 -0.889764 
vn 0 0.456693 -0.889764 
vn 0 0.456693 -0.889764 
vn 0 0.716535 -0.700787 
vn 0 0.716535 -0.700787 
vn 0 0.905512 -0.417323 
vn 0 0.905512 -0.417323 
vn 0 0.992126 -0.125984 
vn 0 0.992126 -0.125984 
vn 0 0.992126 -0.125984 
vn 0 0.992126 -0.125984 
vn 1 0 0 
vn 1 0 0 
vn 1 0 0 
vn 1 0 0 
vn 0 0 1 
vn 0 0 1 
vn 0 0 1 
vn 0 0 1 
vn -1 0 0 
vn -1 0 0 
vn -1 0 0 
vn -1 0 0 
vn 1 0 0 
vn 1 0 0 
vn 0 0 -1 
vn 0 0 -1 
vn 0 0 -1 
vn 0 0 -1 
vn -1 0 0 
vn -1 0 0 
vn 0 0 1 
vn 0 0 1 
vn 1 0 0 
vn 1 0 0 
vn 1 0 0 
vn 1 0 0 
vn 1 -0.0551181 0 
vn 1 -0.00787402 0.015748 
vn 1 -0.00787402 0.00787402 
vn 1 -0.015748 0.00787402 
vn 1 -0.015748 0 
vn 1 -0.015748 0 
vn 1 -0.015748 -0.00787402 
vn 1 -0.00787402 -0.00787402 
vn 1 -0.00787402 -0.015748 
vn 1 0 0 
vn 1 0 0 
vn 1 0 0 
vn 1 0 0 
vn 1 0 0 
vn -1 0 0 
vn -1 0 0 
vn -1 0 0 
vn -1 0 0 
vn -1 0 0 
vn -1 -0.0551181 0 
vn -1 -0.00787402 0.00787402 
vn -1 -0.00787402 0.00787402 
vn -1 -0.015748 0.00787402 
vn -1 -0.015748 0 
vn -1 -0.015748 0 
vn -1 -0.015748 -0.00787402 
vn -1 -0.00787402 -0.00787402 
vn -1 -0.00787402 -0.015748 
vn -1 0 0 
vn -1 0 0 
vn -1 0 0 
vn -1 0 0 
vn -1 0 0 
vn 0.708661 0.637795 0.299213 
vn 0.708661 0.645669 0.299213 
vn 0.700787 0.708661 0.0866142 
vn 0.700787 0.708661 -0.0944882 
vn 0.708661 0.503937 0.496063 
vn 0.708661 0.503937 0.496063 
vn 0.708661 0.322835 0.629921 
vn 0.708661 0.322835 0.629921 
vn 0.708661 -0.314961 0.629921 
vn 0.708661 -0.314961 0.629921 
vn 0.708661 -0.149606 0.685039 
vn 0.708661 -0.141732 0.692913 
vn 0.716535 -0.503937 0.488189 
vn 0.708661 -0.503937 0.488189 
vn 0.708661 -0.653543 0.259843 
vn 0.708661 -0.653543 0.259843 
vn 0.708661 -0.700787 0.0866142 
vn 0.708661 -0.700787 0.0866142 
vn 0.708661 -0.700787 -0.0944882 
vn 0.708661 -0.700787 0.0866142 
vn 0.708661 -0.653543 -0.259843 
vn 0.708661 -0.503937 -0.488189 
vn 0.708661 -0.314961 -0.629921 
vn 0.708661 0.322835 -0.629921 
vn 0.708661 0.11811 -0.700787 
vn 0.708661 0.503937 -0.496063 
vn 0.708661 0.645669 -0.299213 
vn 0.700787 0.708661 0.0866142 
vn 0.708661 -0.141732 0.692913 
vn -0.700787 0.708661 -0.0944882 
vn -0.708661 0.637795 0.299213 
vn -0.708661 0.503937 0.496063 
vn -0.708661 0.322835 0.629921 
vn -0.708661 0.11811 0.700787 
vn -0.708661 0 0.708661 
vn -0.708661 -0.314961 0.629921 
vn -0.716535 -0.503937 0.488189 
vn -0.708661 -0.653543 0.259843 
vn -0.708661 -0.700787 0.0866142 
vn -0.708661 -0.700787 -0.0944882 
vn -0.708661 -0.700787 0.0866142 
vn -0.708661 -0.653543 -0.259843 
vn -0.716535 -0.503937 -0.488189 
vn -0.708661 -0.314961 -0.629921 
vn -0.708661 -0.141732 -0.692913 
vn -0.708661 0.322835 -0.629921 
vn -0.708661 0.503937 -0.496063 
vn -0.708661 0.637795 -0.299213 
vn -0.700787 0.708661 0.0866142 
vn -0.708661 -0.141732 0.692913 

vt 0.991265 0.381072 
vt 0.991265 0.373082 
vt 0.993341 0.370012 
vt 0.993341 0.377461 
vt 0.716631 0.37385 
vt 0.716631 0.376231 
vt 0.714648 0.380028 
vt 0.714648 0.377461 
vt 0.991265 0.360637 
vt 0.993341 0.35841 
vt 0.991265 0.344805 
vt 0.993341 0.343701 
vt 0.991265 0.332886 
vt 0.993341 0.332886 
vt 0.991261 0.288176 
vt 0.991261 0.302298 
vt 0.993343 0.302298 
vt 0.993343 0.288176 
vt 0.716618 0.287456 
vt 0.716618 0.271896 
vt 0.714647 0.271896 
vt 0.714647 0.287456 
vt 0.991261 0.319569 
vt 0.993343 0.319569 
vt 0.991261 0.338723 
vt 0.993343 0.338723 
vt 0.991261 0.355569 
vt 0.993343 0.355549 
vt 0.786712 0.294088 
vt 0.786712 0.290493 
vt 0.784613 0.290493 
vt 0.784603 0.294094 
vt 0.786712 0.286994 
vt 0.784608 0.286993 
vt 0.786712 0.282885 
vt 0.784609 0.282884 
vt 0.786712 0.278148 
vt 0.784609 0.278148 
vt 0.786704 0.271887 
vt 0.784609 0.271887 
vt 0.786704 0.345291 
vt 0.786704 0.360822 
vt 0.784609 0.358565 
vt 0.784609 0.344007 
vt 0.782514 0.342722 
vt 0.782514 0.332886 
vt 0.784609 0.332886 
vt 0.786704 0.373267 
vt 0.784609 0.370167 
vt 0.786704 0.381256 
vt 0.784609 0.377616 
vt 0.786704 0.38401 
vt 0.784609 0.380183 
vt 0.92593 0.38077 
vt 0.92593 0.383523 
vt 0.923807 0.379702 
vt 0.923807 0.377136 
vt 0.921683 0.373502 
vt 0.921683 0.366594 
vt 0.923807 0.369687 
vt 0.921683 0.355834 
vt 0.923807 0.358085 
vt 0.921683 0.342248 
vt 0.923807 0.343527 
vt 0.921683 0.332886 
vt 0.923807 0.332886 
vt 0.925927 0.288176 
vt 0.925927 0.271892 
vt 0.923807 0.271884 
vt 0.923807 0.288176 
vt 0.921686 0.288175 
vt 0.921686 0.302297 
vt 0.923807 0.302298 
vt 0.921686 0.319568 
vt 0.923807 0.319569 
vt 0.921686 0.338722 
vt 0.923807 0.338723 
vt 0.921686 0.356097 
vt 0.923807 0.356079 
vt 0.856132 0.293929 
vt 0.856132 0.290493 
vt 0.853866 0.290493 
vt 0.853866 0.293935 
vt 0.856132 0.286993 
vt 0.853866 0.286993 
vt 0.856132 0.282884 
vt 0.853866 0.282884 
vt 0.856136 0.278148 
vt 0.853885 0.278148 
vt 0.856136 0.271888 
vt 0.853884 0.271887 
vt 0.851631 0.345457 
vt 0.851631 0.332886 
vt 0.853884 0.332886 
vt 0.853884 0.344359 
vt 0.856136 0.343261 
vt 0.856136 0.356847 
vt 0.853884 0.359068 
vt 0.856136 0.367606 
vt 0.853884 0.37067 
vt 0.856136 0.374514 
vt 0.853884 0.378119 
vt 0.856136 0.376894 
vt 0.853884 0.380685 
vt 0.716631 0.271887 
vt 0.716631 0.332886 
vt 0.714648 0.332886 
vt 0.714648 0.271887 
vt 0.921683 0.271887 
vt 0.923807 0.271887 
vt 0.78259 0.271874 
vt 0.856136 0.332886 
vt 0.991265 0.381072 
vt 0.92593 0.38077 
vt 0.92593 0.37278 
vt 0.991265 0.373082 
vt 0.92593 0.360335 
vt 0.991265 0.360637 
vt 0.92593 0.344805 
vt 0.991265 0.344805 
vt 0.991261 0.288176 
vt 0.925927 0.288176 
vt 0.925927 0.302298 
vt 0.991261 0.302298 
vt 0.925927 0.319569 
vt 0.991261 0.319569 
vt 0.925927 0.338723 
vt 0.991261 0.338723 
vt 0.925927 0.356061 
vt 0.991261 0.355569 
vt 0.786712 0.294088 
vt 0.851533 0.293941 
vt 0.851533 0.290493 
vt 0.786712 0.290493 
vt 0.851533 0.286994 
vt 0.786712 0.286994 
vt 0.851533 0.282885 
vt 0.786712 0.282885 
vt 0.851632 0.278199 
vt 0.786712 0.278148 
vt 0.786704 0.345291 
vt 0.851631 0.345457 
vt 0.851631 0.361288 
vt 0.786704 0.360822 
vt 0.851631 0.373733 
vt 0.786704 0.373267 
vt 0.851631 0.381723 
vt 0.786704 0.381256 
vt 0.851631 0.384476 
vt 0.786704 0.38401 
vt 0.991265 0.383825 
vt 0.92593 0.383523 
vt 0.716575 0.271855 
vt 0.749396 0.271855 
vt 0.749396 0.332853 
vt 0.716575 0.332853 
vt 0.991265 0.332886 
vt 0.92593 0.332886 
vt 0.92593 0.271887 
vt 0.991265 0.271887 
vt 0.921656 0.332886 
vt 0.888433 0.332886 
vt 0.888433 0.271887 
vt 0.921656 0.271887 
vt 0.782511 0.332853 
vt 0.782511 0.271855 
vt 0.786704 0.271887 
vt 0.851631 0.271887 
vt 0.851631 0.332886 
vt 0.786704 0.332886 
vt 0.85618 0.271887 
vt 0.85618 0.332886 
vt 0.991261 0.271888 
vt 0.925927 0.271892 
vt 0.729686 0.371245 
vt 0.738829 0.378765 
vt 0.72243 0.359532 
vt 0.717763 0.344855 
vt 0.718463 0.28805 
vt 0.722914 0.293826 
vt 0.729834 0.294014 
vt 0.738554 0.294014 
vt 0.749403 0.294014 
vt 0.759633 0.294014 
vt 0.76886 0.294014 
vt 0.776183 0.293725 
vt 0.780895 0.2882 
vt 0.7806 0.344855 
vt 0.775931 0.359532 
vt 0.768675 0.371245 
vt 0.759533 0.378765 
vt 0.749399 0.381356 
vt 0.899096 0.378765 
vt 0.908319 0.371182 
vt 0.915638 0.359532 
vt 0.920347 0.344627 
vt 0.921683 0.271887 
vt 0.920062 0.287457 
vt 0.915518 0.292253 
vt 0.908456 0.294014 
vt 0.899557 0.294014 
vt 0.888424 0.294014 
vt 0.878352 0.294014 
vt 0.869266 0.294014 
vt 0.862055 0.292253 
vt 0.857415 0.288392 
vt 0.85777 0.344627 
vt 0.861669 0.359532 
vt 0.868988 0.371245 
vt 0.87821 0.378765 
vt 0.888433 0.381356 
vt 0.714648 0.370012 
vt 0.716631 0.366942 
vt 0.993341 0.380028 
vt 0.991265 0.383825 
vt 0.714648 0.35841 
vt 0.716631 0.356183 
vt 0.714648 0.343701 
vt 0.716631 0.342597 
vt 0.714647 0.301578 
vt 0.716618 0.301577 
vt 0.993341 0.271887 
vt 0.991261 0.271888 
vt 0.714647 0.318849 
vt 0.716618 0.318848 
vt 0.714647 0.338003 
vt 0.716618 0.338003 
vt 0.714647 0.35483 
vt 0.716618 0.35481 
vt 0.78259 0.290493 
vt 0.782514 0.294099 
vt 0.78259 0.286993 
vt 0.78259 0.282884 
vt 0.78259 0.278148 
vt 0.782514 0.356309 
vt 0.786704 0.332886 
vt 0.782514 0.367068 
vt 0.782514 0.373976 
vt 0.782514 0.376356 
vt 0.991265 0.271887 
vt 0.921683 0.375882 
vt 0.92593 0.37278 
vt 0.92593 0.360335 
vt 0.92593 0.344805 
vt 0.92593 0.332886 
vt 0.921686 0.271884 
vt 0.925927 0.302298 
vt 0.925927 0.319569 
vt 0.925927 0.338723 
vt 0.925927 0.356061 
vt 0.851533 0.290493 
vt 0.851533 0.293941 
vt 0.851533 0.286994 
vt 0.851533 0.282885 
vt 0.851632 0.278199 
vt 0.851631 0.271887 
vt 0.851631 0.361288 
vt 0.851631 0.373733 
vt 0.851631 0.381723 
vt 0.851631 0.384476 
vt 0.92593 0.271887 

usemtl Alreadypro1Mtl

f 4613/4613/4613 4614/4614/4614 4615/4615/4615 
f 4613/4613/4613 4615/4615/4615 4616/4616/4616 
f 4617/4617/4617 4618/4618/4618 4619/4619/4619 
f 4617/4617/4617 4619/4619/4619 4620/4620/4620 
f 4614/4614/4614 4621/4621/4621 4622/4622/4622 
f 4614/4614/4614 4622/4622/4622 4615/4615/4615 
f 4621/4621/4621 4623/4623/4623 4624/4624/4624 
f 4621/4621/4621 4624/4624/4624 4622/4622/4622 
f 4623/4623/4623 4625/4625/4625 4626/4626/4626 
f 4623/4623/4623 4626/4626/4626 4624/4624/4624 
f 4627/4627/4627 4628/4628/4628 4629/4629/4629 
f 4627/4627/4627 4629/4629/4629 4630/4630/4630 
f 4631/4631/4631 4632/4632/4632 4633/4633/4633 
f 4631/4631/4631 4633/4633/4633 4634/4634/4634 
f 4628/4628/4628 4635/4635/4635 4636/4636/4636 
f 4628/4628/4628 4636/4636/4636 4629/4629/4629 
f 4635/4635/4635 4637/4637/4637 4638/4638/4638 
f 4635/4635/4635 4638/4638/4638 4636/4636/4636 
f 4637/4637/4637 4639/4639/4639 4640/4640/4640 
f 4637/4637/4637 4640/4640/4640 4638/4638/4638 
f 4641/4641/4641 4642/4642/4642 4643/4643/4643 
f 4641/4641/4641 4643/4643/4643 4644/4644/4644 
f 4642/4642/4642 4645/4645/4645 4646/4646/4646 
f 4642/4642/4642 4646/4646/4646 4643/4643/4643 
f 4645/4645/4645 4647/4647/4647 4648/4648/4648 
f 4645/4645/4645 4648/4648/4648 4646/4646/4646 
f 4647/4647/4647 4649/4649/4649 4650/4650/4650 
f 4647/4647/4647 4650/4650/4650 4648/4648/4648 
f 4649/4649/4649 4651/4651/4651 4652/4652/4652 
f 4649/4649/4649 4652/4652/4652 4650/4650/4650 
f 4653/4653/4653 4654/4654/4654 4655/4655/4655 
f 4653/4653/4653 4655/4655/4655 4656/4656/4656 
f 4657/4657/4657 4658/4658/4658 4659/4659/4659 
f 4657/4657/4657 4659/4659/4659 4656/4656/4656 
f 4654/4654/4654 4660/4660/4660 4661/4661/4661 
f 4654/4654/4654 4661/4661/4661 4655/4655/4655 
f 4660/4660/4660 4662/4662/4662 4663/4663/4663 
f 4660/4660/4660 4663/4663/4663 4661/4661/4661 
f 4662/4662/4662 4664/4664/4664 4665/4665/4665 
f 4662/4662/4662 4665/4665/4665 4663/4663/4663 
f 4666/4666/4666 4667/4667/4667 4668/4668/4668 
f 4666/4666/4666 4668/4668/4668 4669/4669/4669 
f 4670/4670/4670 4671/4671/4671 4672/4672/4672 
f 4670/4670/4670 4672/4672/4672 4669/4669/4669 
f 4671/4671/4671 4673/4673/4673 4674/4674/4674 
f 4671/4671/4671 4674/4674/4674 4672/4672/4672 
f 4673/4673/4673 4675/4675/4675 4676/4676/4676 
f 4673/4673/4673 4676/4676/4676 4674/4674/4674 
f 4675/4675/4675 4677/4677/4677 4678/4678/4678 
f 4675/4675/4675 4678/4678/4678 4676/4676/4676 
f 4679/4679/4679 4680/4680/4680 4681/4681/4681 
f 4679/4679/4679 4681/4681/4681 4682/4682/4682 
f 4683/4683/4683 4684/4684/4684 4685/4685/4685 
f 4683/4683/4683 4685/4685/4685 4682/4682/4682 
f 4684/4684/4684 4686/4686/4686 4687/4687/4687 
f 4684/4684/4684 4687/4687/4687 4685/4685/4685 
f 4686/4686/4686 4688/4688/4688 4689/4689/4689 
f 4686/4686/4686 4689/4689/4689 4687/4687/4687 
f 4688/4688/4688 4690/4690/4690 4691/4691/4691 
f 4688/4688/4688 4691/4691/4691 4689/4689/4689 
f 4692/4692/4692 4693/4693/4693 4694/4694/4694 
f 4692/4692/4692 4694/4694/4694 4695/4695/4695 
f 4693/4693/4693 4696/4696/4696 4697/4697/4697 
f 4693/4693/4693 4697/4697/4697 4694/4694/4694 
f 4696/4696/4696 4698/4698/4698 4699/4699/4699 
f 4696/4696/4696 4699/4699/4699 4697/4697/4697 
f 4698/4698/4698 4700/4700/4700 4701/4701/4701 
f 4698/4698/4698 4701/4701/4701 4699/4699/4699 
f 4700/4700/4700 4702/4702/4702 4703/4703/4703 
f 4700/4700/4700 4703/4703/4703 4701/4701/4701 
f 4704/4704/4704 4705/4705/4705 4706/4706/4706 
f 4704/4704/4704 4706/4706/4706 4707/4707/4707 
f 4708/4708/4708 4709/4709/4709 4710/4710/4710 
f 4708/4708/4708 4710/4710/4710 4707/4707/4707 
f 4709/4709/4709 4711/4711/4711 4712/4712/4712 
f 4709/4709/4709 4712/4712/4712 4710/4710/4710 
f 4711/4711/4711 4713/4713/4713 4714/4714/4714 
f 4711/4711/4711 4714/4714/4714 4712/4712/4712 
f 4713/4713/4713 4715/4715/4715 4716/4716/4716 
f 4713/4713/4713 4716/4716/4716 4714/4714/4714 
f 4717/4717/4717 4718/4718/4718 4719/4719/4719 
f 4717/4717/4717 4719/4719/4719 4720/4720/4720 
f 4677/4677/4677 4721/4721/4721 4722/4722/4722 
f 4677/4677/4677 4722/4722/4722 4678/4678/4678 
f 4658/4658/4658 4723/4723/4723 4652/4652/4652 
f 4658/4658/4658 4652/4652/4652 4659/4659/4659 
f 4702/4702/4702 4724/4724/4724 4706/4706/4706 
f 4702/4702/4702 4706/4706/4706 4703/4703/4703 
f 4725/4725/4725 4726/4726/4726 4727/4727/4727 
f 4725/4725/4725 4727/4727/4727 4728/4728/4728 
f 4728/4728/4728 4727/4727/4727 4729/4729/4729 
f 4728/4728/4728 4729/4729/4729 4730/4730/4730 
f 4730/4730/4730 4729/4729/4729 4731/4731/4731 
f 4730/4730/4730 4731/4731/4731 4732/4732/4732 
f 4733/4733/4733 4734/4734/4734 4735/4735/4735 
f 4733/4733/4733 4735/4735/4735 4736/4736/4736 
f 4736/4736/4736 4735/4735/4735 4737/4737/4737 
f 4736/4736/4736 4737/4737/4737 4738/4738/4738 
f 4738/4738/4738 4737/4737/4737 4739/4739/4739 
f 4738/4738/4738 4739/4739/4739 4740/4740/4740 
f 4740/4740/4740 4739/4739/4739 4741/4741/4741 
f 4740/4740/4740 4741/4741/4741 4742/4742/4742 
f 4743/4743/4743 4744/4744/4744 4745/4745/4745 
f 4743/4743/4743 4745/4745/4745 4746/4746/4746 
f 4746/4746/4746 4745/4745/4745 4747/4747/4747 
f 4746/4746/4746 4747/4747/4747 4748/4748/4748 
f 4748/4748/4748 4747/4747/4747 4749/4749/4749 
f 4748/4748/4748 4749/4749/4749 4750/4750/4750 
f 4750/4750/4750 4749/4749/4749 4751/4751/4751 
f 4750/4750/4750 4751/4751/4751 4752/4752/4752 
f 4753/4753/4753 4754/4754/4754 4755/4755/4755 
f 4753/4753/4753 4755/4755/4755 4756/4756/4756 
f 4756/4756/4756 4755/4755/4755 4757/4757/4757 
f 4756/4756/4756 4757/4757/4757 4758/4758/4758 
f 4758/4758/4758 4757/4757/4757 4759/4759/4759 
f 4758/4758/4758 4759/4759/4759 4760/4760/4760 
f 4760/4760/4760 4759/4759/4759 4761/4761/4761 
f 4760/4760/4760 4761/4761/4761 4762/4762/4762 
f 4763/4763/4763 4764/4764/4764 4726/4726/4726 
f 4763/4763/4763 4726/4726/4726 4725/4725/4725 
f 4765/4765/4765 4766/4766/4766 4767/4767/4767 
f 4765/4765/4765 4767/4767/4767 4768/4768/4768 
f 4769/4769/4769 4770/4770/4770 4771/4771/4771 
f 4769/4769/4769 4771/4771/4771 4772/4772/4772 
f 4773/4773/4773 4774/4774/4774 4775/4775/4775 
f 4773/4773/4773 4775/4775/4775 4776/4776/4776 
f 4777/4777/4777 4767/4767/4767 4766/4766/4766 
f 4777/4777/4777 4766/4766/4766 4778/4778/4778 
f 4779/4779/4779 4780/4780/4780 4781/4781/4781 
f 4779/4779/4779 4781/4781/4781 4782/4782/4782 
f 4783/4783/4783 4775/4775/4775 4774/4774/4774 
f 4783/4783/4783 4774/4774/4774 4784/4784/4784 
f 4732/4732/4732 4731/4731/4731 4770/4770/4770 
f 4732/4732/4732 4770/4770/4770 4769/4769/4769 
f 4785/4785/4785 4786/4786/4786 4734/4734/4734 
f 4785/4785/4785 4734/4734/4734 4733/4733/4733 
f 4752/4752/4752 4751/4751/4751 4780/4780/4780 
f 4752/4752/4752 4780/4780/4780 4779/4779/4779 
f 4782/4782/4782 4781/4781/4781 4754/4754/4754 
f 4782/4782/4782 4754/4754/4754 4753/4753/4753 
f 4787/4787/4787 4767/4767/4767 4788/4788/4788 
f 4789/4789/4789 4767/4767/4767 4787/4787/4787 
f 4790/4790/4790 4767/4767/4767 4789/4789/4789 
f 4768/4768/4768 4767/4767/4767 4790/4790/4790 
f 4791/4791/4791 4766/4766/4766 4765/4765/4765 
f 4792/4792/4792 4766/4766/4766 4791/4791/4791 
f 4793/4793/4793 4766/4766/4766 4792/4792/4792 
f 4794/4794/4794 4766/4766/4766 4793/4793/4793 
f 4795/4795/4795 4766/4766/4766 4794/4794/4794 
f 4796/4796/4796 4766/4766/4766 4795/4795/4795 
f 4797/4797/4797 4766/4766/4766 4796/4796/4796 
f 4798/4798/4798 4766/4766/4766 4797/4797/4797 
f 4799/4799/4799 4766/4766/4766 4798/4798/4798 
f 4778/4778/4778 4766/4766/4766 4799/4799/4799 
f 4800/4800/4800 4767/4767/4767 4777/4777/4777 
f 4801/4801/4801 4767/4767/4767 4800/4800/4800 
f 4802/4802/4802 4767/4767/4767 4801/4801/4801 
f 4803/4803/4803 4767/4767/4767 4802/4802/4802 
f 4804/4804/4804 4767/4767/4767 4803/4803/4803 
f 4788/4788/4788 4767/4767/4767 4804/4804/4804 
f 4805/4805/4805 4774/4774/4774 4806/4806/4806 
f 4806/4806/4806 4774/4774/4774 4807/4807/4807 
f 4807/4807/4807 4774/4774/4774 4808/4808/4808 
f 4808/4808/4808 4774/4774/4774 4773/4773/4773 
f 4809/4809/4809 4775/4775/4775 4810/4810/4810 
f 4811/4811/4811 4775/4775/4775 4812/4812/4812 
f 4812/4812/4812 4775/4775/4775 4813/4813/4813 
f 4813/4813/4813 4775/4775/4775 4814/4814/4814 
f 4814/4814/4814 4775/4775/4775 4815/4815/4815 
f 4815/4815/4815 4775/4775/4775 4816/4816/4816 
f 4816/4816/4816 4775/4775/4775 4817/4817/4817 
f 4817/4817/4817 4775/4775/4775 4818/4818/4818 
f 4818/4818/4818 4775/4775/4775 4783/4783/4783 
f 4784/4784/4784 4774/4774/4774 4819/4819/4819 
f 4819/4819/4819 4774/4774/4774 4820/4820/4820 
f 4820/4820/4820 4774/4774/4774 4821/4821/4821 
f 4821/4821/4821 4774/4774/4774 4822/4822/4822 
f 4822/4822/4822 4774/4774/4774 4823/4823/4823 
f 4823/4823/4823 4774/4774/4774 4805/4805/4805 
f 4824/4824/4824 4825/4825/4825 4617/4617/4617 
f 4824/4824/4824 4617/4617/4617 4620/4620/4620 
f 4826/4826/4826 4827/4827/4827 4613/4613/4613 
f 4826/4826/4826 4613/4613/4613 4616/4616/4616 
f 4828/4828/4828 4829/4829/4829 4825/4825/4825 
f 4828/4828/4828 4825/4825/4825 4824/4824/4824 
f 4830/4830/4830 4831/4831/4831 4829/4829/4829 
f 4830/4830/4830 4829/4829/4829 4828/4828/4828 
f 4719/4719/4719 4718/4718/4718 4831/4831/4831 
f 4719/4719/4719 4831/4831/4831 4830/4830/4830 
f 4832/4832/4832 4833/4833/4833 4631/4631/4631 
f 4832/4832/4832 4631/4631/4631 4634/4634/4634 
f 4834/4834/4834 4835/4835/4835 4627/4627/4627 
f 4834/4834/4834 4627/4627/4627 4630/4630/4630 
f 4836/4836/4836 4837/4837/4837 4833/4833/4833 
f 4836/4836/4836 4833/4833/4833 4832/4832/4832 
f 4838/4838/4838 4839/4839/4839 4837/4837/4837 
f 4838/4838/4838 4837/4837/4837 4836/4836/4836 
f 4840/4840/4840 4841/4841/4841 4839/4839/4839 
f 4840/4840/4840 4839/4839/4839 4838/4838/4838 
f 4643/4643/4643 4842/4842/4842 4843/4843/4843 
f 4643/4643/4643 4843/4843/4843 4644/4644/4644 
f 4646/4646/4646 4844/4844/4844 4842/4842/4842 
f 4646/4646/4646 4842/4842/4842 4643/4643/4643 
f 4648/4648/4648 4845/4845/4845 4844/4844/4844 
f 4648/4648/4648 4844/4844/4844 4646/4646/4646 
f 4650/4650/4650 4846/4846/4846 4845/4845/4845 
f 4650/4650/4650 4845/4845/4845 4648/4648/4648 
f 4652/4652/4652 4723/4723/4723 4846/4846/4846 
f 4652/4652/4652 4846/4846/4846 4650/4650/4650 
f 4655/4655/4655 4847/4847/4847 4657/4657/4657 
f 4655/4655/4655 4657/4657/4657 4656/4656/4656 
f 4659/4659/4659 4848/4848/4848 4653/4653/4653 
f 4659/4659/4659 4653/4653/4653 4656/4656/4656 
f 4661/4661/4661 4849/4849/4849 4847/4847/4847 
f 4661/4661/4661 4847/4847/4847 4655/4655/4655 
f 4663/4663/4663 4850/4850/4850 4849/4849/4849 
f 4663/4663/4663 4849/4849/4849 4661/4661/4661 
f 4665/4665/4665 4851/4851/4851 4850/4850/4850 
f 4665/4665/4665 4850/4850/4850 4663/4663/4663 
f 4626/4626/4626 4625/4625/4625 4852/4852/4852 
f 4626/4626/4626 4852/4852/4852 4834/4834/4834 
f 4652/4652/4652 4651/4651/4651 4848/4848/4848 
f 4652/4652/4652 4848/4848/4848 4659/4659/4659 
f 4668/4668/4668 4853/4853/4853 4670/4670/4670 
f 4668/4668/4668 4670/4670/4670 4669/4669/4669 
f 4672/4672/4672 4854/4854/4854 4666/4666/4666 
f 4672/4672/4672 4666/4666/4666 4669/4669/4669 
f 4674/4674/4674 4855/4855/4855 4854/4854/4854 
f 4674/4674/4674 4854/4854/4854 4672/4672/4672 
f 4676/4676/4676 4856/4856/4856 4855/4855/4855 
f 4676/4676/4676 4855/4855/4855 4674/4674/4674 
f 4678/4678/4678 4857/4857/4857 4856/4856/4856 
f 4678/4678/4678 4856/4856/4856 4676/4676/4676 
f 4681/4681/4681 4858/4858/4858 4683/4683/4683 
f 4681/4681/4681 4683/4683/4683 4682/4682/4682 
f 4685/4685/4685 4859/4859/4859 4679/4679/4679 
f 4685/4685/4685 4679/4679/4679 4682/4682/4682 
f 4687/4687/4687 4860/4860/4860 4859/4859/4859 
f 4687/4687/4687 4859/4859/4859 4685/4685/4685 
f 4689/4689/4689 4861/4861/4861 4860/4860/4860 
f 4689/4689/4689 4860/4860/4860 4687/4687/4687 
f 4691/4691/4691 4862/4862/4862 4861/4861/4861 
f 4691/4691/4691 4861/4861/4861 4689/4689/4689 
f 4694/4694/4694 4863/4863/4863 4864/4864/4864 
f 4694/4694/4694 4864/4864/4864 4695/4695/4695 
f 4697/4697/4697 4865/4865/4865 4863/4863/4863 
f 4697/4697/4697 4863/4863/4863 4694/4694/4694 
f 4699/4699/4699 4866/4866/4866 4865/4865/4865 
f 4699/4699/4699 4865/4865/4865 4697/4697/4697 
f 4701/4701/4701 4867/4867/4867 4866/4866/4866 
f 4701/4701/4701 4866/4866/4866 4699/4699/4699 
f 4703/4703/4703 4868/4868/4868 4867/4867/4867 
f 4703/4703/4703 4867/4867/4867 4701/4701/4701 
f 4706/4706/4706 4724/4724/4724 4708/4708/4708 
f 4706/4706/4706 4708/4708/4708 4707/4707/4707 
f 4710/4710/4710 4869/4869/4869 4704/4704/4704 
f 4710/4710/4710 4704/4704/4704 4707/4707/4707 
f 4712/4712/4712 4870/4870/4870 4869/4869/4869 
f 4712/4712/4712 4869/4869/4869 4710/4710/4710 
f 4714/4714/4714 4871/4871/4871 4870/4870/4870 
f 4714/4714/4714 4870/4870/4870 4712/4712/4712 
f 4716/4716/4716 4872/4872/4872 4871/4871/4871 
f 4716/4716/4716 4871/4871/4871 4714/4714/4714 
f 4722/4722/4722 4873/4873/4873 4857/4857/4857 
f 4722/4722/4722 4857/4857/4857 4678/4678/4678 
f 4706/4706/4706 4705/4705/4705 4868/4868/4868 
f 4706/4706/4706 4868/4868/4868 4703/4703/4703 
f 4775/4775/4775 4811/4811/4811 4810/4810/4810 

g Alreadypro4

v -31.0069 1.67242 -32.0094 
v -31.0395 1.64064 -32.0198 
v -31.0395 1.5695 -31.89 
v -31.0069 1.59614 -31.8702 
v -31.0721 1.60884 -32.0302 
v -31.0395 1.64064 -32.0198 
v -31.0395 1.66621 -32.1687 
v -31.0721 1.63241 -32.1687 
v -31.0395 1.46347 -31.7871 
v -31.0069 1.48319 -31.7597 
v -31.0395 1.33346 -31.7209 
v -31.0069 1.34403 -31.6888 
v -31.0501 1.17556 -31.6996 
v -31.0167 1.17833 -31.6662 
v -31.0069 1.36034 -32.6305 
v -31.0395 1.34977 -32.5984 
v -31.0395 1.46345 -32.5453 
v -31.0069 1.48314 -32.5726 
v -31.0721 1.3392 -32.5663 
v -31.0395 1.34977 -32.5984 
v -31.0501 1.17548 -32.6327 
v -31.0835 1.17272 -32.5993 
v -31.0395 1.56417 -32.4351 
v -31.0069 1.5908 -32.455 
v -31.0395 1.63385 -32.3151 
v -31.0069 1.66564 -32.3256 
v -31.0395 1.66621 -32.1687 
v -31.0069 1.7 -32.1688 
v -30.1601 1.67242 -32.0094 
v -30.1275 1.64064 -32.0198 
v -30.1275 1.66621 -32.1687 
v -30.1601 1.7 -32.1688 
v -30.0948 1.60884 -32.0302 
v -30.1275 1.64064 -32.0198 
v -30.1275 1.5695 -31.89 
v -30.0948 1.54266 -31.9099 
v -30.1275 1.46347 -31.7871 
v -30.0948 1.44381 -31.8144 
v -30.1275 1.33346 -31.7209 
v -30.0948 1.32288 -31.753 
v -30.1169 1.17556 -31.6996 
v -30.0835 1.17279 -31.733 
v -30.1601 1.36034 -32.6305 
v -30.1275 1.34977 -32.5984 
v -30.1169 1.17548 -32.6327 
v -30.1503 1.17825 -32.6661 
v -30.0948 1.3392 -32.5663 
v -30.1275 1.34977 -32.5984 
v -30.1275 1.46345 -32.5453 
v -30.0948 1.44381 -32.5179 
v -30.1275 1.56417 -32.4351 
v -30.0948 1.53734 -32.4152 
v -30.1275 1.63385 -32.3151 
v -30.0948 1.60205 -32.3047 
v -30.1275 1.66621 -32.1687 
v -30.0948 1.63241 -32.1687 
v -31.0835 0.278212 -31.7329 
v -31.0501 0.275446 -31.6995 
v -31.0501 1.17556 -31.6996 
v -31.0835 1.17279 -31.733 
v -30.0835 1.17279 -31.733 
v -30.1169 1.17556 -31.6996 
v -30.1169 0.275447 -31.6995 
v -30.0835 0.278212 -31.7329 
v -31.0501 0.275368 -32.6326 
v -31.0835 0.27814 -32.5993 
v -30.0835 0.27814 -32.5993 
v -30.1169 0.275369 -32.6326 
v -30.1169 1.17548 -32.6327 
v -30.0835 1.17272 -32.5993 
v -31.0069 1.67242 -32.0094 
v -31.0069 1.59614 -31.8702 
v -30.1601 1.59614 -31.8702 
v -30.1601 1.67242 -32.0094 
v -31.0069 1.48319 -31.7597 
v -30.1601 1.48319 -31.7597 
v -31.0069 1.34403 -31.6888 
v -30.1601 1.34403 -31.6888 
v -31.0069 1.36034 -32.6305 
v -31.0069 1.48314 -32.5726 
v -30.1601 1.48314 -32.5726 
v -30.1601 1.36034 -32.6305 
v -31.0069 1.5908 -32.455 
v -30.1601 1.5908 -32.455 
v -31.0069 1.66564 -32.3256 
v -30.1601 1.66564 -32.3256 
v -31.0069 1.7 -32.1688 
v -30.1601 1.7 -32.1688 
v -31.0069 1.7 -32.1688 
v -30.1601 1.7 -32.1688 
v -31.0835 0.278212 -31.7329 
v -31.0835 1.17279 -31.733 
v -31.0835 1.17846 -32.1687 
v -31.0835 0.272638 -32.1686 
v -31.0167 1.17833 -31.6662 
v -31.0167 0.272679 -31.6661 
v -30.1503 0.272681 -31.6661 
v -30.1503 1.17833 -31.6662 
v -30.0835 1.17279 -31.733 
v -30.0835 0.278212 -31.7329 
v -30.0835 0.272638 -32.1686 
v -30.0835 1.17846 -32.1687 
v -31.0835 1.17272 -32.5993 
v -31.0835 0.27814 -32.5993 
v -31.0835 0.272638 -32.1686 
v -31.0167 0.272596 -32.666 
v -31.0167 1.17825 -32.6661 
v -30.1503 1.17825 -32.6661 
v -30.1503 0.272597 -32.666 
v -30.0835 0.27814 -32.5993 
v -30.0835 1.17272 -32.5993 
v -30.0835 0.272638 -32.1686 
v -30.1503 1.17833 -31.6662 
v -31.0721 1.54266 -31.9099 
v -31.0721 1.60884 -32.0302 
v -31.0721 1.44381 -31.8144 
v -31.0721 1.32288 -31.753 
v -31.0721 1.3392 -32.5663 
v -31.0721 1.44381 -32.5179 
v -31.0721 1.53734 -32.4152 
v -31.0721 1.60205 -32.3047 
v -31.0721 1.63241 -32.1687 
v -30.0948 1.60884 -32.0302 
v -30.0948 1.54266 -31.9099 
v -30.0835 1.17846 -32.1687 
v -30.0948 1.44381 -31.8144 
v -30.0948 1.32288 -31.753 
v -30.0835 1.17272 -32.5993 
v -30.0948 1.3392 -32.5663 
v -30.0948 1.44381 -32.5179 
v -30.0948 1.53734 -32.4152 
v -30.0948 1.60205 -32.3047 
v -30.0948 1.63241 -32.1687 
v -30.1899 0.200075 -31.7705 
v -30.9759 0.204739 -31.7722 
v -30.9769 0.200337 -32.5607 
v -31.0835 0.278212 -31.7329 
v -31.0835 0.272638 -32.1686 
v -31.0377 0.200041 -32.1686 
v -31.0377 0.205105 -31.7723 
v -31.0835 0.272638 -32.1686 
v -31.0835 0.27814 -32.5993 
v -31.0377 0.205039 -32.5598 
v -31.0377 0.200041 -32.1686 
v -31.0835 0.27814 -32.5993 
v -31.0501 0.275368 -32.6326 
v -31.0073 0.202522 -32.5901 
v -31.0377 0.205039 -32.5598 
v -31.0167 0.272596 -32.666 
v -30.1503 0.272597 -32.666 
v -30.1899 0.200004 -32.6205 
v -30.977 0.200004 -32.6205 
v -30.1503 0.272597 -32.666 
v -30.1169 0.275369 -32.6326 
v -30.1596 0.202522 -32.5901 
v -30.1899 0.200004 -32.6205 
v -30.0835 0.27814 -32.5993 
v -30.0835 0.272638 -32.1686 
v -30.1293 0.200042 -32.1686 
v -30.1293 0.20504 -32.5598 
v -30.0835 0.272638 -32.1686 
v -30.0835 0.278212 -31.7329 
v -30.1293 0.205105 -31.7723 
v -30.1293 0.200042 -32.1686 
v -30.0835 0.278212 -31.7329 
v -30.1169 0.275447 -31.6995 
v -30.1596 0.202592 -31.742 
v -30.1293 0.205105 -31.7723 
v -30.1503 0.272681 -31.6661 
v -31.0167 0.272679 -31.6661 
v -30.977 0.200079 -31.7117 
v -30.1899 0.200079 -31.7117 
v -31.0167 0.272679 -31.6661 
v -31.0501 0.275446 -31.6995 
v -31.0073 0.202592 -31.742 
v -30.977 0.200079 -31.7117 
v -30.1293 0.200042 -32.1686 
v -30.1899 0.200075 -31.7705 
v -30.1899 0.200009 -32.5607 
v -30.9759 0.204739 -31.7722 
v -30.1899 0.200075 -31.7705 
v -30.1899 0.200079 -31.7117 
v -30.977 0.200079 -31.7117 
v -30.1899 0.200075 -31.7705 
v -30.1596 0.202592 -31.742 
v -30.1899 0.200079 -31.7117 
v -31.0377 0.205105 -31.7723 
v -31.0377 0.200041 -32.1686 
v -30.9759 0.204739 -31.7722 
v -31.0377 0.205105 -31.7723 
v -30.9759 0.204739 -31.7722 
v -31.0073 0.202592 -31.742 
v -30.1899 0.200009 -32.5607 
v -30.1596 0.202522 -32.5901 
v -30.1293 0.20504 -32.5598 
v -30.977 0.200004 -32.6205 
v -30.1899 0.200004 -32.6205 
v -30.1899 0.200009 -32.5607 
v -30.9769 0.200337 -32.5607 
v -30.9769 0.200337 -32.5607 
v -31.0073 0.202522 -32.5901 
v -30.977 0.200004 -32.6205 
v -30.1293 0.200042 -32.1686 
v -30.1293 0.205105 -31.7723 
v -30.1899 0.200075 -31.7705 
v -30.1293 0.20504 -32.5598 
v -30.1293 0.200042 -32.1686 
v -30.1899 0.200009 -32.5607 
v -31.0377 0.200041 -32.1686 
v -31.0377 0.205039 -32.5598 
v -30.9769 0.200337 -32.5607 
v -31.0377 0.200041 -32.1686 
v -30.9769 0.200337 -32.5607 
v -30.9759 0.204739 -31.7722 
v -30.1899 0.200009 -32.5607 
v -30.1899 0.200075 -31.7705 
v -30.9769 0.200337 -32.5607 
v -31.0395 1.5695 -31.89 
v -31.0721 1.54266 -31.9099 
v -31.0395 1.66621 -32.1687 
v -31.0069 1.7 -32.1688 
v -31.0395 1.46347 -31.7871 
v -31.0721 1.44381 -31.8144 
v -31.0395 1.33346 -31.7209 
v -31.0721 1.32288 -31.753 
v -31.0501 1.17556 -31.6996 
v -31.0835 1.17279 -31.733 
v -31.0395 1.46345 -32.5453 
v -31.0721 1.44381 -32.5179 
v -31.0501 1.17548 -32.6327 
v -31.0167 1.17825 -32.6661 
v -31.0395 1.56417 -32.4351 
v -31.0721 1.53734 -32.4152 
v -31.0395 1.63385 -32.3151 
v -31.0721 1.60205 -32.3047 
v -31.0395 1.66621 -32.1687 
v -31.0721 1.63241 -32.1687 
v -31.0501 1.17556 -31.6996 
v -31.0501 0.275446 -31.6995 
v -31.0167 0.272679 -31.6661 
v -31.0501 0.275368 -32.6326 
v -31.0167 0.272596 -32.666 
v -31.0073 0.202522 -32.5901 
v -31.0501 0.275368 -32.6326 
v -31.0167 0.272596 -32.666 
v -30.977 0.200004 -32.6205 
v -31.0073 0.202592 -31.742 
v -31.0501 0.275446 -31.6995 
v -31.0835 0.278212 -31.7329 
v -31.0377 0.205105 -31.7723 
v -31.0073 0.202592 -31.742 
v -30.9759 0.204739 -31.7722 
v -30.977 0.200079 -31.7117 
v -31.0073 0.202522 -32.5901 
v -30.9769 0.200337 -32.5607 
v -31.0377 0.205039 -32.5598 
v -30.1275 1.66621 -32.1687 
v -30.0948 1.63241 -32.1687 
v -30.1275 1.5695 -31.89 
v -30.1601 1.59614 -31.8702 
v -30.1275 1.46347 -31.7871 
v -30.1601 1.48319 -31.7597 
v -30.1275 1.33346 -31.7209 
v -30.1601 1.34403 -31.6888 
v -30.1169 1.17556 -31.6996 
v -30.1503 1.17833 -31.6662 
v -30.1275 1.46345 -32.5453 
v -30.1601 1.48314 -32.5726 
v -30.1275 1.56417 -32.4351 
v -30.1601 1.5908 -32.455 
v -30.1275 1.63385 -32.3151 
v -30.1601 1.66564 -32.3256 
v -30.1275 1.66621 -32.1687 
v -30.1601 1.7 -32.1688 
v -30.1169 0.275447 -31.6995 
v -30.1169 1.17556 -31.6996 
v -30.1503 1.17833 -31.6662 
v -30.1503 0.272681 -31.6661 
v -30.1169 0.275369 -32.6326 
v -30.1503 0.272597 -32.666 
v -30.1596 0.202522 -32.5901 
v -30.1169 0.275369 -32.6326 
v -30.0835 0.27814 -32.5993 
v -30.1293 0.20504 -32.5598 
v -30.1596 0.202592 -31.742 
v -30.1169 0.275447 -31.6995 
v -30.1503 0.272681 -31.6661 
v -30.1899 0.200079 -31.7117 
v -30.1596 0.202522 -32.5901 
v -30.1899 0.200009 -32.5607 
v -30.1899 0.200004 -32.6205 
v -30.1596 0.202592 -31.742 
v -30.1899 0.200075 -31.7705 
v -30.1293 0.205105 -31.7723 

vn -0.708661 0.614173 0.338583 
vn -0.708661 0.614173 0.338583 
vn -0.708661 0.614173 0.338583 
vn -0.708661 0.614173 0.338583 
vn -0.716535 0.692913 0.11811 
vn -0.716535 0.692913 0.11811 
vn -0.716535 0.692913 0.11811 
vn -0.716535 0.692913 0.11811 
vn -0.708661 0.488189 0.503937 
vn -0.708661 0.488189 0.503937 
vn -0.716535 0.314961 0.622047 
vn -0.716535 0.314961 0.622047 
vn -0.708661 0.141732 0.692913 
vn -0.708661 0.141732 0.692913 
vn -0.716535 0.299213 -0.629921 
vn -0.716535 0.299213 -0.629921 
vn -0.716535 0.299213 -0.629921 
vn -0.716535 0.299213 -0.629921 
vn -0.708661 0.181102 -0.677165 
vn -0.708661 0.181102 -0.677165 
vn -0.708661 0.181102 -0.677165 
vn -0.708661 0.181102 -0.677165 
vn -0.708661 0.519685 -0.472441 
vn -0.708661 0.519685 -0.472441 
vn -0.708661 0.606299 -0.354331 
vn -0.708661 0.606299 -0.354331 
vn -0.708661 0.685039 -0.149606 
vn -0.708661 0.685039 -0.149606 
vn 0.716535 0.692913 0.11811 
vn 0.716535 0.692913 0.11811 
vn 0.716535 0.692913 0.11811 
vn 0.716535 0.692913 0.11811 
vn 0.708661 0.614173 0.338583 
vn 0.708661 0.614173 0.338583 
vn 0.708661 0.614173 0.338583 
vn 0.708661 0.614173 0.338583 
vn 0.716535 0.488189 0.503937 
vn 0.716535 0.488189 0.503937 
vn 0.716535 0.314961 0.622047 
vn 0.716535 0.314961 0.622047 
vn 0.708661 0.141732 0.685039 
vn 0.708661 0.141732 0.685039 
vn 0.708661 0.173228 -0.685039 
vn 0.708661 0.173228 -0.685039 
vn 0.708661 0.173228 -0.685039 
vn 0.708661 0.173228 -0.685039 
vn 0.716535 0.291339 -0.637795 
vn 0.716535 0.291339 -0.637795 
vn 0.716535 0.291339 -0.637795 
vn 0.716535 0.291339 -0.637795 
vn 0.708661 0.519685 -0.472441 
vn 0.708661 0.519685 -0.472441 
vn 0.708661 0.606299 -0.354331 
vn 0.708661 0.606299 -0.354331 
vn 0.716535 0.685039 -0.149606 
vn 0.716535 0.685039 -0.149606 
vn -0.708661 0 0.708661 
vn -0.708661 0 0.708661 
vn -0.708661 0 0.708661 
vn -0.708661 0 0.708661 
vn 0.708661 0.141732 0.685039 
vn 0.708661 0.141732 0.685039 
vn 0.708661 0 0.708661 
vn 0.708661 0 0.708661 
vn -0.708661 0 -0.708661 
vn -0.708661 0 -0.708661 
vn 0.708661 0 -0.708661 
vn 0.708661 0 -0.708661 
vn 0.708661 0 -0.708661 
vn 0.708661 0 -0.708661 
vn 0 0.874016 0.480315 
vn 0 0.874016 0.480315 
vn 0 0.874016 0.480315 
vn 0 0.874016 0.480315 
vn 0 0.700787 0.716535 
vn 0 0.700787 0.716535 
vn 0 0.456693 0.889764 
vn 0 0.456693 0.889764 
vn 0 0.425197 -0.905512 
vn 0 0.425197 -0.905512 
vn 0 0.425197 -0.905512 
vn 0 0.425197 -0.905512 
vn 0 0.740157 -0.677165 
vn 0 0.740157 -0.677165 
vn 0 0.866142 -0.503937 
vn 0 0.866142 -0.503937 
vn 0 0.976378 -0.212598 
vn 0 0.976378 -0.212598 
vn 0 0.976378 -0.212598 
vn 0 0.976378 -0.212598 
vn -1 0 0 
vn -1 0 0 
vn -1 0 0 
vn -1 0 0 
vn 0 0 1 
vn 0 0 1 
vn 0 0 1 
vn 0 0 1 
vn 1 0 0 
vn 1 0 0 
vn 1 0 0 
vn 1 0 0 
vn -1 0 0 
vn -1 0 0 
vn -1 0 0 
vn 0 0 -1 
vn 0 0 -1 
vn 0 0 -1 
vn 0 0 -1 
vn 1 0 0 
vn 1 0 0 
vn 1 0 0 
vn 0 0 1 
vn -1 0.023622 0.015748 
vn -1 0.023622 0.015748 
vn -1 0.015748 0.015748 
vn -1 0.015748 0.023622 
vn -1 0.0708661 0 
vn -1 0.00787402 -0.023622 
vn -1 0.015748 -0.015748 
vn -1 0.023622 -0.015748 
vn -1 0.023622 -0.00787402 
vn 1 0.023622 0.015748 
vn 1 0.023622 0.015748 
vn 1 0 0 
vn 1 0.015748 0.015748 
vn 1 0.015748 0.023622 
vn 1 0 0 
vn 1 0.0708661 0 
vn 1 0.00787402 -0.023622 
vn 1 0.015748 -0.015748 
vn 1 0.023622 -0.015748 
vn 1 0.023622 -0.00787402 
vn -0.00787402 -1 0.00787402 
vn -0.00787402 -1 0.00787402 
vn -0.00787402 -1 0.00787402 
vn -0.84252 -0.535433 0.00787402 
vn -0.84252 -0.535433 0.00787402 
vn -0.84252 -0.535433 0.00787402 
vn -0.84252 -0.535433 0.00787402 
vn -0.84252 -0.535433 -0.00787402 
vn -0.84252 -0.535433 -0.00787402 
vn -0.84252 -0.535433 -0.00787402 
vn -0.84252 -0.535433 -0.00787402 
vn -0.566929 -0.637795 -0.519685 
vn -0.566929 -0.637795 -0.519685 
vn -0.566929 -0.637795 -0.519685 
vn -0.566929 -0.637795 -0.519685 
vn 0 -0.535433 -0.850394 
vn 0 -0.535433 -0.850394 
vn 0 -0.535433 -0.850394 
vn 0 -0.535433 -0.850394 
vn 0.566929 -0.637795 -0.519685 
vn 0.566929 -0.637795 -0.519685 
vn 0.566929 -0.637795 -0.519685 
vn 0.566929 -0.637795 -0.519685 
vn 0.84252 -0.535433 -0.00787402 
vn 0.84252 -0.535433 -0.00787402 
vn 0.84252 -0.535433 -0.00787402 
vn 0.84252 -0.535433 -0.00787402 
vn 0.84252 -0.535433 0.00787402 
vn 0.84252 -0.535433 0.00787402 
vn 0.84252 -0.535433 0.00787402 
vn 0.84252 -0.535433 0.00787402 
vn 0.566929 -0.637795 0.519685 
vn 0.566929 -0.637795 0.519685 
vn 0.566929 -0.637795 0.519685 
vn 0.566929 -0.637795 0.519685 
vn 0 -0.535433 0.850394 
vn 0 -0.535433 0.850394 
vn 0 -0.535433 0.850394 
vn 0 -0.535433 0.850394 
vn -0.566929 -0.637795 0.519685 
vn -0.566929 -0.637795 0.519685 
vn -0.566929 -0.637795 0.519685 
vn -0.566929 -0.637795 0.519685 
vn 0 -1 0 
vn 0 -1 0 
vn 0 -1 0 
vn 0 -1 -0.0393701 
vn 0 -1 -0.0393701 
vn 0 -1 -0.0393701 
vn 0 -1 -0.0393701 
vn 0.0787402 -1 0 
vn 0.0787402 -1 0 
vn 0.0787402 -1 0 
vn -0.00787402 -1 0.015748 
vn -0.00787402 -1 0.015748 
vn -0.00787402 -1 0.015748 
vn -0.00787402 -1 -0.0787402 
vn -0.00787402 -1 -0.0787402 
vn -0.00787402 -1 -0.0787402 
vn 0.0787402 -1 0 
vn 0.0787402 -1 0 
vn 0.0787402 -1 0 
vn 0 -1 0 
vn 0 -1 0 
vn 0 -1 0 
vn 0 -1 0 
vn -0.0787402 -1 0.00787402 
vn -0.0787402 -1 0.00787402 
vn -0.0787402 -1 0.00787402 
vn 0.0787402 -1 0.015748 
vn 0.0787402 -1 0.015748 
vn 0.0787402 -1 0.015748 
vn 0.0787402 -1 -0.015748 
vn 0.0787402 -1 -0.015748 
vn 0.0787402 -1 -0.015748 
vn -0.0787402 -1 -0.015748 
vn -0.0787402 -1 -0.015748 
vn -0.0787402 -1 -0.015748 
vn 0.0393701 -1 0.00787402 
vn 0.0393701 -1 0.00787402 
vn 0.0393701 -1 0.00787402 
vn 0 -1 0 
vn 0 -1 0 
vn 0 -1 0 
vn -0.708661 0.614173 0.338583 
vn -0.708661 0.614173 0.338583 
vn -0.708661 0.685039 -0.149606 
vn -0.708661 0.685039 -0.149606 
vn -0.716535 0.488189 0.503937 
vn -0.716535 0.488189 0.503937 
vn -0.716535 0.314961 0.622047 
vn -0.716535 0.314961 0.622047 
vn -0.708661 0 0.708661 
vn -0.708661 0 0.708661 
vn -0.716535 0.291339 -0.637795 
vn -0.716535 0.291339 -0.637795 
vn -0.708661 0.173228 -0.685039 
vn -0.708661 0.173228 -0.685039 
vn -0.708661 0.519685 -0.472441 
vn -0.708661 0.519685 -0.472441 
vn -0.708661 0.606299 -0.354331 
vn -0.708661 0.606299 -0.354331 
vn -0.716535 0.692913 0.11811 
vn -0.716535 0.692913 0.11811 
vn -0.708661 0.141732 0.692913 
vn -0.708661 0 0.708661 
vn -0.708661 0 0.708661 
vn -0.708661 0 -0.708661 
vn -0.708661 0 -0.708661 
vn -0.566929 -0.637795 -0.519685 
vn -0.566929 -0.637795 -0.519685 
vn -0.566929 -0.637795 -0.519685 
vn -0.566929 -0.637795 -0.519685 
vn -0.566929 -0.637795 0.519685 
vn -0.566929 -0.637795 0.519685 
vn -0.566929 -0.637795 0.519685 
vn -0.566929 -0.637795 0.519685 
vn -0.00787402 -1 -0.0787402 
vn -0.00787402 -1 -0.0787402 
vn -0.00787402 -1 -0.0787402 
vn -0.0787402 -1 0.00787402 
vn -0.0787402 -1 0.00787402 
vn -0.0787402 -1 0.00787402 
vn 0.716535 0.685039 -0.149606 
vn 0.716535 0.685039 -0.149606 
vn 0.708661 0.614173 0.338583 
vn 0.708661 0.614173 0.338583 
vn 0.708661 0.488189 0.503937 
vn 0.708661 0.488189 0.503937 
vn 0.716535 0.314961 0.622047 
vn 0.716535 0.314961 0.622047 
vn 0.708661 0.141732 0.692913 
vn 0.708661 0.141732 0.692913 
vn 0.716535 0.299213 -0.629921 
vn 0.716535 0.299213 -0.629921 
vn 0.708661 0.519685 -0.472441 
vn 0.708661 0.519685 -0.472441 
vn 0.708661 0.606299 -0.354331 
vn 0.708661 0.606299 -0.354331 
vn 0.716535 0.692913 0.11811 
vn 0.716535 0.692913 0.11811 
vn 0.708661 0 0.708661 
vn 0.708661 0.141732 0.692913 
vn 0.708661 0.141732 0.692913 
vn 0.708661 0 0.708661 
vn 0.708661 0 -0.708661 
vn 0.708661 0 -0.708661 
vn 0.566929 -0.637795 -0.519685 
vn 0.566929 -0.637795 -0.519685 
vn 0.566929 -0.637795 -0.519685 
vn 0.566929 -0.637795 -0.519685 
vn 0.566929 -0.637795 0.519685 
vn 0.566929 -0.637795 0.519685 
vn 0.566929 -0.637795 0.519685 
vn 0.566929 -0.637795 0.519685 
vn 0.0787402 -1 0 
vn 0.0787402 -1 0 
vn 0.0787402 -1 0 
vn 0.0787402 -1 0 
vn 0.0787402 -1 0 
vn 0.0787402 -1 0 

vt 0.92576 0.244886 
vt 0.923684 0.244886 
vt 0.923684 0.251709 
vt 0.92576 0.251709 
vt 0.921572 0.244919 
vt 0.923626 0.244919 
vt 0.923626 0.237121 
vt 0.921572 0.237121 
vt 0.923684 0.258555 
vt 0.92576 0.258555 
vt 0.923682 0.264307 
vt 0.92576 0.264307 
vt 0.923682 0.27174 
vt 0.925759 0.271742 
vt 0.851629 0.263345 
vt 0.853725 0.263345 
vt 0.853741 0.25598 
vt 0.851627 0.25598 
vt 0.855817 0.263345 
vt 0.853725 0.263345 
vt 0.853728 0.271841 
vt 0.855823 0.271841 
vt 0.853742 0.248586 
vt 0.851633 0.248586 
vt 0.853745 0.241797 
vt 0.851636 0.241796 
vt 0.853707 0.236641 
vt 0.851601 0.236641 
vt 0.991088 0.244886 
vt 0.993178 0.244886 
vt 0.993178 0.237088 
vt 0.991088 0.237088 
vt 0.714491 0.244986 
vt 0.716759 0.244986 
vt 0.716655 0.251809 
vt 0.714491 0.251809 
vt 0.716655 0.258654 
vt 0.714491 0.258654 
vt 0.716655 0.264407 
vt 0.714493 0.264407 
vt 0.716655 0.271845 
vt 0.714493 0.271845 
vt 0.786224 0.263345 
vt 0.783833 0.263345 
vt 0.783861 0.271841 
vt 0.786212 0.271841 
vt 0.781661 0.263346 
vt 0.783833 0.263345 
vt 0.783833 0.25598 
vt 0.781661 0.255981 
vt 0.783833 0.248586 
vt 0.781661 0.248586 
vt 0.783833 0.241797 
vt 0.781661 0.241797 
vt 0.783843 0.236641 
vt 0.781577 0.236641 
vt 0.921572 0.194177 
vt 0.923689 0.194231 
vt 0.923689 0.271787 
vt 0.921572 0.271733 
vt 0.716686 0.271742 
vt 0.714526 0.271742 
vt 0.714525 0.194185 
vt 0.716686 0.194185 
vt 0.853747 0.194285 
vt 0.855823 0.194285 
vt 0.781609 0.194285 
vt 0.783861 0.194285 
vt 0.783861 0.271841 
vt 0.781609 0.271841 
vt 0.92576 0.244886 
vt 0.92576 0.251709 
vt 0.991088 0.251709 
vt 0.991088 0.244886 
vt 0.92576 0.258555 
vt 0.991088 0.258555 
vt 0.92576 0.264307 
vt 0.991088 0.264307 
vt 0.851629 0.263345 
vt 0.851627 0.25598 
vt 0.786224 0.25598 
vt 0.786224 0.263345 
vt 0.851633 0.248586 
vt 0.786224 0.248586 
vt 0.851636 0.241796 
vt 0.786224 0.241796 
vt 0.851601 0.236641 
vt 0.786207 0.236641 
vt 0.925758 0.237088 
vt 0.991088 0.237088 
vt 0.921572 0.194178 
vt 0.921572 0.271733 
vt 0.888926 0.271841 
vt 0.888926 0.194285 
vt 0.925759 0.271742 
vt 0.925758 0.194185 
vt 0.991088 0.194185 
vt 0.991088 0.271742 
vt 0.716681 0.271841 
vt 0.716681 0.194285 
vt 0.749943 0.194285 
vt 0.749943 0.271841 
vt 0.855826 0.271841 
vt 0.855826 0.194285 
vt 0.888926 0.194285 
vt 0.851617 0.194285 
vt 0.851633 0.271841 
vt 0.786212 0.271841 
vt 0.786212 0.194285 
vt 0.781565 0.194285 
vt 0.781565 0.271841 
vt 0.749943 0.194285 
vt 0.991088 0.271745 
vt 0.908248 0.255571 
vt 0.899098 0.253073 
vt 0.915533 0.259485 
vt 0.920249 0.264445 
vt 0.856929 0.264912 
vt 0.859915 0.259819 
vt 0.867548 0.255773 
vt 0.877197 0.253158 
vt 0.888892 0.252232 
vt 0.739158 0.25342 
vt 0.729959 0.256208 
vt 0.749943 0.271841 
vt 0.722659 0.26055 
vt 0.717962 0.266034 
vt 0.781565 0.271841 
vt 0.781187 0.265937 
vt 0.777757 0.260538 
vt 0.770113 0.256262 
vt 0.76048 0.253517 
vt 0.74994 0.252571 
vt 0.755749 0.126946 
vt 0.785656 0.127054 
vt 0.785695 0.175882 
vt 0.921572 0.194178 
vt 0.888926 0.194285 
vt 0.888926 0.187527 
vt 0.921572 0.187527 
vt 0.888926 0.194285 
vt 0.855826 0.194285 
vt 0.855818 0.187527 
vt 0.888926 0.187527 
vt 0.855823 0.194285 
vt 0.853747 0.194285 
vt 0.853707 0.187526 
vt 0.855813 0.187526 
vt 0.851617 0.194285 
vt 0.786212 0.194285 
vt 0.786207 0.187526 
vt 0.851601 0.187526 
vt 0.786212 0.194285 
vt 0.783861 0.194285 
vt 0.783843 0.187526 
vt 0.786207 0.187526 
vt 0.781565 0.194285 
vt 0.749943 0.194285 
vt 0.749943 0.187526 
vt 0.781534 0.187526 
vt 0.749943 0.194285 
vt 0.716681 0.194285 
vt 0.716734 0.187526 
vt 0.749943 0.187526 
vt 0.716686 0.194185 
vt 0.714525 0.194185 
vt 0.714525 0.187432 
vt 0.716741 0.187427 
vt 0.991088 0.194185 
vt 0.925758 0.194185 
vt 0.925757 0.187429 
vt 0.991088 0.187426 
vt 0.925758 0.194185 
vt 0.923684 0.194132 
vt 0.923683 0.187429 
vt 0.925757 0.187429 
vt 0.753441 0.151604 
vt 0.755749 0.126946 
vt 0.755749 0.175886 
vt 0.785656 0.127054 
vt 0.755749 0.126946 
vt 0.755749 0.123306 
vt 0.785698 0.123306 
vt 0.755749 0.126946 
vt 0.754595 0.125184 
vt 0.755749 0.123306 
vt 0.788006 0.127062 
vt 0.788006 0.151604 
vt 0.785656 0.127054 
vt 0.788006 0.127062 
vt 0.785656 0.127054 
vt 0.786852 0.125184 
vt 0.755749 0.175886 
vt 0.754595 0.177706 
vt 0.753441 0.175828 
vt 0.785698 0.179584 
vt 0.755749 0.179584 
vt 0.755749 0.175886 
vt 0.785695 0.175882 
vt 0.785695 0.175882 
vt 0.786852 0.177706 
vt 0.785698 0.179584 
vt 0.753441 0.151604 
vt 0.753441 0.127062 
vt 0.755749 0.126946 
vt 0.753441 0.175828 
vt 0.753441 0.151604 
vt 0.755749 0.175886 
vt 0.788006 0.151604 
vt 0.788006 0.175828 
vt 0.785695 0.175882 
vt 0.788006 0.151604 
vt 0.785695 0.175882 
vt 0.785656 0.127054 
vt 0.755749 0.175886 
vt 0.755749 0.126946 
vt 0.785695 0.175882 
vt 0.923626 0.251742 
vt 0.921572 0.251742 
vt 0.923685 0.237088 
vt 0.925758 0.237088 
vt 0.923626 0.258588 
vt 0.921572 0.258588 
vt 0.923626 0.26434 
vt 0.921572 0.26434 
vt 0.923626 0.271674 
vt 0.921572 0.27168 
vt 0.853741 0.25598 
vt 0.855817 0.255981 
vt 0.853728 0.271841 
vt 0.851633 0.271841 
vt 0.853742 0.248586 
vt 0.855817 0.248586 
vt 0.853745 0.241797 
vt 0.855817 0.241797 
vt 0.853707 0.236641 
vt 0.855813 0.236641 
vt 0.923682 0.27174 
vt 0.923684 0.194132 
vt 0.925758 0.194185 
vt 0.853747 0.194285 
vt 0.851617 0.194285 
vt 0.853707 0.187526 
vt 0.853747 0.194285 
vt 0.851617 0.194285 
vt 0.851601 0.187526 
vt 0.923725 0.187526 
vt 0.923689 0.194231 
vt 0.921572 0.194177 
vt 0.921572 0.187526 
vt 0.786852 0.125184 
vt 0.785656 0.127054 
vt 0.785698 0.123306 
vt 0.786852 0.177706 
vt 0.785695 0.175882 
vt 0.788006 0.175828 
vt 0.716862 0.237188 
vt 0.714491 0.237188 
vt 0.993178 0.251709 
vt 0.991088 0.251709 
vt 0.993178 0.258555 
vt 0.991088 0.258555 
vt 0.99318 0.264307 
vt 0.991088 0.264307 
vt 0.99318 0.271745 
vt 0.991088 0.271745 
vt 0.783833 0.25598 
vt 0.786224 0.25598 
vt 0.783833 0.248586 
vt 0.786224 0.248586 
vt 0.783833 0.241797 
vt 0.786224 0.241796 
vt 0.783843 0.236641 
vt 0.786207 0.236641 
vt 0.993178 0.194185 
vt 0.99318 0.271742 
vt 0.991088 0.271742 
vt 0.991088 0.194185 
vt 0.783861 0.194285 
vt 0.786212 0.194285 
vt 0.783843 0.187526 
vt 0.783861 0.194285 
vt 0.781609 0.194285 
vt 0.781577 0.187526 
vt 0.993178 0.187432 
vt 0.993178 0.194185 
vt 0.991088 0.194185 
vt 0.991088 0.187426 
vt 0.754595 0.177706 
vt 0.755749 0.175886 
vt 0.755749 0.179584 
vt 0.754595 0.125184 
vt 0.755749 0.126946 
vt 0.753441 0.127062 

usemtl Alreadypro1Mtl

f 4874/4874/4874 4875/4875/4875 4876/4876/4876 
f 4874/4874/4874 4876/4876/4876 4877/4877/4877 
f 4878/4878/4878 4879/4879/4879 4880/4880/4880 
f 4878/4878/4878 4880/4880/4880 4881/4881/4881 
f 4877/4877/4877 4876/4876/4876 4882/4882/4882 
f 4877/4877/4877 4882/4882/4882 4883/4883/4883 
f 4883/4883/4883 4882/4882/4882 4884/4884/4884 
f 4883/4883/4883 4884/4884/4884 4885/4885/4885 
f 4885/4885/4885 4884/4884/4884 4886/4886/4886 
f 4885/4885/4885 4886/4886/4886 4887/4887/4887 
f 4888/4888/4888 4889/4889/4889 4890/4890/4890 
f 4888/4888/4888 4890/4890/4890 4891/4891/4891 
f 4892/4892/4892 4893/4893/4893 4894/4894/4894 
f 4892/4892/4892 4894/4894/4894 4895/4895/4895 
f 4891/4891/4891 4890/4890/4890 4896/4896/4896 
f 4891/4891/4891 4896/4896/4896 4897/4897/4897 
f 4897/4897/4897 4896/4896/4896 4898/4898/4898 
f 4897/4897/4897 4898/4898/4898 4899/4899/4899 
f 4899/4899/4899 4898/4898/4898 4900/4900/4900 
f 4899/4899/4899 4900/4900/4900 4901/4901/4901 
f 4902/4902/4902 4903/4903/4903 4904/4904/4904 
f 4902/4902/4902 4904/4904/4904 4905/4905/4905 
f 4906/4906/4906 4907/4907/4907 4908/4908/4908 
f 4906/4906/4906 4908/4908/4908 4909/4909/4909 
f 4909/4909/4909 4908/4908/4908 4910/4910/4910 
f 4909/4909/4909 4910/4910/4910 4911/4911/4911 
f 4911/4911/4911 4910/4910/4910 4912/4912/4912 
f 4911/4911/4911 4912/4912/4912 4913/4913/4913 
f 4913/4913/4913 4912/4912/4912 4914/4914/4914 
f 4913/4913/4913 4914/4914/4914 4915/4915/4915 
f 4916/4916/4916 4917/4917/4917 4918/4918/4918 
f 4916/4916/4916 4918/4918/4918 4919/4919/4919 
f 4920/4920/4920 4921/4921/4921 4922/4922/4922 
f 4920/4920/4920 4922/4922/4922 4923/4923/4923 
f 4923/4923/4923 4922/4922/4922 4924/4924/4924 
f 4923/4923/4923 4924/4924/4924 4925/4925/4925 
f 4925/4925/4925 4924/4924/4924 4926/4926/4926 
f 4925/4925/4925 4926/4926/4926 4927/4927/4927 
f 4927/4927/4927 4926/4926/4926 4928/4928/4928 
f 4927/4927/4927 4928/4928/4928 4929/4929/4929 
f 4930/4930/4930 4931/4931/4931 4932/4932/4932 
f 4930/4930/4930 4932/4932/4932 4933/4933/4933 
f 4934/4934/4934 4935/4935/4935 4936/4936/4936 
f 4934/4934/4934 4936/4936/4936 4937/4937/4937 
f 4895/4895/4895 4894/4894/4894 4938/4938/4938 
f 4895/4895/4895 4938/4938/4938 4939/4939/4939 
f 4940/4940/4940 4941/4941/4941 4942/4942/4942 
f 4940/4940/4940 4942/4942/4942 4943/4943/4943 
f 4944/4944/4944 4945/4945/4945 4946/4946/4946 
f 4944/4944/4944 4946/4946/4946 4947/4947/4947 
f 4945/4945/4945 4948/4948/4948 4949/4949/4949 
f 4945/4945/4945 4949/4949/4949 4946/4946/4946 
f 4948/4948/4948 4950/4950/4950 4951/4951/4951 
f 4948/4948/4948 4951/4951/4951 4949/4949/4949 
f 4952/4952/4952 4953/4953/4953 4954/4954/4954 
f 4952/4952/4952 4954/4954/4954 4955/4955/4955 
f 4953/4953/4953 4956/4956/4956 4957/4957/4957 
f 4953/4953/4953 4957/4957/4957 4954/4954/4954 
f 4956/4956/4956 4958/4958/4958 4959/4959/4959 
f 4956/4956/4956 4959/4959/4959 4957/4957/4957 
f 4958/4958/4958 4960/4960/4960 4961/4961/4961 
f 4958/4958/4958 4961/4961/4961 4959/4959/4959 
f 4962/4962/4962 4944/4944/4944 4947/4947/4947 
f 4962/4962/4962 4947/4947/4947 4963/4963/4963 
f 4964/4964/4964 4965/4965/4965 4966/4966/4966 
f 4964/4964/4964 4966/4966/4966 4967/4967/4967 
f 4968/4968/4968 4969/4969/4969 4970/4970/4970 
f 4968/4968/4968 4970/4970/4970 4971/4971/4971 
f 4972/4972/4972 4973/4973/4973 4974/4974/4974 
f 4972/4972/4972 4974/4974/4974 4975/4975/4975 
f 4976/4976/4976 4977/4977/4977 4978/4978/4978 
f 4976/4976/4976 4978/4978/4978 4966/4966/4966 
f 4979/4979/4979 4980/4980/4980 4981/4981/4981 
f 4979/4979/4979 4981/4981/4981 4982/4982/4982 
f 4983/4983/4983 4984/4984/4984 4975/4975/4975 
f 4983/4983/4983 4975/4975/4975 4985/4985/4985 
f 4950/4950/4950 4968/4968/4968 4986/4986/4986 
f 4950/4950/4950 4986/4986/4986 4951/4951/4951 
f 4980/4980/4980 4952/4952/4952 4955/4955/4955 
f 4980/4980/4980 4955/4955/4955 4981/4981/4981 
f 4987/4987/4987 4988/4988/4988 4966/4966/4966 
f 4989/4989/4989 4987/4987/4987 4966/4966/4966 
f 4990/4990/4990 4989/4989/4989 4966/4966/4966 
f 4965/4965/4965 4990/4990/4990 4966/4966/4966 
f 4991/4991/4991 4976/4976/4976 4966/4966/4966 
f 4992/4992/4992 4991/4991/4991 4966/4966/4966 
f 4993/4993/4993 4992/4992/4992 4966/4966/4966 
f 4994/4994/4994 4993/4993/4993 4966/4966/4966 
f 4995/4995/4995 4994/4994/4994 4966/4966/4966 
f 4988/4988/4988 4995/4995/4995 4966/4966/4966 
f 4996/4996/4996 4997/4997/4997 4998/4998/4998 
f 4997/4997/4997 4999/4999/4999 4998/4998/4998 
f 4999/4999/4999 5000/5000/5000 4998/4998/4998 
f 5000/5000/5000 4972/4972/4972 4998/4998/4998 
f 5001/5001/5001 5002/5002/5002 4975/4975/4975 
f 5002/5002/5002 5003/5003/5003 4975/4975/4975 
f 5003/5003/5003 5004/5004/5004 4975/4975/4975 
f 5004/5004/5004 5005/5005/5005 4975/4975/4975 
f 5005/5005/5005 5006/5006/5006 4975/4975/4975 
f 5006/5006/5006 4996/4996/4996 4998/4998/4998 
f 5007/5007/5007 5008/5008/5008 5009/5009/5009 
f 5010/5010/5010 5011/5011/5011 5012/5012/5012 
f 5010/5010/5010 5012/5012/5012 5013/5013/5013 
f 5014/5014/5014 5015/5015/5015 5016/5016/5016 
f 5014/5014/5014 5016/5016/5016 5017/5017/5017 
f 5018/5018/5018 5019/5019/5019 5020/5020/5020 
f 5018/5018/5018 5020/5020/5020 5021/5021/5021 
f 5022/5022/5022 5023/5023/5023 5024/5024/5024 
f 5022/5022/5022 5024/5024/5024 5025/5025/5025 
f 5026/5026/5026 5027/5027/5027 5028/5028/5028 
f 5026/5026/5026 5028/5028/5028 5029/5029/5029 
f 5030/5030/5030 5031/5031/5031 5032/5032/5032 
f 5030/5030/5030 5032/5032/5032 5033/5033/5033 
f 5034/5034/5034 5035/5035/5035 5036/5036/5036 
f 5034/5034/5034 5036/5036/5036 5037/5037/5037 
f 5038/5038/5038 5039/5039/5039 5040/5040/5040 
f 5038/5038/5038 5040/5040/5040 5041/5041/5041 
f 5042/5042/5042 5043/5043/5043 5044/5044/5044 
f 5042/5042/5042 5044/5044/5044 5045/5045/5045 
f 5046/5046/5046 5047/5047/5047 5048/5048/5048 
f 5046/5046/5046 5048/5048/5048 5049/5049/5049 
f 5050/5050/5050 5051/5051/5051 5052/5052/5052 
f 5053/5053/5053 5054/5054/5054 5055/5055/5055 
f 5053/5053/5053 5055/5055/5055 5056/5056/5056 
f 5057/5057/5057 5058/5058/5058 5059/5059/5059 
f 5060/5060/5060 5061/5061/5061 5062/5062/5062 
f 5063/5063/5063 5064/5064/5064 5065/5065/5065 
f 5066/5066/5066 5067/5067/5067 5068/5068/5068 
f 5069/5069/5069 5070/5070/5070 5071/5071/5071 
f 5069/5069/5069 5071/5071/5071 5072/5072/5072 
f 5073/5073/5073 5074/5074/5074 5075/5075/5075 
f 5076/5076/5076 5077/5077/5077 5078/5078/5078 
f 5079/5079/5079 5080/5080/5080 5081/5081/5081 
f 5082/5082/5082 5083/5083/5083 5084/5084/5084 
f 5085/5085/5085 5086/5086/5086 5087/5087/5087 
f 5088/5088/5088 5089/5089/5089 5090/5090/5090 
f 5091/5091/5091 4879/4879/4879 4878/4878/4878 
f 5091/5091/5091 4878/4878/4878 5092/5092/5092 
f 5093/5093/5093 4875/4875/4875 4874/4874/4874 
f 5093/5093/5093 4874/4874/4874 5094/5094/5094 
f 5095/5095/5095 5091/5091/5091 5092/5092/5092 
f 5095/5095/5095 5092/5092/5092 5096/5096/5096 
f 5097/5097/5097 5095/5095/5095 5096/5096/5096 
f 5097/5097/5097 5096/5096/5096 5098/5098/5098 
f 5099/5099/5099 5097/5097/5097 5098/5098/5098 
f 5099/5099/5099 5098/5098/5098 5100/5100/5100 
f 5101/5101/5101 4893/4893/4893 4892/4892/4892 
f 5101/5101/5101 4892/4892/4892 5102/5102/5102 
f 5103/5103/5103 4889/4889/4889 4888/4888/4888 
f 5103/5103/5103 4888/4888/4888 5104/5104/5104 
f 5105/5105/5105 5101/5101/5101 5102/5102/5102 
f 5105/5105/5105 5102/5102/5102 5106/5106/5106 
f 5107/5107/5107 5105/5105/5105 5106/5106/5106 
f 5107/5107/5107 5106/5106/5106 5108/5108/5108 
f 5109/5109/5109 5107/5107/5107 5108/5108/5108 
f 5109/5109/5109 5108/5108/5108 5110/5110/5110 
f 5111/5111/5111 5112/5112/5112 5113/5113/5113 
f 5111/5111/5111 5113/5113/5113 4887/4887/4887 
f 5114/5114/5114 5103/5103/5103 5104/5104/5104 
f 5114/5114/5114 5104/5104/5104 5115/5115/5115 
f 5116/5116/5116 5117/5117/5117 5118/5118/5118 
f 5116/5116/5116 5118/5118/5118 5119/5119/5119 
f 5120/5120/5120 5121/5121/5121 5122/5122/5122 
f 5120/5120/5120 5122/5122/5122 5123/5123/5123 
f 5124/5124/5124 5125/5125/5125 5126/5126/5126 
f 5127/5127/5127 5128/5128/5128 5129/5129/5129 
f 5130/5130/5130 4907/4907/4907 4906/4906/4906 
f 5130/5130/5130 4906/4906/4906 5131/5131/5131 
f 5132/5132/5132 4903/4903/4903 4902/4902/4902 
f 5132/5132/5132 4902/4902/4902 5133/5133/5133 
f 5134/5134/5134 5132/5132/5132 5133/5133/5133 
f 5134/5134/5134 5133/5133/5133 5135/5135/5135 
f 5136/5136/5136 5134/5134/5134 5135/5135/5135 
f 5136/5136/5136 5135/5135/5135 5137/5137/5137 
f 5138/5138/5138 5136/5136/5136 5137/5137/5137 
f 5138/5138/5138 5137/5137/5137 5139/5139/5139 
f 4942/4942/4942 4921/4921/4921 4920/4920/4920 
f 4942/4942/4942 4920/4920/4920 4943/4943/4943 
f 5140/5140/5140 4917/4917/4917 4916/4916/4916 
f 5140/5140/5140 4916/4916/4916 5141/5141/5141 
f 5142/5142/5142 5140/5140/5140 5141/5141/5141 
f 5142/5142/5142 5141/5141/5141 5143/5143/5143 
f 5144/5144/5144 5142/5142/5142 5143/5143/5143 
f 5144/5144/5144 5143/5143/5143 5145/5145/5145 
f 5146/5146/5146 5144/5144/5144 5145/5145/5145 
f 5146/5146/5146 5145/5145/5145 5147/5147/5147 
f 5148/5148/5148 5149/5149/5149 5150/5150/5150 
f 5148/5148/5148 5150/5150/5150 5151/5151/5151 
f 4918/4918/4918 5152/5152/5152 5153/5153/5153 
f 4918/4918/4918 5153/5153/5153 4919/4919/4919 
f 5154/5154/5154 5155/5155/5155 5156/5156/5156 
f 5154/5154/5154 5156/5156/5156 5157/5157/5157 
f 5158/5158/5158 5159/5159/5159 5160/5160/5160 
f 5158/5158/5158 5160/5160/5160 5161/5161/5161 
f 5162/5162/5162 5163/5163/5163 5164/5164/5164 
f 5165/5165/5165 5166/5166/5166 5167/5167/5167 

g Alreadypro5

v -30.1478 4.29153e-06 -31.7167 
v -30.0835 4.29153e-06 -31.7167 
v -30.1156 4.29153e-06 -31.6914 
v -31.0523 4.29153e-06 -31.6907 
v -31.0219 4.29153e-06 -31.6661 
v -31.0219 0.18969 -31.6661 
v -31.0523 0.18969 -31.6907 
v -30.0835 0.18969 -32.6136 
v -30.0835 4.05312e-06 -32.6136 
v -30.1478 4.05312e-06 -32.6661 
v -30.1478 0.18969 -32.6661 
v -31.0219 4.05312e-06 -32.6661 
v -31.0219 4.05312e-06 -32.615 
v -31.0835 4.05312e-06 -32.6136 
v -31.0219 0.18969 -31.6661 
v -31.0219 4.29153e-06 -31.6661 
v -30.1478 4.29153e-06 -31.6661 
v -30.1478 0.18969 -31.6661 
v -31.0219 0.18969 -32.6661 
v -31.0219 4.05312e-06 -32.6661 
v -31.0835 4.05312e-06 -32.6136 
v -31.0835 0.18969 -32.6136 
v -31.0219 0.249484 -32.615 
v -31.0219 0.18969 -32.6661 
v -31.0835 0.18969 -32.6136 
v -31.0219 0.249484 -31.7167 
v -31.0219 0.18969 -31.6661 
v -30.1478 0.18969 -31.6661 
v -30.1478 0.249556 -31.7167 
v -30.1478 4.05312e-06 -32.6661 
v -30.1478 4.05312e-06 -32.615 
v -30.1478 0.18969 -32.6661 
v -30.1478 4.05312e-06 -32.6661 
v -31.0219 4.05312e-06 -32.6661 
v -31.0219 0.18969 -32.6661 
v -30.1478 0.18969 -31.6661 
v -30.1478 4.29153e-06 -31.6661 
v -30.1156 4.29153e-06 -31.6914 
v -30.1156 0.18969 -31.6914 
v -30.0835 4.05312e-06 -32.6136 
v -30.0835 4.05312e-06 -32.6136 
v -30.0835 0.18969 -32.6136 
v -30.0835 0.18969 -31.7167 
v -30.0835 4.29153e-06 -31.7167 
v -31.0219 0.249484 -32.615 
v -31.0835 0.18969 -32.6136 
v -31.0827 0.18969 -31.7154 
v -31.0219 0.249484 -31.7167 
v -30.1477 0.249604 -32.615 
v -30.0835 0.18969 -32.6136 
v -30.1478 0.18969 -32.6661 
v -31.0835 4.05312e-06 -32.6136 
v -31.0219 4.29153e-06 -31.7167 
v -31.0827 4.29153e-06 -31.7154 
v -31.0219 0.249484 -32.615 
v -30.1477 0.249604 -32.615 
v -30.1478 0.18969 -32.6661 
v -31.0219 0.18969 -32.6661 
v -31.0827 4.29153e-06 -31.7154 
v -31.0827 0.18969 -31.7154 
v -31.0835 0.18969 -32.6136 
v -31.0835 4.05312e-06 -32.6136 
v -30.1478 0.249556 -31.7167 
v -30.0835 0.18969 -31.7167 
v -30.0835 0.18969 -32.6136 
v -30.1477 0.249604 -32.615 
v -30.1478 0.249556 -31.7167 
v -30.1478 0.18969 -31.6661 
v -30.1156 0.18969 -31.6914 
v -31.0219 0.249484 -31.7167 
v -31.0523 0.18969 -31.6907 
v -31.0219 0.18969 -31.6661 
v -31.0219 4.29153e-06 -31.6661 
v -31.0523 4.29153e-06 -31.6907 
v -31.0827 4.29153e-06 -31.7154 
v -30.1478 4.29153e-06 -31.6661 
v -30.5766 0.29944 -32.1681 
v -30.2892 0.300004 -31.8481 
v -30.2892 0.300004 -32.487 
v -31.0219 0.249484 -31.7167 
v -30.8641 0.300004 -31.8481 
v -30.8641 0.300004 -32.487 
v -31.0219 0.249484 -32.615 
v -30.1478 0.249556 -31.7167 
v -30.1477 0.249604 -32.615 
v -30.1156 4.29153e-06 -31.6914 
v -30.0835 4.29153e-06 -31.7167 
v -30.0835 0.18969 -31.7167 
v -30.1156 0.18969 -31.6914 
v -30.1156 0.18969 -31.6914 
v -30.0835 0.18969 -31.7167 
v -30.1478 0.249556 -31.7167 
v -31.0219 0.249484 -31.7167 
v -31.0827 0.18969 -31.7154 
v -31.0523 0.18969 -31.6907 
v -31.0523 0.18969 -31.6907 
v -31.0827 0.18969 -31.7154 
v -31.0827 4.29153e-06 -31.7154 
v -31.0523 4.29153e-06 -31.6907 

vn 0.0708661 -1 0.023622 
vn 0.0708661 -1 0.023622 
vn 0.0708661 -1 0.023622 
vn -0.629921 0 0.779528 
vn -0.511811 0.535433 0.669291 
vn -0.511811 0.535433 0.669291 
vn -0.629921 0 0.779528 
vn 0.551181 0.527559 -0.653543 
vn 0.551181 0.519685 -0.653543 
vn 0.551181 0.519685 -0.653543 
vn 0.551181 0.527559 -0.653543 
vn 0.0708661 -1 -0.023622 
vn 0.0787402 -1 -0.023622 
vn 0.0708661 -1 -0.023622 
vn 0.023622 0.527559 0.850394 
vn 0.023622 0.527559 0.850394 
vn 0.023622 0.527559 0.850394 
vn 0.023622 0.527559 0.850394 
vn -0.527559 0.543307 -0.653543 
vn -0.527559 0.535433 -0.661417 
vn -0.527559 0.535433 -0.661417 
vn -0.527559 0.535433 -0.653543 
vn -0.511811 0.614173 -0.598425 
vn -0.330709 0.850394 -0.417323 
vn -0.330709 0.850394 -0.417323 
vn 0 0.708661 0.700787 
vn 0.015748 0.88189 0.464567 
vn 0.015748 0.88189 0.464567 
vn 0 0.708661 0.700787 
vn 0.0708661 -1 -0.023622 
vn 0.0708661 -1 -0.023622 
vn 0.023622 0.527559 -0.850394 
vn 0.023622 0.527559 -0.850394 
vn 0.023622 0.527559 -0.850394 
vn 0.023622 0.527559 -0.850394 
vn 0.535433 0.527559 0.661417 
vn 0.535433 0.519685 0.661417 
vn 0.622047 0 0.787402 
vn 0.622047 0 0.787402 
vn 0.0708661 -1 -0.023622 
vn 0.850394 0.519685 -0.00787402 
vn 0.850394 0.527559 -0.00787402 
vn 0.850394 0.527559 0.00787402 
vn 0.850394 0.519685 0.00787402 
vn -0.629921 0.771654 0 
vn -0.393701 0.92126 -0.00787402 
vn -0.393701 0.92126 0.00787402 
vn -0.629921 0.771654 0 
vn 0.496063 0.622047 -0.606299 
vn 0.354331 0.84252 -0.409449 
vn 0.354331 0.84252 -0.417323 
vn 0.0708661 -1 -0.023622 
vn 0.0787402 -1 0.023622 
vn 0.0787402 -1 0.023622 
vn 0 0.716535 -0.700787 
vn 0 0.716535 -0.700787 
vn 0.015748 0.88189 -0.464567 
vn 0.015748 0.88189 -0.464567 
vn -0.84252 0.543307 0.00787402 
vn -0.834646 0.543307 0.00787402 
vn -0.834646 0.543307 -0.00787402 
vn -0.84252 0.543307 -0.00787402 
vn 0.614173 0.787402 0 
vn 0.409449 0.913386 0.00787402 
vn 0.409449 0.913386 -0.00787402 
vn 0.614173 0.787402 0 
vn 0.480315 0.622047 0.614173 
vn 0.338583 0.84252 0.417323 
vn 0.480315 0.622047 0.614173 
vn -0.496063 0.622047 0.606299 
vn -0.496063 0.622047 0.606299 
vn -0.314961 0.850394 0.417323 
vn 0.0708661 -1 0.023622 
vn 0.0708661 -1 0.023622 
vn 0.0787402 -1 0.023622 
vn 0.0708661 -1 0.023622 
vn 0.015748 1 0 
vn 0.015748 1 0 
vn 0.015748 1 -0.00787402 
vn -0.307087 0.952756 0 
vn -0.173228 0.984252 0 
vn -0.173228 0.984252 -0.00787402 
vn -0.307087 0.952756 0 
vn 0 0.937008 0.362205 
vn 0 0.929134 -0.370079 
vn 0.622047 0 0.787402 
vn 0.535433 0.519685 0.661417 
vn 0.535433 0.527559 0.661417 
vn 0.622047 0 0.787402 
vn 0.480315 0.622047 0.614173 
vn 0.338583 0.84252 0.417323 
vn 0.480315 0.622047 0.614173 
vn -0.496063 0.622047 0.606299 
vn -0.314961 0.850394 0.417323 
vn -0.496063 0.622047 0.606299 
vn -0.629921 0 0.779528 
vn -0.511811 0.535433 0.669291 
vn -0.511811 0.535433 0.669291 
vn -0.629921 0 0.779528 

vt 0.932098 0.00945127 
vt 0.928008 0.00945127 
vt 0.930053 0.00669563 
vt 0.714208 0.0532517 
vt 0.716139 0.0532517 
vt 0.716139 0.0771211 
vt 0.714208 0.0771211 
vt 0.781969 0.112179 
vt 0.781969 0.088384 
vt 0.785944 0.088384 
vt 0.785944 0.112179 
vt 0.993658 0.116012 
vt 0.993658 0.110449 
vt 0.997577 0.110292 
vt 0.716139 0.0771211 
vt 0.716139 0.0532517 
vt 0.781832 0.0532517 
vt 0.781832 0.0771211 
vt 0.851689 0.112179 
vt 0.851689 0.088384 
vt 0.855797 0.088384 
vt 0.855797 0.112179 
vt 0.853809 0.116017 
vt 0.851689 0.112179 
vt 0.855797 0.112179 
vt 0.714209 0.0809641 
vt 0.716139 0.0771211 
vt 0.781832 0.0771211 
vt 0.783556 0.0809641 
vt 0.932098 0.116012 
vt 0.932098 0.110449 
vt 0.785944 0.112179 
vt 0.785944 0.088384 
vt 0.851689 0.088384 
vt 0.851689 0.112179 
vt 0.781832 0.0771211 
vt 0.781832 0.0532517 
vt 0.783572 0.0532517 
vt 0.783572 0.0771211 
vt 0.928008 0.110294 
vt 0.781969 0.088384 
vt 0.781969 0.112179 
vt 0.715835 0.112179 
vt 0.715835 0.088384 
vt 0.853809 0.116017 
vt 0.855797 0.112179 
vt 0.921619 0.112179 
vt 0.923431 0.116017 
vt 0.783926 0.116017 
vt 0.781969 0.112179 
vt 0.785944 0.112179 
vt 0.997577 0.110292 
vt 0.993658 0.00945127 
vt 0.997526 0.00930679 
vt 0.853809 0.116017 
vt 0.783926 0.116017 
vt 0.785944 0.112179 
vt 0.851689 0.112179 
vt 0.921619 0.088384 
vt 0.921619 0.112179 
vt 0.855797 0.112179 
vt 0.855797 0.088384 
vt 0.714104 0.116017 
vt 0.715835 0.112179 
vt 0.781969 0.112179 
vt 0.783926 0.116017 
vt 0.783556 0.0809641 
vt 0.781832 0.0771211 
vt 0.783572 0.0771211 
vt 0.714209 0.0809641 
vt 0.714208 0.0771211 
vt 0.716139 0.0771211 
vt 0.993658 0.00394058 
vt 0.995592 0.00662369 
vt 0.997526 0.00930679 
vt 0.932098 0.00393999 
vt 0.905589 0.0526234 
vt 0.893762 0.0727888 
vt 0.893762 0.0327783 
vt 0.923503 0.0807009 
vt 0.918026 0.0727888 
vt 0.918026 0.0327783 
vt 0.923503 0.025 
vt 0.888853 0.0807005 
vt 0.88885 0.025 
vt 0.714104 0.0883839 
vt 0.715835 0.0883839 
vt 0.715835 0.112179 
vt 0.714104 0.112179 
vt 0.714104 0.112179 
vt 0.715835 0.112179 
vt 0.714104 0.116022 
vt 0.923431 0.116034 
vt 0.921619 0.112179 
vt 0.923431 0.112179 
vt 0.923431 0.112179 
vt 0.921619 0.112179 
vt 0.921619 0.0883839 
vt 0.923431 0.0883839 

usemtl Alreadypro1Mtl

f 5168/5168/5168 5169/5169/5169 5170/5170/5170 
f 5171/5171/5171 5172/5172/5172 5173/5173/5173 
f 5171/5171/5171 5173/5173/5173 5174/5174/5174 
f 5175/5175/5175 5176/5176/5176 5177/5177/5177 
f 5175/5175/5175 5177/5177/5177 5178/5178/5178 
f 5179/5179/5179 5180/5180/5180 5181/5181/5181 
f 5182/5182/5182 5183/5183/5183 5184/5184/5184 
f 5182/5182/5182 5184/5184/5184 5185/5185/5185 
f 5186/5186/5186 5187/5187/5187 5188/5188/5188 
f 5186/5186/5186 5188/5188/5188 5189/5189/5189 
f 5190/5190/5190 5191/5191/5191 5192/5192/5192 
f 5193/5193/5193 5194/5194/5194 5195/5195/5195 
f 5193/5193/5193 5195/5195/5195 5196/5196/5196 
f 5197/5197/5197 5198/5198/5198 5180/5180/5180 
f 5197/5197/5197 5180/5180/5180 5179/5179/5179 
f 5199/5199/5199 5200/5200/5200 5201/5201/5201 
f 5199/5199/5199 5201/5201/5201 5202/5202/5202 
f 5203/5203/5203 5204/5204/5204 5205/5205/5205 
f 5203/5203/5203 5205/5205/5205 5206/5206/5206 
f 5207/5207/5207 5198/5198/5198 5197/5197/5197 
f 5208/5208/5208 5209/5209/5209 5210/5210/5210 
f 5208/5208/5208 5210/5210/5210 5211/5211/5211 
f 5212/5212/5212 5213/5213/5213 5214/5214/5214 
f 5212/5212/5212 5214/5214/5214 5215/5215/5215 
f 5216/5216/5216 5217/5217/5217 5218/5218/5218 
f 5219/5219/5219 5180/5180/5180 5220/5220/5220 
f 5219/5219/5219 5220/5220/5220 5221/5221/5221 
f 5180/5180/5180 5198/5198/5198 5168/5168/5168 
f 5180/5180/5180 5168/5168/5168 5220/5220/5220 
f 5222/5222/5222 5223/5223/5223 5224/5224/5224 
f 5222/5222/5222 5224/5224/5224 5225/5225/5225 
f 5169/5169/5169 5168/5168/5168 5198/5198/5198 
f 5169/5169/5169 5198/5198/5198 5207/5207/5207 
f 5226/5226/5226 5227/5227/5227 5228/5228/5228 
f 5226/5226/5226 5228/5228/5228 5229/5229/5229 
f 5230/5230/5230 5231/5231/5231 5232/5232/5232 
f 5230/5230/5230 5232/5232/5232 5233/5233/5233 
f 5234/5234/5234 5235/5235/5235 5236/5236/5236 
f 5237/5237/5237 5238/5238/5238 5239/5239/5239 
f 5220/5220/5220 5240/5240/5240 5241/5241/5241 
f 5220/5220/5220 5241/5241/5241 5242/5242/5242 
f 5220/5220/5220 5168/5168/5168 5243/5243/5243 
f 5220/5220/5220 5243/5243/5243 5240/5240/5240 
f 5244/5244/5244 5245/5245/5245 5246/5246/5246 
f 5247/5247/5247 5248/5248/5248 5249/5249/5249 
f 5247/5247/5247 5249/5249/5249 5250/5250/5250 
f 5251/5251/5251 5245/5245/5245 5248/5248/5248 
f 5251/5251/5251 5248/5248/5248 5247/5247/5247 
f 5246/5246/5246 5252/5252/5252 5250/5250/5250 
f 5246/5246/5246 5250/5250/5250 5249/5249/5249 
f 5251/5251/5251 5252/5252/5252 5246/5246/5246 
f 5251/5251/5251 5246/5246/5246 5245/5245/5245 
f 5249/5249/5249 5244/5244/5244 5246/5246/5246 
f 5244/5244/5244 5249/5249/5249 5248/5248/5248 
f 5245/5245/5245 5244/5244/5244 5248/5248/5248 
f 5253/5253/5253 5254/5254/5254 5255/5255/5255 
f 5253/5253/5253 5255/5255/5255 5256/5256/5256 
f 5170/5170/5170 5243/5243/5243 5168/5168/5168 
f 5257/5257/5257 5258/5258/5258 5259/5259/5259 
f 5260/5260/5260 5261/5261/5261 5262/5262/5262 
f 5263/5263/5263 5264/5264/5264 5265/5265/5265 
f 5263/5263/5263 5265/5265/5265 5266/5266/5266 

g Alreadypro6

v -31.1503 2.23035 -32.009 
v -31.1503 2.16627 -31.8699 
v -31.1169 2.13833 -31.8898 
v -31.1169 2.1983 -32.0194 
v -31.0835 2.16613 -32.0299 
v -31.0835 2.1839 -32.1689 
v -31.1169 2.21703 -32.1689 
v -31.1169 2.1983 -32.0194 
v -31.1503 2.05774 -31.7595 
v -31.1169 2.03795 -31.7869 
v -31.1503 1.91847 -31.6887 
v -31.1169 1.9079 -31.7208 
v -31.1503 1.78317 -31.6661 
v -31.1169 1.7804 -31.6995 
v -31.1557 1.07272 -31.6888 
v -31.1557 0.933462 -31.7597 
v -31.1228 0.953218 -31.787 
v -31.1228 1.08329 -31.7208 
v -31.0898 1.09387 -31.7529 
v -31.0835 1.18356 -31.7329 
v -31.1169 1.18078 -31.6995 
v -31.1228 1.08329 -31.7208 
v -31.1557 0.825269 -31.8701 
v -31.1228 0.853186 -31.8899 
v -31.1557 0.769476 -32.0092 
v -31.1228 0.801545 -32.0196 
v -31.1643 0.750004 -32.1691 
v -31.132 0.782978 -32.1691 
v -31.1643 0.750004 -32.1691 
v -31.1643 0.769765 -32.3232 
v -31.132 0.80181 -32.3128 
v -31.132 0.782978 -32.1691 
v -31.1557 0.825509 -32.4623 
v -31.1228 0.853431 -32.4425 
v -31.1557 0.934817 -32.5673 
v -31.1228 0.954602 -32.54 
v -31.1557 1.02449 -32.6223 
v -31.1228 1.03506 -32.5902 
v -31.1503 1.17812 -32.6661 
v -31.1169 1.18089 -32.6327 
v -31.1503 1.91857 -32.6434 
v -31.1503 2.05784 -32.5726 
v -31.1169 2.03805 -32.5452 
v -31.1169 1.908 -32.6114 
v -31.0835 1.89742 -32.5793 
v -31.0835 1.77773 -32.5993 
v -31.1169 1.78051 -32.6327 
v -31.1503 2.16618 -32.4622 
v -31.1169 2.13822 -32.4423 
v -31.1503 2.23013 -32.3231 
v -31.1169 2.1981 -32.3126 
v -31.1503 2.25 -32.1689 
v -31.1169 2.21703 -32.1689 
v -32.0167 2.23035 -32.009 
v -32.0167 2.25 -32.1689 
v -32.0501 2.21703 -32.1689 
v -32.0501 2.1983 -32.0194 
v -32.0835 2.16632 -32.0299 
v -32.0835 2.11109 -31.9096 
v -32.0501 2.1384 -31.8898 
v -32.0835 2.01826 -31.8142 
v -32.0501 2.03801 -31.7869 
v -32.0835 1.89733 -31.7528 
v -32.0501 1.9079 -31.7208 
v -32.0835 1.77764 -31.7328 
v -32.0501 1.7804 -31.6995 
v -32.0112 1.07272 -31.6888 
v -32.0167 1.17801 -31.6662 
v -32.0501 1.18078 -31.6995 
v -32.0442 1.08329 -31.7208 
v -32.0772 1.09387 -31.7529 
v -32.0772 0.973039 -31.8143 
v -32.0442 0.953218 -31.787 
v -32.0772 0.880582 -31.9098 
v -32.0442 0.853186 -31.8899 
v -32.0772 0.833544 -32.03 
v -32.0442 0.801545 -32.0196 
v -32.0673 0.815953 -32.1691 
v -32.035 0.782978 -32.1691 
v -32.0673 0.815953 -32.1691 
v -32.0673 0.833783 -32.3023 
v -32.035 0.80181 -32.3128 
v -32.035 0.782978 -32.1691 
v -32.0772 0.880818 -32.4226 
v -32.0442 0.853431 -32.4425 
v -32.0772 0.974405 -32.5127 
v -32.0442 0.954602 -32.54 
v -32.0772 1.04563 -32.5582 
v -32.0442 1.03506 -32.5902 
v -32.0835 1.18365 -32.5994 
v -32.0501 1.18089 -32.6327 
v -32.0167 1.91857 -32.6434 
v -32.0167 1.78328 -32.666 
v -32.0501 1.78051 -32.6327 
v -32.0501 1.908 -32.6114 
v -32.0835 1.89742 -32.5793 
v -32.0835 2.01834 -32.5179 
v -32.0501 2.03811 -32.5452 
v -32.0835 2.11098 -32.4225 
v -32.0501 2.1383 -32.4423 
v -32.0835 2.16614 -32.3022 
v -32.0501 2.1981 -32.3126 
v -32.0835 2.18406 -32.1689 
v -32.0501 2.21703 -32.1689 
v -31.0835 1.18356 -31.7329 
v -31.0835 1.77764 -31.7328 
v -31.1169 1.7804 -31.6995 
v -31.1169 1.18078 -31.6995 
v -32.0835 1.18356 -31.7329 
v -32.0501 1.18078 -31.6995 
v -31.0835 1.18365 -32.5994 
v -32.0835 1.77773 -32.5993 
v -31.1503 2.23035 -32.009 
v -32.0167 2.23035 -32.009 
v -32.0167 2.16627 -31.8699 
v -31.1503 2.16627 -31.8699 
v -32.0167 2.05774 -31.7595 
v -31.1503 2.05774 -31.7595 
v -32.0167 1.91847 -31.6887 
v -31.1503 1.91847 -31.6887 
v -31.1557 1.07272 -31.6888 
v -32.0112 1.07272 -31.6888 
v -32.0112 0.933462 -31.7597 
v -31.1557 0.933462 -31.7597 
v -32.0112 0.825269 -31.8701 
v -31.1557 0.825269 -31.8701 
v -32.0112 0.769476 -32.0092 
v -31.1557 0.769476 -32.0092 
v -32.0027 0.750004 -32.1691 
v -31.1643 0.750004 -32.1691 
v -31.1643 0.750004 -32.1691 
v -32.0027 0.750004 -32.1691 
v -32.0027 0.769765 -32.3232 
v -31.1643 0.769765 -32.3232 
v -32.0112 0.825508 -32.4623 
v -31.1557 0.825509 -32.4623 
v -32.0112 0.934817 -32.5673 
v -31.1557 0.934817 -32.5673 
v -32.0112 1.02449 -32.6223 
v -31.1557 1.02449 -32.6223 
v -31.1503 1.91857 -32.6434 
v -32.0167 1.91857 -32.6434 
v -32.0167 2.05786 -32.5726 
v -31.1503 2.05784 -32.5726 
v -32.0167 2.16618 -32.4622 
v -31.1503 2.16618 -32.4622 
v -32.0167 2.23013 -32.3231 
v -31.1503 2.23013 -32.3231 
v -32.0167 2.25 -32.1689 
v -31.1503 2.25 -32.1689 
v -31.1503 2.25 -32.1689 
v -32.0167 2.25 -32.1689 
v -31.0835 1.18356 -31.7329 
v -31.0835 1.17728 -32.169 
v -31.0835 1.78377 -32.1689 
v -31.0835 1.77764 -31.7328 
v -31.1503 1.78317 -31.6661 
v -32.0167 1.78317 -31.6661 
v -32.0167 1.17801 -31.6662 
v -31.1503 1.17801 -31.6662 
v -32.0835 1.77764 -31.7328 
v -32.0835 1.78399 -32.1689 
v -32.0835 1.17728 -32.169 
v -32.0835 1.18356 -31.7329 
v -31.0835 1.77773 -32.5993 
v -31.0835 1.18365 -32.5994 
v -31.1503 1.17812 -32.6661 
v -32.0167 1.17812 -32.6661 
v -32.0167 1.78328 -32.666 
v -31.1503 1.78328 -32.666 
v -32.0835 1.18365 -32.5994 
v -32.0835 1.77773 -32.5993 
v -31.1503 1.17801 -31.6662 
v -32.0167 1.17801 -31.6662 
v -31.0835 2.11087 -31.9096 
v -31.0835 2.16613 -32.0299 
v -31.0835 2.01814 -31.8142 
v -31.0835 1.89733 -31.7528 
v -31.0898 1.09387 -31.7529 
v -31.0898 0.973039 -31.8143 
v -31.0898 0.880583 -31.9098 
v -31.0898 0.833544 -32.03 
v -31.0997 0.815952 -32.1691 
v -31.0997 0.833783 -32.3023 
v -31.0898 0.880818 -32.4226 
v -31.0898 0.974405 -32.5127 
v -31.0898 1.04563 -32.5582 
v -31.0835 1.89742 -32.5793 
v -31.0835 2.01821 -32.5179 
v -31.0835 2.11075 -32.4225 
v -31.0835 2.16595 -32.3022 
v -31.0835 2.1839 -32.1689 
v -32.0835 2.16632 -32.0299 
v -32.0835 2.11109 -31.9096 
v -32.0835 2.01826 -31.8142 
v -32.0835 1.89733 -31.7528 
v -32.0835 1.18356 -31.7329 
v -32.0772 1.09387 -31.7529 
v -32.0772 0.973039 -31.8143 
v -32.0772 0.880582 -31.9098 
v -32.0772 0.833544 -32.03 
v -32.0673 0.815953 -32.1691 
v -32.0673 0.833783 -32.3023 
v -32.0772 0.880818 -32.4226 
v -32.0772 0.974405 -32.5127 
v -32.0772 1.04563 -32.5582 
v -32.0835 1.89742 -32.5793 
v -32.0835 2.01834 -32.5179 
v -32.0835 2.11098 -32.4225 
v -32.0835 2.16614 -32.3022 
v -32.0835 2.18406 -32.1689 
v -31.1169 2.13833 -31.8898 
v -31.0835 2.11087 -31.9096 
v -31.1169 2.21703 -32.1689 
v -31.1503 2.25 -32.1689 
v -31.1169 2.03795 -31.7869 
v -31.0835 2.01814 -31.8142 
v -31.1169 1.9079 -31.7208 
v -31.0835 1.89733 -31.7528 
v -31.1228 0.953218 -31.787 
v -31.0898 0.973039 -31.8143 
v -31.1169 1.18078 -31.6995 
v -31.1503 1.17801 -31.6662 
v -31.1228 0.853186 -31.8899 
v -31.0898 0.880583 -31.9098 
v -31.1228 0.801545 -32.0196 
v -31.0898 0.833544 -32.03 
v -31.132 0.782978 -32.1691 
v -31.0997 0.815952 -32.1691 
v -31.0997 0.833783 -32.3023 
v -31.0997 0.815952 -32.1691 
v -31.0898 0.880818 -32.4226 
v -31.0898 0.974405 -32.5127 
v -31.0898 1.04563 -32.5582 
v -31.0835 2.01821 -32.5179 
v -31.1503 1.78328 -32.666 
v -31.0835 2.11075 -32.4225 
v -31.0835 2.16595 -32.3022 
v -31.0835 2.1839 -32.1689 
v -31.1503 1.17801 -31.6662 
v -32.0835 2.18406 -32.1689 
v -32.0167 2.16627 -31.8699 
v -32.0167 2.05774 -31.7595 
v -32.0167 1.91847 -31.6887 
v -32.0167 1.78317 -31.6661 
v -32.0835 1.18356 -31.7329 
v -32.0112 0.933462 -31.7597 
v -32.0112 0.825269 -31.8701 
v -32.0112 0.769476 -32.0092 
v -32.0027 0.750004 -32.1691 
v -32.0027 0.769765 -32.3232 
v -32.0027 0.750004 -32.1691 
v -32.0112 0.825508 -32.4623 
v -32.0112 0.934817 -32.5673 
v -32.0112 1.02449 -32.6223 
v -32.0167 1.17812 -32.6661 
v -32.0167 2.05786 -32.5726 
v -32.0167 2.16618 -32.4622 
v -32.0167 2.23013 -32.3231 
v -32.0167 2.25 -32.1689 
v -32.0167 1.17801 -31.6662 

vn 0.708661 0.637795 0.299213 
vn 0.708661 0.637795 0.299213 
vn 0.708661 0.637795 0.299213 
vn 0.708661 0.637795 0.299213 
vn 0.700787 0.708661 0.0866142 
vn 0.700787 0.708661 0.0866142 
vn 0.700787 0.708661 0.0866142 
vn 0.708661 0.637795 0.299213 
vn 0.708661 0.503937 0.496063 
vn 0.708661 0.503937 0.496063 
vn 0.708661 0.322835 0.629921 
vn 0.708661 0.322835 0.629921 
vn 0.708661 0.11811 0.700787 
vn 0.708661 0.11811 0.700787 
vn 0.708661 -0.314961 0.629921 
vn 0.708661 -0.314961 0.629921 
vn 0.708661 -0.314961 0.629921 
vn 0.708661 -0.314961 0.629921 
vn 0.708661 -0.149606 0.685039 
vn 0.708661 -0.149606 0.685039 
vn 0.708661 -0.149606 0.685039 
vn 0.708661 -0.314961 0.629921 
vn 0.716535 -0.503937 0.488189 
vn 0.716535 -0.503937 0.488189 
vn 0.708661 -0.653543 0.259843 
vn 0.708661 -0.653543 0.259843 
vn 0.708661 -0.700787 0.0866142 
vn 0.708661 -0.700787 0.0866142 
vn 0.708661 -0.700787 0.0866142 
vn 0.708661 -0.700787 -0.0944882 
vn 0.708661 -0.700787 -0.0944882 
vn 0.708661 -0.700787 0.0866142 
vn 0.708661 -0.653543 -0.259843 
vn 0.708661 -0.653543 -0.259843 
vn 0.716535 -0.503937 -0.488189 
vn 0.716535 -0.503937 -0.488189 
vn 0.708661 -0.314961 -0.629921 
vn 0.708661 -0.314961 -0.629921 
vn 0.708661 -0.141732 -0.692913 
vn 0.708661 -0.141732 -0.692913 
vn 0.708661 0.322835 -0.629921 
vn 0.708661 0.322835 -0.629921 
vn 0.708661 0.322835 -0.629921 
vn 0.708661 0.322835 -0.629921 
vn 0.708661 0.11811 -0.700787 
vn 0.708661 0.11811 -0.700787 
vn 0.708661 0.11811 -0.700787 
vn 0.708661 0.503937 -0.496063 
vn 0.708661 0.503937 -0.496063 
vn 0.708661 0.637795 -0.299213 
vn 0.708661 0.637795 -0.299213 
vn 0.700787 0.708661 -0.0944882 
vn 0.700787 0.708661 0.0866142 
vn -0.700787 0.708661 0.0866142 
vn -0.700787 0.708661 0.0866142 
vn -0.700787 0.708661 0.0866142 
vn -0.700787 0.708661 0.0866142 
vn -0.708661 0.645669 0.299213 
vn -0.708661 0.645669 0.299213 
vn -0.708661 0.645669 0.299213 
vn -0.708661 0.503937 0.496063 
vn -0.708661 0.503937 0.496063 
vn -0.708661 0.322835 0.629921 
vn -0.708661 0.322835 0.629921 
vn -0.708661 0.11811 0.700787 
vn -0.708661 0.11811 0.700787 
vn -0.708661 -0.141732 0.692913 
vn -0.708661 -0.141732 0.692913 
vn -0.708661 -0.141732 0.692913 
vn -0.708661 -0.141732 0.692913 
vn -0.708661 -0.314961 0.629921 
vn -0.708661 -0.314961 0.629921 
vn -0.708661 -0.314961 0.629921 
vn -0.708661 -0.503937 0.488189 
vn -0.708661 -0.503937 0.488189 
vn -0.708661 -0.653543 0.259843 
vn -0.708661 -0.653543 0.259843 
vn -0.708661 -0.700787 0.0866142 
vn -0.708661 -0.700787 0.0866142 
vn -0.708661 -0.700787 0.0866142 
vn -0.708661 -0.700787 -0.0944882 
vn -0.708661 -0.700787 -0.0944882 
vn -0.708661 -0.700787 0.0866142 
vn -0.708661 -0.653543 -0.259843 
vn -0.708661 -0.653543 -0.259843 
vn -0.708661 -0.503937 -0.488189 
vn -0.708661 -0.503937 -0.488189 
vn -0.708661 -0.314961 -0.629921 
vn -0.708661 -0.314961 -0.629921 
vn -0.708661 -0.149606 -0.685039 
vn -0.708661 -0.149606 -0.685039 
vn -0.708661 0.11811 -0.700787 
vn -0.708661 0.11811 -0.700787 
vn -0.708661 0.11811 -0.700787 
vn -0.708661 0.11811 -0.700787 
vn -0.708661 0.322835 -0.629921 
vn -0.708661 0.322835 -0.629921 
vn -0.708661 0.322835 -0.629921 
vn -0.708661 0.503937 -0.496063 
vn -0.708661 0.503937 -0.496063 
vn -0.708661 0.645669 -0.299213 
vn -0.708661 0.645669 -0.299213 
vn -0.700787 0.708661 -0.0944882 
vn -0.700787 0.708661 0.0866142 
vn 0.708661 -0.149606 0.685039 
vn 0.708661 0 0.708661 
vn 0.708661 0.11811 0.700787 
vn 0.708661 -0.149606 0.685039 
vn -0.708661 0 0.708661 
vn -0.708661 -0.141732 0.692913 
vn 0.708661 0 -0.708661 
vn -0.708661 0 -0.708661 
vn 0 0.905512 0.417323 
vn 0 0.905512 0.417323 
vn 0 0.905512 0.417323 
vn 0 0.905512 0.417323 
vn 0 0.716535 0.700787 
vn 0 0.716535 0.700787 
vn 0 0.456693 0.889764 
vn 0 0.456693 0.889764 
vn 0 -0.456693 0.889764 
vn 0 -0.456693 0.889764 
vn 0 -0.456693 0.889764 
vn 0 -0.456693 0.889764 
vn 0 -0.716535 0.700787 
vn 0 -0.716535 0.700787 
vn 0 -0.929134 0.370079 
vn 0 -0.929134 0.370079 
vn 0 -0.992126 0.11811 
vn 0 -0.992126 0.11811 
vn 0 -0.992126 0.11811 
vn 0 -0.992126 0.11811 
vn 0 -0.992126 -0.125984 
vn 0 -0.992126 -0.125984 
vn 0 -0.929134 -0.370079 
vn 0 -0.929134 -0.370079 
vn 0 -0.716535 -0.700787 
vn 0 -0.716535 -0.700787 
vn 0 -0.456693 -0.889764 
vn 0 -0.456693 -0.889764 
vn 0 0.456693 -0.889764 
vn 0 0.456693 -0.889764 
vn 0 0.456693 -0.889764 
vn 0 0.456693 -0.889764 
vn 0 0.716535 -0.700787 
vn 0 0.716535 -0.700787 
vn 0 0.905512 -0.417323 
vn 0 0.905512 -0.417323 
vn 0 0.992126 -0.125984 
vn 0 0.992126 -0.125984 
vn 0 0.992126 -0.125984 
vn 0 0.992126 -0.125984 
vn 1 0 0 
vn 1 0 0 
vn 1 0 0 
vn 1 0 0 
vn 0 0 1 
vn 0 0 1 
vn 0 0 1 
vn 0 0 1 
vn -1 0 0 
vn -1 0 0 
vn -1 0 0 
vn -1 0 0 
vn 1 0 0 
vn 1 0 0 
vn 0 0 -1 
vn 0 0 -1 
vn 0 0 -1 
vn 0 0 -1 
vn -1 0 0 
vn -1 0 0 
vn 0 0 1 
vn 0 0 1 
vn 1 0 0 
vn 1 0 0 
vn 1 0 0 
vn 1 0 0 
vn 1 -0.0551181 0 
vn 1 -0.00787402 0.015748 
vn 1 -0.00787402 0.00787402 
vn 1 -0.015748 0.00787402 
vn 1 -0.015748 0 
vn 1 -0.015748 0 
vn 1 -0.015748 -0.00787402 
vn 1 -0.00787402 -0.00787402 
vn 1 -0.00787402 -0.015748 
vn 1 0 0 
vn 1 0 0 
vn 1 0 0 
vn 1 0 0 
vn 1 0 0 
vn -1 0 0 
vn -1 0 0 
vn -1 0 0 
vn -1 0 0 
vn -1 0 0 
vn -1 -0.0551181 0 
vn -1 -0.00787402 0.00787402 
vn -1 -0.00787402 0.00787402 
vn -1 -0.015748 0.00787402 
vn -1 -0.015748 0 
vn -1 -0.015748 0 
vn -1 -0.015748 -0.00787402 
vn -1 -0.00787402 -0.00787402 
vn -1 -0.00787402 -0.015748 
vn -1 0 0 
vn -1 0 0 
vn -1 0 0 
vn -1 0 0 
vn -1 0 0 
vn 0.708661 0.637795 0.299213 
vn 0.708661 0.645669 0.299213 
vn 0.700787 0.708661 0.0866142 
vn 0.700787 0.708661 -0.0944882 
vn 0.708661 0.503937 0.496063 
vn 0.708661 0.503937 0.496063 
vn 0.708661 0.322835 0.629921 
vn 0.708661 0.322835 0.629921 
vn 0.708661 -0.314961 0.629921 
vn 0.708661 -0.314961 0.629921 
vn 0.708661 -0.149606 0.685039 
vn 0.708661 -0.141732 0.692913 
vn 0.716535 -0.503937 0.488189 
vn 0.708661 -0.503937 0.488189 
vn 0.708661 -0.653543 0.259843 
vn 0.708661 -0.653543 0.259843 
vn 0.708661 -0.700787 0.0866142 
vn 0.708661 -0.700787 0.0866142 
vn 0.708661 -0.700787 -0.0944882 
vn 0.708661 -0.700787 0.0866142 
vn 0.708661 -0.653543 -0.259843 
vn 0.708661 -0.503937 -0.488189 
vn 0.708661 -0.314961 -0.629921 
vn 0.708661 0.322835 -0.629921 
vn 0.708661 0.11811 -0.700787 
vn 0.708661 0.503937 -0.496063 
vn 0.708661 0.645669 -0.299213 
vn 0.700787 0.708661 0.0866142 
vn 0.708661 -0.141732 0.692913 
vn -0.700787 0.708661 -0.0944882 
vn -0.708661 0.637795 0.299213 
vn -0.708661 0.503937 0.496063 
vn -0.708661 0.322835 0.629921 
vn -0.708661 0.11811 0.700787 
vn -0.708661 0 0.708661 
vn -0.708661 -0.314961 0.629921 
vn -0.716535 -0.503937 0.488189 
vn -0.708661 -0.653543 0.259843 
vn -0.708661 -0.700787 0.0866142 
vn -0.708661 -0.700787 -0.0944882 
vn -0.708661 -0.700787 0.0866142 
vn -0.708661 -0.653543 -0.259843 
vn -0.716535 -0.503937 -0.488189 
vn -0.708661 -0.314961 -0.629921 
vn -0.708661 -0.141732 -0.692913 
vn -0.708661 0.322835 -0.629921 
vn -0.708661 0.503937 -0.496063 
vn -0.708661 0.637795 -0.299213 
vn -0.700787 0.708661 0.0866142 
vn -0.708661 -0.141732 0.692913 

vt 0.703055 0.381072 
vt 0.703055 0.373082 
vt 0.705132 0.370012 
vt 0.705132 0.377461 
vt 0.428422 0.37385 
vt 0.428422 0.376231 
vt 0.426439 0.380028 
vt 0.426439 0.377461 
vt 0.703055 0.360637 
vt 0.705132 0.35841 
vt 0.703055 0.344805 
vt 0.705132 0.343701 
vt 0.703055 0.332886 
vt 0.705132 0.332886 
vt 0.703051 0.288176 
vt 0.703051 0.302298 
vt 0.705133 0.302298 
vt 0.705133 0.288176 
vt 0.428408 0.287456 
vt 0.428408 0.271896 
vt 0.426437 0.271896 
vt 0.426437 0.287456 
vt 0.703051 0.319569 
vt 0.705133 0.319569 
vt 0.703051 0.338723 
vt 0.705133 0.338723 
vt 0.703051 0.355569 
vt 0.705133 0.355549 
vt 0.498502 0.294088 
vt 0.498502 0.290493 
vt 0.496404 0.290493 
vt 0.496394 0.294094 
vt 0.498502 0.286994 
vt 0.496399 0.286993 
vt 0.498502 0.282885 
vt 0.496399 0.282884 
vt 0.498502 0.278148 
vt 0.496399 0.278148 
vt 0.498495 0.271887 
vt 0.4964 0.271887 
vt 0.498495 0.345291 
vt 0.498495 0.360822 
vt 0.4964 0.358565 
vt 0.4964 0.344007 
vt 0.494305 0.342722 
vt 0.494305 0.332886 
vt 0.4964 0.332886 
vt 0.498495 0.373267 
vt 0.4964 0.370167 
vt 0.498495 0.381256 
vt 0.4964 0.377616 
vt 0.498495 0.38401 
vt 0.4964 0.380183 
vt 0.637721 0.38077 
vt 0.637721 0.383523 
vt 0.635597 0.379702 
vt 0.635597 0.377136 
vt 0.633474 0.373502 
vt 0.633474 0.366594 
vt 0.635597 0.369687 
vt 0.633474 0.355834 
vt 0.635597 0.358085 
vt 0.633474 0.342248 
vt 0.635597 0.343527 
vt 0.633474 0.332886 
vt 0.635597 0.332886 
vt 0.637718 0.288176 
vt 0.637718 0.271892 
vt 0.635597 0.271884 
vt 0.635597 0.288176 
vt 0.633476 0.288175 
vt 0.633476 0.302297 
vt 0.635597 0.302298 
vt 0.633476 0.319568 
vt 0.635597 0.319569 
vt 0.633476 0.338722 
vt 0.635597 0.338723 
vt 0.633476 0.356097 
vt 0.635597 0.356079 
vt 0.567922 0.293929 
vt 0.567922 0.290493 
vt 0.565656 0.290493 
vt 0.565656 0.293935 
vt 0.567922 0.286993 
vt 0.565656 0.286993 
vt 0.567922 0.282884 
vt 0.565656 0.282884 
vt 0.567926 0.278148 
vt 0.565675 0.278148 
vt 0.567926 0.271888 
vt 0.565674 0.271887 
vt 0.563422 0.345457 
vt 0.563422 0.332886 
vt 0.565674 0.332886 
vt 0.565674 0.344359 
vt 0.567926 0.343261 
vt 0.567926 0.356847 
vt 0.565674 0.359068 
vt 0.567926 0.367606 
vt 0.565674 0.37067 
vt 0.567926 0.374514 
vt 0.565674 0.378119 
vt 0.567926 0.376894 
vt 0.565674 0.380685 
vt 0.428422 0.271887 
vt 0.428422 0.332886 
vt 0.426439 0.332886 
vt 0.426439 0.271887 
vt 0.633474 0.271887 
vt 0.635597 0.271887 
vt 0.49438 0.271874 
vt 0.567926 0.332886 
vt 0.703055 0.381072 
vt 0.637721 0.38077 
vt 0.637721 0.37278 
vt 0.703055 0.373082 
vt 0.637721 0.360335 
vt 0.703055 0.360637 
vt 0.637721 0.344805 
vt 0.703055 0.344805 
vt 0.703051 0.288176 
vt 0.637718 0.288176 
vt 0.637718 0.302298 
vt 0.703051 0.302298 
vt 0.637718 0.319569 
vt 0.703051 0.319569 
vt 0.637718 0.338723 
vt 0.703051 0.338723 
vt 0.637718 0.356061 
vt 0.703051 0.355569 
vt 0.498502 0.294088 
vt 0.563324 0.293941 
vt 0.563324 0.290493 
vt 0.498502 0.290493 
vt 0.563324 0.286994 
vt 0.498502 0.286994 
vt 0.563324 0.282885 
vt 0.498502 0.282885 
vt 0.563423 0.278199 
vt 0.498502 0.278148 
vt 0.498495 0.345291 
vt 0.563422 0.345457 
vt 0.563422 0.361288 
vt 0.498495 0.360822 
vt 0.563422 0.373733 
vt 0.498495 0.373267 
vt 0.563422 0.381723 
vt 0.498495 0.381256 
vt 0.563422 0.384476 
vt 0.498495 0.38401 
vt 0.703055 0.383825 
vt 0.637721 0.383523 
vt 0.428366 0.271855 
vt 0.461186 0.271855 
vt 0.461186 0.332853 
vt 0.428366 0.332853 
vt 0.703055 0.332886 
vt 0.637721 0.332886 
vt 0.637721 0.271887 
vt 0.703055 0.271887 
vt 0.633446 0.332886 
vt 0.600224 0.332886 
vt 0.600224 0.271887 
vt 0.633446 0.271887 
vt 0.494301 0.332853 
vt 0.494301 0.271855 
vt 0.498495 0.271887 
vt 0.563422 0.271887 
vt 0.563422 0.332886 
vt 0.498495 0.332886 
vt 0.56797 0.271887 
vt 0.56797 0.332886 
vt 0.703051 0.271888 
vt 0.637718 0.271892 
vt 0.441476 0.371245 
vt 0.450619 0.378765 
vt 0.434221 0.359532 
vt 0.429553 0.344855 
vt 0.430253 0.28805 
vt 0.434705 0.293826 
vt 0.441625 0.294014 
vt 0.450344 0.294014 
vt 0.461194 0.294014 
vt 0.471423 0.294014 
vt 0.48065 0.294014 
vt 0.487974 0.293725 
vt 0.492685 0.2882 
vt 0.49239 0.344855 
vt 0.487722 0.359532 
vt 0.480466 0.371245 
vt 0.471324 0.378765 
vt 0.461189 0.381356 
vt 0.610887 0.378765 
vt 0.620109 0.371182 
vt 0.627429 0.359532 
vt 0.632138 0.344627 
vt 0.633474 0.271887 
vt 0.631852 0.287457 
vt 0.627308 0.292253 
vt 0.620246 0.294014 
vt 0.611347 0.294014 
vt 0.600215 0.294014 
vt 0.590142 0.294014 
vt 0.581056 0.294014 
vt 0.573846 0.292253 
vt 0.569206 0.288392 
vt 0.56956 0.344627 
vt 0.573459 0.359532 
vt 0.580778 0.371245 
vt 0.590001 0.378765 
vt 0.600224 0.381356 
vt 0.426439 0.370012 
vt 0.428422 0.366942 
vt 0.705132 0.380028 
vt 0.703055 0.383825 
vt 0.426439 0.35841 
vt 0.428422 0.356183 
vt 0.426439 0.343701 
vt 0.428422 0.342597 
vt 0.426437 0.301578 
vt 0.428408 0.301577 
vt 0.705132 0.271887 
vt 0.703051 0.271888 
vt 0.426437 0.318849 
vt 0.428408 0.318848 
vt 0.426437 0.338003 
vt 0.428408 0.338003 
vt 0.426437 0.35483 
vt 0.428408 0.35481 
vt 0.49438 0.290493 
vt 0.494304 0.294099 
vt 0.49438 0.286993 
vt 0.49438 0.282884 
vt 0.49438 0.278148 
vt 0.494305 0.356309 
vt 0.498495 0.332886 
vt 0.494305 0.367068 
vt 0.494305 0.373976 
vt 0.494305 0.376356 
vt 0.703055 0.271887 
vt 0.633474 0.375882 
vt 0.637721 0.37278 
vt 0.637721 0.360335 
vt 0.637721 0.344805 
vt 0.637721 0.332886 
vt 0.633476 0.271884 
vt 0.637718 0.302298 
vt 0.637718 0.319569 
vt 0.637718 0.338723 
vt 0.637718 0.356061 
vt 0.563324 0.290493 
vt 0.563324 0.293941 
vt 0.563324 0.286994 
vt 0.563324 0.282885 
vt 0.563423 0.278199 
vt 0.563422 0.271887 
vt 0.563422 0.361288 
vt 0.563422 0.373733 
vt 0.563422 0.381723 
vt 0.563422 0.384476 
vt 0.637721 0.271887 

usemtl Alreadypro1Mtl

f 5267/5267/5267 5268/5268/5268 5269/5269/5269 
f 5267/5267/5267 5269/5269/5269 5270/5270/5270 
f 5271/5271/5271 5272/5272/5272 5273/5273/5273 
f 5271/5271/5271 5273/5273/5273 5274/5274/5274 
f 5268/5268/5268 5275/5275/5275 5276/5276/5276 
f 5268/5268/5268 5276/5276/5276 5269/5269/5269 
f 5275/5275/5275 5277/5277/5277 5278/5278/5278 
f 5275/5275/5275 5278/5278/5278 5276/5276/5276 
f 5277/5277/5277 5279/5279/5279 5280/5280/5280 
f 5277/5277/5277 5280/5280/5280 5278/5278/5278 
f 5281/5281/5281 5282/5282/5282 5283/5283/5283 
f 5281/5281/5281 5283/5283/5283 5284/5284/5284 
f 5285/5285/5285 5286/5286/5286 5287/5287/5287 
f 5285/5285/5285 5287/5287/5287 5288/5288/5288 
f 5282/5282/5282 5289/5289/5289 5290/5290/5290 
f 5282/5282/5282 5290/5290/5290 5283/5283/5283 
f 5289/5289/5289 5291/5291/5291 5292/5292/5292 
f 5289/5289/5289 5292/5292/5292 5290/5290/5290 
f 5291/5291/5291 5293/5293/5293 5294/5294/5294 
f 5291/5291/5291 5294/5294/5294 5292/5292/5292 
f 5295/5295/5295 5296/5296/5296 5297/5297/5297 
f 5295/5295/5295 5297/5297/5297 5298/5298/5298 
f 5296/5296/5296 5299/5299/5299 5300/5300/5300 
f 5296/5296/5296 5300/5300/5300 5297/5297/5297 
f 5299/5299/5299 5301/5301/5301 5302/5302/5302 
f 5299/5299/5299 5302/5302/5302 5300/5300/5300 
f 5301/5301/5301 5303/5303/5303 5304/5304/5304 
f 5301/5301/5301 5304/5304/5304 5302/5302/5302 
f 5303/5303/5303 5305/5305/5305 5306/5306/5306 
f 5303/5303/5303 5306/5306/5306 5304/5304/5304 
f 5307/5307/5307 5308/5308/5308 5309/5309/5309 
f 5307/5307/5307 5309/5309/5309 5310/5310/5310 
f 5311/5311/5311 5312/5312/5312 5313/5313/5313 
f 5311/5311/5311 5313/5313/5313 5310/5310/5310 
f 5308/5308/5308 5314/5314/5314 5315/5315/5315 
f 5308/5308/5308 5315/5315/5315 5309/5309/5309 
f 5314/5314/5314 5316/5316/5316 5317/5317/5317 
f 5314/5314/5314 5317/5317/5317 5315/5315/5315 
f 5316/5316/5316 5318/5318/5318 5319/5319/5319 
f 5316/5316/5316 5319/5319/5319 5317/5317/5317 
f 5320/5320/5320 5321/5321/5321 5322/5322/5322 
f 5320/5320/5320 5322/5322/5322 5323/5323/5323 
f 5324/5324/5324 5325/5325/5325 5326/5326/5326 
f 5324/5324/5324 5326/5326/5326 5323/5323/5323 
f 5325/5325/5325 5327/5327/5327 5328/5328/5328 
f 5325/5325/5325 5328/5328/5328 5326/5326/5326 
f 5327/5327/5327 5329/5329/5329 5330/5330/5330 
f 5327/5327/5327 5330/5330/5330 5328/5328/5328 
f 5329/5329/5329 5331/5331/5331 5332/5332/5332 
f 5329/5329/5329 5332/5332/5332 5330/5330/5330 
f 5333/5333/5333 5334/5334/5334 5335/5335/5335 
f 5333/5333/5333 5335/5335/5335 5336/5336/5336 
f 5337/5337/5337 5338/5338/5338 5339/5339/5339 
f 5337/5337/5337 5339/5339/5339 5336/5336/5336 
f 5338/5338/5338 5340/5340/5340 5341/5341/5341 
f 5338/5338/5338 5341/5341/5341 5339/5339/5339 
f 5340/5340/5340 5342/5342/5342 5343/5343/5343 
f 5340/5340/5340 5343/5343/5343 5341/5341/5341 
f 5342/5342/5342 5344/5344/5344 5345/5345/5345 
f 5342/5342/5342 5345/5345/5345 5343/5343/5343 
f 5346/5346/5346 5347/5347/5347 5348/5348/5348 
f 5346/5346/5346 5348/5348/5348 5349/5349/5349 
f 5347/5347/5347 5350/5350/5350 5351/5351/5351 
f 5347/5347/5347 5351/5351/5351 5348/5348/5348 
f 5350/5350/5350 5352/5352/5352 5353/5353/5353 
f 5350/5350/5350 5353/5353/5353 5351/5351/5351 
f 5352/5352/5352 5354/5354/5354 5355/5355/5355 
f 5352/5352/5352 5355/5355/5355 5353/5353/5353 
f 5354/5354/5354 5356/5356/5356 5357/5357/5357 
f 5354/5354/5354 5357/5357/5357 5355/5355/5355 
f 5358/5358/5358 5359/5359/5359 5360/5360/5360 
f 5358/5358/5358 5360/5360/5360 5361/5361/5361 
f 5362/5362/5362 5363/5363/5363 5364/5364/5364 
f 5362/5362/5362 5364/5364/5364 5361/5361/5361 
f 5363/5363/5363 5365/5365/5365 5366/5366/5366 
f 5363/5363/5363 5366/5366/5366 5364/5364/5364 
f 5365/5365/5365 5367/5367/5367 5368/5368/5368 
f 5365/5365/5365 5368/5368/5368 5366/5366/5366 
f 5367/5367/5367 5369/5369/5369 5370/5370/5370 
f 5367/5367/5367 5370/5370/5370 5368/5368/5368 
f 5371/5371/5371 5372/5372/5372 5373/5373/5373 
f 5371/5371/5371 5373/5373/5373 5374/5374/5374 
f 5331/5331/5331 5375/5375/5375 5376/5376/5376 
f 5331/5331/5331 5376/5376/5376 5332/5332/5332 
f 5312/5312/5312 5377/5377/5377 5306/5306/5306 
f 5312/5312/5312 5306/5306/5306 5313/5313/5313 
f 5356/5356/5356 5378/5378/5378 5360/5360/5360 
f 5356/5356/5356 5360/5360/5360 5357/5357/5357 
f 5379/5379/5379 5380/5380/5380 5381/5381/5381 
f 5379/5379/5379 5381/5381/5381 5382/5382/5382 
f 5382/5382/5382 5381/5381/5381 5383/5383/5383 
f 5382/5382/5382 5383/5383/5383 5384/5384/5384 
f 5384/5384/5384 5383/5383/5383 5385/5385/5385 
f 5384/5384/5384 5385/5385/5385 5386/5386/5386 
f 5387/5387/5387 5388/5388/5388 5389/5389/5389 
f 5387/5387/5387 5389/5389/5389 5390/5390/5390 
f 5390/5390/5390 5389/5389/5389 5391/5391/5391 
f 5390/5390/5390 5391/5391/5391 5392/5392/5392 
f 5392/5392/5392 5391/5391/5391 5393/5393/5393 
f 5392/5392/5392 5393/5393/5393 5394/5394/5394 
f 5394/5394/5394 5393/5393/5393 5395/5395/5395 
f 5394/5394/5394 5395/5395/5395 5396/5396/5396 
f 5397/5397/5397 5398/5398/5398 5399/5399/5399 
f 5397/5397/5397 5399/5399/5399 5400/5400/5400 
f 5400/5400/5400 5399/5399/5399 5401/5401/5401 
f 5400/5400/5400 5401/5401/5401 5402/5402/5402 
f 5402/5402/5402 5401/5401/5401 5403/5403/5403 
f 5402/5402/5402 5403/5403/5403 5404/5404/5404 
f 5404/5404/5404 5403/5403/5403 5405/5405/5405 
f 5404/5404/5404 5405/5405/5405 5406/5406/5406 
f 5407/5407/5407 5408/5408/5408 5409/5409/5409 
f 5407/5407/5407 5409/5409/5409 5410/5410/5410 
f 5410/5410/5410 5409/5409/5409 5411/5411/5411 
f 5410/5410/5410 5411/5411/5411 5412/5412/5412 
f 5412/5412/5412 5411/5411/5411 5413/5413/5413 
f 5412/5412/5412 5413/5413/5413 5414/5414/5414 
f 5414/5414/5414 5413/5413/5413 5415/5415/5415 
f 5414/5414/5414 5415/5415/5415 5416/5416/5416 
f 5417/5417/5417 5418/5418/5418 5380/5380/5380 
f 5417/5417/5417 5380/5380/5380 5379/5379/5379 
f 5419/5419/5419 5420/5420/5420 5421/5421/5421 
f 5419/5419/5419 5421/5421/5421 5422/5422/5422 
f 5423/5423/5423 5424/5424/5424 5425/5425/5425 
f 5423/5423/5423 5425/5425/5425 5426/5426/5426 
f 5427/5427/5427 5428/5428/5428 5429/5429/5429 
f 5427/5427/5427 5429/5429/5429 5430/5430/5430 
f 5431/5431/5431 5421/5421/5421 5420/5420/5420 
f 5431/5431/5431 5420/5420/5420 5432/5432/5432 
f 5433/5433/5433 5434/5434/5434 5435/5435/5435 
f 5433/5433/5433 5435/5435/5435 5436/5436/5436 
f 5437/5437/5437 5429/5429/5429 5428/5428/5428 
f 5437/5437/5437 5428/5428/5428 5438/5438/5438 
f 5386/5386/5386 5385/5385/5385 5424/5424/5424 
f 5386/5386/5386 5424/5424/5424 5423/5423/5423 
f 5439/5439/5439 5440/5440/5440 5388/5388/5388 
f 5439/5439/5439 5388/5388/5388 5387/5387/5387 
f 5406/5406/5406 5405/5405/5405 5434/5434/5434 
f 5406/5406/5406 5434/5434/5434 5433/5433/5433 
f 5436/5436/5436 5435/5435/5435 5408/5408/5408 
f 5436/5436/5436 5408/5408/5408 5407/5407/5407 
f 5441/5441/5441 5421/5421/5421 5442/5442/5442 
f 5443/5443/5443 5421/5421/5421 5441/5441/5441 
f 5444/5444/5444 5421/5421/5421 5443/5443/5443 
f 5422/5422/5422 5421/5421/5421 5444/5444/5444 
f 5445/5445/5445 5420/5420/5420 5419/5419/5419 
f 5446/5446/5446 5420/5420/5420 5445/5445/5445 
f 5447/5447/5447 5420/5420/5420 5446/5446/5446 
f 5448/5448/5448 5420/5420/5420 5447/5447/5447 
f 5449/5449/5449 5420/5420/5420 5448/5448/5448 
f 5450/5450/5450 5420/5420/5420 5449/5449/5449 
f 5451/5451/5451 5420/5420/5420 5450/5450/5450 
f 5452/5452/5452 5420/5420/5420 5451/5451/5451 
f 5453/5453/5453 5420/5420/5420 5452/5452/5452 
f 5432/5432/5432 5420/5420/5420 5453/5453/5453 
f 5454/5454/5454 5421/5421/5421 5431/5431/5431 
f 5455/5455/5455 5421/5421/5421 5454/5454/5454 
f 5456/5456/5456 5421/5421/5421 5455/5455/5455 
f 5457/5457/5457 5421/5421/5421 5456/5456/5456 
f 5458/5458/5458 5421/5421/5421 5457/5457/5457 
f 5442/5442/5442 5421/5421/5421 5458/5458/5458 
f 5459/5459/5459 5428/5428/5428 5460/5460/5460 
f 5460/5460/5460 5428/5428/5428 5461/5461/5461 
f 5461/5461/5461 5428/5428/5428 5462/5462/5462 
f 5462/5462/5462 5428/5428/5428 5427/5427/5427 
f 5463/5463/5463 5429/5429/5429 5464/5464/5464 
f 5465/5465/5465 5429/5429/5429 5466/5466/5466 
f 5466/5466/5466 5429/5429/5429 5467/5467/5467 
f 5467/5467/5467 5429/5429/5429 5468/5468/5468 
f 5468/5468/5468 5429/5429/5429 5469/5469/5469 
f 5469/5469/5469 5429/5429/5429 5470/5470/5470 
f 5470/5470/5470 5429/5429/5429 5471/5471/5471 
f 5471/5471/5471 5429/5429/5429 5472/5472/5472 
f 5472/5472/5472 5429/5429/5429 5437/5437/5437 
f 5438/5438/5438 5428/5428/5428 5473/5473/5473 
f 5473/5473/5473 5428/5428/5428 5474/5474/5474 
f 5474/5474/5474 5428/5428/5428 5475/5475/5475 
f 5475/5475/5475 5428/5428/5428 5476/5476/5476 
f 5476/5476/5476 5428/5428/5428 5477/5477/5477 
f 5477/5477/5477 5428/5428/5428 5459/5459/5459 
f 5478/5478/5478 5479/5479/5479 5271/5271/5271 
f 5478/5478/5478 5271/5271/5271 5274/5274/5274 
f 5480/5480/5480 5481/5481/5481 5267/5267/5267 
f 5480/5480/5480 5267/5267/5267 5270/5270/5270 
f 5482/5482/5482 5483/5483/5483 5479/5479/5479 
f 5482/5482/5482 5479/5479/5479 5478/5478/5478 
f 5484/5484/5484 5485/5485/5485 5483/5483/5483 
f 5484/5484/5484 5483/5483/5483 5482/5482/5482 
f 5373/5373/5373 5372/5372/5372 5485/5485/5485 
f 5373/5373/5373 5485/5485/5485 5484/5484/5484 
f 5486/5486/5486 5487/5487/5487 5285/5285/5285 
f 5486/5486/5486 5285/5285/5285 5288/5288/5288 
f 5488/5488/5488 5489/5489/5489 5281/5281/5281 
f 5488/5488/5488 5281/5281/5281 5284/5284/5284 
f 5490/5490/5490 5491/5491/5491 5487/5487/5487 
f 5490/5490/5490 5487/5487/5487 5486/5486/5486 
f 5492/5492/5492 5493/5493/5493 5491/5491/5491 
f 5492/5492/5492 5491/5491/5491 5490/5490/5490 
f 5494/5494/5494 5495/5495/5495 5493/5493/5493 
f 5494/5494/5494 5493/5493/5493 5492/5492/5492 
f 5297/5297/5297 5496/5496/5496 5497/5497/5497 
f 5297/5297/5297 5497/5497/5497 5298/5298/5298 
f 5300/5300/5300 5498/5498/5498 5496/5496/5496 
f 5300/5300/5300 5496/5496/5496 5297/5297/5297 
f 5302/5302/5302 5499/5499/5499 5498/5498/5498 
f 5302/5302/5302 5498/5498/5498 5300/5300/5300 
f 5304/5304/5304 5500/5500/5500 5499/5499/5499 
f 5304/5304/5304 5499/5499/5499 5302/5302/5302 
f 5306/5306/5306 5377/5377/5377 5500/5500/5500 
f 5306/5306/5306 5500/5500/5500 5304/5304/5304 
f 5309/5309/5309 5501/5501/5501 5311/5311/5311 
f 5309/5309/5309 5311/5311/5311 5310/5310/5310 
f 5313/5313/5313 5502/5502/5502 5307/5307/5307 
f 5313/5313/5313 5307/5307/5307 5310/5310/5310 
f 5315/5315/5315 5503/5503/5503 5501/5501/5501 
f 5315/5315/5315 5501/5501/5501 5309/5309/5309 
f 5317/5317/5317 5504/5504/5504 5503/5503/5503 
f 5317/5317/5317 5503/5503/5503 5315/5315/5315 
f 5319/5319/5319 5505/5505/5505 5504/5504/5504 
f 5319/5319/5319 5504/5504/5504 5317/5317/5317 
f 5280/5280/5280 5279/5279/5279 5506/5506/5506 
f 5280/5280/5280 5506/5506/5506 5488/5488/5488 
f 5306/5306/5306 5305/5305/5305 5502/5502/5502 
f 5306/5306/5306 5502/5502/5502 5313/5313/5313 
f 5322/5322/5322 5507/5507/5507 5324/5324/5324 
f 5322/5322/5322 5324/5324/5324 5323/5323/5323 
f 5326/5326/5326 5508/5508/5508 5320/5320/5320 
f 5326/5326/5326 5320/5320/5320 5323/5323/5323 
f 5328/5328/5328 5509/5509/5509 5508/5508/5508 
f 5328/5328/5328 5508/5508/5508 5326/5326/5326 
f 5330/5330/5330 5510/5510/5510 5509/5509/5509 
f 5330/5330/5330 5509/5509/5509 5328/5328/5328 
f 5332/5332/5332 5511/5511/5511 5510/5510/5510 
f 5332/5332/5332 5510/5510/5510 5330/5330/5330 
f 5335/5335/5335 5512/5512/5512 5337/5337/5337 
f 5335/5335/5335 5337/5337/5337 5336/5336/5336 
f 5339/5339/5339 5513/5513/5513 5333/5333/5333 
f 5339/5339/5339 5333/5333/5333 5336/5336/5336 
f 5341/5341/5341 5514/5514/5514 5513/5513/5513 
f 5341/5341/5341 5513/5513/5513 5339/5339/5339 
f 5343/5343/5343 5515/5515/5515 5514/5514/5514 
f 5343/5343/5343 5514/5514/5514 5341/5341/5341 
f 5345/5345/5345 5516/5516/5516 5515/5515/5515 
f 5345/5345/5345 5515/5515/5515 5343/5343/5343 
f 5348/5348/5348 5517/5517/5517 5518/5518/5518 
f 5348/5348/5348 5518/5518/5518 5349/5349/5349 
f 5351/5351/5351 5519/5519/5519 5517/5517/5517 
f 5351/5351/5351 5517/5517/5517 5348/5348/5348 
f 5353/5353/5353 5520/5520/5520 5519/5519/5519 
f 5353/5353/5353 5519/5519/5519 5351/5351/5351 
f 5355/5355/5355 5521/5521/5521 5520/5520/5520 
f 5355/5355/5355 5520/5520/5520 5353/5353/5353 
f 5357/5357/5357 5522/5522/5522 5521/5521/5521 
f 5357/5357/5357 5521/5521/5521 5355/5355/5355 
f 5360/5360/5360 5378/5378/5378 5362/5362/5362 
f 5360/5360/5360 5362/5362/5362 5361/5361/5361 
f 5364/5364/5364 5523/5523/5523 5358/5358/5358 
f 5364/5364/5364 5358/5358/5358 5361/5361/5361 
f 5366/5366/5366 5524/5524/5524 5523/5523/5523 
f 5366/5366/5366 5523/5523/5523 5364/5364/5364 
f 5368/5368/5368 5525/5525/5525 5524/5524/5524 
f 5368/5368/5368 5524/5524/5524 5366/5366/5366 
f 5370/5370/5370 5526/5526/5526 5525/5525/5525 
f 5370/5370/5370 5525/5525/5525 5368/5368/5368 
f 5376/5376/5376 5527/5527/5527 5511/5511/5511 
f 5376/5376/5376 5511/5511/5511 5332/5332/5332 
f 5360/5360/5360 5359/5359/5359 5522/5522/5522 
f 5360/5360/5360 5522/5522/5522 5357/5357/5357 
f 5429/5429/5429 5465/5465/5465 5464/5464/5464 

g Alreadypro7

v -31.1601 1.67242 -32.0094 
v -31.1601 1.59614 -31.8702 
v -31.1275 1.5695 -31.89 
v -31.1275 1.64064 -32.0198 
v -31.0948 1.60884 -32.0302 
v -31.0948 1.63241 -32.1687 
v -31.1275 1.66621 -32.1687 
v -31.1275 1.64064 -32.0198 
v -31.1601 1.48319 -31.7597 
v -31.1275 1.46347 -31.7871 
v -31.1601 1.34403 -31.6888 
v -31.1275 1.33346 -31.7209 
v -31.1503 1.17833 -31.6662 
v -31.1169 1.17556 -31.6996 
v -31.1601 1.36034 -32.6305 
v -31.1601 1.48314 -32.5726 
v -31.1275 1.46345 -32.5453 
v -31.1275 1.34977 -32.5984 
v -31.0948 1.3392 -32.5663 
v -31.0835 1.17272 -32.5993 
v -31.1169 1.17548 -32.6327 
v -31.1601 1.5908 -32.455 
v -31.1275 1.56417 -32.4351 
v -31.1601 1.66564 -32.3256 
v -31.1275 1.63385 -32.3151 
v -31.1601 1.7 -32.1688 
v -31.1275 1.66621 -32.1687 
v -32.0069 1.67242 -32.0094 
v -32.0069 1.7 -32.1688 
v -32.0395 1.66621 -32.1687 
v -32.0395 1.64064 -32.0198 
v -32.0721 1.60884 -32.0302 
v -32.0721 1.54266 -31.9099 
v -32.0395 1.5695 -31.89 
v -32.0395 1.64064 -32.0198 
v -32.0721 1.44381 -31.8144 
v -32.0395 1.46347 -31.7871 
v -32.0721 1.32288 -31.753 
v -32.0395 1.33346 -31.7209 
v -32.0721 1.32288 -31.753 
v -32.0835 1.17279 -31.733 
v -32.0501 1.17556 -31.6996 
v -32.0395 1.33346 -31.7209 
v -32.0069 1.36034 -32.6305 
v -32.0167 1.17825 -32.6661 
v -32.0501 1.17548 -32.6327 
v -32.0395 1.34977 -32.5984 
v -32.0721 1.3392 -32.5663 
v -32.0721 1.44381 -32.5179 
v -32.0395 1.46345 -32.5453 
v -32.0721 1.53734 -32.4152 
v -32.0395 1.56417 -32.4351 
v -32.0721 1.60205 -32.3047 
v -32.0395 1.63385 -32.3151 
v -32.0721 1.63241 -32.1687 
v -32.0395 1.66621 -32.1687 
v -31.0835 0.278213 -31.7329 
v -31.0835 1.17279 -31.733 
v -31.1169 1.17556 -31.6996 
v -31.1169 0.275447 -31.6995 
v -32.0835 1.17279 -31.733 
v -32.0835 0.278212 -31.7329 
v -32.0501 0.275446 -31.6995 
v -32.0501 1.17556 -31.6996 
v -31.0835 0.278141 -32.5993 
v -31.1169 0.275369 -32.6326 
v -32.0835 0.27814 -32.5993 
v -32.0835 1.17272 -32.5993 
v -32.0501 0.275369 -32.6326 
v -31.1601 1.67242 -32.0094 
v -32.0069 1.67242 -32.0094 
v -32.0069 1.59614 -31.8702 
v -31.1601 1.59614 -31.8702 
v -32.0069 1.48319 -31.7597 
v -31.1601 1.48319 -31.7597 
v -32.0069 1.34403 -31.6888 
v -31.1601 1.34403 -31.6888 
v -31.1601 1.36034 -32.6305 
v -32.0069 1.36034 -32.6305 
v -32.0069 1.48314 -32.5726 
v -31.1601 1.48314 -32.5726 
v -32.0069 1.5908 -32.455 
v -31.1601 1.5908 -32.455 
v -32.0069 1.66564 -32.3256 
v -31.1601 1.66564 -32.3256 
v -32.0069 1.7 -32.1688 
v -31.1601 1.7 -32.1688 
v -31.1601 1.7 -32.1688 
v -32.0069 1.7 -32.1688 
v -31.0835 0.278213 -31.7329 
v -31.0835 0.272639 -32.1686 
v -31.0835 1.17846 -32.1687 
v -31.0835 1.17279 -31.733 
v -31.1503 1.17833 -31.6662 
v -32.0167 1.17833 -31.6662 
v -32.0167 0.272681 -31.6661 
v -31.1503 0.27268 -31.6661 
v -32.0835 1.17279 -31.733 
v -32.0835 1.17846 -32.1687 
v -32.0835 0.272638 -32.1686 
v -32.0835 0.278212 -31.7329 
v -31.0835 1.17272 -32.5993 
v -31.0835 0.278141 -32.5993 
v -31.1503 0.272597 -32.666 
v -32.0167 0.272597 -32.666 
v -32.0167 1.17825 -32.6661 
v -31.1503 1.17825 -32.6661 
v -32.0835 0.27814 -32.5993 
v -32.0835 1.17272 -32.5993 
v -32.0167 1.17833 -31.6662 
v -31.0948 1.54266 -31.9099 
v -31.0835 1.17846 -32.1687 
v -31.0948 1.60884 -32.0302 
v -31.0948 1.44381 -31.8144 
v -31.0948 1.54266 -31.9099 
v -31.0948 1.32288 -31.753 
v -31.0948 1.3392 -32.5663 
v -31.0948 1.44381 -32.5179 
v -31.0948 1.53734 -32.4152 
v -31.0948 1.60205 -32.3047 
v -31.0835 1.17846 -32.1687 
v -31.0948 1.53734 -32.4152 
v -31.0948 1.63241 -32.1687 
v -31.0835 1.17846 -32.1687 
v -31.0948 1.60205 -32.3047 
v -31.0948 1.60884 -32.0302 
v -31.0835 1.17846 -32.1687 
v -31.0948 1.63241 -32.1687 
v -32.0721 1.60884 -32.0302 
v -32.0835 1.17846 -32.1687 
v -32.0721 1.54266 -31.9099 
v -32.0721 1.54266 -31.9099 
v -32.0835 1.17846 -32.1687 
v -32.0721 1.44381 -31.8144 
v -32.0721 1.32288 -31.753 
v -32.0835 1.17272 -32.5993 
v -32.0721 1.3392 -32.5663 
v -32.0721 1.44381 -32.5179 
v -32.0721 1.53734 -32.4152 
v -32.0721 1.53734 -32.4152 
v -32.0835 1.17846 -32.1687 
v -32.0721 1.60205 -32.3047 
v -32.0721 1.60205 -32.3047 
v -32.0835 1.17846 -32.1687 
v -32.0721 1.63241 -32.1687 
v -32.0721 1.63241 -32.1687 
v -32.0835 1.17846 -32.1687 
v -32.0721 1.60884 -32.0302 
v -31.977 0.200075 -31.7705 
v -31.19 0.200338 -32.5607 
v -31.1911 0.204739 -31.7722 
v -31.0835 0.278213 -31.7329 
v -31.1293 0.205106 -31.7723 
v -31.1293 0.200042 -32.1686 
v -31.0835 0.272639 -32.1686 
v -31.0835 0.272639 -32.1686 
v -31.1293 0.200042 -32.1686 
v -31.1293 0.20504 -32.5598 
v -31.0835 0.278141 -32.5993 
v -31.0835 0.278141 -32.5993 
v -31.1293 0.20504 -32.5598 
v -31.1596 0.202522 -32.5901 
v -31.1169 0.275369 -32.6326 
v -31.1503 0.272597 -32.666 
v -31.1899 0.200005 -32.6205 
v -31.977 0.200004 -32.6205 
v -32.0167 0.272597 -32.666 
v -32.0167 0.272597 -32.666 
v -31.977 0.200004 -32.6205 
v -32.0073 0.202522 -32.5901 
v -32.0501 0.275369 -32.6326 
v -32.0835 0.27814 -32.5993 
v -32.0377 0.20504 -32.5598 
v -32.0377 0.200042 -32.1686 
v -32.0835 0.272638 -32.1686 
v -32.0835 0.272638 -32.1686 
v -32.0377 0.200042 -32.1686 
v -32.0377 0.205105 -31.7723 
v -32.0835 0.278212 -31.7329 
v -32.0835 0.278212 -31.7329 
v -32.0377 0.205105 -31.7723 
v -32.0073 0.202592 -31.742 
v -32.0501 0.275446 -31.6995 
v -32.0167 0.272681 -31.6661 
v -31.977 0.200079 -31.7117 
v -31.1899 0.200079 -31.7117 
v -31.1503 0.27268 -31.6661 
v -31.1503 0.27268 -31.6661 
v -31.1899 0.200079 -31.7117 
v -31.1596 0.202592 -31.742 
v -31.1169 0.275447 -31.6995 
v -32.0377 0.200042 -32.1686 
v -31.977 0.200009 -32.5607 
v -31.977 0.200075 -31.7705 
v -31.1911 0.204739 -31.7722 
v -31.1899 0.200079 -31.7117 
v -31.977 0.200079 -31.7117 
v -31.977 0.200075 -31.7705 
v -31.977 0.200075 -31.7705 
v -31.977 0.200079 -31.7117 
v -32.0073 0.202592 -31.742 
v -31.1293 0.205106 -31.7723 
v -31.1911 0.204739 -31.7722 
v -31.1293 0.200042 -32.1686 
v -31.1293 0.205106 -31.7723 
v -31.1596 0.202592 -31.742 
v -31.1911 0.204739 -31.7722 
v -31.977 0.200009 -32.5607 
v -32.0377 0.20504 -32.5598 
v -32.0073 0.202522 -32.5901 
v -31.1899 0.200005 -32.6205 
v -31.19 0.200338 -32.5607 
v -31.977 0.200009 -32.5607 
v -31.977 0.200004 -32.6205 
v -31.19 0.200338 -32.5607 
v -31.1899 0.200005 -32.6205 
v -31.1596 0.202522 -32.5901 
v -32.0377 0.200042 -32.1686 
v -31.977 0.200075 -31.7705 
v -32.0377 0.205105 -31.7723 
v -32.0377 0.20504 -32.5598 
v -31.977 0.200009 -32.5607 
v -32.0377 0.200042 -32.1686 
v -31.1293 0.200042 -32.1686 
v -31.19 0.200338 -32.5607 
v -31.1293 0.20504 -32.5598 
v -31.1293 0.200042 -32.1686 
v -31.1911 0.204739 -31.7722 
v -31.19 0.200338 -32.5607 
v -31.977 0.200009 -32.5607 
v -31.19 0.200338 -32.5607 
v -31.977 0.200075 -31.7705 
v -31.1275 1.5695 -31.89 
v -31.0948 1.54266 -31.9099 
v -31.1275 1.66621 -32.1687 
v -31.1601 1.7 -32.1688 
v -31.1275 1.46347 -31.7871 
v -31.0948 1.44381 -31.8144 
v -31.1275 1.33346 -31.7209 
v -31.0948 1.32288 -31.753 
v -31.1169 1.17556 -31.6996 
v -31.0835 1.17279 -31.733 
v -31.0948 1.44381 -32.5179 
v -31.1503 1.17825 -32.6661 
v -31.0948 1.53734 -32.4152 
v -31.0948 1.60205 -32.3047 
v -31.0948 1.63241 -32.1687 
v -31.1169 1.17556 -31.6996 
v -31.1503 0.27268 -31.6661 
v -31.1169 0.275447 -31.6995 
v -31.1503 0.272597 -32.666 
v -31.1899 0.200005 -32.6205 
v -31.1503 0.272597 -32.666 
v -31.1596 0.202592 -31.742 
v -31.1293 0.205106 -31.7723 
v -31.0835 0.278213 -31.7329 
v -31.1169 0.275447 -31.6995 
v -31.1899 0.200079 -31.7117 
v -31.1293 0.20504 -32.5598 
v -32.0395 1.66621 -32.1687 
v -32.0721 1.63241 -32.1687 
v -32.0395 1.5695 -31.89 
v -32.0069 1.59614 -31.8702 
v -32.0395 1.46347 -31.7871 
v -32.0069 1.48319 -31.7597 
v -32.0395 1.33346 -31.7209 
v -32.0069 1.34403 -31.6888 
v -32.0501 1.17556 -31.6996 
v -32.0167 1.17833 -31.6662 
v -32.0069 1.34403 -31.6888 
v -32.0395 1.33346 -31.7209 
v -32.0069 1.48314 -32.5726 
v -32.0069 1.5908 -32.455 
v -32.0069 1.66564 -32.3256 
v -32.0069 1.7 -32.1688 
v -32.0167 0.272681 -31.6661 
v -32.0167 1.17833 -31.6662 
v -32.0167 0.272597 -32.666 
v -32.0377 0.20504 -32.5598 
v -32.0835 0.27814 -32.5993 
v -31.977 0.200079 -31.7117 
v -32.0167 0.272681 -31.6661 
v -31.977 0.200004 -32.6205 
v -32.0377 0.205105 -31.7723 

vn 0.708661 0.614173 0.338583 
vn 0.708661 0.614173 0.338583 
vn 0.708661 0.614173 0.338583 
vn 0.708661 0.614173 0.338583 
vn 0.716535 0.692913 0.11811 
vn 0.716535 0.692913 0.11811 
vn 0.716535 0.692913 0.11811 
vn 0.708661 0.614173 0.338583 
vn 0.708661 0.488189 0.503937 
vn 0.708661 0.488189 0.503937 
vn 0.716535 0.314961 0.622047 
vn 0.716535 0.314961 0.622047 
vn 0.708661 0.165354 0.685039 
vn 0.708661 0.173228 0.685039 
vn 0.716535 0.314961 -0.622047 
vn 0.716535 0.314961 -0.622047 
vn 0.716535 0.314961 -0.622047 
vn 0.716535 0.314961 -0.622047 
vn 0.708661 0.173228 -0.677165 
vn 0.708661 0.173228 -0.685039 
vn 0.708661 0.173228 -0.677165 
vn 0.708661 0.488189 -0.503937 
vn 0.708661 0.488189 -0.503937 
vn 0.708661 0.614173 -0.338583 
vn 0.708661 0.614173 -0.338583 
vn 0.716535 0.685039 -0.11811 
vn 0.716535 0.692913 0.11811 
vn -0.716535 0.692913 0.11811 
vn -0.716535 0.685039 0.11811 
vn -0.716535 0.692913 0.11811 
vn -0.716535 0.692913 0.11811 
vn -0.708661 0.614173 0.338583 
vn -0.708661 0.614173 0.338583 
vn -0.708661 0.614173 0.338583 
vn -0.716535 0.692913 0.11811 
vn -0.716535 0.488189 0.503937 
vn -0.716535 0.488189 0.503937 
vn -0.716535 0.314961 0.622047 
vn -0.716535 0.314961 0.622047 
vn -0.708661 0.173228 0.677165 
vn -0.708661 0.173228 0.685039 
vn -0.708661 0.181102 0.677165 
vn -0.708661 0.173228 0.677165 
vn -0.708661 0.173228 -0.685039 
vn -0.708661 0.165354 -0.685039 
vn -0.708661 0.173228 -0.685039 
vn -0.708661 0.173228 -0.685039 
vn -0.716535 0.314961 -0.622047 
vn -0.716535 0.314961 -0.622047 
vn -0.716535 0.314961 -0.622047 
vn -0.708661 0.488189 -0.503937 
vn -0.708661 0.488189 -0.503937 
vn -0.708661 0.614173 -0.338583 
vn -0.708661 0.614173 -0.338583 
vn -0.716535 0.692913 -0.11811 
vn -0.716535 0.692913 0.11811 
vn 0.708661 0 0.708661 
vn 0.708661 0 0.708661 
vn 0.708661 0.173228 0.685039 
vn 0.708661 0 0.708661 
vn -0.708661 0 0.708661 
vn -0.708661 0 0.708661 
vn -0.708661 0 0.708661 
vn -0.708661 0 0.708661 
vn 0.708661 0 -0.708661 
vn 0.708661 0 -0.708661 
vn -0.708661 0 -0.708661 
vn -0.708661 0 -0.708661 
vn -0.708661 0 -0.708661 
vn 0 0.874016 0.480315 
vn 0 0.874016 0.480315 
vn 0 0.874016 0.480315 
vn 0 0.874016 0.480315 
vn 0 0.700787 0.716535 
vn 0 0.700787 0.716535 
vn 0 0.456693 0.889764 
vn 0 0.456693 0.889764 
vn 0 0.456693 -0.889764 
vn 0 0.456693 -0.889764 
vn 0 0.456693 -0.889764 
vn 0 0.456693 -0.889764 
vn 0 0.700787 -0.716535 
vn 0 0.700787 -0.716535 
vn 0 0.874016 -0.480315 
vn 0 0.874016 -0.480315 
vn -0.00787402 0.984252 -0.173228 
vn 0.00787402 0.984252 -0.173228 
vn 0.00787402 0.984252 -0.173228 
vn -0.00787402 0.984252 -0.173228 
vn 1 0 0.015748 
vn 1 0 0 
vn 1 0 0 
vn 1 0 0.015748 
vn 0.015748 0 1 
vn -0.015748 0 1 
vn -0.015748 0 1 
vn 0.015748 0 1 
vn -1 0 0.015748 
vn -1 0 0 
vn -1 0 0 
vn -1 0 0.015748 
vn 1 0 -0.015748 
vn 1 0 -0.015748 
vn 0.015748 0 -1 
vn -0.015748 0 -1 
vn -0.015748 0 -1 
vn 0.015748 0 -1 
vn -1 0 -0.015748 
vn -1 0 -0.015748 
vn -0.015748 0 1 
vn 1 0.023622 0.015748 
vn 1 0.023622 0.015748 
vn 1 0.023622 0.015748 
vn 1 0.015748 0.015748 
vn 1 0.015748 0.015748 
vn 1 0.015748 0.023622 
vn 0.992126 0.0944882 0 
vn 1 0.015748 -0.023622 
vn 1 0.015748 -0.023622 
vn 1 0.023622 -0.015748 
vn 1 0.023622 -0.015748 
vn 1 0.023622 -0.015748 
vn 1 0.023622 -0.00787402 
vn 1 0.023622 -0.00787402 
vn 1 0.023622 -0.00787402 
vn 1 0.023622 0.00787402 
vn 1 0.023622 0.00787402 
vn 1 0.023622 0.00787402 
vn -1 0.023622 0.015748 
vn -1 0.023622 0.015748 
vn -1 0.023622 0.015748 
vn -1 0.015748 0.015748 
vn -1 0 0 
vn -1 0.015748 0.015748 
vn -1 0.015748 0.023622 
vn -1 0 -0.015748 
vn -0.992126 0.0944882 0 
vn -1 0.015748 -0.023622 
vn -1 0.015748 -0.023622 
vn -1 0.023622 -0.015748 
vn -1 0.023622 -0.015748 
vn -1 0.023622 -0.015748 
vn -1 0.023622 -0.00787402 
vn -1 0.023622 -0.00787402 
vn -1 0.023622 -0.00787402 
vn -1 0.023622 0.00787402 
vn -1 0.023622 0.00787402 
vn -1 0.023622 0.00787402 
vn -0.00787402 -1 0.015748 
vn 0.015748 -1 -0.00787402 
vn 0.015748 -1 0.015748 
vn 0.850394 -0.527559 0.023622 
vn 0.84252 -0.535433 0.00787402 
vn 0.850394 -0.527559 0.00787402 
vn 0.850394 -0.527559 0.00787402 
vn 0.850394 -0.527559 -0.00787402 
vn 0.850394 -0.527559 -0.00787402 
vn 0.84252 -0.535433 -0.00787402 
vn 0.850394 -0.527559 -0.023622 
vn 0.574803 -0.629921 -0.527559 
vn 0.574803 -0.637795 -0.519685 
vn 0.574803 -0.629921 -0.527559 
vn 0.574803 -0.637795 -0.519685 
vn 0.015748 -0.527559 -0.850394 
vn 0.00787402 -0.527559 -0.850394 
vn -0.00787402 -0.527559 -0.850394 
vn -0.015748 -0.527559 -0.850394 
vn -0.574803 -0.629921 -0.527559 
vn -0.574803 -0.629921 -0.527559 
vn -0.574803 -0.629921 -0.527559 
vn -0.574803 -0.637795 -0.519685 
vn -0.850394 -0.527559 -0.023622 
vn -0.84252 -0.535433 -0.00787402 
vn -0.850394 -0.527559 -0.00787402 
vn -0.850394 -0.527559 -0.00787402 
vn -0.850394 -0.527559 0.00787402 
vn -0.850394 -0.527559 0.00787402 
vn -0.84252 -0.535433 0.00787402 
vn -0.850394 -0.527559 0.023622 
vn -0.574803 -0.629921 0.527559 
vn -0.574803 -0.637795 0.519685 
vn -0.574803 -0.629921 0.527559 
vn -0.574803 -0.637795 0.519685 
vn -0.015748 -0.527559 0.850394 
vn -0.00787402 -0.527559 0.850394 
vn 0.00787402 -0.527559 0.850394 
vn 0.015748 -0.527559 0.850394 
vn 0.574803 -0.629921 0.527559 
vn 0.574803 -0.629921 0.527559 
vn 0.574803 -0.629921 0.527559 
vn 0.574803 -0.637795 0.519685 
vn -0.015748 -1 0 
vn -0.00787402 -1 -0.015748 
vn -0.00787402 -1 0.015748 
vn 0.015748 -1 -0.023622 
vn 0.015748 -1 -0.023622 
vn -0.00787402 -1 -0.023622 
vn -0.00787402 -1 -0.023622 
vn -0.0944882 -0.992126 0.015748 
vn -0.0944882 -0.992126 0.015748 
vn -0.0944882 -0.992126 0.015748 
vn 0.015748 -1 0.023622 
vn 0.015748 -1 0.023622 
vn 0.015748 -1 0.015748 
vn 0.015748 -1 -0.0629921 
vn 0.015748 -1 -0.0629921 
vn 0.015748 -1 -0.0629921 
vn -0.0944882 -0.992126 -0.015748 
vn -0.0944882 -0.992126 -0.015748 
vn -0.0944882 -0.992126 -0.015748 
vn 0.00787402 -1 -0.015748 
vn 0.00787402 -1 -0.00787402 
vn -0.00787402 -1 -0.00787402 
vn -0.00787402 -1 -0.015748 
vn 0.0866142 -1 -0.00787402 
vn 0.0866142 -1 -0.00787402 
vn 0.0866142 -0.992126 -0.00787402 
vn -0.0944882 -0.992126 0.015748 
vn -0.0944882 -0.992126 0.023622 
vn -0.0944882 -0.992126 0.023622 
vn -0.0944882 -0.992126 -0.023622 
vn -0.0944882 -0.992126 -0.023622 
vn -0.0944882 -0.992126 -0.015748 
vn 0.0866142 -0.992126 -0.015748 
vn 0.0866142 -0.992126 -0.023622 
vn 0.0866142 -0.992126 -0.023622 
vn -0.0314961 -1 0.00787402 
vn -0.0314961 -1 0.015748 
vn -0.0314961 -1 -0.00787402 
vn -0.00787402 -1 -0.015748 
vn 0.00787402 -1 -0.015748 
vn -0.00787402 -1 0.015748 
vn 0.708661 0.614173 0.338583 
vn 0.708661 0.614173 0.338583 
vn 0.716535 0.692913 0.11811 
vn 0.716535 0.685039 -0.11811 
vn 0.708661 0.488189 0.503937 
vn 0.716535 0.488189 0.503937 
vn 0.716535 0.314961 0.622047 
vn 0.716535 0.314961 0.622047 
vn 0.708661 0.173228 0.685039 
vn 0.708661 0 0.708661 
vn 0.716535 0.314961 -0.622047 
vn 0.708661 0.165354 -0.685039 
vn 0.708661 0.488189 -0.503937 
vn 0.708661 0.614173 -0.338583 
vn 0.716535 0.692913 0.11811 
vn 0.708661 0.173228 0.685039 
vn 0.708661 0 0.708661 
vn 0.708661 0 0.708661 
vn 0.700787 0 -0.708661 
vn 0.574803 -0.629921 -0.527559 
vn 0.574803 -0.629921 -0.527559 
vn 0.574803 -0.629921 0.527559 
vn 0.574803 -0.637795 0.519685 
vn 0.574803 -0.629921 0.527559 
vn 0.574803 -0.637795 0.519685 
vn 0.015748 -1 -0.0629921 
vn 0.0866142 -0.992126 -0.00787402 
vn -0.716535 0.692913 0.11811 
vn -0.716535 0.692913 -0.11811 
vn -0.708661 0.614173 0.338583 
vn -0.708661 0.614173 0.338583 
vn -0.716535 0.488189 0.503937 
vn -0.708661 0.488189 0.503937 
vn -0.716535 0.314961 0.622047 
vn -0.716535 0.314961 0.622047 
vn -0.708661 0.181102 0.677165 
vn -0.708661 0.165354 0.685039 
vn -0.708661 0.173228 0.685039 
vn -0.708661 0.173228 0.677165 
vn -0.716535 0.314961 -0.622047 
vn -0.708661 0.488189 -0.503937 
vn -0.708661 0.614173 -0.338583 
vn -0.716535 0.685039 0.11811 
vn -0.708661 0 0.708661 
vn -0.708661 0 0.708661 
vn -0.700787 0 -0.708661 
vn -0.574803 -0.637795 -0.519685 
vn -0.574803 -0.629921 -0.527559 
vn -0.574803 -0.629921 0.527559 
vn -0.574803 -0.629921 0.527559 
vn -0.0944882 -0.992126 -0.015748 
vn -0.0944882 -0.992126 0.015748 

vt 0.703054 0.244985 
vt 0.703054 0.251808 
vt 0.70513 0.251809 
vt 0.70513 0.244986 
vt 0.428709 0.244919 
vt 0.428709 0.237121 
vt 0.426502 0.237121 
vt 0.426502 0.244919 
vt 0.703054 0.258654 
vt 0.70513 0.258654 
vt 0.703054 0.264407 
vt 0.705132 0.264407 
vt 0.703055 0.271841 
vt 0.705132 0.271839 
vt 0.498498 0.263345 
vt 0.4985 0.25598 
vt 0.496387 0.25598 
vt 0.496403 0.263345 
vt 0.49431 0.263345 
vt 0.494305 0.271841 
vt 0.4964 0.271841 
vt 0.498494 0.248586 
vt 0.496386 0.248586 
vt 0.498491 0.241796 
vt 0.496382 0.241797 
vt 0.498526 0.236641 
vt 0.49642 0.236641 
vt 0.637727 0.244985 
vt 0.637727 0.237187 
vt 0.635636 0.237188 
vt 0.635636 0.244986 
vt 0.635636 0.244986 
vt 0.635636 0.251809 
vt 0.633472 0.251809 
vt 0.633368 0.244986 
vt 0.635636 0.258654 
vt 0.633472 0.258654 
vt 0.635635 0.264407 
vt 0.633472 0.264407 
vt 0.635635 0.264407 
vt 0.635634 0.271845 
vt 0.633472 0.271845 
vt 0.633472 0.264407 
vt 0.56341 0.263345 
vt 0.563422 0.271841 
vt 0.565674 0.271841 
vt 0.565702 0.263345 
vt 0.567874 0.263346 
vt 0.567874 0.255981 
vt 0.565702 0.25598 
vt 0.567874 0.248586 
vt 0.565702 0.248586 
vt 0.567874 0.241797 
vt 0.565702 0.241797 
vt 0.567958 0.236641 
vt 0.565692 0.236641 
vt 0.428422 0.194177 
vt 0.428422 0.271733 
vt 0.426439 0.271787 
vt 0.426439 0.194231 
vt 0.633474 0.271841 
vt 0.633474 0.194285 
vt 0.635636 0.194285 
vt 0.635634 0.271841 
vt 0.494305 0.194285 
vt 0.49638 0.194285 
vt 0.567926 0.194285 
vt 0.567926 0.271841 
vt 0.565674 0.194285 
vt 0.703054 0.244985 
vt 0.637727 0.244985 
vt 0.637727 0.251808 
vt 0.703054 0.251808 
vt 0.637727 0.258654 
vt 0.703054 0.258654 
vt 0.637726 0.264407 
vt 0.703054 0.264407 
vt 0.498498 0.263345 
vt 0.56341 0.263345 
vt 0.56341 0.25598 
vt 0.4985 0.25598 
vt 0.56341 0.248586 
vt 0.498494 0.248586 
vt 0.56341 0.241796 
vt 0.498491 0.241796 
vt 0.563427 0.236641 
vt 0.498526 0.236641 
vt 0.703056 0.237187 
vt 0.637727 0.237187 
vt 0.428366 0.194178 
vt 0.461201 0.194285 
vt 0.461201 0.271841 
vt 0.428366 0.271733 
vt 0.703055 0.271841 
vt 0.637726 0.271841 
vt 0.637726 0.194285 
vt 0.703057 0.194285 
vt 0.633446 0.271841 
vt 0.600184 0.271841 
vt 0.600184 0.194285 
vt 0.633446 0.194285 
vt 0.494301 0.271841 
vt 0.494301 0.194285 
vt 0.49851 0.194285 
vt 0.563422 0.194285 
vt 0.563422 0.271841 
vt 0.498495 0.271841 
vt 0.56797 0.194285 
vt 0.56797 0.271841 
vt 0.637726 0.271845 
vt 0.441879 0.255571 
vt 0.461201 0.271841 
vt 0.45103 0.253073 
vt 0.434594 0.259485 
vt 0.441879 0.255571 
vt 0.429878 0.264445 
vt 0.493198 0.264912 
vt 0.490212 0.259819 
vt 0.482579 0.255773 
vt 0.47293 0.253158 
vt 0.461201 0.271841 
vt 0.482579 0.255773 
vt 0.461235 0.252232 
vt 0.461201 0.271841 
vt 0.47293 0.253158 
vt 0.45103 0.253073 
vt 0.461201 0.271841 
vt 0.461235 0.252232 
vt 0.610969 0.25342 
vt 0.600184 0.271841 
vt 0.620168 0.256208 
vt 0.620168 0.256208 
vt 0.600184 0.271841 
vt 0.627468 0.26055 
vt 0.632165 0.266034 
vt 0.56797 0.271841 
vt 0.568349 0.265937 
vt 0.57237 0.260538 
vt 0.580014 0.256262 
vt 0.580014 0.256262 
vt 0.600184 0.271841 
vt 0.589647 0.253517 
vt 0.589647 0.253517 
vt 0.600184 0.271841 
vt 0.600187 0.252571 
vt 0.600187 0.252571 
vt 0.600184 0.271841 
vt 0.610969 0.25342 
vt 0.497488 0.126946 
vt 0.467542 0.175882 
vt 0.467581 0.127054 
vt 0.428366 0.194178 
vt 0.428388 0.187527 
vt 0.461201 0.187527 
vt 0.461201 0.194285 
vt 0.461201 0.194285 
vt 0.461201 0.187527 
vt 0.49431 0.187527 
vt 0.494301 0.194285 
vt 0.494305 0.194285 
vt 0.494314 0.187526 
vt 0.49642 0.187526 
vt 0.49638 0.194285 
vt 0.49851 0.194285 
vt 0.498526 0.187526 
vt 0.563427 0.187526 
vt 0.563422 0.194285 
vt 0.563422 0.194285 
vt 0.563427 0.187526 
vt 0.565692 0.187526 
vt 0.565674 0.194285 
vt 0.56797 0.194285 
vt 0.568001 0.187526 
vt 0.600184 0.187526 
vt 0.600184 0.194285 
vt 0.600184 0.194285 
vt 0.600184 0.187526 
vt 0.633393 0.187526 
vt 0.633446 0.194285 
vt 0.633474 0.194285 
vt 0.633419 0.187526 
vt 0.635636 0.187531 
vt 0.635636 0.194285 
vt 0.637726 0.194285 
vt 0.637726 0.187526 
vt 0.703057 0.187528 
vt 0.703057 0.194285 
vt 0.703057 0.194285 
vt 0.703057 0.187528 
vt 0.705131 0.187528 
vt 0.70513 0.194231 
vt 0.499797 0.151604 
vt 0.497488 0.175886 
vt 0.497488 0.126946 
vt 0.467581 0.127054 
vt 0.467539 0.123306 
vt 0.497488 0.123306 
vt 0.497488 0.126946 
vt 0.497488 0.126946 
vt 0.497488 0.123306 
vt 0.498643 0.125184 
vt 0.465231 0.127062 
vt 0.467581 0.127054 
vt 0.465231 0.151604 
vt 0.465231 0.127062 
vt 0.466385 0.125184 
vt 0.467581 0.127054 
vt 0.497488 0.175886 
vt 0.499797 0.175828 
vt 0.498643 0.177706 
vt 0.467539 0.179584 
vt 0.467542 0.175882 
vt 0.497488 0.175886 
vt 0.497488 0.179584 
vt 0.467542 0.175882 
vt 0.467539 0.179584 
vt 0.466385 0.177706 
vt 0.499797 0.151604 
vt 0.497488 0.126946 
vt 0.499797 0.127062 
vt 0.499797 0.175828 
vt 0.497488 0.175886 
vt 0.499797 0.151604 
vt 0.465231 0.151604 
vt 0.467542 0.175882 
vt 0.465231 0.175828 
vt 0.465231 0.151604 
vt 0.467581 0.127054 
vt 0.467542 0.175882 
vt 0.497488 0.175886 
vt 0.467542 0.175882 
vt 0.497488 0.126946 
vt 0.426502 0.251742 
vt 0.428709 0.251742 
vt 0.705129 0.237188 
vt 0.703056 0.237187 
vt 0.426502 0.258588 
vt 0.428709 0.258588 
vt 0.426502 0.26434 
vt 0.428709 0.26434 
vt 0.426502 0.271674 
vt 0.428745 0.27168 
vt 0.49431 0.255981 
vt 0.498495 0.271841 
vt 0.49431 0.248586 
vt 0.49431 0.241797 
vt 0.494314 0.236641 
vt 0.705132 0.271839 
vt 0.703057 0.194285 
vt 0.70513 0.194231 
vt 0.49851 0.194285 
vt 0.498526 0.187526 
vt 0.49851 0.194285 
vt 0.426402 0.187526 
vt 0.42845 0.187526 
vt 0.428422 0.194177 
vt 0.426439 0.194231 
vt 0.467539 0.123306 
vt 0.465231 0.175828 
vt 0.633265 0.237188 
vt 0.635636 0.237188 
vt 0.635636 0.251809 
vt 0.637727 0.251808 
vt 0.635636 0.258654 
vt 0.637727 0.258654 
vt 0.635635 0.264407 
vt 0.637726 0.264407 
vt 0.635634 0.271845 
vt 0.637726 0.271845 
vt 0.637726 0.264407 
vt 0.635635 0.264407 
vt 0.56341 0.25598 
vt 0.56341 0.248586 
vt 0.56341 0.241796 
vt 0.563427 0.236641 
vt 0.637726 0.194285 
vt 0.637726 0.271841 
vt 0.563422 0.194285 
vt 0.567958 0.187526 
vt 0.567926 0.194285 
vt 0.637726 0.187526 
vt 0.637726 0.194285 
vt 0.497488 0.179584 
vt 0.499797 0.127062 

usemtl Alreadypro1Mtl

f 5528/5528/5528 5529/5529/5529 5530/5530/5530 
f 5528/5528/5528 5530/5530/5530 5531/5531/5531 
f 5532/5532/5532 5533/5533/5533 5534/5534/5534 
f 5532/5532/5532 5534/5534/5534 5535/5535/5535 
f 5529/5529/5529 5536/5536/5536 5537/5537/5537 
f 5529/5529/5529 5537/5537/5537 5530/5530/5530 
f 5536/5536/5536 5538/5538/5538 5539/5539/5539 
f 5536/5536/5536 5539/5539/5539 5537/5537/5537 
f 5538/5538/5538 5540/5540/5540 5541/5541/5541 
f 5538/5538/5538 5541/5541/5541 5539/5539/5539 
f 5542/5542/5542 5543/5543/5543 5544/5544/5544 
f 5542/5542/5542 5544/5544/5544 5545/5545/5545 
f 5546/5546/5546 5547/5547/5547 5548/5548/5548 
f 5546/5546/5546 5548/5548/5548 5545/5545/5545 
f 5543/5543/5543 5549/5549/5549 5550/5550/5550 
f 5543/5543/5543 5550/5550/5550 5544/5544/5544 
f 5549/5549/5549 5551/5551/5551 5552/5552/5552 
f 5549/5549/5549 5552/5552/5552 5550/5550/5550 
f 5551/5551/5551 5553/5553/5553 5554/5554/5554 
f 5551/5551/5551 5554/5554/5554 5552/5552/5552 
f 5555/5555/5555 5556/5556/5556 5557/5557/5557 
f 5555/5555/5555 5557/5557/5557 5558/5558/5558 
f 5559/5559/5559 5560/5560/5560 5561/5561/5561 
f 5559/5559/5559 5561/5561/5561 5562/5562/5562 
f 5560/5560/5560 5563/5563/5563 5564/5564/5564 
f 5560/5560/5560 5564/5564/5564 5561/5561/5561 
f 5563/5563/5563 5565/5565/5565 5566/5566/5566 
f 5563/5563/5563 5566/5566/5566 5564/5564/5564 
f 5567/5567/5567 5568/5568/5568 5569/5569/5569 
f 5567/5567/5567 5569/5569/5569 5570/5570/5570 
f 5571/5571/5571 5572/5572/5572 5573/5573/5573 
f 5571/5571/5571 5573/5573/5573 5574/5574/5574 
f 5575/5575/5575 5576/5576/5576 5577/5577/5577 
f 5575/5575/5575 5577/5577/5577 5574/5574/5574 
f 5576/5576/5576 5578/5578/5578 5579/5579/5579 
f 5576/5576/5576 5579/5579/5579 5577/5577/5577 
f 5578/5578/5578 5580/5580/5580 5581/5581/5581 
f 5578/5578/5578 5581/5581/5581 5579/5579/5579 
f 5580/5580/5580 5582/5582/5582 5583/5583/5583 
f 5580/5580/5580 5583/5583/5583 5581/5581/5581 
f 5584/5584/5584 5585/5585/5585 5586/5586/5586 
f 5584/5584/5584 5586/5586/5586 5587/5587/5587 
f 5588/5588/5588 5589/5589/5589 5590/5590/5590 
f 5588/5588/5588 5590/5590/5590 5591/5591/5591 
f 5547/5547/5547 5592/5592/5592 5593/5593/5593 
f 5547/5547/5547 5593/5593/5593 5548/5548/5548 
f 5594/5594/5594 5595/5595/5595 5573/5573/5573 
f 5594/5594/5594 5573/5573/5573 5596/5596/5596 
f 5597/5597/5597 5598/5598/5598 5599/5599/5599 
f 5597/5597/5597 5599/5599/5599 5600/5600/5600 
f 5600/5600/5600 5599/5599/5599 5601/5601/5601 
f 5600/5600/5600 5601/5601/5601 5602/5602/5602 
f 5602/5602/5602 5601/5601/5601 5603/5603/5603 
f 5602/5602/5602 5603/5603/5603 5604/5604/5604 
f 5605/5605/5605 5606/5606/5606 5607/5607/5607 
f 5605/5605/5605 5607/5607/5607 5608/5608/5608 
f 5608/5608/5608 5607/5607/5607 5609/5609/5609 
f 5608/5608/5608 5609/5609/5609 5610/5610/5610 
f 5610/5610/5610 5609/5609/5609 5611/5611/5611 
f 5610/5610/5610 5611/5611/5611 5612/5612/5612 
f 5612/5612/5612 5611/5611/5611 5613/5613/5613 
f 5612/5612/5612 5613/5613/5613 5614/5614/5614 
f 5615/5615/5615 5616/5616/5616 5598/5598/5598 
f 5615/5615/5615 5598/5598/5598 5597/5597/5597 
f 5617/5617/5617 5618/5618/5618 5619/5619/5619 
f 5617/5617/5617 5619/5619/5619 5620/5620/5620 
f 5621/5621/5621 5622/5622/5622 5623/5623/5623 
f 5621/5621/5621 5623/5623/5623 5624/5624/5624 
f 5625/5625/5625 5626/5626/5626 5627/5627/5627 
f 5625/5625/5625 5627/5627/5627 5628/5628/5628 
f 5629/5629/5629 5619/5619/5619 5618/5618/5618 
f 5629/5629/5629 5618/5618/5618 5630/5630/5630 
f 5631/5631/5631 5632/5632/5632 5633/5633/5633 
f 5631/5631/5631 5633/5633/5633 5634/5634/5634 
f 5635/5635/5635 5627/5627/5627 5626/5626/5626 
f 5635/5635/5635 5626/5626/5626 5636/5636/5636 
f 5604/5604/5604 5603/5603/5603 5637/5637/5637 
f 5604/5604/5604 5637/5637/5637 5621/5621/5621 
f 5634/5634/5634 5633/5633/5633 5606/5606/5606 
f 5634/5634/5634 5606/5606/5606 5605/5605/5605 
f 5638/5638/5638 5639/5639/5639 5640/5640/5640 
f 5641/5641/5641 5619/5619/5619 5642/5642/5642 
f 5643/5643/5643 5619/5619/5619 5641/5641/5641 
f 5620/5620/5620 5619/5619/5619 5643/5643/5643 
f 5644/5644/5644 5619/5619/5619 5629/5629/5629 
f 5645/5645/5645 5619/5619/5619 5644/5644/5644 
f 5646/5646/5646 5619/5619/5619 5645/5645/5645 
f 5647/5647/5647 5648/5648/5648 5649/5649/5649 
f 5650/5650/5650 5651/5651/5651 5652/5652/5652 
f 5653/5653/5653 5654/5654/5654 5655/5655/5655 
f 5656/5656/5656 5657/5657/5657 5658/5658/5658 
f 5659/5659/5659 5660/5660/5660 5661/5661/5661 
f 5661/5661/5661 5660/5660/5660 5662/5662/5662 
f 5662/5662/5662 5660/5660/5660 5625/5625/5625 
f 5663/5663/5663 5626/5626/5626 5664/5664/5664 
f 5664/5664/5664 5626/5626/5626 5665/5665/5665 
f 5665/5665/5665 5626/5626/5626 5666/5666/5666 
f 5667/5667/5667 5668/5668/5668 5669/5669/5669 
f 5670/5670/5670 5671/5671/5671 5672/5672/5672 
f 5673/5673/5673 5674/5674/5674 5675/5675/5675 
f 5676/5676/5676 5677/5677/5677 5678/5678/5678 
f 5679/5679/5679 5680/5680/5680 5681/5681/5681 
f 5679/5679/5679 5681/5681/5681 5682/5682/5682 
f 5683/5683/5683 5684/5684/5684 5685/5685/5685 
f 5683/5683/5683 5685/5685/5685 5686/5686/5686 
f 5687/5687/5687 5688/5688/5688 5689/5689/5689 
f 5687/5687/5687 5689/5689/5689 5690/5690/5690 
f 5691/5691/5691 5692/5692/5692 5693/5693/5693 
f 5691/5691/5691 5693/5693/5693 5694/5694/5694 
f 5695/5695/5695 5696/5696/5696 5697/5697/5697 
f 5695/5695/5695 5697/5697/5697 5698/5698/5698 
f 5699/5699/5699 5700/5700/5700 5701/5701/5701 
f 5699/5699/5699 5701/5701/5701 5702/5702/5702 
f 5703/5703/5703 5704/5704/5704 5705/5705/5705 
f 5703/5703/5703 5705/5705/5705 5706/5706/5706 
f 5707/5707/5707 5708/5708/5708 5709/5709/5709 
f 5707/5707/5707 5709/5709/5709 5710/5710/5710 
f 5711/5711/5711 5712/5712/5712 5713/5713/5713 
f 5711/5711/5711 5713/5713/5713 5714/5714/5714 
f 5715/5715/5715 5716/5716/5716 5717/5717/5717 
f 5715/5715/5715 5717/5717/5717 5718/5718/5718 
f 5719/5719/5719 5720/5720/5720 5721/5721/5721 
f 5722/5722/5722 5723/5723/5723 5724/5724/5724 
f 5722/5722/5722 5724/5724/5724 5725/5725/5725 
f 5726/5726/5726 5727/5727/5727 5728/5728/5728 
f 5729/5729/5729 5730/5730/5730 5731/5731/5731 
f 5732/5732/5732 5733/5733/5733 5734/5734/5734 
f 5735/5735/5735 5736/5736/5736 5737/5737/5737 
f 5738/5738/5738 5739/5739/5739 5740/5740/5740 
f 5738/5738/5738 5740/5740/5740 5741/5741/5741 
f 5742/5742/5742 5743/5743/5743 5744/5744/5744 
f 5745/5745/5745 5746/5746/5746 5747/5747/5747 
f 5748/5748/5748 5749/5749/5749 5750/5750/5750 
f 5751/5751/5751 5752/5752/5752 5753/5753/5753 
f 5754/5754/5754 5755/5755/5755 5756/5756/5756 
f 5757/5757/5757 5758/5758/5758 5759/5759/5759 
f 5760/5760/5760 5761/5761/5761 5532/5532/5532 
f 5760/5760/5760 5532/5532/5532 5535/5535/5535 
f 5762/5762/5762 5763/5763/5763 5528/5528/5528 
f 5762/5762/5762 5528/5528/5528 5531/5531/5531 
f 5764/5764/5764 5765/5765/5765 5761/5761/5761 
f 5764/5764/5764 5761/5761/5761 5760/5760/5760 
f 5766/5766/5766 5767/5767/5767 5765/5765/5765 
f 5766/5766/5766 5765/5765/5765 5764/5764/5764 
f 5768/5768/5768 5769/5769/5769 5767/5767/5767 
f 5768/5768/5768 5767/5767/5767 5766/5766/5766 
f 5544/5544/5544 5770/5770/5770 5546/5546/5546 
f 5544/5544/5544 5546/5546/5546 5545/5545/5545 
f 5548/5548/5548 5771/5771/5771 5542/5542/5542 
f 5548/5548/5548 5542/5542/5542 5545/5545/5545 
f 5550/5550/5550 5772/5772/5772 5770/5770/5770 
f 5550/5550/5550 5770/5770/5770 5544/5544/5544 
f 5552/5552/5552 5773/5773/5773 5772/5772/5772 
f 5552/5552/5552 5772/5772/5772 5550/5550/5550 
f 5554/5554/5554 5774/5774/5774 5773/5773/5773 
f 5554/5554/5554 5773/5773/5773 5552/5552/5552 
f 5775/5775/5775 5540/5540/5540 5776/5776/5776 
f 5775/5775/5775 5776/5776/5776 5777/5777/5777 
f 5593/5593/5593 5778/5778/5778 5771/5771/5771 
f 5593/5593/5593 5771/5771/5771 5548/5548/5548 
f 5689/5689/5689 5779/5779/5779 5780/5780/5780 
f 5689/5689/5689 5780/5780/5780 5690/5690/5690 
f 5781/5781/5781 5782/5782/5782 5783/5783/5783 
f 5781/5781/5781 5783/5783/5783 5784/5784/5784 
f 5733/5733/5733 5785/5785/5785 5734/5734/5734 
f 5744/5744/5744 5786/5786/5786 5742/5742/5742 
f 5787/5787/5787 5788/5788/5788 5559/5559/5559 
f 5787/5787/5787 5559/5559/5559 5562/5562/5562 
f 5789/5789/5789 5790/5790/5790 5555/5555/5555 
f 5789/5789/5789 5555/5555/5555 5558/5558/5558 
f 5791/5791/5791 5792/5792/5792 5790/5790/5790 
f 5791/5791/5791 5790/5790/5790 5789/5789/5789 
f 5793/5793/5793 5794/5794/5794 5792/5792/5792 
f 5793/5793/5793 5792/5792/5792 5791/5791/5791 
f 5795/5795/5795 5796/5796/5796 5797/5797/5797 
f 5795/5795/5795 5797/5797/5797 5798/5798/5798 
f 5573/5573/5573 5595/5595/5595 5575/5575/5575 
f 5573/5573/5573 5575/5575/5575 5574/5574/5574 
f 5577/5577/5577 5799/5799/5799 5571/5571/5571 
f 5577/5577/5577 5571/5571/5571 5574/5574/5574 
f 5579/5579/5579 5800/5800/5800 5799/5799/5799 
f 5579/5579/5579 5799/5799/5799 5577/5577/5577 
f 5581/5581/5581 5801/5801/5801 5800/5800/5800 
f 5581/5581/5581 5800/5800/5800 5579/5579/5579 
f 5583/5583/5583 5802/5802/5802 5801/5801/5801 
f 5583/5583/5583 5801/5801/5801 5581/5581/5581 
f 5590/5590/5590 5803/5803/5803 5804/5804/5804 
f 5590/5590/5590 5804/5804/5804 5591/5591/5591 
f 5573/5573/5573 5572/5572/5572 5805/5805/5805 
f 5573/5573/5573 5805/5805/5805 5596/5596/5596 
f 5697/5697/5697 5806/5806/5806 5807/5807/5807 
f 5697/5697/5697 5807/5807/5807 5698/5698/5698 
f 5709/5709/5709 5808/5808/5808 5809/5809/5809 
f 5709/5709/5709 5809/5809/5809 5710/5710/5710 
f 5737/5737/5737 5810/5810/5810 5735/5735/5735 
f 5728/5728/5728 5811/5811/5811 5726/5726/5726 

g Alreadypro8

v -31.1478 4.29153e-06 -31.7167 
v -31.0835 4.29153e-06 -31.7167 
v -31.1156 4.29153e-06 -31.6914 
v -32.0523 4.29153e-06 -31.6907 
v -32.0219 4.29153e-06 -31.6661 
v -32.0219 0.18969 -31.6661 
v -32.0523 0.18969 -31.6907 
v -31.0835 0.18969 -32.6136 
v -31.0835 4.05312e-06 -32.6136 
v -31.1478 4.05312e-06 -32.6661 
v -31.1478 0.18969 -32.6661 
v -32.0219 4.05312e-06 -32.6661 
v -32.0219 4.05312e-06 -32.615 
v -32.0835 4.05312e-06 -32.6136 
v -32.0219 0.18969 -31.6661 
v -32.0219 4.29153e-06 -31.6661 
v -31.1478 4.29153e-06 -31.6661 
v -31.1478 0.18969 -31.6661 
v -32.0219 0.18969 -32.6661 
v -32.0219 4.05312e-06 -32.6661 
v -32.0835 4.05312e-06 -32.6136 
v -32.0835 0.18969 -32.6136 
v -32.0219 0.249484 -32.615 
v -32.0219 0.18969 -32.6661 
v -32.0835 0.18969 -32.6136 
v -32.0219 0.249484 -31.7167 
v -32.0219 0.18969 -31.6661 
v -31.1478 0.18969 -31.6661 
v -31.1478 0.249556 -31.7167 
v -31.1478 4.05312e-06 -32.6661 
v -31.1478 4.05312e-06 -32.615 
v -31.1478 0.18969 -32.6661 
v -31.1478 4.05312e-06 -32.6661 
v -32.0219 4.05312e-06 -32.6661 
v -32.0219 0.18969 -32.6661 
v -31.1478 0.18969 -31.6661 
v -31.1478 4.29153e-06 -31.6661 
v -31.1156 4.29153e-06 -31.6914 
v -31.1156 0.18969 -31.6914 
v -31.0835 4.05312e-06 -32.6136 
v -31.0835 4.05312e-06 -32.6136 
v -31.0835 0.18969 -32.6136 
v -31.0835 0.18969 -31.7167 
v -31.0835 4.29153e-06 -31.7167 
v -32.0219 0.249484 -32.615 
v -32.0835 0.18969 -32.6136 
v -32.0827 0.18969 -31.7154 
v -32.0219 0.249484 -31.7167 
v -31.1477 0.249604 -32.615 
v -31.0835 0.18969 -32.6136 
v -31.1478 0.18969 -32.6661 
v -32.0835 4.05312e-06 -32.6136 
v -32.0219 4.29153e-06 -31.7167 
v -32.0827 4.29153e-06 -31.7154 
v -32.0219 0.249484 -32.615 
v -31.1477 0.249604 -32.615 
v -31.1478 0.18969 -32.6661 
v -32.0219 0.18969 -32.6661 
v -32.0827 4.29153e-06 -31.7154 
v -32.0827 0.18969 -31.7154 
v -32.0835 0.18969 -32.6136 
v -32.0835 4.05312e-06 -32.6136 
v -31.1478 0.249556 -31.7167 
v -31.0835 0.18969 -31.7167 
v -31.0835 0.18969 -32.6136 
v -31.1477 0.249604 -32.615 
v -31.1478 0.249556 -31.7167 
v -31.1478 0.18969 -31.6661 
v -31.1156 0.18969 -31.6914 
v -32.0219 0.249484 -31.7167 
v -32.0523 0.18969 -31.6907 
v -32.0219 0.18969 -31.6661 
v -32.0219 4.29153e-06 -31.6661 
v -32.0523 4.29153e-06 -31.6907 
v -32.0827 4.29153e-06 -31.7154 
v -31.1478 4.29153e-06 -31.6661 
v -31.5766 0.29944 -32.1681 
v -31.2892 0.300004 -31.8481 
v -31.2892 0.300004 -32.487 
v -32.0219 0.249484 -31.7167 
v -31.8641 0.300004 -31.8481 
v -31.8641 0.300004 -32.487 
v -32.0219 0.249484 -32.615 
v -31.1478 0.249556 -31.7167 
v -31.1477 0.249604 -32.615 
v -31.1156 4.29153e-06 -31.6914 
v -31.0835 4.29153e-06 -31.7167 
v -31.0835 0.18969 -31.7167 
v -31.1156 0.18969 -31.6914 
v -31.1156 0.18969 -31.6914 
v -31.0835 0.18969 -31.7167 
v -31.1478 0.249556 -31.7167 
v -32.0219 0.249484 -31.7167 
v -32.0827 0.18969 -31.7154 
v -32.0523 0.18969 -31.6907 
v -32.0523 0.18969 -31.6907 
v -32.0827 0.18969 -31.7154 
v -32.0827 4.29153e-06 -31.7154 
v -32.0523 4.29153e-06 -31.6907 

vn 0.0708661 -1 0.023622 
vn 0.0708661 -1 0.023622 
vn 0.0708661 -1 0.023622 
vn -0.629921 0 0.779528 
vn -0.511811 0.535433 0.669291 
vn -0.511811 0.535433 0.669291 
vn -0.629921 0 0.779528 
vn 0.551181 0.527559 -0.653543 
vn 0.551181 0.519685 -0.653543 
vn 0.551181 0.519685 -0.653543 
vn 0.551181 0.527559 -0.653543 
vn 0.0708661 -1 -0.023622 
vn 0.0787402 -1 -0.023622 
vn 0.0708661 -1 -0.023622 
vn 0.023622 0.527559 0.850394 
vn 0.023622 0.527559 0.850394 
vn 0.023622 0.527559 0.850394 
vn 0.023622 0.527559 0.850394 
vn -0.527559 0.543307 -0.653543 
vn -0.527559 0.535433 -0.661417 
vn -0.527559 0.535433 -0.661417 
vn -0.527559 0.535433 -0.653543 
vn -0.511811 0.614173 -0.598425 
vn -0.330709 0.850394 -0.417323 
vn -0.330709 0.850394 -0.417323 
vn 0 0.708661 0.700787 
vn 0.015748 0.88189 0.464567 
vn 0.015748 0.88189 0.464567 
vn 0 0.708661 0.700787 
vn 0.0708661 -1 -0.023622 
vn 0.0708661 -1 -0.023622 
vn 0.023622 0.527559 -0.850394 
vn 0.023622 0.527559 -0.850394 
vn 0.023622 0.527559 -0.850394 
vn 0.023622 0.527559 -0.850394 
vn 0.535433 0.527559 0.661417 
vn 0.535433 0.519685 0.661417 
vn 0.622047 0 0.787402 
vn 0.622047 0 0.787402 
vn 0.0708661 -1 -0.023622 
vn 0.850394 0.519685 -0.00787402 
vn 0.850394 0.527559 -0.00787402 
vn 0.850394 0.527559 0.00787402 
vn 0.850394 0.519685 0.00787402 
vn -0.629921 0.771654 0 
vn -0.393701 0.92126 -0.00787402 
vn -0.393701 0.92126 0.00787402 
vn -0.629921 0.771654 0 
vn 0.496063 0.622047 -0.606299 
vn 0.354331 0.84252 -0.409449 
vn 0.354331 0.84252 -0.417323 
vn 0.0708661 -1 -0.023622 
vn 0.0787402 -1 0.023622 
vn 0.0787402 -1 0.023622 
vn 0 0.716535 -0.700787 
vn 0 0.716535 -0.700787 
vn 0.015748 0.88189 -0.464567 
vn 0.015748 0.88189 -0.464567 
vn -0.84252 0.543307 0.00787402 
vn -0.834646 0.543307 0.00787402 
vn -0.834646 0.543307 -0.00787402 
vn -0.84252 0.543307 -0.00787402 
vn 0.614173 0.787402 0 
vn 0.409449 0.913386 0.00787402 
vn 0.409449 0.913386 -0.00787402 
vn 0.614173 0.787402 0 
vn 0.480315 0.622047 0.614173 
vn 0.338583 0.84252 0.417323 
vn 0.480315 0.622047 0.614173 
vn -0.496063 0.622047 0.606299 
vn -0.496063 0.622047 0.606299 
vn -0.314961 0.850394 0.417323 
vn 0.0708661 -1 0.023622 
vn 0.0708661 -1 0.023622 
vn 0.0787402 -1 0.023622 
vn 0.0708661 -1 0.023622 
vn 0.015748 1 0 
vn 0.015748 1 0 
vn 0.015748 1 -0.00787402 
vn -0.307087 0.952756 0 
vn -0.173228 0.984252 0 
vn -0.173228 0.984252 -0.00787402 
vn -0.307087 0.952756 0 
vn 0 0.937008 0.362205 
vn 0 0.929134 -0.370079 
vn 0.622047 0 0.787402 
vn 0.535433 0.519685 0.661417 
vn 0.535433 0.527559 0.661417 
vn 0.622047 0 0.787402 
vn 0.480315 0.622047 0.614173 
vn 0.338583 0.84252 0.417323 
vn 0.480315 0.622047 0.614173 
vn -0.496063 0.622047 0.606299 
vn -0.314961 0.850394 0.417323 
vn -0.496063 0.622047 0.606299 
vn -0.629921 0 0.779528 
vn -0.511811 0.535433 0.669291 
vn -0.511811 0.535433 0.669291 
vn -0.629921 0 0.779528 

vt 0.643889 0.00945127 
vt 0.639798 0.00945127 
vt 0.641844 0.00669563 
vt 0.425998 0.0532517 
vt 0.427929 0.0532517 
vt 0.427929 0.0771211 
vt 0.425998 0.0771211 
vt 0.493759 0.112179 
vt 0.493759 0.088384 
vt 0.497735 0.088384 
vt 0.497735 0.112179 
vt 0.705448 0.116012 
vt 0.705448 0.110449 
vt 0.709367 0.110292 
vt 0.427929 0.0771211 
vt 0.427929 0.0532517 
vt 0.493623 0.0532517 
vt 0.493623 0.0771211 
vt 0.563479 0.112179 
vt 0.563479 0.088384 
vt 0.567588 0.088384 
vt 0.567588 0.112179 
vt 0.565599 0.116017 
vt 0.563479 0.112179 
vt 0.567588 0.112179 
vt 0.425999 0.0809641 
vt 0.427929 0.0771211 
vt 0.493623 0.0771211 
vt 0.495347 0.0809641 
vt 0.643889 0.116012 
vt 0.643889 0.110449 
vt 0.497735 0.112179 
vt 0.497735 0.088384 
vt 0.563479 0.088384 
vt 0.563479 0.112179 
vt 0.493623 0.0771211 
vt 0.493623 0.0532517 
vt 0.495362 0.0532517 
vt 0.495362 0.0771211 
vt 0.639798 0.110294 
vt 0.493759 0.088384 
vt 0.493759 0.112179 
vt 0.427625 0.112179 
vt 0.427625 0.088384 
vt 0.565599 0.116017 
vt 0.567588 0.112179 
vt 0.633409 0.112179 
vt 0.635221 0.116017 
vt 0.495716 0.116017 
vt 0.493759 0.112179 
vt 0.497735 0.112179 
vt 0.709367 0.110292 
vt 0.705448 0.00945127 
vt 0.709316 0.00930679 
vt 0.565599 0.116017 
vt 0.495716 0.116017 
vt 0.497735 0.112179 
vt 0.563479 0.112179 
vt 0.633409 0.088384 
vt 0.633409 0.112179 
vt 0.567588 0.112179 
vt 0.567588 0.088384 
vt 0.425894 0.116017 
vt 0.427625 0.112179 
vt 0.493759 0.112179 
vt 0.495716 0.116017 
vt 0.495347 0.0809641 
vt 0.493623 0.0771211 
vt 0.495362 0.0771211 
vt 0.425999 0.0809641 
vt 0.425998 0.0771211 
vt 0.427929 0.0771211 
vt 0.705448 0.00394058 
vt 0.707382 0.00662369 
vt 0.709316 0.00930679 
vt 0.643889 0.00393999 
vt 0.61738 0.0526234 
vt 0.605552 0.0727888 
vt 0.605552 0.0327783 
vt 0.635294 0.0807009 
vt 0.629816 0.0727888 
vt 0.629816 0.0327783 
vt 0.635294 0.025 
vt 0.600643 0.0807005 
vt 0.600641 0.025 
vt 0.425894 0.0883839 
vt 0.427625 0.0883839 
vt 0.427625 0.112179 
vt 0.425894 0.112179 
vt 0.425894 0.112179 
vt 0.427625 0.112179 
vt 0.425894 0.116022 
vt 0.635221 0.116034 
vt 0.633409 0.112179 
vt 0.635221 0.112179 
vt 0.635221 0.112179 
vt 0.633409 0.112179 
vt 0.633409 0.0883839 
vt 0.635221 0.0883839 

usemtl Alreadypro1Mtl

f 5812/5812/5812 5813/5813/5813 5814/5814/5814 
f 5815/5815/5815 5816/5816/5816 5817/5817/5817 
f 5815/5815/5815 5817/5817/5817 5818/5818/5818 
f 5819/5819/5819 5820/5820/5820 5821/5821/5821 
f 5819/5819/5819 5821/5821/5821 5822/5822/5822 
f 5823/5823/5823 5824/5824/5824 5825/5825/5825 
f 5826/5826/5826 5827/5827/5827 5828/5828/5828 
f 5826/5826/5826 5828/5828/5828 5829/5829/5829 
f 5830/5830/5830 5831/5831/5831 5832/5832/5832 
f 5830/5830/5830 5832/5832/5832 5833/5833/5833 
f 5834/5834/5834 5835/5835/5835 5836/5836/5836 
f 5837/5837/5837 5838/5838/5838 5839/5839/5839 
f 5837/5837/5837 5839/5839/5839 5840/5840/5840 
f 5841/5841/5841 5842/5842/5842 5824/5824/5824 
f 5841/5841/5841 5824/5824/5824 5823/5823/5823 
f 5843/5843/5843 5844/5844/5844 5845/5845/5845 
f 5843/5843/5843 5845/5845/5845 5846/5846/5846 
f 5847/5847/5847 5848/5848/5848 5849/5849/5849 
f 5847/5847/5847 5849/5849/5849 5850/5850/5850 
f 5851/5851/5851 5842/5842/5842 5841/5841/5841 
f 5852/5852/5852 5853/5853/5853 5854/5854/5854 
f 5852/5852/5852 5854/5854/5854 5855/5855/5855 
f 5856/5856/5856 5857/5857/5857 5858/5858/5858 
f 5856/5856/5856 5858/5858/5858 5859/5859/5859 
f 5860/5860/5860 5861/5861/5861 5862/5862/5862 
f 5863/5863/5863 5824/5824/5824 5864/5864/5864 
f 5863/5863/5863 5864/5864/5864 5865/5865/5865 
f 5824/5824/5824 5842/5842/5842 5812/5812/5812 
f 5824/5824/5824 5812/5812/5812 5864/5864/5864 
f 5866/5866/5866 5867/5867/5867 5868/5868/5868 
f 5866/5866/5866 5868/5868/5868 5869/5869/5869 
f 5813/5813/5813 5812/5812/5812 5842/5842/5842 
f 5813/5813/5813 5842/5842/5842 5851/5851/5851 
f 5870/5870/5870 5871/5871/5871 5872/5872/5872 
f 5870/5870/5870 5872/5872/5872 5873/5873/5873 
f 5874/5874/5874 5875/5875/5875 5876/5876/5876 
f 5874/5874/5874 5876/5876/5876 5877/5877/5877 
f 5878/5878/5878 5879/5879/5879 5880/5880/5880 
f 5881/5881/5881 5882/5882/5882 5883/5883/5883 
f 5864/5864/5864 5884/5884/5884 5885/5885/5885 
f 5864/5864/5864 5885/5885/5885 5886/5886/5886 
f 5864/5864/5864 5812/5812/5812 5887/5887/5887 
f 5864/5864/5864 5887/5887/5887 5884/5884/5884 
f 5888/5888/5888 5889/5889/5889 5890/5890/5890 
f 5891/5891/5891 5892/5892/5892 5893/5893/5893 
f 5891/5891/5891 5893/5893/5893 5894/5894/5894 
f 5895/5895/5895 5889/5889/5889 5892/5892/5892 
f 5895/5895/5895 5892/5892/5892 5891/5891/5891 
f 5890/5890/5890 5896/5896/5896 5894/5894/5894 
f 5890/5890/5890 5894/5894/5894 5893/5893/5893 
f 5895/5895/5895 5896/5896/5896 5890/5890/5890 
f 5895/5895/5895 5890/5890/5890 5889/5889/5889 
f 5893/5893/5893 5888/5888/5888 5890/5890/5890 
f 5888/5888/5888 5893/5893/5893 5892/5892/5892 
f 5889/5889/5889 5888/5888/5888 5892/5892/5892 
f 5897/5897/5897 5898/5898/5898 5899/5899/5899 
f 5897/5897/5897 5899/5899/5899 5900/5900/5900 
f 5814/5814/5814 5887/5887/5887 5812/5812/5812 
f 5901/5901/5901 5902/5902/5902 5903/5903/5903 
f 5904/5904/5904 5905/5905/5905 5906/5906/5906 
f 5907/5907/5907 5908/5908/5908 5909/5909/5909 
f 5907/5907/5907 5909/5909/5909 5910/5910/5910 

g Alreadypro9

v -30.0835 3.9321 -31.7154 
v -30.0835 2.46762 -31.7154 
v -30.0835 2.46762 -32.6136 
v -30.0835 3.9321 -32.6136 
v -32.0835 3.9321 -32.6136 
v -32.0835 2.46758 -32.6136 
v -32.0835 2.46758 -31.7154 
v -32.0835 3.9321 -31.7154 
v -30.1141 2.46761 -32.6399 
v -30.1447 2.46761 -32.6661 
v -30.1447 3.9321 -32.6661 
v -30.1141 3.9321 -32.6399 
v -30.1447 2.46761 -32.6661 
v -32.0223 2.46758 -32.6661 
v -32.0223 3.9321 -32.6661 
v -30.1447 3.9321 -32.6661 
v -32.0835 2.46758 -32.6136 
v -32.0835 3.9321 -32.6136 
v -32.0223 3.9321 -32.6661 
v -32.0223 2.46758 -32.6661 
v -30.1471 2.40004 -32.5996 
v -30.1447 2.46761 -32.6661 
v -30.1141 2.46761 -32.6399 
v -32.0223 2.46758 -32.6661 
v -30.1447 2.46761 -32.6661 
v -30.1471 2.40004 -32.5996 
v -32.0237 2.4 -32.5996 
v -30.1447 2.46761 -31.6661 
v -30.1471 2.40004 -31.734 
v -30.0835 2.46762 -31.7154 
v -32.0237 2.4 -31.734 
v -30.1471 2.40004 -31.734 
v -30.1447 2.46761 -31.6661 
v -32.0223 2.46758 -31.6661 
v -32.0835 2.46758 -31.7154 
v -32.0835 2.46758 -32.6136 
v -32.0237 2.4 -32.5996 
v -32.0237 2.4 -31.734 
v -30.1471 2.40004 -31.734 
v -30.1471 2.40004 -32.5996 
v -30.0835 2.46762 -32.6136 
v -30.0835 2.46762 -31.7154 
v -31.0851 2.40026 -32.1682 
v -32.0237 2.4 -32.5996 
v -30.1471 2.40004 -32.5996 
v -32.0237 2.4 -32.5996 
v -32.0835 2.46758 -32.6136 
v -32.0223 2.46758 -32.6661 
v -32.0223 2.46758 -31.6661 
v -32.0835 2.46758 -31.7154 
v -32.0237 2.4 -31.734 
v -30.1471 2.40004 -31.734 
v -31.0851 2.40026 -32.1682 
v -30.1471 2.40004 -32.5996 
v -31.0851 2.40026 -32.1682 
v -30.1471 2.40004 -31.734 
v -32.0237 2.4 -31.734 
v -32.0237 2.4 -32.5996 
v -31.0851 2.40026 -32.1682 
v -32.0237 2.4 -31.734 
v -30.1447 3.9321 -32.6661 
v -30.1471 4 -32.5996 
v -30.1141 3.9321 -32.6399 
v -30.1471 4 -32.5996 
v -30.1447 3.9321 -32.6661 
v -32.0223 3.9321 -32.6661 
v -32.0237 4 -32.5996 
v -30.0835 3.9321 -31.7154 
v -30.1471 4 -31.734 
v -30.1447 3.9321 -31.6661 
v -30.1471 4 -32.5996 
v -30.1471 4 -31.734 
v -30.0835 3.9321 -31.7154 
v -30.0835 3.9321 -32.6136 
v -30.1471 4 -31.734 
v -31.0851 4 -32.1682 
v -32.0237 4 -31.734 
v -32.0223 3.9321 -32.6661 
v -32.0835 3.9321 -32.6136 
v -32.0237 4 -32.5996 
v -30.1447 2.46761 -31.6661 
v -30.0835 2.46762 -31.7154 
v -30.0835 3.9321 -31.7154 
v -30.1447 3.9321 -31.6661 
v -32.0223 3.9321 -31.6661 
v -32.0223 2.46758 -31.6661 
v -30.1447 2.46761 -31.6661 
v -30.1447 3.9321 -31.6661 
v -32.0835 2.46758 -31.7154 
v -32.0223 2.46758 -31.6661 
v -32.0223 3.9321 -31.6661 
v -32.0835 3.9321 -31.7154 
v -32.0237 4 -31.734 
v -32.0835 3.9321 -31.7154 
v -32.0223 3.9321 -31.6661 
v -32.0237 4 -31.734 
v -32.0223 3.9321 -31.6661 
v -30.1447 3.9321 -31.6661 
v -30.1471 4 -31.734 
v -32.0835 3.9321 -32.6136 
v -32.0835 3.9321 -31.7154 
v -32.0237 4 -31.734 
v -32.0237 4 -32.5996 
v -31.0851 4 -32.1682 
v -32.0237 4 -32.5996 
v -32.0237 4 -31.734 
v -31.0851 4 -32.1682 
v -30.1471 4 -31.734 
v -30.1471 4 -32.5996 
v -32.0237 4 -32.5996 
v -31.0851 4 -32.1682 
v -30.1471 4 -32.5996 
v -30.1471 4 -32.5996 
v -30.0835 3.9321 -32.6136 
v -30.1141 3.9321 -32.6399 
v -30.1141 3.9321 -32.6399 
v -30.0835 3.9321 -32.6136 
v -30.0835 2.46762 -32.6136 
v -30.1141 2.46761 -32.6399 
v -30.1141 2.46761 -32.6399 
v -30.0835 2.46762 -32.6136 
v -30.1471 2.40004 -32.5996 

vn 1 0 0 
vn 1 0 0 
vn 1 0 0 
vn 1 0 0 
vn -1 0 0 
vn -1 0 0 
vn -1 0 0 
vn -1 0 0 
vn 0.653543 0 -0.755906 
vn 0.653543 0 -0.755906 
vn 0.653543 0 -0.755906 
vn 0.653543 0 -0.755906 
vn 0 0 -1 
vn 0 0 -1 
vn 0 0 -1 
vn 0 0 -1 
vn -0.653543 0 -0.755906 
vn -0.653543 0 -0.755906 
vn -0.653543 0 -0.755906 
vn -0.653543 0 -0.755906 
vn 0.511811 -0.614173 -0.598425 
vn 0.511811 -0.614173 -0.598425 
vn 0.511811 -0.614173 -0.598425 
vn 0 -0.700787 -0.708661 
vn 0 -0.700787 -0.708661 
vn 0 -0.700787 -0.708661 
vn 0 -0.700787 -0.708661 
vn 0.488189 -0.629921 0.606299 
vn 0.488189 -0.629921 0.606299 
vn 0.488189 -0.629921 0.606299 
vn 0 -0.708661 0.708661 
vn 0 -0.708661 0.708661 
vn 0 -0.708661 0.708661 
vn 0 -0.708661 0.708661 
vn -0.748031 -0.661417 0 
vn -0.748031 -0.661417 0 
vn -0.748031 -0.661417 0 
vn -0.748031 -0.661417 0 
vn 0.724409 -0.685039 0 
vn 0.724409 -0.685039 0 
vn 0.724409 -0.685039 0 
vn 0.724409 -0.685039 0 
vn 0 -1 0 
vn 0 -1 0 
vn 0 -1 0 
vn -0.527559 -0.590551 -0.614173 
vn -0.527559 -0.590551 -0.614173 
vn -0.527559 -0.590551 -0.614173 
vn -0.496063 -0.606299 0.614173 
vn -0.496063 -0.606299 0.614173 
vn -0.496063 -0.606299 0.614173 
vn 0 -1 0 
vn 0 -1 0 
vn 0 -1 0 
vn 0 -1 0 
vn 0 -1 0 
vn 0 -1 0 
vn 0 -1 0 
vn 0 -1 0 
vn 0 -1 0 
vn 0.519685 0.606299 -0.606299 
vn 0.519685 0.606299 -0.606299 
vn 0.519685 0.606299 -0.606299 
vn 0 0.700787 -0.716535 
vn 0 0.700787 -0.716535 
vn 0 0.700787 -0.716535 
vn 0 0.700787 -0.716535 
vn 0.488189 0.622047 0.606299 
vn 0.488189 0.622047 0.606299 
vn 0.488189 0.622047 0.606299 
vn 0.732283 0.685039 0 
vn 0.732283 0.685039 0 
vn 0.732283 0.685039 0 
vn 0.732283 0.685039 0 
vn 0 1 0 
vn 0 1 0 
vn 0 1 0 
vn -0.527559 0.590551 -0.614173 
vn -0.527559 0.590551 -0.614173 
vn -0.527559 0.590551 -0.614173 
vn 0.629921 0 0.779528 
vn 0.629921 0 0.779528 
vn 0.629921 0 0.779528 
vn 0.629921 0 0.779528 
vn 0 0 1 
vn 0 0 1 
vn 0 0 1 
vn 0 0 1 
vn -0.629921 0 0.779528 
vn -0.629921 0 0.779528 
vn -0.629921 0 0.779528 
vn -0.629921 0 0.779528 
vn -0.496063 0.606299 0.622047 
vn -0.496063 0.606299 0.622047 
vn -0.496063 0.606299 0.622047 
vn 0 0.708661 0.708661 
vn 0 0.708661 0.708661 
vn 0 0.708661 0.708661 
vn 0 0.708661 0.708661 
vn -0.748031 0.661417 0 
vn -0.748031 0.661417 0 
vn -0.748031 0.661417 0 
vn -0.748031 0.661417 0 
vn 0 1 0 
vn 0 1 0 
vn 0 1 0 
vn 0 1 0 
vn 0 1 0 
vn 0 1 0 
vn 0 1 0 
vn 0 1 0 
vn 0 1 0 
vn 0.519685 0.606299 -0.606299 
vn 0.519685 0.606299 -0.606299 
vn 0.519685 0.606299 -0.606299 
vn 0.653543 0 -0.755906 
vn 0.653543 0 -0.755906 
vn 0.653543 0 -0.755906 
vn 0.653543 0 -0.755906 
vn 0.511811 -0.614173 -0.598425 
vn 0.511811 -0.614173 -0.598425 
vn 0.511811 -0.614173 -0.598425 

vt 0.354965 0.860912 
vt 0.354965 0.709246 
vt 0.418209 0.709246 
vt 0.418209 0.860912 
vt 0.144732 0.860912 
vt 0.144732 0.709246 
vt 0.209118 0.709246 
vt 0.209118 0.860912 
vt 0.00245837 0.709246 
vt 0.00531004 0.709246 
vt 0.00531004 0.860912 
vt 0.00245837 0.860912 
vt 0.00531004 0.709246 
vt 0.139106 0.709246 
vt 0.139106 0.860912 
vt 0.00531004 0.860912 
vt 0.144732 0.709246 
vt 0.144732 0.860912 
vt 0.139106 0.860912 
vt 0.139106 0.709246 
vt 0.00245838 0.700659 
vt 0.00531004 0.709246 
vt 0.00245837 0.709246 
vt 0.139106 0.709246 
vt 0.00531004 0.709246 
vt 0.00245838 0.700659 
vt 0.141985 0.700659 
vt 0.348655 0.709246 
vt 0.351497 0.700659 
vt 0.354965 0.709246 
vt 0.211898 0.700659 
vt 0.351497 0.700659 
vt 0.348655 0.709246 
vt 0.214916 0.709246 
vt 0.209118 0.709246 
vt 0.144732 0.709246 
vt 0.141985 0.700659 
vt 0.211898 0.700659 
vt 0.351497 0.700659 
vt 0.421225 0.700659 
vt 0.418209 0.709246 
vt 0.354965 0.709246 
vt 0.18086 0.904209 
vt 0.21596 0.932666 
vt 0.146595 0.932672 
vt 0.141985 0.700659 
vt 0.144732 0.709246 
vt 0.139106 0.709246 
vt 0.214916 0.709246 
vt 0.209115 0.709246 
vt 0.211898 0.700659 
vt 0.146596 0.877195 
vt 0.18086 0.904209 
vt 0.146595 0.932672 
vt 0.18086 0.904209 
vt 0.146596 0.877195 
vt 0.21596 0.877186 
vt 0.21596 0.932666 
vt 0.18086 0.904209 
vt 0.21596 0.877186 
vt 0.00531004 0.860912 
vt 0.00245838 0.869405 
vt 0.00245837 0.860912 
vt 0.00245838 0.869405 
vt 0.00531004 0.860912 
vt 0.139106 0.860912 
vt 0.141985 0.869405 
vt 0.354965 0.860912 
vt 0.351497 0.86923 
vt 0.348655 0.860912 
vt 0.421225 0.86923 
vt 0.351497 0.86923 
vt 0.354965 0.860912 
vt 0.418209 0.860912 
vt 0.00250242 0.982022 
vt 0.0717693 0.926817 
vt 0.141621 0.982022 
vt 0.139106 0.860912 
vt 0.144732 0.860912 
vt 0.141985 0.869405 
vt 0.348655 0.709246 
vt 0.354965 0.709246 
vt 0.354965 0.860912 
vt 0.348655 0.860912 
vt 0.214916 0.860912 
vt 0.214916 0.709246 
vt 0.348655 0.709246 
vt 0.348655 0.860912 
vt 0.209115 0.709246 
vt 0.214916 0.709246 
vt 0.214916 0.860912 
vt 0.209115 0.860912 
vt 0.212017 0.86925 
vt 0.209115 0.860912 
vt 0.214916 0.860912 
vt 0.212017 0.86925 
vt 0.214916 0.860912 
vt 0.348655 0.860912 
vt 0.351497 0.86925 
vt 0.144732 0.860912 
vt 0.209118 0.860912 
vt 0.212017 0.8693 
vt 0.141985 0.8693 
vt 0.0717693 0.926817 
vt 0.141621 0.870315 
vt 0.141621 0.982022 
vt 0.0717693 0.926817 
vt 0.00250242 0.982022 
vt 0.00250245 0.870315 
vt 0.141621 0.870315 
vt 0.0717693 0.926817 
vt 0.00250245 0.870315 
vt 0.421225 0.869405 
vt 0.418209 0.860912 
vt 0.421225 0.860912 
vt 0.421225 0.860912 
vt 0.418209 0.860912 
vt 0.418209 0.709246 
vt 0.421225 0.709246 
vt 0.421225 0.709246 
vt 0.418209 0.709246 
vt 0.421225 0.700659 

usemtl Alreadypro1Mtl

f 5911/5911/5911 5912/5912/5912 5913/5913/5913 
f 5911/5911/5911 5913/5913/5913 5914/5914/5914 
f 5915/5915/5915 5916/5916/5916 5917/5917/5917 
f 5915/5915/5915 5917/5917/5917 5918/5918/5918 
f 5919/5919/5919 5920/5920/5920 5921/5921/5921 
f 5919/5919/5919 5921/5921/5921 5922/5922/5922 
f 5923/5923/5923 5924/5924/5924 5925/5925/5925 
f 5923/5923/5923 5925/5925/5925 5926/5926/5926 
f 5927/5927/5927 5928/5928/5928 5929/5929/5929 
f 5927/5927/5927 5929/5929/5929 5930/5930/5930 
f 5931/5931/5931 5932/5932/5932 5933/5933/5933 
f 5934/5934/5934 5935/5935/5935 5936/5936/5936 
f 5934/5934/5934 5936/5936/5936 5937/5937/5937 
f 5938/5938/5938 5939/5939/5939 5940/5940/5940 
f 5941/5941/5941 5942/5942/5942 5943/5943/5943 
f 5941/5941/5941 5943/5943/5943 5944/5944/5944 
f 5945/5945/5945 5946/5946/5946 5947/5947/5947 
f 5945/5945/5945 5947/5947/5947 5948/5948/5948 
f 5949/5949/5949 5950/5950/5950 5951/5951/5951 
f 5949/5949/5949 5951/5951/5951 5952/5952/5952 
f 5953/5953/5953 5954/5954/5954 5955/5955/5955 
f 5956/5956/5956 5957/5957/5957 5958/5958/5958 
f 5959/5959/5959 5960/5960/5960 5961/5961/5961 
f 5962/5962/5962 5963/5963/5963 5964/5964/5964 
f 5965/5965/5965 5966/5966/5966 5967/5967/5967 
f 5968/5968/5968 5969/5969/5969 5970/5970/5970 
f 5971/5971/5971 5972/5972/5972 5973/5973/5973 
f 5974/5974/5974 5975/5975/5975 5976/5976/5976 
f 5974/5974/5974 5976/5976/5976 5977/5977/5977 
f 5978/5978/5978 5979/5979/5979 5980/5980/5980 
f 5981/5981/5981 5982/5982/5982 5983/5983/5983 
f 5981/5981/5981 5983/5983/5983 5984/5984/5984 
f 5985/5985/5985 5986/5986/5986 5987/5987/5987 
f 5988/5988/5988 5989/5989/5989 5990/5990/5990 
f 5991/5991/5991 5992/5992/5992 5993/5993/5993 
f 5991/5991/5991 5993/5993/5993 5994/5994/5994 
f 5995/5995/5995 5996/5996/5996 5997/5997/5997 
f 5995/5995/5995 5997/5997/5997 5998/5998/5998 
f 5999/5999/5999 6000/6000/6000 6001/6001/6001 
f 5999/5999/5999 6001/6001/6001 6002/6002/6002 
f 6003/6003/6003 6004/6004/6004 6005/6005/6005 
f 6006/6006/6006 6007/6007/6007 6008/6008/6008 
f 6006/6006/6006 6008/6008/6008 6009/6009/6009 
f 6010/6010/6010 6011/6011/6011 6012/6012/6012 
f 6010/6010/6010 6012/6012/6012 6013/6013/6013 
f 6014/6014/6014 6015/6015/6015 6016/6016/6016 
f 6017/6017/6017 6018/6018/6018 6019/6019/6019 
f 6020/6020/6020 6021/6021/6021 6022/6022/6022 
f 6023/6023/6023 6024/6024/6024 6025/6025/6025 
f 6026/6026/6026 6027/6027/6027 6028/6028/6028 
f 6026/6026/6026 6028/6028/6028 6029/6029/6029 
f 6030/6030/6030 6031/6031/6031 6032/6032/6032 

g Alreadypro10

v -30.0081 2.89594 -31.6887 
v -30.0418 2.90687 -31.7208 
v -30.0365 2.78656 -31.787 
v -30.0048 2.76516 -31.7596 
v -30.0755 2.91785 -31.7529 
v -30.0501 3.03451 -31.6995 
v -30.0835 3.03451 -31.7329 
v -30.0335 2.70244 -31.89 
v -30.0015 2.67359 -31.8701 
v -30.0379 2.64227 -32.0197 
v -30.0095 2.6093 -32.0093 
v -29.1543 2.89594 -31.6887 
v -29.1233 2.90687 -31.7208 
v -29.1169 3.03451 -31.6995 
v -29.1503 3.03452 -31.6661 
v -29.0924 2.91785 -31.7529 
v -29.1287 2.78653 -31.787 
v -29.1003 2.80722 -31.8143 
v -29.1317 2.68244 -31.89 
v -29.1032 2.71087 -31.9098 
v -29.1252 2.64225 -32.0197 
v -29.1024 2.67516 -32.0302 
v -30.0835 3.03451 -31.7329 
v -30.0501 3.03451 -31.6995 
v -30.0501 3.92924 -31.6995 
v -30.0835 3.9292 -31.7329 
v -29.0835 3.9292 -31.7329 
v -29.1169 3.92924 -31.6995 
v -29.1169 3.03451 -31.6995 
v -29.0835 3.03451 -31.7329 
v -30.0081 2.89594 -31.6887 
v -30.0048 2.76516 -31.7596 
v -29.1576 2.76517 -31.7596 
v -29.1543 2.89594 -31.6887 
v -30.0015 2.67359 -31.8701 
v -29.161 2.67359 -31.8701 
v -30.0095 2.6093 -32.0093 
v -29.153 2.60927 -32.0093 
v -30.0167 3.92929 -31.6661 
v -30.0167 3.03452 -31.6661 
v -29.1503 3.03452 -31.6661 
v -29.1503 3.92929 -31.6661 
v -30.0167 3.03452 -31.6661 
v -29.1503 3.03452 -31.6661 
v -30.0377 3.99999 -31.7723 
v -30.0073 4 -31.742 
v -29.977 4 -31.7702 
v -30.0835 3.9292 -32.5993 
v -30.0835 3.92946 -32.1636 
v -30.0377 4 -32.1636 
v -30.0377 3.99999 -32.5599 
v -30.0835 3.92946 -32.1636 
v -30.0835 3.9292 -31.7329 
v -30.0377 3.99999 -31.7723 
v -30.0377 4 -32.1636 
v -30.0835 3.9292 -31.7329 
v -30.0501 3.92924 -31.6995 
v -30.0073 4 -31.742 
v -30.0377 3.99999 -31.7723 
v -30.0167 3.92929 -31.6661 
v -29.1503 3.92929 -31.6661 
v -29.19 4 -31.7117 
v -29.977 4 -31.7117 
v -29.1503 3.92929 -31.6661 
v -29.1169 3.92924 -31.6995 
v -29.1596 4 -31.742 
v -29.19 4 -31.7117 
v -29.0835 3.9292 -31.7329 
v -29.0835 3.92946 -32.1636 
v -29.1293 4 -32.1636 
v -29.1293 3.99999 -31.7723 
v -29.0835 3.92946 -32.1636 
v -29.0835 3.9292 -32.5993 
v -29.1293 3.99999 -32.5599 
v -29.1293 4 -32.1636 
v -29.0835 3.9292 -32.5993 
v -29.1503 3.92929 -32.6661 
v -29.19 4 -32.6205 
v -29.1293 3.99999 -32.5599 
v -29.1503 3.92929 -32.6661 
v -30.0167 3.92929 -32.6661 
v -29.977 4 -32.6205 
v -29.19 4 -32.6205 
v -30.0167 3.92929 -32.6661 
v -30.0835 3.9292 -32.5993 
v -30.0377 3.99999 -32.5599 
v -29.977 4 -32.6205 
v -30.0026 2.6 -32.129 
v -29.9918 2.62933 -32.1636 
v -29.1758 2.62933 -32.1636 
v -29.1652 2.6 -32.129 
v -29.9918 2.62933 -32.1636 
v -30.0026 2.6 -32.129 
v -30.0312 2.63348 -32.1296 
v -30.038 2.6752 -32.1636 
v -30.0596 2.66682 -32.1302 
v -30.0835 3.03459 -32.131 
v -30.051 3.00279 -32.1636 
v -30.0835 3.03454 -32.5993 
v -30.0479 3.0017 -32.5993 
v -30.051 3.00279 -32.1636 
v -30.0835 3.03459 -32.131 
v -30.0479 3.0017 -32.5993 
v -30.0835 3.03454 -32.5993 
v -30.0167 3.03454 -32.6661 
v -30.0027 3.0017 -32.6325 
v -30.0027 3.0017 -32.6325 
v -30.0167 3.03454 -32.6661 
v -29.1503 3.03454 -32.6661 
v -29.1643 3.0017 -32.6325 
v -29.1758 2.62933 -32.1636 
v -29.1355 2.6752 -32.1636 
v -29.1083 2.66682 -32.1302 
v -29.1357 2.63348 -32.1296 
v -29.1083 2.66682 -32.1302 
v -29.1355 2.6752 -32.1636 
v -29.116 3.00274 -32.1636 
v -29.0835 3.03459 -32.131 
v -29.1643 3.0017 -32.6325 
v -29.1503 3.03454 -32.6661 
v -29.0835 3.03454 -32.5993 
v -29.1191 3.0017 -32.5993 
v -29.1191 3.0017 -32.5993 
v -29.0835 3.03454 -32.5993 
v -29.0835 3.03459 -32.131 
v -29.116 3.00274 -32.1636 
v -30.0312 2.63348 -32.1296 
v -30.0026 2.6 -32.129 
v -29.1357 2.63348 -32.1296 
v -29.1083 2.66682 -32.1302 
v -30.0835 3.9292 -32.5993 
v -30.0167 3.92929 -32.6661 
v -30.0167 3.03454 -32.6661 
v -30.0835 3.03454 -32.5993 
v -29.0835 3.03454 -32.5993 
v -29.1503 3.03454 -32.6661 
v -29.1503 3.92929 -32.6661 
v -29.0835 3.9292 -32.5993 
v -30.0026 2.6 -32.129 
v -29.1652 2.6 -32.129 
v -30.0835 3.9292 -32.5993 
v -30.0835 3.03454 -32.5993 
v -30.0835 3.03459 -32.131 
v -30.0835 3.92946 -32.1636 
v -30.0167 3.03454 -32.6661 
v -30.0167 3.92929 -32.6661 
v -29.1503 3.92929 -32.6661 
v -29.1503 3.03454 -32.6661 
v -29.0835 3.03454 -32.5993 
v -29.0835 3.9292 -32.5993 
v -29.0835 3.92946 -32.1636 
v -29.0835 3.03459 -32.131 
v -30.0835 3.03451 -31.7329 
v -30.0835 3.9292 -31.7329 
v -30.0835 3.92946 -32.1636 
v -30.0835 3.03459 -32.131 
v -29.0835 3.9292 -31.7329 
v -29.0835 3.03451 -31.7329 
v -29.0835 3.92946 -32.1636 
v -30.0755 2.91785 -31.7529 
v -30.0835 3.03451 -31.7329 
v -30.0676 2.80722 -31.8143 
v -30.0647 2.73087 -31.9098 
v -30.0656 2.67516 -32.0302 
v -30.0596 2.66682 -32.1302 
v -29.0835 3.03451 -31.7329 
v -29.0924 2.91785 -31.7529 
v -29.1003 2.80722 -31.8143 
v -29.1032 2.71087 -31.9098 
v -29.1024 2.67516 -32.0302 
v -29.1083 2.66682 -32.1302 
v -30.038 2.6752 -32.1636 
v -29.1355 2.6752 -32.1636 
v -30.0479 3.0017 -32.5993 
v -30.0027 3.0017 -32.6325 
v -29.1643 3.0017 -32.6325 
v -29.1191 3.0017 -32.5993 
v -29.116 3.00274 -32.1636 
v -29.1355 2.6752 -32.1636 
v -30.038 2.6752 -32.1636 
v -30.0479 3.0017 -32.5993 
v -29.116 3.00274 -32.1636 
v -30.051 3.00279 -32.1636 
v -29.19 4 -31.7117 
v -29.1896 3.99999 -31.7722 
v -29.977 4 -31.7702 
v -29.977 4 -31.7117 
v -29.977 4 -32.6205 
v -29.977 4 -32.5619 
v -29.1896 3.99999 -32.56 
v -29.19 4 -32.6205 
v -30.0377 3.99999 -32.5599 
v -29.977 4 -32.5619 
v -29.977 4 -32.6205 
v -30.0377 3.99999 -32.5599 
v -30.0377 4 -32.1636 
v -29.977 4 -32.5619 
v -29.1896 3.99999 -31.7722 
v -29.1896 3.99999 -32.56 
v -29.977 4 -32.5619 
v -29.977 4 -31.7702 
v -29.1896 3.99999 -31.7722 
v -29.19 4 -31.7117 
v -29.1596 4 -31.742 
v -29.1293 3.99999 -32.5599 
v -29.1896 3.99999 -32.56 
v -29.1293 4 -32.1636 
v -29.19 4 -32.6205 
v -29.1896 3.99999 -32.56 
v -29.1293 3.99999 -32.5599 
v -29.977 4 -31.7702 
v -30.0377 4 -32.1636 
v -30.0377 3.99999 -31.7723 
v -29.977 4 -32.5619 
v -30.0377 4 -32.1636 
v -29.977 4 -31.7702 
v -29.1293 4 -32.1636 
v -29.1896 3.99999 -31.7722 
v -29.1293 3.99999 -31.7723 
v -29.1293 4 -32.1636 
v -29.1896 3.99999 -32.56 
v -29.1896 3.99999 -31.7722 
v -29.1191 3.0017 -32.5993 
v -29.116 3.00274 -32.1636 
v -30.0479 3.0017 -32.5993 
v -30.051 3.00279 -32.1636 
v -29.0835 3.03451 -31.7329 
v -29.1576 2.76517 -31.7596 
v -29.161 2.67359 -31.8701 
v -29.153 2.60927 -32.0093 
v -29.1169 3.92924 -31.6995 
v -29.1503 3.92929 -31.6661 
v -29.1503 3.03452 -31.6661 
v -29.1169 3.03451 -31.6995 
v -29.1169 3.92924 -31.6995 
v -29.0835 3.9292 -31.7329 
v -29.1293 3.99999 -31.7723 
v -29.1596 4 -31.742 
v -29.1652 2.6 -32.129 
v -29.1652 2.6 -32.129 
v -29.1293 3.99999 -31.7723 
v -30.0676 2.80722 -31.8143 
v -30.0167 3.03452 -31.6661 
v -30.0647 2.73087 -31.9098 
v -30.0656 2.67516 -32.0302 
v -30.0167 3.92929 -31.6661 
v -30.0167 3.92929 -31.6661 
v -29.977 4 -31.7117 
v -30.0596 2.66682 -32.1302 
v -30.0596 2.66682 -32.1302 
v -30.038 2.6752 -32.1636 
v -29.977 4 -31.7117 

vn -0.716535 -0.307087 0.622047 
vn -0.716535 -0.307087 0.622047 
vn -0.716535 -0.307087 0.622047 
vn -0.716535 -0.307087 0.622047 
vn -0.700787 -0.133858 0.700787 
vn -0.700787 -0.133858 0.700787 
vn -0.700787 -0.133858 0.700787 
vn -0.732283 -0.606299 0.307087 
vn -0.732283 -0.606299 0.307087 
vn -0.76378 -0.637795 0.0866142 
vn -0.76378 -0.637795 0.0866142 
vn 0.716535 -0.11811 0.685039 
vn 0.716535 -0.11811 0.685039 
vn 0.716535 -0.11811 0.685039 
vn 0.716535 -0.11811 0.685039 
vn 0.748031 -0.307087 0.590551 
vn 0.748031 -0.307087 0.590551 
vn 0.748031 -0.307087 0.590551 
vn 0.755906 -0.598425 0.259843 
vn 0.755906 -0.598425 0.259843 
vn 0.80315 -0.598425 0.023622 
vn 0.80315 -0.598425 0.023622 
vn -0.700787 -0.133858 0.700787 
vn -0.700787 -0.133858 0.700787 
vn -0.708661 0 0.708661 
vn -0.708661 0 0.708661 
vn 0.708661 0 0.708661 
vn 0.708661 0 0.708661 
vn 0.716535 -0.11811 0.685039 
vn 0.708661 0 0.708661 
vn 0 -0.417323 0.905512 
vn 0 -0.417323 0.905512 
vn 0 -0.417323 0.905512 
vn 0 -0.417323 0.905512 
vn 0 -0.771654 0.637795 
vn 0 -0.771654 0.637795 
vn 0 -0.952756 0.307087 
vn 0 -0.952756 0.307087 
vn 0 0 1 
vn 0 0 1 
vn 0 0 1 
vn 0 0 1 
vn 0 0 1 
vn 0 0 1 
vn 0 1 0 
vn 0 1 0 
vn 0 1 0 
vn -0.84252 0.543307 0 
vn -0.84252 0.543307 0 
vn -0.84252 0.543307 0 
vn -0.84252 0.543307 0 
vn -0.84252 0.543307 0 
vn -0.84252 0.543307 0 
vn -0.84252 0.543307 0 
vn -0.84252 0.543307 0 
vn -0.535433 0.645669 0.535433 
vn -0.535433 0.645669 0.535433 
vn -0.535433 0.645669 0.535433 
vn -0.535433 0.645669 0.535433 
vn 0 0.543307 0.84252 
vn 0 0.543307 0.84252 
vn 0 0.543307 0.84252 
vn 0 0.543307 0.84252 
vn 0.535433 0.645669 0.535433 
vn 0.535433 0.645669 0.535433 
vn 0.535433 0.645669 0.535433 
vn 0.535433 0.645669 0.535433 
vn 0.84252 0.543307 0 
vn 0.84252 0.543307 0 
vn 0.84252 0.543307 0 
vn 0.84252 0.543307 0 
vn 0.84252 0.543307 0 
vn 0.84252 0.543307 0 
vn 0.84252 0.543307 0 
vn 0.84252 0.543307 0 
vn 0.535433 0.645669 -0.535433 
vn 0.535433 0.645669 -0.535433 
vn 0.535433 0.645669 -0.535433 
vn 0.535433 0.645669 -0.535433 
vn 0 0.543307 -0.84252 
vn 0 0.543307 -0.84252 
vn 0 0.543307 -0.84252 
vn 0 0.543307 -0.84252 
vn -0.535433 0.645669 -0.535433 
vn -0.535433 0.645669 -0.535433 
vn -0.535433 0.645669 -0.535433 
vn -0.535433 0.645669 -0.535433 
vn 0 -0.76378 -0.645669 
vn 0 -0.76378 -0.645669 
vn 0 -0.76378 -0.645669 
vn 0 -0.76378 -0.645669 
vn -0.637795 -0.496063 -0.590551 
vn -0.637795 -0.496063 -0.590551 
vn -0.637795 -0.496063 -0.590551 
vn -0.80315 -0.15748 -0.574803 
vn -0.80315 -0.15748 -0.574803 
vn -0.80315 -0.15748 -0.574803 
vn -0.80315 -0.15748 -0.574803 
vn -0.692913 -0.724409 0 
vn -0.692913 -0.724409 0 
vn -0.692913 -0.724409 0 
vn -0.692913 -0.724409 0 
vn -0.496063 -0.661417 -0.559055 
vn -0.496063 -0.661417 -0.559055 
vn -0.496063 -0.661417 -0.559055 
vn -0.496063 -0.661417 -0.559055 
vn 0 -0.716535 -0.700787 
vn 0 -0.716535 -0.700787 
vn 0 -0.716535 -0.700787 
vn 0 -0.716535 -0.700787 
vn 0.637795 -0.488189 -0.598425 
vn 0.637795 -0.488189 -0.598425 
vn 0.637795 -0.488189 -0.598425 
vn 0.637795 -0.488189 -0.598425 
vn 0.779528 -0.15748 -0.614173 
vn 0.779528 -0.15748 -0.614173 
vn 0.779528 -0.15748 -0.614173 
vn 0.779528 -0.15748 -0.614173 
vn 0.496063 -0.661417 -0.559055 
vn 0.496063 -0.661417 -0.559055 
vn 0.496063 -0.661417 -0.559055 
vn 0.496063 -0.661417 -0.559055 
vn 0.692913 -0.724409 0 
vn 0.692913 -0.724409 0 
vn 0.692913 -0.724409 0 
vn 0.692913 -0.724409 0 
vn -0.795276 -0.606299 0.00787402 
vn -0.795276 -0.606299 0.00787402 
vn 0.826772 -0.559055 -0.015748 
vn 0.826772 -0.559055 -0.015748 
vn -0.708661 0 -0.708661 
vn -0.708661 0 -0.708661 
vn -0.708661 0 -0.708661 
vn -0.708661 0 -0.708661 
vn 0.708661 0 -0.708661 
vn 0.708661 0 -0.708661 
vn 0.708661 0 -0.708661 
vn 0.708661 0 -0.708661 
vn 0 -0.76378 -0.645669 
vn 0 -0.76378 -0.645669 
vn -1 0 0 
vn -1 0 0 
vn -1 0 0 
vn -1 0 0 
vn 0 0 -1 
vn 0 0 -1 
vn 0 0 -1 
vn 0 0 -1 
vn 1 0 0 
vn 1 0 0 
vn 1 0 0 
vn 1 0 0 
vn -1 0 0 
vn -1 0 0 
vn -1 0 0 
vn -1 0 0 
vn 1 0 0 
vn 1 0 0 
vn 1 0 0 
vn -1 -0.0551181 0 
vn -1 0 0 
vn -1 -0.0551181 0 
vn -0.968504 -0.212598 -0.141732 
vn -0.96063 -0.220472 -0.15748 
vn -0.976378 -0.19685 -0.0393701 
vn 1 0 0 
vn 1 -0.0629921 0 
vn 1 -0.0629921 0 
vn 0.968504 -0.212598 -0.141732 
vn 0.96063 -0.220472 -0.149606 
vn 0.976378 -0.19685 -0.0393701 
vn 0 0 -1 
vn 0 0 -1 
vn 0 -1 0 
vn 0 -1 0 
vn 0 -1 0 
vn 0 -1 0 
vn 0 0 -1 
vn 0 0 -1 
vn 0 0 -1 
vn 0 -1 0 
vn 0 -1 0 
vn 0 -1 0 
vn 0 1 0 
vn 0 1 0 
vn 0 1 0 
vn 0 1 0 
vn 0 1 0 
vn 0 1 0 
vn 0 1 0 
vn 0 1 0 
vn 0 1 0 
vn 0 1 0 
vn 0 1 0 
vn 0 1 0 
vn 0 1 0 
vn 0 1 0 
vn 0 1 0 
vn 0 1 0 
vn 0 1 0 
vn 0 1 0 
vn 0 1 0 
vn 0 1 0 
vn 0 1 0 
vn 0 1 0 
vn 0 1 0 
vn 0 1 0 
vn 0 1 0 
vn 0 1 0 
vn 0 1 0 
vn 0 1 0 
vn 0 1 0 
vn 0 1 0 
vn 0 1 0 
vn 0 1 0 
vn 0 1 0 
vn 0 1 0 
vn 0 1 0 
vn 0 1 0 
vn 0 1 0 
vn 0 1 0 
vn 0 1 0 
vn 0 -1 0 
vn 0 -1 0 
vn 0 -1 0 
vn 0 0 -1 
vn 0.708661 0 0.708661 
vn 0.748031 -0.291339 0.590551 
vn 0.755906 -0.590551 0.283465 
vn 0.779528 -0.622047 0.0787402 
vn 0.708661 0 0.708661 
vn 0.708661 0 0.708661 
vn 0.716535 -0.11811 0.685039 
vn 0.716535 -0.11811 0.685039 
vn 0.535433 0.645669 0.535433 
vn 0.535433 0.645669 0.535433 
vn 0.535433 0.645669 0.535433 
vn 0.535433 0.645669 0.535433 
vn 0.795276 -0.606299 -0.023622 
vn 0.629921 -0.503937 -0.598425 
vn 0 1 0 
vn -0.716535 -0.314961 0.614173 
vn -0.700787 -0.133858 0.700787 
vn -0.732283 -0.622047 0.283465 
vn -0.76378 -0.645669 0.0472441 
vn -0.708661 0 0.708661 
vn -0.535433 0.645669 0.535433 
vn -0.535433 0.645669 0.535433 
vn -0.80315 -0.598425 0.00787402 
vn -0.637795 -0.535433 -0.543307 
vn -0.637795 -0.535433 -0.543307 
vn 0 1 0 

vt 0.923581 0.783451 
vt 0.920306 0.783451 
vt 0.918122 0.785201 
vt 0.920306 0.785828 
vt 0.917031 0.78169 
vt 0.922489 0.772154 
vt 0.918122 0.772154 
vt 0.909389 0.785919 
vt 0.911067 0.786768 
vt 0.899563 0.785892 
vt 0.900558 0.786768 
vt 0.715698 0.783451 
vt 0.721242 0.783451 
vt 0.719753 0.772155 
vt 0.714179 0.772154 
vt 0.726786 0.78169 
vt 0.723799 0.785965 
vt 0.728166 0.784613 
vt 0.730465 0.786641 
vt 0.734055 0.785289 
vt 0.737313 0.787047 
vt 0.739218 0.785738 
vt 0.921397 0.772154 
vt 0.923676 0.772154 
vt 0.923676 0.874763 
vt 0.921522 0.874763 
vt 0.716185 0.874764 
vt 0.714179 0.874764 
vt 0.714179 0.772154 
vt 0.716185 0.772154 
vt 0.923672 0.781898 
vt 0.923672 0.785634 
vt 0.993554 0.785634 
vt 0.993554 0.781898 
vt 0.923672 0.786471 
vt 0.993554 0.786471 
vt 0.923672 0.787427 
vt 0.993554 0.787427 
vt 0.92583 0.874764 
vt 0.92583 0.772153 
vt 0.991107 0.772153 
vt 0.991107 0.874764 
vt 0.923676 0.772154 
vt 0.993555 0.772154 
vt 0.718657 0.996456 
vt 0.716465 0.992746 
vt 0.7185 0.989037 
vt 0.856161 0.874763 
vt 0.889942 0.874763 
vt 0.890249 0.88379 
vt 0.856161 0.88379 
vt 0.889942 0.874763 
vt 0.921522 0.874763 
vt 0.921522 0.88379 
vt 0.890249 0.88379 
vt 0.921522 0.874763 
vt 0.923676 0.874763 
vt 0.923676 0.88379 
vt 0.921522 0.88379 
vt 0.92583 0.874764 
vt 0.991107 0.874764 
vt 0.991107 0.88379 
vt 0.92583 0.88379 
vt 0.991107 0.874764 
vt 0.993555 0.874764 
vt 0.993556 0.88379 
vt 0.991107 0.88379 
vt 0.716185 0.874764 
vt 0.751782 0.874764 
vt 0.751301 0.88379 
vt 0.716185 0.88379 
vt 0.751782 0.874764 
vt 0.781761 0.874764 
vt 0.781761 0.88379 
vt 0.751301 0.88379 
vt 0.781776 0.874764 
vt 0.786356 0.874763 
vt 0.786356 0.88379 
vt 0.781776 0.88379 
vt 0.786356 0.874763 
vt 0.85168 0.874764 
vt 0.85168 0.88379 
vt 0.786356 0.88379 
vt 0.85168 0.874764 
vt 0.856161 0.874763 
vt 0.856161 0.88379 
vt 0.85168 0.88379 
vt 0.819758 0.890893 
vt 0.819758 0.893484 
vt 0.792468 0.893484 
vt 0.792468 0.890893 
vt 0.819758 0.893484 
vt 0.823094 0.893373 
vt 0.823094 0.894785 
vt 0.821196 0.896225 
vt 0.823094 0.896197 
vt 0.823094 0.917358 
vt 0.821553 0.917201 
vt 0.822703 0.947079 
vt 0.821553 0.942947 
vt 0.821553 0.917201 
vt 0.823094 0.917358 
vt 0.821553 0.942947 
vt 0.822703 0.947079 
vt 0.820034 0.947078 
vt 0.820166 0.944906 
vt 0.820166 0.944906 
vt 0.820034 0.947078 
vt 0.790997 0.947078 
vt 0.792081 0.944906 
vt 0.792468 0.893467 
vt 0.791251 0.896224 
vt 0.788713 0.896355 
vt 0.788713 0.895099 
vt 0.788713 0.896355 
vt 0.791251 0.896224 
vt 0.790694 0.917201 
vt 0.788713 0.917198 
vt 0.792081 0.944906 
vt 0.790997 0.947078 
vt 0.788322 0.947079 
vt 0.790694 0.942947 
vt 0.790694 0.942947 
vt 0.788322 0.947079 
vt 0.788713 0.917198 
vt 0.790694 0.917201 
vt 0.892414 0.785515 
vt 0.892414 0.786768 
vt 0.745633 0.786641 
vt 0.745633 0.785335 
vt 0.856161 0.874763 
vt 0.85168 0.874764 
vt 0.85168 0.772154 
vt 0.856161 0.772154 
vt 0.781776 0.772154 
vt 0.786356 0.772154 
vt 0.786356 0.874763 
vt 0.781776 0.874764 
vt 0.923672 0.788268 
vt 0.993554 0.788268 
vt 0.856161 0.874763 
vt 0.856161 0.772154 
vt 0.892245 0.772153 
vt 0.889942 0.874763 
vt 0.85168 0.772154 
vt 0.85168 0.874764 
vt 0.786356 0.874763 
vt 0.786356 0.772154 
vt 0.781761 0.772154 
vt 0.781761 0.874764 
vt 0.751782 0.874764 
vt 0.744737 0.772154 
vt 0.921397 0.772154 
vt 0.921522 0.874763 
vt 0.889942 0.874763 
vt 0.892245 0.772153 
vt 0.716185 0.874764 
vt 0.716185 0.772154 
vt 0.751782 0.874764 
vt 0.917031 0.78169 
vt 0.918122 0.772154 
vt 0.914847 0.784445 
vt 0.90771 0.78511 
vt 0.898472 0.784888 
vt 0.892414 0.78422 
vt 0.725604 0.772155 
vt 0.726786 0.78169 
vt 0.728166 0.784613 
vt 0.734055 0.785289 
vt 0.739218 0.785738 
vt 0.745633 0.785335 
vt 0.821196 0.896225 
vt 0.791251 0.896224 
vt 0.821553 0.942947 
vt 0.820166 0.944906 
vt 0.792081 0.944906 
vt 0.790694 0.942947 
vt 0.790694 0.917201 
vt 0.791251 0.896224 
vt 0.821196 0.896225 
vt 0.821553 0.942947 
vt 0.790694 0.917201 
vt 0.821553 0.917201 
vt 0.714272 0.891277 
vt 0.718646 0.891238 
vt 0.7185 0.989037 
vt 0.714272 0.989037 
vt 0.783759 0.989037 
vt 0.779518 0.989037 
vt 0.779385 0.891238 
vt 0.783759 0.891277 
vt 0.779375 0.996456 
vt 0.779518 0.989037 
vt 0.783759 0.989037 
vt 0.779375 0.996456 
vt 0.748766 0.996456 
vt 0.779518 0.989037 
vt 0.718646 0.891238 
vt 0.779385 0.891238 
vt 0.779518 0.989037 
vt 0.7185 0.989037 
vt 0.718646 0.891238 
vt 0.714272 0.891277 
vt 0.716465 0.887568 
vt 0.779385 0.883858 
vt 0.779385 0.891238 
vt 0.748766 0.883858 
vt 0.783759 0.891277 
vt 0.779385 0.891238 
vt 0.779385 0.883858 
vt 0.7185 0.989037 
vt 0.748766 0.996456 
vt 0.718657 0.996456 
vt 0.779518 0.989037 
vt 0.748766 0.996456 
vt 0.7185 0.989037 
vt 0.748766 0.883858 
vt 0.718646 0.891238 
vt 0.718657 0.883858 
vt 0.748766 0.883858 
vt 0.779385 0.891238 
vt 0.718646 0.891238 
vt 0.790694 0.942947 
vt 0.790694 0.917201 
vt 0.821553 0.942947 
vt 0.821553 0.917201 
vt 0.725604 0.772155 
vt 0.718341 0.787318 
vt 0.726875 0.787994 
vt 0.735407 0.787994 
vt 0.993555 0.874764 
vt 0.991107 0.874764 
vt 0.991107 0.772154 
vt 0.993555 0.772154 
vt 0.714179 0.874764 
vt 0.716185 0.874764 
vt 0.716185 0.88379 
vt 0.714179 0.88379 
vt 0.745633 0.787994 
vt 0.788713 0.893842 
vt 0.718657 0.883858 
vt 0.914847 0.784445 
vt 0.92583 0.772154 
vt 0.90771 0.78511 
vt 0.898472 0.784888 
vt 0.92583 0.874764 
vt 0.92583 0.874764 
vt 0.92583 0.88379 
vt 0.892414 0.78422 
vt 0.823094 0.896197 
vt 0.821196 0.896225 
vt 0.714272 0.989037 

usemtl Alreadypro1Mtl

f 6033/6033/6033 6034/6034/6034 6035/6035/6035 
f 6033/6033/6033 6035/6035/6035 6036/6036/6036 
f 6037/6037/6037 6034/6034/6034 6038/6038/6038 
f 6037/6037/6037 6038/6038/6038 6039/6039/6039 
f 6036/6036/6036 6035/6035/6035 6040/6040/6040 
f 6036/6036/6036 6040/6040/6040 6041/6041/6041 
f 6041/6041/6041 6040/6040/6040 6042/6042/6042 
f 6041/6041/6041 6042/6042/6042 6043/6043/6043 
f 6044/6044/6044 6045/6045/6045 6046/6046/6046 
f 6044/6044/6044 6046/6046/6046 6047/6047/6047 
f 6048/6048/6048 6045/6045/6045 6049/6049/6049 
f 6048/6048/6048 6049/6049/6049 6050/6050/6050 
f 6050/6050/6050 6049/6049/6049 6051/6051/6051 
f 6050/6050/6050 6051/6051/6051 6052/6052/6052 
f 6052/6052/6052 6051/6051/6051 6053/6053/6053 
f 6052/6052/6052 6053/6053/6053 6054/6054/6054 
f 6055/6055/6055 6056/6056/6056 6057/6057/6057 
f 6055/6055/6055 6057/6057/6057 6058/6058/6058 
f 6059/6059/6059 6060/6060/6060 6061/6061/6061 
f 6059/6059/6059 6061/6061/6061 6062/6062/6062 
f 6063/6063/6063 6064/6064/6064 6065/6065/6065 
f 6063/6063/6063 6065/6065/6065 6066/6066/6066 
f 6064/6064/6064 6067/6067/6067 6068/6068/6068 
f 6064/6064/6064 6068/6068/6068 6065/6065/6065 
f 6067/6067/6067 6069/6069/6069 6070/6070/6070 
f 6067/6067/6067 6070/6070/6070 6068/6068/6068 
f 6071/6071/6071 6072/6072/6072 6073/6073/6073 
f 6071/6071/6071 6073/6073/6073 6074/6074/6074 
f 6075/6075/6075 6063/6063/6063 6066/6066/6066 
f 6075/6075/6075 6066/6066/6066 6076/6076/6076 
f 6077/6077/6077 6078/6078/6078 6079/6079/6079 
f 6080/6080/6080 6081/6081/6081 6082/6082/6082 
f 6080/6080/6080 6082/6082/6082 6083/6083/6083 
f 6084/6084/6084 6085/6085/6085 6086/6086/6086 
f 6084/6084/6084 6086/6086/6086 6087/6087/6087 
f 6088/6088/6088 6089/6089/6089 6090/6090/6090 
f 6088/6088/6088 6090/6090/6090 6091/6091/6091 
f 6092/6092/6092 6093/6093/6093 6094/6094/6094 
f 6092/6092/6092 6094/6094/6094 6095/6095/6095 
f 6096/6096/6096 6097/6097/6097 6098/6098/6098 
f 6096/6096/6096 6098/6098/6098 6099/6099/6099 
f 6100/6100/6100 6101/6101/6101 6102/6102/6102 
f 6100/6100/6100 6102/6102/6102 6103/6103/6103 
f 6104/6104/6104 6105/6105/6105 6106/6106/6106 
f 6104/6104/6104 6106/6106/6106 6107/6107/6107 
f 6108/6108/6108 6109/6109/6109 6110/6110/6110 
f 6108/6108/6108 6110/6110/6110 6111/6111/6111 
f 6112/6112/6112 6113/6113/6113 6114/6114/6114 
f 6112/6112/6112 6114/6114/6114 6115/6115/6115 
f 6116/6116/6116 6117/6117/6117 6118/6118/6118 
f 6116/6116/6116 6118/6118/6118 6119/6119/6119 
f 6120/6120/6120 6121/6121/6121 6122/6122/6122 
f 6120/6120/6120 6122/6122/6122 6123/6123/6123 
f 6124/6124/6124 6125/6125/6125 6126/6126/6126 
f 6127/6127/6127 6128/6128/6128 6129/6129/6129 
f 6127/6127/6127 6129/6129/6129 6130/6130/6130 
f 6131/6131/6131 6132/6132/6132 6133/6133/6133 
f 6131/6131/6131 6133/6133/6133 6134/6134/6134 
f 6135/6135/6135 6136/6136/6136 6137/6137/6137 
f 6135/6135/6135 6137/6137/6137 6138/6138/6138 
f 6139/6139/6139 6140/6140/6140 6141/6141/6141 
f 6139/6139/6139 6141/6141/6141 6142/6142/6142 
f 6143/6143/6143 6144/6144/6144 6145/6145/6145 
f 6143/6143/6143 6145/6145/6145 6146/6146/6146 
f 6147/6147/6147 6148/6148/6148 6149/6149/6149 
f 6147/6147/6147 6149/6149/6149 6150/6150/6150 
f 6151/6151/6151 6152/6152/6152 6153/6153/6153 
f 6151/6151/6151 6153/6153/6153 6154/6154/6154 
f 6155/6155/6155 6156/6156/6156 6157/6157/6157 
f 6155/6155/6155 6157/6157/6157 6158/6158/6158 
f 6043/6043/6043 6042/6042/6042 6159/6159/6159 
f 6043/6043/6043 6159/6159/6159 6160/6160/6160 
f 6054/6054/6054 6053/6053/6053 6161/6161/6161 
f 6054/6054/6054 6161/6161/6161 6162/6162/6162 
f 6163/6163/6163 6164/6164/6164 6165/6165/6165 
f 6163/6163/6163 6165/6165/6165 6166/6166/6166 
f 6167/6167/6167 6168/6168/6168 6169/6169/6169 
f 6167/6167/6167 6169/6169/6169 6170/6170/6170 
f 6069/6069/6069 6171/6171/6171 6172/6172/6172 
f 6069/6069/6069 6172/6172/6172 6070/6070/6070 
f 6173/6173/6173 6174/6174/6174 6175/6175/6175 
f 6173/6173/6173 6175/6175/6175 6176/6176/6176 
f 6177/6177/6177 6178/6178/6178 6179/6179/6179 
f 6177/6177/6177 6179/6179/6179 6180/6180/6180 
f 6181/6181/6181 6182/6182/6182 6183/6183/6183 
f 6181/6181/6181 6183/6183/6183 6184/6184/6184 
f 6185/6185/6185 6186/6186/6186 6187/6187/6187 
f 6185/6185/6185 6187/6187/6187 6188/6188/6188 
f 6189/6189/6189 6190/6190/6190 6184/6184/6184 
f 6189/6189/6189 6184/6184/6184 6191/6191/6191 
f 6192/6192/6192 6193/6193/6193 6188/6188/6188 
f 6194/6194/6194 6192/6192/6192 6188/6188/6188 
f 6195/6195/6195 6194/6194/6194 6188/6188/6188 
f 6196/6196/6196 6195/6195/6195 6188/6188/6188 
f 6197/6197/6197 6196/6196/6196 6188/6188/6188 
f 6198/6198/6198 6199/6199/6199 6184/6184/6184 
f 6199/6199/6199 6200/6200/6200 6184/6184/6184 
f 6200/6200/6200 6201/6201/6201 6184/6184/6184 
f 6201/6201/6201 6202/6202/6202 6184/6184/6184 
f 6202/6202/6202 6203/6203/6203 6184/6184/6184 
f 6121/6121/6121 6204/6204/6204 6205/6205/6205 
f 6121/6121/6121 6205/6205/6205 6122/6122/6122 
f 6206/6206/6206 6207/6207/6207 6208/6208/6208 
f 6206/6206/6206 6208/6208/6208 6209/6209/6209 
f 6210/6210/6210 6211/6211/6211 6212/6212/6212 
f 6213/6213/6213 6214/6214/6214 6215/6215/6215 
f 6216/6216/6216 6217/6217/6217 6218/6218/6218 
f 6216/6216/6216 6218/6218/6218 6219/6219/6219 
f 6220/6220/6220 6221/6221/6221 6222/6222/6222 
f 6220/6220/6220 6222/6222/6222 6223/6223/6223 
f 6224/6224/6224 6225/6225/6225 6226/6226/6226 
f 6227/6227/6227 6228/6228/6228 6229/6229/6229 
f 6230/6230/6230 6231/6231/6231 6232/6232/6232 
f 6230/6230/6230 6232/6232/6232 6233/6233/6233 
f 6234/6234/6234 6235/6235/6235 6236/6236/6236 
f 6237/6237/6237 6238/6238/6238 6239/6239/6239 
f 6240/6240/6240 6241/6241/6241 6242/6242/6242 
f 6243/6243/6243 6244/6244/6244 6245/6245/6245 
f 6246/6246/6246 6247/6247/6247 6248/6248/6248 
f 6249/6249/6249 6250/6250/6250 6251/6251/6251 
f 6252/6252/6252 6253/6253/6253 6254/6254/6254 
f 6255/6255/6255 6256/6256/6256 6257/6257/6257 
f 6210/6210/6210 6212/6212/6212 6258/6258/6258 
f 6045/6045/6045 6048/6048/6048 6259/6259/6259 
f 6045/6045/6045 6259/6259/6259 6046/6046/6046 
f 6045/6045/6045 6044/6044/6044 6260/6260/6260 
f 6045/6045/6045 6260/6260/6260 6049/6049/6049 
f 6049/6049/6049 6260/6260/6260 6261/6261/6261 
f 6049/6049/6049 6261/6261/6261 6051/6051/6051 
f 6051/6051/6051 6261/6261/6261 6262/6262/6262 
f 6051/6051/6051 6262/6262/6262 6053/6053/6053 
f 6263/6263/6263 6264/6264/6264 6265/6265/6265 
f 6263/6263/6263 6265/6265/6265 6266/6266/6266 
f 6267/6267/6267 6268/6268/6268 6269/6269/6269 
f 6267/6267/6267 6269/6269/6269 6270/6270/6270 
f 6053/6053/6053 6262/6262/6262 6271/6271/6271 
f 6053/6053/6053 6271/6271/6271 6161/6161/6161 
f 6146/6146/6146 6272/6272/6272 6143/6143/6143 
f 6236/6236/6236 6273/6273/6273 6234/6234/6234 
f 6034/6034/6034 6037/6037/6037 6274/6274/6274 
f 6034/6034/6034 6274/6274/6274 6035/6035/6035 
f 6034/6034/6034 6033/6033/6033 6275/6275/6275 
f 6034/6034/6034 6275/6275/6275 6038/6038/6038 
f 6035/6035/6035 6274/6274/6274 6276/6276/6276 
f 6035/6035/6035 6276/6276/6276 6040/6040/6040 
f 6040/6040/6040 6276/6276/6276 6277/6277/6277 
f 6040/6040/6040 6277/6277/6277 6042/6042/6042 
f 6056/6056/6056 6275/6275/6275 6278/6278/6278 
f 6056/6056/6056 6278/6278/6278 6057/6057/6057 
f 6089/6089/6089 6279/6279/6279 6280/6280/6280 
f 6089/6089/6089 6280/6280/6280 6090/6090/6090 
f 6042/6042/6042 6277/6277/6277 6281/6281/6281 
f 6042/6042/6042 6281/6281/6281 6159/6159/6159 
f 6126/6126/6126 6282/6282/6282 6283/6283/6283 
f 6126/6126/6126 6283/6283/6283 6124/6124/6124 
f 6078/6078/6078 6284/6284/6284 6079/6079/6079 

g Alreadypro11

v -30.0069 3.43107 -32.0093 
v -30.0409 3.39892 -32.0197 
v -30.0362 3.34041 -31.89 
v -30.0025 3.36871 -31.8701 
v -30.0271 3.24841 -31.767 
v -29.9941 3.26919 -31.7396 
v -30.0287 3.14278 -31.7046 
v -29.9956 3.15335 -31.6726 
v -30.0501 3.03493 -31.6995 
v -30.0167 3.03493 -31.6661 
v -29.092 3.36677 -32.0302 
v -29.1261 3.39892 -32.0197 
v -29.1308 3.34041 -31.89 
v -29.0971 3.31213 -31.9098 
v -29.1399 3.24841 -31.767 
v -29.1069 3.22779 -31.7943 
v -29.1383 3.14278 -31.7046 
v -29.1052 3.1322 -31.7367 
v -29.1169 3.03493 -31.6995 
v -29.0835 3.03493 -31.7329 
v -30.0835 2.32299 -31.7329 
v -30.0501 2.32299 -31.6995 
v -30.0501 3.03493 -31.6995 
v -30.0835 3.03493 -31.7329 
v -29.0835 3.03493 -31.7329 
v -29.1169 3.03493 -31.6995 
v -29.1169 2.32299 -31.6995 
v -29.0835 2.32299 -31.7329 
v -30.0069 3.43107 -32.0093 
v -30.0025 3.36871 -31.8701 
v -29.1645 3.36871 -31.8701 
v -29.1601 3.43107 -32.0093 
v -29.9941 3.26919 -31.7396 
v -29.1729 3.26919 -31.7396 
v -29.9956 3.15335 -31.6726 
v -29.1715 3.15335 -31.6726 
v -30.0167 3.03493 -31.6661 
v -30.0167 2.32298 -31.6661 
v -29.1503 2.32298 -31.6661 
v -29.1503 3.03493 -31.6661 
v -30.0167 3.03493 -31.6661 
v -29.1503 3.03493 -31.6661 
v -30.0377 2.25014 -32.1687 
v -30.0377 2.25028 -32.5599 
v -29.9753 2.25024 -32.5591 
v -29.9761 2.25018 -32.1687 
v -30.0835 2.32299 -31.7329 
v -30.0835 2.32298 -32.1687 
v -30.0377 2.25014 -32.1687 
v -30.0377 2.25028 -31.7723 
v -30.0835 2.32298 -32.1687 
v -30.0835 2.32299 -32.5993 
v -30.0377 2.25028 -32.5599 
v -30.0377 2.25014 -32.1687 
v -30.0835 2.32299 -32.5993 
v -30.0167 2.32298 -32.6661 
v -29.977 2.25011 -32.6205 
v -30.0377 2.25028 -32.5599 
v -30.0167 2.32298 -32.6661 
v -29.1503 2.32298 -32.6661 
v -29.19 2.25011 -32.6205 
v -29.977 2.25011 -32.6205 
v -29.1503 2.32298 -32.6661 
v -29.0835 2.32299 -32.5993 
v -29.1293 2.25014 -32.5599 
v -29.19 2.25011 -32.6205 
v -29.0835 2.32299 -32.5993 
v -29.0835 2.32298 -32.1687 
v -29.1293 2.25 -32.1687 
v -29.1293 2.25014 -32.5599 
v -29.0835 2.32298 -32.1687 
v -29.0835 2.32299 -31.7329 
v -29.1293 2.25014 -31.7723 
v -29.1293 2.25 -32.1687 
v -29.0835 2.32299 -31.7329 
v -29.1169 2.32299 -31.6995 
v -29.1596 2.25013 -31.742 
v -29.1293 2.25014 -31.7723 
v -29.1503 2.32298 -31.6661 
v -30.0167 2.32298 -31.6661 
v -29.977 2.25011 -31.7117 
v -29.19 2.25011 -31.7117 
v -30.0167 2.32298 -31.6661 
v -30.0501 2.32299 -31.6995 
v -30.0073 2.2502 -31.742 
v -29.977 2.25011 -31.7117 
v -29.9994 3.41923 -32.1687 
v -30.0095 3.45 -32.1328 
v -29.1575 3.45 -32.1328 
v -29.1709 3.41923 -32.1687 
v -29.9994 3.41923 -32.1687 
v -30.0465 3.3736 -32.1687 
v -30.078 3.3826 -32.134 
v -30.0438 3.4163 -32.1334 
v -30.078 3.3826 -32.134 
v -30.0465 3.3736 -32.1687 
v -30.0497 3.06998 -32.1687 
v -30.0835 3.03465 -32.1349 
v -30.0167 3.03462 -32.6661 
v -30.0021 3.06999 -32.6312 
v -29.1648 3.07034 -32.6312 
v -29.1503 3.03462 -32.6661 
v -30.0021 3.06999 -32.6312 
v -30.0167 3.03462 -32.6661 
v -30.0835 3.03462 -32.5993 
v -30.0465 3.06999 -32.5993 
v -30.0465 3.06999 -32.5993 
v -30.0835 3.03462 -32.5993 
v -30.0835 3.03465 -32.1349 
v -30.0497 3.06998 -32.1687 
v -29.1575 3.45 -32.1328 
v -29.1232 3.4163 -32.1334 
v -29.1709 3.41923 -32.1687 
v -29.1209 3.3736 -32.1687 
v -29.089 3.3826 -32.134 
v -29.0835 3.03465 -32.1349 
v -29.1173 3.07032 -32.1687 
v -29.0835 3.03462 -32.5993 
v -29.1205 3.07034 -32.5993 
v -29.1173 3.07032 -32.1687 
v -29.0835 3.03465 -32.1349 
v -29.1205 3.07034 -32.5993 
v -29.0835 3.03462 -32.5993 
v -29.1503 3.03462 -32.6661 
v -29.1648 3.07034 -32.6312 
v -30.075 3.36677 -32.0302 
v -30.0438 3.4163 -32.1334 
v -30.078 3.3826 -32.134 
v -29.1601 3.43107 -32.0093 
v -29.1232 3.4163 -32.1334 
v -29.1575 3.45 -32.1328 
v -30.0835 3.03462 -32.5993 
v -30.0167 3.03462 -32.6661 
v -30.0167 2.32298 -32.6661 
v -30.0835 2.32299 -32.5993 
v -29.0835 2.32299 -32.5993 
v -29.1503 2.32298 -32.6661 
v -29.1503 3.03462 -32.6661 
v -29.0835 3.03462 -32.5993 
v -30.0095 3.45 -32.1328 
v -29.1575 3.45 -32.1328 
v -30.0835 2.32299 -31.7329 
v -30.0835 3.03493 -31.7329 
v -30.0835 3.03465 -32.1349 
v -30.0835 2.32298 -32.1687 
v -29.0835 3.03493 -31.7329 
v -29.0835 2.32299 -31.7329 
v -29.0835 2.32298 -32.1687 
v -29.0835 3.03465 -32.1349 
v -30.0835 3.03462 -32.5993 
v -30.0835 2.32299 -32.5993 
v -30.0167 2.32298 -32.6661 
v -30.0167 3.03462 -32.6661 
v -29.1503 3.03462 -32.6661 
v -29.1503 2.32298 -32.6661 
v -29.0835 2.32299 -32.5993 
v -29.0835 3.03462 -32.5993 
v -30.0698 3.31213 -31.9098 
v -30.075 3.36677 -32.0302 
v -30.0835 3.03465 -32.1349 
v -30.0601 3.22779 -31.7943 
v -30.0618 3.1322 -31.7367 
v -30.0835 3.03493 -31.7329 
v -30.078 3.3826 -32.134 
v -29.092 3.36677 -32.0302 
v -29.0971 3.31213 -31.9098 
v -29.0835 3.03465 -32.1349 
v -29.1069 3.22779 -31.7943 
v -29.1052 3.1322 -31.7367 
v -29.0835 3.03493 -31.7329 
v -29.089 3.3826 -32.134 
v -30.0021 3.06999 -32.6312 
v -30.0465 3.06999 -32.5993 
v -29.1205 3.07034 -32.5993 
v -29.1648 3.07034 -32.6312 
v -30.0465 3.3736 -32.1687 
v -29.9994 3.41923 -32.1687 
v -29.1709 3.41923 -32.1687 
v -29.1209 3.3736 -32.1687 
v -30.0497 3.06998 -32.1687 
v -29.1173 3.07032 -32.1687 
v -30.0497 3.06998 -32.1687 
v -29.1173 3.07032 -32.1687 
v -29.19 2.25011 -32.1687 
v -29.19 2.25011 -32.5494 
v -29.1293 2.25014 -32.5599 
v -29.1293 2.25 -32.1687 
v -29.977 2.25011 -32.6205 
v -29.9753 2.25024 -32.5591 
v -30.0377 2.25028 -32.5599 
v -29.1293 2.25014 -32.5599 
v -29.19 2.25011 -32.5494 
v -29.19 2.25011 -32.6205 
v -29.19 2.25011 -32.5494 
v -29.9753 2.25024 -32.5591 
v -29.977 2.25011 -32.6205 
v -29.19 2.25011 -32.6205 
v -29.9761 2.25018 -32.1687 
v -29.9753 2.25024 -32.5591 
v -29.19 2.25011 -32.5494 
v -29.19 2.25011 -32.1687 
v -29.19 2.25011 -31.7706 
v -29.1293 2.25014 -31.7723 
v -29.1596 2.25013 -31.742 
v -29.977 2.25011 -31.7117 
v -29.9769 2.25012 -31.7707 
v -29.19 2.25011 -31.7706 
v -29.19 2.25011 -31.7117 
v -29.9769 2.25012 -31.7707 
v -29.977 2.25011 -31.7117 
v -30.0073 2.2502 -31.742 
v -29.1293 2.25 -32.1687 
v -29.1293 2.25014 -31.7723 
v -29.19 2.25011 -31.7706 
v -29.19 2.25011 -32.1687 
v -29.19 2.25011 -32.1687 
v -29.19 2.25011 -31.7706 
v -29.9769 2.25012 -31.7707 
v -29.9761 2.25018 -32.1687 
v -29.9761 2.25018 -32.1687 
v -29.9769 2.25012 -31.7707 
v -30.0377 2.25028 -31.7723 
v -30.0377 2.25014 -32.1687 
v -29.1645 3.36871 -31.8701 
v -29.1729 3.26919 -31.7396 
v -29.1715 3.15335 -31.6726 
v -29.1503 3.03493 -31.6661 
v -29.1169 3.03493 -31.6995 
v -29.1503 3.03493 -31.6661 
v -29.1503 2.32298 -31.6661 
v -29.1169 2.32299 -31.6995 
v -29.1169 2.32299 -31.6995 
v -29.1503 2.32298 -31.6661 
v -29.19 2.25011 -31.7117 
v -29.1596 2.25013 -31.742 
v -29.089 3.3826 -32.134 
v -29.19 2.25011 -31.7117 
v -29.1232 3.4163 -32.1334 
v -29.089 3.3826 -32.134 
v -29.1209 3.3736 -32.1687 
v -29.1709 3.41923 -32.1687 
v -30.0698 3.31213 -31.9098 
v -30.0601 3.22779 -31.7943 
v -30.0618 3.1322 -31.7367 
v -30.0835 3.03493 -31.7329 
v -30.0167 2.32298 -31.6661 
v -30.0167 3.03493 -31.6661 
v -30.0835 2.32299 -31.7329 
v -30.0377 2.25028 -31.7723 
v -30.0095 3.45 -32.1328 
v -30.0377 2.25028 -31.7723 
v -30.0438 3.4163 -32.1334 
v -30.0095 3.45 -32.1328 
v -29.9994 3.41923 -32.1687 

vn -0.708661 0.669291 0.212598 
vn -0.708661 0.669291 0.212598 
vn -0.708661 0.566929 0.417323 
vn -0.708661 0.566929 0.417323 
vn -0.708661 0.417323 0.566929 
vn -0.708661 0.417323 0.566929 
vn -0.708661 0.259843 0.661417 
vn -0.708661 0.259843 0.661417 
vn -0.708661 0.102362 0.700787 
vn -0.692913 0.110236 0.716535 
vn 0.708661 0.669291 0.212598 
vn 0.708661 0.669291 0.212598 
vn 0.708661 0.566929 0.417323 
vn 0.708661 0.566929 0.417323 
vn 0.708661 0.417323 0.566929 
vn 0.708661 0.417323 0.566929 
vn 0.708661 0.259843 0.661417 
vn 0.708661 0.259843 0.661417 
vn 0.708661 0.102362 0.700787 
vn 0.724409 0.110236 0.685039 
vn -0.692913 -0.00787402 0.716535 
vn -0.708661 0 0.708661 
vn -0.708661 0.102362 0.700787 
vn -0.692913 0.11811 0.708661 
vn 0.724409 0.110236 0.685039 
vn 0.708661 0.102362 0.700787 
vn 0.708661 0 0.708661 
vn 0.724409 -0.00787402 0.692913 
vn 0 0.952756 0.307087 
vn 0 0.811024 0.590551 
vn 0 0.811024 0.590551 
vn 0 0.952756 0.307087 
vn 0 0.590551 0.811024 
vn 0 0.590551 0.811024 
vn 0 0.307087 0.952756 
vn 0 0.307087 0.952756 
vn 0.015748 0.0944882 0.992126 
vn 0.015748 -0.00787402 1 
vn 0.0393701 -0.00787402 1 
vn 0.0393701 0.0944882 0.992126 
vn 0.015748 0.0944882 0.992126 
vn 0.0393701 0.0944882 0.992126 
vn 0.015748 -1 0 
vn 0.015748 -1 -0.00787402 
vn 0.015748 -1 -0.00787402 
vn 0.015748 -1 0 
vn -0.84252 -0.543307 0.00787402 
vn -0.84252 -0.543307 0 
vn -0.834646 -0.551181 0 
vn -0.834646 -0.551181 0.00787402 
vn -0.84252 -0.543307 0 
vn -0.84252 -0.543307 -0.00787402 
vn -0.834646 -0.551181 -0.00787402 
vn -0.834646 -0.551181 0 
vn -0.527559 -0.645669 -0.551181 
vn -0.527559 -0.645669 -0.551181 
vn -0.527559 -0.645669 -0.551181 
vn -0.527559 -0.645669 -0.551181 
vn 0.015748 -0.527559 -0.850394 
vn 0.0393701 -0.527559 -0.850394 
vn 0.0393701 -0.535433 -0.84252 
vn 0.015748 -0.535433 -0.84252 
vn 0.566929 -0.622047 -0.535433 
vn 0.566929 -0.622047 -0.535433 
vn 0.566929 -0.629921 -0.535433 
vn 0.566929 -0.629921 -0.535433 
vn 0.858268 -0.519685 -0.00787402 
vn 0.858268 -0.519685 0 
vn 0.850394 -0.519685 0 
vn 0.850394 -0.519685 -0.00787402 
vn 0.858268 -0.519685 0 
vn 0.858268 -0.519685 0.00787402 
vn 0.850394 -0.519685 0.00787402 
vn 0.850394 -0.519685 0 
vn 0.566929 -0.622047 0.535433 
vn 0.543307 -0.637795 0.543307 
vn 0.566929 -0.629921 0.535433 
vn 0.566929 -0.629921 0.535433 
vn 0.0393701 -0.527559 0.850394 
vn 0.015748 -0.527559 0.850394 
vn 0.015748 -0.535433 0.84252 
vn 0.0393701 -0.535433 0.84252 
vn -0.527559 -0.645669 0.551181 
vn -0.543307 -0.637795 0.543307 
vn -0.527559 -0.645669 0.551181 
vn -0.527559 -0.645669 0.551181 
vn 0 0.755906 -0.653543 
vn 0.015748 0.771654 -0.637795 
vn 0.0393701 0.771654 -0.637795 
vn 0 0.755906 -0.653543 
vn -0.543307 0.551181 -0.629921 
vn -0.543307 0.551181 -0.629921 
vn -0.543307 0.551181 -0.629921 
vn -0.543307 0.551181 -0.629921 
vn -0.732283 0.023622 -0.677165 
vn -0.732283 0.023622 -0.677165 
vn -0.732283 0.023622 -0.677165 
vn -0.724409 0.0472441 -0.685039 
vn 0.015748 0.708661 -0.708661 
vn 0 0.700787 -0.708661 
vn 0 0.700787 -0.708661 
vn 0.0393701 0.700787 -0.708661 
vn -0.503937 0.645669 -0.566929 
vn -0.480315 0.661417 -0.574803 
vn -0.488189 0.661417 -0.574803 
vn -0.503937 0.645669 -0.566929 
vn -0.708661 0.708661 0 
vn -0.692913 0.724409 -0.015748 
vn -0.692913 0.724409 0 
vn -0.708661 0.708661 0 
vn 0.551181 0.551181 -0.629921 
vn 0.527559 0.535433 -0.653543 
vn 0.527559 0.535433 -0.653543 
vn 0.732283 0.0314961 -0.685039 
vn 0.732283 0.0314961 -0.685039 
vn 0.748031 0.0393701 -0.661417 
vn 0.732283 0.0314961 -0.685039 
vn 0.716535 0.692913 -0.015748 
vn 0.708661 0.708661 0 
vn 0.708661 0.708661 0 
vn 0.716535 0.692913 0 
vn 0.503937 0.645669 -0.566929 
vn 0.527559 0.637795 -0.559055 
vn 0.527559 0.637795 -0.559055 
vn 0.503937 0.645669 -0.566929 
vn -0.708661 0.669291 0.212598 
vn -0.708661 0.700787 0.110236 
vn -0.708661 0.700787 0.110236 
vn 0.708661 0.669291 0.212598 
vn 0.708661 0.700787 0.110236 
vn 0.708661 0.700787 0.102362 
vn -0.692913 0.015748 -0.716535 
vn -0.692913 0.015748 -0.724409 
vn -0.692913 -0.00787402 -0.724409 
vn -0.692913 -0.00787402 -0.716535 
vn 0.724409 -0.00787402 -0.692913 
vn 0.716535 -0.00787402 -0.692913 
vn 0.724409 0.015748 -0.692913 
vn 0.724409 0.015748 -0.692913 
vn 0.015748 0.771654 -0.637795 
vn 0.0393701 0.771654 -0.637795 
vn -1 -0.00787402 0.00787402 
vn -1 0.0787402 0.00787402 
vn -1 0.0314961 0.00787402 
vn -1 -0.00787402 0 
vn 1 0.0787402 0.00787402 
vn 1 -0.00787402 0.00787402 
vn 1 -0.00787402 0 
vn 1 0.0314961 0.00787402 
vn -1 0.015748 -0.00787402 
vn -1 -0.00787402 -0.00787402 
vn 0.015748 -0.00787402 -1 
vn 0.015748 0.015748 -1 
vn 0.0393701 0.015748 -1 
vn 0.0393701 -0.00787402 -1 
vn 1 -0.00787402 -0.00787402 
vn 1 0.015748 -0.00787402 
vn -1 0.0314961 0.023622 
vn -1 0.0393701 0.00787402 
vn -1 0.0314961 0.00787402 
vn -1 0.023622 0.0314961 
vn -1 0.0708661 0.015748 
vn -1 0.0787402 0.00787402 
vn -1 0.0393701 0.00787402 
vn 1 0.0393701 0.00787402 
vn 1 0.0314961 0.023622 
vn 1 0.0314961 0.00787402 
vn 1 0.023622 0.0314961 
vn 1 0.0708661 0.015748 
vn 1 0.0787402 0.00787402 
vn 1 0.0393701 0.00787402 
vn 0 1 0 
vn 0 1 0 
vn 0 1 0 
vn 0 1 0 
vn 0 0 -1 
vn 0 0.755906 -0.653543 
vn 0 0.755906 -0.653543 
vn 0 0 -1 
vn 0 1 0 
vn 0 1 0 
vn 0 0 -1 
vn 0 0 -1 
vn 0.0393701 -1 0 
vn 0.0393701 -1 -0.00787402 
vn 0.0393701 -1 -0.00787402 
vn 0.0393701 -1 0 
vn 0.015748 -1 -0.00787402 
vn 0.015748 -1 -0.00787402 
vn 0.015748 -1 -0.00787402 
vn 0.0393701 -1 -0.00787402 
vn 0.0393701 -1 -0.00787402 
vn 0.0393701 -1 -0.00787402 
vn 0.0393701 -1 -0.00787402 
vn 0.015748 -1 -0.00787402 
vn 0.015748 -1 -0.00787402 
vn 0.0393701 -1 -0.00787402 
vn 0.015748 -1 0 
vn 0.015748 -1 -0.00787402 
vn 0.0393701 -1 -0.00787402 
vn 0.0393701 -1 0 
vn 0.0393701 -1 0.00787402 
vn 0.0393701 -1 0.00787402 
vn 0.0393701 -1 0.00787402 
vn 0.015748 -1 0.00787402 
vn 0.015748 -1 0.00787402 
vn 0.0393701 -1 0.00787402 
vn 0.0393701 -1 0.00787402 
vn 0.015748 -1 0.00787402 
vn 0.015748 -1 0.00787402 
vn 0.015748 -1 0.00787402 
vn 0.0393701 -1 0 
vn 0.0393701 -1 0.00787402 
vn 0.0393701 -1 0.00787402 
vn 0.0393701 -1 0 
vn 0.0393701 -1 0 
vn 0.0393701 -1 0.00787402 
vn 0.015748 -1 0.00787402 
vn 0.015748 -1 0 
vn 0.015748 -1 0 
vn 0.015748 -1 0.00787402 
vn 0.015748 -1 0.00787402 
vn 0.015748 -1 0 
vn 0.708661 0.566929 0.417323 
vn 0.708661 0.417323 0.566929 
vn 0.708661 0.259843 0.661417 
vn 0.716535 0.110236 0.685039 
vn 0.708661 0.102362 0.700787 
vn 0.716535 0.110236 0.685039 
vn 0.716535 -0.00787402 0.692913 
vn 0.708661 0 0.708661 
vn 0.543307 -0.637795 0.543307 
vn 0.566929 -0.622047 0.535433 
vn 0.566929 -0.629921 0.535433 
vn 0.566929 -0.629921 0.535433 
vn 0.708661 0.700787 0.110236 
vn 0.0393701 -1 0.00787402 
vn 0.527559 0.535433 -0.653543 
vn 0.527559 0.559055 -0.637795 
vn 0.527559 0.559055 -0.637795 
vn 0.527559 0.535433 -0.653543 
vn -0.708661 0.566929 0.417323 
vn -0.708661 0.417323 0.566929 
vn -0.708661 0.259843 0.661417 
vn -0.692913 0.11811 0.708661 
vn -0.692913 -0.00787402 0.724409 
vn -0.692913 0.110236 0.716535 
vn -0.527559 -0.645669 0.551181 
vn -0.527559 -0.645669 0.551181 
vn -0.685039 0.724409 0.110236 
vn 0.015748 -1 0.00787402 
vn -0.543307 0.551181 -0.629921 
vn -0.527559 0.582677 -0.622047 
vn -0.543307 0.551181 -0.629921 

vt 0.902318 0.759008 
vt 0.901409 0.760539 
vt 0.910998 0.761239 
vt 0.91193 0.759848 
vt 0.919566 0.763373 
vt 0.920778 0.762283 
vt 0.9233 0.767133 
vt 0.925355 0.766278 
vt 0.923676 0.771005 
vt 0.92583 0.771005 
vt 0.738207 0.762649 
vt 0.73695 0.761101 
vt 0.72964 0.762355 
vt 0.731099 0.763689 
vt 0.723329 0.764295 
vt 0.726016 0.765635 
vt 0.71983 0.767195 
vt 0.722568 0.767678 
vt 0.717326 0.771002 
vt 0.720155 0.771002 
vt 0.921522 0.693789 
vt 0.923676 0.693789 
vt 0.923676 0.771589 
vt 0.921522 0.771589 
vt 0.716185 0.771589 
vt 0.714239 0.771589 
vt 0.714239 0.693789 
vt 0.716185 0.693789 
vt 0.923677 0.759894 
vt 0.923676 0.761663 
vt 0.993618 0.761704 
vt 0.993618 0.759935 
vt 0.923677 0.764137 
vt 0.993618 0.764178 
vt 0.923676 0.767582 
vt 0.993618 0.767571 
vt 0.92583 0.771588 
vt 0.92583 0.693789 
vt 0.991107 0.693789 
vt 0.991107 0.771588 
vt 0.923676 0.771628 
vt 0.993616 0.771628 
vt 0.788082 0.65123 
vt 0.788082 0.675153 
vt 0.785766 0.675153 
vt 0.785766 0.651438 
vt 0.921522 0.693789 
vt 0.888661 0.693789 
vt 0.888661 0.686853 
vt 0.921522 0.686853 
vt 0.888661 0.693789 
vt 0.856161 0.693789 
vt 0.856161 0.686853 
vt 0.888661 0.686853 
vt 0.856161 0.693789 
vt 0.85168 0.693789 
vt 0.85168 0.686853 
vt 0.856161 0.686853 
vt 0.85168 0.693789 
vt 0.786271 0.693789 
vt 0.786271 0.686853 
vt 0.85168 0.686853 
vt 0.786356 0.693789 
vt 0.781776 0.693789 
vt 0.781776 0.686853 
vt 0.786356 0.686853 
vt 0.781776 0.693789 
vt 0.746081 0.693789 
vt 0.746081 0.686853 
vt 0.781776 0.686853 
vt 0.746081 0.693789 
vt 0.716185 0.693789 
vt 0.716185 0.686853 
vt 0.746081 0.686853 
vt 0.716185 0.693789 
vt 0.714239 0.693789 
vt 0.714239 0.686853 
vt 0.716185 0.686853 
vt 0.991107 0.693789 
vt 0.92583 0.693789 
vt 0.92583 0.686853 
vt 0.991107 0.686853 
vt 0.92583 0.693789 
vt 0.923676 0.693789 
vt 0.923676 0.686853 
vt 0.92583 0.686853 
vt 0.931549 0.769201 
vt 0.923676 0.771589 
vt 0.993616 0.771589 
vt 0.985832 0.769201 
vt 0.745116 0.67789 
vt 0.74688 0.675143 
vt 0.748836 0.677231 
vt 0.748858 0.678293 
vt 0.748836 0.677231 
vt 0.74688 0.675143 
vt 0.746965 0.65081 
vt 0.748544 0.65081 
vt 0.745753 0.623498 
vt 0.744976 0.626431 
vt 0.717639 0.626431 
vt 0.716602 0.623498 
vt 0.745 0.626428 
vt 0.745753 0.623498 
vt 0.748576 0.623498 
vt 0.74688 0.628707 
vt 0.74688 0.628707 
vt 0.748576 0.623498 
vt 0.748544 0.65081 
vt 0.746965 0.65081 
vt 0.993616 0.771589 
vt 0.993616 0.7692 
vt 0.985832 0.769201 
vt 0.715744 0.675139 
vt 0.714128 0.676903 
vt 0.714128 0.65081 
vt 0.715763 0.65081 
vt 0.714128 0.623498 
vt 0.715749 0.628707 
vt 0.715763 0.65081 
vt 0.714128 0.65081 
vt 0.715749 0.628707 
vt 0.714128 0.623498 
vt 0.716602 0.623498 
vt 0.717639 0.626431 
vt 0.900141 0.762594 
vt 0.894269 0.760685 
vt 0.893783 0.7628 
vt 0.735435 0.759497 
vt 0.744421 0.761679 
vt 0.744421 0.75963 
vt 0.856161 0.771589 
vt 0.85168 0.771589 
vt 0.85168 0.693789 
vt 0.856161 0.693789 
vt 0.781776 0.693789 
vt 0.786356 0.693789 
vt 0.786356 0.771589 
vt 0.781776 0.771589 
vt 0.923676 0.759009 
vt 0.993615 0.759009 
vt 0.921522 0.693789 
vt 0.921522 0.771589 
vt 0.892344 0.771589 
vt 0.888661 0.693789 
vt 0.716185 0.771589 
vt 0.716185 0.693789 
vt 0.746081 0.693789 
vt 0.744726 0.771589 
vt 0.856161 0.771589 
vt 0.856161 0.693789 
vt 0.85168 0.693789 
vt 0.85168 0.771589 
vt 0.786271 0.771589 
vt 0.786271 0.693789 
vt 0.781776 0.693789 
vt 0.781776 0.771589 
vt 0.909906 0.76257 
vt 0.900141 0.762594 
vt 0.892344 0.771005 
vt 0.917954 0.764883 
vt 0.921298 0.767681 
vt 0.921522 0.771005 
vt 0.893783 0.7628 
vt 0.738207 0.762649 
vt 0.731099 0.763689 
vt 0.744726 0.771005 
vt 0.726016 0.765635 
vt 0.722568 0.767678 
vt 0.720155 0.771002 
vt 0.744421 0.763616 
vt 0.745 0.626428 
vt 0.74688 0.628707 
vt 0.715749 0.628707 
vt 0.717534 0.626428 
vt 0.74688 0.675143 
vt 0.745116 0.67789 
vt 0.717785 0.67789 
vt 0.715749 0.675143 
vt 0.74688 0.65081 
vt 0.715763 0.65081 
vt 0.74688 0.65081 
vt 0.715763 0.65081 
vt 0.755848 0.651739 
vt 0.755848 0.675153 
vt 0.753602 0.675153 
vt 0.753602 0.65123 
vt 0.785766 0.679124 
vt 0.785766 0.675153 
vt 0.788082 0.675153 
vt 0.753602 0.675153 
vt 0.755848 0.675153 
vt 0.755848 0.679124 
vt 0.755848 0.675153 
vt 0.785766 0.675153 
vt 0.785766 0.679124 
vt 0.755848 0.679124 
vt 0.785766 0.651438 
vt 0.785766 0.675153 
vt 0.755848 0.675153 
vt 0.755848 0.651739 
vt 0.755848 0.627256 
vt 0.753602 0.627372 
vt 0.754725 0.625416 
vt 0.785766 0.62346 
vt 0.785766 0.627264 
vt 0.755848 0.627256 
vt 0.755848 0.62346 
vt 0.785766 0.627264 
vt 0.785766 0.62346 
vt 0.786924 0.625416 
vt 0.753602 0.65123 
vt 0.753602 0.627372 
vt 0.755848 0.627256 
vt 0.755848 0.651739 
vt 0.755848 0.651739 
vt 0.755848 0.627256 
vt 0.785766 0.627264 
vt 0.785766 0.651438 
vt 0.785766 0.651438 
vt 0.785766 0.627264 
vt 0.788082 0.627372 
vt 0.788082 0.65123 
vt 0.727923 0.760965 
vt 0.72116 0.763235 
vt 0.717092 0.766151 
vt 0.714239 0.771005 
vt 0.993616 0.771589 
vt 0.991107 0.771589 
vt 0.991107 0.693789 
vt 0.993616 0.693789 
vt 0.993616 0.693789 
vt 0.991107 0.693789 
vt 0.991107 0.686853 
vt 0.993615 0.686853 
vt 0.744421 0.763616 
vt 0.755848 0.62346 
vt 0.714128 0.678129 
vt 0.714128 0.676903 
vt 0.715744 0.675139 
vt 0.717785 0.67789 
vt 0.909906 0.76257 
vt 0.917954 0.764883 
vt 0.921298 0.767681 
vt 0.921522 0.771005 
vt 0.92583 0.693789 
vt 0.92583 0.771589 
vt 0.921522 0.693789 
vt 0.921522 0.686853 
vt 0.894613 0.759028 
vt 0.788082 0.627372 
vt 0.923676 0.769201 
vt 0.923676 0.771589 
vt 0.931549 0.769201 

usemtl Alreadypro1Mtl

f 6285/6285/6285 6286/6286/6286 6287/6287/6287 
f 6285/6285/6285 6287/6287/6287 6288/6288/6288 
f 6288/6288/6288 6287/6287/6287 6289/6289/6289 
f 6288/6288/6288 6289/6289/6289 6290/6290/6290 
f 6290/6290/6290 6289/6289/6289 6291/6291/6291 
f 6290/6290/6290 6291/6291/6291 6292/6292/6292 
f 6292/6292/6292 6291/6291/6291 6293/6293/6293 
f 6292/6292/6292 6293/6293/6293 6294/6294/6294 
f 6295/6295/6295 6296/6296/6296 6297/6297/6297 
f 6295/6295/6295 6297/6297/6297 6298/6298/6298 
f 6298/6298/6298 6297/6297/6297 6299/6299/6299 
f 6298/6298/6298 6299/6299/6299 6300/6300/6300 
f 6300/6300/6300 6299/6299/6299 6301/6301/6301 
f 6300/6300/6300 6301/6301/6301 6302/6302/6302 
f 6302/6302/6302 6301/6301/6301 6303/6303/6303 
f 6302/6302/6302 6303/6303/6303 6304/6304/6304 
f 6305/6305/6305 6306/6306/6306 6307/6307/6307 
f 6305/6305/6305 6307/6307/6307 6308/6308/6308 
f 6309/6309/6309 6310/6310/6310 6311/6311/6311 
f 6309/6309/6309 6311/6311/6311 6312/6312/6312 
f 6313/6313/6313 6314/6314/6314 6315/6315/6315 
f 6313/6313/6313 6315/6315/6315 6316/6316/6316 
f 6314/6314/6314 6317/6317/6317 6318/6318/6318 
f 6314/6314/6314 6318/6318/6318 6315/6315/6315 
f 6317/6317/6317 6319/6319/6319 6320/6320/6320 
f 6317/6317/6317 6320/6320/6320 6318/6318/6318 
f 6321/6321/6321 6322/6322/6322 6323/6323/6323 
f 6321/6321/6321 6323/6323/6323 6324/6324/6324 
f 6319/6319/6319 6325/6325/6325 6326/6326/6326 
f 6319/6319/6319 6326/6326/6326 6320/6320/6320 
f 6327/6327/6327 6328/6328/6328 6329/6329/6329 
f 6327/6327/6327 6329/6329/6329 6330/6330/6330 
f 6331/6331/6331 6332/6332/6332 6333/6333/6333 
f 6331/6331/6331 6333/6333/6333 6334/6334/6334 
f 6335/6335/6335 6336/6336/6336 6337/6337/6337 
f 6335/6335/6335 6337/6337/6337 6338/6338/6338 
f 6339/6339/6339 6340/6340/6340 6341/6341/6341 
f 6339/6339/6339 6341/6341/6341 6342/6342/6342 
f 6343/6343/6343 6344/6344/6344 6345/6345/6345 
f 6343/6343/6343 6345/6345/6345 6346/6346/6346 
f 6347/6347/6347 6348/6348/6348 6349/6349/6349 
f 6347/6347/6347 6349/6349/6349 6350/6350/6350 
f 6351/6351/6351 6352/6352/6352 6353/6353/6353 
f 6351/6351/6351 6353/6353/6353 6354/6354/6354 
f 6355/6355/6355 6356/6356/6356 6357/6357/6357 
f 6355/6355/6355 6357/6357/6357 6358/6358/6358 
f 6359/6359/6359 6360/6360/6360 6361/6361/6361 
f 6359/6359/6359 6361/6361/6361 6362/6362/6362 
f 6363/6363/6363 6364/6364/6364 6365/6365/6365 
f 6363/6363/6363 6365/6365/6365 6366/6366/6366 
f 6367/6367/6367 6368/6368/6368 6369/6369/6369 
f 6367/6367/6367 6369/6369/6369 6370/6370/6370 
f 6371/6371/6371 6372/6372/6372 6373/6373/6373 
f 6371/6371/6371 6373/6373/6373 6374/6374/6374 
f 6375/6375/6375 6376/6376/6376 6377/6377/6377 
f 6375/6375/6375 6377/6377/6377 6378/6378/6378 
f 6379/6379/6379 6380/6380/6380 6381/6381/6381 
f 6379/6379/6379 6381/6381/6381 6382/6382/6382 
f 6383/6383/6383 6384/6384/6384 6385/6385/6385 
f 6383/6383/6383 6385/6385/6385 6386/6386/6386 
f 6387/6387/6387 6388/6388/6388 6389/6389/6389 
f 6387/6387/6387 6389/6389/6389 6390/6390/6390 
f 6391/6391/6391 6392/6392/6392 6393/6393/6393 
f 6391/6391/6391 6393/6393/6393 6394/6394/6394 
f 6395/6395/6395 6396/6396/6396 6397/6397/6397 
f 6398/6398/6398 6399/6399/6399 6400/6400/6400 
f 6398/6398/6398 6400/6400/6400 6401/6401/6401 
f 6402/6402/6402 6403/6403/6403 6404/6404/6404 
f 6402/6402/6402 6404/6404/6404 6405/6405/6405 
f 6406/6406/6406 6407/6407/6407 6408/6408/6408 
f 6406/6406/6406 6408/6408/6408 6409/6409/6409 
f 6410/6410/6410 6286/6286/6286 6411/6411/6411 
f 6410/6410/6410 6411/6411/6411 6412/6412/6412 
f 6413/6413/6413 6296/6296/6296 6414/6414/6414 
f 6413/6413/6413 6414/6414/6414 6415/6415/6415 
f 6416/6416/6416 6417/6417/6417 6418/6418/6418 
f 6416/6416/6416 6418/6418/6418 6419/6419/6419 
f 6420/6420/6420 6421/6421/6421 6422/6422/6422 
f 6420/6420/6420 6422/6422/6422 6423/6423/6423 
f 6424/6424/6424 6313/6313/6313 6316/6316/6316 
f 6424/6424/6424 6316/6316/6316 6425/6425/6425 
f 6426/6426/6426 6427/6427/6427 6428/6428/6428 
f 6426/6426/6426 6428/6428/6428 6429/6429/6429 
f 6430/6430/6430 6431/6431/6431 6432/6432/6432 
f 6430/6430/6430 6432/6432/6432 6433/6433/6433 
f 6434/6434/6434 6435/6435/6435 6429/6429/6429 
f 6434/6434/6434 6429/6429/6429 6428/6428/6428 
f 6436/6436/6436 6437/6437/6437 6438/6438/6438 
f 6436/6436/6436 6438/6438/6438 6439/6439/6439 
f 6440/6440/6440 6441/6441/6441 6433/6433/6433 
f 6440/6440/6440 6433/6433/6433 6432/6432/6432 
f 6442/6442/6442 6443/6443/6443 6444/6444/6444 
f 6445/6445/6445 6442/6442/6442 6444/6444/6444 
f 6446/6446/6446 6445/6445/6445 6444/6444/6444 
f 6447/6447/6447 6446/6446/6446 6444/6444/6444 
f 6443/6443/6443 6448/6448/6448 6444/6444/6444 
f 6449/6449/6449 6450/6450/6450 6451/6451/6451 
f 6450/6450/6450 6452/6452/6452 6451/6451/6451 
f 6452/6452/6452 6453/6453/6453 6451/6451/6451 
f 6453/6453/6453 6454/6454/6454 6451/6451/6451 
f 6455/6455/6455 6449/6449/6449 6451/6451/6451 
f 6456/6456/6456 6457/6457/6457 6458/6458/6458 
f 6456/6456/6456 6458/6458/6458 6459/6459/6459 
f 6460/6460/6460 6461/6461/6461 6462/6462/6462 
f 6460/6460/6460 6462/6462/6462 6463/6463/6463 
f 6458/6458/6458 6464/6464/6464 6465/6465/6465 
f 6466/6466/6466 6463/6463/6463 6467/6467/6467 
f 6468/6468/6468 6469/6469/6469 6470/6470/6470 
f 6468/6468/6468 6470/6470/6470 6471/6471/6471 
f 6472/6472/6472 6473/6473/6473 6474/6474/6474 
f 6475/6475/6475 6476/6476/6476 6477/6477/6477 
f 6478/6478/6478 6479/6479/6479 6480/6480/6480 
f 6478/6478/6478 6480/6480/6480 6481/6481/6481 
f 6482/6482/6482 6483/6483/6483 6484/6484/6484 
f 6482/6482/6482 6484/6484/6484 6485/6485/6485 
f 6486/6486/6486 6487/6487/6487 6488/6488/6488 
f 6489/6489/6489 6490/6490/6490 6491/6491/6491 
f 6489/6489/6489 6491/6491/6491 6492/6492/6492 
f 6493/6493/6493 6494/6494/6494 6495/6495/6495 
f 6457/6457/6457 6464/6464/6464 6458/6458/6458 
f 6466/6466/6466 6460/6460/6460 6463/6463/6463 
f 6496/6496/6496 6497/6497/6497 6498/6498/6498 
f 6496/6496/6496 6498/6498/6498 6499/6499/6499 
f 6500/6500/6500 6501/6501/6501 6502/6502/6502 
f 6500/6500/6500 6502/6502/6502 6503/6503/6503 
f 6504/6504/6504 6505/6505/6505 6506/6506/6506 
f 6504/6504/6504 6506/6506/6506 6507/6507/6507 
f 6296/6296/6296 6413/6413/6413 6508/6508/6508 
f 6296/6296/6296 6508/6508/6508 6297/6297/6297 
f 6297/6297/6297 6508/6508/6508 6509/6509/6509 
f 6297/6297/6297 6509/6509/6509 6299/6299/6299 
f 6299/6299/6299 6509/6509/6509 6510/6510/6510 
f 6299/6299/6299 6510/6510/6510 6301/6301/6301 
f 6301/6301/6301 6510/6510/6510 6511/6511/6511 
f 6301/6301/6301 6511/6511/6511 6303/6303/6303 
f 6512/6512/6512 6513/6513/6513 6514/6514/6514 
f 6512/6512/6512 6514/6514/6514 6515/6515/6515 
f 6516/6516/6516 6517/6517/6517 6518/6518/6518 
f 6516/6516/6516 6518/6518/6518 6519/6519/6519 
f 6296/6296/6296 6295/6295/6295 6520/6520/6520 
f 6296/6296/6296 6520/6520/6520 6414/6414/6414 
f 6488/6488/6488 6521/6521/6521 6486/6486/6486 
f 6522/6522/6522 6523/6523/6523 6524/6524/6524 
f 6522/6522/6522 6524/6524/6524 6525/6525/6525 
f 6286/6286/6286 6410/6410/6410 6526/6526/6526 
f 6286/6286/6286 6526/6526/6526 6287/6287/6287 
f 6287/6287/6287 6526/6526/6526 6527/6527/6527 
f 6287/6287/6287 6527/6527/6527 6289/6289/6289 
f 6289/6289/6289 6527/6527/6527 6528/6528/6528 
f 6289/6289/6289 6528/6528/6528 6291/6291/6291 
f 6291/6291/6291 6528/6528/6528 6529/6529/6529 
f 6291/6291/6291 6529/6529/6529 6293/6293/6293 
f 6306/6306/6306 6530/6530/6530 6531/6531/6531 
f 6306/6306/6306 6531/6531/6531 6307/6307/6307 
f 6368/6368/6368 6532/6532/6532 6533/6533/6533 
f 6368/6368/6368 6533/6533/6533 6369/6369/6369 
f 6286/6286/6286 6285/6285/6285 6534/6534/6534 
f 6286/6286/6286 6534/6534/6534 6411/6411/6411 
f 6495/6495/6495 6535/6535/6535 6493/6493/6493 
f 6536/6536/6536 6537/6537/6537 6538/6538/6538 

g Alreadypro12

v -29.1491 2.04091 -31.6661 
v -29.1491 2.2372 -31.6661 
v -30.0139 2.2372 -31.6661 
v -30.0139 2.04091 -31.6661 
v -29.1494 2.2372 -32.6661 
v -29.1494 2.04091 -32.6661 
v -30.0139 2.04091 -32.6661 
v -30.0139 2.2372 -32.6661 
v -30.0139 2.27822 -32.6008 
v -29.858 2.3 -32.4452 
v -29.3016 2.3 -32.4452 
v -29.1494 2.27822 -32.6008 
v -29.5799 2 -32.1661 
v -30.0138 2.00007 -32.6008 
v -29.1491 2 -32.6008 
v -30.0139 2.00007 -31.7291 
v -29.5799 2 -32.1661 
v -29.1491 2 -31.7291 
v -30.0138 2.00007 -32.6008 
v -29.5799 2 -32.1661 
v -30.0139 2.00007 -31.7291 
v -29.1491 2 -32.6008 
v -29.1491 2 -31.7291 
v -29.5799 2 -32.1661 
v -30.0139 2.04091 -31.6661 
v -30.0139 2.00007 -31.7291 
v -29.1491 2 -31.7291 
v -29.1491 2.04091 -31.6661 
v -29.1494 2.04091 -32.6661 
v -29.1491 2 -32.6008 
v -30.0138 2.00007 -32.6008 
v -30.0139 2.04091 -32.6661 
v -30.0138 2.27822 -31.7291 
v -29.858 2.3 -31.8876 
v -30.0835 2.2372 -31.7291 
v -30.0138 2.27822 -31.7291 
v -30.0139 2.27822 -32.6008 
v -30.0835 2.2372 -32.6008 
v -30.0835 2.04091 -32.6008 
v -30.0138 2.00007 -32.6008 
v -30.0139 2.00007 -31.7291 
v -30.0835 2.04091 -31.7291 
v -30.0835 2.2372 -31.7291 
v -30.0835 2.2372 -32.6008 
v -30.0835 2.04091 -32.6008 
v -30.0835 2.04091 -31.7291 
v -30.0139 2.00007 -31.7291 
v -30.0139 2.04091 -31.6661 
v -30.0487 2.04091 -31.6976 
v -30.0487 2.04091 -31.6976 
v -30.0139 2.04091 -31.6661 
v -30.0139 2.2372 -31.6661 
v -30.0487 2.2372 -31.6976 
v -30.0139 2.2372 -31.6661 
v -30.0138 2.27822 -31.7291 
v -30.0487 2.2372 -31.6976 
v -29.1491 2.2372 -31.6661 
v -29.1491 2.27822 -31.7291 
v -30.0138 2.27822 -31.7291 
v -30.0139 2.2372 -31.6661 
v -29.1491 2.27822 -31.7291 
v -29.3016 2.3 -31.8876 
v -29.1491 2.27822 -31.7291 
v -29.1491 2.2372 -31.6661 
v -29.1163 2.2372 -31.6976 
v -29.1491 2.04091 -31.6661 
v -29.1163 2.04091 -31.6976 
v -29.1163 2.2372 -31.6976 
v -29.1491 2.2372 -31.6661 
v -30.0835 2.2372 -32.6008 
v -30.0139 2.27822 -32.6008 
v -30.0139 2.2372 -32.6661 
v -30.0139 2.04091 -32.6661 
v -30.0835 2.04091 -32.6008 
v -30.0835 2.2372 -32.6008 
v -30.0139 2.2372 -32.6661 
v -30.0139 2.04091 -32.6661 
v -30.0138 2.00007 -32.6008 
v -30.0835 2.04091 -32.6008 
v -30.0139 2.2372 -32.6661 
v -30.0139 2.27822 -32.6008 
v -29.1494 2.27822 -32.6008 
v -29.1494 2.2372 -32.6661 
v -29.1494 2.2372 -32.6661 
v -29.1494 2.27822 -32.6008 
v -29.0835 2.2372 -32.6008 
v -29.1494 2.2372 -32.6661 
v -29.0835 2.2372 -32.6008 
v -29.0835 2.04091 -32.6008 
v -29.1494 2.04091 -32.6661 
v -29.0835 2.04091 -32.6008 
v -29.1491 2 -32.6008 
v -29.1494 2.04091 -32.6661 
v -29.0835 2.04091 -31.7291 
v -29.1491 2 -31.7291 
v -29.1491 2 -32.6008 
v -29.0835 2.04091 -32.6008 
v -29.0835 2.2372 -32.6008 
v -29.0835 2.2372 -31.7291 
v -29.0835 2.04091 -31.7291 
v -29.0835 2.04091 -32.6008 
v -29.1494 2.27822 -32.6008 
v -29.1491 2.27822 -31.7291 
v -29.0835 2.2372 -31.7291 
v -29.0835 2.2372 -32.6008 
v -29.1491 2 -31.7291 
v -29.0835 2.04091 -31.7291 
v -29.1163 2.04091 -31.6976 
v -29.5798 2.29976 -32.167 
v -29.1163 2.04091 -31.6976 
v -29.0835 2.04091 -31.7291 
v -29.0835 2.2372 -31.7291 
v -29.1163 2.2372 -31.6976 
v -29.1163 2.04091 -31.6976 
v -29.1491 2.04091 -31.6661 
v -29.1491 2 -31.7291 
v -29.1163 2.2372 -31.6976 
v -29.0835 2.2372 -31.7291 
v -29.1491 2.27822 -31.7291 
v -30.0138 2.27822 -31.7291 
v -30.0835 2.2372 -31.7291 
v -30.0487 2.2372 -31.6976 
v -30.0487 2.2372 -31.6976 
v -30.0835 2.2372 -31.7291 
v -30.0835 2.04091 -31.7291 
v -30.0487 2.04091 -31.6976 
v -30.0487 2.04091 -31.6976 
v -30.0835 2.04091 -31.7291 
v -30.0139 2.00007 -31.7291 

vn 0 0.0866142 1 
vn 0 0.0866142 1 
vn 0 0.0866142 1 
vn 0 0.0866142 1 
vn 0 0.0866142 -1 
vn 0 0.0866142 -1 
vn 0 0.0866142 -1 
vn 0 0.0866142 -1 
vn 0 0.984252 -0.173228 
vn 0 0.984252 -0.165354 
vn 0 0.984252 -0.165354 
vn 0 0.984252 -0.173228 
vn 0 -1 0 
vn 0 -1 -0.015748 
vn 0 -1 -0.015748 
vn 0 -1 0.015748 
vn 0 -1 0 
vn 0 -1 0.015748 
vn 0 -1 -0.015748 
vn 0 -1 0 
vn 0 -1 0.015748 
vn 0 -1 -0.015748 
vn 0 -1 0.015748 
vn 0 -1 0 
vn 0 -0.80315 0.598425 
vn 0 -0.80315 0.590551 
vn 0 -0.80315 0.590551 
vn 0 -0.80315 0.598425 
vn 0 -0.811024 -0.582677 
vn 0 -0.811024 -0.582677 
vn 0 -0.811024 -0.582677 
vn 0 -0.811024 -0.582677 
vn -0.173228 0.984252 0 
vn -0.15748 0.984252 0.00787402 
vn -0.472441 0.88189 0.00787402 
vn -0.511811 0.858268 0 
vn -0.511811 0.858268 0 
vn -0.472441 0.88189 -0.00787402 
vn -0.543307 -0.834646 -0.015748 
vn -0.543307 -0.834646 -0.015748 
vn -0.543307 -0.834646 0.015748 
vn -0.543307 -0.834646 0.015748 
vn -1 0.0866142 0.015748 
vn -1 0.0866142 -0.015748 
vn -1 0.0866142 -0.015748 
vn -1 0.0866142 0.015748 
vn -0.464567 -0.708661 0.527559 
vn -0.464567 -0.708661 0.535433 
vn -0.440945 -0.755906 0.488189 
vn -0.669291 0 0.740157 
vn -0.661417 0.0866142 0.748031 
vn -0.661417 0.0866142 0.748031 
vn -0.669291 0 0.740157 
vn -0.409449 0.779528 0.472441 
vn -0.440945 0.748031 0.488189 
vn -0.440945 0.748031 0.488189 
vn 0 0.850394 0.519685 
vn 0 0.834646 0.543307 
vn 0 0.834646 0.543307 
vn 0 0.850394 0.519685 
vn 0 0.984252 0.165354 
vn 0 0.984252 0.15748 
vn 0.464567 0.740157 0.480315 
vn 0.433071 0.771654 0.464567 
vn 0.464567 0.740157 0.480315 
vn 0.685039 0.0866142 0.724409 
vn 0.692913 0 0.724409 
vn 0.692913 0 0.724409 
vn 0.685039 0.0866142 0.724409 
vn -0.417323 0.787402 -0.456693 
vn -0.448819 0.755906 -0.472441 
vn -0.417323 0.787402 -0.456693 
vn -0.677165 0.0866142 -0.732283 
vn -0.677165 0.0866142 -0.732283 
vn -0.677165 0.0866142 -0.732283 
vn -0.677165 0.0866142 -0.732283 
vn -0.472441 -0.716535 -0.519685 
vn -0.472441 -0.716535 -0.519685 
vn -0.472441 -0.716535 -0.519685 
vn 0 0.866142 -0.503937 
vn 0 0.850394 -0.535433 
vn 0 0.850394 -0.535433 
vn 0 0.866142 -0.503937 
vn 0.433071 0.779528 -0.456693 
vn 0.464567 0.748031 -0.472441 
vn 0.433071 0.779528 -0.448819 
vn 0.692913 0.0866142 -0.716535 
vn 0.692913 0.0866142 -0.716535 
vn 0.692913 0.0866142 -0.716535 
vn 0.692913 0.0866142 -0.716535 
vn 0.496063 -0.700787 -0.511811 
vn 0.496063 -0.700787 -0.511811 
vn 0.496063 -0.700787 -0.511811 
vn 0.566929 -0.818898 0.015748 
vn 0.566929 -0.818898 0.015748 
vn 0.566929 -0.818898 -0.015748 
vn 0.566929 -0.818898 -0.015748 
vn 1 0.0866142 -0.015748 
vn 1 0.0866142 0.015748 
vn 1 0.0866142 0.015748 
vn 1 0.0866142 -0.015748 
vn 0.527559 0.850394 0 
vn 0.527559 0.850394 0 
vn 0.496063 0.866142 0.00787402 
vn 0.496063 0.866142 -0.00787402 
vn 0.488189 -0.692913 0.527559 
vn 0.488189 -0.692913 0.527559 
vn 0.464567 -0.740157 0.480315 
vn 0 1 0 
vn 0.692913 0 0.724409 
vn 0.685039 0.0866142 0.724409 
vn 0.685039 0.0866142 0.724409 
vn 0.692913 0 0.724409 
vn 0.464567 -0.740157 0.480315 
vn 0.488189 -0.692913 0.527559 
vn 0.488189 -0.692913 0.527559 
vn 0.464567 0.740157 0.480315 
vn 0.433071 0.771654 0.464567 
vn 0.464567 0.740157 0.480315 
vn -0.440945 0.748031 0.488189 
vn -0.409449 0.779528 0.472441 
vn -0.440945 0.748031 0.488189 
vn -0.669291 0 0.740157 
vn -0.661417 0.0866142 0.748031 
vn -0.661417 0.0866142 0.748031 
vn -0.669291 0 0.740157 
vn -0.440945 -0.755906 0.488189 
vn -0.464567 -0.708661 0.527559 
vn -0.464567 -0.708661 0.527559 

vt 0.781785 0.556177 
vt 0.781785 0.577771 
vt 0.716058 0.577771 
vt 0.716058 0.556177 
vt 0.78596 0.612907 
vt 0.78596 0.59099 
vt 0.851497 0.59099 
vt 0.851497 0.612907 
vt 0.923454 0.524936 
vt 0.917631 0.534715 
vt 0.894549 0.534715 
vt 0.888801 0.524936 
vt 0.962583 0.560034 
vt 0.997712 0.616046 
vt 0.928027 0.616047 
vt 0.997712 0.503702 
vt 0.962583 0.560034 
vt 0.928025 0.503704 
vt 0.997712 0.616046 
vt 0.962583 0.560034 
vt 0.997712 0.503702 
vt 0.928027 0.616047 
vt 0.928025 0.503704 
vt 0.962583 0.560034 
vt 0.716058 0.556177 
vt 0.714096 0.553097 
vt 0.783736 0.553097 
vt 0.781785 0.556177 
vt 0.78596 0.59099 
vt 0.783788 0.588381 
vt 0.853709 0.588381 
vt 0.851497 0.59099 
vt 0.923452 0.580685 
vt 0.917631 0.570717 
vt 0.921521 0.613007 
vt 0.923514 0.616258 
vt 0.853709 0.616156 
vt 0.855846 0.612907 
vt 0.855846 0.59099 
vt 0.853709 0.588381 
vt 0.923514 0.588407 
vt 0.921521 0.591251 
vt 0.921521 0.613007 
vt 0.855846 0.612907 
vt 0.855846 0.59099 
vt 0.921521 0.591251 
vt 0.714096 0.553097 
vt 0.716058 0.556177 
vt 0.714096 0.556177 
vt 0.714096 0.556177 
vt 0.716058 0.556177 
vt 0.716058 0.577771 
vt 0.714096 0.577771 
vt 0.716058 0.577771 
vt 0.714096 0.580972 
vt 0.714096 0.577771 
vt 0.781785 0.577771 
vt 0.783736 0.580972 
vt 0.714096 0.580972 
vt 0.716058 0.577771 
vt 0.888791 0.580685 
vt 0.894549 0.570717 
vt 0.783736 0.580972 
vt 0.781785 0.577771 
vt 0.783736 0.577771 
vt 0.781785 0.556177 
vt 0.783736 0.556177 
vt 0.783736 0.577771 
vt 0.781785 0.577771 
vt 0.855846 0.612907 
vt 0.853709 0.616156 
vt 0.851497 0.612907 
vt 0.851497 0.59099 
vt 0.855846 0.59099 
vt 0.855846 0.612907 
vt 0.851497 0.612907 
vt 0.851497 0.59099 
vt 0.853709 0.588381 
vt 0.855846 0.59099 
vt 0.851497 0.612907 
vt 0.853709 0.616156 
vt 0.783788 0.616156 
vt 0.78596 0.612907 
vt 0.78596 0.612907 
vt 0.783788 0.616156 
vt 0.781737 0.612907 
vt 0.78596 0.612907 
vt 0.781737 0.612907 
vt 0.781737 0.59099 
vt 0.78596 0.59099 
vt 0.781737 0.59099 
vt 0.783788 0.588381 
vt 0.78596 0.59099 
vt 0.716063 0.590976 
vt 0.714063 0.588381 
vt 0.783788 0.588381 
vt 0.781737 0.59099 
vt 0.781737 0.612907 
vt 0.716063 0.613007 
vt 0.716063 0.590976 
vt 0.781737 0.59099 
vt 0.783788 0.616156 
vt 0.714063 0.616258 
vt 0.716063 0.613007 
vt 0.781737 0.612907 
vt 0.714063 0.588433 
vt 0.716063 0.590976 
vt 0.714063 0.590976 
vt 0.905748 0.552601 
vt 0.714063 0.590976 
vt 0.716063 0.590976 
vt 0.716063 0.613007 
vt 0.714063 0.613007 
vt 0.783736 0.556177 
vt 0.781785 0.556177 
vt 0.783736 0.553097 
vt 0.714063 0.613007 
vt 0.716063 0.613007 
vt 0.714063 0.616258 
vt 0.923514 0.616258 
vt 0.921521 0.613007 
vt 0.923514 0.613058 
vt 0.923514 0.613058 
vt 0.921521 0.613007 
vt 0.921521 0.591251 
vt 0.923514 0.591382 
vt 0.923514 0.591382 
vt 0.921521 0.591251 
vt 0.923514 0.588407 

usemtl Alreadypro1Mtl

f 6539/6539/6539 6540/6540/6540 6541/6541/6541 
f 6539/6539/6539 6541/6541/6541 6542/6542/6542 
f 6543/6543/6543 6544/6544/6544 6545/6545/6545 
f 6543/6543/6543 6545/6545/6545 6546/6546/6546 
f 6547/6547/6547 6548/6548/6548 6549/6549/6549 
f 6547/6547/6547 6549/6549/6549 6550/6550/6550 
f 6551/6551/6551 6552/6552/6552 6553/6553/6553 
f 6554/6554/6554 6555/6555/6555 6556/6556/6556 
f 6557/6557/6557 6558/6558/6558 6559/6559/6559 
f 6560/6560/6560 6561/6561/6561 6562/6562/6562 
f 6563/6563/6563 6564/6564/6564 6565/6565/6565 
f 6563/6563/6563 6565/6565/6565 6566/6566/6566 
f 6567/6567/6567 6568/6568/6568 6569/6569/6569 
f 6567/6567/6567 6569/6569/6569 6570/6570/6570 
f 6548/6548/6548 6547/6547/6547 6571/6571/6571 
f 6548/6548/6548 6571/6571/6571 6572/6572/6572 
f 6573/6573/6573 6574/6574/6574 6575/6575/6575 
f 6573/6573/6573 6575/6575/6575 6576/6576/6576 
f 6577/6577/6577 6578/6578/6578 6579/6579/6579 
f 6577/6577/6577 6579/6579/6579 6580/6580/6580 
f 6581/6581/6581 6582/6582/6582 6583/6583/6583 
f 6581/6581/6581 6583/6583/6583 6584/6584/6584 
f 6585/6585/6585 6586/6586/6586 6587/6587/6587 
f 6588/6588/6588 6589/6589/6589 6590/6590/6590 
f 6588/6588/6588 6590/6590/6590 6591/6591/6591 
f 6592/6592/6592 6593/6593/6593 6594/6594/6594 
f 6595/6595/6595 6596/6596/6596 6597/6597/6597 
f 6595/6595/6595 6597/6597/6597 6598/6598/6598 
f 6572/6572/6572 6571/6571/6571 6599/6599/6599 
f 6572/6572/6572 6599/6599/6599 6600/6600/6600 
f 6601/6601/6601 6602/6602/6602 6603/6603/6603 
f 6604/6604/6604 6605/6605/6605 6606/6606/6606 
f 6604/6604/6604 6606/6606/6606 6607/6607/6607 
f 6608/6608/6608 6609/6609/6609 6610/6610/6610 
f 6611/6611/6611 6612/6612/6612 6613/6613/6613 
f 6611/6611/6611 6613/6613/6613 6614/6614/6614 
f 6615/6615/6615 6616/6616/6616 6617/6617/6617 
f 6618/6618/6618 6619/6619/6619 6620/6620/6620 
f 6618/6618/6618 6620/6620/6620 6621/6621/6621 
f 6622/6622/6622 6623/6623/6623 6624/6624/6624 
f 6625/6625/6625 6626/6626/6626 6627/6627/6627 
f 6625/6625/6625 6627/6627/6627 6628/6628/6628 
f 6629/6629/6629 6630/6630/6630 6631/6631/6631 
f 6632/6632/6632 6633/6633/6633 6634/6634/6634 
f 6632/6632/6632 6634/6634/6634 6635/6635/6635 
f 6636/6636/6636 6637/6637/6637 6638/6638/6638 
f 6636/6636/6636 6638/6638/6638 6639/6639/6639 
f 6640/6640/6640 6641/6641/6641 6642/6642/6642 
f 6640/6640/6640 6642/6642/6642 6643/6643/6643 
f 6550/6550/6550 6549/6549/6549 6600/6600/6600 
f 6550/6550/6550 6600/6600/6600 6599/6599/6599 
f 6644/6644/6644 6645/6645/6645 6646/6646/6646 
f 6572/6572/6572 6647/6647/6647 6548/6548/6548 
f 6647/6647/6647 6600/6600/6600 6549/6549/6549 
f 6647/6647/6647 6549/6549/6549 6548/6548/6548 
f 6572/6572/6572 6600/6600/6600 6647/6647/6647 
f 6648/6648/6648 6649/6649/6649 6650/6650/6650 
f 6648/6648/6648 6650/6650/6650 6651/6651/6651 
f 6652/6652/6652 6653/6653/6653 6654/6654/6654 
f 6655/6655/6655 6656/6656/6656 6657/6657/6657 
f 6658/6658/6658 6659/6659/6659 6660/6660/6660 
f 6661/6661/6661 6662/6662/6662 6663/6663/6663 
f 6661/6661/6661 6663/6663/6663 6664/6664/6664 
f 6665/6665/6665 6666/6666/6666 6667/6667/6667 

g Alreadypro13

v -33.0081 2.89594 -31.6887 
v -33.0418 2.90687 -31.7208 
v -33.0365 2.78656 -31.787 
v -33.0048 2.76516 -31.7596 
v -33.0755 2.91785 -31.7529 
v -33.0501 3.03451 -31.6995 
v -33.0835 3.03451 -31.7329 
v -33.0335 2.70244 -31.89 
v -33.0015 2.67359 -31.8701 
v -33.0379 2.64227 -32.0197 
v -33.0095 2.6093 -32.0093 
v -32.1543 2.89594 -31.6887 
v -32.1233 2.90687 -31.7208 
v -32.1169 3.03451 -31.6995 
v -32.1503 3.03452 -31.6661 
v -32.0924 2.91785 -31.7529 
v -32.1287 2.78653 -31.787 
v -32.1003 2.80722 -31.8143 
v -32.1317 2.68244 -31.89 
v -32.1032 2.71087 -31.9098 
v -32.1252 2.64225 -32.0197 
v -32.1024 2.67516 -32.0302 
v -33.0835 3.03451 -31.7329 
v -33.0501 3.03451 -31.6995 
v -33.0501 3.92924 -31.6995 
v -33.0835 3.9292 -31.7329 
v -32.0835 3.9292 -31.7329 
v -32.1169 3.92924 -31.6995 
v -32.1169 3.03451 -31.6995 
v -32.0835 3.03451 -31.7329 
v -33.0081 2.89594 -31.6887 
v -33.0048 2.76516 -31.7596 
v -32.1576 2.76517 -31.7596 
v -32.1543 2.89594 -31.6887 
v -33.0015 2.67359 -31.8701 
v -32.161 2.67359 -31.8701 
v -33.0095 2.6093 -32.0093 
v -32.153 2.60927 -32.0093 
v -33.0167 3.92929 -31.6661 
v -33.0167 3.03452 -31.6661 
v -32.1503 3.03452 -31.6661 
v -32.1503 3.92929 -31.6661 
v -33.0167 3.03452 -31.6661 
v -32.1503 3.03452 -31.6661 
v -33.0377 3.99999 -31.7723 
v -33.0073 4 -31.742 
v -32.977 4 -31.7702 
v -33.0835 3.9292 -32.5993 
v -33.0835 3.92946 -32.1636 
v -33.0377 4 -32.1636 
v -33.0377 3.99999 -32.5599 
v -33.0835 3.92946 -32.1636 
v -33.0835 3.9292 -31.7329 
v -33.0377 3.99999 -31.7723 
v -33.0377 4 -32.1636 
v -33.0835 3.9292 -31.7329 
v -33.0501 3.92924 -31.6995 
v -33.0073 4 -31.742 
v -33.0377 3.99999 -31.7723 
v -33.0167 3.92929 -31.6661 
v -32.1503 3.92929 -31.6661 
v -32.1899 4 -31.7117 
v -32.977 4 -31.7117 
v -32.1503 3.92929 -31.6661 
v -32.1169 3.92924 -31.6995 
v -32.1596 4 -31.742 
v -32.1899 4 -31.7117 
v -32.0835 3.9292 -31.7329 
v -32.0835 3.92946 -32.1636 
v -32.1293 4 -32.1636 
v -32.1293 3.99999 -31.7723 
v -32.0835 3.92946 -32.1636 
v -32.0835 3.9292 -32.5993 
v -32.1293 3.99999 -32.5599 
v -32.1293 4 -32.1636 
v -32.0835 3.9292 -32.5993 
v -32.1503 3.92929 -32.6661 
v -32.1899 4 -32.6205 
v -32.1293 3.99999 -32.5599 
v -32.1503 3.92929 -32.6661 
v -33.0167 3.92929 -32.6661 
v -32.977 4 -32.6205 
v -32.1899 4 -32.6205 
v -33.0167 3.92929 -32.6661 
v -33.0835 3.9292 -32.5993 
v -33.0377 3.99999 -32.5599 
v -32.977 4 -32.6205 
v -33.0026 2.6 -32.129 
v -32.9918 2.62933 -32.1636 
v -32.1758 2.62933 -32.1636 
v -32.1652 2.6 -32.129 
v -32.9918 2.62933 -32.1636 
v -33.0026 2.6 -32.129 
v -33.0312 2.63348 -32.1296 
v -33.038 2.6752 -32.1636 
v -33.0596 2.66682 -32.1302 
v -33.0835 3.03459 -32.131 
v -33.051 3.00279 -32.1636 
v -33.0835 3.03454 -32.5993 
v -33.0479 3.0017 -32.5993 
v -33.051 3.00279 -32.1636 
v -33.0835 3.03459 -32.131 
v -33.0479 3.0017 -32.5993 
v -33.0835 3.03454 -32.5993 
v -33.0167 3.03454 -32.6661 
v -33.0027 3.0017 -32.6325 
v -33.0027 3.0017 -32.6325 
v -33.0167 3.03454 -32.6661 
v -32.1503 3.03454 -32.6661 
v -32.1643 3.0017 -32.6325 
v -32.1758 2.62933 -32.1636 
v -32.1355 2.6752 -32.1636 
v -32.1083 2.66682 -32.1302 
v -32.1357 2.63348 -32.1296 
v -32.1083 2.66682 -32.1302 
v -32.1355 2.6752 -32.1636 
v -32.116 3.00274 -32.1636 
v -32.0835 3.03459 -32.131 
v -32.1643 3.0017 -32.6325 
v -32.1503 3.03454 -32.6661 
v -32.0835 3.03454 -32.5993 
v -32.1191 3.0017 -32.5993 
v -32.1191 3.0017 -32.5993 
v -32.0835 3.03454 -32.5993 
v -32.0835 3.03459 -32.131 
v -32.116 3.00274 -32.1636 
v -33.0312 2.63348 -32.1296 
v -33.0026 2.6 -32.129 
v -32.1357 2.63348 -32.1296 
v -32.1083 2.66682 -32.1302 
v -33.0835 3.9292 -32.5993 
v -33.0167 3.92929 -32.6661 
v -33.0167 3.03454 -32.6661 
v -33.0835 3.03454 -32.5993 
v -32.0835 3.03454 -32.5993 
v -32.1503 3.03454 -32.6661 
v -32.1503 3.92929 -32.6661 
v -32.0835 3.9292 -32.5993 
v -33.0026 2.6 -32.129 
v -32.1652 2.6 -32.129 
v -33.0835 3.9292 -32.5993 
v -33.0835 3.03454 -32.5993 
v -33.0835 3.03459 -32.131 
v -33.0835 3.92946 -32.1636 
v -33.0167 3.03454 -32.6661 
v -33.0167 3.92929 -32.6661 
v -32.1503 3.92929 -32.6661 
v -32.1503 3.03454 -32.6661 
v -32.0835 3.03454 -32.5993 
v -32.0835 3.9292 -32.5993 
v -32.0835 3.92946 -32.1636 
v -32.0835 3.03459 -32.131 
v -33.0835 3.03451 -31.7329 
v -33.0835 3.9292 -31.7329 
v -33.0835 3.92946 -32.1636 
v -33.0835 3.03459 -32.131 
v -32.0835 3.9292 -31.7329 
v -32.0835 3.03451 -31.7329 
v -32.0835 3.92946 -32.1636 
v -33.0755 2.91785 -31.7529 
v -33.0835 3.03451 -31.7329 
v -33.0676 2.80722 -31.8143 
v -33.0647 2.73087 -31.9098 
v -33.0656 2.67516 -32.0302 
v -33.0596 2.66682 -32.1302 
v -32.0835 3.03451 -31.7329 
v -32.0924 2.91785 -31.7529 
v -32.1003 2.80722 -31.8143 
v -32.1032 2.71087 -31.9098 
v -32.1024 2.67516 -32.0302 
v -32.1083 2.66682 -32.1302 
v -33.038 2.6752 -32.1636 
v -32.1355 2.6752 -32.1636 
v -33.0479 3.0017 -32.5993 
v -33.0027 3.0017 -32.6325 
v -32.1643 3.0017 -32.6325 
v -32.1191 3.0017 -32.5993 
v -32.116 3.00274 -32.1636 
v -32.1355 2.6752 -32.1636 
v -33.038 2.6752 -32.1636 
v -33.0479 3.0017 -32.5993 
v -32.116 3.00274 -32.1636 
v -33.051 3.00279 -32.1636 
v -32.1899 4 -31.7117 
v -32.1896 3.99999 -31.7722 
v -32.977 4 -31.7702 
v -32.977 4 -31.7117 
v -32.977 4 -32.6205 
v -32.977 4 -32.5619 
v -32.1896 3.99999 -32.56 
v -32.1899 4 -32.6205 
v -33.0377 3.99999 -32.5599 
v -32.977 4 -32.5619 
v -32.977 4 -32.6205 
v -33.0377 3.99999 -32.5599 
v -33.0377 4 -32.1636 
v -32.977 4 -32.5619 
v -32.1896 3.99999 -31.7722 
v -32.1896 3.99999 -32.56 
v -32.977 4 -32.5619 
v -32.977 4 -31.7702 
v -32.1896 3.99999 -31.7722 
v -32.1899 4 -31.7117 
v -32.1596 4 -31.742 
v -32.1293 3.99999 -32.5599 
v -32.1896 3.99999 -32.56 
v -32.1293 4 -32.1636 
v -32.1899 4 -32.6205 
v -32.1896 3.99999 -32.56 
v -32.1293 3.99999 -32.5599 
v -32.977 4 -31.7702 
v -33.0377 4 -32.1636 
v -33.0377 3.99999 -31.7723 
v -32.977 4 -32.5619 
v -33.0377 4 -32.1636 
v -32.977 4 -31.7702 
v -32.1293 4 -32.1636 
v -32.1896 3.99999 -31.7722 
v -32.1293 3.99999 -31.7723 
v -32.1293 4 -32.1636 
v -32.1896 3.99999 -32.56 
v -32.1896 3.99999 -31.7722 
v -32.1191 3.0017 -32.5993 
v -32.116 3.00274 -32.1636 
v -33.0479 3.0017 -32.5993 
v -33.051 3.00279 -32.1636 
v -32.0835 3.03451 -31.7329 
v -32.1576 2.76517 -31.7596 
v -32.161 2.67359 -31.8701 
v -32.153 2.60927 -32.0093 
v -32.1169 3.92924 -31.6995 
v -32.1503 3.92929 -31.6661 
v -32.1503 3.03452 -31.6661 
v -32.1169 3.03451 -31.6995 
v -32.1169 3.92924 -31.6995 
v -32.0835 3.9292 -31.7329 
v -32.1293 3.99999 -31.7723 
v -32.1596 4 -31.742 
v -32.1652 2.6 -32.129 
v -32.1652 2.6 -32.129 
v -32.1293 3.99999 -31.7723 
v -33.0676 2.80722 -31.8143 
v -33.0167 3.03452 -31.6661 
v -33.0647 2.73087 -31.9098 
v -33.0656 2.67516 -32.0302 
v -33.0167 3.92929 -31.6661 
v -33.0167 3.92929 -31.6661 
v -32.977 4 -31.7117 
v -33.0596 2.66682 -32.1302 
v -33.0596 2.66682 -32.1302 
v -33.038 2.6752 -32.1636 
v -32.977 4 -31.7117 

vn -0.716535 -0.307087 0.622047 
vn -0.716535 -0.307087 0.622047 
vn -0.716535 -0.307087 0.622047 
vn -0.716535 -0.307087 0.622047 
vn -0.700787 -0.133858 0.700787 
vn -0.700787 -0.133858 0.700787 
vn -0.700787 -0.133858 0.700787 
vn -0.732283 -0.606299 0.307087 
vn -0.732283 -0.606299 0.307087 
vn -0.76378 -0.637795 0.0866142 
vn -0.76378 -0.637795 0.0866142 
vn 0.716535 -0.11811 0.685039 
vn 0.716535 -0.11811 0.685039 
vn 0.716535 -0.11811 0.685039 
vn 0.716535 -0.11811 0.685039 
vn 0.748031 -0.307087 0.590551 
vn 0.748031 -0.307087 0.590551 
vn 0.748031 -0.307087 0.590551 
vn 0.755906 -0.598425 0.259843 
vn 0.755906 -0.598425 0.259843 
vn 0.80315 -0.598425 0.023622 
vn 0.80315 -0.598425 0.023622 
vn -0.700787 -0.133858 0.700787 
vn -0.700787 -0.133858 0.700787 
vn -0.708661 0 0.708661 
vn -0.708661 0 0.708661 
vn 0.708661 0 0.708661 
vn 0.708661 0 0.708661 
vn 0.716535 -0.11811 0.685039 
vn 0.708661 0 0.708661 
vn 0 -0.417323 0.905512 
vn 0 -0.417323 0.905512 
vn 0 -0.417323 0.905512 
vn 0 -0.417323 0.905512 
vn 0 -0.771654 0.637795 
vn 0 -0.771654 0.637795 
vn 0 -0.952756 0.307087 
vn 0 -0.952756 0.307087 
vn 0 0 1 
vn 0 0 1 
vn 0 0 1 
vn 0 0 1 
vn 0 0 1 
vn 0 0 1 
vn 0 1 0 
vn 0 1 0 
vn 0 1 0 
vn -0.84252 0.543307 0 
vn -0.84252 0.543307 0 
vn -0.84252 0.543307 0 
vn -0.84252 0.543307 0 
vn -0.84252 0.543307 0 
vn -0.84252 0.543307 0 
vn -0.84252 0.543307 0 
vn -0.84252 0.543307 0 
vn -0.535433 0.645669 0.535433 
vn -0.535433 0.645669 0.535433 
vn -0.535433 0.645669 0.535433 
vn -0.535433 0.645669 0.535433 
vn 0 0.543307 0.84252 
vn 0 0.543307 0.84252 
vn 0 0.543307 0.84252 
vn 0 0.543307 0.84252 
vn 0.535433 0.645669 0.535433 
vn 0.535433 0.645669 0.535433 
vn 0.535433 0.645669 0.535433 
vn 0.535433 0.645669 0.535433 
vn 0.84252 0.543307 0 
vn 0.84252 0.543307 0 
vn 0.84252 0.543307 0 
vn 0.84252 0.543307 0 
vn 0.84252 0.543307 0 
vn 0.84252 0.543307 0 
vn 0.84252 0.543307 0 
vn 0.84252 0.543307 0 
vn 0.535433 0.645669 -0.535433 
vn 0.535433 0.645669 -0.535433 
vn 0.535433 0.645669 -0.535433 
vn 0.535433 0.645669 -0.535433 
vn 0 0.543307 -0.84252 
vn 0 0.543307 -0.84252 
vn 0 0.543307 -0.84252 
vn 0 0.543307 -0.84252 
vn -0.535433 0.645669 -0.535433 
vn -0.535433 0.645669 -0.535433 
vn -0.535433 0.645669 -0.535433 
vn -0.535433 0.645669 -0.535433 
vn 0 -0.76378 -0.645669 
vn 0 -0.76378 -0.645669 
vn 0 -0.76378 -0.645669 
vn 0 -0.76378 -0.645669 
vn -0.637795 -0.496063 -0.590551 
vn -0.637795 -0.496063 -0.590551 
vn -0.637795 -0.496063 -0.590551 
vn -0.80315 -0.15748 -0.574803 
vn -0.80315 -0.15748 -0.574803 
vn -0.80315 -0.15748 -0.574803 
vn -0.80315 -0.15748 -0.574803 
vn -0.692913 -0.724409 0 
vn -0.692913 -0.724409 0 
vn -0.692913 -0.724409 0 
vn -0.692913 -0.724409 0 
vn -0.496063 -0.661417 -0.559055 
vn -0.496063 -0.661417 -0.559055 
vn -0.496063 -0.661417 -0.559055 
vn -0.496063 -0.661417 -0.559055 
vn 0 -0.716535 -0.700787 
vn 0 -0.716535 -0.700787 
vn 0 -0.716535 -0.700787 
vn 0 -0.716535 -0.700787 
vn 0.637795 -0.488189 -0.598425 
vn 0.637795 -0.488189 -0.598425 
vn 0.637795 -0.488189 -0.598425 
vn 0.637795 -0.488189 -0.598425 
vn 0.779528 -0.15748 -0.614173 
vn 0.779528 -0.15748 -0.614173 
vn 0.779528 -0.15748 -0.614173 
vn 0.779528 -0.15748 -0.614173 
vn 0.496063 -0.661417 -0.559055 
vn 0.496063 -0.661417 -0.559055 
vn 0.496063 -0.661417 -0.559055 
vn 0.496063 -0.661417 -0.559055 
vn 0.692913 -0.724409 0 
vn 0.692913 -0.724409 0 
vn 0.692913 -0.724409 0 
vn 0.692913 -0.724409 0 
vn -0.795276 -0.606299 0.00787402 
vn -0.795276 -0.606299 0.00787402 
vn 0.826772 -0.559055 -0.015748 
vn 0.826772 -0.559055 -0.015748 
vn -0.708661 0 -0.708661 
vn -0.708661 0 -0.708661 
vn -0.708661 0 -0.708661 
vn -0.708661 0 -0.708661 
vn 0.708661 0 -0.708661 
vn 0.708661 0 -0.708661 
vn 0.708661 0 -0.708661 
vn 0.708661 0 -0.708661 
vn 0 -0.76378 -0.645669 
vn 0 -0.76378 -0.645669 
vn -1 0 0 
vn -1 0 0 
vn -1 0 0 
vn -1 0 0 
vn 0 0 -1 
vn 0 0 -1 
vn 0 0 -1 
vn 0 0 -1 
vn 1 0 0 
vn 1 0 0 
vn 1 0 0 
vn 1 0 0 
vn -1 0 0 
vn -1 0 0 
vn -1 0 0 
vn -1 0 0 
vn 1 0 0 
vn 1 0 0 
vn 1 0 0 
vn -1 -0.0551181 0 
vn -1 0 0 
vn -1 -0.0551181 0 
vn -0.968504 -0.212598 -0.141732 
vn -0.96063 -0.220472 -0.15748 
vn -0.976378 -0.19685 -0.0393701 
vn 1 0 0 
vn 1 -0.0629921 0 
vn 1 -0.0629921 0 
vn 0.968504 -0.212598 -0.141732 
vn 0.96063 -0.220472 -0.149606 
vn 0.976378 -0.19685 -0.0393701 
vn 0 0 -1 
vn 0 0 -1 
vn 0 -1 0 
vn 0 -1 0 
vn 0 -1 0 
vn 0 -1 0 
vn 0 0 -1 
vn 0 0 -1 
vn 0 0 -1 
vn 0 -1 0 
vn 0 -1 0 
vn 0 -1 0 
vn 0 1 0 
vn 0 1 0 
vn 0 1 0 
vn 0 1 0 
vn 0 1 0 
vn 0 1 0 
vn 0 1 0 
vn 0 1 0 
vn 0 1 0 
vn 0 1 0 
vn 0 1 0 
vn 0 1 0 
vn 0 1 0 
vn 0 1 0 
vn 0 1 0 
vn 0 1 0 
vn 0 1 0 
vn 0 1 0 
vn 0 1 0 
vn 0 1 0 
vn 0 1 0 
vn 0 1 0 
vn 0 1 0 
vn 0 1 0 
vn 0 1 0 
vn 0 1 0 
vn 0 1 0 
vn 0 1 0 
vn 0 1 0 
vn 0 1 0 
vn 0 1 0 
vn 0 1 0 
vn 0 1 0 
vn 0 1 0 
vn 0 1 0 
vn 0 1 0 
vn 0 1 0 
vn 0 1 0 
vn 0 1 0 
vn 0 -1 0 
vn 0 -1 0 
vn 0 -1 0 
vn 0 0 -1 
vn 0.708661 0 0.708661 
vn 0.748031 -0.291339 0.590551 
vn 0.755906 -0.590551 0.283465 
vn 0.779528 -0.622047 0.0787402 
vn 0.708661 0 0.708661 
vn 0.708661 0 0.708661 
vn 0.716535 -0.11811 0.685039 
vn 0.716535 -0.11811 0.685039 
vn 0.535433 0.645669 0.535433 
vn 0.535433 0.645669 0.535433 
vn 0.535433 0.645669 0.535433 
vn 0.535433 0.645669 0.535433 
vn 0.795276 -0.606299 -0.023622 
vn 0.629921 -0.503937 -0.598425 
vn 0 1 0 
vn -0.716535 -0.314961 0.614173 
vn -0.700787 -0.133858 0.700787 
vn -0.732283 -0.622047 0.283465 
vn -0.76378 -0.645669 0.0472441 
vn -0.708661 0 0.708661 
vn -0.535433 0.645669 0.535433 
vn -0.535433 0.645669 0.535433 
vn -0.80315 -0.598425 0.00787402 
vn -0.637795 -0.535433 -0.543307 
vn -0.637795 -0.535433 -0.543307 
vn 0 1 0 

vt 0.635371 0.783451 
vt 0.632096 0.783451 
vt 0.629913 0.785201 
vt 0.632096 0.785828 
vt 0.628821 0.78169 
vt 0.634279 0.772154 
vt 0.629913 0.772154 
vt 0.621179 0.785919 
vt 0.622858 0.786768 
vt 0.611354 0.785892 
vt 0.612349 0.786768 
vt 0.427488 0.783451 
vt 0.433033 0.783451 
vt 0.431544 0.772155 
vt 0.425969 0.772154 
vt 0.438577 0.78169 
vt 0.43559 0.785965 
vt 0.439956 0.784613 
vt 0.442255 0.786641 
vt 0.445845 0.785289 
vt 0.449103 0.787047 
vt 0.451009 0.785738 
vt 0.633188 0.772154 
vt 0.635467 0.772154 
vt 0.635467 0.874763 
vt 0.633313 0.874763 
vt 0.427975 0.874764 
vt 0.425969 0.874764 
vt 0.425969 0.772154 
vt 0.427975 0.772154 
vt 0.635463 0.781898 
vt 0.635463 0.785634 
vt 0.705345 0.785634 
vt 0.705345 0.781898 
vt 0.635463 0.786471 
vt 0.705345 0.786471 
vt 0.635463 0.787427 
vt 0.705345 0.787427 
vt 0.637621 0.874764 
vt 0.637621 0.772153 
vt 0.702898 0.772153 
vt 0.702898 0.874764 
vt 0.635467 0.772154 
vt 0.705346 0.772154 
vt 0.430447 0.996456 
vt 0.428255 0.992746 
vt 0.43029 0.989037 
vt 0.567951 0.874763 
vt 0.601732 0.874763 
vt 0.602039 0.88379 
vt 0.567951 0.88379 
vt 0.601732 0.874763 
vt 0.633313 0.874763 
vt 0.633313 0.88379 
vt 0.602039 0.88379 
vt 0.633313 0.874763 
vt 0.635467 0.874763 
vt 0.635467 0.88379 
vt 0.633313 0.88379 
vt 0.637621 0.874764 
vt 0.702898 0.874764 
vt 0.702898 0.88379 
vt 0.637621 0.88379 
vt 0.702898 0.874764 
vt 0.705346 0.874764 
vt 0.705346 0.88379 
vt 0.702898 0.88379 
vt 0.427975 0.874764 
vt 0.463573 0.874764 
vt 0.463091 0.88379 
vt 0.427975 0.88379 
vt 0.463573 0.874764 
vt 0.493551 0.874764 
vt 0.493551 0.88379 
vt 0.463091 0.88379 
vt 0.493566 0.874764 
vt 0.498146 0.874763 
vt 0.498146 0.88379 
vt 0.493566 0.88379 
vt 0.498146 0.874763 
vt 0.563471 0.874764 
vt 0.563471 0.88379 
vt 0.498146 0.88379 
vt 0.563471 0.874764 
vt 0.567951 0.874763 
vt 0.567951 0.88379 
vt 0.563471 0.88379 
vt 0.531548 0.890893 
vt 0.531548 0.893484 
vt 0.504258 0.893484 
vt 0.504258 0.890893 
vt 0.531548 0.893484 
vt 0.534884 0.893373 
vt 0.534884 0.894785 
vt 0.532987 0.896225 
vt 0.534884 0.896197 
vt 0.534884 0.917358 
vt 0.533343 0.917201 
vt 0.534493 0.947079 
vt 0.533343 0.942947 
vt 0.533343 0.917201 
vt 0.534884 0.917358 
vt 0.533343 0.942947 
vt 0.534493 0.947079 
vt 0.531825 0.947078 
vt 0.531956 0.944906 
vt 0.531956 0.944906 
vt 0.531825 0.947078 
vt 0.502788 0.947078 
vt 0.503871 0.944906 
vt 0.504258 0.893467 
vt 0.503041 0.896224 
vt 0.500503 0.896355 
vt 0.500503 0.895099 
vt 0.500503 0.896355 
vt 0.503041 0.896224 
vt 0.502484 0.917201 
vt 0.500503 0.917198 
vt 0.503871 0.944906 
vt 0.502788 0.947078 
vt 0.500112 0.947079 
vt 0.502484 0.942947 
vt 0.502484 0.942947 
vt 0.500112 0.947079 
vt 0.500503 0.917198 
vt 0.502484 0.917201 
vt 0.604204 0.785515 
vt 0.604204 0.786768 
vt 0.457424 0.786641 
vt 0.457424 0.785335 
vt 0.567951 0.874763 
vt 0.563471 0.874764 
vt 0.563471 0.772154 
vt 0.567951 0.772154 
vt 0.493566 0.772154 
vt 0.498146 0.772154 
vt 0.498146 0.874763 
vt 0.493566 0.874764 
vt 0.635463 0.788268 
vt 0.705345 0.788268 
vt 0.567951 0.874763 
vt 0.567951 0.772154 
vt 0.604036 0.772153 
vt 0.601732 0.874763 
vt 0.563471 0.772154 
vt 0.563471 0.874764 
vt 0.498146 0.874763 
vt 0.498146 0.772154 
vt 0.493551 0.772154 
vt 0.493551 0.874764 
vt 0.463573 0.874764 
vt 0.456527 0.772154 
vt 0.633188 0.772154 
vt 0.633313 0.874763 
vt 0.601732 0.874763 
vt 0.604036 0.772153 
vt 0.427975 0.874764 
vt 0.427975 0.772154 
vt 0.463573 0.874764 
vt 0.628821 0.78169 
vt 0.629913 0.772154 
vt 0.626638 0.784445 
vt 0.6195 0.78511 
vt 0.610262 0.784888 
vt 0.604204 0.78422 
vt 0.437395 0.772155 
vt 0.438577 0.78169 
vt 0.439956 0.784613 
vt 0.445845 0.785289 
vt 0.451009 0.785738 
vt 0.457424 0.785335 
vt 0.532987 0.896225 
vt 0.503041 0.896224 
vt 0.533343 0.942947 
vt 0.531956 0.944906 
vt 0.503871 0.944906 
vt 0.502484 0.942947 
vt 0.502484 0.917201 
vt 0.503041 0.896224 
vt 0.532987 0.896225 
vt 0.533343 0.942947 
vt 0.502484 0.917201 
vt 0.533343 0.917201 
vt 0.426063 0.891277 
vt 0.430436 0.891238 
vt 0.43029 0.989037 
vt 0.426063 0.989037 
vt 0.495549 0.989037 
vt 0.491308 0.989037 
vt 0.491175 0.891238 
vt 0.495549 0.891277 
vt 0.491165 0.996456 
vt 0.491308 0.989037 
vt 0.495549 0.989037 
vt 0.491165 0.996456 
vt 0.460557 0.996456 
vt 0.491308 0.989037 
vt 0.430436 0.891238 
vt 0.491175 0.891238 
vt 0.491308 0.989037 
vt 0.43029 0.989037 
vt 0.430436 0.891238 
vt 0.426063 0.891277 
vt 0.428255 0.887568 
vt 0.491175 0.883858 
vt 0.491175 0.891238 
vt 0.460557 0.883858 
vt 0.495549 0.891277 
vt 0.491175 0.891238 
vt 0.491175 0.883858 
vt 0.43029 0.989037 
vt 0.460557 0.996456 
vt 0.430447 0.996456 
vt 0.491308 0.989037 
vt 0.460557 0.996456 
vt 0.43029 0.989037 
vt 0.460557 0.883858 
vt 0.430436 0.891238 
vt 0.430447 0.883858 
vt 0.460557 0.883858 
vt 0.491175 0.891238 
vt 0.430436 0.891238 
vt 0.502484 0.942947 
vt 0.502484 0.917201 
vt 0.533343 0.942947 
vt 0.533343 0.917201 
vt 0.437395 0.772155 
vt 0.430131 0.787318 
vt 0.438665 0.787994 
vt 0.447197 0.787994 
vt 0.705346 0.874764 
vt 0.702898 0.874764 
vt 0.702898 0.772154 
vt 0.705346 0.772154 
vt 0.425969 0.874764 
vt 0.427975 0.874764 
vt 0.427975 0.88379 
vt 0.425969 0.88379 
vt 0.457423 0.787994 
vt 0.500503 0.893842 
vt 0.430447 0.883858 
vt 0.626638 0.784445 
vt 0.637621 0.772154 
vt 0.6195 0.78511 
vt 0.610262 0.784888 
vt 0.637621 0.874764 
vt 0.637621 0.874764 
vt 0.637621 0.88379 
vt 0.604204 0.78422 
vt 0.534884 0.896197 
vt 0.532987 0.896225 
vt 0.426063 0.989037 

usemtl Alreadypro1Mtl

f 6668/6668/6668 6669/6669/6669 6670/6670/6670 
f 6668/6668/6668 6670/6670/6670 6671/6671/6671 
f 6672/6672/6672 6669/6669/6669 6673/6673/6673 
f 6672/6672/6672 6673/6673/6673 6674/6674/6674 
f 6671/6671/6671 6670/6670/6670 6675/6675/6675 
f 6671/6671/6671 6675/6675/6675 6676/6676/6676 
f 6676/6676/6676 6675/6675/6675 6677/6677/6677 
f 6676/6676/6676 6677/6677/6677 6678/6678/6678 
f 6679/6679/6679 6680/6680/6680 6681/6681/6681 
f 6679/6679/6679 6681/6681/6681 6682/6682/6682 
f 6683/6683/6683 6680/6680/6680 6684/6684/6684 
f 6683/6683/6683 6684/6684/6684 6685/6685/6685 
f 6685/6685/6685 6684/6684/6684 6686/6686/6686 
f 6685/6685/6685 6686/6686/6686 6687/6687/6687 
f 6687/6687/6687 6686/6686/6686 6688/6688/6688 
f 6687/6687/6687 6688/6688/6688 6689/6689/6689 
f 6690/6690/6690 6691/6691/6691 6692/6692/6692 
f 6690/6690/6690 6692/6692/6692 6693/6693/6693 
f 6694/6694/6694 6695/6695/6695 6696/6696/6696 
f 6694/6694/6694 6696/6696/6696 6697/6697/6697 
f 6698/6698/6698 6699/6699/6699 6700/6700/6700 
f 6698/6698/6698 6700/6700/6700 6701/6701/6701 
f 6699/6699/6699 6702/6702/6702 6703/6703/6703 
f 6699/6699/6699 6703/6703/6703 6700/6700/6700 
f 6702/6702/6702 6704/6704/6704 6705/6705/6705 
f 6702/6702/6702 6705/6705/6705 6703/6703/6703 
f 6706/6706/6706 6707/6707/6707 6708/6708/6708 
f 6706/6706/6706 6708/6708/6708 6709/6709/6709 
f 6710/6710/6710 6698/6698/6698 6701/6701/6701 
f 6710/6710/6710 6701/6701/6701 6711/6711/6711 
f 6712/6712/6712 6713/6713/6713 6714/6714/6714 
f 6715/6715/6715 6716/6716/6716 6717/6717/6717 
f 6715/6715/6715 6717/6717/6717 6718/6718/6718 
f 6719/6719/6719 6720/6720/6720 6721/6721/6721 
f 6719/6719/6719 6721/6721/6721 6722/6722/6722 
f 6723/6723/6723 6724/6724/6724 6725/6725/6725 
f 6723/6723/6723 6725/6725/6725 6726/6726/6726 
f 6727/6727/6727 6728/6728/6728 6729/6729/6729 
f 6727/6727/6727 6729/6729/6729 6730/6730/6730 
f 6731/6731/6731 6732/6732/6732 6733/6733/6733 
f 6731/6731/6731 6733/6733/6733 6734/6734/6734 
f 6735/6735/6735 6736/6736/6736 6737/6737/6737 
f 6735/6735/6735 6737/6737/6737 6738/6738/6738 
f 6739/6739/6739 6740/6740/6740 6741/6741/6741 
f 6739/6739/6739 6741/6741/6741 6742/6742/6742 
f 6743/6743/6743 6744/6744/6744 6745/6745/6745 
f 6743/6743/6743 6745/6745/6745 6746/6746/6746 
f 6747/6747/6747 6748/6748/6748 6749/6749/6749 
f 6747/6747/6747 6749/6749/6749 6750/6750/6750 
f 6751/6751/6751 6752/6752/6752 6753/6753/6753 
f 6751/6751/6751 6753/6753/6753 6754/6754/6754 
f 6755/6755/6755 6756/6756/6756 6757/6757/6757 
f 6755/6755/6755 6757/6757/6757 6758/6758/6758 
f 6759/6759/6759 6760/6760/6760 6761/6761/6761 
f 6762/6762/6762 6763/6763/6763 6764/6764/6764 
f 6762/6762/6762 6764/6764/6764 6765/6765/6765 
f 6766/6766/6766 6767/6767/6767 6768/6768/6768 
f 6766/6766/6766 6768/6768/6768 6769/6769/6769 
f 6770/6770/6770 6771/6771/6771 6772/6772/6772 
f 6770/6770/6770 6772/6772/6772 6773/6773/6773 
f 6774/6774/6774 6775/6775/6775 6776/6776/6776 
f 6774/6774/6774 6776/6776/6776 6777/6777/6777 
f 6778/6778/6778 6779/6779/6779 6780/6780/6780 
f 6778/6778/6778 6780/6780/6780 6781/6781/6781 
f 6782/6782/6782 6783/6783/6783 6784/6784/6784 
f 6782/6782/6782 6784/6784/6784 6785/6785/6785 
f 6786/6786/6786 6787/6787/6787 6788/6788/6788 
f 6786/6786/6786 6788/6788/6788 6789/6789/6789 
f 6790/6790/6790 6791/6791/6791 6792/6792/6792 
f 6790/6790/6790 6792/6792/6792 6793/6793/6793 
f 6678/6678/6678 6677/6677/6677 6794/6794/6794 
f 6678/6678/6678 6794/6794/6794 6795/6795/6795 
f 6689/6689/6689 6688/6688/6688 6796/6796/6796 
f 6689/6689/6689 6796/6796/6796 6797/6797/6797 
f 6798/6798/6798 6799/6799/6799 6800/6800/6800 
f 6798/6798/6798 6800/6800/6800 6801/6801/6801 
f 6802/6802/6802 6803/6803/6803 6804/6804/6804 
f 6802/6802/6802 6804/6804/6804 6805/6805/6805 
f 6704/6704/6704 6806/6806/6806 6807/6807/6807 
f 6704/6704/6704 6807/6807/6807 6705/6705/6705 
f 6808/6808/6808 6809/6809/6809 6810/6810/6810 
f 6808/6808/6808 6810/6810/6810 6811/6811/6811 
f 6812/6812/6812 6813/6813/6813 6814/6814/6814 
f 6812/6812/6812 6814/6814/6814 6815/6815/6815 
f 6816/6816/6816 6817/6817/6817 6818/6818/6818 
f 6816/6816/6816 6818/6818/6818 6819/6819/6819 
f 6820/6820/6820 6821/6821/6821 6822/6822/6822 
f 6820/6820/6820 6822/6822/6822 6823/6823/6823 
f 6824/6824/6824 6825/6825/6825 6819/6819/6819 
f 6824/6824/6824 6819/6819/6819 6826/6826/6826 
f 6827/6827/6827 6828/6828/6828 6823/6823/6823 
f 6829/6829/6829 6827/6827/6827 6823/6823/6823 
f 6830/6830/6830 6829/6829/6829 6823/6823/6823 
f 6831/6831/6831 6830/6830/6830 6823/6823/6823 
f 6832/6832/6832 6831/6831/6831 6823/6823/6823 
f 6833/6833/6833 6834/6834/6834 6819/6819/6819 
f 6834/6834/6834 6835/6835/6835 6819/6819/6819 
f 6835/6835/6835 6836/6836/6836 6819/6819/6819 
f 6836/6836/6836 6837/6837/6837 6819/6819/6819 
f 6837/6837/6837 6838/6838/6838 6819/6819/6819 
f 6756/6756/6756 6839/6839/6839 6840/6840/6840 
f 6756/6756/6756 6840/6840/6840 6757/6757/6757 
f 6841/6841/6841 6842/6842/6842 6843/6843/6843 
f 6841/6841/6841 6843/6843/6843 6844/6844/6844 
f 6845/6845/6845 6846/6846/6846 6847/6847/6847 
f 6848/6848/6848 6849/6849/6849 6850/6850/6850 
f 6851/6851/6851 6852/6852/6852 6853/6853/6853 
f 6851/6851/6851 6853/6853/6853 6854/6854/6854 
f 6855/6855/6855 6856/6856/6856 6857/6857/6857 
f 6855/6855/6855 6857/6857/6857 6858/6858/6858 
f 6859/6859/6859 6860/6860/6860 6861/6861/6861 
f 6862/6862/6862 6863/6863/6863 6864/6864/6864 
f 6865/6865/6865 6866/6866/6866 6867/6867/6867 
f 6865/6865/6865 6867/6867/6867 6868/6868/6868 
f 6869/6869/6869 6870/6870/6870 6871/6871/6871 
f 6872/6872/6872 6873/6873/6873 6874/6874/6874 
f 6875/6875/6875 6876/6876/6876 6877/6877/6877 
f 6878/6878/6878 6879/6879/6879 6880/6880/6880 
f 6881/6881/6881 6882/6882/6882 6883/6883/6883 
f 6884/6884/6884 6885/6885/6885 6886/6886/6886 
f 6887/6887/6887 6888/6888/6888 6889/6889/6889 
f 6890/6890/6890 6891/6891/6891 6892/6892/6892 
f 6845/6845/6845 6847/6847/6847 6893/6893/6893 
f 6680/6680/6680 6683/6683/6683 6894/6894/6894 
f 6680/6680/6680 6894/6894/6894 6681/6681/6681 
f 6680/6680/6680 6679/6679/6679 6895/6895/6895 
f 6680/6680/6680 6895/6895/6895 6684/6684/6684 
f 6684/6684/6684 6895/6895/6895 6896/6896/6896 
f 6684/6684/6684 6896/6896/6896 6686/6686/6686 
f 6686/6686/6686 6896/6896/6896 6897/6897/6897 
f 6686/6686/6686 6897/6897/6897 6688/6688/6688 
f 6898/6898/6898 6899/6899/6899 6900/6900/6900 
f 6898/6898/6898 6900/6900/6900 6901/6901/6901 
f 6902/6902/6902 6903/6903/6903 6904/6904/6904 
f 6902/6902/6902 6904/6904/6904 6905/6905/6905 
f 6688/6688/6688 6897/6897/6897 6906/6906/6906 
f 6688/6688/6688 6906/6906/6906 6796/6796/6796 
f 6781/6781/6781 6907/6907/6907 6778/6778/6778 
f 6871/6871/6871 6908/6908/6908 6869/6869/6869 
f 6669/6669/6669 6672/6672/6672 6909/6909/6909 
f 6669/6669/6669 6909/6909/6909 6670/6670/6670 
f 6669/6669/6669 6668/6668/6668 6910/6910/6910 
f 6669/6669/6669 6910/6910/6910 6673/6673/6673 
f 6670/6670/6670 6909/6909/6909 6911/6911/6911 
f 6670/6670/6670 6911/6911/6911 6675/6675/6675 
f 6675/6675/6675 6911/6911/6911 6912/6912/6912 
f 6675/6675/6675 6912/6912/6912 6677/6677/6677 
f 6691/6691/6691 6910/6910/6910 6913/6913/6913 
f 6691/6691/6691 6913/6913/6913 6692/6692/6692 
f 6724/6724/6724 6914/6914/6914 6915/6915/6915 
f 6724/6724/6724 6915/6915/6915 6725/6725/6725 
f 6677/6677/6677 6912/6912/6912 6916/6916/6916 
f 6677/6677/6677 6916/6916/6916 6794/6794/6794 
f 6761/6761/6761 6917/6917/6917 6918/6918/6918 
f 6761/6761/6761 6918/6918/6918 6759/6759/6759 
f 6713/6713/6713 6919/6919/6919 6714/6714/6714 

g Alreadypro14

v -33.0069 3.43107 -32.0093 
v -33.0409 3.39892 -32.0197 
v -33.0362 3.34041 -31.89 
v -33.0025 3.36871 -31.8701 
v -33.0271 3.24841 -31.767 
v -32.9941 3.26919 -31.7396 
v -33.0287 3.14278 -31.7046 
v -32.9956 3.15335 -31.6726 
v -33.0501 3.03493 -31.6995 
v -33.0167 3.03493 -31.6661 
v -32.092 3.36677 -32.0302 
v -32.1261 3.39892 -32.0197 
v -32.1308 3.34041 -31.89 
v -32.0971 3.31213 -31.9098 
v -32.1399 3.24841 -31.767 
v -32.1069 3.22779 -31.7943 
v -32.1383 3.14278 -31.7046 
v -32.1052 3.1322 -31.7367 
v -32.1169 3.03493 -31.6995 
v -32.0835 3.03493 -31.7329 
v -33.0835 2.32299 -31.7329 
v -33.0501 2.32299 -31.6995 
v -33.0501 3.03493 -31.6995 
v -33.0835 3.03493 -31.7329 
v -32.0835 3.03493 -31.7329 
v -32.1169 3.03493 -31.6995 
v -32.1169 2.32299 -31.6995 
v -32.0835 2.32299 -31.7329 
v -33.0069 3.43107 -32.0093 
v -33.0025 3.36871 -31.8701 
v -32.1645 3.36871 -31.8701 
v -32.1601 3.43107 -32.0093 
v -32.9941 3.26919 -31.7396 
v -32.1729 3.26919 -31.7396 
v -32.9956 3.15335 -31.6726 
v -32.1715 3.15335 -31.6726 
v -33.0167 3.03493 -31.6661 
v -33.0167 2.32298 -31.6661 
v -32.1503 2.32298 -31.6661 
v -32.1503 3.03493 -31.6661 
v -33.0167 3.03493 -31.6661 
v -32.1503 3.03493 -31.6661 
v -33.0377 2.25014 -32.1687 
v -33.0377 2.25028 -32.5599 
v -32.9753 2.25024 -32.5591 
v -32.9761 2.25018 -32.1687 
v -33.0835 2.32299 -31.7329 
v -33.0835 2.32298 -32.1687 
v -33.0377 2.25014 -32.1687 
v -33.0377 2.25028 -31.7723 
v -33.0835 2.32298 -32.1687 
v -33.0835 2.32299 -32.5993 
v -33.0377 2.25028 -32.5599 
v -33.0377 2.25014 -32.1687 
v -33.0835 2.32299 -32.5993 
v -33.0167 2.32298 -32.6661 
v -32.977 2.25011 -32.6205 
v -33.0377 2.25028 -32.5599 
v -33.0167 2.32298 -32.6661 
v -32.1503 2.32298 -32.6661 
v -32.1899 2.25011 -32.6205 
v -32.977 2.25011 -32.6205 
v -32.1503 2.32298 -32.6661 
v -32.0835 2.32299 -32.5993 
v -32.1293 2.25014 -32.5599 
v -32.1899 2.25011 -32.6205 
v -32.0835 2.32299 -32.5993 
v -32.0835 2.32298 -32.1687 
v -32.1293 2.25 -32.1687 
v -32.1293 2.25014 -32.5599 
v -32.0835 2.32298 -32.1687 
v -32.0835 2.32299 -31.7329 
v -32.1293 2.25014 -31.7723 
v -32.1293 2.25 -32.1687 
v -32.0835 2.32299 -31.7329 
v -32.1169 2.32299 -31.6995 
v -32.1596 2.25013 -31.742 
v -32.1293 2.25014 -31.7723 
v -32.1503 2.32298 -31.6661 
v -33.0167 2.32298 -31.6661 
v -32.977 2.25011 -31.7117 
v -32.1899 2.25011 -31.7117 
v -33.0167 2.32298 -31.6661 
v -33.0501 2.32299 -31.6995 
v -33.0073 2.2502 -31.742 
v -32.977 2.25011 -31.7117 
v -32.9994 3.41923 -32.1687 
v -33.0095 3.45 -32.1328 
v -32.1575 3.45 -32.1328 
v -32.1709 3.41923 -32.1687 
v -32.9994 3.41923 -32.1687 
v -33.0465 3.3736 -32.1687 
v -33.078 3.3826 -32.134 
v -33.0438 3.4163 -32.1334 
v -33.078 3.3826 -32.134 
v -33.0465 3.3736 -32.1687 
v -33.0497 3.06998 -32.1687 
v -33.0835 3.03465 -32.1349 
v -33.0167 3.03462 -32.6661 
v -33.0021 3.06999 -32.6312 
v -32.1648 3.07034 -32.6312 
v -32.1503 3.03462 -32.6661 
v -33.0021 3.06999 -32.6312 
v -33.0167 3.03462 -32.6661 
v -33.0835 3.03462 -32.5993 
v -33.0465 3.06999 -32.5993 
v -33.0465 3.06999 -32.5993 
v -33.0835 3.03462 -32.5993 
v -33.0835 3.03465 -32.1349 
v -33.0497 3.06998 -32.1687 
v -32.1575 3.45 -32.1328 
v -32.1232 3.4163 -32.1334 
v -32.1709 3.41923 -32.1687 
v -32.1209 3.3736 -32.1687 
v -32.089 3.3826 -32.134 
v -32.0835 3.03465 -32.1349 
v -32.1173 3.07032 -32.1687 
v -32.0835 3.03462 -32.5993 
v -32.1205 3.07034 -32.5993 
v -32.1173 3.07032 -32.1687 
v -32.0835 3.03465 -32.1349 
v -32.1205 3.07034 -32.5993 
v -32.0835 3.03462 -32.5993 
v -32.1503 3.03462 -32.6661 
v -32.1648 3.07034 -32.6312 
v -33.075 3.36677 -32.0302 
v -33.0438 3.4163 -32.1334 
v -33.078 3.3826 -32.134 
v -32.1601 3.43107 -32.0093 
v -32.1232 3.4163 -32.1334 
v -32.1575 3.45 -32.1328 
v -33.0835 3.03462 -32.5993 
v -33.0167 3.03462 -32.6661 
v -33.0167 2.32298 -32.6661 
v -33.0835 2.32299 -32.5993 
v -32.0835 2.32299 -32.5993 
v -32.1503 2.32298 -32.6661 
v -32.1503 3.03462 -32.6661 
v -32.0835 3.03462 -32.5993 
v -33.0095 3.45 -32.1328 
v -32.1575 3.45 -32.1328 
v -33.0835 2.32299 -31.7329 
v -33.0835 3.03493 -31.7329 
v -33.0835 3.03465 -32.1349 
v -33.0835 2.32298 -32.1687 
v -32.0835 3.03493 -31.7329 
v -32.0835 2.32299 -31.7329 
v -32.0835 2.32298 -32.1687 
v -32.0835 3.03465 -32.1349 
v -33.0835 3.03462 -32.5993 
v -33.0835 2.32299 -32.5993 
v -33.0167 2.32298 -32.6661 
v -33.0167 3.03462 -32.6661 
v -32.1503 3.03462 -32.6661 
v -32.1503 2.32298 -32.6661 
v -32.0835 2.32299 -32.5993 
v -32.0835 3.03462 -32.5993 
v -33.0698 3.31213 -31.9098 
v -33.075 3.36677 -32.0302 
v -33.0835 3.03465 -32.1349 
v -33.0601 3.22779 -31.7943 
v -33.0618 3.1322 -31.7367 
v -33.0835 3.03493 -31.7329 
v -33.078 3.3826 -32.134 
v -32.092 3.36677 -32.0302 
v -32.0971 3.31213 -31.9098 
v -32.0835 3.03465 -32.1349 
v -32.1069 3.22779 -31.7943 
v -32.1052 3.1322 -31.7367 
v -32.0835 3.03493 -31.7329 
v -32.089 3.3826 -32.134 
v -33.0021 3.06999 -32.6312 
v -33.0465 3.06999 -32.5993 
v -32.1205 3.07034 -32.5993 
v -32.1648 3.07034 -32.6312 
v -33.0465 3.3736 -32.1687 
v -32.9994 3.41923 -32.1687 
v -32.1709 3.41923 -32.1687 
v -32.1209 3.3736 -32.1687 
v -33.0497 3.06998 -32.1687 
v -32.1173 3.07032 -32.1687 
v -33.0497 3.06998 -32.1687 
v -32.1173 3.07032 -32.1687 
v -32.1899 2.25011 -32.1687 
v -32.1899 2.25011 -32.5494 
v -32.1293 2.25014 -32.5599 
v -32.1293 2.25 -32.1687 
v -32.977 2.25011 -32.6205 
v -32.9753 2.25024 -32.5591 
v -33.0377 2.25028 -32.5599 
v -32.1293 2.25014 -32.5599 
v -32.1899 2.25011 -32.5494 
v -32.1899 2.25011 -32.6205 
v -32.1899 2.25011 -32.5494 
v -32.9753 2.25024 -32.5591 
v -32.977 2.25011 -32.6205 
v -32.1899 2.25011 -32.6205 
v -32.9761 2.25018 -32.1687 
v -32.9753 2.25024 -32.5591 
v -32.1899 2.25011 -32.5494 
v -32.1899 2.25011 -32.1687 
v -32.1899 2.25011 -31.7706 
v -32.1293 2.25014 -31.7723 
v -32.1596 2.25013 -31.742 
v -32.977 2.25011 -31.7117 
v -32.9769 2.25012 -31.7707 
v -32.1899 2.25011 -31.7706 
v -32.1899 2.25011 -31.7117 
v -32.9769 2.25012 -31.7707 
v -32.977 2.25011 -31.7117 
v -33.0073 2.2502 -31.742 
v -32.1293 2.25 -32.1687 
v -32.1293 2.25014 -31.7723 
v -32.1899 2.25011 -31.7706 
v -32.1899 2.25011 -32.1687 
v -32.1899 2.25011 -32.1687 
v -32.1899 2.25011 -31.7706 
v -32.9769 2.25012 -31.7707 
v -32.9761 2.25018 -32.1687 
v -32.9761 2.25018 -32.1687 
v -32.9769 2.25012 -31.7707 
v -33.0377 2.25028 -31.7723 
v -33.0377 2.25014 -32.1687 
v -32.1645 3.36871 -31.8701 
v -32.1729 3.26919 -31.7396 
v -32.1715 3.15335 -31.6726 
v -32.1503 3.03493 -31.6661 
v -32.1169 3.03493 -31.6995 
v -32.1503 3.03493 -31.6661 
v -32.1503 2.32298 -31.6661 
v -32.1169 2.32299 -31.6995 
v -32.1169 2.32299 -31.6995 
v -32.1503 2.32298 -31.6661 
v -32.1899 2.25011 -31.7117 
v -32.1596 2.25013 -31.742 
v -32.089 3.3826 -32.134 
v -32.1899 2.25011 -31.7117 
v -32.1232 3.4163 -32.1334 
v -32.089 3.3826 -32.134 
v -32.1209 3.3736 -32.1687 
v -32.1709 3.41923 -32.1687 
v -33.0698 3.31213 -31.9098 
v -33.0601 3.22779 -31.7943 
v -33.0618 3.1322 -31.7367 
v -33.0835 3.03493 -31.7329 
v -33.0167 2.32298 -31.6661 
v -33.0167 3.03493 -31.6661 
v -33.0835 2.32299 -31.7329 
v -33.0377 2.25028 -31.7723 
v -33.0095 3.45 -32.1328 
v -33.0377 2.25028 -31.7723 
v -33.0438 3.4163 -32.1334 
v -33.0095 3.45 -32.1328 
v -32.9994 3.41923 -32.1687 

vn -0.708661 0.669291 0.212598 
vn -0.708661 0.669291 0.212598 
vn -0.708661 0.566929 0.417323 
vn -0.708661 0.566929 0.417323 
vn -0.708661 0.417323 0.566929 
vn -0.708661 0.417323 0.566929 
vn -0.708661 0.259843 0.661417 
vn -0.708661 0.259843 0.661417 
vn -0.708661 0.102362 0.700787 
vn -0.692913 0.110236 0.716535 
vn 0.708661 0.669291 0.212598 
vn 0.708661 0.669291 0.212598 
vn 0.708661 0.566929 0.417323 
vn 0.708661 0.566929 0.417323 
vn 0.708661 0.417323 0.566929 
vn 0.708661 0.417323 0.566929 
vn 0.708661 0.259843 0.661417 
vn 0.708661 0.259843 0.661417 
vn 0.708661 0.102362 0.700787 
vn 0.724409 0.110236 0.685039 
vn -0.692913 -0.00787402 0.716535 
vn -0.708661 0 0.708661 
vn -0.708661 0.102362 0.700787 
vn -0.692913 0.11811 0.708661 
vn 0.724409 0.110236 0.685039 
vn 0.708661 0.102362 0.700787 
vn 0.708661 0 0.708661 
vn 0.724409 -0.00787402 0.692913 
vn 0 0.952756 0.307087 
vn 0 0.811024 0.590551 
vn 0 0.811024 0.590551 
vn 0 0.952756 0.307087 
vn 0 0.590551 0.811024 
vn 0 0.590551 0.811024 
vn 0 0.307087 0.952756 
vn 0 0.307087 0.952756 
vn 0.015748 0.0944882 0.992126 
vn 0.015748 -0.00787402 1 
vn 0.0393701 -0.00787402 1 
vn 0.0393701 0.0944882 0.992126 
vn 0.015748 0.0944882 0.992126 
vn 0.0393701 0.0944882 0.992126 
vn 0.015748 -1 0 
vn 0.015748 -1 -0.00787402 
vn 0.015748 -1 -0.00787402 
vn 0.015748 -1 0 
vn -0.84252 -0.543307 0.00787402 
vn -0.84252 -0.543307 0 
vn -0.834646 -0.551181 0 
vn -0.834646 -0.551181 0.00787402 
vn -0.84252 -0.543307 0 
vn -0.84252 -0.543307 -0.00787402 
vn -0.834646 -0.551181 -0.00787402 
vn -0.834646 -0.551181 0 
vn -0.527559 -0.645669 -0.551181 
vn -0.527559 -0.645669 -0.551181 
vn -0.527559 -0.645669 -0.551181 
vn -0.527559 -0.645669 -0.551181 
vn 0.015748 -0.527559 -0.850394 
vn 0.0393701 -0.527559 -0.850394 
vn 0.0393701 -0.535433 -0.84252 
vn 0.015748 -0.535433 -0.84252 
vn 0.566929 -0.622047 -0.535433 
vn 0.566929 -0.622047 -0.535433 
vn 0.566929 -0.629921 -0.535433 
vn 0.566929 -0.629921 -0.535433 
vn 0.858268 -0.519685 -0.00787402 
vn 0.858268 -0.519685 0 
vn 0.850394 -0.519685 0 
vn 0.850394 -0.519685 -0.00787402 
vn 0.858268 -0.519685 0 
vn 0.858268 -0.519685 0.00787402 
vn 0.850394 -0.519685 0.00787402 
vn 0.850394 -0.519685 0 
vn 0.566929 -0.622047 0.535433 
vn 0.543307 -0.637795 0.543307 
vn 0.566929 -0.629921 0.535433 
vn 0.566929 -0.629921 0.535433 
vn 0.0393701 -0.527559 0.850394 
vn 0.015748 -0.527559 0.850394 
vn 0.015748 -0.535433 0.84252 
vn 0.0393701 -0.535433 0.84252 
vn -0.527559 -0.645669 0.551181 
vn -0.543307 -0.637795 0.543307 
vn -0.527559 -0.645669 0.551181 
vn -0.527559 -0.645669 0.551181 
vn 0 0.755906 -0.653543 
vn 0.015748 0.771654 -0.637795 
vn 0.0393701 0.771654 -0.637795 
vn 0 0.755906 -0.653543 
vn -0.543307 0.551181 -0.629921 
vn -0.543307 0.551181 -0.629921 
vn -0.543307 0.551181 -0.629921 
vn -0.543307 0.551181 -0.629921 
vn -0.732283 0.023622 -0.677165 
vn -0.732283 0.023622 -0.677165 
vn -0.732283 0.023622 -0.677165 
vn -0.724409 0.0472441 -0.685039 
vn 0.015748 0.708661 -0.708661 
vn 0 0.700787 -0.708661 
vn 0 0.700787 -0.708661 
vn 0.0393701 0.700787 -0.708661 
vn -0.503937 0.645669 -0.566929 
vn -0.480315 0.661417 -0.574803 
vn -0.488189 0.661417 -0.574803 
vn -0.503937 0.645669 -0.566929 
vn -0.708661 0.708661 0 
vn -0.692913 0.724409 -0.015748 
vn -0.692913 0.724409 0 
vn -0.708661 0.708661 0 
vn 0.551181 0.551181 -0.629921 
vn 0.527559 0.535433 -0.653543 
vn 0.527559 0.535433 -0.653543 
vn 0.732283 0.0314961 -0.685039 
vn 0.732283 0.0314961 -0.685039 
vn 0.748031 0.0393701 -0.661417 
vn 0.732283 0.0314961 -0.685039 
vn 0.716535 0.692913 -0.015748 
vn 0.708661 0.708661 0 
vn 0.708661 0.708661 0 
vn 0.716535 0.692913 0 
vn 0.503937 0.645669 -0.566929 
vn 0.527559 0.637795 -0.559055 
vn 0.527559 0.637795 -0.559055 
vn 0.503937 0.645669 -0.566929 
vn -0.708661 0.669291 0.212598 
vn -0.708661 0.700787 0.110236 
vn -0.708661 0.700787 0.110236 
vn 0.708661 0.669291 0.212598 
vn 0.708661 0.700787 0.110236 
vn 0.708661 0.700787 0.102362 
vn -0.692913 0.015748 -0.716535 
vn -0.692913 0.015748 -0.724409 
vn -0.692913 -0.00787402 -0.724409 
vn -0.692913 -0.00787402 -0.716535 
vn 0.724409 -0.00787402 -0.692913 
vn 0.716535 -0.00787402 -0.692913 
vn 0.724409 0.015748 -0.692913 
vn 0.724409 0.015748 -0.692913 
vn 0.015748 0.771654 -0.637795 
vn 0.0393701 0.771654 -0.637795 
vn -1 -0.00787402 0.00787402 
vn -1 0.0787402 0.00787402 
vn -1 0.0314961 0.00787402 
vn -1 -0.00787402 0 
vn 1 0.0787402 0.00787402 
vn 1 -0.00787402 0.00787402 
vn 1 -0.00787402 0 
vn 1 0.0314961 0.00787402 
vn -1 0.015748 -0.00787402 
vn -1 -0.00787402 -0.00787402 
vn 0.015748 -0.00787402 -1 
vn 0.015748 0.015748 -1 
vn 0.0393701 0.015748 -1 
vn 0.0393701 -0.00787402 -1 
vn 1 -0.00787402 -0.00787402 
vn 1 0.015748 -0.00787402 
vn -1 0.0314961 0.023622 
vn -1 0.0393701 0.00787402 
vn -1 0.0314961 0.00787402 
vn -1 0.023622 0.0314961 
vn -1 0.0708661 0.015748 
vn -1 0.0787402 0.00787402 
vn -1 0.0393701 0.00787402 
vn 1 0.0393701 0.00787402 
vn 1 0.0314961 0.023622 
vn 1 0.0314961 0.00787402 
vn 1 0.023622 0.0314961 
vn 1 0.0708661 0.015748 
vn 1 0.0787402 0.00787402 
vn 1 0.0393701 0.00787402 
vn 0 1 0 
vn 0 1 0 
vn 0 1 0 
vn 0 1 0 
vn 0 0 -1 
vn 0 0.755906 -0.653543 
vn 0 0.755906 -0.653543 
vn 0 0 -1 
vn 0 1 0 
vn 0 1 0 
vn 0 0 -1 
vn 0 0 -1 
vn 0.0393701 -1 0 
vn 0.0393701 -1 -0.00787402 
vn 0.0393701 -1 -0.00787402 
vn 0.0393701 -1 0 
vn 0.015748 -1 -0.00787402 
vn 0.015748 -1 -0.00787402 
vn 0.015748 -1 -0.00787402 
vn 0.0393701 -1 -0.00787402 
vn 0.0393701 -1 -0.00787402 
vn 0.0393701 -1 -0.00787402 
vn 0.0393701 -1 -0.00787402 
vn 0.015748 -1 -0.00787402 
vn 0.015748 -1 -0.00787402 
vn 0.0393701 -1 -0.00787402 
vn 0.015748 -1 0 
vn 0.015748 -1 -0.00787402 
vn 0.0393701 -1 -0.00787402 
vn 0.0393701 -1 0 
vn 0.0393701 -1 0.00787402 
vn 0.0393701 -1 0.00787402 
vn 0.0393701 -1 0.00787402 
vn 0.015748 -1 0.00787402 
vn 0.015748 -1 0.00787402 
vn 0.0393701 -1 0.00787402 
vn 0.0393701 -1 0.00787402 
vn 0.015748 -1 0.00787402 
vn 0.015748 -1 0.00787402 
vn 0.015748 -1 0.00787402 
vn 0.0393701 -1 0 
vn 0.0393701 -1 0.00787402 
vn 0.0393701 -1 0.00787402 
vn 0.0393701 -1 0 
vn 0.0393701 -1 0 
vn 0.0393701 -1 0.00787402 
vn 0.015748 -1 0.00787402 
vn 0.015748 -1 0 
vn 0.015748 -1 0 
vn 0.015748 -1 0.00787402 
vn 0.015748 -1 0.00787402 
vn 0.015748 -1 0 
vn 0.708661 0.566929 0.417323 
vn 0.708661 0.417323 0.566929 
vn 0.708661 0.259843 0.661417 
vn 0.716535 0.110236 0.685039 
vn 0.708661 0.102362 0.700787 
vn 0.716535 0.110236 0.685039 
vn 0.716535 -0.00787402 0.692913 
vn 0.708661 0 0.708661 
vn 0.543307 -0.637795 0.543307 
vn 0.566929 -0.622047 0.535433 
vn 0.566929 -0.629921 0.535433 
vn 0.566929 -0.629921 0.535433 
vn 0.708661 0.700787 0.110236 
vn 0.0393701 -1 0.00787402 
vn 0.527559 0.535433 -0.653543 
vn 0.527559 0.559055 -0.637795 
vn 0.527559 0.559055 -0.637795 
vn 0.527559 0.535433 -0.653543 
vn -0.708661 0.566929 0.417323 
vn -0.708661 0.417323 0.566929 
vn -0.708661 0.259843 0.661417 
vn -0.692913 0.11811 0.708661 
vn -0.692913 -0.00787402 0.724409 
vn -0.692913 0.110236 0.716535 
vn -0.527559 -0.645669 0.551181 
vn -0.527559 -0.645669 0.551181 
vn -0.685039 0.724409 0.110236 
vn 0.015748 -1 0.00787402 
vn -0.543307 0.551181 -0.629921 
vn -0.527559 0.582677 -0.622047 
vn -0.543307 0.551181 -0.629921 

vt 0.614109 0.759008 
vt 0.613199 0.760539 
vt 0.622788 0.761239 
vt 0.62372 0.759848 
vt 0.631356 0.763373 
vt 0.632568 0.762283 
vt 0.635091 0.767133 
vt 0.637146 0.766278 
vt 0.635467 0.771005 
vt 0.637621 0.771005 
vt 0.449998 0.762649 
vt 0.448741 0.761101 
vt 0.44143 0.762355 
vt 0.442889 0.763689 
vt 0.43512 0.764295 
vt 0.437806 0.765635 
vt 0.431621 0.767195 
vt 0.434359 0.767678 
vt 0.429117 0.771002 
vt 0.431945 0.771002 
vt 0.633313 0.693789 
vt 0.635467 0.693789 
vt 0.635467 0.771589 
vt 0.633313 0.771589 
vt 0.427975 0.771589 
vt 0.426029 0.771589 
vt 0.426029 0.693789 
vt 0.427975 0.693789 
vt 0.635467 0.759894 
vt 0.635467 0.761663 
vt 0.705408 0.761704 
vt 0.705408 0.759935 
vt 0.635467 0.764137 
vt 0.705408 0.764178 
vt 0.635467 0.767582 
vt 0.705408 0.767571 
vt 0.637621 0.771588 
vt 0.637621 0.693789 
vt 0.702898 0.693789 
vt 0.702898 0.771588 
vt 0.635467 0.771628 
vt 0.705406 0.771628 
vt 0.499872 0.65123 
vt 0.499872 0.675153 
vt 0.497557 0.675153 
vt 0.497557 0.651438 
vt 0.633313 0.693789 
vt 0.600452 0.693789 
vt 0.600452 0.686853 
vt 0.633313 0.686853 
vt 0.600452 0.693789 
vt 0.567951 0.693789 
vt 0.567951 0.686853 
vt 0.600452 0.686853 
vt 0.567951 0.693789 
vt 0.563471 0.693789 
vt 0.563471 0.686853 
vt 0.567951 0.686853 
vt 0.563471 0.693789 
vt 0.498061 0.693789 
vt 0.498061 0.686853 
vt 0.563471 0.686853 
vt 0.498146 0.693789 
vt 0.493566 0.693789 
vt 0.493566 0.686853 
vt 0.498146 0.686853 
vt 0.493566 0.693789 
vt 0.457871 0.693789 
vt 0.457871 0.686853 
vt 0.493566 0.686853 
vt 0.457871 0.693789 
vt 0.427975 0.693789 
vt 0.427975 0.686853 
vt 0.457871 0.686853 
vt 0.427975 0.693789 
vt 0.426029 0.693789 
vt 0.426029 0.686853 
vt 0.427975 0.686853 
vt 0.702898 0.693789 
vt 0.637621 0.693789 
vt 0.637621 0.686853 
vt 0.702898 0.686853 
vt 0.637621 0.693789 
vt 0.635467 0.693789 
vt 0.635467 0.686853 
vt 0.637621 0.686853 
vt 0.643339 0.769201 
vt 0.635467 0.771589 
vt 0.705406 0.771589 
vt 0.697623 0.769201 
vt 0.456906 0.67789 
vt 0.458671 0.675143 
vt 0.460626 0.677231 
vt 0.460648 0.678293 
vt 0.460626 0.677231 
vt 0.458671 0.675143 
vt 0.458755 0.65081 
vt 0.460335 0.65081 
vt 0.457543 0.623498 
vt 0.456767 0.626431 
vt 0.429429 0.626431 
vt 0.428392 0.623498 
vt 0.45679 0.626428 
vt 0.457543 0.623498 
vt 0.460367 0.623498 
vt 0.458671 0.628707 
vt 0.458671 0.628707 
vt 0.460367 0.623498 
vt 0.460335 0.65081 
vt 0.458755 0.65081 
vt 0.705406 0.771589 
vt 0.705406 0.7692 
vt 0.697623 0.769201 
vt 0.427534 0.675139 
vt 0.425919 0.676903 
vt 0.425919 0.65081 
vt 0.427554 0.65081 
vt 0.425919 0.623498 
vt 0.427539 0.628707 
vt 0.427554 0.65081 
vt 0.425919 0.65081 
vt 0.427539 0.628707 
vt 0.425919 0.623498 
vt 0.428392 0.623498 
vt 0.429429 0.626431 
vt 0.611932 0.762594 
vt 0.606059 0.760685 
vt 0.605574 0.7628 
vt 0.447225 0.759497 
vt 0.456212 0.761679 
vt 0.456212 0.75963 
vt 0.567951 0.771589 
vt 0.563471 0.771589 
vt 0.563471 0.693789 
vt 0.567951 0.693789 
vt 0.493566 0.693789 
vt 0.498146 0.693789 
vt 0.498146 0.771589 
vt 0.493566 0.771589 
vt 0.635467 0.759009 
vt 0.705406 0.759009 
vt 0.633313 0.693789 
vt 0.633313 0.771589 
vt 0.604135 0.771589 
vt 0.600452 0.693789 
vt 0.427975 0.771589 
vt 0.427975 0.693789 
vt 0.457871 0.693789 
vt 0.456517 0.771589 
vt 0.567951 0.771589 
vt 0.567951 0.693789 
vt 0.563471 0.693789 
vt 0.563471 0.771589 
vt 0.498061 0.771589 
vt 0.498061 0.693789 
vt 0.493566 0.693789 
vt 0.493566 0.771589 
vt 0.621696 0.76257 
vt 0.611932 0.762594 
vt 0.604135 0.771005 
vt 0.629744 0.764883 
vt 0.633089 0.767681 
vt 0.633313 0.771005 
vt 0.605574 0.7628 
vt 0.449998 0.762649 
vt 0.442889 0.763689 
vt 0.456517 0.771005 
vt 0.437806 0.765635 
vt 0.434359 0.767678 
vt 0.431945 0.771002 
vt 0.456212 0.763616 
vt 0.45679 0.626428 
vt 0.458671 0.628707 
vt 0.427539 0.628707 
vt 0.429324 0.626428 
vt 0.458671 0.675143 
vt 0.456906 0.67789 
vt 0.429575 0.67789 
vt 0.427539 0.675143 
vt 0.458671 0.65081 
vt 0.427554 0.65081 
vt 0.458671 0.65081 
vt 0.427554 0.65081 
vt 0.467638 0.651739 
vt 0.467638 0.675153 
vt 0.465393 0.675153 
vt 0.465393 0.65123 
vt 0.497557 0.679124 
vt 0.497557 0.675153 
vt 0.499872 0.675153 
vt 0.465393 0.675153 
vt 0.467638 0.675153 
vt 0.467638 0.679124 
vt 0.467638 0.675153 
vt 0.497557 0.675153 
vt 0.497557 0.679124 
vt 0.467638 0.679124 
vt 0.497557 0.651438 
vt 0.497557 0.675153 
vt 0.467638 0.675153 
vt 0.467638 0.651739 
vt 0.467638 0.627256 
vt 0.465393 0.627372 
vt 0.466516 0.625416 
vt 0.497557 0.62346 
vt 0.497557 0.627264 
vt 0.467638 0.627256 
vt 0.467638 0.62346 
vt 0.497557 0.627264 
vt 0.497557 0.62346 
vt 0.498714 0.625416 
vt 0.465393 0.65123 
vt 0.465393 0.627372 
vt 0.467638 0.627256 
vt 0.467638 0.651739 
vt 0.467638 0.651739 
vt 0.467638 0.627256 
vt 0.497557 0.627264 
vt 0.497557 0.651438 
vt 0.497557 0.651438 
vt 0.497557 0.627264 
vt 0.499872 0.627372 
vt 0.499872 0.65123 
vt 0.439713 0.760965 
vt 0.43295 0.763235 
vt 0.428882 0.766151 
vt 0.426029 0.771005 
vt 0.705406 0.771589 
vt 0.702898 0.771589 
vt 0.702898 0.693789 
vt 0.705406 0.693789 
vt 0.705406 0.693789 
vt 0.702898 0.693789 
vt 0.702898 0.686853 
vt 0.705406 0.686853 
vt 0.456212 0.763616 
vt 0.467638 0.62346 
vt 0.425919 0.678129 
vt 0.425919 0.676903 
vt 0.427534 0.675139 
vt 0.429575 0.67789 
vt 0.621696 0.76257 
vt 0.629744 0.764883 
vt 0.633089 0.767681 
vt 0.633313 0.771005 
vt 0.637621 0.693789 
vt 0.637621 0.771589 
vt 0.633313 0.693789 
vt 0.633313 0.686853 
vt 0.606403 0.759028 
vt 0.499872 0.627372 
vt 0.635467 0.769201 
vt 0.635467 0.771589 
vt 0.643339 0.769201 

usemtl Alreadypro1Mtl

f 6920/6920/6920 6921/6921/6921 6922/6922/6922 
f 6920/6920/6920 6922/6922/6922 6923/6923/6923 
f 6923/6923/6923 6922/6922/6922 6924/6924/6924 
f 6923/6923/6923 6924/6924/6924 6925/6925/6925 
f 6925/6925/6925 6924/6924/6924 6926/6926/6926 
f 6925/6925/6925 6926/6926/6926 6927/6927/6927 
f 6927/6927/6927 6926/6926/6926 6928/6928/6928 
f 6927/6927/6927 6928/6928/6928 6929/6929/6929 
f 6930/6930/6930 6931/6931/6931 6932/6932/6932 
f 6930/6930/6930 6932/6932/6932 6933/6933/6933 
f 6933/6933/6933 6932/6932/6932 6934/6934/6934 
f 6933/6933/6933 6934/6934/6934 6935/6935/6935 
f 6935/6935/6935 6934/6934/6934 6936/6936/6936 
f 6935/6935/6935 6936/6936/6936 6937/6937/6937 
f 6937/6937/6937 6936/6936/6936 6938/6938/6938 
f 6937/6937/6937 6938/6938/6938 6939/6939/6939 
f 6940/6940/6940 6941/6941/6941 6942/6942/6942 
f 6940/6940/6940 6942/6942/6942 6943/6943/6943 
f 6944/6944/6944 6945/6945/6945 6946/6946/6946 
f 6944/6944/6944 6946/6946/6946 6947/6947/6947 
f 6948/6948/6948 6949/6949/6949 6950/6950/6950 
f 6948/6948/6948 6950/6950/6950 6951/6951/6951 
f 6949/6949/6949 6952/6952/6952 6953/6953/6953 
f 6949/6949/6949 6953/6953/6953 6950/6950/6950 
f 6952/6952/6952 6954/6954/6954 6955/6955/6955 
f 6952/6952/6952 6955/6955/6955 6953/6953/6953 
f 6956/6956/6956 6957/6957/6957 6958/6958/6958 
f 6956/6956/6956 6958/6958/6958 6959/6959/6959 
f 6954/6954/6954 6960/6960/6960 6961/6961/6961 
f 6954/6954/6954 6961/6961/6961 6955/6955/6955 
f 6962/6962/6962 6963/6963/6963 6964/6964/6964 
f 6962/6962/6962 6964/6964/6964 6965/6965/6965 
f 6966/6966/6966 6967/6967/6967 6968/6968/6968 
f 6966/6966/6966 6968/6968/6968 6969/6969/6969 
f 6970/6970/6970 6971/6971/6971 6972/6972/6972 
f 6970/6970/6970 6972/6972/6972 6973/6973/6973 
f 6974/6974/6974 6975/6975/6975 6976/6976/6976 
f 6974/6974/6974 6976/6976/6976 6977/6977/6977 
f 6978/6978/6978 6979/6979/6979 6980/6980/6980 
f 6978/6978/6978 6980/6980/6980 6981/6981/6981 
f 6982/6982/6982 6983/6983/6983 6984/6984/6984 
f 6982/6982/6982 6984/6984/6984 6985/6985/6985 
f 6986/6986/6986 6987/6987/6987 6988/6988/6988 
f 6986/6986/6986 6988/6988/6988 6989/6989/6989 
f 6990/6990/6990 6991/6991/6991 6992/6992/6992 
f 6990/6990/6990 6992/6992/6992 6993/6993/6993 
f 6994/6994/6994 6995/6995/6995 6996/6996/6996 
f 6994/6994/6994 6996/6996/6996 6997/6997/6997 
f 6998/6998/6998 6999/6999/6999 7000/7000/7000 
f 6998/6998/6998 7000/7000/7000 7001/7001/7001 
f 7002/7002/7002 7003/7003/7003 7004/7004/7004 
f 7002/7002/7002 7004/7004/7004 7005/7005/7005 
f 7006/7006/7006 7007/7007/7007 7008/7008/7008 
f 7006/7006/7006 7008/7008/7008 7009/7009/7009 
f 7010/7010/7010 7011/7011/7011 7012/7012/7012 
f 7010/7010/7010 7012/7012/7012 7013/7013/7013 
f 7014/7014/7014 7015/7015/7015 7016/7016/7016 
f 7014/7014/7014 7016/7016/7016 7017/7017/7017 
f 7018/7018/7018 7019/7019/7019 7020/7020/7020 
f 7018/7018/7018 7020/7020/7020 7021/7021/7021 
f 7022/7022/7022 7023/7023/7023 7024/7024/7024 
f 7022/7022/7022 7024/7024/7024 7025/7025/7025 
f 7026/7026/7026 7027/7027/7027 7028/7028/7028 
f 7026/7026/7026 7028/7028/7028 7029/7029/7029 
f 7030/7030/7030 7031/7031/7031 7032/7032/7032 
f 7033/7033/7033 7034/7034/7034 7035/7035/7035 
f 7033/7033/7033 7035/7035/7035 7036/7036/7036 
f 7037/7037/7037 7038/7038/7038 7039/7039/7039 
f 7037/7037/7037 7039/7039/7039 7040/7040/7040 
f 7041/7041/7041 7042/7042/7042 7043/7043/7043 
f 7041/7041/7041 7043/7043/7043 7044/7044/7044 
f 7045/7045/7045 6921/6921/6921 7046/7046/7046 
f 7045/7045/7045 7046/7046/7046 7047/7047/7047 
f 7048/7048/7048 6931/6931/6931 7049/7049/7049 
f 7048/7048/7048 7049/7049/7049 7050/7050/7050 
f 7051/7051/7051 7052/7052/7052 7053/7053/7053 
f 7051/7051/7051 7053/7053/7053 7054/7054/7054 
f 7055/7055/7055 7056/7056/7056 7057/7057/7057 
f 7055/7055/7055 7057/7057/7057 7058/7058/7058 
f 7059/7059/7059 6948/6948/6948 6951/6951/6951 
f 7059/7059/7059 6951/6951/6951 7060/7060/7060 
f 7061/7061/7061 7062/7062/7062 7063/7063/7063 
f 7061/7061/7061 7063/7063/7063 7064/7064/7064 
f 7065/7065/7065 7066/7066/7066 7067/7067/7067 
f 7065/7065/7065 7067/7067/7067 7068/7068/7068 
f 7069/7069/7069 7070/7070/7070 7064/7064/7064 
f 7069/7069/7069 7064/7064/7064 7063/7063/7063 
f 7071/7071/7071 7072/7072/7072 7073/7073/7073 
f 7071/7071/7071 7073/7073/7073 7074/7074/7074 
f 7075/7075/7075 7076/7076/7076 7068/7068/7068 
f 7075/7075/7075 7068/7068/7068 7067/7067/7067 
f 7077/7077/7077 7078/7078/7078 7079/7079/7079 
f 7080/7080/7080 7077/7077/7077 7079/7079/7079 
f 7081/7081/7081 7080/7080/7080 7079/7079/7079 
f 7082/7082/7082 7081/7081/7081 7079/7079/7079 
f 7078/7078/7078 7083/7083/7083 7079/7079/7079 
f 7084/7084/7084 7085/7085/7085 7086/7086/7086 
f 7085/7085/7085 7087/7087/7087 7086/7086/7086 
f 7087/7087/7087 7088/7088/7088 7086/7086/7086 
f 7088/7088/7088 7089/7089/7089 7086/7086/7086 
f 7090/7090/7090 7084/7084/7084 7086/7086/7086 
f 7091/7091/7091 7092/7092/7092 7093/7093/7093 
f 7091/7091/7091 7093/7093/7093 7094/7094/7094 
f 7095/7095/7095 7096/7096/7096 7097/7097/7097 
f 7095/7095/7095 7097/7097/7097 7098/7098/7098 
f 7093/7093/7093 7099/7099/7099 7100/7100/7100 
f 7101/7101/7101 7098/7098/7098 7102/7102/7102 
f 7103/7103/7103 7104/7104/7104 7105/7105/7105 
f 7103/7103/7103 7105/7105/7105 7106/7106/7106 
f 7107/7107/7107 7108/7108/7108 7109/7109/7109 
f 7110/7110/7110 7111/7111/7111 7112/7112/7112 
f 7113/7113/7113 7114/7114/7114 7115/7115/7115 
f 7113/7113/7113 7115/7115/7115 7116/7116/7116 
f 7117/7117/7117 7118/7118/7118 7119/7119/7119 
f 7117/7117/7117 7119/7119/7119 7120/7120/7120 
f 7121/7121/7121 7122/7122/7122 7123/7123/7123 
f 7124/7124/7124 7125/7125/7125 7126/7126/7126 
f 7124/7124/7124 7126/7126/7126 7127/7127/7127 
f 7128/7128/7128 7129/7129/7129 7130/7130/7130 
f 7092/7092/7092 7099/7099/7099 7093/7093/7093 
f 7101/7101/7101 7095/7095/7095 7098/7098/7098 
f 7131/7131/7131 7132/7132/7132 7133/7133/7133 
f 7131/7131/7131 7133/7133/7133 7134/7134/7134 
f 7135/7135/7135 7136/7136/7136 7137/7137/7137 
f 7135/7135/7135 7137/7137/7137 7138/7138/7138 
f 7139/7139/7139 7140/7140/7140 7141/7141/7141 
f 7139/7139/7139 7141/7141/7141 7142/7142/7142 
f 6931/6931/6931 7048/7048/7048 7143/7143/7143 
f 6931/6931/6931 7143/7143/7143 6932/6932/6932 
f 6932/6932/6932 7143/7143/7143 7144/7144/7144 
f 6932/6932/6932 7144/7144/7144 6934/6934/6934 
f 6934/6934/6934 7144/7144/7144 7145/7145/7145 
f 6934/6934/6934 7145/7145/7145 6936/6936/6936 
f 6936/6936/6936 7145/7145/7145 7146/7146/7146 
f 6936/6936/6936 7146/7146/7146 6938/6938/6938 
f 7147/7147/7147 7148/7148/7148 7149/7149/7149 
f 7147/7147/7147 7149/7149/7149 7150/7150/7150 
f 7151/7151/7151 7152/7152/7152 7153/7153/7153 
f 7151/7151/7151 7153/7153/7153 7154/7154/7154 
f 6931/6931/6931 6930/6930/6930 7155/7155/7155 
f 6931/6931/6931 7155/7155/7155 7049/7049/7049 
f 7123/7123/7123 7156/7156/7156 7121/7121/7121 
f 7157/7157/7157 7158/7158/7158 7159/7159/7159 
f 7157/7157/7157 7159/7159/7159 7160/7160/7160 
f 6921/6921/6921 7045/7045/7045 7161/7161/7161 
f 6921/6921/6921 7161/7161/7161 6922/6922/6922 
f 6922/6922/6922 7161/7161/7161 7162/7162/7162 
f 6922/6922/6922 7162/7162/7162 6924/6924/6924 
f 6924/6924/6924 7162/7162/7162 7163/7163/7163 
f 6924/6924/6924 7163/7163/7163 6926/6926/6926 
f 6926/6926/6926 7163/7163/7163 7164/7164/7164 
f 6926/6926/6926 7164/7164/7164 6928/6928/6928 
f 6941/6941/6941 7165/7165/7165 7166/7166/7166 
f 6941/6941/6941 7166/7166/7166 6942/6942/6942 
f 7003/7003/7003 7167/7167/7167 7168/7168/7168 
f 7003/7003/7003 7168/7168/7168 7004/7004/7004 
f 6921/6921/6921 6920/6920/6920 7169/7169/7169 
f 6921/6921/6921 7169/7169/7169 7046/7046/7046 
f 7130/7130/7130 7170/7170/7170 7128/7128/7128 
f 7171/7171/7171 7172/7172/7172 7173/7173/7173 

g Alreadypro15

v -32.1491 2.04091 -31.6661 
v -32.1491 2.2372 -31.6661 
v -33.0139 2.2372 -31.6661 
v -33.0139 2.04091 -31.6661 
v -32.1494 2.2372 -32.6661 
v -32.1494 2.04091 -32.6661 
v -33.0139 2.04091 -32.6661 
v -33.0139 2.2372 -32.6661 
v -33.0139 2.27822 -32.6008 
v -32.858 2.3 -32.4452 
v -32.3016 2.3 -32.4452 
v -32.1494 2.27822 -32.6008 
v -32.5799 2 -32.1661 
v -33.0138 2.00007 -32.6008 
v -32.1491 2 -32.6008 
v -33.0139 2.00007 -31.7291 
v -32.5799 2 -32.1661 
v -32.1491 2 -31.7291 
v -33.0138 2.00007 -32.6008 
v -32.5799 2 -32.1661 
v -33.0139 2.00007 -31.7291 
v -32.1491 2 -32.6008 
v -32.1491 2 -31.7291 
v -32.5799 2 -32.1661 
v -33.0139 2.04091 -31.6661 
v -33.0139 2.00007 -31.7291 
v -32.1491 2 -31.7291 
v -32.1491 2.04091 -31.6661 
v -32.1494 2.04091 -32.6661 
v -32.1491 2 -32.6008 
v -33.0138 2.00007 -32.6008 
v -33.0139 2.04091 -32.6661 
v -33.0138 2.27822 -31.7291 
v -32.858 2.3 -31.8876 
v -33.0835 2.2372 -31.7291 
v -33.0138 2.27822 -31.7291 
v -33.0139 2.27822 -32.6008 
v -33.0835 2.2372 -32.6008 
v -33.0835 2.04091 -32.6008 
v -33.0138 2.00007 -32.6008 
v -33.0139 2.00007 -31.7291 
v -33.0835 2.04091 -31.7291 
v -33.0835 2.2372 -31.7291 
v -33.0835 2.2372 -32.6008 
v -33.0835 2.04091 -32.6008 
v -33.0835 2.04091 -31.7291 
v -33.0139 2.00007 -31.7291 
v -33.0139 2.04091 -31.6661 
v -33.0487 2.04091 -31.6976 
v -33.0487 2.04091 -31.6976 
v -33.0139 2.04091 -31.6661 
v -33.0139 2.2372 -31.6661 
v -33.0487 2.2372 -31.6976 
v -33.0139 2.2372 -31.6661 
v -33.0138 2.27822 -31.7291 
v -33.0487 2.2372 -31.6976 
v -32.1491 2.2372 -31.6661 
v -32.1491 2.27822 -31.7291 
v -33.0138 2.27822 -31.7291 
v -33.0139 2.2372 -31.6661 
v -32.1491 2.27822 -31.7291 
v -32.3016 2.3 -31.8876 
v -32.1491 2.27822 -31.7291 
v -32.1491 2.2372 -31.6661 
v -32.1163 2.2372 -31.6976 
v -32.1491 2.04091 -31.6661 
v -32.1163 2.04091 -31.6976 
v -32.1163 2.2372 -31.6976 
v -32.1491 2.2372 -31.6661 
v -33.0835 2.2372 -32.6008 
v -33.0139 2.27822 -32.6008 
v -33.0139 2.2372 -32.6661 
v -33.0139 2.04091 -32.6661 
v -33.0835 2.04091 -32.6008 
v -33.0835 2.2372 -32.6008 
v -33.0139 2.2372 -32.6661 
v -33.0139 2.04091 -32.6661 
v -33.0138 2.00007 -32.6008 
v -33.0835 2.04091 -32.6008 
v -33.0139 2.2372 -32.6661 
v -33.0139 2.27822 -32.6008 
v -32.1494 2.27822 -32.6008 
v -32.1494 2.2372 -32.6661 
v -32.1494 2.2372 -32.6661 
v -32.1494 2.27822 -32.6008 
v -32.0835 2.2372 -32.6008 
v -32.1494 2.2372 -32.6661 
v -32.0835 2.2372 -32.6008 
v -32.0835 2.04091 -32.6008 
v -32.1494 2.04091 -32.6661 
v -32.0835 2.04091 -32.6008 
v -32.1491 2 -32.6008 
v -32.1494 2.04091 -32.6661 
v -32.0835 2.04091 -31.7291 
v -32.1491 2 -31.7291 
v -32.1491 2 -32.6008 
v -32.0835 2.04091 -32.6008 
v -32.0835 2.2372 -32.6008 
v -32.0835 2.2372 -31.7291 
v -32.0835 2.04091 -31.7291 
v -32.0835 2.04091 -32.6008 
v -32.1494 2.27822 -32.6008 
v -32.1491 2.27822 -31.7291 
v -32.0835 2.2372 -31.7291 
v -32.0835 2.2372 -32.6008 
v -32.1491 2 -31.7291 
v -32.0835 2.04091 -31.7291 
v -32.1163 2.04091 -31.6976 
v -32.5798 2.29976 -32.167 
v -32.1163 2.04091 -31.6976 
v -32.0835 2.04091 -31.7291 
v -32.0835 2.2372 -31.7291 
v -32.1163 2.2372 -31.6976 
v -32.1163 2.04091 -31.6976 
v -32.1491 2.04091 -31.6661 
v -32.1491 2 -31.7291 
v -32.1163 2.2372 -31.6976 
v -32.0835 2.2372 -31.7291 
v -32.1491 2.27822 -31.7291 
v -33.0138 2.27822 -31.7291 
v -33.0835 2.2372 -31.7291 
v -33.0487 2.2372 -31.6976 
v -33.0487 2.2372 -31.6976 
v -33.0835 2.2372 -31.7291 
v -33.0835 2.04091 -31.7291 
v -33.0487 2.04091 -31.6976 
v -33.0487 2.04091 -31.6976 
v -33.0835 2.04091 -31.7291 
v -33.0139 2.00007 -31.7291 

vn 0 0.0866142 1 
vn 0 0.0866142 1 
vn 0 0.0866142 1 
vn 0 0.0866142 1 
vn 0 0.0866142 -1 
vn 0 0.0866142 -1 
vn 0 0.0866142 -1 
vn 0 0.0866142 -1 
vn 0 0.984252 -0.173228 
vn 0 0.984252 -0.165354 
vn 0 0.984252 -0.165354 
vn 0 0.984252 -0.173228 
vn 0 -1 0 
vn 0 -1 -0.015748 
vn 0 -1 -0.015748 
vn 0 -1 0.015748 
vn 0 -1 0 
vn 0 -1 0.015748 
vn 0 -1 -0.015748 
vn 0 -1 0 
vn 0 -1 0.015748 
vn 0 -1 -0.015748 
vn 0 -1 0.015748 
vn 0 -1 0 
vn 0 -0.80315 0.598425 
vn 0 -0.80315 0.590551 
vn 0 -0.80315 0.590551 
vn 0 -0.80315 0.598425 
vn 0 -0.811024 -0.582677 
vn 0 -0.811024 -0.582677 
vn 0 -0.811024 -0.582677 
vn 0 -0.811024 -0.582677 
vn -0.173228 0.984252 0 
vn -0.15748 0.984252 0.00787402 
vn -0.472441 0.88189 0.00787402 
vn -0.511811 0.858268 0 
vn -0.511811 0.858268 0 
vn -0.472441 0.88189 -0.00787402 
vn -0.543307 -0.834646 -0.015748 
vn -0.543307 -0.834646 -0.015748 
vn -0.543307 -0.834646 0.015748 
vn -0.543307 -0.834646 0.015748 
vn -1 0.0866142 0.015748 
vn -1 0.0866142 -0.015748 
vn -1 0.0866142 -0.015748 
vn -1 0.0866142 0.015748 
vn -0.464567 -0.708661 0.527559 
vn -0.464567 -0.708661 0.535433 
vn -0.440945 -0.755906 0.488189 
vn -0.669291 0 0.740157 
vn -0.661417 0.0866142 0.748031 
vn -0.661417 0.0866142 0.748031 
vn -0.669291 0 0.740157 
vn -0.409449 0.779528 0.472441 
vn -0.440945 0.748031 0.488189 
vn -0.440945 0.748031 0.488189 
vn 0 0.850394 0.519685 
vn 0 0.834646 0.543307 
vn 0 0.834646 0.543307 
vn 0 0.850394 0.519685 
vn 0 0.984252 0.165354 
vn 0 0.984252 0.15748 
vn 0.464567 0.740157 0.480315 
vn 0.433071 0.771654 0.464567 
vn 0.464567 0.740157 0.480315 
vn 0.685039 0.0866142 0.724409 
vn 0.692913 0 0.724409 
vn 0.692913 0 0.724409 
vn 0.685039 0.0866142 0.724409 
vn -0.417323 0.787402 -0.456693 
vn -0.448819 0.755906 -0.472441 
vn -0.417323 0.787402 -0.456693 
vn -0.677165 0.0866142 -0.732283 
vn -0.677165 0.0866142 -0.732283 
vn -0.677165 0.0866142 -0.732283 
vn -0.677165 0.0866142 -0.732283 
vn -0.472441 -0.716535 -0.519685 
vn -0.472441 -0.716535 -0.519685 
vn -0.472441 -0.716535 -0.519685 
vn 0 0.866142 -0.503937 
vn 0 0.850394 -0.535433 
vn 0 0.850394 -0.535433 
vn 0 0.866142 -0.503937 
vn 0.433071 0.779528 -0.456693 
vn 0.464567 0.748031 -0.472441 
vn 0.433071 0.779528 -0.448819 
vn 0.692913 0.0866142 -0.716535 
vn 0.692913 0.0866142 -0.716535 
vn 0.692913 0.0866142 -0.716535 
vn 0.692913 0.0866142 -0.716535 
vn 0.496063 -0.700787 -0.511811 
vn 0.496063 -0.700787 -0.511811 
vn 0.496063 -0.700787 -0.511811 
vn 0.566929 -0.818898 0.015748 
vn 0.566929 -0.818898 0.015748 
vn 0.566929 -0.818898 -0.015748 
vn 0.566929 -0.818898 -0.015748 
vn 1 0.0866142 -0.015748 
vn 1 0.0866142 0.015748 
vn 1 0.0866142 0.015748 
vn 1 0.0866142 -0.015748 
vn 0.527559 0.850394 0 
vn 0.527559 0.850394 0 
vn 0.496063 0.866142 0.00787402 
vn 0.496063 0.866142 -0.00787402 
vn 0.488189 -0.692913 0.527559 
vn 0.488189 -0.692913 0.527559 
vn 0.464567 -0.740157 0.480315 
vn 0 1 0 
vn 0.692913 0 0.724409 
vn 0.685039 0.0866142 0.724409 
vn 0.685039 0.0866142 0.724409 
vn 0.692913 0 0.724409 
vn 0.464567 -0.740157 0.480315 
vn 0.488189 -0.692913 0.527559 
vn 0.488189 -0.692913 0.527559 
vn 0.464567 0.740157 0.480315 
vn 0.433071 0.771654 0.464567 
vn 0.464567 0.740157 0.480315 
vn -0.440945 0.748031 0.488189 
vn -0.409449 0.779528 0.472441 
vn -0.440945 0.748031 0.488189 
vn -0.669291 0 0.740157 
vn -0.661417 0.0866142 0.748031 
vn -0.661417 0.0866142 0.748031 
vn -0.669291 0 0.740157 
vn -0.440945 -0.755906 0.488189 
vn -0.464567 -0.708661 0.527559 
vn -0.464567 -0.708661 0.527559 

vt 0.493576 0.556177 
vt 0.493576 0.577771 
vt 0.427849 0.577771 
vt 0.427849 0.556177 
vt 0.497751 0.612907 
vt 0.497751 0.59099 
vt 0.563287 0.59099 
vt 0.563287 0.612907 
vt 0.635245 0.524936 
vt 0.629421 0.534715 
vt 0.60634 0.534715 
vt 0.600591 0.524936 
vt 0.674374 0.560034 
vt 0.709502 0.616046 
vt 0.639817 0.616047 
vt 0.709502 0.503702 
vt 0.674374 0.560034 
vt 0.639816 0.503704 
vt 0.709502 0.616046 
vt 0.674374 0.560034 
vt 0.709502 0.503702 
vt 0.639817 0.616047 
vt 0.639816 0.503704 
vt 0.674374 0.560034 
vt 0.427849 0.556177 
vt 0.425886 0.553097 
vt 0.495527 0.553097 
vt 0.493576 0.556177 
vt 0.497751 0.59099 
vt 0.495578 0.588381 
vt 0.565499 0.588381 
vt 0.563287 0.59099 
vt 0.635243 0.580685 
vt 0.629421 0.570717 
vt 0.633312 0.613007 
vt 0.635305 0.616258 
vt 0.565499 0.616156 
vt 0.567636 0.612907 
vt 0.567636 0.59099 
vt 0.565499 0.588381 
vt 0.635305 0.588407 
vt 0.633312 0.591251 
vt 0.633312 0.613007 
vt 0.567636 0.612907 
vt 0.567636 0.59099 
vt 0.633312 0.591251 
vt 0.425886 0.553097 
vt 0.427849 0.556177 
vt 0.425886 0.556177 
vt 0.425886 0.556177 
vt 0.427849 0.556177 
vt 0.427849 0.577771 
vt 0.425886 0.577771 
vt 0.427849 0.577771 
vt 0.425886 0.580972 
vt 0.425886 0.577771 
vt 0.493576 0.577771 
vt 0.495527 0.580972 
vt 0.425886 0.580972 
vt 0.427849 0.577771 
vt 0.600581 0.580685 
vt 0.60634 0.570717 
vt 0.495527 0.580972 
vt 0.493576 0.577771 
vt 0.495527 0.577771 
vt 0.493576 0.556177 
vt 0.495527 0.556177 
vt 0.495527 0.577771 
vt 0.493576 0.577771 
vt 0.567636 0.612907 
vt 0.565499 0.616156 
vt 0.563287 0.612907 
vt 0.563287 0.59099 
vt 0.567636 0.59099 
vt 0.567636 0.612907 
vt 0.563287 0.612907 
vt 0.563287 0.59099 
vt 0.565499 0.588381 
vt 0.567636 0.59099 
vt 0.563287 0.612907 
vt 0.565499 0.616156 
vt 0.495578 0.616156 
vt 0.497751 0.612907 
vt 0.497751 0.612907 
vt 0.495578 0.616156 
vt 0.493527 0.612907 
vt 0.497751 0.612907 
vt 0.493527 0.612907 
vt 0.493527 0.59099 
vt 0.497751 0.59099 
vt 0.493527 0.59099 
vt 0.495578 0.588381 
vt 0.497751 0.59099 
vt 0.427853 0.590976 
vt 0.425853 0.588381 
vt 0.495578 0.588381 
vt 0.493527 0.59099 
vt 0.493527 0.612907 
vt 0.427853 0.613007 
vt 0.427853 0.590976 
vt 0.493527 0.59099 
vt 0.495578 0.616156 
vt 0.425853 0.616258 
vt 0.427853 0.613007 
vt 0.493527 0.612907 
vt 0.425853 0.588433 
vt 0.427853 0.590976 
vt 0.425853 0.590976 
vt 0.617538 0.552601 
vt 0.425853 0.590976 
vt 0.427853 0.590976 
vt 0.427853 0.613007 
vt 0.425853 0.613007 
vt 0.495527 0.556177 
vt 0.493576 0.556177 
vt 0.495527 0.553097 
vt 0.425853 0.613007 
vt 0.427853 0.613007 
vt 0.425853 0.616258 
vt 0.635305 0.616258 
vt 0.633312 0.613007 
vt 0.635305 0.613058 
vt 0.635305 0.613058 
vt 0.633312 0.613007 
vt 0.633312 0.591251 
vt 0.635305 0.591382 
vt 0.635305 0.591382 
vt 0.633312 0.591251 
vt 0.635305 0.588407 

usemtl Alreadypro1Mtl

f 7174/7174/7174 7175/7175/7175 7176/7176/7176 
f 7174/7174/7174 7176/7176/7176 7177/7177/7177 
f 7178/7178/7178 7179/7179/7179 7180/7180/7180 
f 7178/7178/7178 7180/7180/7180 7181/7181/7181 
f 7182/7182/7182 7183/7183/7183 7184/7184/7184 
f 7182/7182/7182 7184/7184/7184 7185/7185/7185 
f 7186/7186/7186 7187/7187/7187 7188/7188/7188 
f 7189/7189/7189 7190/7190/7190 7191/7191/7191 
f 7192/7192/7192 7193/7193/7193 7194/7194/7194 
f 7195/7195/7195 7196/7196/7196 7197/7197/7197 
f 7198/7198/7198 7199/7199/7199 7200/7200/7200 
f 7198/7198/7198 7200/7200/7200 7201/7201/7201 
f 7202/7202/7202 7203/7203/7203 7204/7204/7204 
f 7202/7202/7202 7204/7204/7204 7205/7205/7205 
f 7183/7183/7183 7182/7182/7182 7206/7206/7206 
f 7183/7183/7183 7206/7206/7206 7207/7207/7207 
f 7208/7208/7208 7209/7209/7209 7210/7210/7210 
f 7208/7208/7208 7210/7210/7210 7211/7211/7211 
f 7212/7212/7212 7213/7213/7213 7214/7214/7214 
f 7212/7212/7212 7214/7214/7214 7215/7215/7215 
f 7216/7216/7216 7217/7217/7217 7218/7218/7218 
f 7216/7216/7216 7218/7218/7218 7219/7219/7219 
f 7220/7220/7220 7221/7221/7221 7222/7222/7222 
f 7223/7223/7223 7224/7224/7224 7225/7225/7225 
f 7223/7223/7223 7225/7225/7225 7226/7226/7226 
f 7227/7227/7227 7228/7228/7228 7229/7229/7229 
f 7230/7230/7230 7231/7231/7231 7232/7232/7232 
f 7230/7230/7230 7232/7232/7232 7233/7233/7233 
f 7207/7207/7207 7206/7206/7206 7234/7234/7234 
f 7207/7207/7207 7234/7234/7234 7235/7235/7235 
f 7236/7236/7236 7237/7237/7237 7238/7238/7238 
f 7239/7239/7239 7240/7240/7240 7241/7241/7241 
f 7239/7239/7239 7241/7241/7241 7242/7242/7242 
f 7243/7243/7243 7244/7244/7244 7245/7245/7245 
f 7246/7246/7246 7247/7247/7247 7248/7248/7248 
f 7246/7246/7246 7248/7248/7248 7249/7249/7249 
f 7250/7250/7250 7251/7251/7251 7252/7252/7252 
f 7253/7253/7253 7254/7254/7254 7255/7255/7255 
f 7253/7253/7253 7255/7255/7255 7256/7256/7256 
f 7257/7257/7257 7258/7258/7258 7259/7259/7259 
f 7260/7260/7260 7261/7261/7261 7262/7262/7262 
f 7260/7260/7260 7262/7262/7262 7263/7263/7263 
f 7264/7264/7264 7265/7265/7265 7266/7266/7266 
f 7267/7267/7267 7268/7268/7268 7269/7269/7269 
f 7267/7267/7267 7269/7269/7269 7270/7270/7270 
f 7271/7271/7271 7272/7272/7272 7273/7273/7273 
f 7271/7271/7271 7273/7273/7273 7274/7274/7274 
f 7275/7275/7275 7276/7276/7276 7277/7277/7277 
f 7275/7275/7275 7277/7277/7277 7278/7278/7278 
f 7185/7185/7185 7184/7184/7184 7235/7235/7235 
f 7185/7185/7185 7235/7235/7235 7234/7234/7234 
f 7279/7279/7279 7280/7280/7280 7281/7281/7281 
f 7207/7207/7207 7282/7282/7282 7183/7183/7183 
f 7282/7282/7282 7235/7235/7235 7184/7184/7184 
f 7282/7282/7282 7184/7184/7184 7183/7183/7183 
f 7207/7207/7207 7235/7235/7235 7282/7282/7282 
f 7283/7283/7283 7284/7284/7284 7285/7285/7285 
f 7283/7283/7283 7285/7285/7285 7286/7286/7286 
f 7287/7287/7287 7288/7288/7288 7289/7289/7289 
f 7290/7290/7290 7291/7291/7291 7292/7292/7292 
f 7293/7293/7293 7294/7294/7294 7295/7295/7295 
f 7296/7296/7296 7297/7297/7297 7298/7298/7298 
f 7296/7296/7296 7298/7298/7298 7299/7299/7299 
f 7300/7300/7300 7301/7301/7301 7302/7302/7302 

