[Licensing::Module] Trying to connect to existing licensing client channel...
Built from '6000.2/respin/6000.2.0f1-517f89d850d1' branch; Version is '6000.2.0f1 (eed1c594c913) revision 15651269'; Using compiler version '194234433'; Build Type 'Release'
OS: 'Windows 11  (10.0.26100) 64bit CoreSingleLanguage' Language: 'en' Physical Memory: 7418 MB
BatchMode: 1, IsHumanControllingUs: 0, StartBugReporterOnCrash: 0, Is64bit: 1
[Licensing::IpcConnector] Successfully connected to: "LicenseClient-Sealbastian" at "2025-09-09T05:57:36.0044027Z"
Date: 2025-09-09T05:57:36Z

COMMAND LINE ARGUMENTS:
C:\Program Files\Unity\Hub\Editor\6000.2.0f1\Editor\Unity.exe
-adb2
-batchMode
-noUpm
-name
AssetImportWorker0
-projectPath
C:/Users/Sealbastian/Documents/SP2025
-logFile
Logs/AssetImportWorker0.log
-srvPort
58168
-licensingIpc
LicenseClient-Sealbastian
-job-worker-count
7
-background-job-worker-count
8
-gc-helper-count
1
-name
AssetImport
Successfully changed project path to: C:/Users/Sealbastian/Documents/SP2025
C:/Users/Sealbastian/Documents/SP2025
[UnityMemory] Configuration Parameters - Can be set up in boot.config
    "memorysetup-allocator-temp-initial-block-size-main=262144"
    "memorysetup-allocator-temp-initial-block-size-worker=262144"
    "memorysetup-bucket-allocator-granularity=16"
    "memorysetup-bucket-allocator-bucket-count=8"
    "memorysetup-bucket-allocator-block-size=33554432"
    "memorysetup-bucket-allocator-block-count=8"
    "memorysetup-main-allocator-block-size=16777216"
    "memorysetup-thread-allocator-block-size=16777216"
    "memorysetup-gfx-main-allocator-block-size=16777216"
    "memorysetup-gfx-thread-allocator-block-size=16777216"
    "memorysetup-cache-allocator-block-size=4194304"
    "memorysetup-typetree-allocator-block-size=2097152"
    "memorysetup-profiler-bucket-allocator-granularity=16"
    "memorysetup-profiler-bucket-allocator-bucket-count=8"
    "memorysetup-profiler-bucket-allocator-block-size=33554432"
    "memorysetup-profiler-bucket-allocator-block-count=8"
    "memorysetup-profiler-allocator-block-size=16777216"
    "memorysetup-profiler-editor-allocator-block-size=1048576"
    "memorysetup-temp-allocator-size-main=16777216"
    "memorysetup-job-temp-allocator-block-size=2097152"
    "memorysetup-job-temp-allocator-block-size-background=1048576"
    "memorysetup-job-temp-allocator-reduction-small-platforms=262144"
    "memorysetup-temp-allocator-size-background-worker=32768"
    "memorysetup-temp-allocator-size-job-worker=262144"
    "memorysetup-temp-allocator-size-preload-manager=33554432"
    "memorysetup-temp-allocator-size-nav-mesh-worker=65536"
    "memorysetup-temp-allocator-size-audio-worker=65536"
    "memorysetup-temp-allocator-size-cloud-worker=32768"
    "memorysetup-temp-allocator-size-gi-baking-worker=262144"
    "memorysetup-temp-allocator-size-gi-baking-worker=262144"
    "memorysetup-temp-allocator-size-gi-baking-worker=262144"
    "memorysetup-temp-allocator-size-gi-baking-worker=262144"
    "memorysetup-temp-allocator-size-gi-baking-worker=262144"
    "memorysetup-temp-allocator-size-gfx=262144"
Player connection [22244]  Target information:

Player connection [22244]  * "[IP] 192.168.0.173 [Port] 0 [Flags] 2 [Guid] 1342397219 [EditorId] 1342397219 [Version] 1048832 [Id] WindowsEditor(7,DESKTOP-R1QJ1R5) [Debug] 1 [PackageName] WindowsEditor [ProjectName] Editor" 

Player connection [22244] Host joined multi-casting on [225.0.0.222:54997]...
Player connection [22244] Host joined alternative multi-casting on [225.0.0.222:34997]...
JobSystem: Creating JobQueue using job-worker-count value 7
Input System module state changed to: Initialized.
[Physics::Module] Initialized fallback backend.
[Physics::Module] Id: 0xdecafbad
[Licensing::Client] Code 10 while verifying Licensing Client signature (process Id: 22940, path: "C:/Program Files/Unity Hub/UnityLicensingClient_V1/Unity.Licensing.Client.exe")
[Licensing::Module] LicensingClient has failed validation; ignoring
[Licensing::Client] Error: HandshakeResponse reported an error:
	ResponseCode: 505
	ResponseStatus: Unsupported protocol version '1.17.1'.
[Licensing::Module] Error: Failed to handshake to channel: "LicenseClient-Sealbastian"
[Licensing::IpcConnector] LicenseClient-Sealbastian channel disconnected successfully.
[Licensing::IpcConnector] Successfully connected to: "LicenseClient-Sealbastian-6000.2.0" at "2025-09-09T05:57:36.0683686Z"
[Licensing::Client] Code 10 while verifying Licensing Client signature (process Id: 11308, path: "C:/Program Files/Unity/Hub/Editor/6000.2.0f1/Editor/Data/Resources/Licensing/Client/Unity.Licensing.Client.exe")
[Licensing::Module] LicensingClient has failed validation; ignoring
Library Redirect Path: Library/
[Licensing::Client] Handshaking with LicensingClient:
  Version:                 1.17.1+ae67fbc
  Session Id:              0b4f06f646d3479fbb2ef0f099e4a2d8
  Correlation Id:          709a8ec643687f14ca3b708a63e7ff4d
  External correlation Id: 247539755655437854
  Machine Id:              VOykiKglYbCqCtPdp9R99kemwRM=
[Licensing::Module] Successfully connected to LicensingClient on channel: "LicenseClient-Sealbastian-6000.2.0" (connect: 0.00s, validation: 0.03s, handshake: 0.01s)
[Licensing::IpcConnector] Successfully connected to: "LicenseClient-Sealbastian-6000.2.0-notifications" at "2025-09-09T05:57:36.1167876Z"
[Licensing::Module] Licensing Background thread has ended after 0.11s
[Physics::Module] Selected backend.
[Physics::Module] Name: PhysX
[Physics::Module] Id: 0xf2b8ea05
[Physics::Module] SDK Version: 4.1.2
[Physics::Module] Integration Version: 1.0.0
[Physics::Module] Threading Mode: Multi-Threaded
Refreshing native plugins compatible for Editor in 6.19 ms, found 3 plugins.
Preloading 0 native plugins for Editor in 0.00 ms.
Initialize engine version: 6000.2.0f1 (eed1c594c913)
[Subsystems] Discovering subsystems at path C:/Program Files/Unity/Hub/Editor/6000.2.0f1/Editor/Data/Resources/UnitySubsystems
[Subsystems] Discovering subsystems at path C:/Users/Sealbastian/Documents/SP2025/Assets
GfxDevice: creating device client; kGfxThreadingModeNonThreaded
Direct3D:
    Version:         Direct3D 12 [level 12.1]
    Renderer:        NVIDIA GeForce RTX 2050 (ID=0x25ad)
    Vendor:          NVIDIA
    VRAM:            3964 MB
    App VRAM Budget: 3369 MB
    Driver:          32.0.15.7602
Initialize mono
Mono path[0] = 'C:/Program Files/Unity/Hub/Editor/6000.2.0f1/Editor/Data/Managed'
Mono path[1] = 'C:/Program Files/Unity/Hub/Editor/6000.2.0f1/Editor/Data/MonoBleedingEdge/lib/mono/unityjit-win32'
Mono config path = 'C:/Program Files/Unity/Hub/Editor/6000.2.0f1/Editor/Data/MonoBleedingEdge/etc'
Using monoOptions --debugger-agent=transport=dt_socket,embedding=1,server=y,suspend=n,address=127.0.0.1:56728
Begin MonoManager ReloadAssembly
Registering precompiled unity dll's ...
Register platform support module: C:/Program Files/Unity/Hub/Editor/6000.2.0f1/Editor/Data/PlaybackEngines/WindowsStandaloneSupport/UnityEditor.WindowsStandalone.Extensions.dll
Registered in 0.006438 seconds.
- Loaded All Assemblies, in  0.814 seconds
Native extension for WindowsStandalone target not found
Mono: successfully reloaded assembly
- Finished resetting the current domain, in  0.491 seconds
Domain Reload Profiling: 1301ms
	BeginReloadAssembly (416ms)
		ExecutionOrderSort (0ms)
		DisableScriptedObjects (0ms)
		BackupInstance (0ms)
		ReleaseScriptingObjects (0ms)
		CreateAndSetChildDomain (2ms)
	RebuildCommonClasses (61ms)
	RebuildNativeTypeToScriptingClass (14ms)
	initialDomainReloadingComplete (96ms)
	LoadAllAssembliesAndSetupDomain (221ms)
		LoadAssemblies (408ms)
		RebuildTransferFunctionScriptingTraits (0ms)
		AnalyzeDomain (216ms)
			TypeCache.Refresh (213ms)
				TypeCache.ScanAssembly (193ms)
			BuildScriptInfoCaches (0ms)
			ResolveRequiredComponents (1ms)
	FinalizeReload (492ms)
		ReleaseScriptCaches (0ms)
		RebuildScriptCaches (0ms)
		SetupLoadedEditorAssemblies (407ms)
			LogAssemblyErrors (0ms)
			InitializePlatformSupportModulesInManaged (64ms)
			SetLoadedEditorAssemblies (5ms)
			BeforeProcessingInitializeOnLoad (94ms)
			ProcessInitializeOnLoadAttributes (169ms)
			ProcessInitializeOnLoadMethodAttributes (74ms)
			AfterProcessingInitializeOnLoad (0ms)
			EditorAssembliesLoaded (0ms)
		ExecutionOrderSort2 (0ms)
		AwakeInstancesAfterBackupRestoration (0ms)
========================================================================
Worker process is ready to serve import requests
Import Worker Mode flag is 0x00
Begin MonoManager ReloadAssembly
[Licensing::Client] Successfully resolved entitlement details
[Licensing::Module] License group:
  Id: 4673916582667-UnityPersXXXX
  Product: Unity Personal
  Type: Assigned
  Expiration: Unlimited
- Loaded All Assemblies, in  1.701 seconds
Refreshing native plugins compatible for Editor in 2.52 ms, found 3 plugins.
Native extension for WindowsStandalone target not found
[MODES] ModeService[none].Initialize
[MODES] ModeService[none].LoadModes
[MODES] Loading mode Default (0) for mode-current-id-SP2025
Mono: successfully reloaded assembly
- Finished resetting the current domain, in  0.821 seconds
Domain Reload Profiling: 2496ms
	BeginReloadAssembly (342ms)
		ExecutionOrderSort (0ms)
		DisableScriptedObjects (10ms)
		BackupInstance (0ms)
		ReleaseScriptingObjects (0ms)
		CreateAndSetChildDomain (44ms)
	RebuildCommonClasses (38ms)
	RebuildNativeTypeToScriptingClass (12ms)
	initialDomainReloadingComplete (48ms)
	LoadAllAssembliesAndSetupDomain (1235ms)
		LoadAssemblies (1070ms)
		RebuildTransferFunctionScriptingTraits (0ms)
		AnalyzeDomain (354ms)
			TypeCache.Refresh (267ms)
				TypeCache.ScanAssembly (247ms)
			BuildScriptInfoCaches (78ms)
			ResolveRequiredComponents (5ms)
	FinalizeReload (821ms)
		ReleaseScriptCaches (0ms)
		RebuildScriptCaches (0ms)
		SetupLoadedEditorAssemblies (697ms)
			LogAssemblyErrors (0ms)
			InitializePlatformSupportModulesInManaged (2ms)
			SetLoadedEditorAssemblies (7ms)
			BeforeProcessingInitializeOnLoad (135ms)
			ProcessInitializeOnLoadAttributes (453ms)
			ProcessInitializeOnLoadMethodAttributes (95ms)
			AfterProcessingInitializeOnLoad (6ms)
			EditorAssembliesLoaded (0ms)
		ExecutionOrderSort2 (0ms)
		AwakeInstancesAfterBackupRestoration (6ms)
Launched and connected shader compiler UnityShaderCompiler.exe after 0.03 seconds
Refreshing native plugins compatible for Editor in 1.48 ms, found 3 plugins.
Preloading 0 native plugins for Editor in 0.00 ms.
Unloading 30 Unused Serialized files (Serialized files now loaded: 0)
Unloading 6010 unused Assets / (6.3 MB). Loaded Objects now: 6505.
Memory consumption went from 118.3 MB to 112.0 MB.
Total: 13.003900 ms (FindLiveObjects: 1.390400 ms CreateObjectMapping: 0.992500 ms MarkObjects: 6.555400 ms  DeleteObjects: 3.858500 ms)

========================================================================
Received Import Request.
  Time since last request: 18165.661708 seconds.
  path: Assets/Prefabs/TileMainBedroom Variant.prefab
  artifactKey: Guid(042fb929a95e9f14ab5c4f22814c1fc2) Importer(815301076,1909f56bfc062723c751e8b465ee728b)
Start importing Assets/Prefabs/TileMainBedroom Variant.prefab using Guid(042fb929a95e9f14ab5c4f22814c1fc2) Importer(815301076,1909f56bfc062723c751e8b465ee728b) (PreviewImporter) -> (artifact id: '1d6b11860f94054d65628469de2cde3f') in 0.2877632 seconds
Number of updated asset objects reloaded before import = 0Number of asset objects unloaded after import = 26

========================================================================
Received Import Request.
  Time since last request: 13.094326 seconds.
  path: Assets/Materials/Room1 Floor.png
  artifactKey: Guid(df82f9bccfa21c543b472717eb49c424) Importer(815301076,1909f56bfc062723c751e8b465ee728b)
Start importing Assets/Materials/Room1 Floor.png using Guid(df82f9bccfa21c543b472717eb49c424) Importer(815301076,1909f56bfc062723c751e8b465ee728b) (PreviewImporter) -> (artifact id: 'd531da817291aca520f0ae17205ee15c') in 0.0320301 seconds
Number of updated asset objects reloaded before import = 0Number of asset objects unloaded after import = 2

========================================================================
Received Import Request.
  Time since last request: 4.042386 seconds.
  path: Assets/Prefabs/TileMainBedroom Variant.prefab
  artifactKey: Guid(042fb929a95e9f14ab5c4f22814c1fc2) Importer(815301076,1909f56bfc062723c751e8b465ee728b)
Start importing Assets/Prefabs/TileMainBedroom Variant.prefab using Guid(042fb929a95e9f14ab5c4f22814c1fc2) Importer(815301076,1909f56bfc062723c751e8b465ee728b) (PreviewImporter) -> (artifact id: 'dc140c0b28205cbb54c16a9fa46c5818') in 0.027875 seconds
Number of updated asset objects reloaded before import = 0Number of asset objects unloaded after import = 26

========================================================================
Received Import Request.
  Time since last request: 425.157386 seconds.
  path: Assets/Prefabs/GameRoomWall Variant.prefab
  artifactKey: Guid(388933e78cb5b6748a5caccdae6a6c29) Importer(815301076,1909f56bfc062723c751e8b465ee728b)
Start importing Assets/Prefabs/GameRoomWall Variant.prefab using Guid(388933e78cb5b6748a5caccdae6a6c29) Importer(815301076,1909f56bfc062723c751e8b465ee728b) (PreviewImporter) -> (artifact id: '1586d1c724ca6fdc14dcc7514bf300b8') in 0.2270162 seconds
Number of updated asset objects reloaded before import = 0Number of asset objects unloaded after import = 25

========================================================================
Received Import Request.
  Time since last request: 375.925347 seconds.
  path: Assets/Materials/Floor7.png
  artifactKey: Guid(7c45bc1774e52b54bb8df65591dbbdae) Importer(815301076,1909f56bfc062723c751e8b465ee728b)
Start importing Assets/Materials/Floor7.png using Guid(7c45bc1774e52b54bb8df65591dbbdae) Importer(815301076,1909f56bfc062723c751e8b465ee728b) (PreviewImporter) -> (artifact id: 'b670df1c4aac00d5acb9b722495c279a') in 0.0846726 seconds
Number of updated asset objects reloaded before import = 0Number of asset objects unloaded after import = 2

========================================================================
Received Import Request.
  Time since last request: 23.466620 seconds.
  path: Assets/Materials/hair12.rbxm
  artifactKey: Guid(530f7a17d2a110c4abf99693454bf763) Importer(815301076,1909f56bfc062723c751e8b465ee728b)
Start importing Assets/Materials/hair12.rbxm using Guid(530f7a17d2a110c4abf99693454bf763) Importer(815301076,1909f56bfc062723c751e8b465ee728b) (PreviewImporter) -> (artifact id: '2e3b80fbfb07d278822275e33dd3a977') in 0.0174252 seconds
Number of updated asset objects reloaded before import = 0Number of asset objects unloaded after import = 1

========================================================================
Received Import Request.
  Time since last request: 141.422318 seconds.
  path: Assets/Prefabs/KitchenWall Variant.prefab
  artifactKey: Guid(54613289e3d04ea4baf036b90d9fff66) Importer(815301076,1909f56bfc062723c751e8b465ee728b)
Start importing Assets/Prefabs/KitchenWall Variant.prefab using Guid(54613289e3d04ea4baf036b90d9fff66) Importer(815301076,1909f56bfc062723c751e8b465ee728b) (PreviewImporter) -> (artifact id: 'efdc5e4314d3066371ebf807375324a3') in 0.0567031 seconds
Number of updated asset objects reloaded before import = 0Number of asset objects unloaded after import = 32

========================================================================
Received Import Request.
  Time since last request: 1.849512 seconds.
  path: Assets/Materials/WallpaperKitchen.png
  artifactKey: Guid(bb5a2e37cb338b547b12284297aec2de) Importer(815301076,1909f56bfc062723c751e8b465ee728b)
Start importing Assets/Materials/WallpaperKitchen.png using Guid(bb5a2e37cb338b547b12284297aec2de) Importer(815301076,1909f56bfc062723c751e8b465ee728b) (PreviewImporter) -> (artifact id: '1812a8da167ee0e92d7d937d0782b05b') in 0.0262389 seconds
Number of updated asset objects reloaded before import = 0Number of asset objects unloaded after import = 2

========================================================================
Received Import Request.
  Time since last request: 237.155252 seconds.
  path: Assets/Materials/light-beige-cream-large-print-damask-wa-dedi-l.jpg
  artifactKey: Guid(f2af6e4fc6c864647be7f955e0d184e9) Importer(815301076,1909f56bfc062723c751e8b465ee728b)
Start importing Assets/Materials/light-beige-cream-large-print-damask-wa-dedi-l.jpg using Guid(f2af6e4fc6c864647be7f955e0d184e9) Importer(815301076,1909f56bfc062723c751e8b465ee728b) (PreviewImporter) -> (artifact id: '90069eb6533f7f21b91d936beb20d6ce') in 0.0675284 seconds
Number of updated asset objects reloaded before import = 0Number of asset objects unloaded after import = 2

========================================================================
Received Import Request.
  Time since last request: 106.681844 seconds.
  path: Assets/Materials/Floor5.png
  artifactKey: Guid(21608e0b4ef4c8448b0e4d10123ce88a) Importer(815301076,1909f56bfc062723c751e8b465ee728b)
Start importing Assets/Materials/Floor5.png using Guid(21608e0b4ef4c8448b0e4d10123ce88a) Importer(815301076,1909f56bfc062723c751e8b465ee728b) (PreviewImporter) -> (artifact id: '19d038c6ffb7bc80b9a72f120533582c') in 0.0747531 seconds
Number of updated asset objects reloaded before import = 0Number of asset objects unloaded after import = 2

========================================================================
Received Import Request.
  Time since last request: 775.335699 seconds.
  path: Assets/Materials/233925_image_editor_result.jpg
  artifactKey: Guid(977ab97bd7c68214e985f4520d408ee0) Importer(815301076,1909f56bfc062723c751e8b465ee728b)
Start importing Assets/Materials/233925_image_editor_result.jpg using Guid(977ab97bd7c68214e985f4520d408ee0) Importer(815301076,1909f56bfc062723c751e8b465ee728b) (PreviewImporter) -> (artifact id: 'b8e8e849cd53c3bb2a259166108c57f1') in 0.0928788 seconds
Number of updated asset objects reloaded before import = 0Number of asset objects unloaded after import = 2

========================================================================
Received Import Request.
  Time since last request: 4.346885 seconds.
  path: Assets/Materials/Materials
  artifactKey: Guid(97a72a953d22dd74b87b0a9385af0dbd) Importer(815301076,1909f56bfc062723c751e8b465ee728b)
Start importing Assets/Materials/Materials using Guid(97a72a953d22dd74b87b0a9385af0dbd) Importer(815301076,1909f56bfc062723c751e8b465ee728b) (PreviewImporter) -> (artifact id: '564a5fa73c50c0d94cbbabf4ac0b08c4') in 0.0037358 seconds
Number of updated asset objects reloaded before import = 0Number of asset objects unloaded after import = 0

========================================================================
Received Import Request.
  Time since last request: 0.022164 seconds.
  path: Assets
  artifactKey: Guid(00000000000000001000000000000000) Importer(815301076,1909f56bfc062723c751e8b465ee728b)
Start importing Assets using Guid(00000000000000001000000000000000) Importer(815301076,1909f56bfc062723c751e8b465ee728b) (PreviewImporter) -> (artifact id: 'c391582d739b6e62a5220f35cbb167ac') in 0.0023069 seconds
Number of updated asset objects reloaded before import = 0Number of asset objects unloaded after import = 0

========================================================================
Received Import Request.
  Time since last request: 0.441188 seconds.
  path: Assets/_Recovery
  artifactKey: Guid(202e686b15b2aea478d46a10f64b92de) Importer(815301076,1909f56bfc062723c751e8b465ee728b)
Start importing Assets/_Recovery using Guid(202e686b15b2aea478d46a10f64b92de) Importer(815301076,1909f56bfc062723c751e8b465ee728b) (PreviewImporter) -> (artifact id: '93a0260b09f9c6808bce0000e411bec9') in 0.0024142 seconds
Number of updated asset objects reloaded before import = 0Number of asset objects unloaded after import = 0

========================================================================
Received Import Request.
  Time since last request: 0.272235 seconds.
  path: Assets/Materials
  artifactKey: Guid(86a401f0704b6f940ad0081e44c4bda3) Importer(815301076,1909f56bfc062723c751e8b465ee728b)
Start importing Assets/Materials using Guid(86a401f0704b6f940ad0081e44c4bda3) Importer(815301076,1909f56bfc062723c751e8b465ee728b) (PreviewImporter) -> (artifact id: 'd3ad29a749f8fa3ff6d7fbbb5bf2b4c9') in 0.0022693 seconds
Number of updated asset objects reloaded before import = 0Number of asset objects unloaded after import = 0

========================================================================
Received Import Request.
  Time since last request: 10.015667 seconds.
  path: Assets/nappin/Office Props Softpack
  artifactKey: Guid(840384f76e0ba6143986b2d0c6c50094) Importer(815301076,1909f56bfc062723c751e8b465ee728b)
Start importing Assets/nappin/Office Props Softpack using Guid(840384f76e0ba6143986b2d0c6c50094) Importer(815301076,1909f56bfc062723c751e8b465ee728b) (PreviewImporter) -> (artifact id: 'dd2fe9552447f82f43507a5c6c855814') in 0.0022891 seconds
Number of updated asset objects reloaded before import = 0Number of asset objects unloaded after import = 0

========================================================================
Received Import Request.
  Time since last request: 1.702340 seconds.
  path: Assets/nappin/House Props Softpack/Models
  artifactKey: Guid(05f6b66abbb04a94187c24f7f91ebc8d) Importer(815301076,1909f56bfc062723c751e8b465ee728b)
Start importing Assets/nappin/House Props Softpack/Models using Guid(05f6b66abbb04a94187c24f7f91ebc8d) Importer(815301076,1909f56bfc062723c751e8b465ee728b) (PreviewImporter) -> (artifact id: '70b795f15e7ebf7c304b0ef5b8f55c90') in 0.0010809 seconds
Number of updated asset objects reloaded before import = 0Number of asset objects unloaded after import = 0

========================================================================
Received Import Request.
  Time since last request: 1.244381 seconds.
  path: Assets/nappin/House Props Softpack/Models/(Msh)BedsideLight.fbx
  artifactKey: Guid(9dc13b22478e61841902a67cca9eef2d) Importer(815301076,1909f56bfc062723c751e8b465ee728b)
Start importing Assets/nappin/House Props Softpack/Models/(Msh)BedsideLight.fbx using Guid(9dc13b22478e61841902a67cca9eef2d) Importer(815301076,1909f56bfc062723c751e8b465ee728b) (PreviewImporter) -> (artifact id: '9b22db5addb43be10332e80c29f05c9d') in 0.6993125 seconds
Number of updated asset objects reloaded before import = 0Number of asset objects unloaded after import = 9

========================================================================
Received Import Request.
  Time since last request: 2.403981 seconds.
  path: Assets/Scenes
  artifactKey: Guid(9c53962885c2c4f449125a979d6ad240) Importer(815301076,1909f56bfc062723c751e8b465ee728b)
Start importing Assets/Scenes using Guid(9c53962885c2c4f449125a979d6ad240) Importer(815301076,1909f56bfc062723c751e8b465ee728b) (PreviewImporter) -> (artifact id: 'ae1af5c61b2fd4bcacfc65f55f013a75') in 0.0021644 seconds
Number of updated asset objects reloaded before import = 0Number of asset objects unloaded after import = 0

========================================================================
Received Import Request.
  Time since last request: 6.689751 seconds.
  path: Assets/Materials/Screenshot 2025-08-25 131421.png
  artifactKey: Guid(4e18a8b487cf6634fb92a79aba125178) Importer(815301076,1909f56bfc062723c751e8b465ee728b)
Start importing Assets/Materials/Screenshot 2025-08-25 131421.png using Guid(4e18a8b487cf6634fb92a79aba125178) Importer(815301076,1909f56bfc062723c751e8b465ee728b) (PreviewImporter) -> (artifact id: 'bf1fa6f7fe32c820262db58cebcf248c') in 0.0457115 seconds
Number of updated asset objects reloaded before import = 0Number of asset objects unloaded after import = 2

========================================================================
Received Import Request.
  Time since last request: 0.158764 seconds.
  path: Assets/Materials/Screenshot 2025-08-25 122448.png
  artifactKey: Guid(794e0fb1f999e3e4aa153b57d0316477) Importer(815301076,1909f56bfc062723c751e8b465ee728b)
Start importing Assets/Materials/Screenshot 2025-08-25 122448.png using Guid(794e0fb1f999e3e4aa153b57d0316477) Importer(815301076,1909f56bfc062723c751e8b465ee728b) (PreviewImporter) -> (artifact id: 'd4231c2f648a20aa62c8c53ac5407f07') in 0.0410899 seconds
Number of updated asset objects reloaded before import = 0Number of asset objects unloaded after import = 2

========================================================================
Received Import Request.
  Time since last request: 1.985461 seconds.
  path: Assets/Materials/images.jpg
  artifactKey: Guid(c998f88ac1267004ea4f9f9ecd55e94c) Importer(815301076,1909f56bfc062723c751e8b465ee728b)
Start importing Assets/Materials/images.jpg using Guid(c998f88ac1267004ea4f9f9ecd55e94c) Importer(815301076,1909f56bfc062723c751e8b465ee728b) (PreviewImporter) -> (artifact id: '9d1c2b5e39867562f2b4888e8932a5a9') in 0.0301032 seconds
Number of updated asset objects reloaded before import = 0Number of asset objects unloaded after import = 2

========================================================================
Received Import Request.
  Time since last request: 0.851417 seconds.
  path: Assets/Materials/Floor6.png
  artifactKey: Guid(f0565918529827640a5ab878b94a060c) Importer(815301076,1909f56bfc062723c751e8b465ee728b)
Start importing Assets/Materials/Floor6.png using Guid(f0565918529827640a5ab878b94a060c) Importer(815301076,1909f56bfc062723c751e8b465ee728b) (PreviewImporter) -> (artifact id: '3f7fd5c7716f60184130ba70ef8237c4') in 0.0399816 seconds
Number of updated asset objects reloaded before import = 0Number of asset objects unloaded after import = 2

========================================================================
Received Import Request.
  Time since last request: 1633.255954 seconds.
  path: Assets/Prefabs/Wall (12) Variant.prefab
  artifactKey: Guid(747a7b95e3d22334e9c83b6b1750f2ec) Importer(815301076,1909f56bfc062723c751e8b465ee728b)
Start importing Assets/Prefabs/Wall (12) Variant.prefab using Guid(747a7b95e3d22334e9c83b6b1750f2ec) Importer(815301076,1909f56bfc062723c751e8b465ee728b) (PreviewImporter) -> (artifact id: '7fc1fa76d7a83d629c69be2a83d14db6') in 0.2320607 seconds
Number of updated asset objects reloaded before import = 0Number of asset objects unloaded after import = 17

========================================================================
Received Import Request.
  Time since last request: 160.976847 seconds.
  path: Assets/Prefabs/TileMainBedroom Variant.prefab
  artifactKey: Guid(042fb929a95e9f14ab5c4f22814c1fc2) Importer(815301076,1909f56bfc062723c751e8b465ee728b)
Start importing Assets/Prefabs/TileMainBedroom Variant.prefab using Guid(042fb929a95e9f14ab5c4f22814c1fc2) Importer(815301076,1909f56bfc062723c751e8b465ee728b) (PreviewImporter) -> (artifact id: '8c05d8ff2dcea52378e5226cde02104a') in 0.1270631 seconds
Number of updated asset objects reloaded before import = 0Number of asset objects unloaded after import = 25

========================================================================
Received Import Request.
  Time since last request: 0.627388 seconds.
  path: Assets/Prefabs/MainBedroomWalls Variant.prefab
  artifactKey: Guid(b8722d46ffb8fc14d8eb792e581e9044) Importer(815301076,1909f56bfc062723c751e8b465ee728b)
Start importing Assets/Prefabs/MainBedroomWalls Variant.prefab using Guid(b8722d46ffb8fc14d8eb792e581e9044) Importer(815301076,1909f56bfc062723c751e8b465ee728b) (PreviewImporter) -> (artifact id: '910af3c3870051126b6f738f38eec108') in 0.0427086 seconds
Number of updated asset objects reloaded before import = 0Number of asset objects unloaded after import = 16

========================================================================
Received Import Request.
  Time since last request: 0.157453 seconds.
  path: Assets/Prefabs/KitchenWall Variant.prefab
  artifactKey: Guid(54613289e3d04ea4baf036b90d9fff66) Importer(815301076,1909f56bfc062723c751e8b465ee728b)
Start importing Assets/Prefabs/KitchenWall Variant.prefab using Guid(54613289e3d04ea4baf036b90d9fff66) Importer(815301076,1909f56bfc062723c751e8b465ee728b) (PreviewImporter) -> (artifact id: '05c01d91cb689f4e16499354fee8e6ba') in 0.0441221 seconds
Number of updated asset objects reloaded before import = 0Number of asset objects unloaded after import = 34

========================================================================
Received Import Request.
  Time since last request: 0.358808 seconds.
  path: Assets/Prefabs/BathroomWalls Variant.prefab
  artifactKey: Guid(800b992ae61b0ea40abbbfb194f387be) Importer(815301076,1909f56bfc062723c751e8b465ee728b)
Start importing Assets/Prefabs/BathroomWalls Variant.prefab using Guid(800b992ae61b0ea40abbbfb194f387be) Importer(815301076,1909f56bfc062723c751e8b465ee728b) (PreviewImporter) -> (artifact id: 'ecac098370dd5a3e323fd92c256f8296') in 0.0335817 seconds
Number of updated asset objects reloaded before import = 0Number of asset objects unloaded after import = 16

========================================================================
Received Import Request.
  Time since last request: 0.616695 seconds.
  path: Assets/nappin
  artifactKey: Guid(8c72b8044387b1b4eb57e4c8520f5ec7) Importer(815301076,1909f56bfc062723c751e8b465ee728b)
Start importing Assets/nappin using Guid(8c72b8044387b1b4eb57e4c8520f5ec7) Importer(815301076,1909f56bfc062723c751e8b465ee728b) (PreviewImporter) -> (artifact id: 'ed860db988dd4cc0b82ec3f3a4232d93') in 0.00212 seconds
Number of updated asset objects reloaded before import = 0Number of asset objects unloaded after import = 0

========================================================================
Received Import Request.
  Time since last request: 11.099145 seconds.
  path: Assets/nappin/Office Props Softpack/Prefabs/(Prb)BathroomSink.prefab
  artifactKey: Guid(fa3db0668a5ddff4c899e2c3fd2c0c72) Importer(815301076,1909f56bfc062723c751e8b465ee728b)
Start importing Assets/nappin/Office Props Softpack/Prefabs/(Prb)BathroomSink.prefab using Guid(fa3db0668a5ddff4c899e2c3fd2c0c72) Importer(815301076,1909f56bfc062723c751e8b465ee728b) (PreviewImporter) -> (artifact id: '9763c9c20ca5c011e067febbd9f20c0b') in 0.1389443 seconds
Number of updated asset objects reloaded before import = 0Number of asset objects unloaded after import = 51

========================================================================
Received Import Request.
  Time since last request: 233.799072 seconds.
  path: Assets/nappin/Office Props Softpack/Prefabs/(Prb)BookPile1.prefab
  artifactKey: Guid(7695c0d2e92da0e4f8d08c7909230b47) Importer(815301076,1909f56bfc062723c751e8b465ee728b)
Start importing Assets/nappin/Office Props Softpack/Prefabs/(Prb)BookPile1.prefab using Guid(7695c0d2e92da0e4f8d08c7909230b47) Importer(815301076,1909f56bfc062723c751e8b465ee728b) (PreviewImporter) -> (artifact id: '7f7739aa20dfd905be206178f50c7fde') in 0.1557605 seconds
Number of updated asset objects reloaded before import = 0Number of asset objects unloaded after import = 16

========================================================================
Received Import Request.
  Time since last request: 1.956378 seconds.
  path: Assets/nappin/Office Props Softpack/Prefabs/(Prb)CeilingFan.prefab
  artifactKey: Guid(7df07a42d42030b49a881233f734958a) Importer(815301076,1909f56bfc062723c751e8b465ee728b)
Start importing Assets/nappin/Office Props Softpack/Prefabs/(Prb)CeilingFan.prefab using Guid(7df07a42d42030b49a881233f734958a) Importer(815301076,1909f56bfc062723c751e8b465ee728b) (PreviewImporter) -> (artifact id: '28811fb7d63690506183d027b7e7419c') in 0.1010567 seconds
Number of updated asset objects reloaded before import = 0Number of asset objects unloaded after import = 23

========================================================================
Received Import Request.
  Time since last request: 1.449055 seconds.
  path: Assets/nappin/Office Props Softpack/Prefabs/(Prb)CeilingLight.prefab
  artifactKey: Guid(f174423ab43ee4b49871930f6144ec2d) Importer(815301076,1909f56bfc062723c751e8b465ee728b)
Start importing Assets/nappin/Office Props Softpack/Prefabs/(Prb)CeilingLight.prefab using Guid(f174423ab43ee4b49871930f6144ec2d) Importer(815301076,1909f56bfc062723c751e8b465ee728b) (PreviewImporter) -> (artifact id: 'bdb52ba300615116c4a5f0dfd103bbfd') in 0.0834572 seconds
Number of updated asset objects reloaded before import = 0Number of asset objects unloaded after import = 16

========================================================================
Received Import Request.
  Time since last request: 0.461324 seconds.
  path: Assets/nappin/Office Props Softpack/Prefabs/(Prb)CeilingLight1.prefab
  artifactKey: Guid(0b7123567dcb2a14e931f2bfcecef8ff) Importer(815301076,1909f56bfc062723c751e8b465ee728b)
Start importing Assets/nappin/Office Props Softpack/Prefabs/(Prb)CeilingLight1.prefab using Guid(0b7123567dcb2a14e931f2bfcecef8ff) Importer(815301076,1909f56bfc062723c751e8b465ee728b) (PreviewImporter) -> (artifact id: '61fa98a119d57b87c13ecc410cadedb9') in 0.0480204 seconds
Number of updated asset objects reloaded before import = 0Number of asset objects unloaded after import = 14

========================================================================
Received Import Request.
  Time since last request: 1.798281 seconds.
  path: Assets/nappin/Office Props Softpack/Prefabs/(Prb)Chair2.prefab
  artifactKey: Guid(84ec177bc6599ae438ee9c03a98cad5c) Importer(815301076,1909f56bfc062723c751e8b465ee728b)
Start importing Assets/nappin/Office Props Softpack/Prefabs/(Prb)Chair2.prefab using Guid(84ec177bc6599ae438ee9c03a98cad5c) Importer(815301076,1909f56bfc062723c751e8b465ee728b) (PreviewImporter) -> (artifact id: '3508ce3b0a1ea77c62cbe1f9e80d78a9') in 0.1017703 seconds
Number of updated asset objects reloaded before import = 0Number of asset objects unloaded after import = 16

========================================================================
Received Import Request.
  Time since last request: 1.799579 seconds.
  path: Assets/nappin/Office Props Softpack/Prefabs/(Prb)Clock.prefab
  artifactKey: Guid(b2baa11c7e87fe941afe32f3c50cc082) Importer(815301076,1909f56bfc062723c751e8b465ee728b)
Start importing Assets/nappin/Office Props Softpack/Prefabs/(Prb)Clock.prefab using Guid(b2baa11c7e87fe941afe32f3c50cc082) Importer(815301076,1909f56bfc062723c751e8b465ee728b) (PreviewImporter) -> (artifact id: 'ebcbf48b2a6e4d8e0ac0c36efbad98f4') in 0.1082288 seconds
Number of updated asset objects reloaded before import = 0Number of asset objects unloaded after import = 36

========================================================================
Received Import Request.
  Time since last request: 759.704210 seconds.
  path: Assets/nappin/Office Props Softpack/Prefabs/(Prb)Wardrobe.prefab
  artifactKey: Guid(bdeb57ff900e167419635eef4854627d) Importer(815301076,1909f56bfc062723c751e8b465ee728b)
Start importing Assets/nappin/Office Props Softpack/Prefabs/(Prb)Wardrobe.prefab using Guid(bdeb57ff900e167419635eef4854627d) Importer(815301076,1909f56bfc062723c751e8b465ee728b) (PreviewImporter) -> (artifact id: 'f0699b525b9c2594e3c2811c43018e75') in 0.14169 seconds
Number of updated asset objects reloaded before import = 0Number of asset objects unloaded after import = 81

========================================================================
Received Import Request.
  Time since last request: 0.704877 seconds.
  path: Assets/nappin/Office Props Softpack/Prefabs/(Prb)VendingMachine.prefab
  artifactKey: Guid(5fab3d9a08a16ed429bbc510962997d8) Importer(815301076,1909f56bfc062723c751e8b465ee728b)
Start importing Assets/nappin/Office Props Softpack/Prefabs/(Prb)VendingMachine.prefab using Guid(5fab3d9a08a16ed429bbc510962997d8) Importer(815301076,1909f56bfc062723c751e8b465ee728b) (PreviewImporter) -> (artifact id: 'fdbb8305c4d2cdc2bc03bfac09c310d0') in 0.2278337 seconds
Number of updated asset objects reloaded before import = 0Number of asset objects unloaded after import = 891

========================================================================
Received Import Request.
  Time since last request: 1.634645 seconds.
  path: Assets/nappin/Office Props Softpack/Prefabs/(Prb)TrashCan.prefab
  artifactKey: Guid(458271fb06e38ef4abfe60d080c61a94) Importer(815301076,1909f56bfc062723c751e8b465ee728b)
Start importing Assets/nappin/Office Props Softpack/Prefabs/(Prb)TrashCan.prefab using Guid(458271fb06e38ef4abfe60d080c61a94) Importer(815301076,1909f56bfc062723c751e8b465ee728b) (PreviewImporter) -> (artifact id: '35460e3a07e150bed936d7fbe85decb1') in 0.0388282 seconds
Number of updated asset objects reloaded before import = 0Number of asset objects unloaded after import = 26

========================================================================
Received Import Request.
  Time since last request: 2.224344 seconds.
  path: Assets/nappin/Office Props Softpack/Prefabs/(Prb)Stove.prefab
  artifactKey: Guid(3e3c34c03ce58074fbfcfcdf18b4dda8) Importer(815301076,1909f56bfc062723c751e8b465ee728b)
Start importing Assets/nappin/Office Props Softpack/Prefabs/(Prb)Stove.prefab using Guid(3e3c34c03ce58074fbfcfcdf18b4dda8) Importer(815301076,1909f56bfc062723c751e8b465ee728b) (PreviewImporter) -> (artifact id: '2c48bd0398206ba62687debb38131d68') in 0.4583554 seconds
Number of updated asset objects reloaded before import = 0Number of asset objects unloaded after import = 38

========================================================================
Received Import Request.
  Time since last request: 2.341006 seconds.
  path: Assets/nappin/Office Props Softpack/Prefabs/(Prb)Storage2.prefab
  artifactKey: Guid(6f78a21f077ae8f4f85a5d7128a8056d) Importer(815301076,1909f56bfc062723c751e8b465ee728b)
Start importing Assets/nappin/Office Props Softpack/Prefabs/(Prb)Storage2.prefab using Guid(6f78a21f077ae8f4f85a5d7128a8056d) Importer(815301076,1909f56bfc062723c751e8b465ee728b) (PreviewImporter) -> (artifact id: '4bd4cbc904cc5c90ddd896a65fe617b8') in 0.0719117 seconds
Number of updated asset objects reloaded before import = 0Number of asset objects unloaded after import = 45

========================================================================
Received Import Request.
  Time since last request: 1.102830 seconds.
  path: Assets/nappin/Office Props Softpack/Prefabs/(Prb)Storage1.prefab
  artifactKey: Guid(97bc4339b3151c34799878d35be91e6f) Importer(815301076,1909f56bfc062723c751e8b465ee728b)
Start importing Assets/nappin/Office Props Softpack/Prefabs/(Prb)Storage1.prefab using Guid(97bc4339b3151c34799878d35be91e6f) Importer(815301076,1909f56bfc062723c751e8b465ee728b) (PreviewImporter) -> (artifact id: '6ee2a914c632f2efbe0decc6e011928c') in 0.0755186 seconds
Number of updated asset objects reloaded before import = 0Number of asset objects unloaded after import = 45

========================================================================
Received Import Request.
  Time since last request: 11.455561 seconds.
  path: Assets/nappin/Office Props Softpack/Prefabs/(Prb)Sofa_pillowT.prefab
  artifactKey: Guid(38a6a1df4a5ef5f4b8107ff806b527c0) Importer(815301076,1909f56bfc062723c751e8b465ee728b)
Start importing Assets/nappin/Office Props Softpack/Prefabs/(Prb)Sofa_pillowT.prefab using Guid(38a6a1df4a5ef5f4b8107ff806b527c0) Importer(815301076,1909f56bfc062723c751e8b465ee728b) (PreviewImporter) -> (artifact id: '306525f09130786d41d755e95d7219a5') in 0.0341555 seconds
Number of updated asset objects reloaded before import = 0Number of asset objects unloaded after import = 12

========================================================================
Received Import Request.
  Time since last request: 0.929839 seconds.
  path: Assets/nappin/Office Props Softpack/Prefabs/(Prb)Stapler.prefab
  artifactKey: Guid(39ce2aae8ff6f9148acb0e82db36ee1d) Importer(815301076,1909f56bfc062723c751e8b465ee728b)
Start importing Assets/nappin/Office Props Softpack/Prefabs/(Prb)Stapler.prefab using Guid(39ce2aae8ff6f9148acb0e82db36ee1d) Importer(815301076,1909f56bfc062723c751e8b465ee728b) (PreviewImporter) -> (artifact id: '689565fc0b71a6e344d10a35e6cf91ff') in 0.0329498 seconds
Number of updated asset objects reloaded before import = 0Number of asset objects unloaded after import = 15

========================================================================
Received Import Request.
  Time since last request: 1.222825 seconds.
  path: Assets/nappin/Office Props Softpack/Prefabs/(Prb)Sofa3.prefab
  artifactKey: Guid(4c2b4033ea200a340bdf5dd2b0145174) Importer(815301076,1909f56bfc062723c751e8b465ee728b)
Start importing Assets/nappin/Office Props Softpack/Prefabs/(Prb)Sofa3.prefab using Guid(4c2b4033ea200a340bdf5dd2b0145174) Importer(815301076,1909f56bfc062723c751e8b465ee728b) (PreviewImporter) -> (artifact id: '10ec17f6a2ee9d46b7a78d920270992d') in 0.035144 seconds
Number of updated asset objects reloaded before import = 0Number of asset objects unloaded after import = 13

========================================================================
Received Import Request.
  Time since last request: 0.641100 seconds.
  path: Assets/nappin/Office Props Softpack/Prefabs/(Prb)Sofa2.prefab
  artifactKey: Guid(9cf94939f3dfab54eb62e181bdc60594) Importer(815301076,1909f56bfc062723c751e8b465ee728b)
Start importing Assets/nappin/Office Props Softpack/Prefabs/(Prb)Sofa2.prefab using Guid(9cf94939f3dfab54eb62e181bdc60594) Importer(815301076,1909f56bfc062723c751e8b465ee728b) (PreviewImporter) -> (artifact id: 'bbe16e8c0aa7ac921c5d7317751450f2') in 0.0308581 seconds
Number of updated asset objects reloaded before import = 0Number of asset objects unloaded after import = 13

========================================================================
Received Import Request.
  Time since last request: 0.529672 seconds.
  path: Assets/nappin/Office Props Softpack/Prefabs/(Prb)Sofa1.prefab
  artifactKey: Guid(744fdfc5e08624943b22ba3c3e353e07) Importer(815301076,1909f56bfc062723c751e8b465ee728b)
Start importing Assets/nappin/Office Props Softpack/Prefabs/(Prb)Sofa1.prefab using Guid(744fdfc5e08624943b22ba3c3e353e07) Importer(815301076,1909f56bfc062723c751e8b465ee728b) (PreviewImporter) -> (artifact id: '75af8efa4dadf68d98072ff0d83cae28') in 0.0374948 seconds
Number of updated asset objects reloaded before import = 0Number of asset objects unloaded after import = 13

========================================================================
Received Import Request.
  Time since last request: 0.456008 seconds.
  path: Assets/nappin/Office Props Softpack/Prefabs/(Prb)Sofa.prefab
  artifactKey: Guid(f933a928f9d932f4e845eb0fc9508d64) Importer(815301076,1909f56bfc062723c751e8b465ee728b)
Start importing Assets/nappin/Office Props Softpack/Prefabs/(Prb)Sofa.prefab using Guid(f933a928f9d932f4e845eb0fc9508d64) Importer(815301076,1909f56bfc062723c751e8b465ee728b) (PreviewImporter) -> (artifact id: 'd227180a12cd4291d4c65c927795330a') in 0.072525 seconds
Number of updated asset objects reloaded before import = 0Number of asset objects unloaded after import = 53

========================================================================
Received Import Request.
  Time since last request: 0.464936 seconds.
  path: Assets/nappin/Office Props Softpack/Prefabs/(Prb)SoapDispenser.prefab
  artifactKey: Guid(6a3dbb2a6b4da624abc81f5dc716f1c7) Importer(815301076,1909f56bfc062723c751e8b465ee728b)
Start importing Assets/nappin/Office Props Softpack/Prefabs/(Prb)SoapDispenser.prefab using Guid(6a3dbb2a6b4da624abc81f5dc716f1c7) Importer(815301076,1909f56bfc062723c751e8b465ee728b) (PreviewImporter) -> (artifact id: '80b50309ae388ac69acf4844a3dc432c') in 0.0313004 seconds
Number of updated asset objects reloaded before import = 0Number of asset objects unloaded after import = 22

========================================================================
Received Import Request.
  Time since last request: 1.517271 seconds.
  path: Assets/nappin/Office Props Softpack/Prefabs/(Prb)SmokeVent.prefab
  artifactKey: Guid(cb011d3e851dd79499d8fbe7490394f0) Importer(815301076,1909f56bfc062723c751e8b465ee728b)
Start importing Assets/nappin/Office Props Softpack/Prefabs/(Prb)SmokeVent.prefab using Guid(cb011d3e851dd79499d8fbe7490394f0) Importer(815301076,1909f56bfc062723c751e8b465ee728b) (PreviewImporter) -> (artifact id: 'c333cc9e105b9111474616a4f6beecc3') in 0.0398498 seconds
Number of updated asset objects reloaded before import = 0Number of asset objects unloaded after import = 12

========================================================================
Received Import Request.
  Time since last request: 1.148895 seconds.
  path: Assets/nappin/Office Props Softpack/Prefabs/(Prb)SmokeDetector.prefab
  artifactKey: Guid(76a7e6c2e588e024d85efa115fe688c2) Importer(815301076,1909f56bfc062723c751e8b465ee728b)
Start importing Assets/nappin/Office Props Softpack/Prefabs/(Prb)SmokeDetector.prefab using Guid(76a7e6c2e588e024d85efa115fe688c2) Importer(815301076,1909f56bfc062723c751e8b465ee728b) (PreviewImporter) -> (artifact id: 'b1762037e63fbe8d418bd2d22ef4f699') in 0.0308951 seconds
Number of updated asset objects reloaded before import = 0Number of asset objects unloaded after import = 12

========================================================================
Received Import Request.
  Time since last request: 1.936845 seconds.
  path: Assets/nappin/Office Props Softpack/Prefabs/(Prb)SingleBed.prefab
  artifactKey: Guid(1cc7753ad8e096d4c8b059687625cdfa) Importer(815301076,1909f56bfc062723c751e8b465ee728b)
Start importing Assets/nappin/Office Props Softpack/Prefabs/(Prb)SingleBed.prefab using Guid(1cc7753ad8e096d4c8b059687625cdfa) Importer(815301076,1909f56bfc062723c751e8b465ee728b) (PreviewImporter) -> (artifact id: '86c037f14c7385f50a0245164465ee11') in 0.2916078 seconds
Number of updated asset objects reloaded before import = 0Number of asset objects unloaded after import = 58

========================================================================
Received Import Request.
  Time since last request: 0.867944 seconds.
  path: Assets/nappin/Office Props Softpack/Prefabs/(Prb)ShowerTemperature.prefab
  artifactKey: Guid(b1c089cb339c1904ab5110a40e4ec847) Importer(815301076,1909f56bfc062723c751e8b465ee728b)
Start importing Assets/nappin/Office Props Softpack/Prefabs/(Prb)ShowerTemperature.prefab using Guid(b1c089cb339c1904ab5110a40e4ec847) Importer(815301076,1909f56bfc062723c751e8b465ee728b) (PreviewImporter) -> (artifact id: '19b151e4a7f561e27daab9cb4821848b') in 0.0302397 seconds
Number of updated asset objects reloaded before import = 0Number of asset objects unloaded after import = 14

========================================================================
Received Import Request.
  Time since last request: 2.942368 seconds.
  path: Assets/nappin/Office Props Softpack/Prefabs/(Prb)ShowerFace.prefab
  artifactKey: Guid(d75d62e350e6ccb4fa03f56c0a8fd8b1) Importer(815301076,1909f56bfc062723c751e8b465ee728b)
Start importing Assets/nappin/Office Props Softpack/Prefabs/(Prb)ShowerFace.prefab using Guid(d75d62e350e6ccb4fa03f56c0a8fd8b1) Importer(815301076,1909f56bfc062723c751e8b465ee728b) (PreviewImporter) -> (artifact id: 'bdc5d201d878473cfc68fc681546bc96') in 0.0334006 seconds
Number of updated asset objects reloaded before import = 0Number of asset objects unloaded after import = 13

========================================================================
Received Import Request.
  Time since last request: 2.547772 seconds.
  path: Assets/nappin/Office Props Softpack/Prefabs/(Prb)ShoeRack.prefab
  artifactKey: Guid(33fb3539e3441f94799c57bc3e6fb426) Importer(815301076,1909f56bfc062723c751e8b465ee728b)
Start importing Assets/nappin/Office Props Softpack/Prefabs/(Prb)ShoeRack.prefab using Guid(33fb3539e3441f94799c57bc3e6fb426) Importer(815301076,1909f56bfc062723c751e8b465ee728b) (PreviewImporter) -> (artifact id: 'de356b4dee38c79ff7937aaeec636b0a') in 0.041932 seconds
Number of updated asset objects reloaded before import = 0Number of asset objects unloaded after import = 18

========================================================================
Received Import Request.
  Time since last request: 2.198283 seconds.
  path: Assets/nappin/Office Props Softpack/Prefabs/(Prb)Shelves3.prefab
  artifactKey: Guid(f149402989451fe4ab69bfd1ceb5124f) Importer(815301076,1909f56bfc062723c751e8b465ee728b)
Start importing Assets/nappin/Office Props Softpack/Prefabs/(Prb)Shelves3.prefab using Guid(f149402989451fe4ab69bfd1ceb5124f) Importer(815301076,1909f56bfc062723c751e8b465ee728b) (PreviewImporter) -> (artifact id: '11224710a858a991c71c08861fc77287') in 0.0300002 seconds
Number of updated asset objects reloaded before import = 0Number of asset objects unloaded after import = 12

========================================================================
Received Import Request.
  Time since last request: 11.556493 seconds.
  path: Assets/nappin/Office Props Softpack/Prefabs/(Prb)Shelves2.prefab
  artifactKey: Guid(5c3e1f6875120eb49a705fe9d38e51e9) Importer(815301076,1909f56bfc062723c751e8b465ee728b)
Start importing Assets/nappin/Office Props Softpack/Prefabs/(Prb)Shelves2.prefab using Guid(5c3e1f6875120eb49a705fe9d38e51e9) Importer(815301076,1909f56bfc062723c751e8b465ee728b) (PreviewImporter) -> (artifact id: 'f0fce302cdcb84c9c4f27e589dfba23f') in 0.0288846 seconds
Number of updated asset objects reloaded before import = 0Number of asset objects unloaded after import = 13

========================================================================
Received Import Request.
  Time since last request: 0.001928 seconds.
  path: Assets/nappin/Office Props Softpack/Prefabs/(Prb)Shelves1.prefab
  artifactKey: Guid(fa8eb2eb998ad8c489fe86794b62dfe1) Importer(815301076,1909f56bfc062723c751e8b465ee728b)
Start importing Assets/nappin/Office Props Softpack/Prefabs/(Prb)Shelves1.prefab using Guid(fa8eb2eb998ad8c489fe86794b62dfe1) Importer(815301076,1909f56bfc062723c751e8b465ee728b) (PreviewImporter) -> (artifact id: '6789fc2dac9b9e820dbd1011c66a1e7d') in 0.0348409 seconds
Number of updated asset objects reloaded before import = 0Number of asset objects unloaded after import = 14

========================================================================
Received Import Request.
  Time since last request: 2.206932 seconds.
  path: Assets/nappin/Office Props Softpack/Prefabs/(Prb)Shelf1.prefab
  artifactKey: Guid(706836d784292a74097d31519e9337fa) Importer(815301076,1909f56bfc062723c751e8b465ee728b)
Start importing Assets/nappin/Office Props Softpack/Prefabs/(Prb)Shelf1.prefab using Guid(706836d784292a74097d31519e9337fa) Importer(815301076,1909f56bfc062723c751e8b465ee728b) (PreviewImporter) -> (artifact id: 'f4714f43881c8753bd59c1fc57ad5fd4') in 0.0327573 seconds
Number of updated asset objects reloaded before import = 0Number of asset objects unloaded after import = 15

========================================================================
Received Import Request.
  Time since last request: 1.077854 seconds.
  path: Assets/nappin/Office Props Softpack/Prefabs/(Prb)SeparatorDoor.prefab
  artifactKey: Guid(fd9a0b6c96158cf4291ea793dcd09c5e) Importer(815301076,1909f56bfc062723c751e8b465ee728b)
Start importing Assets/nappin/Office Props Softpack/Prefabs/(Prb)SeparatorDoor.prefab using Guid(fd9a0b6c96158cf4291ea793dcd09c5e) Importer(815301076,1909f56bfc062723c751e8b465ee728b) (PreviewImporter) -> (artifact id: '964cc446cb03e1be1ebe137919413105') in 0.0341625 seconds
Number of updated asset objects reloaded before import = 0Number of asset objects unloaded after import = 26

========================================================================
Received Import Request.
  Time since last request: 2.928585 seconds.
  path: Assets/nappin/Office Props Softpack/Prefabs/(Prb)Separator.prefab
  artifactKey: Guid(00054b7f105fdce479315a0b18b079e7) Importer(815301076,1909f56bfc062723c751e8b465ee728b)
Start importing Assets/nappin/Office Props Softpack/Prefabs/(Prb)Separator.prefab using Guid(00054b7f105fdce479315a0b18b079e7) Importer(815301076,1909f56bfc062723c751e8b465ee728b) (PreviewImporter) -> (artifact id: 'f17db5ab7e05d94ce8b1be77f3189432') in 0.0324724 seconds
Number of updated asset objects reloaded before import = 0Number of asset objects unloaded after import = 12

========================================================================
Received Import Request.
  Time since last request: 1.589963 seconds.
  path: Assets/nappin/Office Props Softpack/Prefabs/(Prb)RoomLight.prefab
  artifactKey: Guid(de9100bbf110b884f9f1b1d8b6b33537) Importer(815301076,1909f56bfc062723c751e8b465ee728b)
Start importing Assets/nappin/Office Props Softpack/Prefabs/(Prb)RoomLight.prefab using Guid(de9100bbf110b884f9f1b1d8b6b33537) Importer(815301076,1909f56bfc062723c751e8b465ee728b) (PreviewImporter) -> (artifact id: '1380db57456052747e6c6040a026bc6b') in 0.0282034 seconds
Number of updated asset objects reloaded before import = 0Number of asset objects unloaded after import = 14

========================================================================
Received Import Request.
  Time since last request: 2.729320 seconds.
  path: Assets/nappin/Office Props Softpack/Prefabs/(Prb)Rack.prefab
  artifactKey: Guid(9b9a47e6447b0404fad889aea9f6360b) Importer(815301076,1909f56bfc062723c751e8b465ee728b)
Start importing Assets/nappin/Office Props Softpack/Prefabs/(Prb)Rack.prefab using Guid(9b9a47e6447b0404fad889aea9f6360b) Importer(815301076,1909f56bfc062723c751e8b465ee728b) (PreviewImporter) -> (artifact id: 'bdc03e3f4949112cbc3ebd2ef93383f6') in 0.0527901 seconds
Number of updated asset objects reloaded before import = 0Number of asset objects unloaded after import = 35

========================================================================
Received Import Request.
  Time since last request: 1.004988 seconds.
  path: Assets/nappin/Office Props Softpack/Prefabs/(Prb)Projector.prefab
  artifactKey: Guid(c4769332a3574e543a8455feae3cc05d) Importer(815301076,1909f56bfc062723c751e8b465ee728b)
Start importing Assets/nappin/Office Props Softpack/Prefabs/(Prb)Projector.prefab using Guid(c4769332a3574e543a8455feae3cc05d) Importer(815301076,1909f56bfc062723c751e8b465ee728b) (PreviewImporter) -> (artifact id: '2a4aab3cf9e1192c9ee8ea0b90990102') in 0.0699957 seconds
Number of updated asset objects reloaded before import = 0Number of asset objects unloaded after import = 16

========================================================================
Received Import Request.
  Time since last request: 1.404155 seconds.
  path: Assets/nappin/Office Props Softpack/Prefabs/(Prb)Printer.prefab
  artifactKey: Guid(aae064ec06860f04787f3ee19de1c0c1) Importer(815301076,1909f56bfc062723c751e8b465ee728b)
Start importing Assets/nappin/Office Props Softpack/Prefabs/(Prb)Printer.prefab using Guid(aae064ec06860f04787f3ee19de1c0c1) Importer(815301076,1909f56bfc062723c751e8b465ee728b) (PreviewImporter) -> (artifact id: 'dc97ab61ea076e8e25d9e7d59e9b2f0f') in 0.0649265 seconds
Number of updated asset objects reloaded before import = 0Number of asset objects unloaded after import = 19

========================================================================
Received Import Request.
  Time since last request: 1.524805 seconds.
  path: Assets/nappin/Office Props Softpack/Prefabs/(Prb)PlantBox.prefab
  artifactKey: Guid(a2e6444451e398844bfa41ba8f0ebfb2) Importer(815301076,1909f56bfc062723c751e8b465ee728b)
Start importing Assets/nappin/Office Props Softpack/Prefabs/(Prb)PlantBox.prefab using Guid(a2e6444451e398844bfa41ba8f0ebfb2) Importer(815301076,1909f56bfc062723c751e8b465ee728b) (PreviewImporter) -> (artifact id: '72ddd3199486501cf1393df88e3f2030') in 0.0941492 seconds
Number of updated asset objects reloaded before import = 0Number of asset objects unloaded after import = 16

========================================================================
Received Import Request.
  Time since last request: 0.617645 seconds.
  path: Assets/nappin/Office Props Softpack/Prefabs/(Prb)Plant2.prefab
  artifactKey: Guid(2db51a3ce7d7fe34a934d68f0c488f54) Importer(815301076,1909f56bfc062723c751e8b465ee728b)
Start importing Assets/nappin/Office Props Softpack/Prefabs/(Prb)Plant2.prefab using Guid(2db51a3ce7d7fe34a934d68f0c488f54) Importer(815301076,1909f56bfc062723c751e8b465ee728b) (PreviewImporter) -> (artifact id: '453f5a8059af0e4cece9074a7e812d79') in 0.0362591 seconds
Number of updated asset objects reloaded before import = 0Number of asset objects unloaded after import = 16

========================================================================
Received Import Request.
  Time since last request: 0.562917 seconds.
  path: Assets/nappin/Office Props Softpack/Prefabs/(Prb)Plant1.prefab
  artifactKey: Guid(09786b2145094304f8e76c50e272040f) Importer(815301076,1909f56bfc062723c751e8b465ee728b)
Start importing Assets/nappin/Office Props Softpack/Prefabs/(Prb)Plant1.prefab using Guid(09786b2145094304f8e76c50e272040f) Importer(815301076,1909f56bfc062723c751e8b465ee728b) (PreviewImporter) -> (artifact id: '80a33886d7bf10fa2e0fefe4ec7c3d2b') in 0.032289 seconds
Number of updated asset objects reloaded before import = 0Number of asset objects unloaded after import = 16

========================================================================
Received Import Request.
  Time since last request: 0.464875 seconds.
  path: Assets/nappin/Office Props Softpack/Prefabs/(Prb)PenHolder.prefab
  artifactKey: Guid(0177ee00efab698438288ebb753747ce) Importer(815301076,1909f56bfc062723c751e8b465ee728b)
Start importing Assets/nappin/Office Props Softpack/Prefabs/(Prb)PenHolder.prefab using Guid(0177ee00efab698438288ebb753747ce) Importer(815301076,1909f56bfc062723c751e8b465ee728b) (PreviewImporter) -> (artifact id: 'deb99d2bbb71ac2c06bb9833dfea89c0') in 0.0422462 seconds
Number of updated asset objects reloaded before import = 0Number of asset objects unloaded after import = 41

========================================================================
Received Import Request.
  Time since last request: 0.438749 seconds.
  path: Assets/nappin/Office Props Softpack/Prefabs/(Prb)PCCase.prefab
  artifactKey: Guid(3e20fca3c99e79e478de1650318e27f1) Importer(815301076,1909f56bfc062723c751e8b465ee728b)
Start importing Assets/nappin/Office Props Softpack/Prefabs/(Prb)PCCase.prefab using Guid(3e20fca3c99e79e478de1650318e27f1) Importer(815301076,1909f56bfc062723c751e8b465ee728b) (PreviewImporter) -> (artifact id: '00eba382bb9ea102a3651f3f803773c9') in 0.0311811 seconds
Number of updated asset objects reloaded before import = 0Number of asset objects unloaded after import = 15

========================================================================
Received Import Request.
  Time since last request: 0.553622 seconds.
  path: Assets/nappin/Office Props Softpack/Prefabs/(Prb)PC.prefab
  artifactKey: Guid(a5ac041b79f79364ca8481b503332787) Importer(815301076,1909f56bfc062723c751e8b465ee728b)
Start importing Assets/nappin/Office Props Softpack/Prefabs/(Prb)PC.prefab using Guid(a5ac041b79f79364ca8481b503332787) Importer(815301076,1909f56bfc062723c751e8b465ee728b) (PreviewImporter) -> (artifact id: '25cbedfe5c036d2abcc86c44a38bf6b0') in 0.0349434 seconds
Number of updated asset objects reloaded before import = 0Number of asset objects unloaded after import = 33

========================================================================
Received Import Request.
  Time since last request: 0.679816 seconds.
  path: Assets/nappin/Office Props Softpack/Prefabs/(Prb)OfficeChair.prefab
  artifactKey: Guid(3713613c4ffcd6945900432c53af79b8) Importer(815301076,1909f56bfc062723c751e8b465ee728b)
Start importing Assets/nappin/Office Props Softpack/Prefabs/(Prb)OfficeChair.prefab using Guid(3713613c4ffcd6945900432c53af79b8) Importer(815301076,1909f56bfc062723c751e8b465ee728b) (PreviewImporter) -> (artifact id: '4e5041f79e36b6264cb988e3d9ebf62d') in 0.0323284 seconds
Number of updated asset objects reloaded before import = 0Number of asset objects unloaded after import = 15

========================================================================
Received Import Request.
  Time since last request: 0.583047 seconds.
  path: Assets/nappin/Office Props Softpack/Prefabs/(Prb)Mug.prefab
  artifactKey: Guid(494d1072afe81fe449dc0c5b43fb5099) Importer(815301076,1909f56bfc062723c751e8b465ee728b)
Start importing Assets/nappin/Office Props Softpack/Prefabs/(Prb)Mug.prefab using Guid(494d1072afe81fe449dc0c5b43fb5099) Importer(815301076,1909f56bfc062723c751e8b465ee728b) (PreviewImporter) -> (artifact id: 'af5bd34de4085e729236f945227fe50a') in 0.0427725 seconds
Number of updated asset objects reloaded before import = 0Number of asset objects unloaded after import = 22

========================================================================
Received Import Request.
  Time since last request: 0.535057 seconds.
  path: Assets/nappin/Office Props Softpack/Prefabs/(Prb)MirrorLight.prefab
  artifactKey: Guid(5eb4faf7729d059408358aadfe75945f) Importer(815301076,1909f56bfc062723c751e8b465ee728b)
Start importing Assets/nappin/Office Props Softpack/Prefabs/(Prb)MirrorLight.prefab using Guid(5eb4faf7729d059408358aadfe75945f) Importer(815301076,1909f56bfc062723c751e8b465ee728b) (PreviewImporter) -> (artifact id: '9c2cc9e4e7eee847e8bd8e9cf0914f4c') in 0.0425864 seconds
Number of updated asset objects reloaded before import = 0Number of asset objects unloaded after import = 15

========================================================================
Received Import Request.
  Time since last request: 0.364428 seconds.
  path: Assets/nappin/Office Props Softpack/Prefabs/(Prb)Mirror3.prefab
  artifactKey: Guid(66b5913f917258d4a982cbb1fc5a748b) Importer(815301076,1909f56bfc062723c751e8b465ee728b)
Start importing Assets/nappin/Office Props Softpack/Prefabs/(Prb)Mirror3.prefab using Guid(66b5913f917258d4a982cbb1fc5a748b) Importer(815301076,1909f56bfc062723c751e8b465ee728b) (PreviewImporter) -> (artifact id: '29e19bcfcf36905c344e6d2b5d7edbcb') in 0.031941 seconds
Number of updated asset objects reloaded before import = 0Number of asset objects unloaded after import = 13

========================================================================
Received Import Request.
  Time since last request: 1.022415 seconds.
  path: Assets/nappin/Office Props Softpack/Prefabs/(Prb)Mirror2.prefab
  artifactKey: Guid(bebe37461aa0901409254caebff7ac4e) Importer(815301076,1909f56bfc062723c751e8b465ee728b)
Start importing Assets/nappin/Office Props Softpack/Prefabs/(Prb)Mirror2.prefab using Guid(bebe37461aa0901409254caebff7ac4e) Importer(815301076,1909f56bfc062723c751e8b465ee728b) (PreviewImporter) -> (artifact id: '4e2843854a7447cb0f47676083e331dc') in 0.0354856 seconds
Number of updated asset objects reloaded before import = 0Number of asset objects unloaded after import = 13

========================================================================
Received Import Request.
  Time since last request: 0.364384 seconds.
  path: Assets/nappin/Office Props Softpack/Prefabs/(Prb)Mirror1.prefab
  artifactKey: Guid(1054fb16f1ee4104ca711b702ac76af8) Importer(815301076,1909f56bfc062723c751e8b465ee728b)
Start importing Assets/nappin/Office Props Softpack/Prefabs/(Prb)Mirror1.prefab using Guid(1054fb16f1ee4104ca711b702ac76af8) Importer(815301076,1909f56bfc062723c751e8b465ee728b) (PreviewImporter) -> (artifact id: '757d474d3f8c3689ccb6d6e3f29627fc') in 0.0298686 seconds
Number of updated asset objects reloaded before import = 0Number of asset objects unloaded after import = 13

========================================================================
Received Import Request.
  Time since last request: 0.382398 seconds.
  path: Assets/nappin/Office Props Softpack/Prefabs/(Prb)Minifridge.prefab
  artifactKey: Guid(c5495f7852c483f41945b90c27fcb2f2) Importer(815301076,1909f56bfc062723c751e8b465ee728b)
Start importing Assets/nappin/Office Props Softpack/Prefabs/(Prb)Minifridge.prefab using Guid(c5495f7852c483f41945b90c27fcb2f2) Importer(815301076,1909f56bfc062723c751e8b465ee728b) (PreviewImporter) -> (artifact id: '3514ce730cee2f751f093592b036aa39') in 0.0356993 seconds
Number of updated asset objects reloaded before import = 0Number of asset objects unloaded after import = 108

========================================================================
Received Import Request.
  Time since last request: 0.757561 seconds.
  path: Assets/nappin/Office Props Softpack/Prefabs/(Prb)Microwave.prefab
  artifactKey: Guid(52d6dcae9530f6f4e9af1bb2b9a6c1fc) Importer(815301076,1909f56bfc062723c751e8b465ee728b)
Start importing Assets/nappin/Office Props Softpack/Prefabs/(Prb)Microwave.prefab using Guid(52d6dcae9530f6f4e9af1bb2b9a6c1fc) Importer(815301076,1909f56bfc062723c751e8b465ee728b) (PreviewImporter) -> (artifact id: 'f62561a2dfcde14d6dc68b0c446d1115') in 0.0586506 seconds
Number of updated asset objects reloaded before import = 0Number of asset objects unloaded after import = 18

========================================================================
Received Import Request.
  Time since last request: 0.795523 seconds.
  path: Assets/nappin/Office Props Softpack/Prefabs/(Prb)MediaConsole.prefab
  artifactKey: Guid(4120787eca51d3e46b9f4dfd0b614fe8) Importer(815301076,1909f56bfc062723c751e8b465ee728b)
Start importing Assets/nappin/Office Props Softpack/Prefabs/(Prb)MediaConsole.prefab using Guid(4120787eca51d3e46b9f4dfd0b614fe8) Importer(815301076,1909f56bfc062723c751e8b465ee728b) (PreviewImporter) -> (artifact id: '34c457d091674d3935a546cc3a48199b') in 0.0377837 seconds
Number of updated asset objects reloaded before import = 0Number of asset objects unloaded after import = 27

========================================================================
Received Import Request.
  Time since last request: 6.694872 seconds.
  path: Assets/nappin/Office Props Softpack/Prefabs/(Prb)LoungeChair.prefab
  artifactKey: Guid(3461c8d14bc13bb4384505ad2b8b974f) Importer(815301076,1909f56bfc062723c751e8b465ee728b)
Start importing Assets/nappin/Office Props Softpack/Prefabs/(Prb)LoungeChair.prefab using Guid(3461c8d14bc13bb4384505ad2b8b974f) Importer(815301076,1909f56bfc062723c751e8b465ee728b) (PreviewImporter) -> (artifact id: 'd03097fe59b7766e1b080136f15699a2') in 0.0589276 seconds
Number of updated asset objects reloaded before import = 0Number of asset objects unloaded after import = 14

========================================================================
Received Import Request.
  Time since last request: 0.609498 seconds.
  path: Assets/nappin/Office Props Softpack/Prefabs/(Prb)LaunchTable_vase4.prefab
  artifactKey: Guid(c4357fd2cd18af449b8680904f04757c) Importer(815301076,1909f56bfc062723c751e8b465ee728b)
Start importing Assets/nappin/Office Props Softpack/Prefabs/(Prb)LaunchTable_vase4.prefab using Guid(c4357fd2cd18af449b8680904f04757c) Importer(815301076,1909f56bfc062723c751e8b465ee728b) (PreviewImporter) -> (artifact id: 'df4aee10af734f6f5ed8bb3fa3d7b004') in 0.0362875 seconds
Number of updated asset objects reloaded before import = 0Number of asset objects unloaded after import = 12

========================================================================
Received Import Request.
  Time since last request: 0.542843 seconds.
  path: Assets/nappin/Office Props Softpack/Prefabs/(Prb)LaunchTable_vase3.prefab
  artifactKey: Guid(dd9970b340623644eb4b3204eee4458e) Importer(815301076,1909f56bfc062723c751e8b465ee728b)
Start importing Assets/nappin/Office Props Softpack/Prefabs/(Prb)LaunchTable_vase3.prefab using Guid(dd9970b340623644eb4b3204eee4458e) Importer(815301076,1909f56bfc062723c751e8b465ee728b) (PreviewImporter) -> (artifact id: '97aadbdcbc6936212dfe83c8d08fa828') in 0.0326304 seconds
Number of updated asset objects reloaded before import = 0Number of asset objects unloaded after import = 12

========================================================================
Received Import Request.
  Time since last request: 0.430889 seconds.
  path: Assets/nappin/Office Props Softpack/Prefabs/(Prb)LaunchTable_vase2.prefab
  artifactKey: Guid(6c8c5607b1d615e4992b66dcbcf18c43) Importer(815301076,1909f56bfc062723c751e8b465ee728b)
Start importing Assets/nappin/Office Props Softpack/Prefabs/(Prb)LaunchTable_vase2.prefab using Guid(6c8c5607b1d615e4992b66dcbcf18c43) Importer(815301076,1909f56bfc062723c751e8b465ee728b) (PreviewImporter) -> (artifact id: '101c4a322c678c690cd2bd9278e2cc35') in 0.027778 seconds
Number of updated asset objects reloaded before import = 0Number of asset objects unloaded after import = 12

========================================================================
Received Import Request.
  Time since last request: 0.500688 seconds.
  path: Assets/nappin/Office Props Softpack/Prefabs/(Prb)LaunchTable_vase1.prefab
  artifactKey: Guid(d6faf5893276ac14a8693f2ceeb9fece) Importer(815301076,1909f56bfc062723c751e8b465ee728b)
Start importing Assets/nappin/Office Props Softpack/Prefabs/(Prb)LaunchTable_vase1.prefab using Guid(d6faf5893276ac14a8693f2ceeb9fece) Importer(815301076,1909f56bfc062723c751e8b465ee728b) (PreviewImporter) -> (artifact id: 'fa914f824f26f2ae75d24c4762740487') in 0.0310293 seconds
Number of updated asset objects reloaded before import = 0Number of asset objects unloaded after import = 12

========================================================================
Received Import Request.
  Time since last request: 0.303335 seconds.
  path: Assets/nappin/Office Props Softpack/Prefabs/(Prb)LaunchTable.prefab
  artifactKey: Guid(7bb52cc09c8c76e43a75786dccaf3fa4) Importer(815301076,1909f56bfc062723c751e8b465ee728b)
Start importing Assets/nappin/Office Props Softpack/Prefabs/(Prb)LaunchTable.prefab using Guid(7bb52cc09c8c76e43a75786dccaf3fa4) Importer(815301076,1909f56bfc062723c751e8b465ee728b) (PreviewImporter) -> (artifact id: '1212b76642fd2817e706a5f9edced1f8') in 0.0294002 seconds
Number of updated asset objects reloaded before import = 0Number of asset objects unloaded after import = 13

========================================================================
Received Import Request.
  Time since last request: 0.200333 seconds.
  path: Assets/nappin/Office Props Softpack/Prefabs/(Prb)Lamp.prefab
  artifactKey: Guid(184025b0b1d332c4db8122de5dd6c499) Importer(815301076,1909f56bfc062723c751e8b465ee728b)
Start importing Assets/nappin/Office Props Softpack/Prefabs/(Prb)Lamp.prefab using Guid(184025b0b1d332c4db8122de5dd6c499) Importer(815301076,1909f56bfc062723c751e8b465ee728b) (PreviewImporter) -> (artifact id: '4f76e805536cca29638e2d3756c6c6a3') in 0.0324322 seconds
Number of updated asset objects reloaded before import = 0Number of asset objects unloaded after import = 13

========================================================================
Received Import Request.
  Time since last request: 6.048623 seconds.
  path: Assets/nappin/Office Props Softpack/Prefabs/(Prb)KitchenSink.prefab
  artifactKey: Guid(5c53a6c9c85b969488e8513f82ebf8a3) Importer(815301076,1909f56bfc062723c751e8b465ee728b)
Start importing Assets/nappin/Office Props Softpack/Prefabs/(Prb)KitchenSink.prefab using Guid(5c53a6c9c85b969488e8513f82ebf8a3) Importer(815301076,1909f56bfc062723c751e8b465ee728b) (PreviewImporter) -> (artifact id: 'c0368f6044b85c96224056169b0d814b') in 0.230807 seconds
Number of updated asset objects reloaded before import = 0Number of asset objects unloaded after import = 29

========================================================================
Received Import Request.
  Time since last request: 37.160504 seconds.
  path: Assets/nappin/Office Props Softpack/Prefabs/(Prb)KitchenModule.prefab
  artifactKey: Guid(ed097709fffbe46488ab5df91f69939c) Importer(815301076,1909f56bfc062723c751e8b465ee728b)
Start importing Assets/nappin/Office Props Softpack/Prefabs/(Prb)KitchenModule.prefab using Guid(ed097709fffbe46488ab5df91f69939c) Importer(815301076,1909f56bfc062723c751e8b465ee728b) (PreviewImporter) -> (artifact id: '3d7cdf311de694307e7726291c4f9fed') in 0.0492666 seconds
Number of updated asset objects reloaded before import = 0Number of asset objects unloaded after import = 18

========================================================================
Received Import Request.
  Time since last request: 1.435498 seconds.
  path: Assets/nappin/Office Props Softpack/Prefabs/(Prb)KitchenIsland.prefab
  artifactKey: Guid(255e79009c0081f4b90ea3205cc262c1) Importer(815301076,1909f56bfc062723c751e8b465ee728b)
Start importing Assets/nappin/Office Props Softpack/Prefabs/(Prb)KitchenIsland.prefab using Guid(255e79009c0081f4b90ea3205cc262c1) Importer(815301076,1909f56bfc062723c751e8b465ee728b) (PreviewImporter) -> (artifact id: 'df09479d118dade9510c83561cc3bcf1') in 0.0486509 seconds
Number of updated asset objects reloaded before import = 0Number of asset objects unloaded after import = 48

========================================================================
Received Import Request.
  Time since last request: 1.494333 seconds.
  path: Assets/nappin/Office Props Softpack/Prefabs/(Prb)Fridge.prefab
  artifactKey: Guid(5e5be735ac697564c9d232fa4619bcf9) Importer(815301076,1909f56bfc062723c751e8b465ee728b)
Start importing Assets/nappin/Office Props Softpack/Prefabs/(Prb)Fridge.prefab using Guid(5e5be735ac697564c9d232fa4619bcf9) Importer(815301076,1909f56bfc062723c751e8b465ee728b) (PreviewImporter) -> (artifact id: 'c94cd4eaf4e1b9bfd6c852b0c3eb5e06') in 0.0641933 seconds
Number of updated asset objects reloaded before import = 0Number of asset objects unloaded after import = 29

========================================================================
Received Import Request.
  Time since last request: 17.399808 seconds.
  path: Assets/nappin/Office Props Softpack/Prefabs/(Prb)Dresser.prefab
  artifactKey: Guid(d2abb3f7c9ac59048a122c38a8480e71) Importer(815301076,1909f56bfc062723c751e8b465ee728b)
Start importing Assets/nappin/Office Props Softpack/Prefabs/(Prb)Dresser.prefab using Guid(d2abb3f7c9ac59048a122c38a8480e71) Importer(815301076,1909f56bfc062723c751e8b465ee728b) (PreviewImporter) -> (artifact id: '39590fe3b1e6125cc1bba92b964938f6') in 0.0708618 seconds
Number of updated asset objects reloaded before import = 0Number of asset objects unloaded after import = 35

========================================================================
Received Import Request.
  Time since last request: 1.010453 seconds.
  path: Assets/nappin/Office Props Softpack/Prefabs/(Prb)Drawer3.prefab
  artifactKey: Guid(1eba6e825e1b0ba4db1d042de5c08e44) Importer(815301076,1909f56bfc062723c751e8b465ee728b)
Start importing Assets/nappin/Office Props Softpack/Prefabs/(Prb)Drawer3.prefab using Guid(1eba6e825e1b0ba4db1d042de5c08e44) Importer(815301076,1909f56bfc062723c751e8b465ee728b) (PreviewImporter) -> (artifact id: '4c4f4d732356e8330580fb4a6a15190d') in 0.05122 seconds
Number of updated asset objects reloaded before import = 0Number of asset objects unloaded after import = 29

========================================================================
Received Import Request.
  Time since last request: 0.310828 seconds.
  path: Assets/nappin/Office Props Softpack/Prefabs/(Prb)Drawer2.prefab
  artifactKey: Guid(8ff4ad687e8a081468b81cfdd2d710e4) Importer(815301076,1909f56bfc062723c751e8b465ee728b)
Start importing Assets/nappin/Office Props Softpack/Prefabs/(Prb)Drawer2.prefab using Guid(8ff4ad687e8a081468b81cfdd2d710e4) Importer(815301076,1909f56bfc062723c751e8b465ee728b) (PreviewImporter) -> (artifact id: 'b2f414b9a83ef4fe92fccd416c87e858') in 0.0563299 seconds
Number of updated asset objects reloaded before import = 0Number of asset objects unloaded after import = 29

========================================================================
Received Import Request.
  Time since last request: 0.480820 seconds.
  path: Assets/nappin/Office Props Softpack/Prefabs/(Prb)Drawer1.prefab
  artifactKey: Guid(676edecf7cf6d7645a15b3550dce3e70) Importer(815301076,1909f56bfc062723c751e8b465ee728b)
Start importing Assets/nappin/Office Props Softpack/Prefabs/(Prb)Drawer1.prefab using Guid(676edecf7cf6d7645a15b3550dce3e70) Importer(815301076,1909f56bfc062723c751e8b465ee728b) (PreviewImporter) -> (artifact id: 'd684c0161491f84001239271fb488f2d') in 0.0326895 seconds
Number of updated asset objects reloaded before import = 0Number of asset objects unloaded after import = 29

========================================================================
Received Import Request.
  Time since last request: 1.057427 seconds.
  path: Assets/nappin/Office Props Softpack/Prefabs/(Prb)DoubleBed.prefab
  artifactKey: Guid(2223fa9f01f9e4745bcd93ad2fd7f5cd) Importer(815301076,1909f56bfc062723c751e8b465ee728b)
Start importing Assets/nappin/Office Props Softpack/Prefabs/(Prb)DoubleBed.prefab using Guid(2223fa9f01f9e4745bcd93ad2fd7f5cd) Importer(815301076,1909f56bfc062723c751e8b465ee728b) (PreviewImporter) -> (artifact id: 'cb22f3133f2d790cc70e1d5059546ac7') in 0.1170766 seconds
Number of updated asset objects reloaded before import = 0Number of asset objects unloaded after import = 62

========================================================================
Received Import Request.
  Time since last request: 0.824674 seconds.
  path: Assets/nappin/Office Props Softpack/Prefabs/(Prb)Door.prefab
  artifactKey: Guid(0afd69b5b86b13b4db61d58f91c02066) Importer(815301076,1909f56bfc062723c751e8b465ee728b)
Start importing Assets/nappin/Office Props Softpack/Prefabs/(Prb)Door.prefab using Guid(0afd69b5b86b13b4db61d58f91c02066) Importer(815301076,1909f56bfc062723c751e8b465ee728b) (PreviewImporter) -> (artifact id: 'cdb0ab5a92889d8ccdbde5913ae96e3e') in 0.0528328 seconds
Number of updated asset objects reloaded before import = 0Number of asset objects unloaded after import = 23

========================================================================
Received Import Request.
  Time since last request: 0.651643 seconds.
  path: Assets/nappin/Office Props Softpack/Prefabs/(Prb)DocumentHolder.prefab
  artifactKey: Guid(6f7b9206e8634ed49be22ce24b106709) Importer(815301076,1909f56bfc062723c751e8b465ee728b)
Start importing Assets/nappin/Office Props Softpack/Prefabs/(Prb)DocumentHolder.prefab using Guid(6f7b9206e8634ed49be22ce24b106709) Importer(815301076,1909f56bfc062723c751e8b465ee728b) (PreviewImporter) -> (artifact id: '585a1c7069e59e48e4fd9bfff8ecf8c9') in 0.052688 seconds
Number of updated asset objects reloaded before import = 0Number of asset objects unloaded after import = 12

========================================================================
Received Import Request.
  Time since last request: 0.663491 seconds.
  path: Assets/nappin/Office Props Softpack/Prefabs/(Prb)DiningChair.prefab
  artifactKey: Guid(085a08379fc27ff4a97814747b8aeb21) Importer(815301076,1909f56bfc062723c751e8b465ee728b)
Start importing Assets/nappin/Office Props Softpack/Prefabs/(Prb)DiningChair.prefab using Guid(085a08379fc27ff4a97814747b8aeb21) Importer(815301076,1909f56bfc062723c751e8b465ee728b) (PreviewImporter) -> (artifact id: '5841351c7cbfb8de970987a3ee27c6bf') in 0.0551155 seconds
Number of updated asset objects reloaded before import = 0Number of asset objects unloaded after import = 16

========================================================================
Received Import Request.
  Time since last request: 0.762018 seconds.
  path: Assets/nappin/Office Props Softpack/Prefabs/(Prb)DeskPrinter.prefab
  artifactKey: Guid(cc05ee3ee5dd90e47863e933663f5eba) Importer(815301076,1909f56bfc062723c751e8b465ee728b)
Start importing Assets/nappin/Office Props Softpack/Prefabs/(Prb)DeskPrinter.prefab using Guid(cc05ee3ee5dd90e47863e933663f5eba) Importer(815301076,1909f56bfc062723c751e8b465ee728b) (PreviewImporter) -> (artifact id: '32fd7c92869135d066f5066f3256ec2d') in 0.0483617 seconds
Number of updated asset objects reloaded before import = 0Number of asset objects unloaded after import = 21

========================================================================
Received Import Request.
  Time since last request: 0.629715 seconds.
  path: Assets/nappin/Office Props Softpack/Prefabs/(Prb)DeskPlant.prefab
  artifactKey: Guid(c02a999a44edfa048a0420775c83cf3d) Importer(815301076,1909f56bfc062723c751e8b465ee728b)
Start importing Assets/nappin/Office Props Softpack/Prefabs/(Prb)DeskPlant.prefab using Guid(c02a999a44edfa048a0420775c83cf3d) Importer(815301076,1909f56bfc062723c751e8b465ee728b) (PreviewImporter) -> (artifact id: '4e47391f78318ddf087f3aa0da3a5bd4') in 0.0392403 seconds
Number of updated asset objects reloaded before import = 0Number of asset objects unloaded after import = 16

========================================================================
Received Import Request.
  Time since last request: 0.457469 seconds.
  path: Assets/nappin/Office Props Softpack/Prefabs/(Prb)DeskLight.prefab
  artifactKey: Guid(e0a309163f5d1ef4e81367371dba0804) Importer(815301076,1909f56bfc062723c751e8b465ee728b)
Start importing Assets/nappin/Office Props Softpack/Prefabs/(Prb)DeskLight.prefab using Guid(e0a309163f5d1ef4e81367371dba0804) Importer(815301076,1909f56bfc062723c751e8b465ee728b) (PreviewImporter) -> (artifact id: '9ebca546ecf2a3dac0716b426f385c93') in 0.0571536 seconds
Number of updated asset objects reloaded before import = 0Number of asset objects unloaded after import = 18

========================================================================
Received Import Request.
  Time since last request: 0.375056 seconds.
  path: Assets/nappin/Office Props Softpack/Prefabs/(Prb)Desk2.prefab
  artifactKey: Guid(067fb86e8e4f5744a82f28c508805f86) Importer(815301076,1909f56bfc062723c751e8b465ee728b)
Start importing Assets/nappin/Office Props Softpack/Prefabs/(Prb)Desk2.prefab using Guid(067fb86e8e4f5744a82f28c508805f86) Importer(815301076,1909f56bfc062723c751e8b465ee728b) (PreviewImporter) -> (artifact id: 'f8e1c345d3f797a3c5e2fe48498dbcd7') in 0.0533358 seconds
Number of updated asset objects reloaded before import = 0Number of asset objects unloaded after import = 39

========================================================================
Received Import Request.
  Time since last request: 0.616070 seconds.
  path: Assets/nappin/Office Props Softpack/Prefabs/(Prb)Desk1.prefab
  artifactKey: Guid(eba40b33cd75dfc4e86e9604170d19f9) Importer(815301076,1909f56bfc062723c751e8b465ee728b)
Start importing Assets/nappin/Office Props Softpack/Prefabs/(Prb)Desk1.prefab using Guid(eba40b33cd75dfc4e86e9604170d19f9) Importer(815301076,1909f56bfc062723c751e8b465ee728b) (PreviewImporter) -> (artifact id: '9112254c8c9984e79d2901f6723eb70c') in 0.0307136 seconds
Number of updated asset objects reloaded before import = 0Number of asset objects unloaded after import = 13

========================================================================
Received Import Request.
  Time since last request: 0.488715 seconds.
  path: Assets/nappin/Office Props Softpack/Prefabs/(Prb)Desk.prefab
  artifactKey: Guid(00e5c0945f7a8b0439135711f7f02840) Importer(815301076,1909f56bfc062723c751e8b465ee728b)
Start importing Assets/nappin/Office Props Softpack/Prefabs/(Prb)Desk.prefab using Guid(00e5c0945f7a8b0439135711f7f02840) Importer(815301076,1909f56bfc062723c751e8b465ee728b) (PreviewImporter) -> (artifact id: '5ef5a5314aae08c43a71c7d6d4682bff') in 0.0488453 seconds
Number of updated asset objects reloaded before import = 0Number of asset objects unloaded after import = 52

========================================================================
Received Import Request.
  Time since last request: 0.484077 seconds.
  path: Assets/nappin/Office Props Softpack/Prefabs/(Prb)CornerSofa_pillowT.prefab
  artifactKey: Guid(138d0852e3d6a79458e885febb13bb03) Importer(815301076,1909f56bfc062723c751e8b465ee728b)
Start importing Assets/nappin/Office Props Softpack/Prefabs/(Prb)CornerSofa_pillowT.prefab using Guid(138d0852e3d6a79458e885febb13bb03) Importer(815301076,1909f56bfc062723c751e8b465ee728b) (PreviewImporter) -> (artifact id: '705361867a86067e28d87e0c26ef44c8') in 0.0302662 seconds
Number of updated asset objects reloaded before import = 0Number of asset objects unloaded after import = 12

========================================================================
Received Import Request.
  Time since last request: 0.599469 seconds.
  path: Assets/nappin/Office Props Softpack/Prefabs/(Prb)CornerSofa.prefab
  artifactKey: Guid(290d5c01ef7f584438bbaca69591c2b9) Importer(815301076,1909f56bfc062723c751e8b465ee728b)
Start importing Assets/nappin/Office Props Softpack/Prefabs/(Prb)CornerSofa.prefab using Guid(290d5c01ef7f584438bbaca69591c2b9) Importer(815301076,1909f56bfc062723c751e8b465ee728b) (PreviewImporter) -> (artifact id: '1ba2ac76798522fabfe14ebbaaf67199') in 0.1063851 seconds
Number of updated asset objects reloaded before import = 0Number of asset objects unloaded after import = 170

========================================================================
Received Import Request.
  Time since last request: 0.374997 seconds.
  path: Assets/nappin/Office Props Softpack/Prefabs/(Prb)CornerLight.prefab
  artifactKey: Guid(7232880492f88cd4d9624a501fc37aba) Importer(815301076,1909f56bfc062723c751e8b465ee728b)
Start importing Assets/nappin/Office Props Softpack/Prefabs/(Prb)CornerLight.prefab using Guid(7232880492f88cd4d9624a501fc37aba) Importer(815301076,1909f56bfc062723c751e8b465ee728b) (PreviewImporter) -> (artifact id: '6e880866b2d5cbf0f661c116199044df') in 0.035017 seconds
Number of updated asset objects reloaded before import = 0Number of asset objects unloaded after import = 18

========================================================================
Received Import Request.
  Time since last request: 0.564274 seconds.
  path: Assets/nappin/Office Props Softpack/Prefabs/(Prb)Container4.prefab
  artifactKey: Guid(88853fd459048b8449314defca9e8f92) Importer(815301076,1909f56bfc062723c751e8b465ee728b)
Start importing Assets/nappin/Office Props Softpack/Prefabs/(Prb)Container4.prefab using Guid(88853fd459048b8449314defca9e8f92) Importer(815301076,1909f56bfc062723c751e8b465ee728b) (PreviewImporter) -> (artifact id: '7189bd4026d1856fc50af533008129e8') in 0.0360508 seconds
Number of updated asset objects reloaded before import = 0Number of asset objects unloaded after import = 255

========================================================================
Received Import Request.
  Time since last request: 1.488123 seconds.
  path: Assets/nappin/Office Props Softpack/Prefabs/(Prb)Container3.prefab
  artifactKey: Guid(cae6314782bce654798802c29aaac4b8) Importer(815301076,1909f56bfc062723c751e8b465ee728b)
Start importing Assets/nappin/Office Props Softpack/Prefabs/(Prb)Container3.prefab using Guid(cae6314782bce654798802c29aaac4b8) Importer(815301076,1909f56bfc062723c751e8b465ee728b) (PreviewImporter) -> (artifact id: '8a53345f925483be166d68e5d77ae3d4') in 0.0589442 seconds
Number of updated asset objects reloaded before import = 0Number of asset objects unloaded after import = 106

========================================================================
Received Import Request.
  Time since last request: 0.501694 seconds.
  path: Assets/nappin/Office Props Softpack/Prefabs/(Prb)Container2.prefab
  artifactKey: Guid(dffdf6411c04f9146a126f1cd6000fda) Importer(815301076,1909f56bfc062723c751e8b465ee728b)
Start importing Assets/nappin/Office Props Softpack/Prefabs/(Prb)Container2.prefab using Guid(dffdf6411c04f9146a126f1cd6000fda) Importer(815301076,1909f56bfc062723c751e8b465ee728b) (PreviewImporter) -> (artifact id: '094ce658c22ed0c3d6c7eb184b35c067') in 0.0281972 seconds
Number of updated asset objects reloaded before import = 0Number of asset objects unloaded after import = 12

========================================================================
Received Import Request.
  Time since last request: 0.429332 seconds.
  path: Assets/nappin/Office Props Softpack/Prefabs/(Prb)Container1.prefab
  artifactKey: Guid(218346a1813791d43973c01c52508a3e) Importer(815301076,1909f56bfc062723c751e8b465ee728b)
Start importing Assets/nappin/Office Props Softpack/Prefabs/(Prb)Container1.prefab using Guid(218346a1813791d43973c01c52508a3e) Importer(815301076,1909f56bfc062723c751e8b465ee728b) (PreviewImporter) -> (artifact id: 'f4dac8649fd220957a371bac1013b672') in 0.0347795 seconds
Number of updated asset objects reloaded before import = 0Number of asset objects unloaded after import = 29

========================================================================
Received Import Request.
  Time since last request: 0.603324 seconds.
  path: Assets/nappin/Office Props Softpack/Prefabs/(Prb)ConferenceTable.prefab
  artifactKey: Guid(900432286b70dd3448b0884c911e1f6d) Importer(815301076,1909f56bfc062723c751e8b465ee728b)
Start importing Assets/nappin/Office Props Softpack/Prefabs/(Prb)ConferenceTable.prefab using Guid(900432286b70dd3448b0884c911e1f6d) Importer(815301076,1909f56bfc062723c751e8b465ee728b) (PreviewImporter) -> (artifact id: '391f33db4fe702703c7c15d583f96768') in 0.0335296 seconds
Number of updated asset objects reloaded before import = 0Number of asset objects unloaded after import = 17

========================================================================
Received Import Request.
  Time since last request: 0.339262 seconds.
  path: Assets/nappin/Office Props Softpack/Prefabs/(Prb)CoffeTable_smallPlant.prefab
  artifactKey: Guid(579fa6f3f1bc72e49b3ff3c0b83f513d) Importer(815301076,1909f56bfc062723c751e8b465ee728b)
Start importing Assets/nappin/Office Props Softpack/Prefabs/(Prb)CoffeTable_smallPlant.prefab using Guid(579fa6f3f1bc72e49b3ff3c0b83f513d) Importer(815301076,1909f56bfc062723c751e8b465ee728b) (PreviewImporter) -> (artifact id: '7c4e719f5a27e587b2b294eaca77be22') in 0.0321698 seconds
Number of updated asset objects reloaded before import = 0Number of asset objects unloaded after import = 26

========================================================================
Received Import Request.
  Time since last request: 2.236137 seconds.
  path: Assets/nappin/Office Props Softpack/Prefabs/(Prb)CoffeTable.prefab
  artifactKey: Guid(b235c805f008f6f4da469f7364846b10) Importer(815301076,1909f56bfc062723c751e8b465ee728b)
Start importing Assets/nappin/Office Props Softpack/Prefabs/(Prb)CoffeTable.prefab using Guid(b235c805f008f6f4da469f7364846b10) Importer(815301076,1909f56bfc062723c751e8b465ee728b) (PreviewImporter) -> (artifact id: '5cf0683f99d1648ff9055fdf4b0cc91b') in 0.0280363 seconds
Number of updated asset objects reloaded before import = 0Number of asset objects unloaded after import = 13

========================================================================
Received Import Request.
  Time since last request: 1.939153 seconds.
  path: Assets/nappin/Office Props Softpack/Prefabs/(Prb)CoffePot.prefab
  artifactKey: Guid(7c525024ae8431e45b357520bb8407a6) Importer(815301076,1909f56bfc062723c751e8b465ee728b)
Start importing Assets/nappin/Office Props Softpack/Prefabs/(Prb)CoffePot.prefab using Guid(7c525024ae8431e45b357520bb8407a6) Importer(815301076,1909f56bfc062723c751e8b465ee728b) (PreviewImporter) -> (artifact id: 'b46a7ed17000b90619a703303c77dd8e') in 0.0301567 seconds
Number of updated asset objects reloaded before import = 0Number of asset objects unloaded after import = 22

========================================================================
Received Import Request.
  Time since last request: 0.558307 seconds.
  path: Assets/nappin/Office Props Softpack/Prefabs/(Prb)CoatHanger.prefab
  artifactKey: Guid(1fd1948ee0343e74990f9a76872df5ef) Importer(815301076,1909f56bfc062723c751e8b465ee728b)
Start importing Assets/nappin/Office Props Softpack/Prefabs/(Prb)CoatHanger.prefab using Guid(1fd1948ee0343e74990f9a76872df5ef) Importer(815301076,1909f56bfc062723c751e8b465ee728b) (PreviewImporter) -> (artifact id: 'b3b5a022d6a2cab85888d99ca8d64ff5') in 0.0306578 seconds
Number of updated asset objects reloaded before import = 0Number of asset objects unloaded after import = 13

========================================================================
Received Import Request.
  Time since last request: 3.470681 seconds.
  path: Assets/nappin/Office Props Softpack/Prefabs/(Prb)Chair1.prefab
  artifactKey: Guid(5d8b976fab3c41f4cb03fe912a97d039) Importer(815301076,1909f56bfc062723c751e8b465ee728b)
Start importing Assets/nappin/Office Props Softpack/Prefabs/(Prb)Chair1.prefab using Guid(5d8b976fab3c41f4cb03fe912a97d039) Importer(815301076,1909f56bfc062723c751e8b465ee728b) (PreviewImporter) -> (artifact id: 'd66433673c64c1a302a4c64c0fd25376') in 0.0301016 seconds
Number of updated asset objects reloaded before import = 0Number of asset objects unloaded after import = 13

========================================================================
Received Import Request.
  Time since last request: 0.483967 seconds.
  path: Assets/nappin/Office Props Softpack/Prefabs/(Prb)CeilingLight2.prefab
  artifactKey: Guid(fc0dfbc5d3b0784439b0dd1fb69c4b12) Importer(815301076,1909f56bfc062723c751e8b465ee728b)
Start importing Assets/nappin/Office Props Softpack/Prefabs/(Prb)CeilingLight2.prefab using Guid(fc0dfbc5d3b0784439b0dd1fb69c4b12) Importer(815301076,1909f56bfc062723c751e8b465ee728b) (PreviewImporter) -> (artifact id: '672f0e6408cfd07f898d9bf702544231') in 0.031317 seconds
Number of updated asset objects reloaded before import = 0Number of asset objects unloaded after import = 14

========================================================================
Received Import Request.
  Time since last request: 2.065608 seconds.
  path: Assets/nappin/Office Props Softpack/Prefabs/(Prb)BookPile7.prefab
  artifactKey: Guid(cffe7cb1f1e958f4bb79310e7b1d96e5) Importer(815301076,1909f56bfc062723c751e8b465ee728b)
Start importing Assets/nappin/Office Props Softpack/Prefabs/(Prb)BookPile7.prefab using Guid(cffe7cb1f1e958f4bb79310e7b1d96e5) Importer(815301076,1909f56bfc062723c751e8b465ee728b) (PreviewImporter) -> (artifact id: '019f3c3af853e78268da8fff77966193') in 0.0539749 seconds
Number of updated asset objects reloaded before import = 0Number of asset objects unloaded after import = 246

========================================================================
Received Import Request.
  Time since last request: 0.460765 seconds.
  path: Assets/nappin/Office Props Softpack/Prefabs/(Prb)BookPile6.prefab
  artifactKey: Guid(57addd97d1055424daebeb70d461be6d) Importer(815301076,1909f56bfc062723c751e8b465ee728b)
Start importing Assets/nappin/Office Props Softpack/Prefabs/(Prb)BookPile6.prefab using Guid(57addd97d1055424daebeb70d461be6d) Importer(815301076,1909f56bfc062723c751e8b465ee728b) (PreviewImporter) -> (artifact id: '83e3ec475b9c6da6cfa1ae60c236f5e9') in 0.0475129 seconds
Number of updated asset objects reloaded before import = 0Number of asset objects unloaded after import = 246

========================================================================
Received Import Request.
  Time since last request: 0.454771 seconds.
  path: Assets/nappin/Office Props Softpack/Prefabs/(Prb)BookPile5.prefab
  artifactKey: Guid(91c8c6751f26bcc4a9425c9fc23fd227) Importer(815301076,1909f56bfc062723c751e8b465ee728b)
Start importing Assets/nappin/Office Props Softpack/Prefabs/(Prb)BookPile5.prefab using Guid(91c8c6751f26bcc4a9425c9fc23fd227) Importer(815301076,1909f56bfc062723c751e8b465ee728b) (PreviewImporter) -> (artifact id: '1e0311340a1b3abf9d00deb05aa00bf6') in 0.0553014 seconds
Number of updated asset objects reloaded before import = 0Number of asset objects unloaded after import = 126

========================================================================
Received Import Request.
  Time since last request: 0.279196 seconds.
  path: Assets/nappin/Office Props Softpack/Prefabs/(Prb)BookPile4.prefab
  artifactKey: Guid(26a2420e41111fa4384c8adc35b250b1) Importer(815301076,1909f56bfc062723c751e8b465ee728b)
Start importing Assets/nappin/Office Props Softpack/Prefabs/(Prb)BookPile4.prefab using Guid(26a2420e41111fa4384c8adc35b250b1) Importer(815301076,1909f56bfc062723c751e8b465ee728b) (PreviewImporter) -> (artifact id: '9d7c07003bd0f744c85639d4aeb4ef9c') in 0.0638477 seconds
Number of updated asset objects reloaded before import = 0Number of asset objects unloaded after import = 72

========================================================================
Received Import Request.
  Time since last request: 0.272661 seconds.
  path: Assets/nappin/Office Props Softpack/Prefabs/(Prb)BookPile3.prefab
  artifactKey: Guid(20fb32c38fa4cf14c98f0e754db93073) Importer(815301076,1909f56bfc062723c751e8b465ee728b)
Start importing Assets/nappin/Office Props Softpack/Prefabs/(Prb)BookPile3.prefab using Guid(20fb32c38fa4cf14c98f0e754db93073) Importer(815301076,1909f56bfc062723c751e8b465ee728b) (PreviewImporter) -> (artifact id: '2c65d4cc8bb3063129a6576686e30bf1') in 0.0743309 seconds
Number of updated asset objects reloaded before import = 0Number of asset objects unloaded after import = 126

========================================================================
Received Import Request.
  Time since last request: 0.208554 seconds.
  path: Assets/nappin/Office Props Softpack/Prefabs/(Prb)BookPile2.prefab
  artifactKey: Guid(009ac3bc89a8c994aaa64e90fed60ab2) Importer(815301076,1909f56bfc062723c751e8b465ee728b)
Start importing Assets/nappin/Office Props Softpack/Prefabs/(Prb)BookPile2.prefab using Guid(009ac3bc89a8c994aaa64e90fed60ab2) Importer(815301076,1909f56bfc062723c751e8b465ee728b) (PreviewImporter) -> (artifact id: 'e1dddc423fe13fd3f6bacdfb906d16b2') in 0.0595391 seconds
Number of updated asset objects reloaded before import = 0Number of asset objects unloaded after import = 68

========================================================================
Received Import Request.
  Time since last request: 0.512251 seconds.
  path: Assets/nappin/Office Props Softpack/Prefabs/(Prb)BookOpen.prefab
  artifactKey: Guid(c2f17a2926fbc774d990dd6e286d4fad) Importer(815301076,1909f56bfc062723c751e8b465ee728b)
Start importing Assets/nappin/Office Props Softpack/Prefabs/(Prb)BookOpen.prefab using Guid(c2f17a2926fbc774d990dd6e286d4fad) Importer(815301076,1909f56bfc062723c751e8b465ee728b) (PreviewImporter) -> (artifact id: 'b9829b89eb5b7fc5d8d497a26cda4cbc') in 0.0308986 seconds
Number of updated asset objects reloaded before import = 0Number of asset objects unloaded after import = 14

========================================================================
Received Import Request.
  Time since last request: 0.225157 seconds.
  path: Assets/nappin/Office Props Softpack/Prefabs/(Prb)BigDrawer.prefab
  artifactKey: Guid(c53fe300edecc524f9f511dc58792d47) Importer(815301076,1909f56bfc062723c751e8b465ee728b)
Start importing Assets/nappin/Office Props Softpack/Prefabs/(Prb)BigDrawer.prefab using Guid(c53fe300edecc524f9f511dc58792d47) Importer(815301076,1909f56bfc062723c751e8b465ee728b) (PreviewImporter) -> (artifact id: '98b3d688014b16e9cfb4a6fc5369565c') in 0.0447441 seconds
Number of updated asset objects reloaded before import = 0Number of asset objects unloaded after import = 67

========================================================================
Received Import Request.
  Time since last request: 0.154424 seconds.
  path: Assets/nappin/Office Props Softpack/Prefabs/(Prb)BedsideTable.prefab
  artifactKey: Guid(f34f09e70e02cc94683d8dbaaf079f2e) Importer(815301076,1909f56bfc062723c751e8b465ee728b)
Start importing Assets/nappin/Office Props Softpack/Prefabs/(Prb)BedsideTable.prefab using Guid(f34f09e70e02cc94683d8dbaaf079f2e) Importer(815301076,1909f56bfc062723c751e8b465ee728b) (PreviewImporter) -> (artifact id: 'ec9762afeadf13bd21d1fba244a0039e') in 0.033864 seconds
Number of updated asset objects reloaded before import = 0Number of asset objects unloaded after import = 13

========================================================================
Received Import Request.
  Time since last request: 0.176434 seconds.
  path: Assets/nappin/Office Props Softpack/Prefabs/(Prb)BedsideLight.prefab
  artifactKey: Guid(4f06099175b8866458a6cf669a7c20fb) Importer(815301076,1909f56bfc062723c751e8b465ee728b)
Start importing Assets/nappin/Office Props Softpack/Prefabs/(Prb)BedsideLight.prefab using Guid(4f06099175b8866458a6cf669a7c20fb) Importer(815301076,1909f56bfc062723c751e8b465ee728b) (PreviewImporter) -> (artifact id: '1cca268c99e1a563e0b829b458d92cc0') in 0.0297855 seconds
Number of updated asset objects reloaded before import = 0Number of asset objects unloaded after import = 16

========================================================================
Received Import Request.
  Time since last request: 218.232727 seconds.
  path: Assets/nappin/House Props Softpack/Models/(Msh)CoffeTable_smallPlant.fbx
  artifactKey: Guid(d2974a25e2cf4e540a5a86ff784d0d0f) Importer(815301076,1909f56bfc062723c751e8b465ee728b)
Start importing Assets/nappin/House Props Softpack/Models/(Msh)CoffeTable_smallPlant.fbx using Guid(d2974a25e2cf4e540a5a86ff784d0d0f) Importer(815301076,1909f56bfc062723c751e8b465ee728b) (PreviewImporter) -> (artifact id: '4eda2975c70bb9738bf269ef0e77bd46') in 0.1391759 seconds
Number of updated asset objects reloaded before import = 0Number of asset objects unloaded after import = 16

========================================================================
Received Import Request.
  Time since last request: 0.000087 seconds.
  path: Assets/nappin/Office Props Softpack/Models/(Msh)Plant2.fbx
  artifactKey: Guid(53a390c2e7417fc4881f4a9c5cc4078a) Importer(815301076,1909f56bfc062723c751e8b465ee728b)
Start importing Assets/nappin/Office Props Softpack/Models/(Msh)Plant2.fbx using Guid(53a390c2e7417fc4881f4a9c5cc4078a) Importer(815301076,1909f56bfc062723c751e8b465ee728b) (PreviewImporter) -> (artifact id: '5000dca09d3cb0b016790ac8c71accbf') in 0.0596926 seconds
Number of updated asset objects reloaded before import = 0Number of asset objects unloaded after import = 9

========================================================================
Received Import Request.
  Time since last request: 0.000028 seconds.
  path: Assets/nappin/Office Props Softpack/Models/(Msh)PlantBox.fbx
  artifactKey: Guid(6a55ccc8cef577442974555021f41a1b) Importer(815301076,1909f56bfc062723c751e8b465ee728b)
Start importing Assets/nappin/Office Props Softpack/Models/(Msh)PlantBox.fbx using Guid(6a55ccc8cef577442974555021f41a1b) Importer(815301076,1909f56bfc062723c751e8b465ee728b) (PreviewImporter) -> (artifact id: '316b3a42bf82c5b4abc567e824cd1ee7') in 0.057877 seconds
Number of updated asset objects reloaded before import = 0Number of asset objects unloaded after import = 9

========================================================================
Received Import Request.
  Time since last request: 0.000026 seconds.
  path: Assets/nappin/Office Props Softpack/Models/(Msh)Plant1.fbx
  artifactKey: Guid(7b03297d5fa5a384aa16d9aabd94ff93) Importer(815301076,1909f56bfc062723c751e8b465ee728b)
Start importing Assets/nappin/Office Props Softpack/Models/(Msh)Plant1.fbx using Guid(7b03297d5fa5a384aa16d9aabd94ff93) Importer(815301076,1909f56bfc062723c751e8b465ee728b) (PreviewImporter) -> (artifact id: '94d59c848627c420f4033fcf0bcc189b') in 0.0552149 seconds
Number of updated asset objects reloaded before import = 0Number of asset objects unloaded after import = 9

========================================================================
Received Import Request.
  Time since last request: 205.825553 seconds.
  path: Assets/nappin/Office Props Softpack/Materials/(Mat)MetallicBlack.mat
  artifactKey: Guid(31e87d42f3ffa2546b1f527e7a0a4b9d) Importer(815301076,1909f56bfc062723c751e8b465ee728b)
Start importing Assets/nappin/Office Props Softpack/Materials/(Mat)MetallicBlack.mat using Guid(31e87d42f3ffa2546b1f527e7a0a4b9d) Importer(815301076,1909f56bfc062723c751e8b465ee728b) (PreviewImporter) -> (artifact id: 'fa09030b5e242c1b3e24f984d3f636b4') in 0.4742996 seconds
Number of updated asset objects reloaded before import = 0Number of asset objects unloaded after import = 1

========================================================================
Received Import Request.
  Time since last request: 0.000094 seconds.
  path: Assets/nappin/House Props Softpack/Models/(Msh)LaunchTable_vase2.fbx
  artifactKey: Guid(c52be7ce5d9b3c74f9cc95a365aaf54e) Importer(815301076,1909f56bfc062723c751e8b465ee728b)
Start importing Assets/nappin/House Props Softpack/Models/(Msh)LaunchTable_vase2.fbx using Guid(c52be7ce5d9b3c74f9cc95a365aaf54e) Importer(815301076,1909f56bfc062723c751e8b465ee728b) (PreviewImporter) -> (artifact id: '8adb0834e85705c53759186130d038f6') in 0.0606167 seconds
Number of updated asset objects reloaded before import = 0Number of asset objects unloaded after import = 9

========================================================================
Received Import Request.
  Time since last request: 0.000052 seconds.
  path: Assets/nappin/House Props Softpack/Models/(Msh)LaunchTable_vase4.fbx
  artifactKey: Guid(1468bcf19ada3a841af67e85338d01cc) Importer(815301076,1909f56bfc062723c751e8b465ee728b)
Start importing Assets/nappin/House Props Softpack/Models/(Msh)LaunchTable_vase4.fbx using Guid(1468bcf19ada3a841af67e85338d01cc) Importer(815301076,1909f56bfc062723c751e8b465ee728b) (PreviewImporter) -> (artifact id: 'd71ec4c202200953237c308495a7003f') in 0.0474882 seconds
Number of updated asset objects reloaded before import = 0Number of asset objects unloaded after import = 9

========================================================================
Received Import Request.
  Time since last request: 0.000028 seconds.
  path: Assets/nappin/House Props Softpack/Models/(Msh)Container3.fbx
  artifactKey: Guid(105eae09639e4cb4db1477109a3acd0d) Importer(815301076,1909f56bfc062723c751e8b465ee728b)
Start importing Assets/nappin/House Props Softpack/Models/(Msh)Container3.fbx using Guid(105eae09639e4cb4db1477109a3acd0d) Importer(815301076,1909f56bfc062723c751e8b465ee728b) (PreviewImporter) -> (artifact id: '9c9de8ff90d7490d83234fddd26c7197') in 0.1532107 seconds
Number of updated asset objects reloaded before import = 0Number of asset objects unloaded after import = 86

========================================================================
Received Import Request.
  Time since last request: 0.000027 seconds.
  path: Assets/nappin/House Props Softpack/Models/(Msh)Container1.fbx
  artifactKey: Guid(4a9018e939c46fa4caff4673bd78885a) Importer(815301076,1909f56bfc062723c751e8b465ee728b)
Start importing Assets/nappin/House Props Softpack/Models/(Msh)Container1.fbx using Guid(4a9018e939c46fa4caff4673bd78885a) Importer(815301076,1909f56bfc062723c751e8b465ee728b) (PreviewImporter) -> (artifact id: '6a4040d8fe0f28807acf3ca18b440b26') in 0.0506314 seconds
Number of updated asset objects reloaded before import = 0Number of asset objects unloaded after import = 20

========================================================================
Received Import Request.
  Time since last request: 0.000032 seconds.
  path: Assets/nappin/House Props Softpack/Models/(Msh)Container2.fbx
  artifactKey: Guid(7cb687ce850f4264283bd6319ea397e7) Importer(815301076,1909f56bfc062723c751e8b465ee728b)
Start importing Assets/nappin/House Props Softpack/Models/(Msh)Container2.fbx using Guid(7cb687ce850f4264283bd6319ea397e7) Importer(815301076,1909f56bfc062723c751e8b465ee728b) (PreviewImporter) -> (artifact id: 'd68da3592616a8d17d6351999f3dbe22') in 0.0415151 seconds
Number of updated asset objects reloaded before import = 0Number of asset objects unloaded after import = 9

========================================================================
Received Import Request.
  Time since last request: 28.100804 seconds.
  path: Assets/nappin/House Props Softpack/Models/(Msh)KitchenIsland.fbx
  artifactKey: Guid(d1a0377cf789263439d9ae63236a7c6e) Importer(815301076,1909f56bfc062723c751e8b465ee728b)
Start importing Assets/nappin/House Props Softpack/Models/(Msh)KitchenIsland.fbx using Guid(d1a0377cf789263439d9ae63236a7c6e) Importer(815301076,1909f56bfc062723c751e8b465ee728b) (PreviewImporter) -> (artifact id: '0daedcdc64dc188c26f5b8d3d6057aac') in 0.0692615 seconds
Number of updated asset objects reloaded before import = 0Number of asset objects unloaded after import = 36

========================================================================
Received Import Request.
  Time since last request: 0.000032 seconds.
  path: Assets/Materials/Materials/WallpaperKitchen.mat
  artifactKey: Guid(b7053901e15ca66419c0d2dfe2682d84) Importer(815301076,1909f56bfc062723c751e8b465ee728b)
Start importing Assets/Materials/Materials/WallpaperKitchen.mat using Guid(b7053901e15ca66419c0d2dfe2682d84) Importer(815301076,1909f56bfc062723c751e8b465ee728b) (PreviewImporter) -> (artifact id: '704f13dc7f91a97c227b0aaa922c8860') in 0.0351949 seconds
Number of updated asset objects reloaded before import = 0Number of asset objects unloaded after import = 2

========================================================================
Received Import Request.
  Time since last request: 9.343350 seconds.
  path: Assets/nappin/House Props Softpack/Models/(Msh)Chair1.fbx
  artifactKey: Guid(5792f87e0cae77c4e8636ec35e4818ef) Importer(815301076,1909f56bfc062723c751e8b465ee728b)
Start importing Assets/nappin/House Props Softpack/Models/(Msh)Chair1.fbx using Guid(5792f87e0cae77c4e8636ec35e4818ef) Importer(815301076,1909f56bfc062723c751e8b465ee728b) (PreviewImporter) -> (artifact id: '16e3ad9e4c8cbf039c64abd2b325cbe3') in 0.0440529 seconds
Number of updated asset objects reloaded before import = 0Number of asset objects unloaded after import = 9

========================================================================
Received Import Request.
  Time since last request: 0.000031 seconds.
  path: Assets/nappin/House Props Softpack/Models/(Msh)DiningChair.fbx
  artifactKey: Guid(fea4f286e7a51e9498462a99c962559c) Importer(815301076,1909f56bfc062723c751e8b465ee728b)
Start importing Assets/nappin/House Props Softpack/Models/(Msh)DiningChair.fbx using Guid(fea4f286e7a51e9498462a99c962559c) Importer(815301076,1909f56bfc062723c751e8b465ee728b) (PreviewImporter) -> (artifact id: '1961f52a278e2643c2a82c318e47c4f3') in 0.07993 seconds
Number of updated asset objects reloaded before import = 0Number of asset objects unloaded after import = 9

========================================================================
Received Import Request.
  Time since last request: 0.000023 seconds.
  path: Assets/nappin/Office Props Softpack/Models/(Msh)OfficeChair.fbx
  artifactKey: Guid(bf186ae0c211e3b46b8c3cf9bc7b1d27) Importer(815301076,1909f56bfc062723c751e8b465ee728b)
Start importing Assets/nappin/Office Props Softpack/Models/(Msh)OfficeChair.fbx using Guid(bf186ae0c211e3b46b8c3cf9bc7b1d27) Importer(815301076,1909f56bfc062723c751e8b465ee728b) (PreviewImporter) -> (artifact id: '5b0121cd455b00f258d4402961dc58ce') in 0.0471441 seconds
Number of updated asset objects reloaded before import = 0Number of asset objects unloaded after import = 9

========================================================================
Received Import Request.
  Time since last request: 2570.012591 seconds.
  path: Assets/nappin/House Props Softpack/Models/(Msh)DoubleBed.fbx
  artifactKey: Guid(227a980a170209f459e7e52b2bc42d0b) Importer(815301076,1909f56bfc062723c751e8b465ee728b)
Start importing Assets/nappin/House Props Softpack/Models/(Msh)DoubleBed.fbx using Guid(227a980a170209f459e7e52b2bc42d0b) Importer(815301076,1909f56bfc062723c751e8b465ee728b) (PreviewImporter) -> (artifact id: 'bbf916e30678977d2d85aec88888a7b4') in 0.5064266 seconds
Number of updated asset objects reloaded before import = 0Number of asset objects unloaded after import = 46

========================================================================
Received Import Request.
  Time since last request: 99.596149 seconds.
  path: Assets/nappin/House Props Softpack/Models/(Msh)BathroomSink.fbx
  artifactKey: Guid(2ba636bc4d94eb040bf90a040229420e) Importer(815301076,1909f56bfc062723c751e8b465ee728b)
Start importing Assets/nappin/House Props Softpack/Models/(Msh)BathroomSink.fbx using Guid(2ba636bc4d94eb040bf90a040229420e) Importer(815301076,1909f56bfc062723c751e8b465ee728b) (PreviewImporter) -> (artifact id: '514d5ceaa3915515b34660794309395c') in 0.1504792 seconds
Number of updated asset objects reloaded before import = 0Number of asset objects unloaded after import = 41

========================================================================
Received Import Request.
  Time since last request: 108.551106 seconds.
  path: Assets/nappin/Office Props Softpack/Materials/(Mat)GradientBlack.mat
  artifactKey: Guid(7f64eac4bd640ef44ae0187dbfcb4089) Importer(815301076,1909f56bfc062723c751e8b465ee728b)
Start importing Assets/nappin/Office Props Softpack/Materials/(Mat)GradientBlack.mat using Guid(7f64eac4bd640ef44ae0187dbfcb4089) Importer(815301076,1909f56bfc062723c751e8b465ee728b) (PreviewImporter) -> (artifact id: 'acad35008d24dd190e338e0ce3fd991f') in 0.1009395 seconds
Number of updated asset objects reloaded before import = 0Number of asset objects unloaded after import = 2

========================================================================
Received Import Request.
  Time since last request: 0.000139 seconds.
  path: Assets/Materials/Black.mat
  artifactKey: Guid(44573070dc41dab46ba8297583c546e9) Importer(815301076,1909f56bfc062723c751e8b465ee728b)
Start importing Assets/Materials/Black.mat using Guid(44573070dc41dab46ba8297583c546e9) Importer(815301076,1909f56bfc062723c751e8b465ee728b) (PreviewImporter) -> (artifact id: 'b04a3ac07a02ef248e336724c0a0cffb') in 0.0320853 seconds
Number of updated asset objects reloaded before import = 0Number of asset objects unloaded after import = 1

========================================================================
Received Import Request.
  Time since last request: 0.000036 seconds.
  path: Assets/nappin/Office Props Softpack/Models/(Msh)CeilingFan.fbx
  artifactKey: Guid(b8382dad890a52e499e640be2fba6e18) Importer(815301076,1909f56bfc062723c751e8b465ee728b)
Start importing Assets/nappin/Office Props Softpack/Models/(Msh)CeilingFan.fbx using Guid(b8382dad890a52e499e640be2fba6e18) Importer(815301076,1909f56bfc062723c751e8b465ee728b) (PreviewImporter) -> (artifact id: 'fcd131493987b8e66440bfcf26d25450') in 0.0697382 seconds
Number of updated asset objects reloaded before import = 0Number of asset objects unloaded after import = 16

========================================================================
Received Import Request.
  Time since last request: 9.748988 seconds.
  path: Assets/nappin/Office Props Softpack/Materials/(Txt)GradientBlack.mat
  artifactKey: Guid(fd288ab97cf6c174c85e6885e5c9f54d) Importer(815301076,1909f56bfc062723c751e8b465ee728b)
Start importing Assets/nappin/Office Props Softpack/Materials/(Txt)GradientBlack.mat using Guid(fd288ab97cf6c174c85e6885e5c9f54d) Importer(815301076,1909f56bfc062723c751e8b465ee728b) (PreviewImporter) -> (artifact id: 'f4dc6af718a4c18bfc6fd1f2262fc11f') in 0.0270345 seconds
Number of updated asset objects reloaded before import = 0Number of asset objects unloaded after import = 2

========================================================================
Received Import Request.
  Time since last request: 4.959969 seconds.
  path: Assets/Materials/Dark Gray.mat
  artifactKey: Guid(9a15f5b898b6dae47ad206b278d84d9a) Importer(815301076,1909f56bfc062723c751e8b465ee728b)
Start importing Assets/Materials/Dark Gray.mat using Guid(9a15f5b898b6dae47ad206b278d84d9a) Importer(815301076,1909f56bfc062723c751e8b465ee728b) (PreviewImporter) -> (artifact id: '154e53c850c3ef8f9ab07ed7e7738cb7') in 0.0302711 seconds
Number of updated asset objects reloaded before import = 0Number of asset objects unloaded after import = 1

========================================================================
Received Import Request.
  Time since last request: 0.000033 seconds.
  path: Assets/Materials/Light Gray.mat
  artifactKey: Guid(42fde68b28cca7b4fa0f1f1710074056) Importer(815301076,1909f56bfc062723c751e8b465ee728b)
Start importing Assets/Materials/Light Gray.mat using Guid(42fde68b28cca7b4fa0f1f1710074056) Importer(815301076,1909f56bfc062723c751e8b465ee728b) (PreviewImporter) -> (artifact id: '7c1064b9b0ff68066113351d4460dd39') in 0.0363065 seconds
Number of updated asset objects reloaded before import = 0Number of asset objects unloaded after import = 1

========================================================================
Received Import Request.
  Time since last request: 114.952818 seconds.
  path: Assets/Materials/Materials/brick-wall-seamless-geometric-texture-white-design-simple-background-vector.mat
  artifactKey: Guid(f925b7447b079404f927edaac9ee7d40) Importer(815301076,1909f56bfc062723c751e8b465ee728b)
Start importing Assets/Materials/Materials/brick-wall-seamless-geometric-texture-white-design-simple-background-vector.mat using Guid(f925b7447b079404f927edaac9ee7d40) Importer(815301076,1909f56bfc062723c751e8b465ee728b) (PreviewImporter) -> (artifact id: '663facdbf04b7bb5a82debe24e6a168a') in 0.0856117 seconds
Number of updated asset objects reloaded before import = 0Number of asset objects unloaded after import = 1

========================================================================
Received Import Request.
  Time since last request: 0.000124 seconds.
  path: Assets/Materials/Materials/brick-wall-seamless-geometric-texture-white-design-simple-background-vector 10.mat
  artifactKey: Guid(f66919d07ccfaf44b9e64786accc3e00) Importer(815301076,1909f56bfc062723c751e8b465ee728b)
Start importing Assets/Materials/Materials/brick-wall-seamless-geometric-texture-white-design-simple-background-vector 10.mat using Guid(f66919d07ccfaf44b9e64786accc3e00) Importer(815301076,1909f56bfc062723c751e8b465ee728b) (PreviewImporter) -> (artifact id: '907826cc523e3de2fbc6493c813cc1d8') in 0.0370503 seconds
Number of updated asset objects reloaded before import = 0Number of asset objects unloaded after import = 2

========================================================================
Received Import Request.
  Time since last request: 0.000055 seconds.
  path: Assets/Materials/Materials/brick-wall-seamless-geometric-texture-white-design-simple-background-vector 5.mat
  artifactKey: Guid(ceb8dd74b54842f49bf3a5c25437db03) Importer(815301076,1909f56bfc062723c751e8b465ee728b)
Start importing Assets/Materials/Materials/brick-wall-seamless-geometric-texture-white-design-simple-background-vector 5.mat using Guid(ceb8dd74b54842f49bf3a5c25437db03) Importer(815301076,1909f56bfc062723c751e8b465ee728b) (PreviewImporter) -> (artifact id: '7fe2f48063bd74b9a54ba52d6b1c0055') in 0.0333273 seconds
Number of updated asset objects reloaded before import = 0Number of asset objects unloaded after import = 2

========================================================================
Received Import Request.
  Time since last request: 0.000025 seconds.
  path: Assets/Materials/Materials/brick-wall-seamless-geometric-texture-white-design-simple-background-vector 6.mat
  artifactKey: Guid(bcf56a2c34c77754fb9f718f29938e26) Importer(815301076,1909f56bfc062723c751e8b465ee728b)
Start importing Assets/Materials/Materials/brick-wall-seamless-geometric-texture-white-design-simple-background-vector 6.mat using Guid(bcf56a2c34c77754fb9f718f29938e26) Importer(815301076,1909f56bfc062723c751e8b465ee728b) (PreviewImporter) -> (artifact id: '0a034ef972a8e634bfea3501f8cf13aa') in 0.0321434 seconds
Number of updated asset objects reloaded before import = 0Number of asset objects unloaded after import = 2

========================================================================
Received Import Request.
  Time since last request: 0.000031 seconds.
  path: Assets/Materials/Materials/brick-wall-seamless-geometric-texture-white-design-simple-background-vector 12.mat
  artifactKey: Guid(7c751f355a045b54c91cf1e0621bdc09) Importer(815301076,1909f56bfc062723c751e8b465ee728b)
Start importing Assets/Materials/Materials/brick-wall-seamless-geometric-texture-white-design-simple-background-vector 12.mat using Guid(7c751f355a045b54c91cf1e0621bdc09) Importer(815301076,1909f56bfc062723c751e8b465ee728b) (PreviewImporter) -> (artifact id: 'a5803a942084e5392765e43c7180b34f') in 0.0310709 seconds
Number of updated asset objects reloaded before import = 0Number of asset objects unloaded after import = 2

========================================================================
Received Import Request.
  Time since last request: 0.000024 seconds.
  path: Assets/Materials/Materials/Bricks.mat
  artifactKey: Guid(a5820f351f3227a47ab84957d7b7cd1c) Importer(815301076,1909f56bfc062723c751e8b465ee728b)
Start importing Assets/Materials/Materials/Bricks.mat using Guid(a5820f351f3227a47ab84957d7b7cd1c) Importer(815301076,1909f56bfc062723c751e8b465ee728b) (PreviewImporter) -> (artifact id: '01d58edd7888043984172b405129f5a2') in 0.0391933 seconds
Number of updated asset objects reloaded before import = 0Number of asset objects unloaded after import = 2

========================================================================
Received Import Request.
  Time since last request: 0.000017 seconds.
  path: Assets/Materials/Materials/brick-wall-seamless-geometric-texture-white-design-simple-background-vector 11.mat
  artifactKey: Guid(b393a3a7ce1c4be458a3239879fd9654) Importer(815301076,1909f56bfc062723c751e8b465ee728b)
Start importing Assets/Materials/Materials/brick-wall-seamless-geometric-texture-white-design-simple-background-vector 11.mat using Guid(b393a3a7ce1c4be458a3239879fd9654) Importer(815301076,1909f56bfc062723c751e8b465ee728b) (PreviewImporter) -> (artifact id: '11f6814bdd26457713cd77efa42f1854') in 0.0374768 seconds
Number of updated asset objects reloaded before import = 0Number of asset objects unloaded after import = 2

========================================================================
Received Import Request.
  Time since last request: 0.288189 seconds.
  path: Assets/nappin/Office Props Softpack/Materials/(Mat)GradientBrown.mat
  artifactKey: Guid(c0999236ab32ad94fb08c06e6694fa49) Importer(815301076,1909f56bfc062723c751e8b465ee728b)
Start importing Assets/nappin/Office Props Softpack/Materials/(Mat)GradientBrown.mat using Guid(c0999236ab32ad94fb08c06e6694fa49) Importer(815301076,1909f56bfc062723c751e8b465ee728b) (PreviewImporter) -> (artifact id: '8bf63da46d58dd98dadbfef6240c4673') in 0.0396715 seconds
Number of updated asset objects reloaded before import = 0Number of asset objects unloaded after import = 2

========================================================================
Received Import Request.
  Time since last request: 0.000020 seconds.
  path: Assets/nappin/Office Props Softpack/Textures/(Txt)GradientBrown.png
  artifactKey: Guid(a5fbcf512e323074384f3d7eb1b798f5) Importer(815301076,1909f56bfc062723c751e8b465ee728b)
Start importing Assets/nappin/Office Props Softpack/Textures/(Txt)GradientBrown.png using Guid(a5fbcf512e323074384f3d7eb1b798f5) Importer(815301076,1909f56bfc062723c751e8b465ee728b) (PreviewImporter) -> (artifact id: '96e44bc3ae8cadef7eb7a0a7d6e2de7b') in 0.0529703 seconds
Number of updated asset objects reloaded before import = 0Number of asset objects unloaded after import = 2

========================================================================
Received Import Request.
  Time since last request: 0.175758 seconds.
  path: Assets/Materials/Brown.mat
  artifactKey: Guid(aed3e908e7f935145b9b0245ba0e350b) Importer(815301076,1909f56bfc062723c751e8b465ee728b)
Start importing Assets/Materials/Brown.mat using Guid(aed3e908e7f935145b9b0245ba0e350b) Importer(815301076,1909f56bfc062723c751e8b465ee728b) (PreviewImporter) -> (artifact id: '68e9ae632b408064b7d0533a867a55a9') in 0.0345328 seconds
Number of updated asset objects reloaded before import = 0Number of asset objects unloaded after import = 1

========================================================================
Received Import Request.
  Time since last request: 36.581210 seconds.
  path: Assets/nappin/Office Props Softpack/Materials/(Mat)GradientBlue.mat
  artifactKey: Guid(35261150e5398c0439d6fd7481f62b62) Importer(815301076,1909f56bfc062723c751e8b465ee728b)
Start importing Assets/nappin/Office Props Softpack/Materials/(Mat)GradientBlue.mat using Guid(35261150e5398c0439d6fd7481f62b62) Importer(815301076,1909f56bfc062723c751e8b465ee728b) (PreviewImporter) -> (artifact id: '211bc29ffe7b53ae4f2a4588a3d620cc') in 0.0624855 seconds
Number of updated asset objects reloaded before import = 0Number of asset objects unloaded after import = 2

========================================================================
Received Import Request.
  Time since last request: 0.000038 seconds.
  path: Assets/Materials/Navy Blue.mat
  artifactKey: Guid(3930815d6fd16ba418da7bc3cbdf2b97) Importer(815301076,1909f56bfc062723c751e8b465ee728b)
Start importing Assets/Materials/Navy Blue.mat using Guid(3930815d6fd16ba418da7bc3cbdf2b97) Importer(815301076,1909f56bfc062723c751e8b465ee728b) (PreviewImporter) -> (artifact id: '95df1ca93e12251d828eff893a00f7a3') in 0.035358 seconds
Number of updated asset objects reloaded before import = 0Number of asset objects unloaded after import = 1

========================================================================
Received Import Request.
  Time since last request: 108.040376 seconds.
  path: Assets/nappin/Office Props Softpack/Materials/(Mat)Glass.mat
  artifactKey: Guid(a3a530523bec0cc41aed4f3a4d9da936) Importer(815301076,1909f56bfc062723c751e8b465ee728b)
Start importing Assets/nappin/Office Props Softpack/Materials/(Mat)Glass.mat using Guid(a3a530523bec0cc41aed4f3a4d9da936) Importer(815301076,1909f56bfc062723c751e8b465ee728b) (PreviewImporter) -> (artifact id: 'c7ada1b28513a2b0d7898769b8172205') in 0.122755 seconds
Number of updated asset objects reloaded before import = 0Number of asset objects unloaded after import = 1

========================================================================
Received Import Request.
  Time since last request: 0.000083 seconds.
  path: Assets/nappin/Office Props Softpack/Materials/(Mat)GradientDarkRed.mat
  artifactKey: Guid(11ed21415b661da499e94e4e9e5c47f4) Importer(815301076,1909f56bfc062723c751e8b465ee728b)
Start importing Assets/nappin/Office Props Softpack/Materials/(Mat)GradientDarkRed.mat using Guid(11ed21415b661da499e94e4e9e5c47f4) Importer(815301076,1909f56bfc062723c751e8b465ee728b) (PreviewImporter) -> (artifact id: '235da2373aef4f20ff49111eed4f32f0') in 0.0539639 seconds
Number of updated asset objects reloaded before import = 0Number of asset objects unloaded after import = 2

========================================================================
Received Import Request.
  Time since last request: 0.000028 seconds.
  path: Assets/nappin/Office Props Softpack/Materials/(Mat)GradientGreen.mat
  artifactKey: Guid(e3681f2feac05f94888039c51ba9b321) Importer(815301076,1909f56bfc062723c751e8b465ee728b)
Start importing Assets/nappin/Office Props Softpack/Materials/(Mat)GradientGreen.mat using Guid(e3681f2feac05f94888039c51ba9b321) Importer(815301076,1909f56bfc062723c751e8b465ee728b) (PreviewImporter) -> (artifact id: 'efb9ca4e88419bd8950c9aa2068ad420') in 0.0523457 seconds
Number of updated asset objects reloaded before import = 0Number of asset objects unloaded after import = 2

========================================================================
Received Import Request.
  Time since last request: 0.000051 seconds.
  path: Assets/nappin/Office Props Softpack/Materials/(Mat)GradientOrange.mat
  artifactKey: Guid(fb698345bbbc4d74ba2ca7b2bb59eb9d) Importer(815301076,1909f56bfc062723c751e8b465ee728b)
Start importing Assets/nappin/Office Props Softpack/Materials/(Mat)GradientOrange.mat using Guid(fb698345bbbc4d74ba2ca7b2bb59eb9d) Importer(815301076,1909f56bfc062723c751e8b465ee728b) (PreviewImporter) -> (artifact id: 'cbc79ea34550aba7414a39d5817124d1') in 0.0342756 seconds
Number of updated asset objects reloaded before import = 0Number of asset objects unloaded after import = 2

========================================================================
Received Import Request.
  Time since last request: 0.000030 seconds.
  path: Assets/nappin/Office Props Softpack/Materials/(Mat)GradientDarkGreen.mat
  artifactKey: Guid(95d691d1ae476e049b3ca1db2f7b4c0d) Importer(815301076,1909f56bfc062723c751e8b465ee728b)
Start importing Assets/nappin/Office Props Softpack/Materials/(Mat)GradientDarkGreen.mat using Guid(95d691d1ae476e049b3ca1db2f7b4c0d) Importer(815301076,1909f56bfc062723c751e8b465ee728b) (PreviewImporter) -> (artifact id: 'f4d97075aeb4f616874ef37da873cfee') in 0.0452995 seconds
Number of updated asset objects reloaded before import = 0Number of asset objects unloaded after import = 2

========================================================================
Received Import Request.
  Time since last request: 2.372123 seconds.
  path: Assets/nappin/Office Props Softpack/Textures/(Txt)GradientBeige.png
  artifactKey: Guid(ce207ba7fd9e7f047867bbf272711c24) Importer(815301076,1909f56bfc062723c751e8b465ee728b)
Start importing Assets/nappin/Office Props Softpack/Textures/(Txt)GradientBeige.png using Guid(ce207ba7fd9e7f047867bbf272711c24) Importer(815301076,1909f56bfc062723c751e8b465ee728b) (PreviewImporter) -> (artifact id: '67319657fac77940de4c738d62939f9f') in 0.0550234 seconds
Number of updated asset objects reloaded before import = 0Number of asset objects unloaded after import = 2

========================================================================
Received Import Request.
  Time since last request: 7.085200 seconds.
  path: Assets/nappin/Office Props Softpack/Textures/(Txt)GradientDarkgreen.png
  artifactKey: Guid(8ade6825967f29e4e9447897ae3c8878) Importer(815301076,1909f56bfc062723c751e8b465ee728b)
Start importing Assets/nappin/Office Props Softpack/Textures/(Txt)GradientDarkgreen.png using Guid(8ade6825967f29e4e9447897ae3c8878) Importer(815301076,1909f56bfc062723c751e8b465ee728b) (PreviewImporter) -> (artifact id: '33759fd31bb84121f682dc4b89bee8d8') in 0.0302447 seconds
Number of updated asset objects reloaded before import = 0Number of asset objects unloaded after import = 2

========================================================================
Received Import Request.
  Time since last request: 0.184139 seconds.
  path: Assets/nappin/Office Props Softpack/Textures/(Txt)GradientDarkgrey.png
  artifactKey: Guid(77f399026e807f748b4cebba73b4426c) Importer(815301076,1909f56bfc062723c751e8b465ee728b)
Start importing Assets/nappin/Office Props Softpack/Textures/(Txt)GradientDarkgrey.png using Guid(77f399026e807f748b4cebba73b4426c) Importer(815301076,1909f56bfc062723c751e8b465ee728b) (PreviewImporter) -> (artifact id: '74967482da69d251fb3bbc1a49e7e584') in 0.0345014 seconds
Number of updated asset objects reloaded before import = 0Number of asset objects unloaded after import = 2

========================================================================
Received Import Request.
  Time since last request: 0.000024 seconds.
  path: Assets/nappin/Office Props Softpack/Textures/(Txt)GradientGrey.png
  artifactKey: Guid(df845f1b1122f644ab4fbfbd3b3c763f) Importer(815301076,1909f56bfc062723c751e8b465ee728b)
Start importing Assets/nappin/Office Props Softpack/Textures/(Txt)GradientGrey.png using Guid(df845f1b1122f644ab4fbfbd3b3c763f) Importer(815301076,1909f56bfc062723c751e8b465ee728b) (PreviewImporter) -> (artifact id: 'dba2f7852ea9cced536250fda7eb5e87') in 0.0278142 seconds
Number of updated asset objects reloaded before import = 0Number of asset objects unloaded after import = 2

========================================================================
Received Import Request.
  Time since last request: 0.339669 seconds.
  path: Assets/nappin/Office Props Softpack/Textures/(Txt)GradientOrange.png
  artifactKey: Guid(1be709cd9dfa27c48a678cdacc829f7e) Importer(815301076,1909f56bfc062723c751e8b465ee728b)
Start importing Assets/nappin/Office Props Softpack/Textures/(Txt)GradientOrange.png using Guid(1be709cd9dfa27c48a678cdacc829f7e) Importer(815301076,1909f56bfc062723c751e8b465ee728b) (PreviewImporter) -> (artifact id: 'c274d8eace1a9aea33f0c938e513f297') in 0.0296235 seconds
Number of updated asset objects reloaded before import = 0Number of asset objects unloaded after import = 2

